self,pid,command,shared_obj,symbol
441854148.0,545653,python,python,_Py_dict_lookup
422571307.0,545646,python,python,_Py_dict_lookup
409134298.0,545714,python,python,_Py_dict_lookup
384857285.0,545689,python,python,_Py_dict_lookup
372259528.0,545700,python,python,_Py_dict_lookup
350154638.0,545664,python,python,_Py_dict_lookup
270873079.0,545646,python,python,_PyObject_Malloc
225303683.0,545646,python,python,_PyCallMethodDescriptorFast_StackRef
205145611.0,545714,python,python,_PyObject_Malloc
203998865.0,545700,python,python,_PyObject_Malloc
200499539.0,545653,python,python,_PyCallMethodDescriptorFast_StackRef
194962342.0,545689,python,python,_PyObject_Malloc
193429326.0,545653,python,python,_PyObject_Malloc
192057899.0,545646,python,python,_PyObject_Free
191974039.0,545664,python,python,_PyCallMethodDescriptorFast_StackRef
185629624.0,545646,python,python,dict_get
177471664.0,545664,python,python,_PyObject_Free
176303537.0,545689,python,python,_PyCallMethodDescriptorFast_StackRef
174006163.0,545714,python,python,_PyCallMethodDescriptorFast_StackRef
172504964.0,545700,python,python,_PyCallMethodDescriptorFast_StackRef
166749996.0,545664,python,python,dict_get
165176545.0,545664,python,python,_PyObject_Malloc
159740395.0,545700,python,python,dict_get
158241651.0,545689,python,python,dict_get
153859953.0,545653,python,python,_PyObject_Free
146505726.0,545664,python,python,PyObject_RichCompareBool
138793897.0,545646,python,python,PyObject_RichCompareBool
137942034.0,545700,python,python,_PyObject_Free
133818182.0,545689,python,python,_PyObject_Free
132636937.0,545689,python,python,PyObject_RichCompareBool
132545728.0,545714,python,python,dict_get
127024607.0,545700,python,python,PyObject_RichCompareBool
125894749.0,545714,python,python,PyObject_RichCompareBool
122619452.0,545646,python,python,_PyObject_Realloc
121885430.0,545714,python,python,_PyObject_Realloc
119521162.0,545653,python,python,dict_get
115788015.0,545714,python,python,_PyObject_Free
113453259.0,545700,python,python,_PyObject_Realloc
113271723.0,545653,python,python,insertdict
109507416.0,545689,python,python,_PyFrame_ClearExceptCode
109312668.0,545653,python,python,_PyFrame_ClearExceptCode
108846960.0,545646,python,python,insertdict
108696942.0,545653,python,python,PyObject_RichCompareBool
107014123.0,545714,python,python,_PyFrame_ClearExceptCode
106610641.0,545664,python,python,PyObject_Hash
106440542.0,545646,python,python,_PyFrame_ClearExceptCode
105935256.0,545689,python,python,insertdict
102455614.0,545700,python,python,_PyFrame_ClearExceptCode
101999619.0,545689,python,python,_PyObject_Realloc
99805433.0,545664,python,python,_PyObject_Realloc
94448093.0,545700,python,python,insertdict
93893704.0,545653,python,python,_PyObject_Realloc
91767952.0,545664,python,python,insertdict
91050712.0,545646,python,python,PyObject_Hash
88094939.0,545714,python,python,insertdict
88019163.0,545646,python,python,_Py_Dealloc
87979575.0,545689,python,python,_PyDict_Subscript
83715234.0,545664,python,python,_Py_Dealloc
81974114.0,545653,python,python,PyObject_Hash
81947270.0,545664,python,python,_PyFrame_ClearExceptCode
80861427.0,545653,python,python,_PyDict_Subscript
80020489.0,545714,python,python,_PyDict_Subscript
78625035.0,545700,python,python,_PyDict_Subscript
77217504.0,545714,python,python,long_richcompare
76914580.0,545646,python,python,long_richcompare
76308027.0,545689,python,python,PyObject_Hash
75925281.0,545646,python,python,long_hash
74886187.0,545653,python,python,_PyList_AppendTakeRefListResize
74100523.0,545664,python,python,long_richcompare
72010915.0,545700,python,python,PyObject_Hash
71734786.0,545653,python,python,_Py_Dealloc
70923254.0,545700,python,python,PyFunction_NewWithQualName
70312287.0,545714,python,python,long_hash
69118123.0,545664,python,python,long_hash
68098064.0,545646,python,python,_PyDict_Subscript
66303855.0,545689,python,python,_Py_Dealloc
65283469.0,545646,python,python,_PyList_AppendTakeRefListResize
65019139.0,545700,python,python,_Py_Dealloc
64849103.0,545653,python,python,long_richcompare
64367262.0,545714,python,python,PyObject_Hash
63954752.0,545700,python,python,long_hash
63444503.0,545714,python,python,_Py_Dealloc
63227980.0,545664,python,python,_PyList_AppendTakeRefListResize
63157138.0,545646,python,python,unsafe_tuple_compare
63137544.0,545700,python,python,list_dealloc
63133038.0,545646,python,python,gen_dealloc
63052343.0,545646,python,python,list_sort_impl
62140249.0,545700,python,python,_PyList_AppendTakeRefListResize
62121171.0,545653,python,python,list_sort_impl
61824871.0,545646,python,python,list_dealloc
61413253.0,545689,python,python,long_richcompare
61295083.0,545689,python,python,_PyDict_LoadBuiltinsFromGlobals
61216837.0,545700,python,python,unicodekeys_lookup_unicode
61195644.0,545646,python,python,unicodekeys_lookup_unicode
59362052.0,545653,python,python,list_dealloc
59244829.0,545700,python,python,unsafe_tuple_compare
58384689.0,545646,python,python,_PyDict_LoadBuiltinsFromGlobals
57358839.0,545653,python,python,long_hash
57208445.0,545664,python,python,list_dealloc
57004958.0,545664,python,python,_PyDict_LoadBuiltinsFromGlobals
56419291.0,545714,python,python,PyFunction_NewWithQualName
55298449.0,545646,python,libc.so.6,__memmove_avx_unaligned_erms
55054472.0,545664,python,python,_PyDict_Subscript
54301908.0,545664,python,python,unsafe_tuple_compare
54188883.0,545700,python,python,long_richcompare
53323336.0,545653,python,python,unicodekeys_lookup_unicode
53248651.0,545664,python,python,func_dealloc
53242716.0,545700,python,python,_PyDict_LoadBuiltinsFromGlobals
52359999.0,545664,python,python,PyFunction_NewWithQualName
50465164.0,545646,python,python,func_dealloc
50444325.0,545653,python,python,_PyDict_LoadBuiltinsFromGlobals
49574606.0,545714,python,python,_PyEval_FrameClearAndPop
49329669.0,545664,python,python,PyObject_RichCompare
48591827.0,545689,python,python,func_clear
48561892.0,545689,python,python,list_sort_impl
48439832.0,545700,python,python,func_clear
48339075.0,545664,python,python,unicodekeys_lookup_unicode
47993967.0,545646,python,python,PyFunction_NewWithQualName
47536676.0,545689,python,python,long_hash
47395889.0,545689,python,python,unicodekeys_lookup_unicode
47292896.0,545664,python,libc.so.6,__memmove_avx_unaligned_erms
46511598.0,545714,python,python,list_dealloc
46407116.0,545653,python,python,_Py_dict_lookup
46376063.0,545646,python,python,func_clear
46326810.0,545664,python,python,gen_dealloc
45639636.0,545689,python,python,_PyList_AppendTakeRefListResize
45602992.0,545689,python,python,func_dealloc
45599623.0,545714,python,python,unsafe_tuple_compare
45491243.0,545653,python,python,_PyTuple_FromStackRefStealOnSuccess
45452352.0,545653,python,python,unsafe_tuple_compare
45399091.0,545689,python,python,PyFunction_NewWithQualName
45287931.0,545646,python,python,PyObject_RichCompare
45187041.0,545664,python,python,PyList_New.constprop.0
44623237.0,545714,python,python,gen_dealloc
44596484.0,545714,python,python,unicodekeys_lookup_unicode
44460664.0,545646,python,python,_PyTuple_FromStackRefStealOnSuccess
44423264.0,545653,python,python,gen_dealloc
43541189.0,545700,python,libc.so.6,__memmove_avx_unaligned_erms
43518407.0,545700,python,python,gen_dealloc
43453856.0,545700,python,python,_PyEval_FrameClearAndPop
42533111.0,545689,python,python,unsafe_tuple_compare
41926834.0,545664,python,python,func_clear
41565607.0,545689,python,python,list_dealloc
41493371.0,545653,python,python,func_dealloc
40633405.0,545714,python,python,_PyDict_LoadBuiltinsFromGlobals
40519549.0,545653,python,python,PyObject_RichCompare
40492137.0,545714,python,python,_PyList_AppendTakeRefListResize
39976427.0,545664,python,python,_PyTuple_FromStackRefStealOnSuccess
39565825.0,545664,python,python,list_sort_impl
39561647.0,545646,python,python,_PyDict_SetItem_Take2
39457101.0,545700,python,python,_Py_dict_lookup
37521719.0,545646,python,python,tuple_dealloc
36996492.0,545664,python,python,_Py_dict_lookup
36688021.0,545689,python,python,gen_dealloc
36611135.0,545689,python,python,_PyEval_FrameClearAndPop
36589456.0,545700,python,python,PyDict_GetItemRef
36529794.0,545646,python,python,_PyEval_FrameClearAndPop
36457746.0,545664,python,python,PyDict_GetItemRef
36417829.0,545700,python,python,list_sort_impl
36274459.0,545653,python,python,PyFunction_NewWithQualName
35517948.0,545678,python,python,_Py_dict_lookup
35426938.0,545714,python,python,_Py_dict_lookup
34714066.0,545689,python,libc.so.6,__memmove_avx_unaligned_erms
34666880.0,545714,python,python,PyObject_GC_UnTrack
33701963.0,545714,python,python,func_dealloc
33574110.0,545714,python,python,list_sort_impl
33569083.0,545653,python,python,func_clear
33517863.0,545653,python,python,tuple_dealloc
32663243.0,545714,python,python,func_clear
32649166.0,545689,python,python,_Py_dict_lookup
32641462.0,545700,python,python,PyList_New.constprop.0
32604322.0,545714,python,python,PyObject_RichCompare
32600855.0,545664,python,python,make_gen
32576544.0,545646,python,python,dictkeys_decref.part.0.constprop.0
31758861.0,545714,python,python,tuple_dealloc
31674006.0,545714,python,python,_PyTuple_FromStackRefStealOnSuccess
31663736.0,545714,python,libc.so.6,__memmove_avx_unaligned_erms
31629281.0,545700,python,python,PyObject_GC_UnTrack
31626065.0,545653,python,python,tuple_alloc
31475627.0,545646,python,python,PyList_New.constprop.0
30953238.0,545646,python,python,PyNumber_AsSsize_t
30749910.0,545689,python,python,PyObject_RichCompare
30691359.0,545653,python,python,PyList_New.constprop.0
30673624.0,545646,python,python,make_gen
30648193.0,545700,python,python,_PyDict_SetItem_Take2
30619453.0,545700,python,python,_PyTuple_FromStackRefStealOnSuccess
30556449.0,545664,python,python,PyObject_GC_UnTrack
29720537.0,545689,python,python,tuple_subscript
29707242.0,545689,python,python,tuple_dealloc
29644677.0,545653,python,libc.so.6,__memmove_avx_unaligned_erms
29611037.0,545664,python,python,tuple_dealloc
29456284.0,545664,python,python,_PyDict_SetItem_Take2
29391199.0,545689,python,python,_PyObject_Malloc
28757686.0,545689,python,python,PyDict_GetItemRef
28753114.0,545714,python,python,_PyDict_SetItem_Take2
28750147.0,545714,python,python,tuple_alloc
28710714.0,545664,python,python,dictkeys_decref.part.0.constprop.0
28706375.0,545646,python,python,_PyObject_GC_New
28684157.0,545646,python,[JIT],0x0000792aa5483366
28641811.0,545646,python,python,PyDict_GetItemRef
28602884.0,545653,python,python,PyDict_GetItemRef
28579980.0,545646,python,python,_PyObject_GC_NewVar
28555519.0,545664,python,python,tuple_subscript
27753912.0,545714,python,python,PyDict_GetItemRef
27709077.0,545653,python,python,PyObject_GC_UnTrack
27601449.0,545700,python,python,PyNumber_AsSsize_t
26779957.0,545689,python,python,make_gen
26769398.0,545689,python,python,_PyObject_GC_New
26741679.0,545653,python,python,_PyEval_FrameClearAndPop
26737848.0,545653,python,python,_PyDict_SetItem_Take2
26683565.0,545714,python,python,PyList_New.constprop.0
26679002.0,545700,python,python,_PyCallMethodDescriptorFast_StackRef
26677610.0,545700,python,python,tuple_dealloc
26655133.0,545653,python,python,dictkeys_decref.part.0.constprop.0
26634693.0,545700,python,python,PyObject_RichCompare
26614686.0,545664,python,python,_PyEval_FrameClearAndPop
25794317.0,545714,python,python,PyNumber_AsSsize_t
25667368.0,545700,python,python,dictkeys_decref.part.0.constprop.0
25651067.0,545653,python,python,find_empty_slot
25628794.0,545700,python,python,tuple_alloc
25621412.0,545700,python,python,_PyThreadState_PopFrame
25537197.0,545653,python,python,PyNumber_AsSsize_t
24811771.0,545689,python,python,_PyObject_GC_NewVar
24771345.0,545689,python,python,PyObject_GC_UnTrack
24761804.0,545689,python,python,_PyThreadState_PopFrame
24726942.0,545664,python,python,tuple_alloc
24684069.0,545653,python,python,make_gen
24669050.0,545664,python,python,_PyObject_GC_NewVar
24581800.0,545646,python,python,gen_close
23818619.0,545689,python,python,PyList_New.constprop.0
23800747.0,545689,python,python,_PyEval_NoToolsForUnwind
23770942.0,545714,python,python,_PyThreadState_PopFrame
23748272.0,545646,python,python,_PyThreadState_PopFrame
23679181.0,545646,python,python,tuple_alloc
23633203.0,545664,python,python,gen_close
23521858.0,545646,python,python,_PyEval_EvalFrameDefault
22781428.0,545700,python,python,func_dealloc
22771081.0,545714,python,python,tuple_subscript
22725872.0,545646,python,python,find_empty_slot
22710793.0,545664,python,[JIT],0x00007f6eda909366
22535641.0,545653,python,python,tuple_subscript
21804186.0,545689,python,python,dictkeys_decref.part.0.constprop.0
21769294.0,545646,python,python,_Py_NewReference
21745362.0,545700,python,python,gen_finalize
21699122.0,545700,python,python,_PyObject_GC_New
21685278.0,545700,python,python,_PyObject_GC_NewVar
21671366.0,545664,python,python,PyObject_IsTrue
21644483.0,545700,python,python,PyObject_IsTrue
20661616.0,545653,python,python,_PyThreadState_PopFrame
20659960.0,545653,python,python,gen_close
20523695.0,545653,python,python,_PyEval_NoToolsForUnwind
20158730.0,545653,python,python,_PyObject_GC_NewVar
19890051.0,545653,python,python,_PyEval_EvalFrameDefault
19793630.0,545664,python,python,_PyThreadState_PopFrame
19767959.0,545700,python,python,make_gen
19749545.0,545653,python,python,_PyObject_Malloc
19737418.0,545700,python,python,gen_close
19680060.0,545700,python,python,dict_get
19667509.0,545646,python,python,_PyObject_GC_Link
18842737.0,545714,python,python,gen_close
18840194.0,545714,python,python,_PyObject_GC_New
18832475.0,545689,python,python,_PyTuple_FromStackRefStealOnSuccess
18821157.0,545689,python,[JIT],0x000072878958a366
18809216.0,545689,python,python,dict_get
18798852.0,545664,python,python,_PyObject_Malloc
18788839.0,545714,python,python,_PyObject_Realloc
18782386.0,545646,python,python,PyLong_FromSsize_t
18769839.0,545664,python,python,_PyObject_Free
18728802.0,545646,python,python,tuple_subscript
18701042.0,545700,python,python,PyObject_RichCompareBool
18589510.0,545653,python,python,PyObject_GC_Del
17855134.0,545689,python,python,PyNumber_AsSsize_t
17855050.0,545689,python,python,find_empty_slot
17852999.0,545714,python,python,_PyObject_GC_NewVar
17817444.0,545714,python,python,dictkeys_decref.part.0.constprop.0
17814175.0,545664,python,python,_PyObject_GC_New
17808061.0,545664,python,python,_PyCallMethodDescriptorFast_StackRef
17793670.0,545664,python,python,PyObject_GC_Del
17786737.0,545700,python,python,_PyObject_GC_Link
17754130.0,545689,python,python,_PyCallMethodDescriptorFast_StackRef
17747241.0,545664,python,python,build_indices_generic
17726587.0,545700,python,python,unsafe_object_compare
17622860.0,545664,python,python,_PyEval_EvalFrameDefault
17211752.0,545700,python,python,_PyEval_EvalFrameDefault
17143088.0,545678,python,python,_PyEval_EvalFrameDefault
17045907.0,545689,python,python,_PyEval_EvalFrameDefault
16860421.0,545714,python,[JIT],0x00007f986e01411f
16839482.0,545689,python,python,tuple_alloc
16834933.0,545714,python,[JIT],0x00007f986e153366
16821023.0,545664,python,python,PyObject_RichCompareBool
16820848.0,545653,python,python,dict_get
16811176.0,545664,python,python,dict_get
16808953.0,545678,python,python,PyObject_Hash
16803259.0,545646,python,python,PyObject_GetItem
16798165.0,545653,python,python,PyObject_CallFinalizerFromDealloc
16796595.0,545714,python,python,dict_get
16769657.0,545678,python,python,_PyCallMethodDescriptorFast_StackRef
16748858.0,545700,python,python,tuple_subscript
16738739.0,545689,python,python,gen_finalize
16714034.0,545646,python,python,PyObject_GC_Del
16704197.0,545646,python,python,PyObject_GC_UnTrack
16609722.0,545700,python,python,_PyObject_Free
16589261.0,545646,python,[JIT],0x0000792aa548310c
16497747.0,545689,python,python,_PyFrame_ClearExceptCode
16459782.0,545678,python,python,dict_get
15875301.0,545689,python,python,dictresize
15869728.0,545714,python,python,unsafe_object_compare
15860555.0,545689,python,python,_Py_NewReference
15854764.0,545714,python,python,find_empty_slot
15848628.0,545689,python,python,gen_close
15848544.0,545646,python,python,PyObject_IsTrue
15846356.0,545646,python,[JIT],0x0000792aa548311b
15822782.0,545678,python,python,_PyObject_Free
15822346.0,545653,python,python,PyObject_RichCompareBool
15822014.0,545653,python,python,gen_finalize
15820767.0,545678,python,python,_PyObject_Malloc
15813761.0,545689,python,python,_PyDict_SetItem_Take2
15811825.0,545653,python,python,_PyObject_GC_New
15803005.0,545646,python,python,unsafe_object_compare
15780626.0,545653,python,python,unsafe_object_compare
15779405.0,545646,python,python,PyObject_CallFinalizerFromDealloc
15759402.0,545700,python,python,_Py_NewReference
15650326.0,545664,python,python,_PyEval_NoToolsForUnwind
15388522.0,545714,python,python,_PyEval_EvalFrameDefault
14889145.0,545714,python,python,PyObject_Size
14871489.0,545714,python,[JIT],0x00007f986e1532da
14867984.0,545714,python,python,_PyObject_GC_Link
14860162.0,545689,python,python,unsafe_object_compare
14847700.0,545653,python,python,_PyObject_Free
14841314.0,545678,python,python,insertdict
14838760.0,545664,python,[JIT],0x00007f6eda909060
14831275.0,545714,python,python,PyLong_FromSsize_t
14803315.0,545700,python,[JIT],0x00007caceecd611b
14801327.0,545664,python,python,PyNumber_AsSsize_t
14773590.0,545646,python,[JIT],0x0000792aa5483322
14756000.0,545653,python,python,_PyCallMethodDescriptorFast_StackRef
14707011.0,545714,python,python,PyMem_Realloc
14696169.0,545689,python,python,PyObject_RichCompareBool
14686264.0,545664,python,python,_Py_NewReference
13894096.0,545714,python,python,build_indices_generic
13885187.0,545714,python,python,make_gen
13883863.0,545689,python,[JIT],0x000072878958a11b
13844772.0,545664,python,python,new_keys_object
13829779.0,545653,python,python,PyLong_FromSsize_t
13819585.0,545653,python,python,PyObject_GetItem
13805700.0,545664,python,libc.so.6,malloc
13804684.0,545700,python,python,_PyObject_Realloc
13712625.0,545653,python,python,build_indices_generic
13683677.0,545664,python,python,_PyFunction_SetVersion
13374149.0,545714,python,python,_PyObject_Malloc
12903866.0,545714,python,python,PyObject_GC_Del
12903287.0,545664,python,python,find_empty_slot
12885831.0,545689,python,python,build_indices_generic
12869830.0,545646,python,[JIT],0x0000792aa54831cf
12865447.0,545689,python,[JIT],0x000072878958a2da
12854987.0,545700,python,[JIT],0x00007caceecd610c
12841293.0,545714,python,python,_PyCallMethodDescriptorFast_StackRef
12834586.0,545664,python,[JIT],0x00007f6eda9093c5
12832790.0,545664,python,python,insertdict
12821101.0,545664,python,python,unsafe_object_compare
12778080.0,545664,python,python,dict_dealloc
12763157.0,545653,python,python,_PyObject_GC_Link
12716897.0,545678,python,python,_PyList_AppendTakeRefListResize
12713172.0,545646,python,python,gen_finalize
12693431.0,545653,python,[JIT],0x00007d8332a1411f
12683640.0,545689,python,python,PyObject_GC_Del
11987626.0,545678,python,python,_PyFrame_ClearExceptCode
11914908.0,545689,python,python,PyObject_IsTrue
11912133.0,545653,python,[JIT],0x00007d8332b7c11b
11910431.0,545714,python,[JIT],0x00007f986d33f674
11903044.0,545689,python,python,_PyObject_GC_Link
11899791.0,545714,python,python,gen_finalize
11898343.0,545646,python,[JIT],0x0000792aa54830b9
11896745.0,545689,python,[JIT],0x000072878958a4d2
11888361.0,545689,python,python,PyObject_CallFinalizerFromDealloc
11881191.0,545714,python,[JIT],0x00007f986e15311b
11878938.0,545700,python,python,find_empty_slot
11874885.0,545689,python,[JIT],0x000072878958a060
11873672.0,545664,python,python,_PyObject_GC_Link
11872649.0,545653,python,python,_Py_NewReference
11871040.0,545646,python,python,object_richcompare
11855132.0,545646,python,[JIT],0x0000792aa54832a2
11852481.0,545653,python,[JIT],0x00007d8332b7c0b9
11848014.0,545664,python,[JIT],0x00007f6ed9cf711b
11836249.0,545700,python,python,PyObject_CallFinalizerFromDealloc
11816687.0,545646,python,[JIT],0x0000792aa4f6822c
11815007.0,545714,python,python,insertdict
11782167.0,545700,python,python,PyObject_Size
11735051.0,545653,python,[JIT],0x00007d8332b7c0a9
10918701.0,545714,python,python,_Py_NewReference
10913643.0,545689,python,python,object_richcompare
10907520.0,545689,python,[JIT],0x000072878958a3c5
10905175.0,545689,python,[JIT],0x00007287894131c9
10901166.0,545653,python,python,insertdict
10898448.0,545714,python,[JIT],0x00007f986e1534d2
10898225.0,545646,python,[JIT],0x0000792aa54832f7
10893731.0,545689,python,[JIT],0x0000728789413127
10889939.0,545653,python,[JIT],0x00007d8332b7c21b
10887051.0,545714,python,python,PyObject_RichCompareBool
10885096.0,545700,python,python,_PyFrame_ClearExceptCode
10882959.0,545653,python,python,_PyFrame_ClearExceptCode
10877444.0,545646,python,[JIT],0x0000792aa54830ea
10876769.0,545653,python,[JIT],0x00007d8332b7c26d
10876540.0,545714,python,python,dictresize
10872284.0,545689,python,python,insertdict
10860952.0,545700,python,python,object_richcompare
10860652.0,545664,python,[JIT],0x00007f6eda90926d
10858823.0,545664,python,python,PyObject_Hash
10858586.0,545700,python,[JIT],0x00007caceecd60ce
10858447.0,545646,python,[JIT],0x0000792aa4f6876e
10850372.0,545664,python,python,_Py_Dealloc
10843668.0,545678,python,python,unsafe_tuple_compare
10827840.0,545700,python,python,PyLong_FromSsize_t
10824219.0,545689,python,[JIT],0x000072878958a11f
10807408.0,545700,python,[JIT],0x00007caceea2611f
10682791.0,545653,python,[JIT],0x00007d8331d66259
10319277.0,545700,python,python,list_dealloc
10033805.0,545689,python,python,_Py_Dealloc
9926277.0,545664,python,python,PyObject_CallFinalizerFromDealloc
9923714.0,545714,python,[JIT],0x00007f986e153322
9920757.0,545689,python,[JIT],0x000072878958a27f
9920621.0,545664,python,[JIT],0x00007f6eda9090f8
9920361.0,545714,python,[JIT],0x00007f986d78d1c9
9919835.0,545689,python,[JIT],0x00007287894141db
9918326.0,545689,python,python,PyLong_FromSsize_t
9917658.0,545689,python,[JIT],0x000072878958a2eb
9916038.0,545653,python,[JIT],0x00007d8332b7c1dd
9912835.0,545714,python,[JIT],0x00007f986e0133e7
9912447.0,545714,python,python,PyObject_CallFinalizerFromDealloc
9911994.0,545714,python,[JIT],0x00007f986e1533b2
9910134.0,545664,python,python,PyObject_GetItem
9908690.0,545653,python,[JIT],0x00007d8332b7c2f7
9906989.0,545700,python,[JIT],0x00007caceecd64d2
9902933.0,545646,python,python,insert_to_emptydict
9897378.0,545664,python,[JIT],0x00007f6eda6583e7
9897155.0,545714,python,[JIT],0x00007f986e15325e
9895072.0,545653,python,python,PyObject_Hash
9892345.0,545653,python,python,dictresize
9892170.0,545653,python,[JIT],0x00007d8332b7c2da
9891318.0,545678,python,python,long_richcompare
9889283.0,545700,python,python,_PyObject_Malloc
9880105.0,545664,python,python,gen_finalize
9878711.0,545653,python,python,_PyDict_Subscript
9876458.0,545714,python,python,list_dealloc
9871272.0,545700,python,python,long_hash
9870556.0,545646,python,[JIT],0x0000792aa5483060
9869572.0,545700,python,python,build_indices_generic
9866370.0,545646,python,libc.so.6,__memset_avx2_unaligned_erms
9865457.0,545653,python,[JIT],0x00007d8332b7c314
9857692.0,545653,python,python,PyObject_Size
9856202.0,545700,python,python,PyObject_Hash
9849856.0,545700,python,python,dictresize
9848529.0,545700,python,[JIT],0x00007caceecd62f7
9842590.0,545664,python,python,PyObject_Size
9819846.0,545700,python,[JIT],0x00007cacee0aa108
9818150.0,545700,python,[JIT],0x00007caceecd60a9
9807639.0,545664,python,[JIT],0x00007f6eda90911f
9806565.0,545700,python,[JIT],0x00007caceecd611f
9339877.0,545678,python,python,PyObject_RichCompareBool
8936529.0,545646,python,[JIT],0x0000792aa5483158
8935746.0,545646,python,python,new_keys_object
8933143.0,545653,python,python,long_richcompare
8932970.0,545714,python,[JIT],0x00007f986e1530ea
8932000.0,545714,python,python,_PyEval_FrameClearAndPop
8930836.0,545714,python,[JIT],0x00007f986d33d259
8928273.0,545714,python,python,PyObject_IsTrue
8924863.0,545653,python,python,PyObject_Malloc
8924206.0,545689,python,[JIT],0x000072878958a19d
8922606.0,545689,python,[JIT],0x000072878941611f
8920650.0,545689,python,python,_PyObject_Free
8919940.0,545678,python,python,_PyDict_Subscript
8918590.0,545646,python,python,_PyEval_NoToolsForUnwind
8918127.0,545689,python,[JIT],0x000072878958a0ea
8910450.0,545700,python,[JIT],0x00007caceecd60ea
8907335.0,545664,python,python,PyLong_FromSsize_t
8907222.0,545714,python,python,PyObject_Hash
8906369.0,545664,python,[JIT],0x00007f6eda9090ce
8906146.0,545678,python,python,long_hash
8905998.0,545646,python,python,build_indices_generic
8904856.0,545689,python,[JIT],0x000072878958a345
8900875.0,545646,python,[JIT],0x0000792aa4fae579
8899262.0,545653,python,python,PyObject_IsTrue
8898651.0,545700,python,[JIT],0x00007caceecd6366
8897817.0,545689,python,python,func_dealloc
8897565.0,545646,python,[JIT],0x0000792aa548312f
8895451.0,545653,python,[JIT],0x00007d8332a133cc
8895199.0,545700,python,[JIT],0x00007caceecd6060
8894217.0,545653,python,python,_PyObject_Realloc
8885319.0,545653,python,[JIT],0x00007d8331d66142
8872420.0,545700,python,python,PyMem_Realloc
8866293.0,545664,python,[JIT],0x00007f6eda90911b
8865552.0,545689,python,[JIT],0x000072878958a158
8860467.0,545700,python,python,PyObject_GC_Del
8859196.0,545664,python,python,list_dealloc
8857923.0,545664,python,python,_PyDict_Subscript
8844767.0,545700,python,[JIT],0x00007caceecd62eb
8839460.0,545664,python,[JIT],0x00007f6eda9092da
8838285.0,545646,python,[JIT],0x0000792aa5213125
8832504.0,545646,python,[JIT],0x0000792aa4f6877f
8825538.0,545689,python,[JIT],0x00007287887721cd
8815786.0,545689,python,[JIT],0x000072878958a1b2
8815094.0,545646,python,python,PyMem_Realloc
8804251.0,545664,python,[JIT],0x00007f6ed9cf71ae
8792362.0,545689,python,[JIT],0x000072878958a2a2
8774784.0,545646,python,[JIT],0x0000792aa5483335
8323749.0,545714,python,[JIT],0x00007f986e15311f
7943991.0,545714,python,python,insert_to_emptydict
7942975.0,545646,python,[JIT],0x0000792aa4eed5c0
7942824.0,545714,python,[JIT],0x00007f986e15312f
7942049.0,545653,python,[JIT],0x00007d8332b7c335
7941827.0,545653,python,python,long_hash
7938126.0,545714,python,[JIT],0x00007f986e1532a2
7937677.0,545653,python,[JIT],0x00007d8332b7c0ce
7935595.0,545714,python,[JIT],0x00007f986d33fc00
7935393.0,545689,python,libc.so.6,malloc
7935234.0,545653,python,[JIT],0x00007d83321ad563
7933134.0,545646,python,[JIT],0x0000792aa54832da
7931211.0,545689,python,python,PyMem_Realloc
7930078.0,545700,python,[JIT],0x00007caceecd62da
7929829.0,545714,python,python,_PyDict_Subscript
7929577.0,545714,python,python,_PyEval_NoToolsForUnwind
7929414.0,545689,python,python,PyObject_Free
7928978.0,545646,python,libc.so.6,cfree@GLIBC_2.2.5
7926208.0,545689,python,[JIT],0x000072878958a0a9
7925700.0,545700,python,python,insertdict
7925137.0,545689,python,[JIT],0x000072878958a0b9
7924433.0,545689,python,[JIT],0x00007287887721d5
7920720.0,545714,python,python,PyErr_Occurred
7920656.0,545714,python,[JIT],0x00007f986e1532eb
7918716.0,545646,python,[JIT],0x0000792aa4fae548
7918405.0,545646,python,[JIT],0x0000792aa4f681c9
7916350.0,545714,python,python,PyLong_AsSsize_t
7914128.0,545700,python,[JIT],0x00007caceea241db
7913497.0,545714,python,[JIT],0x00007f986e15310c
7913384.0,545653,python,[JIT],0x00007d83321ad5c6
7911137.0,545653,python,libc.so.6,__memmove_avx_unaligned_erms
7905489.0,545646,python,[JIT],0x0000792aa54830ce
7904538.0,545664,python,[JIT],0x00007f6eda909322
7904308.0,545653,python,[JIT],0x00007d8332a1369e
7902242.0,545653,python,[JIT],0x00007d8332b7c11f
7901102.0,545646,python,python,PyObject_Size
7900745.0,545653,python,[JIT],0x00007d8332b7c25e
7900197.0,545700,python,[JIT],0x00007caceea253cc
7897642.0,545664,python,[JIT],0x00007f6ed99e9142
7896517.0,545653,python,[JIT],0x00007d8332b7c060
7893726.0,545700,python,[JIT],0x00007caceecd6335
7891026.0,545700,python,libc.so.6,__memset_avx2_unaligned_erms
7890645.0,545646,python,[JIT],0x0000792aa4eed5cd
7890114.0,545646,python,[JIT],0x0000792aa4f6830f
7889615.0,545700,python,[JIT],0x00007caceea25579
7877769.0,545664,python,[JIT],0x00007f6eda909335
7874894.0,545700,python,[JIT],0x00007cacee0d0247
7868477.0,545700,python,[JIT],0x00007caceecd61cf
7867582.0,545664,python,[JIT],0x00007f6eda9092f7
7862503.0,545646,python,[JIT],0x0000792aa4eed00a
7856068.0,545664,python,[JIT],0x00007f6eda658766
7854583.0,545653,python,python,unicodekeys_lookup_unicode
7853882.0,545664,python,[JIT],0x00007f6eda9091b2
7851220.0,545646,python,[JIT],0x0000792aa4eed1cd
7851144.0,545714,python,[JIT],0x00007f986e01418f
7842800.0,545714,python,python,_Py_Dealloc
7792068.0,545689,python,[JIT],0x00007287894153e7
7749144.0,545714,python,python,PyList_New.constprop.0
7744353.0,545653,python,[JIT],0x00007d8331c5a5b2
7676355.0,545664,python,python,_PyList_AppendTakeRefListResize
7517164.0,545714,python,python,_PyObject_Free
6950807.0,545646,python,[JIT],0x0000792aa4eec5cd
6948367.0,545646,python,[JIT],0x0000792aa54831f2
6947719.0,545646,python,[JIT],0x0000792aa4f414c2
6947467.0,545689,python,[JIT],0x000072878958a25e
6947389.0,545714,python,python,PyObject_GetItem
6946473.0,545646,python,[JIT],0x0000792aa548321b
6946294.0,545646,python,libc.so.6,malloc
6946251.0,545664,python,libc.so.6,__memset_avx2_unaligned_erms
6944656.0,545689,python,python,insert_to_emptydict
6944526.0,545646,python,[JIT],0x0000792aa4f41142
6943631.0,545700,python,python,PyObject_GetItem
6941557.0,545714,python,[JIT],0x00007f986e0131cd
6939691.0,545714,python,[JIT],0x00007f986d2323e7
6939151.0,545689,python,[JIT],0x00007287894153cc
6938667.0,545714,python,[JIT],0x00007f986e01369e
6937991.0,545714,python,[JIT],0x00007f986d78d127
6937864.0,545664,python,[JIT],0x00007f6eda9094a9
6937854.0,545646,python,[JIT],0x0000792aa54833c5
6937754.0,545714,python,[JIT],0x00007f986e013766
6937694.0,545646,python,[JIT],0x0000792aa4fae3e7
6937577.0,545689,python,python,PyMem_Free
6936873.0,545664,python,[JIT],0x00007f6eda9090b9
6936280.0,545714,python,[JIT],0x00007f986e1530ce
6935914.0,545689,python,python,tuple_dealloc
6935793.0,545653,python,[JIT],0x00007d8332b7c247
6934727.0,545689,python,[JIT],0x000072878958a26d
6933661.0,545714,python,python,func_clear
6932668.0,545664,python,[JIT],0x00007f6eda658759
6932657.0,545646,python,[JIT],0x0000792aa4fae766
6931863.0,545700,python,[JIT],0x00007caceecd6166
6930823.0,545714,python,[JIT],0x00007f986d78e1db
6930241.0,545689,python,[JIT],0x000072878958a18f
6928815.0,545653,python,libc.so.6,malloc
6927916.0,545689,python,python,new_keys_object
6927366.0,545664,python,[JIT],0x00007f6eda65918f
6927175.0,545664,python,python,_PyObject_GC_New
6926095.0,545689,python,libc.so.6,__memset_avx2_unaligned_erms
6925507.0,545646,python,[JIT],0x0000792aa4fae3cc
6925044.0,545653,python,python,new_dict.constprop.0
6923755.0,545689,python,python,_PyDict_LoadBuiltinsFromGlobals
6923646.0,545664,python,python,func_clear
6923086.0,545646,python,[JIT],0x0000792aa5483314
6922974.0,545714,python,python,gen_dealloc
6922584.0,545714,python,[JIT],0x00007f986d33f1c9
6921295.0,545700,python,python,_PyDict_Subscript
6920417.0,545714,python,libc.so.6,__memset_avx2_unaligned_erms
6919496.0,545689,python,python,long_hash
6918020.0,545714,python,[JIT],0x00007f986e1530b9
6914059.0,545689,python,python,_PyDict_Subscript
6913522.0,545664,python,python,gen_dealloc
6911123.0,545700,python,python,PyObject_Malloc
6910171.0,545653,python,[JIT],0x00007d8332b7c345
6910039.0,545664,python,[JIT],0x00007f6eda90910c
6905726.0,545653,python,python,_PyList_AppendTakeRefListResize
6905583.0,545664,python,[JIT],0x00007f6eda909189
6905240.0,545664,python,python,tuple_dealloc
6903525.0,545646,python,[JIT],0x0000792aa4f6811f
6900405.0,545700,python,[JIT],0x00007cacedebf7e6
6896110.0,545689,python,[JIT],0x000072878958a0f8
6894322.0,545689,python,python,long_richcompare
6894142.0,545653,python,[JIT],0x00007d8332b7c2a2
6894093.0,545700,python,[JIT],0x00007caceecd6314
6892997.0,545664,python,[JIT],0x00007f6eda90925e
6890448.0,545700,python,[JIT],0x00007caceecd612f
6888956.0,545653,python,[JIT],0x00007d8332b7c238
6887666.0,545700,python,libc.so.6,malloc
6886794.0,545664,python,[JIT],0x00007f6eda9092a2
6883406.0,545646,python,[JIT],0x0000792aa548322d
6878974.0,545646,python,[JIT],0x0000792aa4f41259
6876394.0,545653,python,[JIT],0x00007d8332b7c183
6876330.0,545689,python,python,PyObject_GetItem
6874555.0,545653,python,python,object_richcompare
6871035.0,545700,python,python,new_dict.constprop.0
6865571.0,545664,python,python,insert_to_emptydict
6863581.0,545664,python,[JIT],0x00007f6eda909238
6863083.0,545714,python,python,new_keys_object
6860877.0,545689,python,[JIT],0x0000728789415579
6857755.0,545646,python,python,PyObject_Malloc
6853813.0,545689,python,python,_PyEval_FrameClearAndPop
6850155.0,545664,python,[JIT],0x00007f6eda9090ea
6843211.0,545646,python,[JIT],0x0000792aa4fae1cd
6810124.0,545646,python,[JIT],0x0000792aa4eed1a0
6809793.0,545714,python,[JIT],0x00007f986e1530f8
6762204.0,545700,python,python,_PyDict_LoadBuiltinsFromGlobals
6363919.0,545689,python,python,list_dealloc
6067604.0,545700,python,python,unicodekeys_lookup_unicode
5958011.0,545714,python,[JIT],0x00007f986e013c6c
5957736.0,545689,python,[JIT],0x000072878941612b
5957651.0,545714,python,libc.so.6,malloc
5957589.0,545646,python,python,initialize_locals
5957567.0,545653,python,[JIT],0x00007d8332b7c366
5957153.0,545700,python,python,dict_dealloc
5957083.0,545714,python,[JIT],0x00007f986e1532cc
5956413.0,545714,python,[JIT],0x00007f986e153247
5956219.0,545714,python,[JIT],0x00007f986d33d142
5956188.0,545653,python,[JIT],0x00007d8332b7c2cc
5956025.0,545646,python,[JIT],0x0000792aa5483166
5955950.0,545700,python,[JIT],0x00007caceecd627f
5955806.0,545714,python,[JIT],0x00007f986e153282
5955805.0,545700,python,python,_PyFunction_SetVersion
5954206.0,545689,python,[JIT],0x00007287894135ee
5953211.0,545700,python,[JIT],0x00007caceecd618f
5952820.0,545689,python,[JIT],0x000072878958a4a9
5952781.0,545664,python,python,PyErr_Occurred
5952276.0,545714,python,[JIT],0x00007f986e0132ed
5951791.0,545689,python,python,PyObject_Hash
5951760.0,545646,python,[JIT],0x0000792aa4f67206
5951684.0,545646,python,[JIT],0x0000792aa4f4109e
5951302.0,545714,python,[JIT],0x00007f986e153314
5949659.0,545689,python,[JIT],0x000072878958a314
5949162.0,545714,python,[JIT],0x00007f986d78c312
5948807.0,545714,python,[JIT],0x00007f986e15326d
5948617.0,545714,python,[JIT],0x00007f986d78d000
5947991.0,545653,python,[JIT],0x00007d83321ad632
5947916.0,545714,python,python,object_richcompare
5947657.0,545646,python,[JIT],0x0000792aa5483247
5947104.0,545664,python,[JIT],0x00007f6eda909314
5946284.0,545646,python,[JIT],0x0000792aa4fad127
5946257.0,545714,python,[JIT],0x00007f986d33d127
5946153.0,545689,python,[JIT],0x000072878941311f
5946109.0,545664,python,[JIT],0x00007f6eda90927f
5945942.0,545689,python,[JIT],0x0000728788bad77f
5945916.0,545714,python,[JIT],0x00007f986d33f68b
5945249.0,545689,python,python,_PyFunction_SetVersion
5945071.0,545664,python,[JIT],0x00007f6eda6582ed
5944962.0,545646,python,[JIT],0x0000792aa54830a9
5944687.0,545689,python,[JIT],0x00007287887744c2
5944361.0,545689,python,python,PyLong_AsSsize_t
5944267.0,545653,python,python,_PyEvalFramePushAndInit
5943739.0,545646,python,[JIT],0x0000792aa4f68be8
5943359.0,545689,python,[JIT],0x000072878958a1cf
5942858.0,545714,python,python,_PyFunction_SetVersion
5941999.0,545714,python,[JIT],0x00007f986e1531a4
5940129.0,545714,python,[JIT],0x00007f986d33f1ae
5939821.0,545646,python,[JIT],0x0000792aa54832cc
5938636.0,545700,python,[JIT],0x00007caceecd6345
5938277.0,545646,python,[JIT],0x0000792aa4f671ae
5936540.0,545714,python,[JIT],0x00007f986d33f11f
5935756.0,545653,python,python,_PyThreadState_PopFrame
5935580.0,545678,python,python,PyFunction_NewWithQualName
5934231.0,545714,python,python,list_sort_impl
5933740.0,545714,python,[JIT],0x00007f986d78d5ee
5932947.0,545646,python,[JIT],0x0000792aa4f41127
5932078.0,545653,python,[JIT],0x00007d8332b7c203
5932070.0,545646,python,[JIT],0x0000792aa54832eb
5931952.0,545653,python,[JIT],0x00007d8332b7c158
5931818.0,545700,python,[JIT],0x00007cacee0d0493
5931528.0,545700,python,python,long_richcompare
5931469.0,545700,python,[JIT],0x00007caceecd6183
5930600.0,545664,python,python,unicodekeys_lookup_unicode
5930312.0,545646,python,[JIT],0x0000792aa548334b
5929252.0,545714,python,[JIT],0x00007f986e01400a
5928489.0,545689,python,[JIT],0x000072878941618f
5928397.0,545714,python,[JIT],0x00007f986d2304b6
5928352.0,545653,python,python,_Py_Dealloc
5928108.0,545714,python,python,_PyList_AppendTakeRefListResize
5927940.0,545700,python,[JIT],0x00007cacee0d0749
5927753.0,545653,python,python,PyObject_Free
5927338.0,545714,python,python,subtype_dealloc
5927258.0,545700,python,[JIT],0x00007caceecd6298
5926394.0,545700,python,[JIT],0x00007caceecd60b9
5926144.0,545689,python,python,_PyList_AppendTakeRefListResize
5925028.0,545678,python,python,_PyObject_Realloc
5924290.0,545664,python,python,func_dealloc
5922845.0,545653,python,[JIT],0x00007d8332b7c0f8
5922211.0,545646,python,[JIT],0x0000792aa548326d
5920612.0,545653,python,[JIT],0x00007d8332b7c4d2
5920007.0,545653,python,[JIT],0x00007d8332b7c22d
5919987.0,545653,python,[JIT],0x00007d8332b7c149
5919228.0,545646,python,[JIT],0x0000792aa4fac1ae
5918496.0,545700,python,[JIT],0x00007cacee0d21c9
5917175.0,545653,python,[JIT],0x00007d83321ad587
5915534.0,545664,python,[JIT],0x00007f6eda65912b
5913567.0,545714,python,[JIT],0x00007f986e15318f
5913537.0,545700,python,[JIT],0x00007cacee0d01ae
5912581.0,545664,python,[JIT],0x00007f6eda2eb1c9
5911615.0,545664,python,python,PyObject_Malloc
5910646.0,545700,python,[JIT],0x00007caceecd624f
5910223.0,545653,python,[JIT],0x00007d8332b7c18f
5908977.0,545646,python,[JIT],0x0000792aa4f681ae
5908706.0,545664,python,python,_PyObject_Realloc
5908418.0,545653,python,[JIT],0x00007d83321ad1c9
5907642.0,545653,python,[JIT],0x00007d8331c5a5b6
5906737.0,545653,python,python,PyMem_Realloc
5906183.0,545700,python,python,unsafe_tuple_compare
5905998.0,545664,python,[JIT],0x00007f6eda9091f2
5905397.0,545646,python,[JIT],0x0000792aa4fac251
5904734.0,545653,python,[JIT],0x00007d8332b7c10c
5904337.0,545664,python,[JIT],0x00007f6ed9cf786e
5902778.0,545664,python,python,_Py_MakeCoro
5899220.0,545664,python,[JIT],0x00007f6eda9091dd
5897117.0,545714,python,[JIT],0x00007f986e153298
5896137.0,545653,python,[JIT],0x00007d8331d66127
5892198.0,545653,python,[JIT],0x00007d8332a133e7
5889996.0,545700,python,[JIT],0x00007caceea2546b
5888603.0,545664,python,[JIT],0x00007f6ed99e87e6
5884401.0,545646,python,[JIT],0x0000792aa5483298
5884150.0,545664,python,[JIT],0x00007f6eda909298
5880631.0,545689,python,[JIT],0x000072878958a166
5871291.0,545653,python,[JIT],0x00007d8332b7c322
5870068.0,545714,python,python,PyErr_SetRaisedException
5860291.0,545664,python,[JIT],0x00007f6eda9091cf
5860111.0,545653,python,[JIT],0x00007d8332b7c2eb
5848696.0,545700,python,[JIT],0x00007caceecd61f2
5845829.0,545646,python,[JIT],0x0000792aa4f41119
5834283.0,545653,python,[JIT],0x00007d8332b7c27f
5828992.0,545664,python,[JIT],0x00007f6eda9090a9
5806092.0,545689,python,python,unsafe_tuple_compare
5794782.0,545664,python,python,_PyTuple_FromStackRefStealOnSuccess
5787926.0,545689,python,python,PyObject_Size
5784644.0,545714,python,python,find_empty_slot
5779874.0,545653,python,python,new_keys_object
5742346.0,545689,python,[JIT],0x000072878958a123
5726664.0,545689,python,[JIT],0x00007287890eb3d1
5634036.0,545664,python,python,long_richcompare
5362030.0,545714,python,python,_PyFrame_ClearExceptCode
4965092.0,545646,python,[JIT],0x0000792aa54833b2
4965035.0,545714,python,[JIT],0x00007f986e153191
4964867.0,545714,python,[JIT],0x00007f986d22f1ad
4964807.0,545714,python,[JIT],0x00007f986d78e11f
4964654.0,545653,python,[JIT],0x00007d8332b7c19d
4964622.0,545714,python,[JIT],0x00007f986d33e108
4964612.0,545653,python,libc.so.6,__memset_avx2_unaligned_erms
4964546.0,545714,python,[JIT],0x00007f986d33e292
4964536.0,545689,python,python,PyObject_RichCompare
4964522.0,545689,python,[JIT],0x000072878958a4b3
4964482.0,545653,python,python,initialize_locals
4964456.0,545689,python,[JIT],0x000072878958a0ce
4964441.0,545653,python,[JIT],0x00007d8331c5b69b
4964439.0,545714,python,[JIT],0x00007f986d78e237
4964325.0,545653,python,[JIT],0x00007d83321ad5dc
4964237.0,545714,python,[JIT],0x00007f986d78d38a
4964141.0,545700,python,[JIT],0x00007cacee0d238a
4964027.0,545689,python,[JIT],0x00007287887742ce
4963819.0,545653,python,[JIT],0x00007d8332a1412b
4963525.0,545689,python,[JIT],0x0000728788a65292
4963474.0,545714,python,libc.so.6,cfree@GLIBC_2.2.5
4963440.0,545664,python,python,PyMem_Realloc
4963337.0,545646,python,[JIT],0x0000792aa4eed003
4963149.0,545689,python,python,PyObject_GC_UnTrack
4962822.0,545700,python,[JIT],0x00007caceecd6110
4962216.0,545664,python,[JIT],0x00007f6eda909149
4961908.0,545714,python,[JIT],0x00007f986e01411b
4961607.0,545714,python,[JIT],0x00007f986d2327e6
4961328.0,545646,python,[JIT],0x0000792aa4fae759
4961292.0,545714,python,[JIT],0x00007f986e153358
4961130.0,545653,python,python,unsafe_tuple_compare
4960961.0,545646,python,[JIT],0x0000792aa5213127
4960606.0,545700,python,[JIT],0x00007cacee0ac366
4960322.0,545700,python,[JIT],0x00007cacee0d21ae
4960285.0,545714,python,[JIT],0x00007f986e15319d
4960150.0,545689,python,[JIT],0x000072878958a298
4960103.0,545646,python,[JIT],0x0000792aa4f423db
4959613.0,545689,python,[JIT],0x00007287887724a3
4959600.0,545646,python,[JIT],0x0000792aa4f42108
4959464.0,545689,python,[JIT],0x0000728788774142
4959350.0,545653,python,[JIT],0x00007d8332b7c4ba
4959150.0,545664,python,python,make_gen
4958970.0,545653,python,[JIT],0x00007d8332a1440a
4957908.0,545714,python,python,_Py_MakeCoro
4957258.0,545689,python,[JIT],0x00007287887721bf
4957149.0,545714,python,[JIT],0x00007f986e1533c5
4957092.0,545646,python,[JIT],0x0000792aa548318f
4957076.0,545689,python,[JIT],0x0000728789415127
4956866.0,545653,python,[JIT],0x00007d8331c595cd
4956834.0,545714,python,[JIT],0x00007f986e1531f2
4956671.0,545653,python,[JIT],0x00007d8332b7c3c5
4956639.0,545689,python,[JIT],0x0000728788bac1a0
4956565.0,545700,python,[JIT],0x00007caceea2618f
4956215.0,545714,python,[JIT],0x00007f986e153060
4955971.0,545646,python,[JIT],0x0000792aa54834a9
4955475.0,545714,python,[JIT],0x00007f986d33f247
4955261.0,545689,python,[JIT],0x0000728788bad454
4954829.0,545664,python,[JIT],0x00007f6eda909191
4954641.0,545714,python,[JIT],0x00007f986d63117a
4954472.0,545714,python,[JIT],0x00007f986d78e127
4954370.0,545714,python,[JIT],0x00007f986d2314b6
4954347.0,545689,python,[JIT],0x000072878958a203
4953069.0,545646,python,python,dict_dealloc
4952656.0,545689,python,[JIT],0x000072878958a322
4952059.0,545714,python,[JIT],0x00007f986e014125
4951766.0,545646,python,python,PyLong_AsSsize_t
4951539.0,545646,python,[JIT],0x0000792aa4fac15f
4951502.0,545714,python,python,_PyDict_LoadBuiltinsFromGlobals
4951404.0,545653,python,[JIT],0x00007d8332a14127
4951304.0,545664,python,python,PyErr_SetRaisedException
4951271.0,545664,python,python,dictresize
4951197.0,545664,python,[JIT],0x00007f6eda90918f
4951109.0,545664,python,[JIT],0x00007f6ed99e94e0
4951016.0,545689,python,[JIT],0x0000728788772269
4950347.0,545700,python,python,PyFunction_NewWithQualName
4949617.0,545646,python,[JIT],0x0000792aa54831dd
4949471.0,545714,python,python,PyDict_GetItemRef
4949127.0,545689,python,[JIT],0x000072878958a2cc
4948833.0,545653,python,[JIT],0x00007d8331d66273
4948814.0,545689,python,[JIT],0x0000728788774127
4948517.0,545653,python,python,insert_to_emptydict
4947046.0,545646,python,[JIT],0x0000792aa4f6811b
4946909.0,545678,python,python,_Py_Dealloc
4946831.0,545700,python,python,gen_dealloc
4946768.0,545646,python,[JIT],0x0000792aa5213000
4946563.0,545646,python,[JIT],0x0000792aa4fad11f
4945854.0,545700,python,[JIT],0x00007cacee0aa292
4945055.0,545700,python,python,PyFunction_New
4944806.0,545689,python,[JIT],0x000072878941640a
4944705.0,545700,python,python,list_sort_impl
4943802.0,545689,python,[JIT],0x000072878958a3b2
4943576.0,545664,python,[JIT],0x00007f6ed99ea292
4942591.0,545653,python,[JIT],0x00007d8332b7c191
4940174.0,545689,python,python,initialize_locals
4939974.0,545700,python,[JIT],0x00007cacee0ac3d5
4939788.0,545653,python,[JIT],0x00007d8332a13412
4939470.0,545700,python,[JIT],0x00007caceecd621b
4939161.0,545700,python,[JIT],0x00007caceecd64a9
4939154.0,545700,python,[JIT],0x00007cacee0d236e
4938569.0,545678,python,[JIT],0x00007b9f7d3ad7e6
4938335.0,545664,python,python,object_richcompare
4938159.0,545646,python,[JIT],0x0000792aa5483183
4938157.0,545646,python,[JIT],0x0000792aa4f4228a
4938103.0,545646,python,[JIT],0x0000792aa4fac49f
4937215.0,545714,python,[JIT],0x00007f986d33e362
4937187.0,545700,python,[JIT],0x00007cacedec0127
4937010.0,545700,python,[JIT],0x00007cacee0d011b
4936172.0,545653,python,[JIT],0x00007d8331d68694
4935867.0,545653,python,[JIT],0x00007d8332a14125
4935585.0,545653,python,python,_PyList_FromStackRefStealOnSuccess
4935523.0,545646,python,[JIT],0x0000792aa4f68247
4935143.0,545653,python,python,PyErr_Occurred
4934532.0,545653,python,[JIT],0x00007d8331d6604c
4934185.0,545664,python,[JIT],0x00007f6ed9cf7bdb
4933116.0,545646,python,[JIT],0x0000792aa4f670f8
4933030.0,545646,python,[JIT],0x0000792aa4fad30c
4932929.0,545664,python,python,unsafe_tuple_compare
4932021.0,545700,python,[JIT],0x00007caceecd6238
4931854.0,545700,python,[JIT],0x00007cacedec0142
4931352.0,545689,python,python,_PyObject_Realloc
4929634.0,545664,python,python,PyLong_AsSsize_t
4928863.0,545689,python,[JIT],0x000072878958a110
4928775.0,545714,python,python,PyFunction_NewWithQualName
4928597.0,545700,python,python,_PyList_FromStackRefStealOnSuccess
4928307.0,545700,python,python,PyLong_AsSsize_t
4928195.0,545664,python,[JIT],0x00007f6eda9094ba
4928179.0,545700,python,[JIT],0x00007cacee0d211f
4926166.0,545653,python,[JIT],0x00007d8331d68dd4
4920636.0,545646,python,[JIT],0x0000792aa4eed1d5
4919588.0,545646,python,[JIT],0x0000792aa548327f
4916252.0,545700,python,libc.so.6,__memmove_avx_unaligned_erms
4914793.0,545700,python,[JIT],0x00007caceecd63b2
4914394.0,545700,python,[JIT],0x00007cacedebf69f
4913935.0,545700,python,[JIT],0x00007cacee0ac34b
4912552.0,545653,python,[JIT],0x00007d8332a1418f
4912072.0,545700,python,[JIT],0x00007cacee0d01c9
4911975.0,545700,python,python,func_dealloc
4911771.0,545653,python,[JIT],0x00007d8331d673db
4911043.0,545653,python,libc.so.6,_int_free
4910999.0,545664,python,[JIT],0x00007f6ed9cf71c9
4905087.0,545646,python,[JIT],0x0000792aa4f672d4
4902907.0,545646,python,[JIT],0x0000792aa4eed4b6
4902851.0,545700,python,[JIT],0x00007caceecd6322
4900657.0,545653,python,python,PyFunction_New
4898270.0,545700,python,[JIT],0x00007caceecd626d
4895548.0,545689,python,python,PyErr_SetRaisedException
4892498.0,545653,python,[JIT],0x00007d83321ae1db
4891733.0,545700,python,[JIT],0x00007cacee0d258a
4887113.0,545653,python,[JIT],0x00007d8331d681c9
4877992.0,545653,python,[JIT],0x00007d8332b7c166
4857120.0,545689,python,python,PyErr_Occurred
4855490.0,545700,python,[JIT],0x00007caceecd6123
4854264.0,545664,python,python,new_dict.constprop.0
4847145.0,545646,python,[JIT],0x0000792aa4fac1c9
4823533.0,545700,python,[JIT],0x00007cacee0aa28a
4822857.0,545646,python,[JIT],0x0000792aa521318f
4804072.0,545689,python,[JIT],0x0000728789413251
4084575.0,545714,python,python,unicodekeys_lookup_unicode
3981057.0,545689,python,[JIT],0x0000728788bad6d9
3978614.0,545689,python,[JIT],0x000072878958a139
3972267.0,545653,python,[kernel.kallsyms],__irqentry_text_end
3972217.0,545653,python,python,PyObject_RichCompare
3972157.0,545714,python,[JIT],0x00007f986d33fc1f
3972147.0,545646,python,[JIT],0x0000792aa4eed197
3972044.0,545653,python,python,PyErr_GetRaisedException
3971999.0,545689,python,[JIT],0x00007287886660b0
3971984.0,545646,python,[JIT],0x0000792aa4f682ed
3971982.0,545646,python,[JIT],0x0000792aa4eeb0cb
3971912.0,545689,python,[JIT],0x0000728788773412
3971873.0,545653,python,python,tuple_dealloc
3971850.0,545714,python,[JIT],0x00007f986d33e2a4
3971800.0,545714,python,[JIT],0x00007f986d78c278
3971785.0,545689,python,[JIT],0x00007287890eb366
3971779.0,545700,python,[JIT],0x00007caceddad00a
3971772.0,545714,python,[JIT],0x00007f986e1530a9
3971768.0,545689,python,[JIT],0x000072878958a238
3971766.0,545714,python,[JIT],0x00007f986e153230
3971765.0,545700,python,[JIT],0x00007caceecd60f8
3971746.0,545700,python,[JIT],0x00007caceecd620d
3971695.0,545714,python,[JIT],0x00007f986d33fbdf
3971598.0,545700,python,python,PyErr_SetRaisedException
3971594.0,545714,python,[JIT],0x00007f986d78d4d9
3971572.0,545700,python,[JIT],0x00007cacee0d011f
3971530.0,545646,python,python,dictresize
3971450.0,545714,python,[JIT],0x00007f986d78c34b
3971442.0,545653,python,[JIT],0x00007d8331c595c0
3971434.0,545689,python,python,new_dict.constprop.0
3971410.0,545689,python,python,PyFunction_New
3971398.0,545714,python,[JIT],0x00007f986e0131d2
3971372.0,545714,python,python,PyObject_Free
3971315.0,545664,python,[JIT],0x00007f6eda909158
3971311.0,545689,python,python,_PyType_AllocNoTrack
3971254.0,545646,python,[JIT],0x0000792aa4f42292
3971237.0,545689,python,python,_PyTuple_FromStackRefStealOnSuccess
3971227.0,545689,python,[JIT],0x00007287894158c5
3971206.0,545700,python,[JIT],0x00007cacee0aa3db
3971197.0,545653,python,[JIT],0x00007d8331d6845a
3971187.0,545700,python,[JIT],0x00007caceecd6191
3971163.0,545700,python,libc.so.6,_int_free
3971161.0,545689,python,[JIT],0x000072878958a15f
3971155.0,545689,python,python,_Py_MakeCoro
3971154.0,545646,python,[JIT],0x0000792aa4eec4b6
3971086.0,545653,python,[JIT],0x00007d83321ad1ae
3971069.0,545714,python,[JIT],0x00007f986e153123
3971064.0,545646,python,[JIT],0x0000792aa54830f8
3971020.0,545664,python,[JIT],0x00007f6eda2eb632
3970954.0,545664,python,[JIT],0x00007f6ed9cf7674
3970904.0,545653,python,[JIT],0x00007d8332a13612
3970875.0,545714,python,[JIT],0x00007f986d2315c0
3970857.0,545664,python,[JIT],0x00007f6ed9cf7a1f
3970779.0,545646,python,[JIT],0x0000792aa5483139
3970777.0,545714,python,[JIT],0x00007f986d78e0c7
3970752.0,545689,python,[JIT],0x0000728788a653db
3970713.0,545689,python,[JIT],0x000072878958a151
3970668.0,545664,python,[JIT],0x00007f6eda9092cc
3970519.0,545700,python,[JIT],0x00007cacee0d0bcc
3970433.0,545646,python,python,PyObject_Free
3970370.0,545653,python,[JIT],0x00007d8332b7c12f
3970243.0,545714,python,python,initialize_locals
3970153.0,545664,python,[JIT],0x00007f6eda2eb20f
3969952.0,545714,python,python,long_richcompare
3969932.0,545653,python,[JIT],0x00007d8331d6728a
3969918.0,545653,python,[JIT],0x00007d8331d674a2
3969855.0,545714,python,[JIT],0x00007f986e153335
3969834.0,545714,python,[JIT],0x00007f986e0136ba
3969829.0,545714,python,[JIT],0x00007f986e15317f
3969827.0,545689,python,[JIT],0x00007287886660cb
3969756.0,545653,python,[JIT],0x00007d8331d68c04
3969600.0,545646,python,[JIT],0x0000792aa4f431c2
3969542.0,545653,python,[JIT],0x00007d8332b7c358
3969512.0,545689,python,[JIT],0x0000728789414296
3969502.0,545678,python,python,_PyDict_SetItem_Take2
3969456.0,545664,python,[JIT],0x00007f6eda658412
3969401.0,545714,python,[JIT],0x00007f986d78e24a
3969262.0,545700,python,[JIT],0x00007caceecd6203
3969228.0,545689,python,python,make_gen
3969170.0,545646,python,[JIT],0x0000792aa4f68bdb
3969107.0,545646,python,[JIT],0x0000792aa4f68361
3969039.0,545689,python,[JIT],0x000072878958a282
3968976.0,545653,python,[JIT],0x00007d8331c5a07b
3968951.0,545646,python,[JIT],0x0000792aa5483342
3968672.0,545653,python,[JIT],0x00007d8332b7c110
3968527.0,545689,python,[JIT],0x000072878958a1f2
3968454.0,545689,python,[JIT],0x00007287894151cd
3968316.0,545689,python,[JIT],0x0000728788bad819
3968294.0,545689,python,[JIT],0x0000728789415445
3968032.0,545700,python,python,_PyEval_NoToolsForUnwind
3967793.0,545664,python,python,_PyFrame_ClearExceptCode
3967587.0,545664,python,[JIT],0x00007f6eda6571db
3967472.0,545714,python,[JIT],0x00007f986d33fd3a
3967347.0,545664,python,python,long_hash
3967166.0,545714,python,python,PyNumber_AsSsize_t
3967057.0,545664,python,[JIT],0x00007f6ed99e8412
3966664.0,545689,python,python,PyObject_GetItem
3966619.0,545664,python,[JIT],0x00007f6ed9cf7127
3966448.0,545664,python,[JIT],0x00007f6eda65876f
3966167.0,545646,python,[JIT],0x0000792aa5483345
3965999.0,545664,python,[JIT],0x00007f6ed99ea28a
3965983.0,545653,python,python,gen_dealloc
3965810.0,545646,python,[JIT],0x0000792aa4f673ba
3965556.0,545664,python,[JIT],0x00007f6ed9cf77e3
3965538.0,545653,python,[JIT],0x00007d8332b7c4d7
3965452.0,545664,python,[JIT],0x00007f6ed99ea247
3965248.0,545700,python,python,PyObject_RichCompare
3965175.0,545653,python,[JIT],0x00007d8332a132ed
3965011.0,545714,python,[JIT],0x00007f986d78d2f1
3964946.0,545689,python,python,PyObject_Malloc
3964262.0,545646,python,[JIT],0x0000792aa4f68718
3964258.0,545646,python,[JIT],0x0000792aa4fac127
3964018.0,545646,python,[JIT],0x0000792aa4fac5d0
3963659.0,545714,python,python,tuple_dealloc
3963312.0,545678,python,python,_PyDict_LoadBuiltinsFromGlobals
3963148.0,545689,python,[JIT],0x00007287887744e0
3962951.0,545646,python,[JIT],0x0000792aa4f68127
3962864.0,545646,python,[JIT],0x0000792aa4f6738d
3962710.0,545689,python,[JIT],0x0000728788bad21e
3962468.0,545664,python,[JIT],0x00007f6ed9cf711f
3962329.0,545646,python,[JIT],0x0000792aa5213151
3962228.0,545689,python,[JIT],0x000072878958a149
3962004.0,545646,python,[JIT],0x0000792aa4fac345
3961982.0,545646,python,[JIT],0x0000792aa54834b3
3961952.0,545646,python,python,new_dict.constprop.0
3961741.0,545714,python,[JIT],0x00007f986d78d5e5
3961700.0,545664,python,[JIT],0x00007f6eda2eb4c0
3961675.0,545714,python,[JIT],0x00007f986d78d58a
3961593.0,545689,python,[JIT],0x000072878877215e
3961580.0,545700,python,[JIT],0x00007cacee0d0aec
3961532.0,545664,python,[JIT],0x00007f6eda659127
3961371.0,545700,python,python,_Py_BuildMap_StackRefSteal
3961218.0,545678,python,python,_PyObject_GC_NewVar
3961146.0,545664,python,python,PyMem_Free
3960811.0,545689,python,[JIT],0x0000728789415766
3960346.0,545646,python,[JIT],0x0000792aa4fac50d
3960205.0,545714,python,[JIT],0x00007f986d231236
3960167.0,545646,python,[JIT],0x0000792aa548319d
3960011.0,545689,python,[JIT],0x000072878958a2f7
3959857.0,545653,python,[JIT],0x00007d8331d68736
3959841.0,545714,python,[JIT],0x00007f986e15321b
3959746.0,545664,python,python,list_sort_impl
3959592.0,545700,python,[JIT],0x00007cacedebf749
3959480.0,545700,python,[JIT],0x00007cacee0ac139
3959366.0,545646,python,[JIT],0x0000792aa548311f
3958877.0,545664,python,[JIT],0x00007f6eda2eb538
3958698.0,545664,python,[JIT],0x00007f6eda90912f
3958556.0,545689,python,[JIT],0x00007287894150ff
3958496.0,545700,python,python,insert_to_emptydict
3958308.0,545646,python,[JIT],0x0000792aa521311b
3958302.0,545646,python,[JIT],0x0000792aa4f6734b
3958045.0,545664,python,[JIT],0x00007f6eda2eb37b
3957925.0,545714,python,[JIT],0x00007f986d231076
3957507.0,545653,python,[JIT],0x00007d8331d68bdf
3957466.0,545646,python,[JIT],0x0000792aa4fac59a
3957316.0,545646,python,[JIT],0x0000792aa4f670b9
3957225.0,545653,python,[JIT],0x00007d83321ad718
3957026.0,545714,python,[JIT],0x00007f986d78e221
3956772.0,545714,python,[JIT],0x00007f986d33f170
3956581.0,545653,python,[JIT],0x00007d8331c5a5c0
3956526.0,545646,python,[JIT],0x0000792aa54830ee
3956270.0,545714,python,[JIT],0x00007f986e1531b2
3956145.0,545714,python,[JIT],0x00007f986d78e2b1
3955800.0,545714,python,python,gen_finalize
3955678.0,545653,python,python,PyLong_AsSsize_t
3955530.0,545689,python,[JIT],0x000072878941318b
3955234.0,545714,python,[JIT],0x00007f986d33f493
3954903.0,545646,python,python,_PyLong_FromMedium
3954236.0,545646,python,[JIT],0x0000792aa5213133
3954227.0,545646,python,[JIT],0x0000792aa46652c6
3954009.0,545689,python,[JIT],0x0000728788772197
3953900.0,545700,python,[JIT],0x00007cacedec0142
3953594.0,545700,python,python,_PyDict_SetItem_Take2
3952628.0,545700,python,[JIT],0x00007caceea253e7
3952413.0,545689,python,[JIT],0x000072878877214d
3952162.0,545714,python,[JIT],0x00007f986d78d1ae
3951575.0,545714,python,[JIT],0x00007f986e153139
3951385.0,545653,python,[JIT],0x00007d83321ac0a9
3950609.0,545700,python,[JIT],0x00007cacee0d0687
3950175.0,545689,python,[JIT],0x000072878958a1eb
3950136.0,545714,python,python,memcpy@plt
3948917.0,545689,python,[JIT],0x0000728788bad94b
3948614.0,545653,python,[JIT],0x00007d83321ae127
3948012.0,545700,python,python,tuple_dealloc
3946957.0,545714,python,[JIT],0x00007f986d33e3db
3946881.0,545646,python,[JIT],0x0000792aa4f414e0
3946840.0,545646,python,[JIT],0x0000792aa4f68c00
3946806.0,545646,python,[JIT],0x0000792aa521311f
3946795.0,545700,python,[JIT],0x00007caceea25127
3946781.0,545646,python,[JIT],0x0000792aa4f411dc
3946672.0,545646,python,[JIT],0x0000792aa4fad15f
3946547.0,545700,python,[JIT],0x00007caceea26149
3946453.0,545646,python,[JIT],0x0000792aa4f6841d
3946434.0,545646,python,[JIT],0x0000792aa4fae371
3946416.0,545653,python,[JIT],0x00007d8332b7c298
3946218.0,545653,python,[JIT],0x00007d8332b7c1eb
3945893.0,545664,python,[JIT],0x00007f6eda909123
3945815.0,545664,python,libc.so.6,_int_free
3945725.0,545700,python,python,_PyType_AllocNoTrack
3945708.0,545646,python,[JIT],0x0000792aa4eed1a9
3945675.0,545664,python,[JIT],0x00007f6ed9cf7549
3945578.0,545700,python,[JIT],0x00007caceecd6267
3945261.0,545700,python,[JIT],0x00007cacee0ac399
3944932.0,545664,python,[JIT],0x00007f6eda909203
3944515.0,545689,python,python,_PyOptimizer_Optimize
3944452.0,545664,python,[JIT],0x00007f6ed99eb17a
3944397.0,545664,python,[JIT],0x00007f6ed99e869b
3944374.0,545700,python,[JIT],0x00007caceecd62a2
3943445.0,545646,python,[JIT],0x0000792aa5483230
3943329.0,545653,python,python,memmove@plt
3942860.0,545700,python,python,make_gen
3941780.0,545664,python,[JIT],0x00007f6eda9092eb
3941615.0,545664,python,python,PyFunction_NewWithQualName
3941464.0,545689,python,python,unicodekeys_lookup_unicode
3941445.0,545700,python,[JIT],0x00007caceea243f4
3941154.0,545664,python,[JIT],0x00007f6eda6581a0
3939280.0,545689,python,python,_PyThreadState_PopFrame
3939152.0,545646,python,[JIT],0x0000792aa4fae1be
3937689.0,545700,python,[JIT],0x00007caceecd63b5
3936559.0,545714,python,python,long_hash
3936536.0,545714,python,[JIT],0x00007f986d2315cd
3936183.0,545700,python,python,new_keys_object
3935386.0,545646,python,[JIT],0x0000792aa548315f
3935153.0,545714,python,[JIT],0x00007f986e1532f7
3934973.0,545646,python,[JIT],0x0000792aa4f67353
3934125.0,545689,python,[JIT],0x000072878958a335
3932734.0,545653,python,[JIT],0x00007d8331d66209
3932665.0,545700,python,[JIT],0x00007cacee0ab17a
3932476.0,545653,python,[JIT],0x00007d8331d68bd7
3932357.0,545700,python,[JIT],0x00007caceea250b9
3931135.0,545653,python,[JIT],0x00007d8332a13579
3929619.0,545653,python,[JIT],0x00007d8331c564e3
3928595.0,545678,python,python,PyObject_RichCompare
3928421.0,545700,python,[JIT],0x00007caceecd62fb
3927605.0,545689,python,[JIT],0x00007287887732d5
3927178.0,545664,python,[JIT],0x00007f6eda6583cc
3926757.0,545646,python,[JIT],0x0000792aa4f6853e
3922487.0,545700,python,[JIT],0x00007caceddb2228
3922310.0,545646,python,[JIT],0x0000792aa4fae151
3922157.0,545646,python,[JIT],0x0000792aa4fae1d2
3921824.0,545700,python,[JIT],0x00007cacee0d0bdb
3921624.0,545664,python,[JIT],0x00007f6eda909282
3919769.0,545646,python,[JIT],0x0000792aa4fac317
3919142.0,545678,python,python,make_gen
3917126.0,545700,python,[JIT],0x00007caceecd6139
3916583.0,545664,python,[JIT],0x00007f6eda909232
3915525.0,545664,python,[JIT],0x00007f6eda909183
3914534.0,545700,python,[JIT],0x00007cacedec04cc
3914115.0,545664,python,python,_Py_BuildMap_StackRefSteal
3913545.0,545646,python,python,PyMem_Free
3910513.0,545664,python,[JIT],0x00007f6eda90921b
3907942.0,545653,python,[JIT],0x00007d8331d6842c
3906868.0,545653,python,[JIT],0x00007d8332a14151
3906217.0,545653,python,[JIT],0x00007d8331c580b0
3903164.0,545653,python,[JIT],0x00007d83321ad21e
3896240.0,545653,python,[JIT],0x00007d83321ad5a7
3890691.0,545700,python,python,PyErr_Occurred
3877552.0,545664,python,[JIT],0x00007f6ed9cf74a1
3856781.0,545689,python,[JIT],0x0000728788bac052
3847101.0,545664,python,[JIT],0x00007f6ed9cf7a6d
3832979.0,545664,python,[JIT],0x00007f6eda90911b
3831729.0,545653,python,python,make_gen
3825257.0,545646,python,[JIT],0x0000792aa5483238
3817583.0,545646,python,[JIT],0x0000792aa4f681f4
3805558.0,545714,python,python,_PyEvalFramePushAndInit
3788219.0,545653,python,[JIT],0x00007d8332b7c151
3780405.0,545664,python,[JIT],0x00007f6ed99eb1c2
3756341.0,545678,python,python,_PyEval_FrameClearAndPop
3694249.0,545678,python,python,list_dealloc
3561776.0,545653,python,python,func_dealloc
3519710.0,545689,python,[JIT],0x000072878941349f
2981182.0,545689,python,[JIT],0x0000728788a65108
2979531.0,545700,python,[JIT],0x00007cacee0d086e
2979377.0,545714,python,[JIT],0x00007f986d33f553
2979342.0,545714,python,[JIT],0x00007f986e01376f
2979314.0,545689,python,[JIT],0x000072878958a183
2979283.0,545714,python,[JIT],0x00007f986e153149
2979219.0,545689,python,[JIT],0x000072878958a227
2979215.0,545646,python,[JIT],0x0000792aa54831be
2979212.0,545646,python,[JIT],0x0000792aa4fad121
2979186.0,545700,python,[JIT],0x00007cacee0d218b
2979154.0,545653,python,[JIT],0x00007d8331d68fa0
2979150.0,545714,python,[JIT],0x00007f986d78c3d1
2979147.0,545653,python,python,_PyObject_GC_NewVar
2979138.0,545689,python,[JIT],0x0000728788badfc9
2979125.0,545714,python,[JIT],0x00007f986d33d224
2979116.0,545689,python,[JIT],0x000072878958a109
2979091.0,545714,python,[JIT],0x00007f986d78c423
2979080.0,545689,python,[JIT],0x0000728788774188
2979076.0,545653,python,[JIT],0x00007d8332b7c3b2
2979072.0,545653,python,[JIT],0x00007d8332b7c1d2
2979047.0,545689,python,python,subtype_dealloc
2979036.0,545714,python,[JIT],0x00007f986d33f21e
2979032.0,545653,python,[JIT],0x00007d8331d68e9a
2979031.0,545714,python,[JIT],0x00007f986d23265b
2979029.0,545646,python,[JIT],0x0000792aa4f6879d
2979024.0,545646,python,[JIT],0x0000792aa455a490
2979014.0,545646,python,[JIT],0x0000792aa4f68bdf
2979005.0,545646,python,[JIT],0x0000792aa4f68e14
2978975.0,545689,python,[JIT],0x0000728788bad4e6
2978968.0,545653,python,[JIT],0x00007d83321ad18b
2978957.0,545714,python,[JIT],0x00007f986d78d251
2978954.0,545689,python,[JIT],0x0000728788bad764
2978951.0,545714,python,[JIT],0x00007f986d33f992
2978949.0,545689,python,[JIT],0x0000728789416003
2978949.0,545646,python,[JIT],0x0000792aa4f68c04
2978937.0,545646,python,[JIT],0x0000792aa4fac259
2978933.0,545714,python,[JIT],0x00007f986d78d2df
2978925.0,545714,python,[JIT],0x00007f986e15323d
2978909.0,545646,python,[JIT],0x0000792aa4fac19c
2978892.0,545653,python,[JIT],0x00007d83321ad151
2978890.0,545714,python,[JIT],0x00007f986d78e273
2978879.0,545689,python,python,list_sort_impl
2978876.0,545689,python,[JIT],0x0000728788bad1ce
2978875.0,545700,python,[JIT],0x00007caceea251cd
2978867.0,545700,python,[JIT],0x00007caceecd6064
2978847.0,545689,python,[JIT],0x0000728788a653cc
2978834.0,545700,python,[JIT],0x00007caceea25766
2978828.0,545646,python,[JIT],0x0000792aa4f68151
2978828.0,545646,python,[JIT],0x0000792aa5483203
2978816.0,545653,python,[JIT],0x00007d8332b7c342
2978815.0,545689,python,libc.so.6,_int_free
2978815.0,545700,python,[JIT],0x00007cacee0d0a4a
2978813.0,545653,python,[JIT],0x00007d8332b7c17f
2978810.0,545689,python,[JIT],0x00007287894132c2
2978808.0,545714,python,[JIT],0x00007f986e01353c
2978805.0,545714,python,[JIT],0x00007f986d23131f
2978805.0,545689,python,[JIT],0x0000728788a651a4
2978804.0,545689,python,[JIT],0x000072878958a267
2978798.0,545700,python,[JIT],0x00007caceea2611b
2978794.0,545646,python,[JIT],0x0000792aa4f68b9c
2978790.0,545700,python,[JIT],0x00007cacee0d2614
2978790.0,545646,python,[JIT],0x0000792aa4f420b3
2978788.0,545646,python,python,_Py_MakeCoro
2978784.0,545689,python,python,_PyList_FromStackRefStealOnSuccess
2978782.0,545653,python,[JIT],0x00007d83321ad59a
2978781.0,545700,python,[JIT],0x00007cacee0d0ae0
2978780.0,545689,python,[JIT],0x0000728788badc4d
2978780.0,545646,python,[JIT],0x0000792aa4eed2c1
2978773.0,545653,python,[JIT],0x00007d83321ae25e
2978772.0,545700,python,[JIT],0x00007cacedebe50c
2978770.0,545653,python,[JIT],0x00007d83321ae114
2978768.0,545714,python,[JIT],0x00007f986e0141e3
2978767.0,545646,python,[JIT],0x0000792aa548325e
2978765.0,545714,python,[JIT],0x00007f986e1531cf
2978764.0,545689,python,[JIT],0x0000728789413632
2978752.0,545700,python,python,PyLong_FromLong
2978747.0,545689,python,[JIT],0x00007287887711cd
2978747.0,545689,python,[JIT],0x000072878958a20d
2978746.0,545646,python,libc.so.6,_int_free
2978743.0,545653,python,[JIT],0x00007d8332a1411f
2978739.0,545714,python,[JIT],0x00007f986d78e0dc
2978734.0,545646,python,[JIT],0x0000792aa521312b
2978708.0,545653,python,python,PyMem_Free
2978697.0,545646,python,[JIT],0x0000792aa4fae4f3
2978685.0,545689,python,[JIT],0x0000728788badaec
2978682.0,545700,python,[JIT],0x00007cacedebe5d1
2978678.0,545653,python,[JIT],0x00007d8331d68749
2978678.0,545714,python,[JIT],0x00007f986d6310ce
2978674.0,545653,python,[JIT],0x00007d83321ad40c
2978672.0,545714,python,[JIT],0x00007f986d78d5d0
2978669.0,545689,python,[JIT],0x00007287887725cd
2978669.0,545689,python,[JIT],0x0000728788bad694
2978668.0,545689,python,[JIT],0x0000728788bad988
2978664.0,545714,python,[JIT],0x00007f986e0137b8
2978659.0,545653,python,[JIT],0x00007d8331c5a076
2978653.0,545653,python,[JIT],0x00007d83321ac206
2978651.0,545700,python,[JIT],0x00007caceecd619d
2978650.0,545689,python,[JIT],0x0000728788772642
2978650.0,545700,python,[JIT],0x00007caceecd6189
2978646.0,545653,python,[JIT],0x00007d8331d661c5
2978633.0,545714,python,[JIT],0x00007f986d33d010
2978625.0,545689,python,python,tuple_subscript
2978613.0,545689,python,python,_PyCallMethodDescriptorFastWithKeywords_StackRef
2978612.0,545689,python,[JIT],0x0000728788772543
2978606.0,545714,python,[JIT],0x00007f986d78e41d
2978604.0,545664,python,[JIT],0x00007f6eda90917f
2978596.0,545646,python,[JIT],0x0000792aa4eee697
2978589.0,545653,python,[JIT],0x00007d8332b7c1a4
2978585.0,545646,python,[JIT],0x0000792aa4f67423
2978577.0,545714,python,[JIT],0x00007f986d33e2fa
2978563.0,545664,python,[JIT],0x00007f6eda658456
2978545.0,545700,python,[JIT],0x00007caceecd6151
2978541.0,545714,python,[JIT],0x00007f986e01404c
2978525.0,545714,python,[JIT],0x00007f986d78c0ea
2978524.0,545646,python,[JIT],0x0000792aa4fae11b
2978522.0,545689,python,[JIT],0x000072878941415f
2978510.0,545689,python,[JIT],0x00007287894153fc
2978509.0,545714,python,[JIT],0x00007f986e1531dd
2978496.0,545689,python,[JIT],0x00007287887714b6
2978487.0,545700,python,[JIT],0x00007cacee0ab1b5
2978475.0,545664,python,[JIT],0x00007f6ed9cf7c49
2978471.0,545714,python,[JIT],0x00007f986d78d22b
2978424.0,545646,python,[JIT],0x0000792aa4f68bb5
2978413.0,545664,python,[JIT],0x00007f6ed99e6003
2978397.0,545689,python,[JIT],0x0000728789415151
2978395.0,545714,python,[JIT],0x00007f986e1530ce
2978386.0,545714,python,[JIT],0x00007f986e153109
2978354.0,545646,python,[JIT],0x0000792aa4f43182
2978352.0,545678,python,[JIT],0x00007b9f7dfdb314
2978350.0,545700,python,[JIT],0x00007cacee0d0549
2978347.0,545714,python,[JIT],0x00007f986d33febf
2978347.0,545646,python,[JIT],0x0000792aa4eed07b
2978335.0,545646,python,[JIT],0x0000792aa54832fb
2978329.0,545700,python,[JIT],0x00007caceea25170
2978322.0,545714,python,[JIT],0x00007f986d33d1c5
2978322.0,545689,python,[JIT],0x000072878865f792
2978295.0,545714,python,[JIT],0x00007f986d78c185
2978283.0,545664,python,[JIT],0x00007f6eda65811f
2978281.0,545653,python,[JIT],0x00007d83319f5792
2978278.0,545664,python,[JIT],0x00007f6eda90938a
2978270.0,545714,python,[JIT],0x00007f986e01371f
2978262.0,545653,python,[JIT],0x00007d8332b7c0ab
2978229.0,545689,python,[JIT],0x000072878958a191
2978214.0,545700,python,[JIT],0x00007cacee0ac2b8
2978201.0,545653,python,[JIT],0x00007d8332a1440f
2978190.0,545664,python,[JIT],0x00007f6eda2eb1ce
2978178.0,545646,python,[JIT],0x0000792aa4fae3e3
2978145.0,545664,python,[JIT],0x00007f6eda658c69
2978141.0,545653,python,[JIT],0x00007d8331c5300a
2978139.0,545664,python,[JIT],0x00007f6ed99e7172
2978128.0,545689,python,[JIT],0x00007287887725d1
2978114.0,545653,python,[JIT],0x00007d8331c5b3e7
2978059.0,545646,python,[JIT],0x0000792aa4f68d17
2977999.0,545664,python,[JIT],0x00007f6ed99e707b
2977995.0,545653,python,python,_PyTuple_FromStackRefStealOnSuccess
2977972.0,545664,python,[JIT],0x00007f6eda6580ea
2977963.0,545700,python,[JIT],0x00007caceecd6227
2977920.0,545689,python,[JIT],0x0000728788badbdb
2977902.0,545653,python,[JIT],0x00007d83321ad614
2977891.0,545714,python,[JIT],0x00007f986e014127
2977879.0,545689,python,[JIT],0x0000728789415759
2977818.0,545689,python,[JIT],0x0000728788bad1ae
2977817.0,545653,python,[JIT],0x00007d833205a0bf
2977808.0,545714,python,[JIT],0x00007f986d33d228
2977782.0,545646,python,[JIT],0x0000792aa4eed491
2977757.0,545714,python,[JIT],0x00007f986d33e421
2977748.0,545664,python,[JIT],0x00007f6eda6587b8
2977694.0,545689,python,[JIT],0x00007287894141d7
2977691.0,545653,python,[JIT],0x00007d8332a1346b
2977681.0,545646,python,[JIT],0x0000792aa4fae640
2977677.0,545653,python,[JIT],0x00007d83321ae0dc
2977649.0,545653,python,[JIT],0x00007d83321ac2d4
2977646.0,545653,python,[JIT],0x00007d8331d68718
2977640.0,545664,python,[JIT],0x00007f6ed99e83e7
2977606.0,545646,python,[JIT],0x0000792aa4eee7e6
2977542.0,545653,python,python,memcpy@plt
2977503.0,545700,python,[JIT],0x00007cacee0d2139
2977494.0,545664,python,[JIT],0x00007f6ed99e91c5
2977475.0,545689,python,[JIT],0x0000728788bad536
2977451.0,545664,python,[JIT],0x00007f6ed99eb09b
2977448.0,545646,python,[JIT],0x0000792aa4fae491
2977400.0,545664,python,[JIT],0x00007f6ed99e908c
2977339.0,545646,python,[JIT],0x0000792aa54831f6
2977287.0,545714,python,[JIT],0x00007f986d2315d1
2977282.0,545689,python,[JIT],0x0000728789413718
2977281.0,545653,python,[JIT],0x00007d83321ad11f
2977197.0,545689,python,[JIT],0x0000728789414127
2977183.0,545646,python,[JIT],0x0000792aa5213166
2977141.0,545700,python,[JIT],0x00007caceecd61a4
2977116.0,545646,python,[JIT],0x0000792aa46680d0
2977088.0,545700,python,[JIT],0x00007caceddaa3b6
2977067.0,545646,python,[JIT],0x0000792aa4eec1cd
2977060.0,545700,python,[JIT],0x00007caceecd62cc
2977050.0,545714,python,[JIT],0x00007f986e013759
2977016.0,545664,python,[JIT],0x00007f6ed9881000
2977016.0,545646,python,[JIT],0x0000792aa4fac1c5
2977011.0,545646,python,python,PyObject_ClearManagedDict
2976974.0,545714,python,[JIT],0x00007f986e0132bb
2976897.0,545653,python,[JIT],0x00007d8332b7c2da
2976893.0,545689,python,[JIT],0x0000728788bad5b9
2976859.0,545700,python,[JIT],0x00007cacedebe32d
2976798.0,545714,python,[JIT],0x00007f986d78d11f
2976793.0,545646,python,[JIT],0x0000792aa4f671d7
2976778.0,545646,python,[JIT],0x0000792aa4fae529
2976767.0,545664,python,[JIT],0x00007f6eda2eb149
2976753.0,545646,python,[JIT],0x0000792aa548332c
2976745.0,545714,python,[JIT],0x00007f986d33fc31
2976716.0,545689,python,[JIT],0x00007287887732c6
2976689.0,545653,python,[JIT],0x00007d83321ad2f1
2976650.0,545646,python,[JIT],0x0000792aa4f680ff
2976642.0,545664,python,[JIT],0x00007f6ed9cf7467
2976639.0,545689,python,[JIT],0x00007287894143f4
2976633.0,545653,python,[JIT],0x00007d8332b7c1d5
2976610.0,545689,python,[JIT],0x0000728789414121
2976583.0,545646,python,[JIT],0x0000792aa4f423e0
2976566.0,545664,python,[JIT],0x00007f6eda909358
2976553.0,545646,python,[JIT],0x0000792aa54831b2
2976545.0,545664,python,[JIT],0x00007f6eda2eb00a
2976498.0,545664,python,[JIT],0x00007f6ed9cf76d9
2976468.0,545646,python,[JIT],0x0000792aa4fae69e
2976466.0,545700,python,[JIT],0x00007cacedebe4b2
2976448.0,545664,python,[JIT],0x00007f6ed99e7531
2976373.0,545689,python,python,_PyEval_NoToolsForUnwind
2976306.0,545646,python,[JIT],0x0000792aa4fac2df
2976114.0,545689,python,[JIT],0x0000728788bada8e
2976095.0,545664,python,[JIT],0x00007f6ed99e7457
2976037.0,545714,python,python,new_dict.constprop.0
2975987.0,545664,python,python,PyObject_IsTrue
2975943.0,545653,python,[JIT],0x00007d8332b7c11b
2975745.0,545689,python,python,gen_dealloc
2975744.0,545653,python,[JIT],0x00007d8331d68bfa
2975629.0,545714,python,python,insert_to_emptydict
2975484.0,545646,python,[JIT],0x0000792aa4fae23f
2975460.0,545646,python,[JIT],0x0000792aa4eec197
2975424.0,545689,python,[JIT],0x000072878958a2da
2975408.0,545714,python,[JIT],0x00007f986d33f2ff
2975384.0,545689,python,[JIT],0x0000728789413392
2975382.0,545700,python,[JIT],0x00007cacedec04e0
2975323.0,545714,python,[JIT],0x00007f986d33d157
2975294.0,545689,python,[JIT],0x000072878958a2fb
2975288.0,545653,python,python,list_dealloc
2975262.0,545646,python,[JIT],0x0000792aa4eed47e
2975173.0,545714,python,[JIT],0x00007f986e014060
2975117.0,545689,python,python,PyFunction_NewWithQualName
2975054.0,545653,python,[JIT],0x00007d8332b7c208
2975052.0,545700,python,python,_Py_Dealloc
2974870.0,545678,python,python,gen_dealloc
2974840.0,545689,python,[JIT],0x000072878958a1c8
2974807.0,545664,python,[JIT],0x00007f6ed9cf722c
2974631.0,545664,python,[JIT],0x00007f6ed9cf7151
2974578.0,545714,python,python,PyErr_GetRaisedException
2974569.0,545714,python,[JIT],0x00007f986d22a642
2974429.0,545700,python,[JIT],0x00007cacee0ac25e
2974391.0,545653,python,[JIT],0x00007d8331d6811f
2974383.0,545646,python,[JIT],0x0000792aa4f4306c
2974347.0,545664,python,python,PyType_GenericAlloc
2974248.0,545646,python,[JIT],0x0000792aa5483208
2974200.0,545664,python,[JIT],0x00007f6ed99e81cd
2974194.0,545653,python,[JIT],0x00007d8331d682e9
2974129.0,545714,python,[JIT],0x00007f986d23269f
2974071.0,545714,python,libc.so.6,__memmove_avx_unaligned_erms
2973954.0,545689,python,[JIT],0x0000728788bad42c
2973841.0,545714,python,[JIT],0x00007f986d33f22c
2973677.0,545664,python,[JIT],0x00007f6ed9cf7258
2973639.0,545664,python,python,_PyObject_GC_NewVar
2973602.0,545653,python,[JIT],0x00007d8331c5500a
2973562.0,545714,python,python,_PyType_AllocNoTrack
2973509.0,545714,python,[JIT],0x00007f986d33f151
2973509.0,545646,python,[JIT],0x0000792aa4f68b8e
2973489.0,545689,python,python,dictkeys_decref.part.0.constprop.0
2973458.0,545646,python,[JIT],0x0000792aa4f670ce
2973419.0,545646,python,[JIT],0x0000792aa4f431b5
2973384.0,545714,python,[JIT],0x00007f986d33f17f
2973369.0,545700,python,[JIT],0x00007cacee0d225b
2973249.0,545714,python,[JIT],0x00007f986e153338
2973195.0,545646,python,[JIT],0x0000792aa4f420ef
2973176.0,545714,python,[JIT],0x00007f986e15315f
2973166.0,545714,python,[JIT],0x00007f986e153345
2973156.0,545689,python,[kernel.kallsyms],__irqentry_text_end
2973109.0,545714,python,[JIT],0x00007f986d231537
2973108.0,545646,python,[JIT],0x0000792aa521305c
2973005.0,545646,python,python,_PyDict_FromItems
2972936.0,545646,python,[JIT],0x0000792aa4f67399
2972916.0,545689,python,[JIT],0x0000728788bad1c9
2972912.0,545700,python,[JIT],0x00007cacee0d081d
2972864.0,545664,python,[JIT],0x00007f6ed99e50f6
2972861.0,545714,python,[JIT],0x00007f986d78e052
2972686.0,545653,python,python,PyFunction_NewWithQualName
2972680.0,545653,python,python,_PyDict_LoadBuiltinsFromGlobals
2972566.0,545653,python,[JIT],0x00007d8332b7c11f
2972358.0,545689,python,[JIT],0x00007287894135d0
2972354.0,545714,python,[JIT],0x00007f986d631182
2972340.0,545653,python,[JIT],0x00007d8332a13387
2972099.0,545664,python,python,PyDict_GetItemRef
2972048.0,545700,python,[JIT],0x00007cacee0d06d9
2971997.0,545653,python,[JIT],0x00007d8331c593e9
2971981.0,545700,python,python,_PyEval_FrameClearAndPop
2971947.0,545700,python,[JIT],0x00007caceecd61b2
2971798.0,545714,python,[JIT],0x00007f986d33fc3d
2971751.0,545700,python,python,find_empty_slot
2971611.0,545646,python,[JIT],0x0000792aa4eed572
2971559.0,545653,python,[JIT],0x00007d83321ad317
2971548.0,545653,python,[JIT],0x00007d83321ad259
2971541.0,545700,python,python,dictresize
2971519.0,545664,python,[JIT],0x00007f6eda659125
2971507.0,545714,python,[JIT],0x00007f986d78c0a9
2971502.0,545646,python,[JIT],0x0000792aa4f42441
2971471.0,545714,python,[JIT],0x00007f986d33f2a8
2971467.0,545714,python,[JIT],0x00007f986e153183
2971391.0,545689,python,[JIT],0x0000728788bad736
2971375.0,545653,python,[JIT],0x00007d8331c5a29a
2971331.0,545653,python,[JIT],0x00007d83321ad0dc
2971328.0,545689,python,python,func_clear
2971291.0,545664,python,[JIT],0x00007f6ed99ea108
2971288.0,545700,python,[JIT],0x00007cacedebf3cc
2971221.0,545714,python,[JIT],0x00007f986e014151
2971167.0,545689,python,[JIT],0x0000728788a6528a
2971147.0,545689,python,[JIT],0x00007287894140dc
2971051.0,545678,python,python,list_sort_impl
2970869.0,545689,python,[JIT],0x0000728788bad610
2970713.0,545689,python,[JIT],0x000072878941411f
2970708.0,545646,python,[JIT],0x0000792aa4fae3fc
2970591.0,545714,python,[JIT],0x00007f986d33fda6
2970382.0,545664,python,[JIT],0x00007f6ed9cf70fb
2970355.0,545714,python,python,gen_close
2970353.0,545646,python,[JIT],0x0000792aa4f68052
2970291.0,545664,python,[JIT],0x00007f6ed9cf6399
2970193.0,545653,python,[JIT],0x00007d8332a131cd
2970126.0,545678,python,python,unicodekeys_lookup_unicode
2970064.0,545689,python,[JIT],0x000072878941321e
2970042.0,545664,python,[JIT],0x00007f6eda9090f4
2970037.0,545689,python,[JIT],0x000072878877114d
2969950.0,545700,python,[JIT],0x00007caceecd615f
2969870.0,545689,python,python,PyList_New.constprop.0
2969810.0,545653,python,[JIT],0x00007d8332b7c1cf
2969636.0,545714,python,[JIT],0x00007f986e013491
2969341.0,545689,python,[JIT],0x0000728788bad76e
2969339.0,545700,python,[JIT],0x00007cacee0d0882
2969329.0,545689,python,[JIT],0x000072878958a2a6
2969268.0,545714,python,[JIT],0x00007f986d33e16e
2969247.0,545714,python,[JIT],0x00007f986d33fe06
2969173.0,545664,python,python,_PyList_FromStackRefStealOnSuccess
2969074.0,545689,python,[JIT],0x00007287890eb127
2969010.0,545689,python,[JIT],0x00007287886632a5
2968971.0,545689,python,[JIT],0x00007287894131ae
2968925.0,545689,python,[JIT],0x00007287890eb312
2968871.0,545646,python,python,PyLong_FromLong
2968843.0,545689,python,[JIT],0x000072878877144a
2968840.0,545664,python,libc.so.6,__memmove_avx_unaligned_erms
2968759.0,545700,python,[JIT],0x00007caceea252d1
2968731.0,545646,python,[JIT],0x0000792aa54831fa
2968716.0,545700,python,[JIT],0x00007cacee0ac3d1
2968640.0,545714,python,[JIT],0x00007f986d33f867
2968428.0,545700,python,[JIT],0x00007cacee0d0acf
2968376.0,545653,python,python,_Py_BuildMap_StackRefSteal
2968328.0,545646,python,[JIT],0x0000792aa4f68121
2968302.0,545646,python,[JIT],0x0000792aa4fac48c
2968258.0,545689,python,[JIT],0x0000728788badd0f
2968063.0,545714,python,[JIT],0x00007f986d33f718
2967990.0,545714,python,[JIT],0x00007f986d78d38e
2967930.0,545653,python,libc.so.6,cfree@GLIBC_2.2.5
2967910.0,545700,python,python,build_indices_generic
2967857.0,545646,python,[JIT],0x0000792aa4fad158
2967818.0,545714,python,[JIT],0x00007f986d78e06a
2967778.0,545664,python,[JIT],0x00007f6eda6573f4
2967663.0,545700,python,[JIT],0x00007caceecd63c5
2967613.0,545689,python,[JIT],0x00007287890eb1e6
2967610.0,545714,python,python,func_dealloc
2967580.0,545646,python,[JIT],0x0000792aa4f6721d
2967556.0,545700,python,[JIT],0x00007caceea25139
2967448.0,545714,python,[JIT],0x00007f986e013548
2967397.0,545689,python,[JIT],0x00007287890eb33d
2967327.0,545714,python,[JIT],0x00007f986d78c233
2967285.0,545646,python,[JIT],0x0000792aa548336a
2967251.0,545653,python,[JIT],0x00007d83321ad139
2967166.0,545678,python,python,tuple_alloc
2967130.0,545664,python,[JIT],0x00007f6eda909240
2967062.0,545714,python,[JIT],0x00007f986d6311a0
2967057.0,545653,python,[JIT],0x00007d83321ac060
2967031.0,545700,python,[JIT],0x00007cacee0d00ad
2966992.0,545689,python,[JIT],0x00007287894130dc
2966974.0,545646,python,[JIT],0x0000792aa4f42362
2966956.0,545714,python,[JIT],0x00007f986d78c37a
2966949.0,545714,python,[JIT],0x00007f986d33e247
2966921.0,545714,python,python,_PyObject_GC_New
2966914.0,545700,python,[JIT],0x00007cacee0d0151
2966801.0,545700,python,[JIT],0x00007cacee0ac185
2966797.0,545714,python,[JIT],0x00007f986e1534a9
2966781.0,545689,python,[JIT],0x00007287894151f5
2966762.0,545700,python,[JIT],0x00007cacee0aa362
2966723.0,545714,python,[JIT],0x00007f986d33fa6d
2966703.0,545714,python,[JIT],0x00007f986d33d259
2966679.0,545646,python,python,memcpy@plt
2966644.0,545653,python,[JIT],0x00007d8331d6886e
2966644.0,545700,python,[JIT],0x00007cacee0d0674
2966613.0,545700,python,[JIT],0x00007caceea24170
2966571.0,545653,python,[JIT],0x00007d8331d688ee
2966568.0,545664,python,[JIT],0x00007f6ed9cf7121
2966312.0,545664,python,[JIT],0x00007f6ed99eb076
2966203.0,545664,python,python,_PyDict_SetItem_Take2
2965955.0,545714,python,[JIT],0x00007f986d33fb2d
2965856.0,545714,python,[JIT],0x00007f986d2310cd
2965838.0,545714,python,[JIT],0x00007f986e15322d
2965835.0,545700,python,[JIT],0x00007cacedebe236
2965716.0,545714,python,[JIT],0x00007f986d23007b
2965611.0,545689,python,[JIT],0x0000728788772081
2965429.0,545653,python,[JIT],0x00007d83321ad1ce
2965290.0,545646,python,python,memset@plt
2965238.0,545653,python,[JIT],0x00007d8332b7c20d
2965186.0,545678,python,python,build_indices_generic
2965161.0,545646,python,[JIT],0x0000792aa54834c5
2964903.0,545700,python,[JIT],0x00007cacee0aa1a4
2964860.0,545689,python,[JIT],0x0000728788a6516e
2964815.0,545664,python,[JIT],0x00007f6ed99e720d
2964782.0,545646,python,[JIT],0x0000792aa4f43089
2964758.0,545664,python,libc.so.6,cfree@GLIBC_2.2.5
2964646.0,545714,python,[JIT],0x00007f986d231209
2964594.0,545664,python,python,_PyEvalFramePushAndInit
2964532.0,545689,python,[JIT],0x0000728788bad674
2964408.0,545664,python,python,PyObject_GC_Del
2964390.0,545700,python,[JIT],0x00007cacee0aa108
2964369.0,545664,python,[JIT],0x00007f6eda9090b9
2964342.0,545646,python,[JIT],0x0000792aa4fae599
2964095.0,545664,python,[JIT],0x00007f6ed99e7076
2963849.0,545700,python,python,tuple_subscript
2963848.0,545653,python,[JIT],0x00007d8331c5a0cd
2963797.0,545653,python,[JIT],0x00007d8331d6728a
2963603.0,545664,python,[JIT],0x00007f6ed99ea108
2963510.0,545646,python,[JIT],0x0000792aa4fae22d
2963422.0,545646,python,[JIT],0x0000792aa4f682ba
2963343.0,545678,python,[JIT],0x00007b9f7de2a3e7
2963238.0,545689,python,[JIT],0x0000728788772068
2963217.0,545653,python,[JIT],0x00007d83321ad5af
2963038.0,545714,python,[JIT],0x00007f986d33e28a
2962947.0,545714,python,[JIT],0x00007f986d23115b
2962915.0,545678,python,libc.so.6,__memmove_avx_unaligned_erms
2962900.0,545714,python,python,_PyFunction_SetVersion
2962631.0,545653,python,[JIT],0x00007d8331c5932d
2962575.0,545689,python,[JIT],0x0000728788badd08
2962504.0,545689,python,[JIT],0x0000728789416139
2962480.0,545646,python,[JIT],0x0000792aa4fad1db
2962462.0,545653,python,python,PyDict_GetItemRef
2962448.0,545653,python,[JIT],0x00007d8332a1318d
2962385.0,545714,python,[JIT],0x00007f986d33f874
2962345.0,545664,python,[JIT],0x00007f6ed9cf6176
2962280.0,545700,python,[JIT],0x00007caceea251a0
2961921.0,545664,python,[JIT],0x00007f6eda6590d2
2961822.0,545700,python,[JIT],0x00007cacee0d2226
2961753.0,545646,python,[JIT],0x0000792aa4fae1f5
2961455.0,545689,python,[JIT],0x0000728788bad745
2961354.0,545646,python,[JIT],0x0000792aa4f688f2
2960738.0,545653,python,python,PyNumber_AsSsize_t
2960338.0,545653,python,[JIT],0x00007d8332b7c14d
2959406.0,545700,python,[JIT],0x00007caceecd6247
2959287.0,545653,python,[JIT],0x00007d8331d66248
2959060.0,545646,python,[JIT],0x0000792aa4fad2b1
2958845.0,545689,python,[JIT],0x000072878958a189
2958606.0,545664,python,[JIT],0x00007f6eda658692
2958568.0,545714,python,[JIT],0x00007f986e0140b9
2958085.0,545700,python,[JIT],0x00007caceea25599
2957822.0,545664,python,[JIT],0x00007f6ed9cf634b
2956317.0,545653,python,[JIT],0x00007d8331d6823b
2955911.0,545714,python,[JIT],0x00007f986e1534b3
2955906.0,545714,python,[JIT],0x00007f986d78e25e
2955887.0,545646,python,[JIT],0x0000792aa4eed5d1
2954840.0,545689,python,[JIT],0x0000728789413000
2954298.0,545653,python,python,_PyDict_FromItems
2954169.0,545646,python,[JIT],0x0000792aa4f688e3
2954061.0,545653,python,[JIT],0x00007d8332a1376a
2954034.0,545646,python,[JIT],0x0000792aa54830fb
2954018.0,545653,python,[JIT],0x00007d8331d68c41
2954014.0,545700,python,python,PyObject_Free
2954005.0,545653,python,[JIT],0x00007d8331c5a15e
2953990.0,545646,python,[JIT],0x0000792aa4f673d5
2953978.0,545646,python,[JIT],0x0000792aa4f682d9
2953958.0,545700,python,[JIT],0x00007cacee0ac0a9
2953948.0,545689,python,python,PyDict_GetItemRef
2953903.0,545700,python,[JIT],0x00007cacee0d0c04
2953875.0,545653,python,[JIT],0x00007d83321ad170
2953822.0,545700,python,[JIT],0x00007cacee0ab1c2
2953811.0,545700,python,[JIT],0x00007cacee0d259a
2953804.0,545700,python,[JIT],0x00007caceecd61d2
2953801.0,545646,python,python,PyErr_Occurred
2953795.0,545653,python,[JIT],0x00007d8331d68a1f
2953770.0,545700,python,[JIT],0x00007caceecd6263
2953749.0,545646,python,python,_PyObject_InitInlineValues
2953689.0,545664,python,[JIT],0x00007f6eda65911f
2953654.0,545700,python,[JIT],0x00007cacee0d052d
2953651.0,545653,python,[JIT],0x00007d8331d6857c
2953601.0,545700,python,[JIT],0x00007cacedebf1cd
2953579.0,545714,python,[JIT],0x00007f986d78d51b
2953575.0,545700,python,[JIT],0x00007cacee0ac33d
2953535.0,545700,python,[JIT],0x00007caceddad642
2953513.0,545664,python,[JIT],0x00007f6eda909247
2953487.0,545664,python,[JIT],0x00007f6ed99e50a2
2953421.0,545653,python,[JIT],0x00007d8331d6846f
2952995.0,545700,python,[JIT],0x00007cacedebe3e9
2952990.0,545646,python,[JIT],0x0000792aa4f42247
2952845.0,545646,python,[JIT],0x0000792aa5483189
2952760.0,545700,python,[JIT],0x00007caceea2418f
2952731.0,545646,python,[JIT],0x0000792aa4f68dee
2952672.0,545646,python,[JIT],0x0000792aa5483064
2952618.0,545653,python,[JIT],0x00007d83321ac1d7
2952551.0,545664,python,[JIT],0x00007f6ed9cf7fc9
2952501.0,545646,python,[JIT],0x0000792aa4eee69f
2952246.0,545664,python,[JIT],0x00007f6ed99e708b
2952222.0,545664,python,[JIT],0x00007f6ed99e607b
2952206.0,545664,python,[JIT],0x00007f6eda658579
2952196.0,545714,python,[JIT],0x00007f986d63114e
2951984.0,545714,python,[JIT],0x00007f986e013127
2951885.0,545714,python,[JIT],0x00007f986d33fc04
2951739.0,545646,python,[JIT],0x0000792aa4f68bd7
2951560.0,545664,python,[JIT],0x00007f6ed9cf6320
2951405.0,545714,python,[JIT],0x00007f986d33e143
2950895.0,545664,python,[JIT],0x00007f6ed99e869f
2950729.0,545714,python,[JIT],0x00007f986e1532fb
2950626.0,545646,python,[JIT],0x0000792aa4f68749
2950451.0,545700,python,[JIT],0x00007caceecd64b3
2950437.0,545700,python,[JIT],0x00007caceea25412
2950435.0,545653,python,[JIT],0x00007d83321ad1c5
2950374.0,545700,python,[JIT],0x00007caceecd61d5
2950261.0,545646,python,[JIT],0x0000792aa4f67154
2950113.0,545714,python,[JIT],0x00007f986d78c197
2950081.0,545646,python,[JIT],0x0000792aa4fae4ca
2949979.0,545664,python,[JIT],0x00007f6ed99eb0df
2949362.0,545653,python,[JIT],0x00007d8332b7c1f2
2949168.0,545664,python,[JIT],0x00007f6ed99eb1c7
2949042.0,545700,python,[JIT],0x00007cacee0d0644
2948717.0,545664,python,python,subtype_dealloc
2948379.0,545664,python,python,PyObject_Free
2948318.0,545664,python,[JIT],0x00007f6eda658503
2947619.0,545664,python,[JIT],0x00007f6eda9094b3
2947589.0,545653,python,[JIT],0x00007d8331c5a642
2947387.0,545646,python,[JIT],0x0000792aa4f68484
2946944.0,545646,python,[JIT],0x0000792aa5483149
2946702.0,545653,python,[JIT],0x00007d833205a1c2
2946462.0,545653,python,[JIT],0x00007d8331c5442a
2945881.0,545700,python,[JIT],0x00007caceea2415f
2945581.0,545664,python,[JIT],0x00007f6eda2eb114
2945077.0,545700,python,python,dictkeys_decref.part.0.constprop.0
2944521.0,545689,python,[JIT],0x000072878958a10c
2944360.0,545653,python,[JIT],0x00007d8331d68127
2944338.0,545664,python,[JIT],0x00007f6eda6580ce
2943610.0,545653,python,[JIT],0x00007d83321ac165
2943061.0,545653,python,[JIT],0x00007d8331c5a1c4
2942306.0,545664,python,[JIT],0x00007f6ed99e90d2
2942091.0,545700,python,[JIT],0x00007cacee0d08cb
2941999.0,545664,python,[JIT],0x00007f6eda2eb718
2941911.0,545653,python,[JIT],0x00007d8331d662ce
2941772.0,545664,python,[JIT],0x00007f6ed9cf74c2
2941176.0,545714,python,[JIT],0x00007f986d78e0ff
2941016.0,545700,python,[JIT],0x00007caceea24127
2940794.0,545664,python,python,PyList_New.constprop.0
2938402.0,545646,python,python,_PyEvalFramePushAndInit
2937019.0,545653,python,[JIT],0x00007d83321ad15f
2936508.0,545700,python,[JIT],0x00007cacee0d0121
2936387.0,545653,python,[JIT],0x00007d83321ae22f
2936273.0,545700,python,[JIT],0x00007cacedebe592
2934472.0,545689,python,[JIT],0x00007287890eb233
2934385.0,545653,python,[JIT],0x00007d8331d68b7f
2932870.0,545664,python,[JIT],0x00007f6ed99e71cd
2932711.0,545664,python,[JIT],0x00007f6ed9886003
2932625.0,545700,python,[JIT],0x00007cacee0d0e34
2932248.0,545714,python,[JIT],0x00007f986d2314b2
2932224.0,545653,python,[JIT],0x00007d8331d68c00
2931126.0,545664,python,[JIT],0x00007f6ed99eb0eb
2929489.0,545653,python,[JIT],0x00007d8331c5a5d1
2929469.0,545646,python,[JIT],0x0000792aa4f686b6
2929193.0,545653,python,[JIT],0x00007d83321ae2a2
2928277.0,545664,python,[JIT],0x00007f6eda65711f
2927376.0,545646,python,[JIT],0x0000792aa4f68e10
2926578.0,545700,python,[JIT],0x00007cacedec02b0
2925706.0,545653,python,[JIT],0x00007d8332b7c366
2925557.0,545664,python,[JIT],0x00007f6ed9cf7890
2925290.0,545664,python,[JIT],0x00007f6eda909139
2924369.0,545653,python,[JIT],0x00007d83321ad53c
2924334.0,545689,python,[JIT],0x000072878958a12f
2924110.0,545653,python,[JIT],0x00007d83321ae283
2921410.0,545678,python,[JIT],0x00007b9f7dfdb10c
2919999.0,545664,python,[JIT],0x00007f6ed99eb0b1
2919128.0,545664,python,[JIT],0x00007f6ed99e926b
2916423.0,545714,python,[JIT],0x00007f986d78d0ff
2915021.0,545653,python,[JIT],0x00007d8331d68a99
2913411.0,545714,python,[JIT],0x00007f986e153110
2911043.0,545664,python,[JIT],0x00007f6eda65741a
2910777.0,545689,python,[JIT],0x00007287894132f1
2908761.0,545689,python,python,insert_to_emptydict
2905309.0,545700,python,[JIT],0x00007cacee0ac2e9
2903611.0,545664,python,[JIT],0x00007f6ed9cf7247
2894467.0,545664,python,[JIT],0x00007f6ed99e6015
2893153.0,545653,python,[JIT],0x00007d8332a13170
2887450.0,545700,python,[JIT],0x00007caceea250ce
2883768.0,545646,python,[JIT],0x0000792aa5483110
2883562.0,545646,python,[JIT],0x0000792aa4f68b91
2876115.0,545664,python,[JIT],0x00007f6ed9cf637a
2872491.0,545646,python,[JIT],0x0000792aa4f422ea
2870925.0,545700,python,python,_Py_MakeCoro
2867258.0,545689,python,[JIT],0x000072878941546f
2857854.0,545664,python,python,memcpy@plt
2853120.0,545689,python,[JIT],0x000072878941351b
2848611.0,545664,python,[JIT],0x00007f6eda658127
2845250.0,545689,python,python,_PyDict_SetItem_Take2
2838979.0,545689,python,[JIT],0x0000728788badb6b
2831079.0,545653,python,[JIT],0x00007d8332a1415b
2829142.0,545646,python,[JIT],0x0000792aa4f6828d
2824286.0,545664,python,[JIT],0x00007f6ed99ea0ef
2793461.0,545700,python,[JIT],0x00007cacee0d00ff
2779543.0,545646,python,[JIT],0x0000792aa4f68604
2774700.0,545664,python,[JIT],0x00007f6ed99e84c0
2769063.0,545653,python,python,_PyDict_SetItem_Take2
2735411.0,545714,python,[JIT],0x00007f986e15332c
2707759.0,545664,python,python,_PyDict_LoadBuiltinsFromGlobals
2682651.0,545664,python,[JIT],0x00007f6eda9091d5
2676114.0,545700,python,[JIT],0x00007cacee0d0b9c
2657166.0,545653,python,python,gen_close
2651102.0,545664,python,[JIT],0x00007f6ed9cf7be8
2600781.0,545664,python,python,_PyThreadState_PopFrame
2576793.0,545653,python,[JIT],0x00007d8332b7c0ea
2557592.0,545700,python,[JIT],0x00007caceea26125
2410742.0,545664,python,python,PyNumber_AsSsize_t
2389338.0,545653,python,python,list_sort_impl
1988788.0,545700,python,[JIT],0x00007cacee0d01de
1986723.0,545714,python,[JIT],0x00007f986d231406
1986320.0,545714,python,[JIT],0x00007f986d78c206
1986276.0,545646,python,[JIT],0x0000792aa4f6842c
1986274.0,545646,python,[JIT],0x0000792aa4f68c73
1986264.0,545646,python,[JIT],0x0000792aa4f430df
1986255.0,545689,python,[JIT],0x0000728788bad26d
1986248.0,545714,python,[JIT],0x00007f986e153208
1986248.0,545646,python,[JIT],0x0000792aa4fac21e
1986234.0,545700,python,[JIT],0x00007caceea241b6
1986233.0,545714,python,[JIT],0x00007f986d78d114
1986228.0,545714,python,[JIT],0x00007f986d2303cb
1986223.0,545714,python,[JIT],0x00007f986d78e15f
1986213.0,545653,python,[JIT],0x00007d8332b7c060
1986213.0,545714,python,[JIT],0x00007f986d2310f7
1986207.0,545714,python,[JIT],0x00007f986e1530c3
1986197.0,545646,python,[JIT],0x0000792aa4f689f9
1986195.0,545700,python,[JIT],0x00007caceea242b1
1986194.0,545714,python,[JIT],0x00007f986d33f30f
1986193.0,545646,python,[JIT],0x0000792aa455a474
1986191.0,545689,python,[JIT],0x0000728788badce0
1986190.0,545714,python,[JIT],0x00007f986d2304fc
1986190.0,545689,python,[JIT],0x0000728789415286
1986187.0,545714,python,[JIT],0x00007f986d78d06a
1986182.0,545653,python,[JIT],0x00007d8331d689b7
1986182.0,545700,python,[JIT],0x00007cacee0d2345
1986176.0,545714,python,[JIT],0x00007f986d33f707
1986175.0,545689,python,[JIT],0x0000728788772406
1986174.0,545714,python,[JIT],0x00007f986d2303b6
1986170.0,545714,python,[JIT],0x00007f986d33f121
1986158.0,545646,python,[JIT],0x0000792aa4f67185
1986153.0,545689,python,[JIT],0x0000728788bad53e
1986148.0,545689,python,[JIT],0x0000728789415456
1986139.0,545714,python,[JIT],0x00007f986e0130ea
1986137.0,545646,python,[JIT],0x0000792aa4f68acf
1986134.0,545714,python,[JIT],0x00007f986d22968b
1986133.0,545646,python,[JIT],0x0000792aa4fac253
1986132.0,545653,python,[JIT],0x00007d8332a142f4
1986130.0,545714,python,[JIT],0x00007f986d22f1cd
1986130.0,545689,python,[JIT],0x00007287894130cb
1986125.0,545653,python,[JIT],0x00007d8331d68a4e
1986123.0,545653,python,[JIT],0x00007d8332a134ef
1986118.0,545714,python,[JIT],0x00007f986d631130
1986118.0,545689,python,[JIT],0x0000728788bad3be
1986115.0,545689,python,[kernel.kallsyms],sync_regs
1986113.0,545700,python,[JIT],0x00007caceecd6338
1986111.0,545689,python,[JIT],0x00007287887711c4
1986111.0,545689,python,[JIT],0x0000728788badfa0
1986107.0,545653,python,[JIT],0x00007d8331c5b1be
1986106.0,545689,python,[JIT],0x0000728788773203
1986106.0,545646,python,[JIT],0x0000792aa4f68d9f
1986103.0,545689,python,[JIT],0x000072878958a17f
1986102.0,545714,python,python,_PyThreadState_PopFrame
1986102.0,545714,python,[JIT],0x00007f986e013599
1986101.0,545714,python,[JIT],0x00007f986d232412
1986100.0,545700,python,python,list_length
1986094.0,545714,python,[JIT],0x00007f986e0131be
1986092.0,545689,python,[JIT],0x0000728788baddd0
1986089.0,545653,python,[JIT],0x00007d83321ad0ff
1986089.0,545646,python,[JIT],0x0000792aa4f68e6f
1986088.0,545689,python,[kernel.kallsyms],irq_enter_rcu
1986086.0,545714,python,[JIT],0x00007f986e013579
1986085.0,545714,python,[JIT],0x00007f986d22f0d0
1986085.0,545646,python,[JIT],0x0000792aa4eee2e7
1986083.0,545689,python,[JIT],0x000072878941418f
1986080.0,545700,python,[JIT],0x00007caceea250a9
1986079.0,545714,python,[JIT],0x00007f986d78c410
1986079.0,545646,python,[JIT],0x0000792aa4eed3b6
1986076.0,545689,python,[JIT],0x0000728789413409
1986076.0,545689,python,[JIT],0x000072878941357e
1986074.0,545700,python,[JIT],0x00007cacedebe2f6
1986073.0,545689,python,[JIT],0x0000728788a654b6
1986073.0,545700,python,[JIT],0x00007cacee0d249f
1986072.0,545689,python,[JIT],0x0000728788bac09b
1986070.0,545689,python,[JIT],0x0000728788bac0bc
1986069.0,545700,python,[JIT],0x00007cacee0d2151
1986069.0,545646,python,[JIT],0x0000792aa4f68dd4
1986068.0,545646,python,[JIT],0x0000792aa54831d2
1986062.0,545646,python,[JIT],0x0000792aa5213149
1986056.0,545689,python,[JIT],0x000072878958a4ba
1986056.0,545646,python,[JIT],0x0000792aa4f42475
1986055.0,545714,python,[JIT],0x00007f986d78d722
1986054.0,545653,python,[JIT],0x00007d8331d687c0
1986053.0,545653,python,[JIT],0x00007d8331d6889c
1986049.0,545646,python,[JIT],0x0000792aa4f68b3f
1986048.0,545714,python,[JIT],0x00007f986d2321cd
1986047.0,545689,python,[JIT],0x0000728789416127
1986045.0,545700,python,[JIT],0x00007cacee0d0476
1986043.0,545714,python,[JIT],0x00007f986d33f86e
1986043.0,545714,python,[JIT],0x00007f986d6311b5
1986043.0,545646,python,[JIT],0x0000792aa5483123
1986042.0,545689,python,[JIT],0x0000728788bad874
1986042.0,545700,python,[JIT],0x00007caceea24121
1986039.0,545689,python,python,PyErr_GetRaisedException
1986037.0,545689,python,[JIT],0x00007287894153ec
1986027.0,545646,python,[JIT],0x0000792aa4667b21
1986026.0,545714,python,[JIT],0x00007f986d33d188
1986026.0,545689,python,[JIT],0x000072878877369f
1986024.0,545714,python,[JIT],0x00007f986d33e2fc
1986023.0,545714,python,[JIT],0x00007f986d23107b
1986021.0,545689,python,[JIT],0x0000728788772236
1986019.0,545700,python,[JIT],0x00007cacedebe1e2
1986018.0,545689,python,[JIT],0x000072878941417f
1986018.0,545689,python,[JIT],0x000072878941517f
1986017.0,545646,python,[JIT],0x0000792aa4fac05c
1986013.0,545653,python,[JIT],0x00007d8332a131fb
1986013.0,545714,python,[JIT],0x00007f986d33f909
1986011.0,545689,python,[JIT],0x000072878866428b
1986008.0,545646,python,[JIT],0x0000792aa4eeb124
1986005.0,545689,python,[JIT],0x0000728788bad57c
1986004.0,545678,python,[JIT],0x00007b9f7de2924a
1986003.0,545714,python,[JIT],0x00007f986d33fbdb
1986003.0,545689,python,[JIT],0x00007287894160f8
1986002.0,545689,python,[JIT],0x0000728788bad749
1986002.0,545689,python,[JIT],0x00007287894134e3
1986001.0,545653,python,[JIT],0x00007d8331c552db
1985998.0,545646,python,[JIT],0x0000792aa4eee7d8
1985997.0,545714,python,[JIT],0x00007f986d78d36e
1985997.0,545689,python,[JIT],0x00007287887732ed
1985996.0,545653,python,[JIT],0x00007d83321ac18f
1985996.0,545714,python,[JIT],0x00007f986d33f906
1985996.0,545689,python,[JIT],0x000072878958a4d7
1985995.0,545689,python,[JIT],0x000072878941328d
1985991.0,545653,python,[JIT],0x00007d8332a13060
1985991.0,545689,python,[JIT],0x00007287890eb320
1985990.0,545714,python,[JIT],0x00007f986e013483
1985990.0,545646,python,[JIT],0x0000792aa4fac37b
1985989.0,545646,python,[JIT],0x0000792aa4fad1f0
1985988.0,545714,python,[JIT],0x00007f986e01412b
1985985.0,545714,python,[JIT],0x00007f986e15320d
1985983.0,545714,python,[JIT],0x00007f986d22a494
1985983.0,545646,python,[JIT],0x0000792aa4fae73a
1985982.0,545689,python,[JIT],0x0000728789413444
1985980.0,545714,python,[JIT],0x00007f986d33e0ef
1985979.0,545714,python,[JIT],0x00007f986d2310bb
1985978.0,545689,python,[kernel.kallsyms],timekeeping_advance
1985978.0,545700,python,[JIT],0x00007cacedec013e
1985974.0,545689,python,[JIT],0x0000728788a654f4
1985973.0,545689,python,[JIT],0x00007287890eb2e9
1985968.0,545714,python,[JIT],0x00007f986d33f95f
1985967.0,545689,python,[JIT],0x0000728788a6528c
1985966.0,545689,python,[JIT],0x000072878958a37c
1985963.0,545689,python,[JIT],0x0000728788badb0e
1985962.0,545689,python,[JIT],0x0000728788bac124
1985962.0,545700,python,[JIT],0x00007caceea2615b
1985960.0,545646,python,[JIT],0x0000792aa4f420df
1985960.0,545646,python,[JIT],0x0000792aa5213139
1985957.0,545714,python,[JIT],0x00007f986d33feba
1985955.0,545714,python,[JIT],0x00007f986d78d279
1985955.0,545689,python,[JIT],0x0000728788a653f0
1985952.0,545653,python,[JIT],0x00007d83321ad2b1
1985952.0,545646,python,[JIT],0x0000792aa4f672df
1985952.0,545646,python,[JIT],0x0000792aa4fac191
1985951.0,545653,python,[JIT],0x00007d8331d68788
1985951.0,545653,python,[JIT],0x00007d8332a1331f
1985948.0,545653,python,[JIT],0x00007d8332b7c227
1985946.0,545700,python,[JIT],0x00007caceecd604c
1985941.0,545689,python,[JIT],0x0000728788bad1a4
1985940.0,545653,python,[JIT],0x00007d8331c593f3
1985940.0,545646,python,[JIT],0x0000792aa52130ce
1985939.0,545653,python,[JIT],0x00007d8331c5b579
1985939.0,545689,python,[JIT],0x0000728788a65259
1985937.0,545653,python,[JIT],0x00007d83321ac3d5
1985937.0,545714,python,python,PyObject_ClearManagedDict
1985935.0,545714,python,[JIT],0x00007f986e01310c
1985935.0,545689,python,[JIT],0x000072878865ffc1
1985935.0,545646,python,[JIT],0x0000792aa4eee3e7
1985934.0,545653,python,[JIT],0x00007d8331d664e0
1985932.0,545653,python,python,gen_finalize
1985931.0,545689,python,[JIT],0x0000728788bad0cb
1985931.0,545689,python,[JIT],0x0000728789415595
1985928.0,545653,python,[JIT],0x00007d8331c5a1d5
1985928.0,545714,python,[JIT],0x00007f986d78e170
1985928.0,545646,python,[JIT],0x0000792aa4f686a7
1985927.0,545646,python,[JIT],0x0000792aa4f67165
1985924.0,545700,python,[JIT],0x00007caceea2571f
1985923.0,545653,python,[JIT],0x00007d833205a17a
1985921.0,545689,python,[JIT],0x000072878941311b
1985920.0,545653,python,python,_PyObject_GC_New
1985918.0,545678,python,python,PyDict_GetItemRef
1985918.0,545689,python,[JIT],0x00007287894141a7
1985915.0,545653,python,[JIT],0x00007d8332a1370f
1985914.0,545653,python,[JIT],0x00007d833205a17a
1985911.0,545714,python,[JIT],0x00007f986d33d1a8
1985911.0,545700,python,[JIT],0x00007cacee0aa0a7
1985907.0,545689,python,[JIT],0x000072878865e452
1985905.0,545653,python,[JIT],0x00007d83319f400a
1985905.0,545653,python,[JIT],0x00007d8331c5a39f
1985905.0,545689,python,[JIT],0x0000728788bada1f
1985905.0,545700,python,[JIT],0x00007caceea250ea
1985903.0,545646,python,[JIT],0x0000792aa4f68c37
1985901.0,545653,python,[JIT],0x00007d8331d68b9c
1985901.0,545689,python,[JIT],0x000072878941441a
1985900.0,545689,python,[JIT],0x0000728789415203
1985900.0,545646,python,[JIT],0x0000792aa4f4116d
1985898.0,545689,python,[JIT],0x0000728788772254
1985898.0,545700,python,[JIT],0x00007caceea240c7
1985897.0,545689,python,[JIT],0x00007287894140ad
1985897.0,545689,python,[JIT],0x000072878958a00a
1985896.0,545700,python,[JIT],0x00007caceea254bc
1985894.0,545689,python,[JIT],0x0000728789415740
1985892.0,545653,python,[JIT],0x00007d8331d68745
1985891.0,545689,python,[JIT],0x0000728788badb7b
1985891.0,545689,python,[JIT],0x000072878958a208
1985889.0,545714,python,[JIT],0x00007f986e153158
1985885.0,545646,python,[JIT],0x0000792aa548300a
1985883.0,545646,python,[JIT],0x0000792aa4eeb0b0
1985882.0,545646,python,[JIT],0x0000792aa4f412d3
1985881.0,545714,python,[JIT],0x00007f986d33f51e
1985880.0,545653,python,python,PyType_GenericAlloc
1985876.0,545689,python,[JIT],0x000072878941640f
1985875.0,545653,python,[JIT],0x00007d83321ad2e5
1985873.0,545646,python,[JIT],0x0000792aa4fac413
1985871.0,545653,python,[JIT],0x00007d8332b7c282
1985871.0,545714,python,[JIT],0x00007f986d33f361
1985870.0,545653,python,[JIT],0x00007d8331d6821e
1985870.0,545653,python,[JIT],0x00007d8332a13127
1985870.0,545689,python,[JIT],0x00007287894153e3
1985869.0,545653,python,[JIT],0x00007d8331c595d1
1985868.0,545646,python,[JIT],0x0000792aa4f422db
1985867.0,545653,python,[JIT],0x00007d8331c5a522
1985866.0,545653,python,[JIT],0x00007d8331c5934a
1985865.0,545653,python,[JIT],0x00007d83321ac286
1985865.0,545700,python,[JIT],0x00007cacee0aa9a9
1985865.0,545700,python,[JIT],0x00007caceea252e7
1985863.0,545689,python,[JIT],0x000072878941522d
1985860.0,545653,python,[JIT],0x00007d8331d68484
1985859.0,545700,python,[JIT],0x00007cacedebd3f3
1985859.0,545700,python,[JIT],0x00007cacedebf431
1985858.0,545700,python,[JIT],0x00007cacee0d25e5
1985857.0,545689,python,[JIT],0x0000728789413410
1985856.0,545678,python,[JIT],0x00007b9f7dfdb335
1985856.0,545714,python,[JIT],0x00007f986e01349b
1985848.0,545653,python,[JIT],0x00007d83321ae41d
1985844.0,545646,python,[JIT],0x0000792aa4f68cc9
1985841.0,545653,python,[JIT],0x00007d8331d68e14
1985841.0,545700,python,[JIT],0x00007cacee0d0fc9
1985839.0,545646,python,[JIT],0x0000792aa455a71a
1985838.0,545689,python,[JIT],0x0000728788badc04
1985838.0,545700,python,[JIT],0x00007caceddb20b0
1985838.0,545700,python,[JIT],0x00007cacee0aa4f0
1985834.0,545714,python,[JIT],0x00007f986d33e2db
1985832.0,545700,python,[JIT],0x00007caceea25151
1985831.0,545646,python,[JIT],0x0000792aa4fac57e
1985824.0,545714,python,[JIT],0x00007f986e15326d
1985824.0,545646,python,[JIT],0x0000792aa4eee1f5
1985821.0,545664,python,[JIT],0x00007f6eda2eb06a
1985820.0,545714,python,[JIT],0x00007f986d78c060
1985819.0,545689,python,[JIT],0x0000728789413555
1985815.0,545714,python,[JIT],0x00007f986e0134c0
1985812.0,545646,python,[JIT],0x0000792aa4eed1bf
1985811.0,545653,python,[JIT],0x00007d8331c5a47e
1985808.0,545700,python,[JIT],0x00007caceea240ff
1985808.0,545646,python,[JIT],0x0000792aa4f673d1
1985806.0,545700,python,[JIT],0x00007cacedebd572
1985806.0,545700,python,[JIT],0x00007cacee0aa38d
1985805.0,545689,python,[JIT],0x000072878958a1cf
1985804.0,545689,python,[JIT],0x0000728788a65312
1985803.0,545689,python,[JIT],0x0000728788bad6c6
1985801.0,545700,python,[JIT],0x00007cacedebf0ce
1985801.0,545700,python,[JIT],0x00007cacee0ab0ff
1985800.0,545714,python,[JIT],0x00007f986d22a2ca
1985799.0,545689,python,[JIT],0x000072878941411b
1985799.0,545646,python,[JIT],0x0000792aa4fae76a
1985798.0,545700,python,[JIT],0x00007caceea2612b
1985797.0,545653,python,[JIT],0x00007d83321ad010
1985795.0,545646,python,[JIT],0x0000792aa5483399
1985794.0,545714,python,[JIT],0x00007f986d33ffb1
1985790.0,545700,python,[JIT],0x00007cacee0d0010
1985788.0,545653,python,[JIT],0x00007d83321ad22b
1985788.0,545714,python,[JIT],0x00007f986d33fc49
1985788.0,545689,python,[JIT],0x0000728788badd1f
1985786.0,545646,python,[JIT],0x0000792aa4f689ac
1985783.0,545653,python,[JIT],0x00007d8331c5a371
1985782.0,545653,python,[JIT],0x00007d8331d670ef
1985781.0,545653,python,[JIT],0x00007d8332b7c21f
1985781.0,545646,python,[JIT],0x0000792aa4fad3fe
1985780.0,545714,python,[JIT],0x00007f986e01369a
1985778.0,545689,python,[JIT],0x0000728788bad857
1985773.0,545653,python,[JIT],0x00007d8332a14139
1985771.0,545678,python,python,PyObject_Size
1985771.0,545714,python,[JIT],0x00007f986d78d49a
1985771.0,545689,python,[JIT],0x0000728788bac1c2
1985766.0,545653,python,[JIT],0x00007d8332a13332
1985765.0,545646,python,[JIT],0x0000792aa4eec081
1985763.0,545689,python,[JIT],0x000072878941336e
1985762.0,545653,python,[JIT],0x00007d8331d672bc
1985762.0,545653,python,[JIT],0x00007d8331d68c8c
1985758.0,545646,python,[JIT],0x0000792aa4f68c31
1985756.0,545714,python,[JIT],0x00007f986d33f1de
1985755.0,545700,python,[JIT],0x00007cacee0d2052
1985753.0,545700,python,[JIT],0x00007caceea24206
1985748.0,545700,python,[JIT],0x00007cacee0ab000
1985747.0,545678,python,python,PyObject_IsTrue
1985747.0,545714,python,python,PyMem_Free
1985747.0,545714,python,[JIT],0x00007f986d2304bb
1985746.0,545689,python,[JIT],0x00007287890eb286
1985745.0,545664,python,[JIT],0x00007f6eda659149
1985745.0,545714,python,[JIT],0x00007f986d78d718
1985744.0,545714,python,[JIT],0x00007f986e1530ee
1985743.0,545653,python,[JIT],0x00007d8331d66228
1985743.0,545646,python,[JIT],0x0000792aa4eec38a
1985742.0,545714,python,[JIT],0x00007f986e153267
1985742.0,545689,python,[JIT],0x00007287894161e3
1985742.0,545700,python,[JIT],0x00007cacee0d0ea6
1985739.0,545700,python,[JIT],0x00007caceddaa00a
1985737.0,545646,python,[JIT],0x0000792aa5483151
1985733.0,545689,python,[JIT],0x000072878865ffbe
1985733.0,545700,python,[JIT],0x00007cacee0ab10f
1985731.0,545689,python,[JIT],0x0000728788664903
1985731.0,545700,python,[JIT],0x00007cacedebe21b
1985730.0,545714,python,[JIT],0x00007f986d78d538
1985729.0,545653,python,python,PyErr_SetRaisedException
1985728.0,545664,python,[JIT],0x00007f6eda9091fa
1985725.0,545653,python,[JIT],0x00007d83321ac2df
1985724.0,545714,python,[JIT],0x00007f986e0130ff
1985721.0,545700,python,[JIT],0x00007cacedebe5c0
1985719.0,545714,python,[JIT],0x00007f986d33f195
1985719.0,545689,python,[JIT],0x00007287894142c7
1985719.0,545689,python,[JIT],0x0000728789416121
1985719.0,545700,python,[JIT],0x00007cacedebd5b2
1985715.0,545646,python,[JIT],0x0000792aa4fac18b
1985711.0,545714,python,[JIT],0x00007f986e01311f
1985710.0,545714,python,[JIT],0x00007f986d33fb0e
1985709.0,545664,python,[JIT],0x00007f6ed9cf79f9
1985709.0,545664,python,[JIT],0x00007f6eda909109
1985708.0,545646,python,[JIT],0x0000792aa4f68335
1985707.0,545700,python,[JIT],0x00007cacee0d08a1
1985706.0,545646,python,[JIT],0x0000792aa4eee0dc
1985703.0,545664,python,[JIT],0x00007f6eda6584f8
1985703.0,545689,python,[JIT],0x0000728789415c69
1985702.0,545653,python,[JIT],0x00007d8331c5a2e1
1985702.0,545653,python,[JIT],0x00007d8331d68dad
1985702.0,545714,python,[JIT],0x00007f986d2324c0
1985699.0,545689,python,[JIT],0x000072878941325b
1985698.0,545664,python,[JIT],0x00007f6eda657121
1985697.0,545653,python,[JIT],0x00007d8332a1330f
1985697.0,545714,python,[JIT],0x00007f986d78e191
1985697.0,545714,python,[JIT],0x00007f986e01341a
1985695.0,545714,python,[JIT],0x00007f986d33f42c
1985693.0,545700,python,python,PyErr_GetRaisedException
1985692.0,545714,python,python,unsafe_tuple_compare
1985692.0,545689,python,[JIT],0x0000728788771457
1985691.0,545700,python,[JIT],0x00007cacedebd5b6
1985690.0,545689,python,[JIT],0x00007287890eb2df
1985689.0,545700,python,[JIT],0x00007cacee0d019c
1985689.0,545646,python,[JIT],0x0000792aa4fae657
1985688.0,545689,python,[JIT],0x000072878941353c
1985687.0,545689,python,[JIT],0x0000728788772522
1985687.0,545689,python,[JIT],0x0000728788a65362
1985686.0,545653,python,[JIT],0x00007d8331d689f9
1985686.0,545689,python,[JIT],0x0000728789415503
1985685.0,545664,python,[JIT],0x00007f6ed99eb133
1985681.0,545689,python,[JIT],0x0000728788bad6a7
1985680.0,545653,python,[JIT],0x00007d83321ac535
1985677.0,545653,python,[JIT],0x00007d8331d68305
1985673.0,545700,python,[JIT],0x00007cacedebd29e
1985667.0,545714,python,[JIT],0x00007f986e153232
1985666.0,545689,python,[JIT],0x00007287887733be
1985662.0,545653,python,[JIT],0x00007d8331d672ca
1985662.0,545700,python,[JIT],0x00007cacedebd07b
1985655.0,545678,python,[JIT],0x00007b9f7dfdb3b2
1985655.0,545646,python,[JIT],0x0000792aa4f68170
1985651.0,545714,python,[JIT],0x00007f986d23147e
1985649.0,545653,python,[JIT],0x00007d8331d68c73
1985647.0,545700,python,[JIT],0x00007cacee0ab162
1985644.0,545689,python,[JIT],0x0000728789413490
1985644.0,545700,python,[JIT],0x00007cacee0ac233
1985644.0,545646,python,[JIT],0x0000792aa4f684df
1985642.0,545700,python,[JIT],0x00007cacee0d2317
1985638.0,545653,python,[JIT],0x00007d8331d674b6
1985634.0,545664,python,[JIT],0x00007f6ed99ea2bc
1985633.0,545664,python,[JIT],0x00007f6ed9cf6278
1985632.0,545646,python,[JIT],0x0000792aa4f68c49
1985631.0,545664,python,[JIT],0x00007f6eda2eb183
1985631.0,545714,python,[JIT],0x00007f986d78d53c
1985630.0,545714,python,[JIT],0x00007f986d33d209
1985630.0,545689,python,[JIT],0x0000728788badbd7
1985628.0,545664,python,[JIT],0x00007f6ed9cf6060
1985626.0,545646,python,[JIT],0x0000792aa5213158
1985623.0,545653,python,[JIT],0x00007d8331d6891b
1985623.0,545689,python,libc.so.6,__memmove_avx_unaligned_erms
1985622.0,545664,python,[JIT],0x00007f6eda909110
1985622.0,545714,python,[JIT],0x00007f986d78d0ad
1985621.0,545664,python,[JIT],0x00007f6ed9cf7bcf
1985621.0,545664,python,[JIT],0x00007f6eda65705c
1985621.0,545689,python,[JIT],0x00007287887740c4
1985621.0,545689,python,[JIT],0x0000728788a65351
1985616.0,545653,python,[JIT],0x00007d8331c5a38e
1985607.0,545646,python,[JIT],0x0000792aa4eec1a0
1985602.0,545664,python,[JIT],0x00007f6ed99e7129
1985598.0,545653,python,[JIT],0x00007d83321ad57e
1985597.0,545714,python,[JIT],0x00007f986d22dfbd
1985593.0,545664,python,[JIT],0x00007f6ed99ea3db
1985592.0,545714,python,[JIT],0x00007f986e15304c
1985589.0,545689,python,[JIT],0x00007287890eb154
1985587.0,545689,python,[JIT],0x000072878941515f
1985582.0,545689,python,[JIT],0x000072878941569e
1985575.0,545664,python,[JIT],0x00007f6ed9cf6127
1985573.0,545689,python,[JIT],0x0000728788773456
1985569.0,545714,python,[JIT],0x00007f986d33f68e
1985568.0,545714,python,[JIT],0x00007f986d33fbb5
1985567.0,545714,python,[JIT],0x00007f986e01373a
1985567.0,545700,python,[JIT],0x00007caceea2619d
1985565.0,545653,python,[JIT],0x00007d8332b7c4b3
1985559.0,545664,python,[JIT],0x00007f6eda9093b5
1985553.0,545664,python,[JIT],0x00007f6eda65849b
1985548.0,545653,python,[JIT],0x00007d83319f4114
1985548.0,545714,python,[JIT],0x00007f986d33d2aa
1985545.0,545664,python,[JIT],0x00007f6eda659189
1985542.0,545700,python,[JIT],0x00007cacedebf579
1985541.0,545714,python,[JIT],0x00007f986d33f0f8
1985541.0,545646,python,[JIT],0x0000792aa4667beb
1985540.0,545700,python,python,PyObject_GC_UnTrack
1985539.0,545646,python,[JIT],0x0000792aa4f68493
1985535.0,545664,python,[JIT],0x00007f6eda9093b2
1985534.0,545664,python,[JIT],0x00007f6ed9cf62df
1985533.0,545700,python,[JIT],0x00007cacee0aa00a
1985531.0,545664,python,[JIT],0x00007f6eda657283
1985529.0,545689,python,[JIT],0x0000728788a6544c
1985528.0,545714,python,[JIT],0x00007f986e1532a2
1985526.0,545689,python,[JIT],0x000072878877235c
1985525.0,545664,python,[JIT],0x00007f6eda2eb1de
1985523.0,545664,python,[JIT],0x00007f6eda65876a
1985520.0,545700,python,[JIT],0x00007caceecd6149
1985520.0,545689,python,[JIT],0x000072878958a11f
1985518.0,545653,python,[JIT],0x00007d8332b7c232
1985517.0,545664,python,[JIT],0x00007f6ed9cf791b
1985509.0,545664,python,[JIT],0x00007f6eda6581cd
1985508.0,545664,python,[JIT],0x00007f6ed9882010
1985506.0,545714,python,[JIT],0x00007f986e0132cd
1985495.0,545714,python,[JIT],0x00007f986e0133cc
1985494.0,545700,python,[JIT],0x00007cacee0d0139
1985489.0,545653,python,[JIT],0x00007d83321ae0f1
1985486.0,545646,python,[JIT],0x0000792aa4f682a8
1985484.0,545653,python,[JIT],0x00007d83321ad4e3
1985483.0,545664,python,[JIT],0x00007f6ed9883c0a
1985481.0,545689,python,[JIT],0x0000728788bac1b5
1985479.0,545646,python,[JIT],0x0000792aa4f68b6b
1985476.0,545653,python,[JIT],0x00007d8331d68441
1985476.0,545664,python,[JIT],0x00007f6ed99e72e1
1985476.0,545664,python,[JIT],0x00007f6ed99e9052
1985475.0,545700,python,[JIT],0x00007caceea2566a
1985473.0,545664,python,[JIT],0x00007f6ed99ea3cc
1985473.0,545664,python,[JIT],0x00007f6eda658453
1985467.0,545646,python,[JIT],0x0000792aa4f67233
1985465.0,545664,python,[JIT],0x00007f6eda90920d
1985465.0,545714,python,[JIT],0x00007f986d33d4c2
1985458.0,545653,python,[JIT],0x00007d8331d68644
1985458.0,545664,python,[JIT],0x00007f6eda6582e7
1985457.0,545664,python,[JIT],0x00007f6ed99e92ba
1985455.0,545689,python,[JIT],0x0000728789415556
1985454.0,545664,python,[JIT],0x00007f6ed99e34e3
1985452.0,545664,python,[JIT],0x00007f6eda2eb46e
1985449.0,545664,python,[JIT],0x00007f6ed9cf77d7
1985446.0,545664,python,[JIT],0x00007f6ed98854bf
1985446.0,545664,python,[JIT],0x00007f6ed99e500a
1985445.0,545689,python,python,memcpy@plt
1985444.0,545714,python,[JIT],0x00007f986e1531d5
1985443.0,545653,python,[JIT],0x00007d8332a14003
1985443.0,545646,python,[JIT],0x0000792aa4fae789
1985439.0,545664,python,[JIT],0x00007f6ed9881774
1985438.0,545664,python,[JIT],0x00007f6ed99e74b6
1985438.0,545664,python,[JIT],0x00007f6ed9cf729e
1985437.0,545689,python,[JIT],0x0000728788bad121
1985437.0,545646,python,[JIT],0x0000792aa4f672c3
1985436.0,545689,python,[JIT],0x000072878877222a
1985433.0,545664,python,[JIT],0x00007f6ed9cf7c17
1985433.0,545664,python,[JIT],0x00007f6eda2eb010
1985432.0,545700,python,[JIT],0x00007caceddb0478
1985430.0,545653,python,[JIT],0x00007d8332b7c1a0
1985429.0,545664,python,python,PyMem_Malloc
1985427.0,545646,python,[JIT],0x0000792aa4eec1d5
1985419.0,545653,python,[JIT],0x00007d8332a141aa
1985418.0,545664,python,[JIT],0x00007f6eda2eb5ff
1985416.0,545664,python,[JIT],0x00007f6ed99e84ae
1985414.0,545653,python,[JIT],0x00007d833205a097
1985407.0,545646,python,[JIT],0x0000792aa4f42375
1985407.0,545646,python,[JIT],0x0000792aa4fad221
1985404.0,545689,python,python,dict_dealloc
1985404.0,545689,python,[JIT],0x000072878865d47d
1985393.0,545664,python,[JIT],0x00007f6eda65911b
1985390.0,545714,python,[JIT],0x00007f986d78d012
1985389.0,545653,python,[JIT],0x00007d83319f4562
1985385.0,545700,python,[JIT],0x00007caceea241e0
1985380.0,545714,python,[JIT],0x00007f986d78d3c2
1985376.0,545646,python,[JIT],0x0000792aa4f421bd
1985375.0,545653,python,[JIT],0x00007d8332b7c1a4
1985369.0,545689,python,[JIT],0x00007287894150dc
1985366.0,545653,python,[JIT],0x00007d8331c5b744
1985364.0,545646,python,python,list_sort
1985363.0,545664,python,[JIT],0x00007f6ed99e811b
1985362.0,545664,python,[JIT],0x00007f6ed99ea0ce
1985361.0,545700,python,[JIT],0x00007cacee0aa2ca
1985355.0,545664,python,[JIT],0x00007f6ed99e7068
1985353.0,545653,python,[JIT],0x00007d8332a14015
1985348.0,545653,python,[JIT],0x00007d8331d680f8
1985346.0,545700,python,[JIT],0x00007cacedebe2e1
1985337.0,545664,python,[JIT],0x00007f6ed99e90c8
1985335.0,545664,python,[JIT],0x00007f6ed99e71f1
1985332.0,545664,python,[JIT],0x00007f6ed9cf74df
1985319.0,545664,python,[JIT],0x00007f6eda6581be
1985311.0,545664,python,[JIT],0x00007f6ed99eb1a0
1985311.0,545646,python,[JIT],0x0000792aa4eee69b
1985310.0,545714,python,[JIT],0x00007f986e014189
1985308.0,545664,python,[JIT],0x00007f6eda9091f6
1985308.0,545664,python,python,unsafe_object_compare
1985304.0,545664,python,[JIT],0x00007f6ed9cf61d7
1985304.0,545646,python,[JIT],0x0000792aa4f41209
1985304.0,545689,python,python,_PyObject_GC_NewVar
1985298.0,545664,python,[JIT],0x00007f6eda9092d0
1985295.0,545664,python,python,tuple_subscript
1985293.0,545653,python,[JIT],0x00007d83321ad38a
1985292.0,545664,python,[JIT],0x00007f6eda658479
1985290.0,545664,python,[JIT],0x00007f6ed9cf6294
1985289.0,545646,python,[JIT],0x0000792aa4fae431
1985286.0,545664,python,[JIT],0x00007f6ed9cf7a33
1985286.0,545646,python,python,PyFunction_New
1985280.0,545664,python,[JIT],0x00007f6ed9cf7764
1985274.0,545689,python,[JIT],0x00007287887741dc
1985274.0,545700,python,[JIT],0x00007caceea2424a
1985269.0,545700,python,[JIT],0x00007cacee0d2722
1985266.0,545689,python,[JIT],0x00007287894133c0
1985261.0,545714,python,[JIT],0x00007f986d33f1ce
1985254.0,545664,python,[JIT],0x00007f6ed9cf7e6f
1985253.0,545700,python,[JIT],0x00007cacee0d2000
1985250.0,545714,python,python,list_sort
1985247.0,545664,python,[JIT],0x00007f6ed9883e00
1985246.0,545664,python,[JIT],0x00007f6ed98856b5
1985245.0,545664,python,[JIT],0x00007f6eda6580a9
1985240.0,545689,python,[JIT],0x000072878941356b
1985235.0,545678,python,python,PyObject_GC_Del
1985234.0,545689,python,[JIT],0x000072878958a1dd
1985233.0,545700,python,[JIT],0x00007cacedec009e
1985220.0,545664,python,[JIT],0x00007f6eda6583e3
1985220.0,545664,python,[JIT],0x00007f6eda65874b
1985211.0,545714,python,[JIT],0x00007f986d78d139
1985211.0,545689,python,[JIT],0x00007287894141e0
1985205.0,545714,python,[JIT],0x00007f986d78d35a
1985204.0,545700,python,[JIT],0x00007cacedebd4b6
1985200.0,545646,python,[JIT],0x0000792aa4f687cb
1985198.0,545646,python,[JIT],0x0000792aa4f4121d
1985195.0,545700,python,[JIT],0x00007caceecd61be
1985191.0,545700,python,[JIT],0x00007cacee0d01c5
1985190.0,545689,python,[JIT],0x00007287894160ce
1985186.0,545664,python,[JIT],0x00007f6ed9cf7e34
1985181.0,545664,python,[JIT],0x00007f6ed9cf7749
1985181.0,545664,python,[JIT],0x00007f6eda2eb052
1985167.0,545689,python,[JIT],0x00007287894160b9
1985165.0,545653,python,[JIT],0x00007d8331c5a466
1985147.0,545664,python,[JIT],0x00007f6ed99e7010
1985138.0,545646,python,[JIT],0x0000792aa4f681de
1985132.0,545700,python,[JIT],0x00007cacee0aa1bd
1985128.0,545664,python,[JIT],0x00007f6eda909227
1985120.0,545646,python,[JIT],0x0000792aa4fad0ff
1985110.0,545664,python,[JIT],0x00007f6ed99e38b3
1985108.0,545664,python,[JIT],0x00007f6ed99ea3e0
1985106.0,545653,python,[JIT],0x00007d8332b7c0dc
1985102.0,545653,python,[JIT],0x00007d8332a131e8
1985099.0,545664,python,[JIT],0x00007f6ed99e83cc
1985096.0,545714,python,[JIT],0x00007f986d22b42a
1985092.0,545689,python,[JIT],0x000072878877318d
1985088.0,545646,python,[JIT],0x0000792aa4f68b7b
1985075.0,545653,python,[JIT],0x00007d8331d68493
1985066.0,545646,python,[JIT],0x0000792aa4556148
1985061.0,545689,python,[JIT],0x000072878958a2ed
1985052.0,545653,python,[JIT],0x00007d8331c595b2
1985030.0,545664,python,[JIT],0x00007f6ed9cf7dad
1985030.0,545689,python,[JIT],0x0000728788badbcf
1985026.0,545664,python,python,_PyDict_FromItems
1985026.0,545664,python,[JIT],0x00007f6ed9cf741d
1985009.0,545653,python,[JIT],0x00007d8331d68d91
1985007.0,545678,python,python,dict_dealloc
1985007.0,545646,python,[JIT],0x0000792aa45581a4
1985006.0,545646,python,[JIT],0x0000792aa4eee832
1984977.0,545700,python,[JIT],0x00007cacee0ab076
1984977.0,545646,python,[JIT],0x0000792aa4f4211a
1984936.0,545664,python,[JIT],0x00007f6ed9cf7bcc
1984933.0,545714,python,[JIT],0x00007f986e01351a
1984926.0,545653,python,[JIT],0x00007d83321ad3c7
1984924.0,545714,python,[JIT],0x00007f986d33f8d9
1984923.0,545646,python,[JIT],0x0000792aa4f68e7d
1984922.0,545714,python,[JIT],0x00007f986d78d416
1984918.0,545700,python,[JIT],0x00007cacee0ac294
1984878.0,545714,python,[JIT],0x00007f986d22c0e4
1984878.0,545714,python,[JIT],0x00007f986d33fd17
1984872.0,545700,python,[JIT],0x00007cacee0d0bcf
1984864.0,545714,python,[JIT],0x00007f986d33e475
1984863.0,545664,python,[JIT],0x00007f6ed99eb1b5
1984863.0,545689,python,[JIT],0x00007287890eb25e
1984860.0,545689,python,[JIT],0x0000728789415269
1984852.0,545714,python,[JIT],0x00007f986d33fe34
1984846.0,545664,python,[JIT],0x00007f6ed9cf7bd3
1984844.0,545646,python,[JIT],0x0000792aa4fae72b
1984837.0,545714,python,python,_PyDict_SetItem_Take2
1984833.0,545714,python,[JIT],0x00007f986d2304ae
1984833.0,545689,python,[JIT],0x0000728789414139
1984815.0,545689,python,[JIT],0x000072878941617f
1984804.0,545700,python,[JIT],0x00007cacee0ac18f
1984795.0,545664,python,python,_PyLong_FromMedium
1984793.0,545664,python,[JIT],0x00007f6ed9cf7553
1984791.0,545664,python,[JIT],0x00007f6eda90915f
1984786.0,545664,python,python,initialize_locals
1984781.0,545646,python,[JIT],0x0000792aa4fac1ce
1984771.0,545689,python,[JIT],0x0000728788a65247
1984729.0,545714,python,[JIT],0x00007f986d33f7e3
1984714.0,545646,python,[JIT],0x0000792aa4f41284
1984712.0,545689,python,[JIT],0x000072878941341e
1984705.0,545653,python,[JIT],0x00007d8331d68cbc
1984698.0,545664,python,[JIT],0x00007f6ed99e6000
1984688.0,545689,python,[kernel.kallsyms],hrtimer_interrupt
1984682.0,545714,python,[JIT],0x00007f986d230117
1984664.0,545714,python,[JIT],0x00007f986d78c1d7
1984660.0,545714,python,[JIT],0x00007f986d33fea6
1984652.0,545653,python,[JIT],0x00007d8331c58097
1984633.0,545664,python,[JIT],0x00007f6eda65873a
1984625.0,545689,python,[JIT],0x0000728788666052
1984621.0,545653,python,[JIT],0x00007d8331c5b74f
1984615.0,545646,python,[JIT],0x0000792aa4f41273
1984609.0,545646,python,[JIT],0x0000792aa4eee18d
1984606.0,545714,python,[JIT],0x00007f986e1531a0
1984585.0,545714,python,[JIT],0x00007f986d33f9ce
1984516.0,545714,python,[JIT],0x00007f986d78e3f4
1984516.0,545646,python,[JIT],0x0000792aa4eee7dc
1984514.0,545714,python,[JIT],0x00007f986e15321f
1984506.0,545653,python,[JIT],0x00007d8332a1372e
1984504.0,545714,python,[JIT],0x00007f986e013121
1984501.0,545700,python,[JIT],0x00007caceea250f8
1984496.0,545714,python,[JIT],0x00007f986d33e345
1984480.0,545714,python,[JIT],0x00007f986d232690
1984451.0,545714,python,[JIT],0x00007f986d33f0ad
1984443.0,545714,python,[JIT],0x00007f986d33e437
1984431.0,545714,python,[JIT],0x00007f986d78d5af
1984422.0,545646,python,[JIT],0x0000792aa4eeb068
1984405.0,545664,python,[JIT],0x00007f6ed9cf74ae
1984388.0,545646,python,python,PyType_GenericAlloc
1984365.0,545689,python,[JIT],0x00007287894151fb
1984323.0,545646,python,python,_PyList_FromStackRefStealOnSuccess
1984321.0,545664,python,[JIT],0x00007f6eda2eb57e
1984317.0,545700,python,python,initialize_locals
1984314.0,545646,python,[JIT],0x0000792aa4eed537
1984313.0,545653,python,[JIT],0x00007d8331d670d1
1984312.0,545689,python,[JIT],0x00007287894132bf
1984297.0,545664,python,[JIT],0x00007f6ed99e3ab7
1984289.0,545653,python,[JIT],0x00007d83319f5108
1984247.0,545646,python,[JIT],0x0000792aa4fae46f
1984239.0,545646,python,[JIT],0x0000792aa4f68745
1984230.0,545714,python,[JIT],0x00007f986e013317
1984216.0,545700,python,[JIT],0x00007cacee0d00f1
1984210.0,545653,python,[JIT],0x00007d8331c5a1fe
1984209.0,545646,python,[JIT],0x0000792aa4eed2b2
1984206.0,545646,python,[JIT],0x0000792aa54833a4
1984194.0,545646,python,[JIT],0x0000792aa4f67278
1984125.0,545714,python,[JIT],0x00007f986d22f0a2
1984125.0,545700,python,[JIT],0x00007cacee0d0351
1984121.0,545689,python,[JIT],0x00007287894141b2
1984118.0,545689,python,[JIT],0x0000728788bad67c
1984109.0,545689,python,[JIT],0x000072878941611f
1984105.0,545700,python,[JIT],0x00007cacedebd0da
1984084.0,545646,python,[JIT],0x0000792aa54831eb
1984082.0,545689,python,[JIT],0x0000728788bad11f
1984076.0,545646,python,[JIT],0x0000792aa4f68657
1984067.0,545678,python,libc.so.6,__memset_avx2_unaligned_erms
1984031.0,545646,python,[JIT],0x0000792aa4f686ca
1983992.0,545653,python,[JIT],0x00007d8331d661b3
1983976.0,545689,python,[JIT],0x0000728788badb2d
1983972.0,545714,python,[JIT],0x00007f986d78e2a2
1983971.0,545653,python,python,PyObject_ClearManagedDict
1983958.0,545714,python,python,PyObject_GC_UnTrack
1983951.0,545664,python,[JIT],0x00007f6eda658052
1983936.0,545646,python,[JIT],0x0000792aa52130ea
1983927.0,545714,python,[JIT],0x00007f986e013300
1983917.0,545653,python,python,_Py_MakeCoro
1983916.0,545653,python,[JIT],0x00007d8331d68e38
1983916.0,545646,python,[JIT],0x0000792aa4eed010
1983880.0,545714,python,[JIT],0x00007f986d33fd55
1983878.0,545714,python,[JIT],0x00007f986d78c139
1983869.0,545700,python,[JIT],0x00007cacee0d23b2
1983865.0,545714,python,[JIT],0x00007f986d78d328
1983853.0,545700,python,[JIT],0x00007caceea240dc
1983828.0,545714,python,[JIT],0x00007f986d78e17f
1983827.0,545646,python,[JIT],0x0000792aa4eec00a
1983783.0,545664,python,[JIT],0x00007f6ed99e913e
1983783.0,545700,python,[JIT],0x00007cacee0ac0ee
1983781.0,545653,python,[JIT],0x00007d83321ad437
1983761.0,545714,python,[JIT],0x00007f986d2305c0
1983757.0,545646,python,[JIT],0x0000792aa4fac718
1983748.0,545700,python,[JIT],0x00007cacee0ac2df
1983744.0,545646,python,[JIT],0x0000792aa5483352
1983739.0,545714,python,[JIT],0x00007f986d33ffa0
1983736.0,545700,python,[JIT],0x00007caceecd6158
1983723.0,545664,python,[JIT],0x00007f6ed99e86e5
1983716.0,545689,python,[JIT],0x00007287887725b2
1983703.0,545714,python,[JIT],0x00007f986d33f41d
1983686.0,545714,python,python,new_keys_object
1983683.0,545664,python,[JIT],0x00007f6ed9cf7d87
1983680.0,545646,python,[JIT],0x0000792aa4f680ce
1983656.0,545653,python,[JIT],0x00007d8332b7c183
1983644.0,545653,python,[JIT],0x00007d8331c5b23f
1983642.0,545646,python,[JIT],0x0000792aa4fac614
1983608.0,545714,python,[JIT],0x00007f986d33f351
1983580.0,545689,python,[JIT],0x00007287887724ae
1983568.0,545700,python,[JIT],0x00007cacee0d0cb5
1983566.0,545689,python,[JIT],0x0000728788774147
1983555.0,545700,python,[JIT],0x00007cacedebd2f6
1983537.0,545646,python,[JIT],0x0000792aa4f670ea
1983526.0,545653,python,[JIT],0x00007d8331c5b69f
1983523.0,545664,python,[JIT],0x00007f6eda657206
1983516.0,545664,python,[JIT],0x00007f6eda909000
1983475.0,545664,python,[JIT],0x00007f6eda65904c
1983471.0,545653,python,[JIT],0x00007d8331c5200a
1983464.0,545714,python,[JIT],0x00007f986d33f8f2
1983435.0,545689,python,python,gen_finalize
1983420.0,545700,python,python,func_clear
1983417.0,545653,python,[JIT],0x00007d8331d681f4
1983409.0,545714,python,python,PyObject_RichCompare
1983407.0,545689,python,[JIT],0x00007287894150c7
1983357.0,545664,python,[JIT],0x00007f6eda9094d2
1983345.0,545700,python,[JIT],0x00007caceddb109a
1983332.0,545664,python,[JIT],0x00007f6eda9090ce
1983309.0,545714,python,python,PyObject_ClearWeakRefs
1983289.0,545646,python,[JIT],0x0000792aa4fae7a5
1983279.0,545678,python,python,unsafe_object_compare
1983264.0,545646,python,[JIT],0x0000792aa4f68bc8
1983249.0,545700,python,[JIT],0x00007cacee0d0a1f
1983229.0,545653,python,[JIT],0x00007d83321ad5e5
1983201.0,545689,python,[JIT],0x000072878958a32c
1983184.0,545714,python,[JIT],0x00007f986e153240
1983138.0,545653,python,[JIT],0x00007d8332a131a0
1983135.0,545653,python,[JIT],0x00007d8332a1317f
1983135.0,545714,python,[JIT],0x00007f986d33f15f
1983129.0,545689,python,python,_Py_BuildMap_StackRefSteal
1983123.0,545664,python,[JIT],0x00007f6ed9cf719c
1983090.0,545664,python,[JIT],0x00007f6eda2eb56b
1983061.0,545646,python,[JIT],0x0000792aa4f684c2
1982975.0,545653,python,[JIT],0x00007d8331c5a194
1982966.0,545646,python,[JIT],0x0000792aa4fad0f1
1982953.0,545664,python,[JIT],0x00007f6ed99e91dc
1982919.0,545646,python,python,_Py_BuildMap_StackRefSteal
1982914.0,545700,python,[JIT],0x00007caceea24283
1982913.0,545664,python,[JIT],0x00007f6ed9cf7af2
1982901.0,545678,python,python,PyObject_GC_UnTrack
1982889.0,545646,python,[JIT],0x0000792aa4f41010
1982856.0,545689,python,[JIT],0x000072878941552d
1982846.0,545689,python,[JIT],0x00007287894142a2
1982796.0,545700,python,[JIT],0x00007cacee0d0974
1982734.0,545646,python,[JIT],0x0000792aa4f68c34
1982722.0,545714,python,[JIT],0x00007f986d78d0f4
1982658.0,545653,python,[JIT],0x00007d8331c5a0da
1982646.0,545664,python,[JIT],0x00007f6eda909230
1982614.0,545700,python,[JIT],0x00007cacedec0079
1982538.0,545689,python,[JIT],0x0000728788bad7e3
1982532.0,545689,python,[JIT],0x0000728788774171
1982509.0,545664,python,[JIT],0x00007f6ed9cf767c
1982481.0,545653,python,[JIT],0x00007d8332a1311f
1982480.0,545653,python,[JIT],0x00007d833205a0e5
1982474.0,545714,python,[JIT],0x00007f986d78c229
1982425.0,545653,python,[JIT],0x00007d8332a140b3
1982422.0,545689,python,[JIT],0x000072878877115e
1982337.0,545700,python,[JIT],0x00007cacee0d215b
1982239.0,545653,python,[JIT],0x00007d8331c5251a
1982234.0,545714,python,[JIT],0x00007f986e0133e7
1982225.0,545689,python,[JIT],0x000072878941430c
1982203.0,545653,python,[JIT],0x00007d8331c5b1cd
1982171.0,545664,python,[JIT],0x00007f6ed9cf625e
1982169.0,545689,python,[JIT],0x00007287887715cd
1982165.0,545664,python,[JIT],0x00007f6ed99e64b6
1982149.0,545689,python,[JIT],0x000072878866242a
1982130.0,545700,python,[JIT],0x00007cacee0d042c
1982108.0,545700,python,[JIT],0x00007caceecd64d7
1982107.0,545646,python,[JIT],0x0000792aa4f412ce
1982098.0,545664,python,[JIT],0x00007f6ed9cf7cf9
1982085.0,545653,python,[JIT],0x00007d8331c5a0a5
1982071.0,545689,python,[JIT],0x00007287894130ff
1982007.0,545689,python,[JIT],0x00007287890eb185
1981996.0,545646,python,[JIT],0x0000792aa4fac2f1
1981992.0,545689,python,[JIT],0x0000728789415300
1981987.0,545646,python,[JIT],0x0000792aa4f672a5
1981978.0,545646,python,[JIT],0x0000792aa4fad237
1981976.0,545700,python,[JIT],0x00007cacedec027d
1981973.0,545653,python,[JIT],0x00007d8332a13371
1981896.0,545653,python,[JIT],0x00007d8331c5a474
1981874.0,545700,python,[JIT],0x00007cacee0d0441
1981858.0,545646,python,[JIT],0x0000792aa5483232
1981794.0,545700,python,[JIT],0x00007cacee0d221e
1981746.0,545653,python,[JIT],0x00007d8331d67166
1981745.0,545689,python,[JIT],0x0000728788badb03
1981732.0,545678,python,[JIT],0x00007b9f7de291db
1981706.0,545689,python,[JIT],0x0000728788bad4ae
1981663.0,545689,python,[JIT],0x0000728788a65345
1981621.0,545689,python,python,PyObject_Free
1981610.0,545664,python,[JIT],0x00007f6ed99e35d9
1981596.0,545689,python,[JIT],0x0000728788bad867
1981534.0,545714,python,[JIT],0x00007f986e013269
1981529.0,545664,python,[JIT],0x00007f6eda659183
1981515.0,545714,python,[JIT],0x00007f986d78d11f
1981513.0,545646,python,[JIT],0x0000792aa4fad3f4
1981491.0,545664,python,[JIT],0x00007f6eda6590dc
1981485.0,545646,python,[JIT],0x0000792aa54834d7
1981443.0,545646,python,[JIT],0x0000792aa4f41228
1981439.0,545646,python,python,_PyCallMethodDescriptorFastWithKeywords_StackRef
1981433.0,545646,python,[JIT],0x0000792aa4fae76f
1981431.0,545653,python,[JIT],0x00007d8331d68687
1981431.0,545700,python,[JIT],0x00007caceea24052
1981350.0,545700,python,[JIT],0x00007cacee0d0bb5
1981320.0,545653,python,[JIT],0x00007d83321ad41a
1981293.0,545700,python,[JIT],0x00007caceecd622d
1981271.0,545700,python,[JIT],0x00007caceea25666
1981267.0,545700,python,[JIT],0x00007cacedebe0bf
1981228.0,545653,python,[JIT],0x00007d83321ae273
1981190.0,545700,python,[JIT],0x00007cacee0d0718
1981183.0,545714,python,[JIT],0x00007f986e013170
1981179.0,545653,python,[JIT],0x00007d8331d673cc
1981140.0,545646,python,[JIT],0x0000792aa4fae412
1981115.0,545653,python,[JIT],0x00007d83321ad251
1981098.0,545653,python,[JIT],0x00007d8331d6867c
1981074.0,545700,python,[JIT],0x00007cacedec04c2
1981065.0,545664,python,[JIT],0x00007f6ed988214f
1981053.0,545646,python,[JIT],0x0000792aa46652db
1981006.0,545664,python,[JIT],0x00007f6ed99e75c0
1981000.0,545700,python,[JIT],0x00007caceea252c2
1980951.0,545714,python,[JIT],0x00007f986d33f736
1980938.0,545689,python,[JIT],0x00007287890eb530
1980922.0,545714,python,[JIT],0x00007f986e01311b
1980914.0,545646,python,[JIT],0x0000792aa4f686c6
1980858.0,545646,python,[JIT],0x0000792aa4fac28a
1980809.0,545646,python,[JIT],0x0000792aa4f68dd0
1980717.0,545653,python,[JIT],0x00007d83321ac3cb
1980709.0,545653,python,[JIT],0x00007d8331c5b556
1980674.0,545689,python,[JIT],0x000072878941511f
1980612.0,545714,python,[JIT],0x00007f986d33fc8f
1980604.0,545714,python,[JIT],0x00007f986d78d0d2
1980586.0,545689,python,[JIT],0x00007287887736a4
1980512.0,545646,python,[JIT],0x0000792aa4eee2ed
1980503.0,545714,python,[JIT],0x00007f986d2315c0
1980462.0,545664,python,[JIT],0x00007f6eda658659
1980418.0,545700,python,[JIT],0x00007caceecd60dc
1980376.0,545664,python,[JIT],0x00007f6eda657114
1980353.0,545700,python,[JIT],0x00007caceecd62a6
1980352.0,545664,python,[JIT],0x00007f6ed99e74b6
1980351.0,545700,python,[JIT],0x00007cacee0aa218
1980313.0,545689,python,[JIT],0x00007287890eb34b
1980313.0,545646,python,[JIT],0x0000792aa4eec4b2
1980308.0,545714,python,python,_PyObject_GC_NewVar
1980282.0,545700,python,python,PyObject_GC_Del
1980278.0,545646,python,[JIT],0x0000792aa4fad24a
1980231.0,545653,python,[JIT],0x00007d8331d680ad
1980134.0,545714,python,[JIT],0x00007f986d78d18b
1980126.0,545646,python,[JIT],0x0000792aa4fae290
1980119.0,545664,python,[JIT],0x00007f6eda6584ac
1980072.0,545714,python,python,_Py_NewReference
1980029.0,545714,python,[JIT],0x00007f986e013151
1979959.0,545646,python,[JIT],0x0000792aa4f68d3a
1979787.0,545714,python,[JIT],0x00007f986d33f5e6
1979732.0,545689,python,[JIT],0x0000728788774088
1979696.0,545664,python,[JIT],0x00007f6eda65811f
1979692.0,545689,python,[JIT],0x000072878958a232
1979626.0,545700,python,[JIT],0x00007caceea25570
1979561.0,545700,python,[JIT],0x00007cacedec02cb
1979535.0,545714,python,[JIT],0x00007f986e01329d
1979429.0,545664,python,[JIT],0x00007f6ed9cf73be
1979427.0,545689,python,[JIT],0x0000728789415360
1979401.0,545664,python,[JIT],0x00007f6ed99e747e
1979361.0,545653,python,python,object_richcompare
1979301.0,545653,python,[JIT],0x00007d8331d687b6
1979287.0,545689,python,[JIT],0x00007287887732e7
1979233.0,545653,python,[JIT],0x00007d8331c5b612
1979187.0,545700,python,[JIT],0x00007cacee0d06a7
1978991.0,545714,python,[JIT],0x00007f986e15335c
1978991.0,545646,python,[JIT],0x0000792aa4f68707
1978990.0,545689,python,[JIT],0x00007287894151d2
1978924.0,545714,python,[JIT],0x00007f986d22f0cb
1978907.0,545664,python,[JIT],0x00007f6eda90924f
1978907.0,545689,python,[JIT],0x00007287894156f5
1978844.0,545646,python,[JIT],0x0000792aa4fac38a
1978816.0,545689,python,[JIT],0x0000728788bac182
1978805.0,545678,python,[JIT],0x00007b9f7dfdb27f
1978800.0,545653,python,python,new_keys_object
1978759.0,545653,python,[JIT],0x00007d8332b7c267
1978756.0,545653,python,[JIT],0x00007d8332b7c4a9
1978754.0,545689,python,[JIT],0x000072878865e194
1978746.0,545646,python,[JIT],0x0000792aa4eed457
1978713.0,545700,python,[JIT],0x00007caceea2522d
1978695.0,545653,python,[JIT],0x00007d8332a13529
1978681.0,545653,python,[JIT],0x00007d83321ae296
1978665.0,545653,python,[JIT],0x00007d8331d68d04
1978656.0,545700,python,[JIT],0x00007caceea254ac
1978656.0,545646,python,[JIT],0x0000792aa4eeb0a2
1978627.0,545689,python,[JIT],0x00007287887733e7
1978539.0,545664,python,[JIT],0x00007f6eda658483
1978505.0,545700,python,[JIT],0x00007cacee0d2555
1978501.0,545664,python,[JIT],0x00007f6ed9cf7bf7
1978480.0,545664,python,[JIT],0x00007f6eda657127
1978464.0,545700,python,[JIT],0x00007caceea251e8
1978437.0,545653,python,[JIT],0x00007d8332a13556
1978399.0,545664,python,[JIT],0x00007f6eda2eb251
1978369.0,545700,python,[JIT],0x00007cacee0ac38d
1978347.0,545714,python,python,_PyTuple_FromStackRefStealOnSuccess
1978247.0,545653,python,[JIT],0x00007d83321ad1a0
1978244.0,545678,python,[JIT],0x00007b9f7d3d4b3f
1978228.0,545689,python,python,dictresize
1978183.0,545714,python,[JIT],0x00007f986d33fbcf
1978165.0,545646,python,[JIT],0x0000792aa4f683be
1978154.0,545653,python,[JIT],0x00007d83321ad2a1
1978147.0,545700,python,[JIT],0x00007cacee0d2479
1978139.0,545714,python,[JIT],0x00007f986e01440a
1978105.0,545689,python,[JIT],0x0000728789414283
1978079.0,545664,python,[JIT],0x00007f6ed9cf742c
1978060.0,545646,python,[JIT],0x0000792aa4f689ed
1978042.0,545689,python,[JIT],0x00007287890eb0ce
1978034.0,545646,python,[JIT],0x0000792aa548323d
1977974.0,545646,python,[JIT],0x0000792aa4f424c3
1977930.0,545689,python,[JIT],0x00007287894132b1
1977917.0,545700,python,[JIT],0x00007caceecd621f
1977916.0,545664,python,[JIT],0x00007f6eda90922d
1977905.0,545700,python,[JIT],0x00007cacedebd0e4
1977899.0,545664,python,python,PyLong_FromLong
1977889.0,545653,python,[JIT],0x00007d8331d68bdb
1977774.0,545700,python,[JIT],0x00007cacee0aa16e
1977579.0,545700,python,[JIT],0x00007cacedebe5cd
1977519.0,545689,python,[JIT],0x0000728788772491
1977507.0,545653,python,[JIT],0x00007d8331d685a7
1977490.0,545653,python,[JIT],0x00007d8332a132d5
1977460.0,545700,python,[JIT],0x00007cacedebe572
1977410.0,545700,python,[JIT],0x00007caceea252ed
1977395.0,545714,python,[JIT],0x00007f986d78d19c
1977366.0,545653,python,[JIT],0x00007d8331d67348
1977338.0,545700,python,[JIT],0x00007cacee0d0788
1977327.0,545689,python,[JIT],0x000072878941500a
1977323.0,545689,python,[JIT],0x0000728788badbe6
1977318.0,545714,python,[JIT],0x00007f986e0140f1
1977315.0,545653,python,[JIT],0x00007d8331c5b3ec
1977262.0,545646,python,python,memmove@plt
1977249.0,545653,python,[JIT],0x00007d83321ad5d6
1977243.0,545714,python,[JIT],0x00007f986d33f272
1977205.0,545664,python,[JIT],0x00007f6ed99e65c0
1977201.0,545700,python,[JIT],0x00007cacee0ac0b9
1977187.0,545714,python,[JIT],0x00007f986e014121
1977183.0,545664,python,[JIT],0x00007f6ed99e3256
1977123.0,545664,python,[JIT],0x00007f6ed9cf7867
1977093.0,545646,python,[JIT],0x0000792aa4f68674
1977077.0,545714,python,python,PyObject_Malloc
1977055.0,545678,python,[JIT],0x00007b9f7de29296
1977024.0,545700,python,[JIT],0x00007caceea25203
1977004.0,545700,python,[JIT],0x00007cacee0d2251
1976983.0,545653,python,python,PyList_New.constprop.0
1976975.0,545678,python,[JIT],0x00007b9f7dfdb2a2
1976956.0,545714,python,[JIT],0x00007f986d230457
1976911.0,545678,python,[JIT],0x00007b9f7d3d4694
1976857.0,545653,python,[JIT],0x00007d8331d6621d
1976857.0,545700,python,python,_PyMem_RawFree
1976849.0,545700,python,[JIT],0x00007caceecd64bd
1976845.0,545646,python,[JIT],0x0000792aa4f688cb
1976830.0,545700,python,[JIT],0x00007caceecd61f2
1976779.0,545689,python,[JIT],0x0000728788bad24c
1976738.0,545664,python,python,object_richcompare
1976624.0,545664,python,python,dictkeys_decref.part.0.constprop.0
1976491.0,545664,python,[JIT],0x00007f6ed99ea0b3
1976474.0,545653,python,[JIT],0x00007d8332b7c399
1976443.0,545646,python,[JIT],0x0000792aa4fad1c0
1976410.0,545653,python,[JIT],0x00007d8331d68d80
1976399.0,545689,python,[JIT],0x000072878958a183
1976369.0,545664,python,[JIT],0x00007f6ed99e64fc
1976285.0,545714,python,[JIT],0x00007f986d230003
1976275.0,545689,python,[JIT],0x0000728788bad25c
1976253.0,545653,python,[JIT],0x00007d8331c5b49b
1976224.0,545714,python,[JIT],0x00007f986e013558
1976222.0,545714,python,[JIT],0x00007f986d33d239
1976207.0,545689,python,[JIT],0x0000728789415558
1976199.0,545646,python,[JIT],0x0000792aa4fae170
1976143.0,545714,python,[JIT],0x00007f986d33f11b
1976138.0,545653,python,[JIT],0x00007d8331d686b6
1976137.0,545714,python,python,_Py_BuildMap_StackRefSteal
1976130.0,545700,python,[JIT],0x00007cacee0d0de4
1976052.0,545653,python,[JIT],0x00007d8331d664c2
1976043.0,545700,python,python,object_richcompare
1976036.0,545689,python,[JIT],0x0000728788bad718
1975962.0,545664,python,[JIT],0x00007f6eda2eb22b
1975940.0,545714,python,[JIT],0x00007f986d231248
1975869.0,545700,python,[JIT],0x00007caceecd62da
1975868.0,545689,python,[JIT],0x00007287894150ce
1975732.0,545689,python,[JIT],0x000072878958a342
1975674.0,545653,python,[JIT],0x00007d8331d686d9
1975665.0,545700,python,[JIT],0x00007cacee0d0dd4
1975652.0,545689,python,[JIT],0x00007287890eb176
1975635.0,545664,python,[JIT],0x00007f6ed99e8286
1975634.0,545700,python,[JIT],0x00007caceea25759
1975605.0,545714,python,[JIT],0x00007f986e1533b8
1975596.0,545653,python,[JIT],0x00007d83321ad406
1975590.0,545653,python,[JIT],0x00007d8331c5b170
1975503.0,545653,python,[JIT],0x00007d83321ac2b4
1975503.0,545646,python,[JIT],0x0000792aa4fad0dc
1975486.0,545700,python,[JIT],0x00007cacee0d22f1
1975484.0,545646,python,[JIT],0x0000792aa5483267
1975432.0,545714,python,[JIT],0x00007f986d33fcf9
1975413.0,545714,python,[JIT],0x00007f986d33feb7
1975392.0,545700,python,[JIT],0x00007caceecd64d7
1975391.0,545714,python,[JIT],0x00007f986d22f225
1975375.0,545664,python,[JIT],0x00007f6ed99ea2ca
1975368.0,545646,python,[JIT],0x0000792aa4f420d5
1975364.0,545700,python,[JIT],0x00007cacedebf69b
1975336.0,545646,python,[JIT],0x0000792aa4fac1de
1975330.0,545664,python,[JIT],0x00007f6eda2eb47e
1975303.0,545689,python,[JIT],0x00007287890eb129
1975265.0,545664,python,[JIT],0x00007f6ed99e7543
1975209.0,545700,python,python,initialize_locals
1975140.0,545646,python,[JIT],0x0000792aa4eec236
1975118.0,545700,python,[JIT],0x00007cacee0ac3d5
1975087.0,545664,python,[JIT],0x00007f6eda2eb2ad
1975084.0,545653,python,[JIT],0x00007d833205a06c
1975077.0,545646,python,[JIT],0x0000792aa4fac139
1975075.0,545653,python,[JIT],0x00007d83321ac320
1975058.0,545664,python,[JIT],0x00007f6ed9cf7be6
1975049.0,545689,python,[JIT],0x0000728789413121
1975025.0,545653,python,[JIT],0x00007d833205a052
1975018.0,545653,python,[JIT],0x00007d8332a1374b
1974974.0,545646,python,[JIT],0x0000792aa4f671f5
1974963.0,545646,python,[JIT],0x0000792aa4fac276
1974952.0,545714,python,[JIT],0x00007f986d2314cb
1974951.0,545646,python,[JIT],0x0000792aa4fac226
1974949.0,545653,python,[JIT],0x00007d8331d68526
1974949.0,545700,python,[JIT],0x00007cacee0d08f2
1974940.0,545689,python,[JIT],0x0000728789415412
1974932.0,545646,python,[JIT],0x0000792aa4f67320
1974865.0,545714,python,[JIT],0x00007f986d78c10c
1974857.0,545653,python,[JIT],0x00007d8331d67108
1974802.0,545664,python,[JIT],0x00007f6eda9090ea
1974799.0,545700,python,[JIT],0x00007cacee0d25ee
1974731.0,545689,python,[JIT],0x00007287894140ff
1974719.0,545714,python,[JIT],0x00007f986d2314bb
1974697.0,545700,python,[JIT],0x00007cacee0ac154
1974682.0,545689,python,[JIT],0x0000728788a654c3
1974647.0,545664,python,[JIT],0x00007f6ed99e8121
1974628.0,545653,python,[JIT],0x00007d83321ac33d
1974454.0,545700,python,[JIT],0x00007cacee0d2718
1974419.0,545664,python,[JIT],0x00007f6ed99e3785
1974373.0,545653,python,[JIT],0x00007d8331d68e6f
1974340.0,545689,python,[JIT],0x0000728789414189
1974268.0,545714,python,[JIT],0x00007f986d78d632
1974254.0,545689,python,python,_PyDict_FromItems
1974230.0,545714,python,[JIT],0x00007f986cfcc792
1974227.0,545689,python,[JIT],0x00007287890eb21d
1974184.0,545689,python,python,_PyObject_GC_New
1974152.0,545646,python,[JIT],0x0000792aa4f68351
1974132.0,545646,python,[JIT],0x0000792aa4fad0ad
1974096.0,545689,python,[JIT],0x000072878941511b
1974060.0,545646,python,[JIT],0x0000792aa521306a
1974048.0,545700,python,[JIT],0x00007cacedebf666
1974041.0,545689,python,[JIT],0x000072878958a393
1974040.0,545664,python,[JIT],0x00007f6eda909345
1974029.0,545646,python,[JIT],0x0000792aa4fae6ba
1973990.0,545714,python,[JIT],0x00007f986d33ffc9
1973986.0,545646,python,[JIT],0x0000792aa4f68835
1973962.0,545689,python,[JIT],0x0000728788bad657
1973935.0,545653,python,[JIT],0x00007d83321ad345
1973906.0,545646,python,[JIT],0x0000792aa4fae453
1973828.0,545664,python,python,PyObject_ClearManagedDict
1973799.0,545689,python,[JIT],0x000072878958a24f
1973771.0,545700,python,[JIT],0x00007cacee0d0b7b
1973759.0,545714,python,[JIT],0x00007f986e0143f9
1973753.0,545653,python,[JIT],0x00007d8332a13c51
1973747.0,545664,python,[JIT],0x00007f6ed99e921d
1973700.0,545689,python,[JIT],0x000072878941530f
1973627.0,545700,python,[JIT],0x00007cacee0d0dd4
1973613.0,545714,python,[JIT],0x00007f986d33e292
1973602.0,545700,python,[JIT],0x00007cacee0d256b
1973593.0,545646,python,[JIT],0x0000792aa4eed15b
1973562.0,545700,python,[JIT],0x00007cacee0aa28a
1973556.0,545664,python,[JIT],0x00007f6ed9cf7835
1973508.0,545646,python,[JIT],0x0000792aa4f68010
1973490.0,545714,python,[JIT],0x00007f986d33f6d9
1973469.0,545653,python,python,unsafe_object_compare
1973458.0,545664,python,python,gen_finalize
1973414.0,545646,python,[JIT],0x0000792aa5213060
1973312.0,545646,python,[JIT],0x0000792aa4fad17f
1973303.0,545653,python,[JIT],0x00007d8331d686c6
1973245.0,545664,python,[JIT],0x00007f6ed9cf728d
1973239.0,545714,python,[JIT],0x00007f986d232697
1973226.0,545689,python,[JIT],0x000072878941541a
1973144.0,545646,python,[JIT],0x0000792aa4f6806a
1973116.0,545689,python,[JIT],0x00007287886660a2
1973060.0,545646,python,[JIT],0x0000792aa4fac109
1972970.0,545646,python,[JIT],0x0000792aa4f43064
1972958.0,545664,python,[JIT],0x00007f6ed99e92ce
1972955.0,545664,python,[JIT],0x00007f6eda2eb21e
1972943.0,545646,python,[JIT],0x0000792aa4fae1e2
1972911.0,545700,python,[JIT],0x00007cacee0d21de
1972876.0,545714,python,[JIT],0x00007f986d78c21d
1972792.0,545653,python,[JIT],0x00007d8331d66273
1972764.0,545689,python,[JIT],0x000072878958a0ee
1972741.0,545653,python,[JIT],0x00007d8332b7c1c8
1972685.0,545653,python,[JIT],0x00007d83321ad0b3
1972673.0,545653,python,[JIT],0x00007d8331d686c6
1972641.0,545689,python,python,find_empty_slot
1972615.0,545714,python,python,PyObject_GC_Del
1972549.0,545653,python,[JIT],0x00007d8332a13696
1972386.0,545700,python,python,_PyList_AppendTakeRefListResize
1972313.0,545653,python,python,dictkeys_decref.part.0.constprop.0
1972207.0,545646,python,[JIT],0x0000792aa4fac5af
1972185.0,545714,python,[JIT],0x00007f986e014158
1972148.0,545646,python,[JIT],0x0000792aa4fae211
1972105.0,545714,python,[JIT],0x00007f986d33fe96
1972057.0,545664,python,[JIT],0x00007f6ed99e65cd
1972015.0,545646,python,[JIT],0x0000792aa4fae2ed
1971983.0,545653,python,[JIT],0x00007d8331c5a1cf
1971952.0,545714,python,[JIT],0x00007f986d2314b6
1971860.0,545664,python,[JIT],0x00007f6ed9cf7ce0
1971841.0,545653,python,[JIT],0x00007d83321ad36e
1971807.0,545714,python,[JIT],0x00007f986d33fadd
1971795.0,545664,python,[JIT],0x00007f6ed99ea1bd
1971794.0,545664,python,python,PyErr_GetRaisedException
1971772.0,545653,python,[JIT],0x00007d8332a13759
1971657.0,545700,python,[JIT],0x00007cacee0d0694
1971628.0,545700,python,[JIT],0x00007caceea25220
1971522.0,545678,python,[JIT],0x00007b9f7d3d4736
1971383.0,545653,python,[JIT],0x00007d8331d68cfc
1971382.0,545714,python,[JIT],0x00007f986d33f53e
1971336.0,545700,python,[JIT],0x00007cacee0d211f
1971166.0,545678,python,[JIT],0x00007b9f7dfdb26d
1971128.0,545689,python,[JIT],0x0000728788774142
1971047.0,545700,python,[JIT],0x00007cacee0d07cb
1970882.0,545714,python,[JIT],0x00007f986d2310b7
1970871.0,545689,python,[JIT],0x0000728788bad674
1970852.0,545689,python,[JIT],0x0000728788bac076
1970663.0,545646,python,[JIT],0x0000792aa4f68bd3
1970656.0,545700,python,python,gen_close
1970656.0,545664,python,[JIT],0x00007f6eda6583ec
1970652.0,545664,python,[JIT],0x00007f6ed99eb076
1970638.0,545646,python,[JIT],0x0000792aa4eee579
1970627.0,545664,python,[JIT],0x00007f6eda658c6c
1970619.0,545646,python,[JIT],0x0000792aa4f68243
1970570.0,545700,python,[JIT],0x00007caceecd6399
1970349.0,545646,python,[JIT],0x0000792aa4fae38b
1970292.0,545678,python,python,tuple_subscript
1970258.0,545678,python,[JIT],0x00007b9f7de2a579
1970178.0,545689,python,[JIT],0x000072878958a3b2
1970122.0,545646,python,[JIT],0x0000792aa4fad0c7
1970044.0,545646,python,[JIT],0x0000792aa455a494
1970038.0,545689,python,[JIT],0x0000728788bad6b6
1970017.0,545700,python,[JIT],0x00007cacedec026b
1969985.0,545646,python,[JIT],0x0000792aa4fae4ae
1969877.0,545689,python,[JIT],0x00007287890eb399
1969827.0,545664,python,[JIT],0x00007f6eda90910c
1969590.0,545653,python,[JIT],0x00007d8331d672fa
1969570.0,545678,python,[JIT],0x00007b9f7d3ae259
1969464.0,545714,python,[JIT],0x00007f986d33fdd4
1969421.0,545714,python,[JIT],0x00007f986e153189
1969364.0,545653,python,[JIT],0x00007d8332a1311b
1969278.0,545689,python,[JIT],0x0000728788bad22c
1969269.0,545700,python,python,PyList_New.constprop.0
1969123.0,545646,python,[JIT],0x0000792aa4fac5e5
1968959.0,545700,python,[JIT],0x00007cacee0d25ff
1968953.0,545689,python,python,PyLong_FromSsize_t
1968944.0,545689,python,[JIT],0x0000728788bad7fd
1968903.0,545653,python,[JIT],0x00007d833205a012
1968747.0,545678,python,python,insert_to_emptydict
1968747.0,545689,python,[JIT],0x000072878958a25e
1968719.0,545689,python,[JIT],0x0000728788bad30b
1968490.0,545700,python,python,PyObject_Free
1968338.0,545653,python,[JIT],0x00007d83319f577b
1968317.0,545689,python,[JIT],0x000072878958a16e
1968269.0,545653,python,[JIT],0x00007d8331d68662
1967931.0,545664,python,python,PyMem_Realloc
1967868.0,545646,python,[JIT],0x0000792aa54830d2
1967831.0,545700,python,[JIT],0x00007caceea2405c
1967783.0,545700,python,[JIT],0x00007cacee0aa32b
1967736.0,545664,python,[JIT],0x00007f6ed99e87e6
1967676.0,545689,python,python,build_indices_generic
1967386.0,545689,python,[kernel.kallsyms],__irqentry_text_end
1967321.0,545646,python,[JIT],0x0000792aa4fae11f
1967211.0,545678,python,python,func_dealloc
1966933.0,545653,python,[JIT],0x00007d83319f51a4
1966825.0,545653,python,[JIT],0x00007d83321ad35a
1966790.0,545653,python,[JIT],0x00007d83319f583d
1966474.0,545653,python,[JIT],0x00007d83321ae1e0
1966024.0,545689,python,[JIT],0x000072878958a0f8
1965782.0,545646,python,[JIT],0x0000792aa4f4313e
1965742.0,545678,python,python,dictresize
1965711.0,545646,python,[JIT],0x0000792aa4f68a10
1965574.0,545653,python,python,tuple_alloc
1965469.0,545700,python,[JIT],0x00007caceecd61c8
1965125.0,545689,python,[JIT],0x00007287887733cc
1965113.0,545678,python,python,_PyThreadState_PopFrame
1965068.0,545664,python,[JIT],0x00007f6ed99e70b7
1964659.0,545653,python,[JIT],0x00007d83321ac229
1964267.0,545714,python,[JIT],0x00007f986d78e1d7
1964043.0,545700,python,[JIT],0x00007caceea2576f
1963750.0,545700,python,[JIT],0x00007caceecd62cc
1963296.0,545714,python,python,tuple_subscript
1963026.0,545714,python,[JIT],0x00007f986e0132e7
1963010.0,545664,python,[JIT],0x00007f6ed99e516d
1962999.0,545646,python,[JIT],0x0000792aa54830a7
1962808.0,545700,python,[JIT],0x00007cacee0d23e5
1962662.0,545714,python,[JIT],0x00007f986d22b2c6
1962478.0,545646,python,[JIT],0x0000792aa4f6718f
1962392.0,545714,python,[JIT],0x00007f986d22c707
1962316.0,545653,python,python,_PyFunction_SetVersion
1962294.0,545664,python,python,_PyType_AllocNoTrack
1962216.0,545653,python,[JIT],0x00007d8331d662ba
1962212.0,545646,python,[JIT],0x0000792aa4f4317a
1962051.0,545664,python,[JIT],0x00007f6ed9cf6206
1961993.0,545678,python,[JIT],0x00007b9f7dfdb203
1961858.0,545700,python,[JIT],0x00007caceea24296
1961821.0,545646,python,[JIT],0x0000792aa466511d
1961790.0,545653,python,[JIT],0x00007d83321ad4a4
1961647.0,545689,python,python,gen_close
1961545.0,545700,python,[JIT],0x00007cacedebd3b6
1961532.0,545700,python,[JIT],0x00007cacedebf3e7
1961481.0,545700,python,[JIT],0x00007caceea241f0
1961397.0,545653,python,[JIT],0x00007d8331d68707
1961392.0,545646,python,[JIT],0x0000792aa54834ba
1961261.0,545700,python,[JIT],0x00007cacedebf41c
1961254.0,545646,python,[JIT],0x0000792aa4fae41a
1961226.0,545700,python,[JIT],0x00007caceecd614d
1961224.0,545646,python,[JIT],0x0000792aa4f42434
1961200.0,545700,python,[JIT],0x00007caceddaa1fe
1961193.0,545646,python,[JIT],0x0000792aa4f41248
1961193.0,545646,python,[JIT],0x0000792aa4fae060
1961187.0,545700,python,[JIT],0x00007cacee0d21a0
1961185.0,545689,python,[JIT],0x00007287887724b6
1961176.0,545646,python,[JIT],0x0000792aa4f67286
1961171.0,545714,python,[JIT],0x00007f986d33f662
1961162.0,545653,python,[JIT],0x00007d8331c54167
1961156.0,545646,python,[JIT],0x0000792aa4f68467
1961151.0,545700,python,[JIT],0x00007cacee0d0764
1961151.0,545646,python,[JIT],0x0000792aa4f67127
1961131.0,545646,python,[JIT],0x0000792aa4f68b2d
1961129.0,545700,python,[JIT],0x00007cacee0aa312
1961110.0,545700,python,[JIT],0x00007caceea26151
1961080.0,545646,python,python,subtype_dealloc
1961056.0,545700,python,[JIT],0x00007caceecd61dd
1961054.0,545653,python,[JIT],0x00007d83321ac3eb
1961053.0,545700,python,[JIT],0x00007cacee0d251b
1961045.0,545646,python,[JIT],0x0000792aa4eed106
1961026.0,545700,python,[JIT],0x00007cacee0d041d
1961015.0,545646,python,[JIT],0x0000792aa4fac46e
1961013.0,545646,python,[JIT],0x0000792aa548304c
1961011.0,545653,python,[JIT],0x00007d8332b7c338
1961005.0,545653,python,[JIT],0x00007d8331d67010
1960983.0,545653,python,[JIT],0x00007d8331d67292
1960983.0,545700,python,[JIT],0x00007cacedebe5cd
1960963.0,545700,python,[JIT],0x00007cacee0d086b
1960943.0,545700,python,[JIT],0x00007cacedebf04c
1960941.0,545700,python,[JIT],0x00007cacee0ab182
1960939.0,545646,python,[JIT],0x0000792aa4eee23f
1960927.0,545700,python,[JIT],0x00007cacedec01a8
1960914.0,545700,python,[JIT],0x00007cacedebe289
1960914.0,545646,python,[JIT],0x0000792aa4eed38a
1960910.0,545653,python,[JIT],0x00007d8331d6885a
1960907.0,545653,python,[JIT],0x00007d83321ad279
1960907.0,545646,python,[JIT],0x0000792aa4eec286
1960906.0,545653,python,[JIT],0x00007d8332a1353c
1960902.0,545653,python,[JIT],0x00007d83321ae3f4
1960896.0,545700,python,[JIT],0x00007cacedec008c
1960886.0,545664,python,[JIT],0x00007f6eda658114
1960879.0,545700,python,[JIT],0x00007caceea25114
1960870.0,545714,python,[JIT],0x00007f986e15324b
1960855.0,545653,python,[JIT],0x00007d83321ad0cb
1960854.0,545700,python,[JIT],0x00007cacedebd0cd
1960847.0,545700,python,[JIT],0x00007cacedebe1a0
1960835.0,545646,python,[JIT],0x0000792aa4f41076
1960832.0,545700,python,[JIT],0x00007cacee0ab142
1960815.0,545664,python,[JIT],0x00007f6ed9cf7139
1960815.0,545700,python,[JIT],0x00007caceecd6240
1960789.0,545700,python,[JIT],0x00007caceea254c0
1960785.0,545646,python,[JIT],0x0000792aa4f689da
1960783.0,545653,python,[JIT],0x00007d8331d68674
1960769.0,545700,python,[JIT],0x00007caceddb0dd8
1960767.0,545700,python,[JIT],0x00007cacedebe081
1960765.0,545700,python,[JIT],0x00007cacee0ab0eb
1960749.0,545653,python,[JIT],0x00007d8331d681c5
1960724.0,545700,python,[JIT],0x00007cacedec02ba
1960718.0,545700,python,[JIT],0x00007cacee0ab155
1960704.0,545664,python,[JIT],0x00007f6ed9cf724c
1960703.0,545653,python,[JIT],0x00007d8332a13570
1960686.0,545700,python,[JIT],0x00007cacedec0220
1960667.0,545714,python,[JIT],0x00007f986e153151
1960663.0,545664,python,[JIT],0x00007f6ed99ea3a1
1960633.0,545700,python,[JIT],0x00007caceea2569e
1960624.0,545664,python,[JIT],0x00007f6ed98818a3
1960614.0,545664,python,[JIT],0x00007f6ed99e90ab
1960605.0,545664,python,[JIT],0x00007f6eda9094cf
1960599.0,545664,python,[JIT],0x00007f6ed9cf7d3e
1960594.0,545664,python,[JIT],0x00007f6ed99e750c
1960536.0,545653,python,[JIT],0x00007d83321ac530
1960499.0,545664,python,[JIT],0x00007f6ed99e60b7
1960478.0,545700,python,python,subtype_dealloc
1960463.0,545700,python,[JIT],0x00007cacee0d0d7c
1960449.0,545664,python,[JIT],0x00007f6ed99eb155
1960442.0,545653,python,[JIT],0x00007d8331c5214f
1960433.0,545664,python,[JIT],0x00007f6ed9cf6286
1960423.0,545664,python,[JIT],0x00007f6eda6584c0
1960419.0,545664,python,[JIT],0x00007f6ed9cf75d4
1960414.0,545700,python,[JIT],0x00007cacedebe0b7
1960410.0,545664,python,[JIT],0x00007f6eda2eb5dc
1960398.0,545653,python,[JIT],0x00007d83321ac11b
1960374.0,545646,python,[JIT],0x0000792aa4f686d9
1960352.0,545664,python,[JIT],0x00007f6ed99e61fe
1960350.0,545664,python,[JIT],0x00007f6eda9091d2
1960347.0,545664,python,[JIT],0x00007f6eda658300
1960311.0,545653,python,[JIT],0x00007d8331d68b3f
1960303.0,545664,python,[JIT],0x00007f6eda659114
1960294.0,545678,python,[JIT],0x00007b9f7d3d4674
1960276.0,545664,python,[JIT],0x00007f6ed99ea406
1960250.0,545664,python,[JIT],0x00007f6ed99ea362
1960220.0,545664,python,[JIT],0x00007f6ed99e7081
1960195.0,545664,python,[JIT],0x00007f6ed99e6406
1960173.0,545700,python,[JIT],0x00007cacee0d045a
1960129.0,545664,python,[JIT],0x00007f6ed9cf7b9c
1960074.0,545700,python,[JIT],0x00007cacee0d0c17
1960045.0,545700,python,[JIT],0x00007cacedebe630
1960016.0,545664,python,[JIT],0x00007f6ed99e621b
1959901.0,545714,python,[JIT],0x00007f986d78e2e4
1959856.0,545664,python,[JIT],0x00007f6eda65725e
1959853.0,545700,python,[JIT],0x00007cacee0ab068
1959810.0,545700,python,[JIT],0x00007cacee0d0a99
1959759.0,545664,python,[JIT],0x00007f6ed9cf7aec
1959755.0,545646,python,[JIT],0x0000792aa52133f6
1959559.0,545678,python,python,PyList_New.constprop.0
1959368.0,545646,python,[JIT],0x0000792aa5483282
1959340.0,545646,python,[JIT],0x0000792aa4f42286
1959237.0,545700,python,[JIT],0x00007cacedec01c5
1959207.0,545646,python,[JIT],0x0000792aa4fad139
1959205.0,545700,python,[JIT],0x00007cacee0aa25c
1959064.0,545714,python,[JIT],0x00007f986d2323cc
1958658.0,545714,python,[JIT],0x00007f986d78c530
1958613.0,545646,python,[JIT],0x0000792aa4f41157
1958427.0,545646,python,[JIT],0x0000792aa4f41147
1958419.0,545700,python,[JIT],0x00007caceea260c7
1958415.0,545664,python,[JIT],0x00007f6ed9cf7abc
1958375.0,545700,python,[JIT],0x00007cacedebd129
1958336.0,545646,python,[JIT],0x0000792aa4fac11f
1958290.0,545653,python,[JIT],0x00007d8331d689a5
1958203.0,545646,python,[JIT],0x0000792aa4f6817f
1957915.0,545646,python,[JIT],0x0000792aa4eec629
1957752.0,545653,python,[JIT],0x00007d8331d660fa
1957610.0,545653,python,[JIT],0x00007d833205a162
1957589.0,545653,python,[JIT],0x00007d83321ad0a7
1957450.0,545678,python,python,func_clear
1957450.0,545700,python,[JIT],0x00007cacee0d0942
1957417.0,545700,python,[JIT],0x00007cacedda9508
1957145.0,545646,python,[JIT],0x0000792aa4eed60c
1956868.0,545646,python,[JIT],0x0000792aa4f67530
1956828.0,545664,python,[JIT],0x00007f6eda65730c
1956807.0,545664,python,[JIT],0x00007f6eda2eb0a7
1956714.0,545653,python,[JIT],0x00007d8331d6609e
1956607.0,545653,python,[JIT],0x00007d8332a13483
1956585.0,545646,python,[JIT],0x0000792aa4f412ba
1956564.0,545664,python,python,PyLong_FromSsize_t
1956524.0,545646,python,[JIT],0x0000792aa4f687fd
1956435.0,545646,python,[JIT],0x0000792aa4f412a6
1956209.0,545700,python,[JIT],0x00007cacee0d235a
1956067.0,545653,python,[JIT],0x00007d83321ad4c0
1955917.0,545700,python,[JIT],0x00007cacee0d04ae
1955781.0,545646,python,[JIT],0x0000792aa4f68893
1955697.0,545700,python,[JIT],0x00007caceea260dc
1955615.0,545653,python,[JIT],0x00007d8332a14114
1955609.0,545700,python,[JIT],0x00007cacee0d2538
1955478.0,545664,python,[JIT],0x00007f6eda90919d
1955161.0,545646,python,[JIT],0x0000792aa54830ab
1954976.0,545700,python,[JIT],0x00007caceecd61e7
1954930.0,545714,python,[JIT],0x00007f986d78e30c
1954817.0,545700,python,[JIT],0x00007cacee0ac312
1954652.0,545653,python,[JIT],0x00007d8331d6858a
1954047.0,545664,python,[JIT],0x00007f6ed99e7470
1953591.0,545700,python,[JIT],0x00007cacee0ac127
1952736.0,545714,python,[JIT],0x00007f986d6311c2
1952517.0,545700,python,[JIT],0x00007caceea24221
1952468.0,545646,python,[JIT],0x0000792aa4fac39e
1952373.0,545653,python,[JIT],0x00007d8332a1376f
1952339.0,545664,python,[JIT],0x00007f6ed9cf7610
1952330.0,545653,python,[JIT],0x00007d8331d68b7b
1952292.0,545653,python,[JIT],0x00007d83321ac278
1952261.0,545700,python,[JIT],0x00007caceecd61fa
1952173.0,545646,python,[JIT],0x0000792aa4f6887f
1951905.0,545700,python,[JIT],0x00007cacee0d0bf7
1951643.0,545700,python,[JIT],0x00007cacee0ac1f5
1951542.0,545714,python,[JIT],0x00007f986d2324f3
1951406.0,545653,python,[JIT],0x00007d8331d67362
1951016.0,545653,python,[JIT],0x00007d8331d6600a
1950451.0,545646,python,[JIT],0x0000792aa4fae139
1950343.0,545646,python,[kernel.kallsyms],sync_regs
1949945.0,545664,python,[JIT],0x00007f6ed9cf60a9
1949834.0,545646,python,[JIT],0x0000792aa4f4226a
1949816.0,545664,python,[JIT],0x00007f6eda6570e6
1949166.0,545646,python,python,_PyFunction_SetVersion
1949069.0,545700,python,[JIT],0x00007caceea251be
1948741.0,545700,python,[JIT],0x00007caceecd6360
1948612.0,545664,python,[JIT],0x00007f6ed9cf71f4
1947851.0,545700,python,[JIT],0x00007cacedec01b3
1947827.0,545664,python,[JIT],0x00007f6ed9883076
1947801.0,545646,python,[JIT],0x0000792aa4f671e6
1947304.0,545700,python,[JIT],0x00007cacee0aa4f4
1946796.0,545664,python,[JIT],0x00007f6eda65869e
1946604.0,545664,python,[JIT],0x00007f6eda658121
1946019.0,545700,python,[JIT],0x00007caceea24151
1945812.0,545646,python,[JIT],0x0000792aa4f414dd
1945746.0,545700,python,[JIT],0x00007cacee0aa4d5
1945647.0,545700,python,[JIT],0x00007caceecd617f
1945269.0,545678,python,[JIT],0x00007b9f7dfdb238
1944265.0,545700,python,[JIT],0x00007cacedebe44a
1944121.0,545653,python,[JIT],0x00007d83321ae06a
1943670.0,545664,python,[JIT],0x00007f6eda2eb23b
1942906.0,545664,python,[JIT],0x00007f6eda2eb311
1941669.0,545700,python,[JIT],0x00007cacee0d01ce
1941427.0,545653,python,[JIT],0x00007d8331d68d55
1937781.0,545664,python,[JIT],0x00007f6ed99e90fa
1936351.0,545664,python,[JIT],0x00007f6ed99ea143
1936161.0,545653,python,[JIT],0x00007d8331d68be8
1936136.0,545646,python,[JIT],0x0000792aa4f410d2
1936023.0,545653,python,[JIT],0x00007d83321ad58a
1935992.0,545653,python,[JIT],0x00007d8331c5a3f3
1935963.0,545646,python,[JIT],0x0000792aa4eec3de
1935946.0,545646,python,[JIT],0x0000792aa4eec254
1935936.0,545700,python,python,PyObject_ClearManagedDict
1935912.0,545700,python,[JIT],0x00007cacee0d22c2
1935876.0,545700,python,[JIT],0x00007cacee0d00ea
1935846.0,545664,python,[JIT],0x00007f6ed99ea11a
1935747.0,545664,python,[JIT],0x00007f6eda909318
1935652.0,545664,python,[JIT],0x00007f6eda658139
1935011.0,545714,python,python,make_gen
1934856.0,545700,python,[JIT],0x00007cacee0d0272
1934179.0,545700,python,[JIT],0x00007caceea2538b
1934154.0,545700,python,python,_PyDict_FromItems
1932320.0,545700,python,[JIT],0x00007cacee0d09b7
1932214.0,545653,python,[JIT],0x00007d8331d67421
1931107.0,545653,python,[JIT],0x00007d8331d68867
1930500.0,545646,python,[JIT],0x0000792aa4fae1e8
1930197.0,545664,python,[JIT],0x00007f6ed99e3297
1929059.0,545664,python,[JIT],0x00007f6ed99e9147
1928797.0,545653,python,[JIT],0x00007d8332a1329d
1927297.0,545714,python,[JIT],0x00007f986e15327f
1925602.0,545646,python,[JIT],0x0000792aa4eee5a8
1925594.0,545653,python,[JIT],0x00007d8331d68d9f
1922866.0,545664,python,[JIT],0x00007f6ed99e752e
1919211.0,545689,python,[JIT],0x00007287890eb3c4
1918594.0,545689,python,[JIT],0x00007287894160dc
1915987.0,545664,python,[JIT],0x00007f6ed9cf610c
1912207.0,545664,python,[JIT],0x00007f6eda2eb0c7
1911494.0,545653,python,[JIT],0x00007d8331d68e5c
1910736.0,545700,python,[JIT],0x00007caceea2406a
1908660.0,545689,python,[JIT],0x00007287887740fa
1902207.0,545664,python,[JIT],0x00007f6ed9cf75b9
1901175.0,545646,python,[JIT],0x0000792aa4f4108c
1900959.0,545714,python,[JIT],0x00007f986d33d147
1893892.0,545646,python,[JIT],0x0000792aa4fae6ad
1893749.0,545700,python,[JIT],0x00007caceddaf00a
1890335.0,545714,python,[JIT],0x00007f986d33fe4c
1860906.0,545646,python,[JIT],0x0000792aa4fac11b
1860283.0,545653,python,[JIT],0x00007d8332a133e3
1858340.0,545700,python,[JIT],0x00007caceea2614d
1853289.0,545664,python,[JIT],0x00007f6eda2eb59a
1852608.0,545700,python,[JIT],0x00007cacee0d0e0d
1846756.0,545678,python,[JIT],0x00007b9f7dfdb15f
1841563.0,545664,python,[JIT],0x00007f6eda9092a2
1837927.0,545689,python,[JIT],0x00007287887723cb
1837465.0,545653,python,[JIT],0x00007d8331c5b4ba
1830010.0,545714,python,[JIT],0x00007f986d33f77f
1825484.0,545646,python,[JIT],0x0000792aa4f6733d
1810742.0,545653,python,python,PyObject_CallFinalizerFromDealloc
1595883.0,545689,python,[JIT],0x00007287894140f1
1117908.0,545689,python,python,_PyEval_EvalFrameDefault
1018483.0,545700,python,[JIT],0x00007cacee0d05e6
1001098.0,545700,python,[JIT],0x00007cacedebe052
994998.0,545646,python,[JIT],0x0000792aa4fac3c7
994490.0,545646,python,[JIT],0x0000792aa4fae6a5
994190.0,545714,python,[JIT],0x00007f986d78e0e6
993769.0,545714,python,[JIT],0x00007f986d33f549
993381.0,545646,python,[JIT],0x0000792aa4fae283
993217.0,545714,python,[JIT],0x00007f986e014149
993206.0,545714,python,[JIT],0x00007f986d22d2ac
993202.0,545714,python,[JIT],0x00007f986e0140cb
993200.0,545714,python,[JIT],0x00007f986d23152e
993199.0,545714,python,python,_textiowrapper_readline
993194.0,545714,python,[JIT],0x00007f986e15311f
993192.0,545714,python,[JIT],0x00007f986d2311d3
993187.0,545653,python,[JIT],0x00007d8331d68faa
993186.0,545714,python,[JIT],0x00007f986cfcb47d
993186.0,545678,python,python,_PyEval_NoToolsForUnwind
993184.0,545714,python,[JIT],0x00007f986d2313a2
993182.0,545646,python,[JIT],0x0000792aa5483347
993181.0,545714,python,[JIT],0x00007f986d23154c
993177.0,545714,python,[JIT],0x00007f986d33d010
993177.0,545714,python,[JIT],0x00007f986e1532cc
993177.0,545714,python,[JIT],0x00007f986e153318
993177.0,545646,python,[JIT],0x0000792aa4eee456
993176.0,545653,python,[JIT],0x00007d8332a1366a
993175.0,545664,python,[JIT],0x00007f6eda65915b
993173.0,545714,python,[JIT],0x00007f986d33fa71
993172.0,545714,python,python,dictkeys_decref.part.0.constprop.0
993171.0,545714,python,[JIT],0x00007f986d33fb0e
993171.0,545653,python,[JIT],0x00007d83321ac399
993171.0,545714,python,[JIT],0x00007f986d33f0ff
993169.0,545714,python,[JIT],0x00007f986d33fdc9
993169.0,545714,python,[JIT],0x00007f986d2311d3
993169.0,545714,python,[JIT],0x00007f986d33f0c3
993168.0,545714,python,[JIT],0x00007f986e0131d2
993168.0,545714,python,[JIT],0x00007f986e01370f
993168.0,545714,python,[JIT],0x00007f986e01412f
993167.0,545714,python,[JIT],0x00007f986cfcb216
993167.0,545714,python,[JIT],0x00007f986cfcc795
993167.0,545714,python,[JIT],0x00007f986d631087
993166.0,545653,python,[JIT],0x00007d8332b7c38d
993166.0,545714,python,[JIT],0x00007f986d22c72d
993165.0,545714,python,[JIT],0x00007f986d33f114
993165.0,545646,python,[JIT],0x0000792aa4558c46
993164.0,545714,python,[JIT],0x00007f986e013749
993163.0,545714,python,[JIT],0x00007f986e1530b9
993163.0,545646,python,[JIT],0x0000792aa4667c50
993161.0,545714,python,python,tuple_alloc
993161.0,545646,python,[JIT],0x0000792aa4fae556
993160.0,545646,python,[JIT],0x0000792aa46651fe
993159.0,545714,python,[JIT],0x00007f986d78c1e6
993159.0,545714,python,[JIT],0x00007f986d78c1f5
993159.0,545646,python,[JIT],0x0000792aa4eec4ae
993158.0,545646,python,[JIT],0x0000792aa4f42166
993157.0,545714,python,[JIT],0x00007f986d2291be
993156.0,545678,python,[JIT],0x00007b9f7dfdb11b
993156.0,545653,python,[JIT],0x00007d8331d673cc
993156.0,545714,python,[JIT],0x00007f986d22d549
993156.0,545646,python,[JIT],0x0000792aa4f68909
993156.0,545646,python,[JIT],0x0000792aa4f68a33
993155.0,545653,python,[JIT],0x00007d8332a14151
993154.0,545653,python,[kernel.kallsyms],irq_exit_rcu
993154.0,545714,python,[JIT],0x00007f986cfcc77f
993154.0,545714,python,[JIT],0x00007f986d33e157
993154.0,545714,python,[JIT],0x00007f986d33f749
993154.0,545689,python,[JIT],0x0000728788bad79d
993153.0,545714,python,[JIT],0x00007f986e1531d2
993153.0,545689,python,[JIT],0x0000728789414151
993151.0,545653,python,[JIT],0x00007d8332b7c0ad
993150.0,545678,python,[JIT],0x00007b9f7de2a759
993150.0,545653,python,[JIT],0x00007d8331d688d9
993150.0,545714,python,[JIT],0x00007f986cfcb5a9
993150.0,545714,python,[JIT],0x00007f986d2325a8
993149.0,545714,python,[JIT],0x00007f986e1531cc
993149.0,545689,python,[JIT],0x00007287894133b2
993147.0,545714,python,[JIT],0x00007f986d2302e1
993147.0,545714,python,[JIT],0x00007f986d33e4f4
993147.0,545714,python,[JIT],0x00007f986d78c37d
993147.0,545646,python,[JIT],0x0000792aa466630c
993147.0,545646,python,[JIT],0x0000792aa4fae43b
993146.0,545714,python,[JIT],0x00007f986d33fd59
993146.0,545653,python,[JIT],0x00007d8332a13279
993146.0,545646,python,[JIT],0x0000792aa4eec4bb
993146.0,545646,python,[JIT],0x0000792aa4fad22f
993145.0,545714,python,[JIT],0x00007f986d33e218
993145.0,545689,python,[JIT],0x000072878865fca3
993144.0,545646,python,[JIT],0x0000792aa4f68d1f
993143.0,545714,python,[JIT],0x00007f986d33e0ce
993143.0,545714,python,[JIT],0x00007f986d23138a
993143.0,545714,python,[JIT],0x00007f986d33f5b9
993142.0,545714,python,[JIT],0x00007f986cfcc1aa
993142.0,545646,python,[JIT],0x0000792aa4f4244c
993141.0,545678,python,[JIT],0x00007b9f7de13460
993141.0,545714,python,[JIT],0x00007f986d78c3c4
993140.0,545714,python,[JIT],0x00007f986d33f335
993139.0,545653,python,[kernel.kallsyms],sched_core_idle_cpu
993139.0,545678,python,[JIT],0x00007b9f7dfdb0ea
993139.0,545714,python,[JIT],0x00007f986d231470
993138.0,545714,python,[JIT],0x00007f986d22c00a
993138.0,545664,python,[JIT],0x00007f6ed99e9076
993137.0,545689,python,[JIT],0x00007287894163f9
993137.0,545646,python,[JIT],0x0000792aa4f671ca
993136.0,545653,python,[JIT],0x00007d83321ac185
993136.0,545714,python,[JIT],0x00007f986d33f7d7
993136.0,545714,python,[JIT],0x00007f986e1533ab
993136.0,545646,python,[JIT],0x0000792aa4f4228c
993135.0,545678,python,[JIT],0x00007b9f7d3d4a4e
993135.0,545714,python,[JIT],0x00007f986cfccda4
993135.0,545714,python,[JIT],0x00007f986d22c1db
993135.0,545689,python,[JIT],0x000072878865e18f
993135.0,545689,python,[JIT],0x00007287887721cf
993135.0,545646,python,[JIT],0x0000792aa4eed015
993134.0,545714,python,[JIT],0x00007f986e014064
993134.0,545714,python,[JIT],0x00007f986d78c2c3
993134.0,545689,python,[JIT],0x00007287894160ee
993134.0,545700,python,[JIT],0x00007caceecd615b
993134.0,545646,python,[JIT],0x0000792aa46652fe
993134.0,545646,python,[JIT],0x0000792aa4f68060
993133.0,545678,python,python,initialize_locals
993133.0,545678,python,[JIT],0x00007b9f7dfdb366
993133.0,545689,python,[JIT],0x000072878877311f
993132.0,545678,python,[JIT],0x00007b9f7de2a0ad
993132.0,545689,python,[JIT],0x000072878958a13f
993132.0,545646,python,[JIT],0x0000792aa4eed366
993132.0,545646,python,[JIT],0x0000792aa4f410c8
993132.0,545646,python,[JIT],0x0000792aa4f68988
993132.0,545646,python,[JIT],0x0000792aa4f68ebf
993131.0,545714,python,[JIT],0x00007f986d78e2d5
993131.0,545689,python,[JIT],0x0000728788664a8e
993131.0,545689,python,[JIT],0x0000728788bad0d2
993131.0,545646,python,[JIT],0x0000792aa4fae53c
993130.0,545678,python,[JIT],0x00007b9f7de2a30f
993130.0,545653,python,[JIT],0x00007d83321ad3c7
993130.0,545646,python,[JIT],0x0000792aa4eeb160
993130.0,545646,python,[JIT],0x0000792aa4fae666
993129.0,545714,python,[JIT],0x00007f986d22a3d8
993129.0,545714,python,[JIT],0x00007f986e153012
993129.0,545646,python,[JIT],0x0000792aa4eed16e
993129.0,545646,python,[JIT],0x0000792aa4f68634
993128.0,545678,python,[JIT],0x00007b9f7d3af98b
993128.0,545653,python,[JIT],0x00007d8331d68bef
993128.0,545653,python,[JIT],0x00007d83321ad139
993128.0,545714,python,[JIT],0x00007f986d2313c7
993128.0,545646,python,[JIT],0x0000792aa45564c9
993128.0,545646,python,[JIT],0x0000792aa4fac56e
993127.0,545653,python,[JIT],0x00007d8331d68b91
993127.0,545689,python,[JIT],0x000072878941535c
993126.0,545678,python,[JIT],0x00007b9f7d1c338e
993126.0,545653,python,[JIT],0x00007d8331d68441
993126.0,545689,python,[JIT],0x0000728788bad0ee
993126.0,545646,python,[JIT],0x0000792aa4fac060
993125.0,545678,python,[JIT],0x00007b9f7d0ae28c
993125.0,545714,python,python,dict_dealloc
993125.0,545689,python,[JIT],0x00007287894132ad
993125.0,545646,python,[JIT],0x0000792aa4f67410
993125.0,545646,python,[JIT],0x0000792aa4f6862d
993124.0,545714,python,[JIT],0x00007f986d23152e
993124.0,545714,python,[JIT],0x00007f986d231052
993124.0,545714,python,[JIT],0x00007f986d2310c6
993124.0,545689,python,[JIT],0x000072878865d7d6
993124.0,545689,python,[JIT],0x00007287886614df
993124.0,545700,python,[JIT],0x00007cacee0ac1ea
993123.0,545689,python,[JIT],0x00007287886647e0
993123.0,545689,python,[JIT],0x0000728788bad326
993123.0,545689,python,[JIT],0x0000728788bada33
993123.0,545646,python,[JIT],0x0000792aa455a6eb
993122.0,545653,python,[JIT],0x00007d83321ad637
993122.0,545714,python,[JIT],0x00007f986d33d284
993122.0,545714,python,[JIT],0x00007f986d78d46e
993122.0,545689,python,[JIT],0x0000728788664d30
993122.0,545646,python,python,PyErr_SetRaisedException
993122.0,545646,python,[JIT],0x0000792aa4f68736
993121.0,545714,python,[JIT],0x00007f986e0133fc
993121.0,545714,python,[JIT],0x00007f986d33f7c0
993121.0,545689,python,[JIT],0x0000728788bade42
993121.0,545646,python,[JIT],0x0000792aa4fac1f4
993120.0,545714,python,[JIT],0x00007f986d33f4cb
993120.0,545714,python,[JIT],0x00007f986d33fe1b
993120.0,545646,python,[JIT],0x0000792aa466600a
993119.0,545714,python,[JIT],0x00007f986d78e0ad
993119.0,545700,python,[JIT],0x00007cacee0d2481
993119.0,545646,python,[JIT],0x0000792aa466537c
993119.0,545646,python,[JIT],0x0000792aa4f42450
993119.0,545646,python,[JIT],0x0000792aa4fae4e7
993118.0,545714,python,[JIT],0x00007f986d33fa86
993118.0,545714,python,[JIT],0x00007f986e0140d2
993118.0,545689,python,[JIT],0x0000728788bade7d
993118.0,545689,python,[JIT],0x00007287894132d8
993118.0,545646,python,[JIT],0x0000792aa4f685a9
993117.0,545678,python,[JIT],0x00007b9f7d0af416
993117.0,545678,python,[JIT],0x00007b9f7d3ad3f2
993117.0,545689,python,[JIT],0x000072878865d28c
993117.0,545689,python,[JIT],0x0000728788bad8ff
993117.0,545689,python,[JIT],0x00007287894134c3
993117.0,545700,python,[JIT],0x00007cacee0ac423
993116.0,545714,python,[JIT],0x00007f986d23032d
993116.0,545689,python,[JIT],0x00007287886632e3
993116.0,545700,python,[JIT],0x00007cacedec02c1
993116.0,545700,python,[JIT],0x00007cacee0ac0ce
993115.0,545653,python,python,PyObject_Size
993115.0,545714,python,[JIT],0x00007f986e013412
993115.0,545689,python,[JIT],0x000072878865d6c3
993115.0,545646,python,[kernel.kallsyms],copy_page_to_iter
993114.0,545714,python,[JIT],0x00007f986d33d248
993114.0,545664,python,python,_PyJIT_Entry
993113.0,545714,python,[JIT],0x00007f986e0141c4
993113.0,545689,python,[JIT],0x0000728788bad247
993112.0,545714,python,[JIT],0x00007f986e15326a
993112.0,545689,python,[JIT],0x000072878877212f
993112.0,545689,python,[JIT],0x0000728789415792
993112.0,545646,python,python,PyErr_GetRaisedException
993111.0,545714,python,[JIT],0x00007f986d33f549
993111.0,545689,python,[JIT],0x000072878865e379
993110.0,545714,python,[JIT],0x00007f986e013383
993109.0,545689,python,[JIT],0x0000728788773780
993109.0,545689,python,[JIT],0x000072878877421d
993109.0,545646,python,[JIT],0x0000792aa4f41012
993108.0,545714,python,[JIT],0x00007f986cfcb00a
993108.0,545714,python,[JIT],0x00007f986d33f329
993108.0,545714,python,[JIT],0x00007f986e013220
993108.0,545689,python,[JIT],0x0000728788bad127
993108.0,545689,python,[JIT],0x00007287890eb12f
993107.0,545700,python,[JIT],0x00007cacee0d0476
993107.0,545714,python,[JIT],0x00007f986e0140dc
993107.0,545653,python,[JIT],0x00007d8332b7c227
993106.0,545714,python,[JIT],0x00007f986cfcc06c
993106.0,545689,python,[JIT],0x000072878877121b
993106.0,545700,python,[JIT],0x00007cacedebe15e
993106.0,545700,python,[JIT],0x00007cacee0d217f
993106.0,545646,python,[JIT],0x0000792aa46650bd
993106.0,545646,python,[JIT],0x0000792aa4eee1cd
993105.0,545700,python,[JIT],0x00007caceea251c9
993105.0,545714,python,[JIT],0x00007f986d78d213
993105.0,545689,python,[JIT],0x00007287887721f1
993105.0,545700,python,[JIT],0x00007cacedebf6e5
993104.0,545714,python,[JIT],0x00007f986d2321cd
993104.0,545714,python,[JIT],0x00007f986d33f9de
993104.0,545714,python,[JIT],0x00007f986e153318
993104.0,545689,python,[JIT],0x000072878958a1be
993104.0,545700,python,[JIT],0x00007cacedebd236
993104.0,545700,python,[JIT],0x00007cacee0d08c5
993104.0,545700,python,[JIT],0x00007cacee0d2410
993103.0,545700,python,[JIT],0x00007cacee0aa9a9
993103.0,545653,python,[JIT],0x00007d83321ac320
993103.0,545653,python,[JIT],0x00007d8332b7c2cc
993103.0,545700,python,[JIT],0x00007caceddaf61e
993103.0,545700,python,[JIT],0x00007caceea252e0
993103.0,545700,python,[JIT],0x00007caceecd61a0
993103.0,545646,python,[JIT],0x0000792aa4f410c4
993102.0,545653,python,[JIT],0x00007d8331d67406
993102.0,545653,python,python,free@plt
993102.0,545714,python,[JIT],0x00007f986d33f127
993102.0,545714,python,[JIT],0x00007f986e0141aa
993102.0,545689,python,[JIT],0x000072878865f00a
993102.0,545689,python,[JIT],0x00007287894162f4
993102.0,545646,python,[JIT],0x0000792aa4667fdf
993102.0,545646,python,[JIT],0x0000792aa4eed1cf
993102.0,545646,python,[JIT],0x0000792aa4f67294
993100.0,545678,python,[JIT],0x00007b9f7d1c30bf
993100.0,545689,python,[JIT],0x00007287886632ae
993100.0,545700,python,[JIT],0x00007cacee0aa406
993099.0,545653,python,[JIT],0x00007d8331d6873d
993099.0,545700,python,[JIT],0x00007caceddabb3e
993098.0,545700,python,[JIT],0x00007cacee0d03be
993098.0,545653,python,[JIT],0x00007d8332a13766
993098.0,545714,python,[JIT],0x00007f986d230015
993098.0,545689,python,[JIT],0x0000728788bad114
993097.0,545714,python,[JIT],0x00007f986d78d5e5
993097.0,545689,python,[JIT],0x0000728789415692
993097.0,545646,python,[JIT],0x0000792aa4eee710
993096.0,545714,python,[JIT],0x00007f986d33f0f1
993096.0,545689,python,[JIT],0x00007287890eb010
993096.0,545689,python,[JIT],0x00007287890eb38d
993096.0,545700,python,[JIT],0x00007caceddae252
993095.0,545714,python,[JIT],0x00007f986e013110
993095.0,545714,python,[JIT],0x00007f986d78d39e
993095.0,545689,python,[JIT],0x00007287886631b3
993094.0,545714,python,[JIT],0x00007f986d22974c
993094.0,545689,python,[JIT],0x00007287887724b2
993094.0,545689,python,[JIT],0x000072878958a26a
993094.0,545646,python,[JIT],0x0000792aa4f68eb7
993093.0,545653,python,[JIT],0x00007d8331d671a4
993093.0,545714,python,[JIT],0x00007f986d22dbef
993093.0,545700,python,[JIT],0x00007caceddab29b
993093.0,545700,python,[JIT],0x00007cacee0d2121
993092.0,545653,python,[JIT],0x00007d8332a1340d
993092.0,545714,python,[JIT],0x00007f986cfcc1dc
993092.0,545689,python,[JIT],0x0000728788bad0ea
993091.0,545653,python,[JIT],0x00007d8332b7c117
993091.0,545689,python,[JIT],0x00007287886622c6
993091.0,545689,python,[JIT],0x00007287887730c7
993091.0,545700,python,[JIT],0x00007caceddad3f7
993091.0,545700,python,[JIT],0x00007cacedebe5f9
993090.0,545714,python,[JIT],0x00007f986cfcc2b6
993090.0,545714,python,[JIT],0x00007f986d33f5a7
993090.0,545700,python,[JIT],0x00007caceddb029b
993090.0,545646,python,[JIT],0x0000792aa4eee749
993089.0,545653,python,[JIT],0x00007d8331d680a9
993089.0,545714,python,[JIT],0x00007f986e1531eb
993089.0,545678,python,[JIT],0x00007b9f7de2b00a
993089.0,545714,python,[JIT],0x00007f986d33fbf7
993089.0,545689,python,[JIT],0x00007287887733c2
993089.0,545700,python,[JIT],0x00007cacedebf7d4
993089.0,545700,python,[JIT],0x00007cacee0aa3a1
993088.0,545653,python,[JIT],0x00007d83321ae139
993088.0,545689,python,[JIT],0x0000728788badc9d
993088.0,545689,python,[JIT],0x00007287890eb165
993088.0,545689,python,[JIT],0x0000728789413406
993087.0,545653,python,[JIT],0x00007d8332a1361f
993087.0,545714,python,[JIT],0x00007f986d33fb7b
993087.0,545700,python,[JIT],0x00007cacee0d25ee
993086.0,545689,python,[JIT],0x00007287894152c2
993085.0,545653,python,[JIT],0x00007d8331c52751
993085.0,545714,python,[JIT],0x00007f986d23120d
993085.0,545689,python,[JIT],0x0000728788774112
993085.0,545689,python,[JIT],0x0000728789416149
993084.0,545653,python,[JIT],0x00007d8331c5a1a0
993084.0,545653,python,[JIT],0x00007d8331c5b4d0
993084.0,545678,python,[JIT],0x00007b9f7d1c25c0
993084.0,545714,python,[JIT],0x00007f986d33e06a
993083.0,545653,python,[JIT],0x00007d8331d671a4
993083.0,545714,python,[JIT],0x00007f986d22a4df
993083.0,545714,python,[JIT],0x00007f986d33fd0f
993083.0,545714,python,[JIT],0x00007f986d78c121
993083.0,545689,python,[JIT],0x00007287890eb278
993083.0,545700,python,[JIT],0x00007cacedebd076
993082.0,545653,python,[JIT],0x00007d8332a13308
993082.0,545653,python,[JIT],0x00007d83321ad5dc
993082.0,545646,python,[JIT],0x0000792aa4f685e6
993081.0,545714,python,[JIT],0x00007f986d78d50d
993081.0,545714,python,[JIT],0x00007f986d78d05c
993081.0,545714,python,[JIT],0x00007f986d78e12f
993080.0,545653,python,[JIT],0x00007d83321ad4ae
993080.0,545714,python,[JIT],0x00007f986cfcb144
993080.0,545714,python,[JIT],0x00007f986e15322a
993080.0,545714,python,[JIT],0x00007f986e15324f
993080.0,545689,python,[JIT],0x0000728788a6513a
993080.0,545700,python,[JIT],0x00007caceea25550
993079.0,545653,python,[JIT],0x00007d8332a132b9
993079.0,545714,python,[JIT],0x00007f986d23238b
993079.0,545714,python,[JIT],0x00007f986d2312f6
993079.0,545700,python,[JIT],0x00007caceecd61eb
993078.0,545700,python,[JIT],0x00007caceea2576a
993077.0,545653,python,[JIT],0x00007d8331d6822c
993077.0,545653,python,[JIT],0x00007d83321ad538
993077.0,545689,python,[JIT],0x000072878865d230
993077.0,545700,python,[JIT],0x00007cacedda9148
993076.0,545653,python,[JIT],0x00007d8332a132c2
993076.0,545678,python,[JIT],0x00007b9f7de134ae
993076.0,545714,python,[JIT],0x00007f986d23008b
993076.0,545714,python,[JIT],0x00007f986e0136b0
993076.0,545689,python,[JIT],0x000072878865fdae
993076.0,545646,python,[JIT],0x0000792aa4fac0cb
993075.0,545714,python,libc.so.6,_int_free
993075.0,545714,python,[JIT],0x00007f986d230078
993075.0,545714,python,[JIT],0x00007f986d2301e2
993075.0,545714,python,[JIT],0x00007f986d33f89c
993075.0,545714,python,[JIT],0x00007f986e01331f
993075.0,545646,python,[JIT],0x0000792aa4eeb200
993075.0,545646,python,[JIT],0x0000792aa4fac29e
993075.0,545646,python,[JIT],0x0000792aa5483109
993075.0,545689,python,[JIT],0x00007287887711cd
993075.0,545689,python,[JIT],0x0000728788774079
993075.0,545664,python,[JIT],0x00007f6ed99e7480
993074.0,545653,python,[JIT],0x00007d8331d681ae
993074.0,545714,python,[JIT],0x00007f986d78d1c5
993074.0,545689,python,[JIT],0x000072878865d787
993074.0,545689,python,[JIT],0x0000728788badc17
993074.0,545700,python,[JIT],0x00007cacee0d0dad
993074.0,545646,python,[JIT],0x0000792aa4eed4e1
993073.0,545714,python,[JIT],0x00007f986d2302f6
993073.0,545689,python,[JIT],0x0000728788771143
993073.0,545646,python,python,object_dealloc
993072.0,545653,python,[JIT],0x00007d8331d6881d
993072.0,545653,python,[JIT],0x00007d8332b7c36a
993072.0,545714,python,[JIT],0x00007f986d231595
993072.0,545714,python,[JIT],0x00007f986d78d3cf
993072.0,545689,python,[JIT],0x0000728788bac130
993072.0,545700,python,[JIT],0x00007caceddb2175
993072.0,545700,python,[JIT],0x00007cacee0aa286
993072.0,545700,python,[JIT],0x00007caceea242e2
993072.0,545646,python,[JIT],0x0000792aa4f68c17
993071.0,545653,python,python,memset@plt
993071.0,545653,python,[JIT],0x00007d8331c5a2d0
993071.0,545653,python,[JIT],0x00007d83321ad0ee
993071.0,545653,python,python,PyObject_Free
993071.0,545653,python,[JIT],0x00007d8331c595b6
993071.0,545714,python,[JIT],0x00007f986d22948d
993071.0,545714,python,[JIT],0x00007f986d2315ba
993071.0,545714,python,[JIT],0x00007f986e013516
993071.0,545689,python,[JIT],0x0000728788bad355
993071.0,545700,python,[JIT],0x00007cacee0d238e
993071.0,545646,python,[JIT],0x0000792aa4fac52c
993070.0,545653,python,[JIT],0x00007d8331d68de4
993070.0,545714,python,[JIT],0x00007f986d33fc88
993070.0,545689,python,[JIT],0x00007287887725ba
993070.0,545700,python,[JIT],0x00007cacedda97db
993070.0,545700,python,[JIT],0x00007cacee0d2488
993070.0,545646,python,[JIT],0x0000792aa4fae163
993069.0,545714,python,[JIT],0x00007f986d22a1fa
993069.0,545714,python,[JIT],0x00007f986d78d5a1
993069.0,545689,python,[JIT],0x000072878877331f
993069.0,545689,python,[JIT],0x0000728789414052
993068.0,545689,python,[JIT],0x0000728788a65321
993068.0,545689,python,[JIT],0x00007287890eb2c3
993067.0,545653,python,[JIT],0x00007d83321ac34b
993067.0,545714,python,[JIT],0x00007f986e013657
993067.0,545646,python,[JIT],0x0000792aa4eec106
993066.0,545653,python,[JIT],0x00007d833205a00a
993066.0,545714,python,[JIT],0x00007f986d231297
993066.0,545714,python,[JIT],0x00007f986cfcb5dc
993066.0,545714,python,[JIT],0x00007f986d78c165
993066.0,545689,python,[JIT],0x0000728788772248
993066.0,545689,python,[JIT],0x0000728788bad5e6
993066.0,545689,python,[JIT],0x0000728788bad8a1
993066.0,545689,python,[JIT],0x00007287894132df
993066.0,545700,python,[JIT],0x00007cacedebe2d0
993066.0,545689,python,[JIT],0x00007287894131a0
993065.0,545714,python,[JIT],0x00007f986d22f0e0
993064.0,545714,python,[JIT],0x00007f986d22c2b7
993064.0,545689,python,[JIT],0x00007287894151ec
993064.0,545700,python,[JIT],0x00007caceddad010
993064.0,545700,python,[JIT],0x00007cacedebe4e1
993064.0,545700,python,[JIT],0x00007caceea242e4
993063.0,545653,python,[JIT],0x00007d8332a1372b
993063.0,545714,python,python,emit__SET_IP_r22
993063.0,545700,python,[JIT],0x00007cacee0d06aa
993063.0,545646,python,[JIT],0x0000792aa4fae550
993062.0,545653,python,[JIT],0x00007d8331c580cb
993062.0,545653,python,[JIT],0x00007d8331d687cb
993062.0,545714,python,[JIT],0x00007f986d2305cd
993062.0,545714,python,[JIT],0x00007f986d2313e4
993062.0,545700,python,[JIT],0x00007cacedebd0b7
993061.0,545653,python,[JIT],0x00007d8331d67277
993061.0,545653,python,[JIT],0x00007d83321ae2ae
993061.0,545689,python,[JIT],0x00007287890eb353
993061.0,545689,python,[JIT],0x000072878941576f
993061.0,545646,python,[JIT],0x0000792aa4f68847
993061.0,545646,python,[JIT],0x0000792aa4fac3d9
993061.0,545646,python,[JIT],0x0000792aa4fae646
993061.0,545646,python,[JIT],0x0000792aa5483381
993060.0,545653,python,[JIT],0x00007d8331d68247
993060.0,545653,python,[JIT],0x00007d8332a131d2
993060.0,545714,python,python,memset@plt
993060.0,545689,python,[JIT],0x000072878865d698
993060.0,545689,python,[JIT],0x000072878877341a
993059.0,545653,python,[JIT],0x00007d8331c52484
993059.0,545653,python,[JIT],0x00007d8331c564c0
993059.0,545714,python,[JIT],0x00007f986d78c353
993059.0,545689,python,[JIT],0x000072878865f2bb
993059.0,545689,python,[JIT],0x000072878941315f
993059.0,545689,python,[JIT],0x000072878941532e
993059.0,545700,python,[JIT],0x00007cacedebe60c
993059.0,545646,python,[JIT],0x0000792aa4eee741
993059.0,545689,python,[JIT],0x000072878958a347
993058.0,545653,python,[JIT],0x00007d833205a127
993058.0,545653,python,[JIT],0x00007d8332b7c003
993058.0,545678,python,python,gen_finalize
993058.0,545714,python,[JIT],0x00007f986d78d1e8
993058.0,545689,python,[JIT],0x000072878865d4f7
993058.0,545646,python,[JIT],0x0000792aa4558d3e
993057.0,545653,python,[JIT],0x00007d8331d68e34
993057.0,545653,python,[JIT],0x00007d8332a13574
993057.0,545714,python,[JIT],0x00007f986d23278e
993057.0,545689,python,[JIT],0x000072878865e209
993057.0,545646,python,[JIT],0x0000792aa4f688c5
993057.0,545646,python,[JIT],0x0000792aa4fad25e
993057.0,545646,python,[JIT],0x0000792aa548321f
993056.0,545678,python,python,tuple_dealloc
993056.0,545678,python,[JIT],0x00007b9f7d3d4fa0
993056.0,545653,python,[JIT],0x00007d8331c5a04c
993056.0,545714,python,[JIT],0x00007f986d33e0b9
993056.0,545689,python,[kernel.kallsyms],__remove_hrtimer
993056.0,545689,python,[kernel.kallsyms],rb_next
993056.0,545689,python,[JIT],0x000072878866330c
993056.0,545689,python,[JIT],0x0000728789415010
993056.0,545646,python,[JIT],0x0000792aa4f68fc9
993055.0,545653,python,[JIT],0x00007d8331d673f0
993055.0,545653,python,[JIT],0x00007d833205a182
993055.0,545714,python,[JIT],0x00007f986d33f9c5
993055.0,545714,python,[JIT],0x00007f986d78c18f
993055.0,545714,python,[JIT],0x00007f986d78d00a
993055.0,545700,python,[JIT],0x00007cacedda9440
993055.0,545646,python,[JIT],0x0000792aa4eec3e9
993055.0,545646,python,[JIT],0x0000792aa4fac3b2
993054.0,545653,python,[JIT],0x00007d8332a134e7
993054.0,545689,python,python,_PyLong_FromMedium
993054.0,545689,python,[JIT],0x0000728788bad0c7
993054.0,545700,python,[JIT],0x00007cacee0d0b31
993054.0,545689,python,[JIT],0x000072878941611b
993053.0,545653,python,[JIT],0x00007d83321ad185
993053.0,545689,python,[JIT],0x0000728788a653e0
993053.0,545700,python,[JIT],0x00007caceddab1a4
993053.0,545700,python,[JIT],0x00007cacee0d0b8e
993053.0,545646,python,[JIT],0x0000792aa4eee110
993053.0,545646,python,[JIT],0x0000792aa4f68c9d
993052.0,545653,python,[JIT],0x00007d8331c590cd
993052.0,545653,python,[JIT],0x00007d8331c5b2eb
993052.0,545700,python,[JIT],0x00007cacedebf37e
993052.0,545646,python,[JIT],0x0000792aa4eed0bf
993051.0,545714,python,[JIT],0x00007f986d22a221
993051.0,545714,python,[JIT],0x00007f986d22d654
993051.0,545689,python,[JIT],0x000072878865d570
993051.0,545689,python,[JIT],0x00007287887737e6
993051.0,545646,python,[JIT],0x0000792aa4eec3fd
993050.0,545653,python,[JIT],0x00007d8331c5a3cb
993050.0,545653,python,[JIT],0x00007d83321ad226
993050.0,545714,python,[JIT],0x00007f986d33e450
993050.0,545646,python,[JIT],0x0000792aa4fac3c0
993049.0,545653,python,[JIT],0x00007d8331d681ae
993049.0,545689,python,[JIT],0x0000728789416114
993049.0,545689,python,[JIT],0x000072878958a15b
993048.0,545678,python,[JIT],0x00007b9f7d1c1228
993048.0,545678,python,[JIT],0x00007b9f7de133b2
993048.0,545714,python,[JIT],0x00007f986d230612
993048.0,545646,python,[JIT],0x0000792aa4eed117
993047.0,545714,python,[JIT],0x00007f986d2315cd
993047.0,545653,python,[JIT],0x00007d8331d6726a
993047.0,545653,python,[JIT],0x00007d8331d68e9a
993047.0,545714,python,[JIT],0x00007f986d78e22f
993046.0,545653,python,[JIT],0x00007d83321ae010
993046.0,545714,python,[JIT],0x00007f986d22de02
993046.0,545646,python,[JIT],0x0000792aa4558df2
993046.0,545646,python,[JIT],0x0000792aa4eed474
993045.0,545653,python,[JIT],0x00007d8331c5a4b6
993045.0,545678,python,[JIT],0x00007b9f7d3d4b9c
993045.0,545714,python,[JIT],0x00007f986d33f258
993045.0,545689,python,[JIT],0x0000728788bade34
993045.0,545689,python,[JIT],0x000072878941539a
993045.0,545689,python,[JIT],0x000072878958a318
993045.0,545700,python,[JIT],0x00007cacedda988f
993045.0,545700,python,[JIT],0x00007cacedebf1be
993045.0,545700,python,[JIT],0x00007caceecd6358
993045.0,545646,python,[JIT],0x0000792aa4558ca3
993045.0,545646,python,[JIT],0x0000792aa4eee48e
993044.0,545714,python,[JIT],0x00007f986d78c206
993044.0,545714,python,[JIT],0x00007f986d22a63e
993044.0,545714,python,[JIT],0x00007f986d232868
993044.0,545689,python,[JIT],0x000072878865e68b
993044.0,545689,python,[JIT],0x0000728789415539
993044.0,545700,python,[JIT],0x00007cacee0aa4b6
993044.0,545700,python,[JIT],0x00007cacee0ac27b
993044.0,545700,python,[JIT],0x00007cacee0d243f
993044.0,545646,python,[JIT],0x0000792aa4eeb13c
993044.0,545689,python,[JIT],0x000072878958a24f
993043.0,545653,python,[JIT],0x00007d8331d68dd8
993043.0,545653,python,[JIT],0x00007d8332a1314d
993043.0,545653,python,[JIT],0x00007d8332a143f9
993043.0,545653,python,[JIT],0x00007d8332b7c24f
993043.0,545700,python,[JIT],0x00007cacee0d0819
993043.0,545678,python,[JIT],0x00007b9f7d3af2db
993043.0,545714,python,[JIT],0x00007f986d33f28d
993043.0,545689,python,[kernel.kallsyms],error_entry
993043.0,545689,python,[JIT],0x0000728788bac155
993043.0,545700,python,[JIT],0x00007cacee0d0110
993043.0,545646,python,[JIT],0x0000792aa4eee203
993043.0,545646,python,[JIT],0x0000792aa4f687d7
993042.0,545653,python,[JIT],0x00007d8331c5813c
993042.0,545653,python,[JIT],0x00007d8332a14189
993042.0,545689,python,python,long_dealloc
993042.0,545689,python,[JIT],0x0000728788666085
993042.0,545689,python,[JIT],0x000072878877360d
993042.0,545689,python,[JIT],0x000072878877384f
993042.0,545646,python,[JIT],0x0000792aa4eed4bb
993042.0,545646,python,[JIT],0x0000792aa4f68ac0
993041.0,545689,python,[JIT],0x0000728788badd17
993041.0,545700,python,[JIT],0x00007cacee0ab103
993041.0,545646,python,[JIT],0x0000792aa4eee1a4
993040.0,545714,python,[JIT],0x00007f986e0133f8
993040.0,545689,python,[JIT],0x0000728788badb8e
993039.0,545653,python,[JIT],0x00007d83321ad311
993039.0,545714,python,[JIT],0x00007f986d33f31d
993039.0,545700,python,[JIT],0x00007caceddb0d59
993039.0,545646,python,[JIT],0x0000792aa4eeb010
993038.0,545653,python,[JIT],0x00007d8331d68114
993038.0,545678,python,python,new_dict.constprop.0
993037.0,545653,python,[JIT],0x00007d8331d688e3
993037.0,545714,python,[JIT],0x00007f986d22a60b
993037.0,545689,python,[JIT],0x0000728788666131
993037.0,545689,python,[JIT],0x00007287887712b2
993037.0,545700,python,[JIT],0x00007caceddb0450
993037.0,545700,python,[JIT],0x00007cacee0ab0bc
993037.0,545700,python,[JIT],0x00007caceea251d2
993037.0,545646,python,[JIT],0x0000792aa46678a3
993037.0,545646,python,[JIT],0x0000792aa4eee657
993037.0,545689,python,[JIT],0x0000728788a653db
993036.0,545700,python,[JIT],0x00007caceea2548e
993036.0,545646,python,[JIT],0x0000792aa4f687c7
993036.0,545646,python,[JIT],0x0000792aa4f689e9
993036.0,545646,python,[JIT],0x0000792aa4f68cc6
993035.0,545678,python,[JIT],0x00007b9f7d3af1bd
993035.0,545714,python,[JIT],0x00007f986d78c2a5
993035.0,545689,python,[JIT],0x0000728788663394
993035.0,545700,python,[JIT],0x00007cacedebe258
993035.0,545646,python,[JIT],0x0000792aa4f68be6
993034.0,545678,python,[JIT],0x00007b9f7de2911f
993034.0,545714,python,[JIT],0x00007f986d78c11b
993034.0,545689,python,[JIT],0x000072878958a29c
993034.0,545700,python,[JIT],0x00007caceddaa1bb
993034.0,545700,python,[JIT],0x00007cacee0ab0bf
993034.0,545646,python,[JIT],0x0000792aa455a4ae
993033.0,545653,python,[JIT],0x00007d8331c542c6
993033.0,545653,python,[JIT],0x00007d83321ae422
993033.0,545700,python,[JIT],0x00007caceecd64d2
993033.0,545714,python,[JIT],0x00007f986d78e151
993033.0,545700,python,[JIT],0x00007caceddb20c7
993033.0,545646,python,[JIT],0x0000792aa46676b5
993032.0,545689,python,[JIT],0x0000728788bad2f9
993032.0,545689,python,[JIT],0x0000728788bad7cb
993032.0,545700,python,[JIT],0x00007cacedebf3b7
993032.0,545700,python,[JIT],0x00007cacee0ac197
993032.0,545646,python,[JIT],0x0000792aa4eec493
993032.0,545646,python,[JIT],0x0000792aa4eec642
993032.0,545646,python,[JIT],0x0000792aa4eee4f3
993031.0,545714,python,[JIT],0x00007f986d33e108
993031.0,545714,python,[JIT],0x00007f986e1531f2
993031.0,545653,python,[JIT],0x00007d8331c5a4b6
993031.0,545714,python,[JIT],0x00007f986cfcc052
993031.0,545714,python,[JIT],0x00007f986d22a361
993031.0,545689,python,[JIT],0x000072878866331b
993031.0,545689,python,[JIT],0x0000728788a6511a
993031.0,545689,python,[JIT],0x0000728788bad2a8
993031.0,545700,python,[JIT],0x00007cacedec0052
993031.0,545689,python,[JIT],0x0000728789415c6c
993030.0,545678,python,[JIT],0x00007b9f7d3d4121
993030.0,545689,python,[JIT],0x0000728788a65475
993030.0,545700,python,[JIT],0x00007caceddad4c8
993030.0,545700,python,[JIT],0x00007cacee0d0be6
993030.0,545646,python,[JIT],0x0000792aa4667473
993030.0,545646,python,[JIT],0x0000792aa4fae294
993029.0,545653,python,[JIT],0x00007d8331c56d30
993029.0,545700,python,[JIT],0x00007cacee0d24c0
993029.0,545714,python,[JIT],0x00007f986d33fbf2
993029.0,545689,python,[JIT],0x0000728788bad0dc
993029.0,545689,python,[JIT],0x0000728788bad428
993029.0,545689,python,[JIT],0x000072878958a1a4
993029.0,545700,python,[JIT],0x00007cacedebd3e4
993029.0,545700,python,[JIT],0x00007cacee0d0c88
993029.0,545646,python,[JIT],0x0000792aa4fac22b
993028.0,545714,python,[JIT],0x00007f986e15321b
993028.0,545714,python,[JIT],0x00007f986d33f79d
993028.0,545689,python,python,memset@plt
993028.0,545700,python,[JIT],0x00007cacee0aa000
993028.0,545700,python,[JIT],0x00007cacee0ac2d4
993028.0,545646,python,[JIT],0x0000792aa4f4227f
993028.0,545646,python,[JIT],0x0000792aa4fae6e4
993028.0,545664,python,libc.so.6,malloc
993027.0,545700,python,[JIT],0x00007cacee0d06a7
993027.0,545689,python,[JIT],0x00007287887722f6
993027.0,545689,python,[JIT],0x0000728789415599
993027.0,545646,python,[JIT],0x0000792aa4f423e6
993027.0,545646,python,[JIT],0x0000792aa4f68bef
993026.0,545653,python,[JIT],0x00007d8331c52663
993026.0,545653,python,[JIT],0x00007d8331d6895f
993026.0,545689,python,[JIT],0x0000728788773503
993026.0,545700,python,python,_PyType_GetDict
993026.0,545646,python,[JIT],0x0000792aa4fac00a
993026.0,545646,python,[JIT],0x0000792aa5483318
993026.0,545689,python,[JIT],0x000072878958a185
993025.0,545653,python,[JIT],0x00007d8331d6619b
993025.0,545653,python,[JIT],0x00007d8331d68707
993025.0,545714,python,[JIT],0x00007f986d33e04c
993025.0,545689,python,[JIT],0x000072878865f21f
993024.0,545653,python,[JIT],0x00007d8331c593e4
993024.0,545678,python,python,dictkeys_decref.part.0.constprop.0
993024.0,545714,python,[JIT],0x00007f986cfcb468
993024.0,545689,python,python,_PyFunction_SetVersion
993023.0,545653,python,[JIT],0x00007d8331d6877f
993023.0,545653,python,[JIT],0x00007d83321ad567
993023.0,545700,python,python,PyDict_GetItemRef
993023.0,545714,python,[JIT],0x00007f986d23211b
993023.0,545714,python,[JIT],0x00007f986d33f57c
993023.0,545714,python,[JIT],0x00007f986d78d403
993023.0,545689,python,[JIT],0x000072878877100a
993023.0,545689,python,[JIT],0x0000728789415253
993023.0,545700,python,[JIT],0x00007cacedebd0bf
993023.0,545700,python,[JIT],0x00007cacedebe5b2
993023.0,545700,python,[JIT],0x00007caceea25387
993023.0,545689,python,python,_PyObject_InitInlineValues
993022.0,545653,python,[JIT],0x00007d8331d6718d
993022.0,545714,python,[JIT],0x00007f986d33f7d7
993022.0,545714,python,[JIT],0x00007f986d33d4e0
993022.0,545700,python,[JIT],0x00007cacee0ab133
993022.0,545700,python,[JIT],0x00007cacee0ac530
993022.0,545646,python,[JIT],0x0000792aa4f68cd1
993021.0,545700,python,[JIT],0x00007caceea253cc
993021.0,545714,python,[JIT],0x00007f986e153203
993021.0,545700,python,[JIT],0x00007cacee0d0526
993021.0,545646,python,[JIT],0x0000792aa466748a
993021.0,545646,python,[JIT],0x0000792aa4f6889c
993020.0,545714,python,[JIT],0x00007f986d231491
993020.0,545646,python,[JIT],0x0000792aa4eed0cd
993019.0,545653,python,[JIT],0x00007d8331d68170
993019.0,545653,python,[JIT],0x00007d8331d6831d
993019.0,545653,python,[JIT],0x00007d8332a134e0
993019.0,545700,python,[JIT],0x00007cacee0d238a
993019.0,545714,python,[JIT],0x00007f986e0133ec
993019.0,545700,python,[JIT],0x00007cacedebe457
993019.0,545700,python,[JIT],0x00007cacedebf491
993019.0,545646,python,[JIT],0x0000792aa4f670a9
993018.0,545714,python,[JIT],0x00007f986d232300
993018.0,545714,python,[JIT],0x00007f986d78d44e
993018.0,545689,python,[JIT],0x00007287887732dc
993018.0,545689,python,[JIT],0x000072878877419b
993018.0,545689,python,[JIT],0x0000728788badac0
993017.0,545653,python,[JIT],0x00007d8332a13279
993017.0,545700,python,[JIT],0x00007cacee0ac1ca
993016.0,545653,python,[JIT],0x00007d8331c594bb
993016.0,545653,python,[JIT],0x00007d83321ad114
993016.0,545678,python,python,PyObject_Free
993016.0,545689,python,[JIT],0x000072878941338e
993016.0,545700,python,[JIT],0x00007caceddb2085
993016.0,545700,python,[JIT],0x00007caceea257b8
993016.0,545646,python,[JIT],0x0000792aa4f68064
993016.0,545646,python,[JIT],0x0000792aa4fae619
993015.0,545653,python,[JIT],0x00007d83321ac1ca
993015.0,545689,python,[JIT],0x00007287886632db
993015.0,545689,python,[JIT],0x0000728788bade0d
993015.0,545646,python,[JIT],0x0000792aa4558309
993015.0,545646,python,[JIT],0x0000792aa4fac484
993014.0,545700,python,[JIT],0x00007cacedebf38f
993014.0,545714,python,[JIT],0x00007f986d33d088
993014.0,545689,python,[JIT],0x0000728788771078
993014.0,545689,python,[JIT],0x00007287887720bf
993014.0,545700,python,[JIT],0x00007caceea253e3
993014.0,545646,python,[JIT],0x0000792aa4556052
993014.0,545646,python,[JIT],0x0000792aa4fad1d7
993014.0,545689,python,[JIT],0x00007287887741e8
993014.0,545664,python,[JIT],0x00007f6ed9cf7bb8
993013.0,545714,python,[JIT],0x00007f986d33fdd4
993013.0,545689,python,[JIT],0x0000728788771572
993013.0,545689,python,[JIT],0x0000728789415431
993013.0,545700,python,[JIT],0x00007caceddb0ac9
993013.0,545700,python,[JIT],0x00007cacee0d0b03
993013.0,545700,python,[JIT],0x00007caceea240ad
993013.0,545700,python,[JIT],0x00007caceea25371
993013.0,545646,python,[JIT],0x0000792aa4f424bb
993013.0,545689,python,python,PyErr_Occurred
993012.0,545678,python,[JIT],0x00007b9f7d1c23fd
993012.0,545678,python,[JIT],0x00007b9f7dfdb181
993012.0,545700,python,[JIT],0x00007caceecd600a
993011.0,545653,python,[JIT],0x00007d8331d684a1
993011.0,545689,python,[JIT],0x00007287887737c7
993011.0,545700,python,[JIT],0x00007cacee0d2170
993011.0,545646,python,[JIT],0x0000792aa4fad1e0
993010.0,545653,python,[JIT],0x00007d8331c5a4e1
993010.0,545653,python,[JIT],0x00007d8331d68bc8
993010.0,545714,python,[JIT],0x00007f986e1533b2
993010.0,545678,python,[JIT],0x00007b9f7de13139
993010.0,545689,python,[JIT],0x0000728788a653d7
993010.0,545689,python,[JIT],0x0000728788bac0b1
993010.0,545689,python,[JIT],0x0000728788bac13e
993009.0,545653,python,[JIT],0x00007d8331c591cd
993009.0,545700,python,[JIT],0x00007cacee0d0329
993009.0,545700,python,[JIT],0x00007caceea2511f
993009.0,545700,python,[JIT],0x00007caceecd6133
993008.0,545653,python,[JIT],0x00007d83321ac312
993008.0,545653,python,[JIT],0x00007d8332a13766
993008.0,545689,python,[JIT],0x000072878866100a
993008.0,545689,python,[JIT],0x0000728789413114
993008.0,545700,python,[JIT],0x00007caceddabadc
993008.0,545700,python,[JIT],0x00007cacedec02ce
993008.0,545646,python,[JIT],0x0000792aa4667211
993007.0,545700,python,[JIT],0x00007caceea243f4
993007.0,545689,python,[JIT],0x0000728788bad28a
993007.0,545689,python,[JIT],0x0000728788badc6d
993007.0,545700,python,[JIT],0x00007cacedebe3a7
993007.0,545646,python,[JIT],0x0000792aa4fac28d
993006.0,545700,python,[JIT],0x00007caceea25617
993006.0,545646,python,[JIT],0x0000792aa4eed2cd
993005.0,545653,python,[JIT],0x00007d83319f558b
993005.0,545653,python,[JIT],0x00007d8331d682ed
993005.0,545714,python,[JIT],0x00007f986d22f13c
993005.0,545714,python,[JIT],0x00007f986d33f518
993005.0,545700,python,[JIT],0x00007cacee0ac1ae
993005.0,545646,python,[JIT],0x0000792aa4f410d0
993004.0,545689,python,[JIT],0x0000728788664888
993004.0,545689,python,[JIT],0x0000728788baddd4
993004.0,545689,python,[JIT],0x00007287894151a0
993004.0,545689,python,[JIT],0x00007287894152ed
993004.0,545646,python,[JIT],0x0000792aa4fac392
993003.0,545653,python,[JIT],0x00007d8331c57055
993003.0,545653,python,[JIT],0x00007d8331c5b2ed
993003.0,545714,python,python,memmove@plt
993003.0,545714,python,[JIT],0x00007f986d231522
993003.0,545714,python,[JIT],0x00007f986d33fa41
993003.0,545714,python,[JIT],0x00007f986d78c1ae
993003.0,545689,python,[JIT],0x000072878958a064
993003.0,545700,python,[JIT],0x00007cacedebf590
993003.0,545700,python,[JIT],0x00007cacee0aa3cc
993003.0,545646,python,[JIT],0x0000792aa4f68d5d
993002.0,545653,python,[JIT],0x00007d8331c55117
993002.0,545653,python,[JIT],0x00007d8331d6887f
993002.0,545700,python,[JIT],0x00007caceea2611f
993002.0,545678,python,[JIT],0x00007b9f7d3d4aa3
993002.0,545653,python,python,find_empty_slot
993002.0,545689,python,[JIT],0x0000728789413109
993002.0,545689,python,[JIT],0x000072878958a14d
993002.0,545700,python,[JIT],0x00007caceddb0bf3
993001.0,545714,python,[JIT],0x00007f986d78d2ad
993001.0,545646,python,[JIT],0x0000792aa4eec3f3
993001.0,545646,python,[JIT],0x0000792aa4eee7c7
993001.0,545646,python,[JIT],0x0000792aa4fae3ec
993000.0,545653,python,[JIT],0x00007d8331c5517e
993000.0,545714,python,[JIT],0x00007f986e014125
993000.0,545714,python,[JIT],0x00007f986d78d4a4
993000.0,545689,python,[JIT],0x000072878877117c
993000.0,545700,python,[JIT],0x00007caceddb0728
993000.0,545700,python,[JIT],0x00007cacedebd106
993000.0,545646,python,[JIT],0x0000792aa455628c
992999.0,545653,python,[JIT],0x00007d8332a131c5
992999.0,545714,python,python,dictresize
992999.0,545714,python,[JIT],0x00007f986d33f0ff
992999.0,545714,python,[JIT],0x00007f986d33fc0a
992999.0,545646,python,[JIT],0x0000792aa4fac58a
992999.0,545689,python,[JIT],0x00007287890eb423
992998.0,545653,python,[JIT],0x00007d8331c592d0
992998.0,545653,python,[JIT],0x00007d8332a13300
992998.0,545714,python,[JIT],0x00007f986d33f653
992998.0,545689,python,[JIT],0x0000728788badbf2
992998.0,545646,python,[JIT],0x0000792aa4fac151
992998.0,545689,python,[JIT],0x00007287887724b6
992997.0,545689,python,[JIT],0x00007287886644c0
992997.0,545689,python,[JIT],0x0000728788bad0f1
992997.0,545689,python,[JIT],0x00007287890eb353
992996.0,545653,python,[JIT],0x00007d8332a136c8
992996.0,545653,python,[JIT],0x00007d83321ad317
992996.0,545714,python,[JIT],0x00007f986d22f085
992996.0,545689,python,[JIT],0x00007287887725e4
992996.0,545689,python,[JIT],0x0000728789413172
992996.0,545700,python,[JIT],0x00007cacedec00c8
992995.0,545653,python,[JIT],0x00007d8331d67351
992995.0,545653,python,[JIT],0x00007d8331d68121
992995.0,545653,python,[JIT],0x00007d8331d681de
992995.0,545714,python,[JIT],0x00007f986d78c2f2
992995.0,545689,python,[JIT],0x0000728788771068
992994.0,545653,python,[JIT],0x00007d83321ac233
992994.0,545653,python,python,dictresize
992994.0,545653,python,[JIT],0x00007d8332b7c3b2
992994.0,545664,python,[JIT],0x00007f6ed9cf7323
992993.0,545653,python,[JIT],0x00007d8332b7c1fe
992993.0,545678,python,[JIT],0x00007b9f7d3d45a9
992993.0,545714,python,[JIT],0x00007f986d33fdad
992993.0,545689,python,[JIT],0x0000728788a652ea
992993.0,545689,python,[JIT],0x0000728788bad351
992993.0,545700,python,[JIT],0x00007caceea2511b
992993.0,545689,python,[JIT],0x0000728788bad121
992992.0,545653,python,[JIT],0x00007d83319f447d
992992.0,545653,python,[JIT],0x00007d8332a141c8
992992.0,545700,python,[JIT],0x00007cacee0d089c
992991.0,545714,python,[JIT],0x00007f986d231258
992991.0,545700,python,python,list_sort
992991.0,545700,python,[JIT],0x00007cacee0d0842
992990.0,545653,python,[JIT],0x00007d8331c5b2b0
992990.0,545653,python,[JIT],0x00007d8331d682d9
992990.0,545653,python,[JIT],0x00007d8332b7c110
992990.0,545689,python,[JIT],0x00007287886616b5
992990.0,545689,python,[JIT],0x000072878866361e
992989.0,545653,python,[JIT],0x00007d8331c555c4
992989.0,545653,python,[JIT],0x00007d8331d67316
992989.0,545714,python,[JIT],0x00007f986d22d47f
992989.0,545700,python,[JIT],0x00007cacee0d03be
992989.0,545700,python,[JIT],0x00007cacee0d0847
992988.0,545653,python,python,_PyEvalFramePushAndInit
992988.0,545689,python,[JIT],0x00007287894142e2
992988.0,545700,python,[JIT],0x00007caceddae217
992988.0,545700,python,[JIT],0x00007cacee0d057c
992988.0,545646,python,[JIT],0x0000792aa521304c
992987.0,545653,python,[JIT],0x00007d8331c56445
992987.0,545700,python,[JIT],0x00007cacedebe4bb
992986.0,545653,python,[JIT],0x00007d8331c5b35c
992986.0,545653,python,python,PyMem_Realloc
992986.0,545714,python,[JIT],0x00007f986d33f996
992986.0,545714,python,[JIT],0x00007f986e013529
992986.0,545714,python,[JIT],0x00007f986e014110
992986.0,545689,python,[JIT],0x000072878877378e
992986.0,545646,python,[JIT],0x0000792aa4558adc
992985.0,545653,python,[JIT],0x00007d8331c5a269
992985.0,545714,python,[JIT],0x00007f986d2291ef
992985.0,545700,python,[JIT],0x00007caceddaa1fb
992985.0,545689,python,python,_Py_MakeCoro
992985.0,545689,python,[JIT],0x000072878865ff59
992984.0,545653,python,[JIT],0x00007d8331c5a31f
992984.0,545689,python,[JIT],0x0000728788bad170
992984.0,545689,python,[JIT],0x0000728788bad29e
992983.0,545653,python,[JIT],0x00007d8331c590c2
992983.0,545653,python,[JIT],0x00007d8331d68000
992983.0,545653,python,[JIT],0x00007d8331d68155
992983.0,545714,python,[JIT],0x00007f986d22b133
992983.0,545689,python,[JIT],0x00007287887741b7
992983.0,545689,python,[JIT],0x0000728789416125
992983.0,545700,python,python,free@plt
992983.0,545700,python,[JIT],0x00007caceea2522a
992982.0,545653,python,python,PyObject_GC_Del
992982.0,545689,python,[JIT],0x000072878865f412
992982.0,545689,python,[JIT],0x0000728788bad1de
992981.0,545653,python,[JIT],0x00007d83321ac1e6
992981.0,545714,python,[JIT],0x00007f986cfccc15
992981.0,545714,python,[JIT],0x00007f986d33fde4
992981.0,545714,python,[JIT],0x00007f986e153238
992981.0,545689,python,[JIT],0x00007287894142b1
992981.0,545700,python,[JIT],0x00007cacee0d067c
992980.0,545653,python,[JIT],0x00007d8331c5900a
992980.0,545653,python,[JIT],0x00007d8331d68e42
992980.0,545653,python,[JIT],0x00007d83321ae166
992980.0,545714,python,[JIT],0x00007f986d2323ba
992980.0,545714,python,[JIT],0x00007f986d2326c1
992980.0,545689,python,[JIT],0x0000728788badbef
992979.0,545714,python,[JIT],0x00007f986d78d0e6
992979.0,545689,python,[JIT],0x0000728788772089
992978.0,545653,python,[JIT],0x00007d8332a141e5
992978.0,545714,python,[JIT],0x00007f986d2310b4
992978.0,545714,python,[JIT],0x00007f986d33f97a
992978.0,545689,python,[JIT],0x00007287894163f6
992978.0,545700,python,[JIT],0x00007cacedebf414
992978.0,545689,python,[JIT],0x000072878958a32c
992977.0,545653,python,[JIT],0x00007d83321ad2c2
992977.0,545700,python,[JIT],0x00007cacee0aa4b6
992977.0,545714,python,[JIT],0x00007f986d78d47e
992977.0,545714,python,[JIT],0x00007f986d78e0f1
992977.0,545689,python,[JIT],0x00007287894131ce
992977.0,545689,python,[JIT],0x0000728789414405
992977.0,545700,python,[JIT],0x00007cacee0ab114
992977.0,545664,python,[JIT],0x00007f6eda659010
992976.0,545653,python,[JIT],0x00007d8331c550b3
992976.0,545653,python,[JIT],0x00007d8331c553a8
992976.0,545714,python,[JIT],0x00007f986d2315b2
992976.0,545714,python,[JIT],0x00007f986cfcc289
992976.0,545689,python,[JIT],0x0000728788773595
992976.0,545700,python,[JIT],0x00007cacee0d023b
992976.0,545689,python,[JIT],0x000072878877204c
992975.0,545653,python,[JIT],0x00007d8331c5a629
992975.0,545653,python,[JIT],0x00007d8331d68835
992975.0,545714,python,[JIT],0x00007f986d33fdd0
992974.0,545700,python,[JIT],0x00007cacedebe53c
992974.0,545714,python,[JIT],0x00007f986d78c416
992974.0,545714,python,[JIT],0x00007f986e0140ce
992974.0,545689,python,[JIT],0x00007287887731f5
992974.0,545689,python,[JIT],0x0000728788774298
992974.0,545700,python,[JIT],0x00007caceea25657
992974.0,545646,python,[JIT],0x0000792aa4eed194
992974.0,545689,python,[JIT],0x0000728788a65108
992973.0,545653,python,[JIT],0x00007d8331d68dc9
992973.0,545714,python,[JIT],0x00007f986d231289
992973.0,545714,python,[JIT],0x00007f986d78d117
992973.0,545689,python,[JIT],0x0000728789415617
992973.0,545646,python,[JIT],0x0000792aa4fae0b9
992972.0,545653,python,[JIT],0x00007d8331d68428
992972.0,545700,python,[JIT],0x00007cacee0d2127
992972.0,545700,python,[JIT],0x00007cacee0d237b
992972.0,545653,python,libc.so.6,malloc
992972.0,545689,python,[JIT],0x000072878941406a
992972.0,545700,python,[JIT],0x00007cacee0d215f
992971.0,545653,python,[JIT],0x00007d8331c5b43b
992971.0,545653,python,[JIT],0x00007d8331d6835b
992971.0,545653,python,[JIT],0x00007d83321ae191
992971.0,545714,python,[JIT],0x00007f986d2302b2
992970.0,545653,python,[JIT],0x00007d8332a140c3
992970.0,545653,python,[JIT],0x00007d8332a13692
992970.0,545714,python,[JIT],0x00007f986cfcc076
992970.0,545714,python,[JIT],0x00007f986d33e00a
992970.0,545689,python,[JIT],0x0000728789413012
992970.0,545700,python,[JIT],0x00007cacedda9614
992969.0,545653,python,[JIT],0x00007d8331d68db4
992969.0,545653,python,[JIT],0x00007d8332a140ea
992969.0,545689,python,[JIT],0x0000728788bad46f
992969.0,545700,python,[JIT],0x00007cacedebf1c1
992969.0,545700,python,[JIT],0x00007cacee0d2064
992969.0,545646,python,[JIT],0x0000792aa4fae659
992968.0,545653,python,[JIT],0x00007d8331d68d17
992968.0,545700,python,[JIT],0x00007cacee0aa3db
992968.0,545700,python,[JIT],0x00007cacee0d0bcc
992968.0,545714,python,[JIT],0x00007f986cfcce1e
992968.0,545714,python,[JIT],0x00007f986d22c225
992968.0,545646,python,[JIT],0x0000792aa4eee218
992968.0,545689,python,[JIT],0x00007287894141f0
992967.0,545714,python,[JIT],0x00007f986d33f44b
992967.0,545689,python,[JIT],0x0000728788661097
992967.0,545700,python,[JIT],0x00007cacee0d20ad
992966.0,545653,python,[JIT],0x00007d8332b7c133
992966.0,545678,python,[JIT],0x00007b9f7de2b0ea
992966.0,545646,python,python,_PyType_AllocNoTrack
992965.0,545653,python,[JIT],0x00007d8331d68604
992965.0,545689,python,[JIT],0x0000728788bad553
992965.0,545689,python,[JIT],0x0000728789413170
992965.0,545700,python,[JIT],0x00007cacee0d0863
992965.0,545646,python,[JIT],0x0000792aa4eee0f1
992963.0,545653,python,[JIT],0x00007d8331d662aa
992963.0,545714,python,[JIT],0x00007f986d229110
992963.0,545646,python,[JIT],0x0000792aa4fac117
992962.0,545653,python,[JIT],0x00007d83319f5adc
992962.0,545653,python,[JIT],0x00007d8331d68faa
992962.0,545653,python,[JIT],0x00007d8332a1346f
992962.0,545714,python,[JIT],0x00007f986d230468
992962.0,545714,python,[JIT],0x00007f986d33f9da
992962.0,545689,python,[JIT],0x00007287894160cb
992962.0,545700,python,[JIT],0x00007cacedebd499
992962.0,545689,python,python,free@plt
992961.0,545653,python,[JIT],0x00007d8331d68d61
992961.0,545678,python,[JIT],0x00007b9f7dfdb0c3
992961.0,545653,python,[JIT],0x00007d8331d68736
992961.0,545714,python,[JIT],0x00007f986d33f010
992961.0,545714,python,[JIT],0x00007f986e01337e
992961.0,545700,python,[JIT],0x00007caceddab25b
992961.0,545700,python,[JIT],0x00007cacedebd470
992961.0,545700,python,[JIT],0x00007caceea260a9
992961.0,545646,python,[JIT],0x0000792aa4eee11b
992960.0,545653,python,[JIT],0x00007d8331d68454
992960.0,545714,python,[JIT],0x00007f986d22d992
992959.0,545653,python,[JIT],0x00007d8331d68bcc
992959.0,545653,python,[JIT],0x00007d8332a136dc
992959.0,545678,python,[JIT],0x00007b9f7d3d4247
992959.0,545714,python,[JIT],0x00007f986d23132d
992959.0,545714,python,[JIT],0x00007f986e0131e2
992959.0,545689,python,[JIT],0x0000728788774068
992958.0,545653,python,[JIT],0x00007d8331c593cb
992958.0,545653,python,[JIT],0x00007d8331d68c37
992958.0,545653,python,[JIT],0x00007d8332a134ba
992958.0,545714,python,[JIT],0x00007f986d22c483
992958.0,545714,python,[JIT],0x00007f986d78d3ec
992958.0,545714,python,[JIT],0x00007f986e0131ec
992958.0,545689,python,[JIT],0x0000728788bad2ff
992958.0,545689,python,[JIT],0x0000728789413117
992958.0,545700,python,[JIT],0x00007caceea25646
992958.0,545700,python,[JIT],0x00007caceea256f9
992957.0,545653,python,[JIT],0x00007d8332a13792
992957.0,545653,python,[JIT],0x00007d8331c5b7e6
992957.0,545714,python,[JIT],0x00007f986d78d490
992957.0,545714,python,[JIT],0x00007f986d78d4ab
992957.0,545689,python,[JIT],0x0000728788bad9ed
992957.0,545689,python,[JIT],0x000072878958a1d5
992956.0,545653,python,[JIT],0x00007d8331d68d87
992956.0,545653,python,[JIT],0x00007d8331d68cab
992956.0,545714,python,[JIT],0x00007f986d78e1e0
992956.0,545714,python,[JIT],0x00007f986e15305c
992956.0,545714,python,[JIT],0x00007f986e153227
992956.0,545714,python,[JIT],0x00007f986e1532ed
992956.0,545689,python,[JIT],0x00007287894150f8
992956.0,545646,python,[JIT],0x0000792aa52130c7
992956.0,545646,python,[JIT],0x0000792aa521310c
992955.0,545653,python,[JIT],0x00007d8331c5558c
992955.0,545714,python,[JIT],0x00007f986d33fe14
992955.0,545653,python,[JIT],0x00007d8332a13579
992955.0,545714,python,[JIT],0x00007f986d22dac9
992955.0,545689,python,[JIT],0x000072878866600a
992955.0,545689,python,[JIT],0x000072878877247e
992954.0,545653,python,[kernel.kallsyms],native_irq_return_iret
992954.0,545653,python,[JIT],0x00007d8332a140d2
992954.0,545653,python,libc.so.6,_int_free
992954.0,545714,python,[JIT],0x00007f986d232249
992954.0,545714,python,[JIT],0x00007f986d78d3c4
992954.0,545689,python,[JIT],0x000072878865e1d1
992954.0,545689,python,[JIT],0x00007287894152a8
992954.0,545700,python,[JIT],0x00007caceea25360
992953.0,545653,python,[JIT],0x00007d8332a13364
992953.0,545714,python,[JIT],0x00007f986d2305cd
992953.0,545653,python,[JIT],0x00007d8331c5a60f
992953.0,545714,python,[JIT],0x00007f986d33f807
992953.0,545700,python,[JIT],0x00007cacee0d0e4c
992952.0,545653,python,[JIT],0x00007d8331c5b705
992952.0,545653,python,[JIT],0x00007d8331d6815f
992952.0,545714,python,[JIT],0x00007f986d6310eb
992952.0,545689,python,[JIT],0x00007287894130b3
992952.0,545700,python,[JIT],0x00007cacedec000a
992952.0,545700,python,[JIT],0x00007caceea24273
992952.0,545646,python,[JIT],0x0000792aa4eed3a7
992952.0,545646,python,[JIT],0x0000792aa4f43076
992952.0,545689,python,[JIT],0x0000728789415692
992951.0,545714,python,[JIT],0x00007f986d78d2a1
992951.0,545678,python,[JIT],0x00007b9f7d3d4326
992951.0,545714,python,[JIT],0x00007f986d78d11b
992951.0,545646,python,[JIT],0x0000792aa4fac5ff
992951.0,545689,python,[JIT],0x00007287894131ae
992950.0,545678,python,[JIT],0x00007b9f7d3d4be6
992950.0,545714,python,[JIT],0x00007f986d78c407
992950.0,545714,python,[JIT],0x00007f986d78d72c
992950.0,545689,python,[JIT],0x0000728788badb4c
992950.0,545689,python,[JIT],0x00007287894157ab
992950.0,545689,python,[JIT],0x000072878958a39f
992950.0,545700,python,[JIT],0x00007cacee0d0c6d
992950.0,545689,python,[JIT],0x0000728788bad893
992949.0,545653,python,[JIT],0x00007d8331d68b42
992949.0,545678,python,python,PyLong_FromSsize_t
992949.0,545714,python,[JIT],0x00007f986d23225d
992949.0,545714,python,[JIT],0x00007f986e153000
992949.0,545689,python,[JIT],0x000072878865d131
992949.0,545689,python,[JIT],0x000072878865ff0d
992949.0,545689,python,[JIT],0x000072878877341c
992949.0,545689,python,[JIT],0x000072878877379c
992949.0,545689,python,[JIT],0x0000728788a65010
992949.0,545700,python,[JIT],0x00007caceea24172
992949.0,545646,python,[JIT],0x0000792aa4eec0cd
992949.0,545664,python,[JIT],0x00007f6ed99e63c3
992948.0,545714,python,[JIT],0x00007f986d78d279
992948.0,545689,python,[JIT],0x00007287894131f4
992948.0,545646,python,[JIT],0x0000792aa4666377
992948.0,545689,python,[JIT],0x0000728788772466
992947.0,545714,python,[JIT],0x00007f986d78e151
992947.0,545678,python,python,gen_close
992947.0,545714,python,[JIT],0x00007f986e0132e7
992947.0,545689,python,[JIT],0x00007287887735a5
992946.0,545689,python,[JIT],0x0000728788771236
992946.0,545646,python,[JIT],0x0000792aa4f6733f
992946.0,545646,python,[JIT],0x0000792aa4f6897a
992945.0,545653,python,[JIT],0x00007d83321ad50d
992945.0,545700,python,[JIT],0x00007cacee0d02a8
992945.0,545714,python,[JIT],0x00007f986d33f493
992945.0,545714,python,[JIT],0x00007f986d33d112
992945.0,545689,python,[JIT],0x000072878877422c
992945.0,545689,python,[JIT],0x0000728788bad95f
992944.0,545653,python,[JIT],0x00007d8331c5b332
992944.0,545700,python,[JIT],0x00007caceecd60cb
992943.0,545653,python,[JIT],0x00007d8331c5a480
992943.0,545653,python,[JIT],0x00007d8332b7c35c
992943.0,545653,python,[JIT],0x00007d8332b7c4cf
992943.0,545689,python,[JIT],0x000072878941615f
992943.0,545700,python,[JIT],0x00007cacee0d04fb
992943.0,545646,python,[JIT],0x0000792aa4558ea6
992942.0,545714,python,[JIT],0x00007f986d33fbdb
992942.0,545714,python,[JIT],0x00007f986d2320f8
992942.0,545646,python,[JIT],0x0000792aa4fac2a1
992941.0,545653,python,[JIT],0x00007d8331c5a010
992941.0,545689,python,[JIT],0x0000728788666163
992941.0,545700,python,[JIT],0x00007caceddb08a0
992941.0,545646,python,[JIT],0x0000792aa4eed3f0
992940.0,545714,python,[JIT],0x00007f986d33fdc1
992940.0,545714,python,[JIT],0x00007f986e1534c5
992940.0,545689,python,[JIT],0x0000728788773218
992940.0,545700,python,[JIT],0x00007cacee0ac353
992940.0,545700,python,[JIT],0x00007cacee0d22bf
992940.0,545646,python,[JIT],0x0000792aa455700a
992940.0,545646,python,[JIT],0x0000792aa4eec34c
992939.0,545653,python,[JIT],0x00007d8332a13368
992939.0,545700,python,[JIT],0x00007cacee0d2718
992939.0,545714,python,[JIT],0x00007f986d33f847
992939.0,545714,python,[JIT],0x00007f986d6311c7
992939.0,545646,python,[JIT],0x0000792aa4f42321
992939.0,545646,python,[JIT],0x0000792aa5483133
992938.0,545653,python,[JIT],0x00007d83321ae221
992938.0,545714,python,[JIT],0x00007f986e1534b3
992938.0,545678,python,[JIT],0x00007b9f7d3d4a27
992938.0,545714,python,[JIT],0x00007f986d231003
992938.0,545689,python,[JIT],0x00007287887732bb
992938.0,545646,python,[JIT],0x0000792aa45564be
992938.0,545646,python,[JIT],0x0000792aa4fae688
992938.0,545689,python,[JIT],0x00007287894152d5
992937.0,545653,python,[JIT],0x00007d8331d68dee
992937.0,545714,python,[JIT],0x00007f986d22f13c
992937.0,545714,python,[JIT],0x00007f986e0134f3
992937.0,545653,python,[JIT],0x00007d8332a13368
992937.0,545714,python,[JIT],0x00007f986d2314e1
992937.0,545714,python,[JIT],0x00007f986d33f1c1
992937.0,545689,python,[JIT],0x0000728788bad835
992937.0,545689,python,[JIT],0x00007287894134a8
992937.0,545689,python,[JIT],0x0000728789415064
992936.0,545653,python,[JIT],0x00007d83319f5003
992936.0,545653,python,[JIT],0x00007d8331d6879d
992936.0,545714,python,[JIT],0x00007f986d33f4f4
992936.0,545714,python,[JIT],0x00007f986d78c3ba
992935.0,545714,python,[JIT],0x00007f986d230209
992935.0,545714,python,[JIT],0x00007f986e013197
992935.0,545689,python,[JIT],0x0000728788bad8d9
992935.0,545700,python,[JIT],0x00007caceddaa452
992935.0,545700,python,[JIT],0x00007caceea2539a
992935.0,545646,python,[JIT],0x0000792aa46680bc
992935.0,545646,python,[JIT],0x0000792aa4eed0b7
992935.0,545646,python,[JIT],0x0000792aa4eee729
992934.0,545714,python,[JIT],0x00007f986d22dba4
992934.0,545689,python,[JIT],0x00007287887711e2
992934.0,545689,python,[JIT],0x0000728788bac0df
992934.0,545700,python,[JIT],0x00007caceea263f6
992934.0,545646,python,[JIT],0x0000792aa4eec1bf
992933.0,545714,python,[JIT],0x00007f986d78d139
992933.0,545653,python,[JIT],0x00007d8331c5b393
992933.0,545714,python,[JIT],0x00007f986d2315b6
992933.0,545714,python,[JIT],0x00007f986d78c511
992933.0,545714,python,[JIT],0x00007f986d78e296
992933.0,545689,python,[JIT],0x0000728788774209
992933.0,545689,python,[JIT],0x000072878958a181
992933.0,545689,python,[JIT],0x000072878958a1d9
992933.0,545689,python,[JIT],0x000072878958a396
992933.0,545646,python,[JIT],0x0000792aa45582b2
992933.0,545646,python,[JIT],0x0000792aa4eeb163
992933.0,545646,python,[JIT],0x0000792aa4eee17f
992932.0,545700,python,[JIT],0x00007cacedebd586
992931.0,545700,python,[JIT],0x00007caceea254d0
992931.0,545714,python,[JIT],0x00007f986d33f4ae
992931.0,545714,python,[JIT],0x00007f986d22b41d
992931.0,545714,python,[JIT],0x00007f986d23134a
992931.0,545689,python,[JIT],0x00007287887725c0
992931.0,545689,python,[JIT],0x0000728788bad20f
992931.0,545689,python,[JIT],0x000072878958a360
992931.0,545646,python,[JIT],0x0000792aa466788f
992930.0,545700,python,[JIT],0x00007caceecd6345
992930.0,545653,python,[JIT],0x00007d8332b7c360
992930.0,545714,python,python,malloc@plt
992930.0,545714,python,[JIT],0x00007f986d22961d
992930.0,545714,python,[JIT],0x00007f986d33f7cb
992930.0,545714,python,[JIT],0x00007f986e0135ab
992930.0,545646,python,[JIT],0x0000792aa4f68bf7
992930.0,545664,python,[JIT],0x00007f6ed9cf7b31
992929.0,545653,python,[JIT],0x00007d8331d670d5
992929.0,545714,python,[JIT],0x00007f986d2301bf
992929.0,545714,python,[JIT],0x00007f986d33f94b
992929.0,545689,python,[JIT],0x0000728789415548
992929.0,545700,python,[JIT],0x00007caceddab335
992929.0,545700,python,[JIT],0x00007caceea25332
992929.0,545700,python,[JIT],0x00007caceecd623d
992928.0,545689,python,[JIT],0x0000728788bac1ae
992928.0,545689,python,[JIT],0x00007287894142ee
992928.0,545700,python,[JIT],0x00007caceddabccf
992928.0,545646,python,[JIT],0x0000792aa4eec1c4
992927.0,545700,python,[JIT],0x00007caceea254ae
992927.0,545646,python,[JIT],0x0000792aa45575b5
992926.0,545653,python,[JIT],0x00007d833205a0ff
992926.0,545714,python,[JIT],0x00007f986d33d2d3
992926.0,545714,python,[JIT],0x00007f986d33e236
992926.0,545689,python,[JIT],0x00007287887740c8
992926.0,545689,python,[JIT],0x0000728789414206
992926.0,545646,python,[JIT],0x0000792aa4faec6c
992925.0,545653,python,[JIT],0x00007d8331c5b203
992925.0,545653,python,[JIT],0x00007d8331d67143
992925.0,545714,python,[JIT],0x00007f986d22922d
992925.0,545714,python,[JIT],0x00007f986d2324ba
992925.0,545689,python,[JIT],0x0000728788bac0ad
992925.0,545700,python,[JIT],0x00007caceddae11d
992925.0,545700,python,[JIT],0x00007cacedebd5ba
992924.0,545653,python,[JIT],0x00007d8331c560b3
992924.0,545664,python,[JIT],0x00007f6ed9cf7e1b
992924.0,545653,python,[JIT],0x00007d8331d680c3
992923.0,545664,python,[JIT],0x00007f6ed9cf7b8e
992923.0,545653,python,python,_PyEval_FrameClearAndPop
992923.0,545689,python,[JIT],0x0000728788badd48
992923.0,545700,python,[JIT],0x00007cacee0d25c6
992922.0,545653,python,[JIT],0x00007d83321ae1c0
992922.0,545664,python,python,_PyCallMethodDescriptorFastWithKeywords_StackRef
992922.0,545664,python,[JIT],0x00007f6eda2eb2b1
992922.0,545664,python,[JIT],0x00007f6eda9091c8
992922.0,545653,python,[JIT],0x00007d83319f5ccf
992922.0,545653,python,[JIT],0x00007d8331d66142
992922.0,545714,python,[JIT],0x00007f986d22d523
992922.0,545689,python,[JIT],0x000072878865d1b2
992922.0,545700,python,[JIT],0x00007caceddb20f6
992922.0,545700,python,[JIT],0x00007cacedec0228
992922.0,545700,python,[JIT],0x00007caceea263e5
992922.0,545646,python,[JIT],0x0000792aa4fae6c2
992921.0,545653,python,[JIT],0x00007d83319f4196
992921.0,545664,python,[JIT],0x00007f6ed99e9071
992921.0,545664,python,[JIT],0x00007f6ed99ea286
992921.0,545664,python,[JIT],0x00007f6eda2eb1ae
992921.0,545653,python,libc.so.6,cfree@GLIBC_2.2.5
992921.0,545653,python,[JIT],0x00007d8332a1376a
992921.0,545714,python,[JIT],0x00007f986d231457
992921.0,545700,python,[JIT],0x00007caceecd60ee
992921.0,545646,python,[JIT],0x0000792aa4f6804c
992920.0,545700,python,[JIT],0x00007caceecd60a9
992920.0,545714,python,[JIT],0x00007f986d22b087
992920.0,545664,python,[JIT],0x00007f6ed99ea3fd
992920.0,545714,python,[JIT],0x00007f986cfcc430
992920.0,545689,python,[JIT],0x000072878941323b
992920.0,545646,python,[JIT],0x0000792aa4f685d4
992919.0,545664,python,[JIT],0x00007f6eda657109
992919.0,545689,python,[JIT],0x0000728788bad9e9
992918.0,545714,python,[JIT],0x00007f986d33f9c5
992918.0,545689,python,[JIT],0x0000728788774248
992917.0,545653,python,[JIT],0x00007d83321ad55f
992917.0,545689,python,[JIT],0x000072878865e3c6
992917.0,545689,python,[JIT],0x00007287894151e8
992917.0,545646,python,[JIT],0x0000792aa45580ea
992916.0,545664,python,[JIT],0x00007f6ed9cf63d5
992916.0,545714,python,[JIT],0x00007f986e1531eb
992916.0,545700,python,[JIT],0x00007cacedec01b7
992915.0,545700,python,[JIT],0x00007cacee0d011f
992915.0,545664,python,[JIT],0x00007f6ed9cf7b3f
992915.0,545678,python,python,PyObject_GetItem
992915.0,545714,python,[JIT],0x00007f986d2310df
992915.0,545714,python,[JIT],0x00007f986d232387
992915.0,545689,python,[JIT],0x0000728788a65375
992915.0,545689,python,[JIT],0x000072878958a22d
992914.0,545664,python,[JIT],0x00007f6ed98856f4
992914.0,545664,python,[JIT],0x00007f6ed9cf781d
992914.0,545664,python,[JIT],0x00007f6eda2eb3a8
992914.0,545653,python,libc.so.6,__memset_avx2_unaligned_erms
992914.0,545714,python,[JIT],0x00007f986d2322e7
992914.0,545700,python,[JIT],0x00007cacedebe0e4
992914.0,545700,python,[JIT],0x00007cacedec0088
992914.0,545700,python,[JIT],0x00007cacee0ac3be
992914.0,545646,python,[JIT],0x0000792aa455883d
992914.0,545689,python,[JIT],0x0000728789415114
992913.0,545664,python,[JIT],0x00007f6eda6584f3
992913.0,545714,python,[JIT],0x00007f986d78e2c7
992913.0,545689,python,[JIT],0x0000728788773868
992913.0,545689,python,[JIT],0x0000728788bad480
992913.0,545700,python,[JIT],0x00007cacedebd3de
992913.0,545646,python,[JIT],0x0000792aa521340f
992912.0,545653,python,[JIT],0x00007d8331c5b479
992912.0,545653,python,[JIT],0x00007d8331c5b539
992912.0,545714,python,[JIT],0x00007f986d33e40a
992912.0,545653,python,[JIT],0x00007d8332b7c15f
992912.0,545714,python,[JIT],0x00007f986d33f06a
992912.0,545689,python,[JIT],0x0000728788a65166
992912.0,545700,python,[JIT],0x00007cacee0d219c
992912.0,545700,python,[JIT],0x00007caceea25c6c
992912.0,545689,python,python,long_dealloc
992911.0,545653,python,[JIT],0x00007d8332a1322d
992911.0,545714,python,[JIT],0x00007f986d78d741
992911.0,545689,python,[JIT],0x00007287887730ff
992911.0,545700,python,[JIT],0x00007cacee0d02ba
992911.0,545646,python,[JIT],0x0000792aa4eec592
992910.0,545653,python,[JIT],0x00007d8332a13151
992910.0,545700,python,[JIT],0x00007caceecd62a6
992910.0,545664,python,[JIT],0x00007f6ed99e65b2
992910.0,545700,python,[JIT],0x00007caceddb21de
992910.0,545700,python,[JIT],0x00007cacedebd592
992910.0,545646,python,[JIT],0x0000792aa4fae114
992909.0,545653,python,[JIT],0x00007d8331d68d36
992909.0,545653,python,[JIT],0x00007d8332a1405c
992909.0,545664,python,[JIT],0x00007f6ed9883538
992909.0,545714,python,[JIT],0x00007f986d631012
992909.0,545689,python,[JIT],0x0000728788a650e5
992909.0,545689,python,[JIT],0x0000728788a65157
992909.0,545646,python,[JIT],0x0000792aa4eed3bb
992909.0,545646,python,[JIT],0x0000792aa4f68dfe
992908.0,545653,python,[JIT],0x00007d83319f5076
992908.0,545700,python,[JIT],0x00007cacedebe4cb
992907.0,545653,python,[JIT],0x00007d8331c5b84f
992907.0,545664,python,python,memset@plt
992907.0,545664,python,[JIT],0x00007f6ed9cf720f
992907.0,545714,python,[JIT],0x00007f986d22a490
992907.0,545714,python,[JIT],0x00007f986d23038a
992907.0,545714,python,[JIT],0x00007f986d33f7b6
992907.0,545689,python,[JIT],0x00007287887724c1
992907.0,545689,python,[JIT],0x00007287887725e7
992907.0,545689,python,[JIT],0x0000728788bad8ee
992907.0,545700,python,[JIT],0x00007caceddab253
992907.0,545700,python,[JIT],0x00007cacedebe612
992906.0,545653,python,[JIT],0x00007d8332a135a8
992906.0,545664,python,[JIT],0x00007f6ed99e6612
992906.0,545653,python,[JIT],0x00007d8332b7c0b9
992906.0,545714,python,[JIT],0x00007f986d2303ed
992906.0,545714,python,[JIT],0x00007f986d231232
992906.0,545689,python,python,_PyThreadState_PushFrame
992906.0,545689,python,[JIT],0x00007287887734c2
992906.0,545689,python,[JIT],0x0000728788a65348
992906.0,545689,python,[JIT],0x0000728789414221
992906.0,545646,python,[JIT],0x0000792aa4fad2d5
992905.0,545664,python,[JIT],0x00007f6ed99e73ae
992905.0,545678,python,python,PyObject_CallFinalizerFromDealloc
992905.0,545678,python,python,memset@plt
992905.0,545714,python,[JIT],0x00007f986d230592
992905.0,545714,python,[JIT],0x00007f986d78d0f1
992905.0,545689,python,[JIT],0x0000728788a659a9
992905.0,545689,python,[JIT],0x0000728789413133
992905.0,545689,python,[JIT],0x000072878958a1dd
992905.0,545646,python,[JIT],0x0000792aa548317f
992904.0,545653,python,[JIT],0x00007d8331c59081
992904.0,545653,python,[JIT],0x00007d8332a134ac
992904.0,545664,python,[JIT],0x00007f6ed99ea0e9
992904.0,545646,python,[JIT],0x0000792aa455755b
992903.0,545664,python,[JIT],0x00007f6eda6581ec
992903.0,545714,python,[JIT],0x00007f986d22b0d2
992903.0,545714,python,[JIT],0x00007f986d2305b6
992903.0,545714,python,[JIT],0x00007f986d33f52d
992903.0,545689,python,[JIT],0x00007287887741e8
992903.0,545689,python,[JIT],0x0000728788a659a6
992903.0,545700,python,[JIT],0x00007cacedda98a3
992903.0,545646,python,[JIT],0x0000792aa4f423b8
992902.0,545653,python,[JIT],0x00007d83321ad328
992902.0,545689,python,[JIT],0x000072878941337b
992902.0,545646,python,[JIT],0x0000792aa4fad189
992901.0,545653,python,[JIT],0x00007d8331c52076
992901.0,545653,python,[JIT],0x00007d8331d68fc6
992901.0,545664,python,[JIT],0x00007f6ed9881707
992901.0,545664,python,[JIT],0x00007f6ed9cf63cb
992901.0,545714,python,[JIT],0x00007f986d33d10e
992901.0,545689,python,[JIT],0x000072878865f9cc
992901.0,545689,python,[JIT],0x00007287887720ca
992901.0,545689,python,[JIT],0x0000728788badde4
992900.0,545653,python,[JIT],0x00007d8331c59194
992900.0,545653,python,[JIT],0x00007d83321ae0ad
992900.0,545664,python,[JIT],0x00007f6eda65889c
992900.0,545678,python,[JIT],0x00007b9f7de2a371
992900.0,545714,python,[JIT],0x00007f986d78d4e3
992900.0,545689,python,[JIT],0x000072878941341a
992900.0,545646,python,[JIT],0x0000792aa4eed14d
992899.0,545653,python,[JIT],0x00007d8331c5b7ac
992899.0,545653,python,[JIT],0x00007d8332a13218
992899.0,545700,python,[JIT],0x00007cacee0d0dee
992899.0,545664,python,[JIT],0x00007f6ed99e396e
992899.0,545714,python,python,_PyCallMethodDescriptorFastWithKeywords_StackRef
992899.0,545714,python,[JIT],0x00007f986d78d2d5
992899.0,545689,python,[JIT],0x0000728788661705
992898.0,545653,python,python,free@plt
992898.0,545653,python,[JIT],0x00007d8331c58163
992898.0,545664,python,[JIT],0x00007f6ed99e811f
992898.0,545664,python,[JIT],0x00007f6eda2eb3f2
992898.0,545664,python,[JIT],0x00007f6eda2eb5d0
992898.0,545714,python,[JIT],0x00007f986d33fa33
992898.0,545700,python,[JIT],0x00007cacedebe0cd
992898.0,545646,python,[JIT],0x0000792aa4fae570
992897.0,545653,python,[JIT],0x00007d83321ac176
992897.0,545700,python,python,unsafe_object_compare
992897.0,545664,python,[JIT],0x00007f6ed9cf7d48
992897.0,545689,python,[JIT],0x000072878865f90e
992897.0,545700,python,[JIT],0x00007caceea2640f
992897.0,545646,python,[JIT],0x0000792aa4eee0ad
992896.0,545653,python,python,_PyCallMethodDescriptorFastWithKeywords_StackRef
992896.0,545653,python,[JIT],0x00007d8331d68890
992896.0,545653,python,[JIT],0x00007d83321ad584
992896.0,545664,python,[JIT],0x00007f6ed99e900a
992896.0,545664,python,[JIT],0x00007f6ed9cf7c6d
992896.0,545714,python,[JIT],0x00007f986d22a1bc
992896.0,545714,python,[JIT],0x00007f986d33e9a9
992896.0,545714,python,[JIT],0x00007f986d78d1f4
992896.0,545714,python,[JIT],0x00007f986d78d28d
992896.0,545700,python,[JIT],0x00007caceddaf237
992896.0,545646,python,[JIT],0x0000792aa4fac2c2
992895.0,545653,python,[JIT],0x00007d8331c5963d
992895.0,545653,python,[JIT],0x00007d8331d6852d
992895.0,545653,python,[JIT],0x00007d8332a136ad
992895.0,545653,python,[JIT],0x00007d8331c5b1ec
992895.0,545714,python,[JIT],0x00007f986d22a6b5
992895.0,545689,python,[JIT],0x00007287894132b6
992895.0,545646,python,[JIT],0x0000792aa4eed3d6
992895.0,545646,python,[JIT],0x0000792aa4fae30f
992895.0,545646,python,[JIT],0x0000792aa521300a
992894.0,545653,python,[JIT],0x00007d8331d6823f
992894.0,545664,python,[JIT],0x00007f6ed9cf75e6
992894.0,545664,python,[JIT],0x00007f6ed9cf7d08
992894.0,545714,python,[JIT],0x00007f986d231070
992894.0,545714,python,[JIT],0x00007f986d33fa1f
992894.0,545689,python,[JIT],0x0000728788661239
992894.0,545689,python,[JIT],0x000072878866614d
992894.0,545689,python,[JIT],0x0000728789413276
992894.0,545646,python,[JIT],0x0000792aa54830f1
992894.0,545689,python,[JIT],0x00007287894150ce
992893.0,545653,python,[JIT],0x00007d8332a140b9
992893.0,545653,python,[JIT],0x00007d83319f5076
992893.0,545653,python,[JIT],0x00007d8331d664e0
992893.0,545646,python,[JIT],0x0000792aa4fae237
992892.0,545653,python,[JIT],0x00007d8332a13414
992892.0,545664,python,[JIT],0x00007f6ed9cf7c31
992892.0,545714,python,[JIT],0x00007f986d232599
992892.0,545689,python,[JIT],0x0000728789416015
992892.0,545700,python,[JIT],0x00007cacee0d0af2
992892.0,545646,python,[JIT],0x0000792aa4556242
992892.0,545646,python,[JIT],0x0000792aa4eed4b2
992892.0,545646,python,[JIT],0x0000792aa4fae218
992892.0,545646,python,[JIT],0x0000792aa54831d5
992892.0,545689,python,[JIT],0x000072878941325b
992892.0,545689,python,[JIT],0x0000728789413460
992891.0,545653,python,[JIT],0x00007d8331d68acb
992891.0,545714,python,[JIT],0x00007f986e0133f8
992891.0,545653,python,[JIT],0x00007d8332a130f1
992891.0,545689,python,[JIT],0x0000728789413226
992891.0,545700,python,[JIT],0x00007cacee0d20e6
992891.0,545700,python,[JIT],0x00007cacee0d23c7
992891.0,545700,python,[JIT],0x00007cacee0d253c
992891.0,545646,python,[JIT],0x0000792aa4eed592
992890.0,545653,python,[JIT],0x00007d8331d672db
992890.0,545714,python,[JIT],0x00007f986cfcc77b
992890.0,545714,python,[JIT],0x00007f986d231371
992890.0,545689,python,[JIT],0x000072878877416d
992890.0,545689,python,[JIT],0x000072878941543b
992890.0,545700,python,[JIT],0x00007cacee0d0835
992890.0,545646,python,[JIT],0x0000792aa548312b
992889.0,545653,python,[JIT],0x00007d83321ad2df
992889.0,545714,python,[JIT],0x00007f986d33f24c
992889.0,545664,python,[JIT],0x00007f6ed99e72ec
992889.0,545664,python,[JIT],0x00007f6ed99ea157
992889.0,545678,python,[JIT],0x00007b9f7dfdb110
992889.0,545653,python,[JIT],0x00007d8332a1404c
992889.0,545714,python,[JIT],0x00007f986e013114
992889.0,545689,python,[JIT],0x000072878865e2d6
992889.0,545689,python,[JIT],0x0000728788bad139
992889.0,545689,python,[JIT],0x0000728788bad172
992889.0,545689,python,[JIT],0x0000728788bade1b
992889.0,545646,python,[JIT],0x0000792aa4eeb097
992889.0,545646,python,[JIT],0x0000792aa4eec3a7
992888.0,545664,python,[JIT],0x00007f6eda2eb226
992888.0,545714,python,[JIT],0x00007f986e013539
992888.0,545689,python,python,_PyObject_InitInlineValues
992888.0,545700,python,[JIT],0x00007caceea260fb
992888.0,545689,python,[JIT],0x000072878958a0ea
992887.0,545653,python,[JIT],0x00007d83319f5783
992887.0,545653,python,[JIT],0x00007d8331c5a282
992887.0,545653,python,[JIT],0x00007d8331c5b0c7
992887.0,545714,python,[JIT],0x00007f986d22f0b0
992887.0,545714,python,[JIT],0x00007f986d33e443
992887.0,545689,python,[JIT],0x0000728788bad258
992887.0,545689,python,[JIT],0x0000728789413151
992887.0,545646,python,[JIT],0x0000792aa4fac5ee
992887.0,545646,python,[JIT],0x0000792aa548324b
992886.0,545653,python,[JIT],0x00007d83321ac121
992886.0,545653,python,[JIT],0x00007d83321ad530
992886.0,545653,python,[JIT],0x00007d8332a13c6c
992886.0,545714,python,[JIT],0x00007f986d78d0ad
992886.0,545664,python,[JIT],0x00007f6ed99e5068
992886.0,545664,python,[JIT],0x00007f6eda65815f
992886.0,545653,python,[JIT],0x00007d8331d68da6
992886.0,545714,python,[JIT],0x00007f986e013253
992886.0,545646,python,[JIT],0x0000792aa4556877
992886.0,545646,python,[JIT],0x0000792aa4f67372
992885.0,545653,python,[JIT],0x00007d8331c52172
992885.0,545653,python,[JIT],0x00007d8331c5a2f6
992885.0,545653,python,[JIT],0x00007d8331d674d5
992885.0,545653,python,[JIT],0x00007d8331d684a8
992885.0,545653,python,[JIT],0x00007d8331d68fc9
992885.0,545664,python,[JIT],0x00007f6eda2eb151
992885.0,545664,python,[JIT],0x00007f6eda2eb378
992885.0,545678,python,[JIT],0x00007b9f7d0ae1fe
992885.0,545678,python,[JIT],0x00007b9f7d3d411f
992885.0,545714,python,[JIT],0x00007f986d33fbcc
992885.0,545689,python,[JIT],0x000072878865e5d1
992885.0,545689,python,[JIT],0x000072878866300a
992885.0,545689,python,[JIT],0x0000728788772052
992885.0,545689,python,[JIT],0x00007287887741b3
992885.0,545689,python,[JIT],0x0000728788bada37
992885.0,545700,python,[JIT],0x00007cacedda94c3
992885.0,545646,python,[JIT],0x0000792aa4fae2c2
992885.0,545646,python,[JIT],0x0000792aa548315b
992884.0,545714,python,[JIT],0x00007f986d2302be
992884.0,545714,python,[JIT],0x00007f986d33f28a
992884.0,545689,python,[JIT],0x0000728788bade9a
992884.0,545689,python,[JIT],0x0000728789413139
992884.0,545689,python,[JIT],0x0000728789415170
992884.0,545700,python,[JIT],0x00007caceea242ee
992884.0,545646,python,[JIT],0x0000792aa455877b
992883.0,545653,python,[JIT],0x00007d8331c5b741
992883.0,545653,python,[JIT],0x00007d83321ac25e
992883.0,545653,python,[JIT],0x00007d8332a13290
992883.0,545664,python,[JIT],0x00007f6ed9882650
992883.0,545653,python,python,dict_dealloc
992883.0,545646,python,[JIT],0x0000792aa4fac428
992882.0,545664,python,[JIT],0x00007f6eda9091a4
992882.0,545678,python,[JIT],0x00007b9f7de2a2a8
992882.0,545714,python,[JIT],0x00007f986d22d1fa
992882.0,545689,python,[JIT],0x00007287887714bb
992882.0,545646,python,[JIT],0x0000792aa4eec4cb
992882.0,545689,python,[JIT],0x000072878958a322
992881.0,545653,python,[JIT],0x00007d8331c5a2b2
992881.0,545653,python,[JIT],0x00007d8331d68151
992881.0,545653,python,[JIT],0x00007d83321ac1fa
992881.0,545653,python,[JIT],0x00007d83321ad276
992881.0,545664,python,[JIT],0x00007f6eda6580b9
992881.0,545714,python,[JIT],0x00007f986d22b000
992881.0,545714,python,[JIT],0x00007f986d33f0b3
992881.0,545689,python,[JIT],0x000072878877408c
992881.0,545700,python,[JIT],0x00007cacee0d0be8
992881.0,545700,python,[JIT],0x00007caceea256e4
992881.0,545646,python,[JIT],0x0000792aa46652ab
992881.0,545646,python,[JIT],0x0000792aa4eee269
992880.0,545653,python,[JIT],0x00007d8331c593c7
992880.0,545664,python,python,PyFunction_New
992880.0,545714,python,[JIT],0x00007f986d22b176
992880.0,545714,python,[JIT],0x00007f986d33f9e9
992880.0,545689,python,[JIT],0x0000728788664473
992880.0,545700,python,[JIT],0x00007caceecd60fb
992880.0,545646,python,[JIT],0x0000792aa52130ff
992879.0,545653,python,[JIT],0x00007d8332a130a9
992879.0,545700,python,[JIT],0x00007caceddb21de
992879.0,545653,python,[JIT],0x00007d83321ae2ee
992879.0,545714,python,[JIT],0x00007f986d78d317
992879.0,545689,python,[JIT],0x00007287887736e5
992879.0,545689,python,[JIT],0x0000728788bad272
992879.0,545689,python,[JIT],0x0000728788baddad
992879.0,545689,python,[JIT],0x00007287890eb121
992879.0,545689,python,[JIT],0x00007287894142d5
992878.0,545653,python,[JIT],0x00007d83321ac3d1
992878.0,545653,python,[JIT],0x00007d8332a132bb
992878.0,545653,python,[JIT],0x00007d8332a1415f
992878.0,545678,python,[JIT],0x00007b9f7d3ae142
992878.0,545689,python,[JIT],0x0000728788664cf9
992878.0,545689,python,[JIT],0x0000728788773445
992878.0,545689,python,[JIT],0x0000728788a65406
992878.0,545700,python,[JIT],0x00007caceecd64ba
992878.0,545646,python,[JIT],0x0000792aa4665117
992878.0,545646,python,[JIT],0x0000792aa46679af
992878.0,545646,python,[JIT],0x0000792aa4f430b1
992878.0,545646,python,[JIT],0x0000792aa4f672e9
992877.0,545653,python,[JIT],0x00007d8331c59003
992877.0,545714,python,[JIT],0x00007f986d78d481
992877.0,545689,python,[JIT],0x0000728788771070
992877.0,545689,python,[JIT],0x000072878877149f
992877.0,545689,python,[JIT],0x00007287887715ed
992877.0,545646,python,[JIT],0x0000792aa4fad151
992877.0,545664,python,python,_PyEval_NoToolsForUnwind
992876.0,545653,python,[JIT],0x00007d8331c5a1a9
992876.0,545664,python,[JIT],0x00007f6ed99e50e0
992876.0,545678,python,[JIT],0x00007b9f7d3ad3cc
992876.0,545689,python,[JIT],0x0000728788bad925
992876.0,545700,python,[JIT],0x00007cacee0ac3ba
992875.0,545653,python,[JIT],0x00007d8331c5341d
992875.0,545653,python,[JIT],0x00007d8332a134fe
992875.0,545714,python,[JIT],0x00007f986cfcb4ed
992875.0,545714,python,[JIT],0x00007f986d33fbe8
992875.0,545714,python,[JIT],0x00007f986e01440f
992875.0,545689,python,[JIT],0x00007287887711fe
992875.0,545700,python,[JIT],0x00007cacee0d0732
992875.0,545700,python,[JIT],0x00007cacee0d223b
992875.0,545646,python,[JIT],0x0000792aa4eeb04c
992875.0,545646,python,[JIT],0x0000792aa4eed12f
992875.0,545646,python,[JIT],0x0000792aa4fae317
992875.0,545664,python,[JIT],0x00007f6eda9093b5
992874.0,545653,python,[JIT],0x00007d83321ad052
992874.0,545714,python,[JIT],0x00007f986d22db06
992874.0,545714,python,[JIT],0x00007f986d232579
992874.0,545689,python,[JIT],0x0000728788badebf
992874.0,545700,python,[JIT],0x00007cacee0d0736
992874.0,545700,python,[JIT],0x00007cacee0d0984
992874.0,545646,python,[JIT],0x0000792aa46662db
992874.0,545646,python,[JIT],0x0000792aa4fae46b
992874.0,545689,python,[JIT],0x0000728789415317
992873.0,545714,python,[JIT],0x00007f986d33f454
992873.0,545689,python,[JIT],0x00007287886635bc
992873.0,545689,python,[JIT],0x0000728788bad125
992873.0,545700,python,[JIT],0x00007cacedda932a
992873.0,545700,python,[JIT],0x00007caceea25640
992873.0,545646,python,[JIT],0x0000792aa4fae383
992872.0,545653,python,[JIT],0x00007d8332a1339a
992872.0,545664,python,[JIT],0x00007f6eda658550
992872.0,545700,python,[JIT],0x00007cacedebd0a5
992872.0,545700,python,[JIT],0x00007cacedebf548
992872.0,545646,python,[JIT],0x0000792aa4eeb1cd
992871.0,545653,python,[JIT],0x00007d8331d68b15
992871.0,545678,python,[JIT],0x00007b9f7d3d4c34
992871.0,545714,python,[JIT],0x00007f986d2311ed
992871.0,545689,python,[JIT],0x000072878865fd74
992871.0,545689,python,[JIT],0x000072878877146c
992871.0,545700,python,[JIT],0x00007cacedebd1ac
992871.0,545700,python,[JIT],0x00007cacee0aa143
992871.0,545646,python,[JIT],0x0000792aa4f68139
992871.0,545646,python,[JIT],0x0000792aa4f68a04
992871.0,545646,python,[JIT],0x0000792aa4fac42c
992870.0,545653,python,[JIT],0x00007d8331c5a1bf
992870.0,545653,python,[JIT],0x00007d8331d6862d
992870.0,545653,python,[JIT],0x00007d83321ad51b
992870.0,545664,python,[JIT],0x00007f6ed9881122
992870.0,545678,python,[JIT],0x00007b9f7d3d4893
992870.0,545714,python,[JIT],0x00007f986d2324bc
992870.0,545714,python,[JIT],0x00007f986e0131f5
992870.0,545689,python,[JIT],0x00007287887712c1
992870.0,545689,python,[JIT],0x00007287894152b6
992870.0,545700,python,[JIT],0x00007caceea2523f
992870.0,545700,python,[JIT],0x00007caceea26110
992870.0,545646,python,[JIT],0x0000792aa4556543
992870.0,545646,python,[JIT],0x0000792aa4f68dc1
992869.0,545653,python,[JIT],0x00007d83319f5a99
992869.0,545653,python,[JIT],0x00007d8331d67441
992869.0,545664,python,[JIT],0x00007f6ed9886108
992869.0,545664,python,[JIT],0x00007f6ed99e75b2
992869.0,545664,python,[JIT],0x00007f6eda90936a
992869.0,545714,python,[JIT],0x00007f986d78d44e
992869.0,545689,python,[JIT],0x00007287890eb1ca
992869.0,545689,python,[JIT],0x00007287894135d6
992869.0,545700,python,[JIT],0x00007caceea2551a
992869.0,545646,python,[JIT],0x0000792aa45573a6
992868.0,545653,python,[JIT],0x00007d83319f505c
992868.0,545653,python,[JIT],0x00007d8331d687fd
992868.0,545664,python,[JIT],0x00007f6ed9cf63e5
992868.0,545714,python,[JIT],0x00007f986d22a003
992868.0,545689,python,[JIT],0x00007287887734f3
992868.0,545689,python,[JIT],0x000072878958a4bd
992868.0,545646,python,[JIT],0x0000792aa4eed269
992867.0,545653,python,[JIT],0x00007d8331c520ad
992867.0,545714,python,[JIT],0x00007f986e01373e
992867.0,545714,python,[JIT],0x00007f986e013c69
992867.0,545689,python,[kernel.kallsyms],update_process_times
992867.0,545689,python,[JIT],0x0000728788773170
992867.0,545689,python,[JIT],0x00007287887733b3
992867.0,545689,python,[JIT],0x00007287890eb294
992867.0,545700,python,python,_PyEvalFramePushAndInit
992867.0,545646,python,[JIT],0x0000792aa4667654
992867.0,545646,python,[JIT],0x0000792aa4eec2c1
992867.0,545646,python,[JIT],0x0000792aa4f68d55
992866.0,545700,python,[JIT],0x00007cacedebf84f
992865.0,545653,python,[JIT],0x00007d8331c5918a
992865.0,545653,python,[JIT],0x00007d8331c5a0bf
992865.0,545653,python,[JIT],0x00007d8331d6745e
992865.0,545653,python,[JIT],0x00007d83321ad11b
992865.0,545664,python,[JIT],0x00007f6eda909163
992865.0,545678,python,python,_PyObject_GC_New
992865.0,545678,python,[JIT],0x00007b9f7d3ad3b7
992865.0,545714,python,[JIT],0x00007f986d22a6d6
992865.0,545714,python,[JIT],0x00007f986d2324e7
992865.0,545700,python,[JIT],0x00007caceddabbf3
992865.0,545700,python,[JIT],0x00007caceea2553c
992865.0,545646,python,[JIT],0x0000792aa4fac38e
992865.0,545664,python,[JIT],0x00007f6ed99ea143
992864.0,545689,python,[JIT],0x000072878866326c
992864.0,545700,python,[JIT],0x00007cacee0d23d9
992863.0,545653,python,[JIT],0x00007d8331d68ea6
992863.0,545700,python,python,_PyObject_GC_New
992863.0,545700,python,[JIT],0x00007caceecd6298
992863.0,545664,python,[JIT],0x00007f6ed98855bf
992863.0,545689,python,[JIT],0x00007287887713f3
992863.0,545689,python,[JIT],0x0000728789415749
992862.0,545653,python,[JIT],0x00007d8332a14060
992862.0,545714,python,[JIT],0x00007f986d229301
992862.0,545689,python,[JIT],0x0000728788773590
992862.0,545689,python,[JIT],0x0000728788a65441
992862.0,545689,python,[JIT],0x00007287894130ad
992862.0,545700,python,[JIT],0x00007caceecd6000
992861.0,545653,python,[JIT],0x00007d83321ad5ee
992861.0,545664,python,[JIT],0x00007f6ed99e822d
992861.0,545714,python,[JIT],0x00007f986cfcc770
992861.0,545714,python,[JIT],0x00007f986d6310bc
992861.0,545689,python,[JIT],0x0000728788772129
992861.0,545689,python,[JIT],0x00007287887723d6
992861.0,545689,python,[JIT],0x000072878958a0dc
992861.0,545689,python,[JIT],0x000072878958a21b
992861.0,545700,python,[JIT],0x00007caceddb0bd9
992861.0,545646,python,[JIT],0x0000792aa4eed0a5
992861.0,545646,python,[JIT],0x0000792aa4f68117
992861.0,545646,python,[JIT],0x0000792aa4f684a1
992860.0,545653,python,[JIT],0x00007d8331c5b3cc
992860.0,545653,python,[JIT],0x00007d8332b7c158
992860.0,545689,python,[JIT],0x000072878865d1fe
992860.0,545689,python,[JIT],0x00007287886643a7
992860.0,545689,python,[JIT],0x00007287887715c0
992860.0,545689,python,[JIT],0x0000728788bad2dc
992860.0,545700,python,[JIT],0x00007caceddb21e8
992860.0,545700,python,[JIT],0x00007cacee0d04df
992860.0,545646,python,[JIT],0x0000792aa4f6866d
992860.0,545646,python,[JIT],0x0000792aa4fac328
992859.0,545700,python,[JIT],0x00007cacedebd5c0
992859.0,545664,python,[JIT],0x00007f6ed99e6466
992859.0,545678,python,python,list_length
992859.0,545678,python,[JIT],0x00007b9f7d0b028d
992859.0,545653,python,[JIT],0x00007d8331d68c34
992859.0,545653,python,[JIT],0x00007d83321ae2c7
992859.0,545714,python,[JIT],0x00007f986d33f4a8
992859.0,545714,python,[JIT],0x00007f986d78d23b
992859.0,545689,python,[JIT],0x000072878866208b
992859.0,545689,python,[JIT],0x00007287894134d9
992859.0,545646,python,[JIT],0x0000792aa4667ffc
992858.0,545653,python,[JIT],0x00007d833205a087
992858.0,545689,python,[JIT],0x000072878865e108
992858.0,545689,python,[JIT],0x00007287894143fe
992858.0,545700,python,[JIT],0x00007cacee0ab012
992858.0,545646,python,[JIT],0x0000792aa4fac170
992857.0,545653,python,[JIT],0x00007d8331d6616d
992857.0,545653,python,[JIT],0x00007d8331d6713f
992857.0,545700,python,[JIT],0x00007cacee0d0c8c
992857.0,545664,python,[JIT],0x00007f6ed9cf7484
992857.0,545664,python,[JIT],0x00007f6ed9cf7e4c
992857.0,545689,python,[JIT],0x000072878877349b
992857.0,545700,python,[JIT],0x00007caceea260ce
992857.0,545646,python,[JIT],0x0000792aa4f68114
992857.0,545689,python,[JIT],0x000072878941618f
992856.0,545653,python,[JIT],0x00007d8331c59386
992856.0,545664,python,[JIT],0x00007f6ed9cf7b2d
992856.0,545664,python,[JIT],0x00007f6eda6583fc
992856.0,545678,python,[JIT],0x00007b9f7dfdb2da
992856.0,545653,python,[JIT],0x00007d8331c522d6
992856.0,545714,python,[JIT],0x00007f986cfcc74b
992856.0,545714,python,[JIT],0x00007f986d232761
992856.0,545689,python,[JIT],0x00007287887711a9
992856.0,545646,python,[JIT],0x0000792aa4fae364
992855.0,545653,python,[JIT],0x00007d8331c5a4a3
992855.0,545653,python,[JIT],0x00007d8331d680ce
992855.0,545653,python,[JIT],0x00007d8332b7c0c3
992855.0,545700,python,[JIT],0x00007caceea25220
992855.0,545678,python,[JIT],0x00007b9f7d3af375
992855.0,545714,python,[JIT],0x00007f986d63113e
992855.0,545700,python,[JIT],0x00007cacedebe4a3
992855.0,545700,python,[JIT],0x00007cacedebf640
992854.0,545653,python,[JIT],0x00007d8331c5a5cd
992854.0,545653,python,[JIT],0x00007d833205a076
992854.0,545653,python,[JIT],0x00007d83321ac2c8
992854.0,545678,python,python,_PyTuple_FromStackRefStealOnSuccess
992854.0,545678,python,[JIT],0x00007b9f7de1315f
992854.0,545646,python,[JIT],0x0000792aa4eec50c
992854.0,545664,python,[JIT],0x00007f6ed99e3654
992853.0,545664,python,[JIT],0x00007f6ed99e8721
992853.0,545664,python,[JIT],0x00007f6ed99ea4f4
992853.0,545714,python,[JIT],0x00007f986cfcb578
992853.0,545700,python,[JIT],0x00007cacee0d0c3d
992852.0,545653,python,[JIT],0x00007d8331c5a2fa
992852.0,545653,python,[JIT],0x00007d8331d674ae
992852.0,545653,python,[JIT],0x00007d83321ad3ec
992852.0,545700,python,[JIT],0x00007cacee0ab097
992852.0,545714,python,python,_PyThreadState_PushFrame
992852.0,545714,python,[JIT],0x00007f986d78e2ee
992852.0,545689,python,[JIT],0x00007287894134ae
992852.0,545700,python,[JIT],0x00007caceddb214d
992852.0,545700,python,[JIT],0x00007cacee0d0707
992852.0,545700,python,[JIT],0x00007cacee0d09ac
992852.0,545646,python,[JIT],0x0000792aa4f68166
992852.0,545646,python,[JIT],0x0000792aa4f68e34
992851.0,545664,python,[JIT],0x00007f6ed99e71e2
992851.0,545714,python,[JIT],0x00007f986d231612
992851.0,545714,python,[JIT],0x00007f986d78c33d
992851.0,545714,python,[JIT],0x00007f986d78e139
992851.0,545700,python,[JIT],0x00007cacedebd286
992851.0,545646,python,[JIT],0x0000792aa4f68874
992851.0,545646,python,[JIT],0x0000792aa4f68ce0
992851.0,545689,python,[JIT],0x0000728789415579
992850.0,545689,python,[JIT],0x0000728788a650ad
992850.0,545646,python,[JIT],0x0000792aa4eed44a
992850.0,545646,python,[JIT],0x0000792aa4f68d83
992849.0,545653,python,[JIT],0x00007d8331c560ea
992849.0,545653,python,[JIT],0x00007d8331d6820f
992849.0,545653,python,[JIT],0x00007d8331d68e7d
992849.0,545653,python,[JIT],0x00007d83321ae2d5
992849.0,545653,python,[JIT],0x00007d8331c591cf
992849.0,545689,python,[JIT],0x000072878941346e
992849.0,545700,python,[JIT],0x00007caceddb21ad
992849.0,545700,python,[JIT],0x00007cacedebd52e
992849.0,545700,python,[JIT],0x00007cacee0d24e3
992849.0,545646,python,[JIT],0x0000792aa4f4113e
992849.0,545646,python,[JIT],0x0000792aa5483263
992848.0,545653,python,[JIT],0x00007d83319f430a
992848.0,545664,python,[JIT],0x00007f6ed99e3d87
992848.0,545714,python,[JIT],0x00007f986d232483
992848.0,545689,python,[JIT],0x0000728788666083
992848.0,545689,python,[JIT],0x0000728788772402
992848.0,545700,python,[JIT],0x00007caceddb0195
992848.0,545700,python,[JIT],0x00007cacedebe1fe
992848.0,545700,python,[JIT],0x00007cacee0d017f
992848.0,545646,python,[JIT],0x0000792aa4f68272
992847.0,545689,python,[JIT],0x00007287887714c4
992847.0,545700,python,[JIT],0x00007caceddaa104
992847.0,545700,python,[JIT],0x00007cacee0d0a14
992847.0,545646,python,[JIT],0x0000792aa4eec0dc
992847.0,545646,python,[JIT],0x0000792aa4fac473
992846.0,545664,python,[JIT],0x00007f6eda9091e7
992846.0,545653,python,[JIT],0x00007d83321ac25e
992846.0,545714,python,[JIT],0x00007f986d33d4cc
992846.0,545714,python,[JIT],0x00007f986d33fe6f
992846.0,545689,python,[JIT],0x0000728788773000
992846.0,545689,python,[JIT],0x00007287887740ab
992846.0,545700,python,[JIT],0x00007cacedda9229
992846.0,545646,python,[JIT],0x0000792aa4f422ca
992846.0,545646,python,[JIT],0x0000792aa4fac4e3
992846.0,545646,python,[JIT],0x0000792aa4fae1ec
992846.0,545664,python,[JIT],0x00007f6ed9885738
992845.0,545646,python,[JIT],0x0000792aa4665000
992845.0,545646,python,[JIT],0x0000792aa4f41088
992845.0,545646,python,[JIT],0x0000792aa4fad18f
992844.0,545653,python,[JIT],0x00007d83319f5be4
992844.0,545653,python,[JIT],0x00007d8331d68258
992844.0,545664,python,[JIT],0x00007f6ed9886010
992844.0,545714,python,[JIT],0x00007f986e013c71
992844.0,545689,python,[JIT],0x0000728788bad2ba
992844.0,545700,python,[JIT],0x00007caceea2640a
992844.0,545646,python,[JIT],0x0000792aa4fad00a
992843.0,545653,python,[JIT],0x00007d8331c5b412
992843.0,545653,python,[JIT],0x00007d8332a1365b
992843.0,545653,python,[JIT],0x00007d8332b7c123
992843.0,545664,python,[JIT],0x00007f6ed99e8279
992843.0,545678,python,[JIT],0x00007b9f7de131ae
992843.0,545714,python,[JIT],0x00007f986d33fa14
992843.0,545714,python,[JIT],0x00007f986d33fb3f
992843.0,545689,python,[JIT],0x0000728788772398
992843.0,545646,python,[JIT],0x0000792aa4eeb003
992843.0,545646,python,[JIT],0x0000792aa4eed468
992843.0,545646,python,[JIT],0x0000792aa4eee2b0
992843.0,545646,python,[JIT],0x0000792aa4fac433
992843.0,545646,python,[JIT],0x0000792aa4fae18d
992842.0,545714,python,[JIT],0x00007f986d22dcea
992842.0,545689,python,[JIT],0x0000728788badcd5
992841.0,545653,python,[JIT],0x00007d8331c5a3e4
992841.0,545664,python,[JIT],0x00007f6ed9cf62c3
992841.0,545689,python,[JIT],0x000072878877107b
992841.0,545689,python,[JIT],0x0000728788a652db
992841.0,545689,python,[JIT],0x0000728789415359
992841.0,545700,python,[JIT],0x00007cacedec016d
992841.0,545646,python,[JIT],0x0000792aa45565b5
992841.0,545646,python,[JIT],0x0000792aa4f687b6
992841.0,545646,python,[JIT],0x0000792aa54833b5
992840.0,545714,python,[JIT],0x00007f986d33f819
992840.0,545689,python,[JIT],0x00007287887720b4
992840.0,545689,python,[JIT],0x00007287894155a8
992840.0,545646,python,[JIT],0x0000792aa46662cd
992840.0,545646,python,[JIT],0x0000792aa4f68c6d
992840.0,545646,python,[JIT],0x0000792aa4fad2ee
992840.0,545664,python,[JIT],0x00007f6ed99ea12d
992839.0,545653,python,[JIT],0x00007d83319f5b6a
992839.0,545653,python,[JIT],0x00007d8332b7c0ad
992839.0,545664,python,[JIT],0x00007f6ed99e3d30
992839.0,545664,python,[JIT],0x00007f6eda6571d7
992839.0,545714,python,[JIT],0x00007f986d22d8f8
992839.0,545689,python,[JIT],0x0000728788664875
992839.0,545700,python,[JIT],0x00007cacedec019b
992839.0,545700,python,[JIT],0x00007cacee0ac2c3
992839.0,545646,python,[JIT],0x0000792aa4f68a14
992838.0,545653,python,[JIT],0x00007d8331d685e6
992838.0,545664,python,[JIT],0x00007f6ed99e608b
992838.0,545664,python,[JIT],0x00007f6eda6586c2
992838.0,545714,python,[JIT],0x00007f986cfcc003
992838.0,545714,python,[JIT],0x00007f986d2311f1
992838.0,545689,python,[JIT],0x000072878866141d
992838.0,545689,python,[JIT],0x0000728788bad015
992838.0,545689,python,[JIT],0x0000728789415570
992838.0,545700,python,[JIT],0x00007cacee0ab052
992837.0,545653,python,[JIT],0x00007d8331c5a4fc
992837.0,545664,python,[JIT],0x00007f6ed99e63db
992837.0,545646,python,[JIT],0x0000792aa4667a7d
992837.0,545646,python,[JIT],0x0000792aa4f41095
992836.0,545653,python,[JIT],0x00007d8331c59236
992836.0,545664,python,[JIT],0x00007f6ed98863bd
992836.0,545664,python,[JIT],0x00007f6ed99ea345
992836.0,545646,python,[JIT],0x0000792aa4f41052
992835.0,545664,python,[JIT],0x00007f6eda909166
992835.0,545653,python,[JIT],0x00007d8332a1311f
992835.0,545689,python,[JIT],0x0000728788a65216
992835.0,545689,python,[JIT],0x0000728788bad41d
992835.0,545689,python,[JIT],0x00007287890eb3ba
992835.0,545700,python,[JIT],0x00007cacee0d2400
992834.0,545664,python,[JIT],0x00007f6ed988236b
992834.0,545664,python,[JIT],0x00007f6ed9cf7cab
992834.0,545689,python,[JIT],0x0000728788a65143
992834.0,545689,python,[JIT],0x0000728788bac0ff
992834.0,545689,python,[JIT],0x0000728788baddc1
992834.0,545700,python,[JIT],0x00007cacee0d094b
992834.0,545646,python,[JIT],0x0000792aa4fae4d0
992833.0,545653,python,[JIT],0x00007d8331d67266
992833.0,545653,python,[JIT],0x00007d8332a1351a
992833.0,545664,python,[JIT],0x00007f6ed9cf752d
992833.0,545689,python,[JIT],0x0000728788772537
992833.0,545689,python,[JIT],0x0000728789415387
992833.0,545689,python,[JIT],0x000072878958a1e7
992833.0,545700,python,[JIT],0x00007cacedebf4ae
992833.0,545646,python,[JIT],0x0000792aa4eed470
992833.0,545646,python,[JIT],0x0000792aa4f68cb5
992833.0,545646,python,[JIT],0x0000792aa54831e7
992833.0,545689,python,[JIT],0x000072878941615f
992832.0,545653,python,[JIT],0x00007d8331c5b2c6
992832.0,545653,python,[JIT],0x00007d83321ad2d5
992832.0,545664,python,[JIT],0x00007f6ed99e82d1
992832.0,545664,python,[JIT],0x00007f6ed99ea0c7
992832.0,545664,python,[JIT],0x00007f6ed9cf777f
992832.0,545664,python,[JIT],0x00007f6eda6590b9
992832.0,545664,python,[JIT],0x00007f6eda6592f4
992832.0,545700,python,[JIT],0x00007caceecd6208
992832.0,545646,python,[JIT],0x0000792aa521315f
992831.0,545664,python,[JIT],0x00007f6ed99e7269
992831.0,545664,python,[JIT],0x00007f6ed99e87d6
992831.0,545714,python,[JIT],0x00007f986d232674
992831.0,545700,python,[JIT],0x00007cacedebe3e4
992831.0,545700,python,[JIT],0x00007cacee0d21c5
992831.0,545664,python,[JIT],0x00007f6ed9cf60a9
992830.0,545653,python,[JIT],0x00007d8332a136f9
992830.0,545664,python,[JIT],0x00007f6eda2eb0fb
992830.0,545664,python,[JIT],0x00007f6eda2eb3e5
992830.0,545664,python,[JIT],0x00007f6eda6570ff
992830.0,545714,python,[JIT],0x00007f986d2302c9
992830.0,545700,python,[JIT],0x00007cacedebf705
992830.0,545700,python,[JIT],0x00007cacee0ab10b
992830.0,545700,python,[JIT],0x00007cacee0d0604
992830.0,545646,python,[JIT],0x0000792aa4f6858a
992829.0,545700,python,[JIT],0x00007caceddb06c1
992829.0,545664,python,[JIT],0x00007f6ed9883394
992829.0,545664,python,[JIT],0x00007f6ed98850d0
992829.0,545664,python,[JIT],0x00007f6eda658359
992829.0,545689,python,[JIT],0x00007287890eb3d5
992829.0,545700,python,[JIT],0x00007cacee0aa060
992829.0,545664,python,[JIT],0x00007f6eda909381
992828.0,545653,python,[JIT],0x00007d8331c59254
992828.0,545653,python,[JIT],0x00007d83321ac52d
992828.0,545664,python,[JIT],0x00007f6ed99e9119
992828.0,545664,python,[JIT],0x00007f6eda2eb2bf
992828.0,545664,python,[JIT],0x00007f6eda9094bd
992828.0,545689,python,[JIT],0x00007287886645ef
992828.0,545700,python,[JIT],0x00007cacedebe642
992828.0,545700,python,[JIT],0x00007cacee0ac176
992828.0,545646,python,[JIT],0x0000792aa4eeb0d0
992828.0,545646,python,[JIT],0x0000792aa4eed070
992827.0,545653,python,[JIT],0x00007d83319f42ea
992827.0,545653,python,[JIT],0x00007d83321ad43f
992827.0,545700,python,[JIT],0x00007cacee0d0e9a
992827.0,545664,python,[JIT],0x00007f6ed9cf776e
992827.0,545689,python,[JIT],0x00007287887725b6
992827.0,545700,python,[JIT],0x00007cacee0d04cb
992827.0,545646,python,[JIT],0x0000792aa4f41079
992826.0,545653,python,[JIT],0x00007d8331c5b31f
992826.0,545653,python,[JIT],0x00007d8332b7c1be
992826.0,545664,python,[JIT],0x00007f6eda6582c2
992826.0,545714,python,[JIT],0x00007f986d232151
992826.0,545714,python,[JIT],0x00007f986e013203
992826.0,545689,python,[JIT],0x0000728788773545
992826.0,545689,python,[JIT],0x0000728788badea6
992826.0,545700,python,[JIT],0x00007caceea241c0
992826.0,545689,python,[JIT],0x00007287887713e9
992826.0,545689,python,[JIT],0x00007287894151fb
992825.0,545653,python,[JIT],0x00007d83319f44f7
992825.0,545653,python,[JIT],0x00007d8331c5b61f
992825.0,545653,python,[JIT],0x00007d8331c5b6ca
992825.0,545664,python,[JIT],0x00007f6ed99e74fc
992825.0,545689,python,[JIT],0x00007287886635b8
992825.0,545689,python,[JIT],0x00007287886650c3
992825.0,545646,python,[JIT],0x0000792aa4eec4fc
992825.0,545646,python,[JIT],0x0000792aa4eed5f9
992824.0,545653,python,[JIT],0x00007d8331d67434
992824.0,545714,python,[JIT],0x00007f986d232286
992824.0,545689,python,[JIT],0x00007287886613a4
992824.0,545700,python,[JIT],0x00007cacedebe4b6
992824.0,545700,python,[JIT],0x00007cacee0d2428
992824.0,545700,python,[JIT],0x00007caceea241a7
992824.0,545689,python,[JIT],0x000072878941335a
992823.0,545664,python,[JIT],0x00007f6ed99e8456
992823.0,545700,python,[JIT],0x00007caceea25491
992823.0,545700,python,[JIT],0x00007caceea25753
992822.0,545653,python,[JIT],0x00007d83321ae15f
992822.0,545664,python,[JIT],0x00007f6ed9883d80
992822.0,545664,python,[JIT],0x00007f6eda9091a0
992822.0,545714,python,[JIT],0x00007f986d33f149
992822.0,545700,python,[JIT],0x00007caceddaa37c
992822.0,545700,python,[JIT],0x00007cacedebd4d5
992822.0,545700,python,[JIT],0x00007cacedebe1ed
992822.0,545700,python,[JIT],0x00007cacee0aa2d5
992822.0,545646,python,[JIT],0x0000792aa4f423cc
992821.0,545714,python,[JIT],0x00007f986d33fb86
992821.0,545664,python,[JIT],0x00007f6ed99e62f6
992821.0,545689,python,[JIT],0x000072878865e1ef
992821.0,545646,python,[JIT],0x0000792aa4eee548
992821.0,545646,python,[JIT],0x0000792aa4fad052
992820.0,545664,python,[JIT],0x00007f6ed9cf7ebf
992820.0,545689,python,[JIT],0x0000728788772586
992820.0,545689,python,[JIT],0x0000728788773294
992820.0,545646,python,[JIT],0x0000792aa4fad206
992820.0,545689,python,[JIT],0x000072878877353c
992820.0,545689,python,[JIT],0x0000728788774147
992819.0,545653,python,[JIT],0x00007d8331d68942
992819.0,545653,python,[JIT],0x00007d8331d68c6d
992819.0,545689,python,python,_PyMem_RawMalloc
992819.0,545689,python,[JIT],0x0000728788773697
992819.0,545646,python,[JIT],0x0000792aa4f67312
992818.0,545700,python,[JIT],0x00007caceddabf84
992818.0,545700,python,[JIT],0x00007cacedebe3de
992818.0,545700,python,[JIT],0x00007cacee0d051e
992818.0,545700,python,[JIT],0x00007caceea241d7
992817.0,545653,python,[JIT],0x00007d83319f5cbc
992817.0,545653,python,[JIT],0x00007d8331c594a3
992817.0,545653,python,[JIT],0x00007d8331d68d22
992817.0,545664,python,[JIT],0x00007f6ed99e306a
992817.0,545664,python,[JIT],0x00007f6ed99e3fbd
992817.0,545689,python,[JIT],0x00007287894135ff
992817.0,545700,python,[JIT],0x00007caceddb0297
992816.0,545653,python,[JIT],0x00007d83321ad29e
992816.0,545653,python,[JIT],0x00007d83321ae24a
992816.0,545664,python,[JIT],0x00007f6ed99e263f
992816.0,545664,python,[JIT],0x00007f6ed9cf7bd7
992816.0,545678,python,[JIT],0x00007b9f7dfdb18f
992816.0,545689,python,[JIT],0x000072878865e1fe
992816.0,545689,python,[JIT],0x0000728788664010
992816.0,545689,python,[JIT],0x0000728788bad1c9
992815.0,545678,python,[JIT],0x00007b9f7d3d3003
992815.0,545714,python,[JIT],0x00007f986d33f882
992815.0,545700,python,[JIT],0x00007cacee0d22d5
992814.0,545653,python,[JIT],0x00007d8331c591d3
992814.0,545664,python,[JIT],0x00007f6eda6582bb
992814.0,545714,python,[JIT],0x00007f986d22a324
992814.0,545689,python,python,_PyMem_RawFree
992814.0,545689,python,[JIT],0x0000728788772076
992814.0,545646,python,[JIT],0x0000792aa4eec2e1
992814.0,545646,python,[JIT],0x0000792aa4f421a4
992813.0,545653,python,[JIT],0x00007d8331c5629b
992813.0,545653,python,[JIT],0x00007d8331c565bd
992813.0,545653,python,[JIT],0x00007d8332a13456
992813.0,545664,python,[JIT],0x00007f6ed99e8491
992813.0,545689,python,[JIT],0x000072878877131f
992813.0,545700,python,[JIT],0x00007cacedec0248
992813.0,545700,python,[JIT],0x00007cacee0d0909
992812.0,545653,python,[JIT],0x00007d8331c5b1c9
992812.0,545653,python,[JIT],0x00007d8332a142f1
992812.0,545700,python,[JIT],0x00007caceecd63b8
992812.0,545664,python,[JIT],0x00007f6eda657003
992812.0,545714,python,[JIT],0x00007f986d33f9ac
992812.0,545700,python,[JIT],0x00007cacee0ac10c
992812.0,545646,python,[JIT],0x0000792aa4665286
992812.0,545646,python,[JIT],0x0000792aa4f42153
992811.0,545664,python,[JIT],0x00007f6eda65715f
992811.0,545689,python,python,memmove@plt
992811.0,545689,python,[JIT],0x0000728788badb3f
992811.0,545700,python,[JIT],0x00007caceddabb6a
992811.0,545646,python,[JIT],0x0000792aa4eed22a
992810.0,545664,python,[JIT],0x00007f6eda2eb3c4
992810.0,545664,python,[JIT],0x00007f6eda6571ab
992810.0,545664,python,[JIT],0x00007f6eda65874f
992810.0,545689,python,[JIT],0x0000728789415114
992810.0,545700,python,[JIT],0x00007cacedebe1bf
992810.0,545700,python,[JIT],0x00007cacee0d0cd5
992810.0,545700,python,[JIT],0x00007cacee0d20dc
992809.0,545664,python,[JIT],0x00007f6ed9cf7a52
992809.0,545664,python,[JIT],0x00007f6eda65870b
992809.0,545689,python,[JIT],0x000072878877329d
992809.0,545689,python,[JIT],0x00007287887733fc
992809.0,545689,python,[JIT],0x0000728788bad549
992809.0,545700,python,[JIT],0x00007cacedebd1e2
992809.0,545689,python,[JIT],0x00007287890eb0b9
992808.0,545664,python,[JIT],0x00007f6ed99e35e7
992808.0,545689,python,[JIT],0x0000728789413328
992808.0,545646,python,[JIT],0x0000792aa4558000
992808.0,545664,python,[JIT],0x00007f6ed99eb0fb
992807.0,545653,python,[JIT],0x00007d8331c53494
992807.0,545653,python,[JIT],0x00007d8331c566b0
992807.0,545653,python,[JIT],0x00007d8331c5b7cd
992807.0,545653,python,[JIT],0x00007d8331d68a10
992807.0,545653,python,[JIT],0x00007d8332a14110
992807.0,545689,python,[JIT],0x0000728788bad23b
992807.0,545700,python,[JIT],0x00007cacedebd522
992807.0,545700,python,[JIT],0x00007cacedebe2ec
992807.0,545700,python,[JIT],0x00007caceea25755
992807.0,545700,python,[JIT],0x00007caceea26121
992806.0,545653,python,[JIT],0x00007d8332a132d1
992806.0,545653,python,[JIT],0x00007d8332a134f3
992806.0,545664,python,[JIT],0x00007f6ed9cf72ff
992806.0,545664,python,[JIT],0x00007f6eda659015
992806.0,545689,python,[JIT],0x0000728788666163
992805.0,545664,python,[JIT],0x00007f6ed9cf7222
992805.0,545689,python,[JIT],0x00007287890eb3be
992804.0,545653,python,[JIT],0x00007d8331c5a612
992804.0,545653,python,[JIT],0x00007d8331c5b2d1
992804.0,545653,python,[JIT],0x00007d8331d66157
992804.0,545653,python,[JIT],0x00007d83321ad353
992804.0,545689,python,[JIT],0x00007287887713c7
992804.0,545700,python,[JIT],0x00007caceea2517f
992804.0,545700,python,[JIT],0x00007caceecd6342
992804.0,545646,python,[JIT],0x0000792aa4f68c07
992803.0,545664,python,python,_PyMem_RawFree
992803.0,545664,python,[JIT],0x00007f6ed9cf7745
992803.0,545664,python,[JIT],0x00007f6ed9cf7d7c
992803.0,545689,python,[JIT],0x00007287894160d2
992803.0,545700,python,libc.so.6,cfree@GLIBC_2.2.5
992803.0,545646,python,[JIT],0x0000792aa4f6854d
992802.0,545653,python,python,_PyMem_RawFree
992802.0,545653,python,[JIT],0x00007d8331c5a4a7
992802.0,545653,python,[JIT],0x00007d8332a138a6
992802.0,545700,python,[JIT],0x00007caceecd638d
992802.0,545664,python,[JIT],0x00007f6eda2eb18b
992802.0,545714,python,[JIT],0x00007f986d232003
992802.0,545700,python,[JIT],0x00007cacee0d0e14
992802.0,545700,python,[JIT],0x00007caceea2574f
992801.0,545653,python,[JIT],0x00007d8331d67259
992801.0,545653,python,[JIT],0x00007d83321ad3cf
992801.0,545664,python,[JIT],0x00007f6ed99e622a
992801.0,545714,python,[JIT],0x00007f986d22f170
992801.0,545700,python,python,memcpy@plt
992801.0,545646,python,[JIT],0x0000792aa4f414e5
992800.0,545653,python,[JIT],0x00007d8331c5a442
992800.0,545714,python,[JIT],0x00007f986d33d068
992800.0,545700,python,[JIT],0x00007caceddae068
992800.0,545689,python,[JIT],0x000072878958a36a
992799.0,545653,python,python,subtype_dealloc
992799.0,545653,python,[JIT],0x00007d8331d670ca
992799.0,545664,python,python,_PyThreadState_PushFrame
992799.0,545664,python,[JIT],0x00007f6ed99e9259
992799.0,545689,python,[JIT],0x000072878941305c
992799.0,545689,python,[JIT],0x00007287894160ff
992799.0,545646,python,[JIT],0x0000792aa4f682c4
992798.0,545653,python,[JIT],0x00007d8332a1315f
992798.0,545653,python,[JIT],0x00007d8332a13548
992798.0,545714,python,[JIT],0x00007f986d231078
992798.0,545646,python,[JIT],0x0000792aa4f4216e
992798.0,545646,python,[JIT],0x0000792aa4fae37e
992797.0,545653,python,[JIT],0x00007d8331c5907b
992797.0,545664,python,[JIT],0x00007f6eda658308
992797.0,545689,python,[JIT],0x00007287890eb0ea
992797.0,545700,python,[JIT],0x00007cacedda93ef
992797.0,545700,python,[JIT],0x00007cacee0d21f4
992797.0,545664,python,[JIT],0x00007f6eda2eb38a
992796.0,545653,python,[JIT],0x00007d8331c532e1
992796.0,545653,python,[JIT],0x00007d83321ad127
992796.0,545664,python,[JIT],0x00007f6eda2eb35d
992796.0,545653,python,[JIT],0x00007d8331c5693e
992796.0,545689,python,[JIT],0x0000728788bad4df
992796.0,545689,python,[JIT],0x00007287890eb320
992795.0,545700,python,[JIT],0x00007cacee0d01c9
992795.0,545700,python,[JIT],0x00007cacee0d07a7
992795.0,545700,python,[JIT],0x00007cacee0d08ee
992794.0,545646,python,[JIT],0x0000792aa4eeb18d
992793.0,545664,python,[JIT],0x00007f6ed99e36b0
992793.0,545664,python,[JIT],0x00007f6ed99e848e
992793.0,545664,python,[JIT],0x00007f6ed9cf728a
992793.0,545714,python,[JIT],0x00007f986d33fa8e
992793.0,545700,python,[JIT],0x00007cacee0ac165
992792.0,545664,python,[JIT],0x00007f6ed99ea45e
992792.0,545664,python,[JIT],0x00007f6ed9cf785a
992792.0,545664,python,[JIT],0x00007f6eda658c71
992791.0,545664,python,[JIT],0x00007f6eda2eb36e
992791.0,545700,python,[JIT],0x00007cacedec01dc
992791.0,545689,python,[JIT],0x000072878941311f
992790.0,545653,python,[JIT],0x00007d8331d66088
992790.0,545664,python,[JIT],0x00007f6eda2eb4d9
992790.0,545646,python,[JIT],0x0000792aa4eeb214
992789.0,545653,python,[JIT],0x00007d8331c5b4f3
992789.0,545653,python,[JIT],0x00007d8331c5b674
992789.0,545653,python,[JIT],0x00007d833205a142
992789.0,545664,python,[JIT],0x00007f6ed99e6102
992789.0,545689,python,[JIT],0x00007287887714fc
992789.0,545689,python,[JIT],0x000072878958a1fa
992789.0,545700,python,[JIT],0x00007caceddaa14f
992789.0,545646,python,[JIT],0x0000792aa4f681a0
992789.0,545664,python,[JIT],0x00007f6ed99e75b2
992788.0,545653,python,[JIT],0x00007d83319f5197
992788.0,545653,python,[JIT],0x00007d8331c595b6
992788.0,545714,python,[JIT],0x00007f986d33d228
992788.0,545714,python,[JIT],0x00007f986e1534a9
992788.0,545664,python,[JIT],0x00007f6ed99e3b36
992788.0,545700,python,[JIT],0x00007cacedec019e
992788.0,545700,python,[JIT],0x00007cacee0d0cf9
992788.0,545646,python,[JIT],0x0000792aa45567a6
992787.0,545664,python,[JIT],0x00007f6ed99e905c
992787.0,545664,python,[JIT],0x00007f6eda2eb328
992787.0,545689,python,[JIT],0x000072878941610c
992787.0,545700,python,[JIT],0x00007caceddae159
992787.0,545700,python,[JIT],0x00007cacedebd20d
992787.0,545646,python,[JIT],0x0000792aa4f673be
992786.0,545664,python,[JIT],0x00007f6ed99e6474
992786.0,545700,python,[JIT],0x00007cacedebd010
992786.0,545700,python,[JIT],0x00007cacee0d0657
992786.0,545646,python,[JIT],0x0000792aa4fac121
992785.0,545689,python,[JIT],0x0000728788badbf7
992784.0,545653,python,[JIT],0x00007d8332a13360
992784.0,545700,python,[JIT],0x00007cacee0ac206
992783.0,545653,python,[JIT],0x00007d8331c5b218
992783.0,545700,python,[JIT],0x00007cacee0d0bc8
992783.0,545714,python,[JIT],0x00007f986d22b108
992783.0,545689,python,[JIT],0x000072878865f625
992782.0,545653,python,[JIT],0x00007d8331c550bf
992782.0,545653,python,[JIT],0x00007d8331d67263
992782.0,545664,python,[JIT],0x00007f6ed99e3beb
992782.0,545689,python,[JIT],0x000072878941615b
992781.0,545653,python,[JIT],0x00007d8331d6819c
992781.0,545664,python,[JIT],0x00007f6ed99e831f
992781.0,545664,python,[JIT],0x00007f6eda6572d5
992781.0,545714,python,[JIT],0x00007f986d232332
992781.0,545689,python,[JIT],0x00007287886613f7
992781.0,545700,python,[JIT],0x00007cacee0d22df
992781.0,545700,python,[JIT],0x00007caceea26127
992781.0,545646,python,[JIT],0x0000792aa4f6818b
992780.0,545653,python,[JIT],0x00007d8331c5920d
992780.0,545714,python,[JIT],0x00007f986d33f1ae
992780.0,545714,python,[JIT],0x00007f986d78d21e
992780.0,545689,python,[JIT],0x000072878877413e
992779.0,545689,python,[JIT],0x0000728788bad493
992778.0,545664,python,[JIT],0x00007f6ed99ea27f
992778.0,545664,python,[JIT],0x00007f6eda2eb53c
992778.0,545664,python,[JIT],0x00007f6eda658010
992778.0,545689,python,[JIT],0x0000728788bad84e
992778.0,545689,python,[JIT],0x00007287890eb37a
992777.0,545653,python,[JIT],0x00007d83321ad27e
992777.0,545664,python,[JIT],0x00007f6ed99ea052
992777.0,545646,python,[JIT],0x0000792aa455600a
992776.0,545653,python,[JIT],0x00007d83321ad571
992776.0,545646,python,[JIT],0x0000792aa4eee737
992776.0,545646,python,[JIT],0x0000792aa4f420ad
992775.0,545653,python,[JIT],0x00007d83321ad1f4
992775.0,545653,python,[JIT],0x00007d83321ad484
992775.0,545689,python,[JIT],0x000072878866128c
992775.0,545700,python,[JIT],0x00007cacee0d222b
992775.0,545646,python,[JIT],0x0000792aa4eed52e
992774.0,545664,python,[JIT],0x00007f6ed99ea32b
992774.0,545700,python,[JIT],0x00007caceddb04b8
992773.0,545653,python,[JIT],0x00007d8331c581ad
992773.0,545653,python,[JIT],0x00007d8331c5a1cd
992773.0,545653,python,[JIT],0x00007d8332a13253
992773.0,545664,python,[JIT],0x00007f6ed99e8479
992773.0,545664,python,[JIT],0x00007f6ed99e8863
992773.0,545664,python,[JIT],0x00007f6eda2eb372
992773.0,545664,python,[JIT],0x00007f6eda6570dc
992773.0,545714,python,[JIT],0x00007f986e0132b6
992773.0,545646,python,[JIT],0x0000792aa4f68db4
992772.0,545653,python,python,_PyLong_FromMedium
992772.0,545653,python,[JIT],0x00007d8331d68718
992772.0,545700,python,[JIT],0x00007cacee0d228a
992771.0,545653,python,[JIT],0x00007d8331c556c8
992771.0,545700,python,python,_PyCallMethodDescriptorFastWithKeywords_StackRef
992771.0,545700,python,[JIT],0x00007caceea25237
992771.0,545664,python,[JIT],0x00007f6ed9cf7003
992771.0,545714,python,[JIT],0x00007f986d33fb6b
992770.0,545689,python,[JIT],0x00007287894163e5
992770.0,545700,python,[JIT],0x00007cacee0d2444
992769.0,545664,python,[JIT],0x00007f6ed99e32d1
992769.0,545664,python,[JIT],0x00007f6ed99e615e
992768.0,545714,python,[JIT],0x00007f986d2303f3
992768.0,545714,python,[JIT],0x00007f986d33facf
992768.0,545700,python,[JIT],0x00007cacee0d020f
992768.0,545689,python,[JIT],0x0000728788666155
992767.0,545664,python,[JIT],0x00007f6eda659010
992766.0,545653,python,[JIT],0x00007d8331c5b65b
992766.0,545653,python,[JIT],0x00007d8331d670ab
992766.0,545714,python,[JIT],0x00007f986e0134ef
992765.0,545700,python,[JIT],0x00007cacee0ab1ae
992765.0,545646,python,[JIT],0x0000792aa4eee015
992764.0,545689,python,[JIT],0x0000728788bad4b5
992763.0,545664,python,[JIT],0x00007f6eda6590f1
992763.0,545714,python,[JIT],0x00007f986d2294e3
992763.0,545700,python,[JIT],0x00007cacee0d0243
992763.0,545646,python,[JIT],0x0000792aa4f68ba3
992762.0,545664,python,[JIT],0x00007f6ed99e837e
992762.0,545689,python,[JIT],0x0000728789413428
992760.0,545664,python,[JIT],0x00007f6ed99e22bd
992759.0,545653,python,[JIT],0x00007d8331d68536
992759.0,545678,python,[JIT],0x00007b9f7d0b4cad
992759.0,545646,python,[JIT],0x0000792aa4558da4
992759.0,545646,python,[JIT],0x0000792aa4f424d5
992759.0,545664,python,[JIT],0x00007f6ed9cf625e
992758.0,545700,python,[JIT],0x00007caceea25218
992758.0,545700,python,[JIT],0x00007caceea25453
992757.0,545664,python,[JIT],0x00007f6eda2eb3ec
992757.0,545689,python,[JIT],0x0000728788a652f4
992757.0,545700,python,[JIT],0x00007caceddb077c
992756.0,545664,python,[JIT],0x00007f6ed9cf71d7
992756.0,545646,python,[JIT],0x0000792aa4fae300
992756.0,545689,python,[JIT],0x00007287887736de
992756.0,545689,python,[JIT],0x000072878958a189
992755.0,545653,python,[JIT],0x00007d8331d68a52
992755.0,545664,python,[JIT],0x00007f6ed9cf7857
992755.0,545664,python,[JIT],0x00007f6eda909338
992755.0,545714,python,[JIT],0x00007f986e0130ce
992755.0,545700,python,[JIT],0x00007caceecd60c3
992755.0,545646,python,[JIT],0x0000792aa4f68bcc
992754.0,545664,python,[JIT],0x00007f6eda909208
992753.0,545653,python,[JIT],0x00007d8331d685b9
992753.0,545700,python,python,tuple_alloc
992753.0,545700,python,[JIT],0x00007cacedebf064
992753.0,545700,python,[JIT],0x00007caceea26064
992753.0,545689,python,[JIT],0x00007287890eb1e6
992752.0,545664,python,[JIT],0x00007f6eda6582cd
992752.0,545714,python,[JIT],0x00007f986e153360
992751.0,545700,python,[JIT],0x00007caceea254f3
992751.0,545653,python,[JIT],0x00007d8331d68518
992751.0,545700,python,[JIT],0x00007cacee0d2632
992751.0,545646,python,[JIT],0x0000792aa4eed236
992751.0,545689,python,[JIT],0x00007287890eb11f
992750.0,545664,python,[JIT],0x00007f6eda2eb1a0
992750.0,545646,python,[JIT],0x0000792aa4eec015
992750.0,545646,python,[JIT],0x0000792aa4fac5dc
992749.0,545653,python,[JIT],0x00007d8331c593c3
992748.0,545664,python,[JIT],0x00007f6ed99e62d5
992748.0,545700,python,[JIT],0x00007caceecd638d
992748.0,545646,python,[JIT],0x0000792aa4558f76
992747.0,545653,python,[JIT],0x00007d8331d66213
992747.0,545664,python,[JIT],0x00007f6eda909211
992747.0,545689,python,[JIT],0x0000728788773570
992746.0,545664,python,[JIT],0x00007f6ed9cf754d
992746.0,545664,python,[JIT],0x00007f6eda6571c0
992746.0,545664,python,[JIT],0x00007f6eda6584e7
992746.0,545646,python,[JIT],0x0000792aa4f6891b
992745.0,545714,python,[JIT],0x00007f986d33f4df
992745.0,545700,python,[JIT],0x00007caceddae2e8
992745.0,545700,python,[JIT],0x00007cacedebd4ae
992745.0,545646,python,[JIT],0x0000792aa5213010
992744.0,545664,python,[JIT],0x00007f6eda6584d0
992744.0,545700,python,[JIT],0x00007cacedec01c9
992744.0,545646,python,[JIT],0x0000792aa52130f1
992743.0,545664,python,[JIT],0x00007f6ed9883ab3
992743.0,545689,python,[JIT],0x0000728788774052
992743.0,545689,python,[JIT],0x0000728788bac00a
992742.0,545664,python,[JIT],0x00007f6ed99e40d0
992742.0,545689,python,[JIT],0x000072878941605c
992741.0,545664,python,[JIT],0x00007f6ed9882315
992740.0,545664,python,[JIT],0x00007f6eda658203
992740.0,545689,python,[JIT],0x0000728788664728
992740.0,545689,python,[JIT],0x000072878941317f
992739.0,545653,python,[JIT],0x00007d8331d68b6b
992739.0,545646,python,[JIT],0x0000792aa455a00a
992739.0,545664,python,[JIT],0x00007f6ed9cf7269
992738.0,545664,python,[JIT],0x00007f6ed9cf7e5c
992738.0,545689,python,[JIT],0x0000728788a6538d
992738.0,545700,python,[JIT],0x00007cacedebd08b
992738.0,545646,python,[JIT],0x0000792aa4eec1cf
992737.0,545653,python,[JIT],0x00007d8332a1341a
992737.0,545700,python,[JIT],0x00007cacee0d2614
992735.0,545700,python,[JIT],0x00007caceecd63c5
992735.0,545653,python,[JIT],0x00007d8331c5a07b
992735.0,545664,python,python,tuple_alloc
992734.0,545664,python,[JIT],0x00007f6ed99eb064
992733.0,545664,python,[JIT],0x00007f6ed99ea3b6
992733.0,545664,python,[JIT],0x00007f6ed9cf62c8
992733.0,545678,python,[JIT],0x00007b9f7de133ec
992733.0,545689,python,[JIT],0x0000728788a65421
992732.0,545689,python,[JIT],0x00007287894150ea
992732.0,545700,python,[JIT],0x00007cacee0d0d83
992731.0,545664,python,[JIT],0x00007f6eda659129
992730.0,545714,python,python,PyLong_FromSsize_t
992730.0,545664,python,[JIT],0x00007f6ed99e8741
992730.0,545664,python,[JIT],0x00007f6eda6570c3
992730.0,545664,python,[JIT],0x00007f6ed9883792
992728.0,545664,python,[JIT],0x00007f6ed99e7244
992728.0,545664,python,[JIT],0x00007f6ed9cf7974
992727.0,545664,python,[JIT],0x00007f6eda9090ff
992727.0,545689,python,[JIT],0x00007287894141c0
992727.0,545646,python,[JIT],0x0000792aa45570ad
992727.0,545646,python,[JIT],0x0000792aa4eed4cb
992726.0,545664,python,[JIT],0x00007f6eda6593fd
992725.0,545653,python,[JIT],0x00007d8331c59076
992724.0,545664,python,[JIT],0x00007f6ed99e700a
992724.0,545714,python,[JIT],0x00007f986d2311cf
992724.0,545689,python,[JIT],0x0000728788bad7d7
992724.0,545700,python,[JIT],0x00007caceea25539
992723.0,545664,python,[JIT],0x00007f6ed9cf744b
992723.0,545664,python,[JIT],0x00007f6ed9cf746f
992723.0,545664,python,[JIT],0x00007f6eda658218
992723.0,545689,python,[JIT],0x00007287887723b3
992722.0,545700,python,[JIT],0x00007cacee0d239e
992721.0,545664,python,[JIT],0x00007f6ed99e927d
992721.0,545689,python,[JIT],0x0000728788bada71
992720.0,545664,python,[JIT],0x00007f6ed9cf7b6f
992720.0,545714,python,[JIT],0x00007f986d23230f
992719.0,545653,python,[JIT],0x00007d8331c55676
992719.0,545664,python,[JIT],0x00007f6eda65853c
992719.0,545646,python,[JIT],0x0000792aa4557123
992718.0,545700,python,[JIT],0x00007cacee0d0114
992717.0,545664,python,[JIT],0x00007f6eda2eb0dc
992717.0,545714,python,[JIT],0x00007f986d230537
992716.0,545664,python,[JIT],0x00007f6ed99e30ce
992716.0,545664,python,[JIT],0x00007f6ed9cf7a10
992716.0,545714,python,[JIT],0x00007f986d2322d1
992715.0,545664,python,[JIT],0x00007f6eda658646
992715.0,545664,python,[JIT],0x00007f6ed9cf7a99
992714.0,545664,python,[JIT],0x00007f6ed99e8170
992714.0,545664,python,[JIT],0x00007f6ed9cf74f4
992714.0,545646,python,[JIT],0x0000792aa4fae0f8
992714.0,545689,python,[JIT],0x000072878865d47d
992713.0,545653,python,[JIT],0x00007d83319f5a8f
992713.0,545689,python,[JIT],0x0000728788664511
992712.0,545714,python,[JIT],0x00007f986d33f11b
992712.0,545714,python,[JIT],0x00007f986d33f30f
992712.0,545664,python,[JIT],0x00007f6ed99e8569
992712.0,545664,python,[JIT],0x00007f6ed9cf7cab
992711.0,545664,python,[JIT],0x00007f6ed99e513c
992711.0,545664,python,[JIT],0x00007f6ed9cf60f1
992710.0,545653,python,[JIT],0x00007d8331c5a070
992710.0,545664,python,[JIT],0x00007f6eda65811b
992710.0,545646,python,[JIT],0x0000792aa4f6844b
992709.0,545653,python,[JIT],0x00007d83321ad28a
992707.0,545664,python,[JIT],0x00007f6eda6570ad
992706.0,545700,python,[JIT],0x00007cacee0aa362
992706.0,545664,python,[JIT],0x00007f6ed99e83ec
992706.0,545689,python,[JIT],0x0000728788773710
992705.0,545664,python,[JIT],0x00007f6ed99e646a
992704.0,545714,python,[JIT],0x00007f986d78d4c0
992703.0,545664,python,[JIT],0x00007f6ed99e6258
992702.0,545664,python,[JIT],0x00007f6eda6583af
992701.0,545664,python,[JIT],0x00007f6eda658317
992700.0,545653,python,[JIT],0x00007d8331c525cd
992700.0,545664,python,[JIT],0x00007f6eda2eb406
992700.0,545664,python,[JIT],0x00007f6eda6590a7
992700.0,545700,python,[JIT],0x00007cacee0d04a1
992700.0,545646,python,[JIT],0x0000792aa4fad19d
992700.0,545664,python,[JIT],0x00007f6ed99eb0eb
992699.0,545646,python,[JIT],0x0000792aa4fac23b
992698.0,545653,python,[JIT],0x00007d83321ad632
992697.0,545689,python,[JIT],0x00007287887724fc
992696.0,545646,python,[JIT],0x0000792aa4eec0f7
992695.0,545664,python,[JIT],0x00007f6ed9883d38
992695.0,545664,python,[JIT],0x00007f6eda658170
992694.0,545653,python,[JIT],0x00007d8331d68807
992694.0,545653,python,[JIT],0x00007d8332a132ac
992694.0,545664,python,[JIT],0x00007f6ed9cf7b0e
992692.0,545664,python,[JIT],0x00007f6eda2eb3ef
992692.0,545700,python,[JIT],0x00007caceea2615f
992692.0,545646,python,[JIT],0x0000792aa4eeb151
992691.0,545664,python,[JIT],0x00007f6eda65841a
992691.0,545714,python,[JIT],0x00007f986e15337c
992691.0,545646,python,[JIT],0x0000792aa46660cd
992690.0,545689,python,[JIT],0x0000728789415110
992689.0,545664,python,[JIT],0x00007f6ed9cf70ff
992689.0,545714,python,[JIT],0x00007f986e01348e
992688.0,545653,python,[JIT],0x00007d8331c5a35c
992687.0,545653,python,[JIT],0x00007d8331d679a6
992687.0,545700,python,[JIT],0x00007cacee0d253c
992687.0,545664,python,[JIT],0x00007f6ed9883326
992687.0,545678,python,[JIT],0x00007b9f7d3d4d17
992687.0,545653,python,[JIT],0x00007d83321ad1f4
992686.0,545664,python,[JIT],0x00007f6ed99e6254
992686.0,545664,python,[JIT],0x00007f6ed9cf77ce
992686.0,545664,python,[JIT],0x00007f6eda2eb3b2
992686.0,545664,python,[JIT],0x00007f6eda65719d
992685.0,545653,python,[JIT],0x00007d83319f43d3
992685.0,545664,python,[JIT],0x00007f6ed99ea2a4
992684.0,545653,python,[JIT],0x00007d8331c590e4
992684.0,545653,python,[JIT],0x00007d83321ac185
992683.0,545664,python,[JIT],0x00007f6ed99e7592
992683.0,545700,python,[JIT],0x00007caceddaf0d7
992682.0,545653,python,[JIT],0x00007d8331c5513d
992682.0,545664,python,[JIT],0x00007f6ed9cf7e96
992681.0,545664,python,[JIT],0x00007f6ed99e9228
992680.0,545646,python,[JIT],0x0000792aa4fac36e
992679.0,545664,python,[JIT],0x00007f6ed99e304c
992679.0,545664,python,[JIT],0x00007f6ed99e3942
992679.0,545664,python,[JIT],0x00007f6eda909347
992679.0,545664,python,[JIT],0x00007f6eda2eb632
992677.0,545664,python,[JIT],0x00007f6ed9cf7d2c
992677.0,545664,python,[JIT],0x00007f6eda2eb444
992676.0,545664,python,[JIT],0x00007f6ed9883205
992675.0,545664,python,[JIT],0x00007f6eda659000
992675.0,545664,python,[JIT],0x00007f6eda909342
992674.0,545664,python,[JIT],0x00007f6ed9cf74b5
992673.0,545664,python,[JIT],0x00007f6ed9cf7b17
992672.0,545664,python,[JIT],0x00007f6eda65722f
992672.0,545664,python,[JIT],0x00007f6eda657296
992671.0,545646,python,[JIT],0x0000792aa4f68beb
992670.0,545664,python,[JIT],0x00007f6ed99e75d1
992670.0,545664,python,[JIT],0x00007f6ed99ea475
992670.0,545714,python,[JIT],0x00007f986e014064
992669.0,545714,python,[JIT],0x00007f986d22f1de
992668.0,545689,python,[JIT],0x00007287894156c2
992668.0,545664,python,[JIT],0x00007f6eda659000
992666.0,545653,python,[JIT],0x00007d83319f4508
992665.0,545664,python,[JIT],0x00007f6eda65822d
992665.0,545678,python,[JIT],0x00007b9f7dfdb0d2
992664.0,545653,python,[JIT],0x00007d8331c550cd
992664.0,545714,python,[JIT],0x00007f986e014133
992663.0,545664,python,[JIT],0x00007f6ed9cf6210
992663.0,545664,python,[JIT],0x00007f6eda658548
992663.0,545689,python,[JIT],0x0000728788664a94
992663.0,545664,python,[JIT],0x00007f6ed9cf71ae
992662.0,545714,python,[JIT],0x00007f986d78d59a
992658.0,545664,python,[JIT],0x00007f6ed9cf7a86
992657.0,545700,python,[JIT],0x00007caceea24273
992656.0,545664,python,[JIT],0x00007f6eda657151
992656.0,545664,python,[JIT],0x00007f6ed99e6236
992655.0,545664,python,[JIT],0x00007f6eda9090c3
992655.0,545664,python,[JIT],0x00007f6ed99e8110
992654.0,545664,python,[JIT],0x00007f6ed99e5163
992654.0,545664,python,[JIT],0x00007f6ed9cf7536
992653.0,545664,python,[JIT],0x00007f6ed98825a6
992653.0,545678,python,[JIT],0x00007b9f7d0b418b
992653.0,545664,python,[JIT],0x00007f6eda65918f
992652.0,545653,python,[JIT],0x00007d8331c5a2c1
992652.0,545689,python,[JIT],0x0000728788bad50f
992652.0,545664,python,[JIT],0x00007f6ed9cf7a10
992651.0,545653,python,[JIT],0x00007d8331d685d4
992651.0,545664,python,[JIT],0x00007f6ed9cf7942
992650.0,545664,python,[JIT],0x00007f6eda65919d
992649.0,545664,python,[JIT],0x00007f6ed99ea38d
992649.0,545664,python,[JIT],0x00007f6ed9cf7d17
992649.0,545664,python,[JIT],0x00007f6eda65849d
992647.0,545653,python,[JIT],0x00007d8331c5647f
992647.0,545664,python,[JIT],0x00007f6ed99e715e
992647.0,545664,python,[JIT],0x00007f6ed99e735c
992646.0,545664,python,[JIT],0x00007f6ed9cf7d9f
992646.0,545664,python,[JIT],0x00007f6ed9cf7dc1
992646.0,545664,python,[JIT],0x00007f6eda6584bc
992646.0,545646,python,[JIT],0x0000792aa4666085
992646.0,545689,python,[JIT],0x000072878877107b
992644.0,545664,python,[JIT],0x00007f6ed99e626e
992644.0,545664,python,[JIT],0x00007f6ed99eb0bf
992644.0,545664,python,[JIT],0x00007f6eda909052
992643.0,545664,python,[JIT],0x00007f6ed99e26fe
992642.0,545664,python,python,list_length
992642.0,545664,python,[JIT],0x00007f6ed98851b4
992642.0,545664,python,[JIT],0x00007f6ed99e8832
992642.0,545664,python,[JIT],0x00007f6eda65940a
992642.0,545678,python,[JIT],0x00007b9f7de290ad
992642.0,545664,python,[JIT],0x00007f6ed99e853c
992641.0,545664,python,[JIT],0x00007f6ed99e50c7
992641.0,545664,python,[JIT],0x00007f6ed99e60e4
992641.0,545664,python,[JIT],0x00007f6ed9cf7ca7
992641.0,545664,python,[JIT],0x00007f6eda6583b7
992641.0,545664,python,[JIT],0x00007f6eda9093a4
992641.0,545664,python,[JIT],0x00007f6eda6581fb
992640.0,545664,python,[JIT],0x00007f6ed99e87bf
992640.0,545689,python,[JIT],0x0000728788666097
992639.0,545714,python,[JIT],0x00007f986d22d4c0
992638.0,545664,python,[JIT],0x00007f6eda658666
992638.0,545664,python,[JIT],0x00007f6eda909139
992637.0,545664,python,[JIT],0x00007f6eda6570f1
992637.0,545678,python,[JIT],0x00007b9f7de2a766
992636.0,545664,python,[JIT],0x00007f6ed9883000
992636.0,545664,python,[JIT],0x00007f6ed99e9298
992636.0,545664,python,[JIT],0x00007f6ed99ea312
992636.0,545664,python,[JIT],0x00007f6eda65841c
992636.0,545664,python,[JIT],0x00007f6eda65917f
992636.0,545646,python,[JIT],0x0000792aa4667e26
992636.0,545646,python,[JIT],0x0000792aa4fae3a2
992634.0,545700,python,[JIT],0x00007cacedec0068
992634.0,545664,python,[JIT],0x00007f6ed9883c02
992634.0,545664,python,[JIT],0x00007f6ed9cf7faa
992633.0,545664,python,[JIT],0x00007f6ed99e8556
992633.0,545664,python,[JIT],0x00007f6ed9cf71a0
992632.0,545664,python,[JIT],0x00007f6ed99e37a8
992632.0,545664,python,[JIT],0x00007f6ed99e74a3
992632.0,545700,python,[JIT],0x00007caceddabdb2
992631.0,545664,python,[JIT],0x00007f6ed9cf7888
992631.0,545664,python,[JIT],0x00007f6eda2eb3d9
992631.0,545664,python,[JIT],0x00007f6eda6582a8
992629.0,545664,python,[JIT],0x00007f6ed99e94c2
992629.0,545664,python,[JIT],0x00007f6eda658327
992628.0,545664,python,[JIT],0x00007f6ed99e3588
992628.0,545664,python,[JIT],0x00007f6eda2eb409
992628.0,545664,python,[JIT],0x00007f6eda658383
992628.0,545714,python,[JIT],0x00007f986d2311d5
992627.0,545653,python,[JIT],0x00007d83321ad195
992627.0,545664,python,[JIT],0x00007f6eda65838b
992627.0,545700,python,[JIT],0x00007cacee0ac2a5
992626.0,545664,python,[JIT],0x00007f6ed99ea4d5
992626.0,545664,python,[JIT],0x00007f6ed9cf6535
992626.0,545646,python,[JIT],0x0000792aa4fac26c
992625.0,545664,python,[JIT],0x00007f6ed9cf7662
992625.0,545689,python,[JIT],0x000072878865d594
992624.0,545664,python,[JIT],0x00007f6ed9cf779d
992624.0,545664,python,[JIT],0x00007f6eda657273
992622.0,545664,python,[JIT],0x00007f6ed99e5093
992622.0,545664,python,[JIT],0x00007f6eda65872b
992622.0,545664,python,[JIT],0x00007f6ed99e3de0
992621.0,545714,python,[JIT],0x00007f986e014010
992621.0,545664,python,[JIT],0x00007f6ed99e8697
992620.0,545689,python,[JIT],0x0000728788a654d5
992619.0,545664,python,[JIT],0x00007f6ed99e72dd
992619.0,545664,python,[JIT],0x00007f6eda2eb479
992618.0,545664,python,[JIT],0x00007f6ed98814a5
992618.0,545664,python,[JIT],0x00007f6ed99e84e7
992618.0,545689,python,[JIT],0x0000728788bad890
992617.0,545664,python,[JIT],0x00007f6eda658491
992617.0,545714,python,[JIT],0x00007f986d22b17b
992617.0,545714,python,[JIT],0x00007f986d33d19b
992617.0,545714,python,[JIT],0x00007f986e0140ab
992617.0,545689,python,[JIT],0x0000728789415529
992616.0,545664,python,[JIT],0x00007f6ed99e3738
992615.0,545714,python,[JIT],0x00007f986d23116e
992615.0,545714,python,[JIT],0x00007f986d33d2ce
992615.0,545646,python,[JIT],0x0000792aa4f68a4a
992613.0,545664,python,[JIT],0x00007f6ed988200a
992613.0,545664,python,[JIT],0x00007f6ed99e7537
992613.0,545714,python,[JIT],0x00007f986e0140c3
992613.0,545689,python,[JIT],0x00007287890eb1f5
992612.0,545714,python,[JIT],0x00007f986d2315e1
992611.0,545664,python,[JIT],0x00007f6eda909267
992609.0,545664,python,[JIT],0x00007f6ed9883003
992608.0,545714,python,[JIT],0x00007f986d78d49f
992607.0,545664,python,[JIT],0x00007f6eda6583b3
992606.0,545653,python,[JIT],0x00007d8331c53285
992606.0,545664,python,[JIT],0x00007f6ed99e5225
992605.0,545653,python,[JIT],0x00007d8332b7c360
992604.0,545664,python,[JIT],0x00007f6ed99e634a
992604.0,545646,python,[JIT],0x0000792aa52131e3
992603.0,545653,python,[JIT],0x00007d8331d68bb5
992603.0,545664,python,[JIT],0x00007f6ed99e6543
992603.0,545664,python,python,PyObject_CallFinalizerFromDealloc
992601.0,545664,python,[JIT],0x00007f6ed9cf60ce
992600.0,545653,python,[JIT],0x00007d8331c5b46f
992600.0,545714,python,[JIT],0x00007f986e0134ac
992599.0,545664,python,[JIT],0x00007f6eda2eb15f
992599.0,545664,python,[JIT],0x00007f6ed9cf706a
992598.0,545664,python,[JIT],0x00007f6eda2eb48c
992598.0,545646,python,python,PyMem_Malloc
992598.0,545646,python,[JIT],0x0000792aa4f42348
992597.0,545664,python,[JIT],0x00007f6ed99e91f2
992597.0,545664,python,[JIT],0x00007f6eda90912f
992595.0,545714,python,[JIT],0x00007f986d2291fb
992594.0,545664,python,[JIT],0x00007f6ed988255b
992593.0,545664,python,[JIT],0x00007f6ed99e716e
992593.0,545714,python,[JIT],0x00007f986d229213
992593.0,545646,python,[JIT],0x0000792aa4f43114
992592.0,545664,python,[JIT],0x00007f6ed99e32ac
992591.0,545664,python,[JIT],0x00007f6ed99e9127
992591.0,545664,python,[JIT],0x00007f6eda2eb185
992591.0,545689,python,[JIT],0x000072878865e63a
992590.0,545664,python,[JIT],0x00007f6eda2eb3c0
992590.0,545689,python,[JIT],0x0000728788bac0ce
992585.0,545653,python,[JIT],0x00007d8331d684e6
992584.0,545664,python,[JIT],0x00007f6eda6590fb
992583.0,545664,python,[JIT],0x00007f6eda9090e6
992583.0,545664,python,[JIT],0x00007f6eda9092f7
992582.0,545700,python,[JIT],0x00007cacee0ac366
992582.0,545664,python,[kernel.kallsyms],cpuacct_charge
992581.0,545664,python,[JIT],0x00007f6ed99e880a
992579.0,545664,python,[JIT],0x00007f6ed99e74ae
992579.0,545664,python,[JIT],0x00007f6ed9cf70a7
992579.0,545653,python,[JIT],0x00007d8331c5621f
992578.0,545664,python,[JIT],0x00007f6ed99e714d
992577.0,545653,python,[JIT],0x00007d8331d680f1
992577.0,545664,python,[JIT],0x00007f6ed9cf7c4d
992577.0,545700,python,[JIT],0x00007cacedebe491
992575.0,545646,python,[JIT],0x0000792aa4666076
992575.0,545664,python,[JIT],0x00007f6eda659127
992573.0,545664,python,[JIT],0x00007f6eda2eb46b
992573.0,545689,python,[JIT],0x000072878958a060
992572.0,545653,python,[JIT],0x00007d8331c5206c
992572.0,545714,python,[JIT],0x00007f986d33faec
992569.0,545689,python,[JIT],0x000072878877410e
992567.0,545646,python,[JIT],0x0000792aa4f42212
992564.0,545689,python,[JIT],0x0000728788badbe3
992563.0,545646,python,[JIT],0x0000792aa4eee0ee
992563.0,545646,python,[JIT],0x0000792aa4fad109
992562.0,545653,python,[JIT],0x00007d8331c5b737
992562.0,545664,python,[JIT],0x00007f6ed99ea2f4
992562.0,545646,python,[JIT],0x0000792aa4eee556
992561.0,545700,python,[JIT],0x00007caceea25308
992560.0,545714,python,[JIT],0x00007f986d2322d1
992560.0,545689,python,[JIT],0x0000728788badcb5
992560.0,545700,python,[JIT],0x00007cacee0ac416
992560.0,545646,python,[JIT],0x0000792aa4f68aa3
992559.0,545664,python,[JIT],0x00007f6ed9cf768e
992558.0,545653,python,[JIT],0x00007d8331c5a46c
992557.0,545664,python,[JIT],0x00007f6eda65818d
992556.0,545714,python,[JIT],0x00007f986d33f34d
992556.0,545646,python,[JIT],0x0000792aa4eee2bb
992555.0,545664,python,[JIT],0x00007f6eda657299
992554.0,545700,python,[JIT],0x00007caceddaa1d4
992554.0,545646,python,[JIT],0x0000792aa4eec398
992553.0,545653,python,[JIT],0x00007d83321ad0f8
992552.0,545653,python,[JIT],0x00007d8332a14185
992552.0,545664,python,[JIT],0x00007f6eda6581e8
992552.0,545700,python,[JIT],0x00007cacee0d022c
992550.0,545664,python,[JIT],0x00007f6ed99ea0a9
992550.0,545664,python,[JIT],0x00007f6ed9cf735b
992550.0,545689,python,[JIT],0x000072878865f96e
992550.0,545689,python,[JIT],0x0000728788a650d5
992549.0,545664,python,[JIT],0x00007f6eda2eb0ff
992549.0,545653,python,[JIT],0x00007d8332a1369e
992547.0,545700,python,[JIT],0x00007cacedebf158
992546.0,545664,python,[JIT],0x00007f6ed99e5155
992546.0,545664,python,[JIT],0x00007f6ed99e906c
992546.0,545664,python,[JIT],0x00007f6eda2eb488
992546.0,545664,python,[JIT],0x00007f6eda65718f
992545.0,545653,python,[JIT],0x00007d8331c5a470
992545.0,545689,python,[JIT],0x0000728788badacf
992541.0,545664,python,[JIT],0x00007f6ed9cf72ed
992541.0,545689,python,[JIT],0x000072878941359a
992540.0,545664,python,[JIT],0x00007f6ed99e3db9
992539.0,545664,python,[JIT],0x00007f6ed99e6595
992536.0,545700,python,[JIT],0x00007cacee0d0d6e
992536.0,545646,python,[JIT],0x0000792aa4eec466
992536.0,545664,python,python,_PyLong_FromMedium
992535.0,545714,python,[JIT],0x00007f986cfccbf3
992534.0,545653,python,[JIT],0x00007d8331d68461
992534.0,545653,python,[JIT],0x00007d8332a140a7
992534.0,545664,python,[JIT],0x00007f6ed98852ed
992534.0,545664,python,[JIT],0x00007f6eda2eb2ea
992533.0,545689,python,[kernel.kallsyms],native_apic_msr_eoi
992531.0,545664,python,[JIT],0x00007f6ed99e7398
992531.0,545689,python,[JIT],0x0000728788771089
992531.0,545646,python,[JIT],0x0000792aa4fac356
992529.0,545689,python,[JIT],0x000072878958a1a0
992528.0,545653,python,[JIT],0x00007d83321ae149
992528.0,545689,python,[JIT],0x00007287887742d3
992526.0,545700,python,[JIT],0x00007cacee0d0c37
992526.0,545664,python,[JIT],0x00007f6ed9cf7694
992523.0,545700,python,[JIT],0x00007caceea25483
992520.0,545664,python,[JIT],0x00007f6ed99e7392
992519.0,545664,python,[JIT],0x00007f6eda2eb05c
992518.0,545714,python,[JIT],0x00007f986d33fce0
992516.0,545700,python,[JIT],0x00007cacedebf383
992515.0,545664,python,[JIT],0x00007f6ed99e7586
992515.0,545646,python,[JIT],0x0000792aa4f42157
992513.0,545689,python,[JIT],0x0000728788bad18b
992512.0,545664,python,[JIT],0x00007f6ed99e3a88
992510.0,545653,python,[JIT],0x00007d8331c5b6e5
992510.0,545664,python,[JIT],0x00007f6eda9090dc
992509.0,545714,python,[JIT],0x00007f986d78d444
992506.0,545653,python,[JIT],0x00007d8331d68af2
992505.0,545664,python,[JIT],0x00007f6ed99e73e9
992503.0,545664,python,[JIT],0x00007f6ed99e825d
992499.0,545664,python,[JIT],0x00007f6eda2eb166
992498.0,545714,python,[JIT],0x00007f986d2315c7
992498.0,545689,python,[JIT],0x0000728789415c6c
992494.0,545700,python,python,PyMem_Realloc
992492.0,545664,python,[JIT],0x00007f6ed99e91b3
992489.0,545664,python,[JIT],0x00007f6eda90923d
992489.0,545700,python,[JIT],0x00007cacedec04dd
992488.0,545714,python,[JIT],0x00007f986e0140a7
992488.0,545689,python,[JIT],0x00007287894131de
992485.0,545664,python,[JIT],0x00007f6ed9cf7c0a
992485.0,545664,python,[JIT],0x00007f6eda6584ca
992485.0,545714,python,[JIT],0x00007f986e013556
992484.0,545689,python,[JIT],0x00007287887733cc
992483.0,545689,python,[kernel.kallsyms],hrtimer_active
992483.0,545700,python,[JIT],0x00007caceddad490
992483.0,545689,python,[JIT],0x0000728788badbeb
992483.0,545664,python,[JIT],0x00007f6ed99e9127
992482.0,545700,python,[JIT],0x00007caceecd6227
992481.0,545714,python,[JIT],0x00007f986e013332
992478.0,545664,python,[JIT],0x00007f6ed9cf75a7
992477.0,545714,python,[JIT],0x00007f986d33fd83
992475.0,545664,python,[JIT],0x00007f6ed99e90a0
992473.0,545653,python,[JIT],0x00007d8331c591fe
992472.0,545664,python,[JIT],0x00007f6ed99e817f
992469.0,545664,python,[JIT],0x00007f6ed99e62ec
992469.0,545646,python,[JIT],0x0000792aa4eed5b2
992467.0,545664,python,[JIT],0x00007f6ed99e7398
992465.0,545664,python,[JIT],0x00007f6ed99e8579
992465.0,545714,python,[JIT],0x00007f986d22a25a
992463.0,545664,python,[JIT],0x00007f6ed99e6398
992460.0,545664,python,[JIT],0x00007f6ed99e8542
992457.0,545646,python,[JIT],0x0000792aa4eee121
992457.0,545664,python,[JIT],0x00007f6ed9cf71c9
992454.0,545714,python,[JIT],0x00007f986d33fc6d
992453.0,545689,python,[JIT],0x0000728788772474
992452.0,545664,python,[JIT],0x00007f6eda658431
992451.0,545664,python,[JIT],0x00007f6ed9cf7c88
992449.0,545664,python,[JIT],0x00007f6ed99e8570
992448.0,545653,python,[JIT],0x00007d8331c5952e
992447.0,545689,python,[JIT],0x000072878865e36b
992446.0,545689,python,[JIT],0x000072878865fd93
992442.0,545700,python,[JIT],0x00007caceecd60e6
992439.0,545689,python,[JIT],0x000072878941425e
992428.0,545646,python,[JIT],0x0000792aa4eee6e5
992424.0,545664,python,[JIT],0x00007f6eda657166
992423.0,545714,python,[JIT],0x00007f986d22da88
992423.0,545714,python,[JIT],0x00007f986cfccce2
992422.0,545653,python,[JIT],0x00007d83319f432a
992422.0,545664,python,[JIT],0x00007f6eda65831f
992422.0,545689,python,[JIT],0x00007287894160ea
992421.0,545646,python,[JIT],0x0000792aa4eed060
992416.0,545714,python,[JIT],0x00007f986d78d170
992415.0,545664,python,[JIT],0x00007f6ed99e91e8
992411.0,545689,python,[JIT],0x000072878877252e
992408.0,545700,python,[JIT],0x00007caceea25548
992407.0,545646,python,[JIT],0x0000792aa4fae8c5
992406.0,545700,python,[JIT],0x00007cacee0d220f
992406.0,545646,python,[JIT],0x0000792aa455a6e2
992405.0,545653,python,[JIT],0x00007d8331c5a379
992405.0,545700,python,[JIT],0x00007cacedebf46f
992405.0,545646,python,[JIT],0x0000792aa4fae59e
992403.0,545664,python,[JIT],0x00007f6eda2eb3a2
992403.0,545714,python,python,PyLong_FromLong
992402.0,545689,python,[JIT],0x0000728788badeb7
992401.0,545653,python,[JIT],0x00007d8332b7c29c
992401.0,545689,python,[JIT],0x000072878877200a
992397.0,545653,python,[JIT],0x00007d8331c5931f
992396.0,545664,python,[JIT],0x00007f6ed9883468
992395.0,545700,python,[JIT],0x00007caceea256ba
992395.0,545714,python,[JIT],0x00007f986d2326ca
992393.0,545646,python,[JIT],0x0000792aa4fae1c5
992390.0,545646,python,[JIT],0x0000792aa4f421a0
992389.0,545714,python,[JIT],0x00007f986d22f131
992389.0,545646,python,[JIT],0x0000792aa4f68e96
992388.0,545653,python,[JIT],0x00007d8331d67450
992388.0,545700,python,[JIT],0x00007cacedda95d6
992387.0,545653,python,[JIT],0x00007d8331c5a446
992387.0,545664,python,python,memmove@plt
992386.0,545664,python,[JIT],0x00007f6eda65724a
992385.0,545664,python,[JIT],0x00007f6eda90932c
992384.0,545714,python,[JIT],0x00007f986d33e146
992383.0,545700,python,[JIT],0x00007caceea240a9
992381.0,545714,python,[JIT],0x00007f986d78d20f
992381.0,545646,python,[JIT],0x0000792aa4f67139
992381.0,545646,python,[JIT],0x0000792aa4faec71
992380.0,545689,python,[JIT],0x0000728788badd3a
992376.0,545646,python,[JIT],0x0000792aa466755d
992366.0,545664,python,[JIT],0x00007f6ed99e61d5
992364.0,545700,python,[JIT],0x00007cacee0d030f
992359.0,545689,python,[JIT],0x0000728788773786
992357.0,545664,python,[JIT],0x00007f6ed9cf60ea
992354.0,545653,python,[JIT],0x00007d8332a14183
992352.0,545653,python,[JIT],0x00007d8331c5b371
992352.0,545664,python,[JIT],0x00007f6eda2eb5eb
992352.0,545714,python,[JIT],0x00007f986d33f484
992351.0,545700,python,[JIT],0x00007cacedec0171
992349.0,545700,python,[JIT],0x00007cacedebe129
992347.0,545664,python,[JIT],0x00007f6eda6570ad
992345.0,545700,python,[JIT],0x00007cacee0d06c6
992345.0,545700,python,[JIT],0x00007caceea252bb
992343.0,545664,python,[JIT],0x00007f6ed9cf705c
992343.0,545664,python,[JIT],0x00007f6ed9cf7d55
992343.0,545646,python,[JIT],0x0000792aa4eed386
992342.0,545664,python,[JIT],0x00007f6eda65706a
992342.0,545664,python,[JIT],0x00007f6eda659110
992342.0,545664,python,[JIT],0x00007f6ed99e6003
992341.0,545653,python,[JIT],0x00007d8331d6608c
992339.0,545646,python,[JIT],0x0000792aa4f67121
992338.0,545646,python,[JIT],0x0000792aa4fac4a4
992337.0,545664,python,[JIT],0x00007f6ed98862c6
992333.0,545689,python,[JIT],0x00007287894140c7
992331.0,545689,python,[JIT],0x0000728788664aa6
992331.0,545646,python,[JIT],0x0000792aa466657a
992326.0,545700,python,[JIT],0x00007cacee0d0b08
992325.0,545689,python,[JIT],0x00007287887742ba
992322.0,545714,python,[JIT],0x00007f986e1532a6
992321.0,545653,python,[JIT],0x00007d8331d68518
992321.0,545653,python,[JIT],0x00007d833205a0ad
992321.0,545664,python,[JIT],0x00007f6ed99ea1ac
992320.0,545689,python,[JIT],0x000072878865f076
992319.0,545664,python,[JIT],0x00007f6ed99ea05c
992318.0,545653,python,[JIT],0x00007d8331c594cb
992314.0,545653,python,[JIT],0x00007d8331c59371
992314.0,545689,python,[JIT],0x0000728789415640
992314.0,545646,python,[JIT],0x0000792aa4f424b6
992309.0,545664,python,[JIT],0x00007f6ed99eb1ae
992307.0,545653,python,[JIT],0x00007d8331c5a3f0
992306.0,545653,python,[JIT],0x00007d8332b7c189
992306.0,545700,python,[JIT],0x00007cacedebf31f
992304.0,545664,python,[JIT],0x00007f6eda65915f
992302.0,545653,python,[JIT],0x00007d83321ae0a7
992296.0,545653,python,[JIT],0x00007d83319f454f
992295.0,545653,python,[JIT],0x00007d8331c5a522
992293.0,545689,python,[JIT],0x00007287887723f3
992289.0,545689,python,[JIT],0x0000728788bad62d
992286.0,545700,python,[JIT],0x00007cacee0d0da6
992281.0,545653,python,[JIT],0x00007d83321ad28d
992276.0,545714,python,[JIT],0x00007f986e153166
992275.0,545700,python,[JIT],0x00007cacee0d25af
992274.0,545646,python,[JIT],0x0000792aa4fae10c
992272.0,545653,python,[JIT],0x00007d83319f50d4
992267.0,545653,python,[JIT],0x00007d83319f4664
992254.0,545689,python,[JIT],0x0000728788771468
992254.0,545700,python,[JIT],0x00007cacee0d2403
992254.0,545646,python,[JIT],0x0000792aa4f430eb
992252.0,545653,python,[JIT],0x00007d8331d68d13
992251.0,545700,python,[JIT],0x00007cacedebe543
992249.0,545714,python,[JIT],0x00007f986d33e28a
992243.0,545700,python,[JIT],0x00007cacedebe398
992241.0,545653,python,[JIT],0x00007d83319f57bd
992236.0,545700,python,[JIT],0x00007caceddaa61d
992232.0,545664,python,[JIT],0x00007f6ed99e385f
992232.0,545664,python,[JIT],0x00007f6ed9cf7bf7
992229.0,545664,python,[JIT],0x00007f6eda9092ed
992224.0,545714,python,[JIT],0x00007f986e0132d5
992223.0,545646,python,[JIT],0x0000792aa4eec537
992221.0,545664,python,[JIT],0x00007f6ed9cf791b
992218.0,545714,python,[JIT],0x00007f986d22d61e
992214.0,545664,python,[JIT],0x00007f6ed9881076
992213.0,545664,python,[JIT],0x00007f6eda2eb2a1
992210.0,545689,python,[JIT],0x0000728788badc37
992208.0,545700,python,[JIT],0x00007cacee0d2409
992205.0,545653,python,[JIT],0x00007d8332a1418d
992198.0,545689,python,[JIT],0x0000728789415666
992193.0,545664,python,[JIT],0x00007f6ed98815e2
992193.0,545714,python,[JIT],0x00007f986e1532d0
992188.0,545678,python,python,PyMem_Realloc
992184.0,545714,python,[JIT],0x00007f986d33d04c
992182.0,545664,python,[JIT],0x00007f6ed99e909e
992182.0,545714,python,[JIT],0x00007f986d33f7a7
992181.0,545653,python,[JIT],0x00007d8331d6727f
992180.0,545714,python,[JIT],0x00007f986e0133e3
992180.0,545646,python,[JIT],0x0000792aa4f682e9
992167.0,545714,python,[JIT],0x00007f986e15338d
992166.0,545689,python,[JIT],0x000072878877413e
992162.0,545714,python,[JIT],0x00007f986d33e4b6
992159.0,545689,python,[JIT],0x000072878877229a
992157.0,545714,python,[JIT],0x00007f986e01417f
992155.0,545664,python,python,_PyObject_InitInlineValues
992151.0,545689,python,[JIT],0x0000728788bad906
992144.0,545700,python,[JIT],0x00007caceddab792
992143.0,545646,python,[JIT],0x0000792aa4eee37e
992142.0,545689,python,[JIT],0x00007287894150f1
992142.0,545646,python,[JIT],0x0000792aa4f68b0e
992141.0,545700,python,[JIT],0x00007caceddabb3a
992138.0,545714,python,python,_PyObject_GC_Link
992138.0,545646,python,[JIT],0x0000792aa4eee7fc
992133.0,545646,python,[JIT],0x0000792aa4f6819c
992132.0,545646,python,[JIT],0x0000792aa4556068
992131.0,545678,python,[JIT],0x00007b9f7d3d30b1
992130.0,545664,python,[JIT],0x00007f6eda2eb44e
992130.0,545700,python,[JIT],0x00007caceddaa1ea
992129.0,545664,python,[JIT],0x00007f6ed9cf6312
992126.0,545689,python,[JIT],0x0000728788a650fe
992123.0,545700,python,[JIT],0x00007cacedebe00a
992123.0,545700,python,[JIT],0x00007cacee0ab130
992118.0,545700,python,[JIT],0x00007cacee0d25d0
992118.0,545646,python,[JIT],0x0000792aa4f67060
992118.0,545646,python,[JIT],0x0000792aa4fac538
992116.0,545646,python,[JIT],0x0000792aa4f6852d
992111.0,545700,python,[JIT],0x00007cacee0d20b3
992097.0,545700,python,python,_PyObject_GC_NewVar
992094.0,545714,python,[JIT],0x00007f986e01313f
992086.0,545646,python,[JIT],0x0000792aa4fae51a
992081.0,545664,python,[JIT],0x00007f6ed99e7236
992080.0,545714,python,[JIT],0x00007f986d2327b2
992075.0,545714,python,[JIT],0x00007f986e153149
992075.0,545646,python,[JIT],0x0000792aa4f68c45
992074.0,545664,python,[JIT],0x00007f6ed9cf7707
992073.0,545700,python,[JIT],0x00007cacee0d0170
992073.0,545714,python,[JIT],0x00007f986e01328d
992070.0,545700,python,[JIT],0x00007caceea2549b
992064.0,545664,python,[JIT],0x00007f6ed9cf79c5
992054.0,545664,python,[JIT],0x00007f6eda65829d
992047.0,545678,python,[JIT],0x00007b9f7de2b15f
992040.0,545653,python,[JIT],0x00007d8331d6830b
992040.0,545714,python,[JIT],0x00007f986d2314d5
992039.0,545653,python,[JIT],0x00007d8331d68764
992037.0,545653,python,[JIT],0x00007d8331d689de
992034.0,545700,python,[JIT],0x00007caceea255a8
992033.0,545646,python,[JIT],0x0000792aa4eed1bc
992030.0,545646,python,[JIT],0x0000792aa4fac0f4
992027.0,545714,python,[JIT],0x00007f986d33f678
992022.0,545714,python,[JIT],0x00007f986d33f6b6
992016.0,545714,python,[JIT],0x00007f986e153139
992016.0,545700,python,[JIT],0x00007cacee0d00fb
992010.0,545653,python,[JIT],0x00007d83321ad2ad
992009.0,545664,python,[JIT],0x00007f6eda2eb49f
992009.0,545646,python,[JIT],0x0000792aa4f68610
992007.0,545646,python,[JIT],0x0000792aa4fad2e2
992002.0,545664,python,[JIT],0x00007f6eda2eb17f
992000.0,545653,python,[JIT],0x00007d8331d68317
991998.0,545700,python,[JIT],0x00007cacee0d0127
991997.0,545700,python,[JIT],0x00007cacedda94ed
991992.0,545653,python,python,list_sort
991990.0,545700,python,[JIT],0x00007cacedebd1c4
991988.0,545646,python,[JIT],0x0000792aa4f68819
991985.0,545678,python,[JIT],0x00007b9f7de2a170
991984.0,545689,python,[JIT],0x0000728789414170
991979.0,545714,python,[JIT],0x00007f986d6310e5
991975.0,545646,python,[JIT],0x0000792aa54834bd
991974.0,545714,python,[JIT],0x00007f986e013279
991972.0,545653,python,[JIT],0x00007d8331c526c1
991972.0,545653,python,[JIT],0x00007d8331c594e1
991971.0,545700,python,[JIT],0x00007cacedebf11f
991969.0,545653,python,[JIT],0x00007d8331c56fae
991967.0,545714,python,libc.so.6,_int_free
991966.0,545714,python,[JIT],0x00007f986d22b286
991962.0,545714,python,[JIT],0x00007f986d78e17f
991962.0,545714,python,[JIT],0x00007f986cfccc72
991961.0,545714,python,[JIT],0x00007f986e0137a5
991959.0,545700,python,[JIT],0x00007cacee0ab13e
991959.0,545700,python,[JIT],0x00007cacee0d00dc
991958.0,545664,python,[JIT],0x00007f6ed9cf61ca
991958.0,545700,python,[JIT],0x00007cacedebf18d
991956.0,545714,python,[JIT],0x00007f986d22c188
991951.0,545714,python,[JIT],0x00007f986cfcc00a
991950.0,545714,python,[JIT],0x00007f986cfcc96e
991950.0,545646,python,[JIT],0x0000792aa4eed4ae
991949.0,545714,python,[JIT],0x00007f986d230406
991949.0,545689,python,[JIT],0x000072878941573a
991947.0,545714,python,[JIT],0x00007f986d631162
991943.0,545664,python,[JIT],0x00007f6eda65717f
991941.0,545714,python,[JIT],0x00007f986e01415f
991940.0,545664,python,[JIT],0x00007f6eda6572a2
991939.0,545689,python,[JIT],0x0000728789415760
991937.0,545664,python,[JIT],0x00007f6ed988606c
991936.0,545646,python,[JIT],0x0000792aa4eec522
991933.0,545646,python,[JIT],0x0000792aa4f68867
991932.0,545689,python,python,_PyObject_GC_Link
991927.0,545689,python,[JIT],0x0000728788badae0
991927.0,545700,python,[JIT],0x00007cacee0ac3cb
991926.0,545664,python,[JIT],0x00007f6eda2eb0ab
991925.0,545700,python,[JIT],0x00007caceea26189
991923.0,545678,python,[JIT],0x00007b9f7dfdb0ab
991920.0,545689,python,[JIT],0x0000728788bad149
991920.0,545646,python,[JIT],0x0000792aa4f68890
991916.0,545664,python,[JIT],0x00007f6eda658539
991913.0,545653,python,[JIT],0x00007d8331d68cd1
991912.0,545664,python,[JIT],0x00007f6ed98812ef
991909.0,545714,python,[JIT],0x00007f986d33e3c8
991908.0,545653,python,[JIT],0x00007d8331d664dd
991908.0,545689,python,[JIT],0x00007287887742b0
991907.0,545689,python,[JIT],0x0000728788bad4ab
991905.0,545664,python,[JIT],0x00007f6ed99eb114
991904.0,545700,python,[JIT],0x00007cacee0d079d
991901.0,545700,python,[JIT],0x00007cacedebf483
991900.0,545653,python,[JIT],0x00007d8331d67373
991892.0,545714,python,[JIT],0x00007f986d78d15f
991891.0,545653,python,[JIT],0x00007d8331c53512
991891.0,545664,python,[JIT],0x00007f6eda659133
991888.0,545664,python,[JIT],0x00007f6ed99e6592
991884.0,545700,python,[JIT],0x00007caceea25529
991884.0,545646,python,[JIT],0x0000792aa4fae5a8
991878.0,545700,python,[JIT],0x00007caceecd63b5
991878.0,545646,python,[JIT],0x0000792aa4eed3aa
991876.0,545653,python,[JIT],0x00007d8332a1418f
991874.0,545664,python,[JIT],0x00007f6eda658766
991870.0,545689,python,[JIT],0x000072878865f341
991869.0,545664,python,[JIT],0x00007f6ed99ea9ae
991868.0,545700,python,[JIT],0x00007cacedec005c
991865.0,545700,python,[JIT],0x00007caceddb000a
991864.0,545714,python,[JIT],0x00007f986e0134e7
991860.0,545714,python,[JIT],0x00007f986e1531e7
991857.0,545700,python,[JIT],0x00007caceecd60ea
991856.0,545653,python,[JIT],0x00007d8331d68335
991853.0,545653,python,[JIT],0x00007d8331d680dc
991851.0,545678,python,[JIT],0x00007b9f7d3d4996
991850.0,545700,python,[JIT],0x00007caceecd6109
991849.0,545664,python,[JIT],0x00007f6ed99e7194
991840.0,545714,python,[JIT],0x00007f986d2313de
991839.0,545700,python,[JIT],0x00007caceddab886
991819.0,545714,python,[JIT],0x00007f986d33f476
991817.0,545646,python,[JIT],0x0000792aa45583e0
991811.0,545646,python,[JIT],0x0000792aa4f688a1
991810.0,545646,python,[JIT],0x0000792aa4eec5d1
991805.0,545689,python,[JIT],0x00007287890eb2f2
991803.0,545678,python,[JIT],0x00007b9f7de2a3cc
991798.0,545700,python,[JIT],0x00007caceddab20a
991797.0,545664,python,[JIT],0x00007f6eda2eb437
991797.0,545646,python,[JIT],0x0000792aa46676ac
991795.0,545689,python,[JIT],0x00007287894142b1
991791.0,545689,python,python,list_sort
991778.0,545714,python,[JIT],0x00007f986e014003
991774.0,545653,python,[JIT],0x00007d8332a134ae
991762.0,545653,python,[JIT],0x00007d8331c52644
991762.0,545714,python,[JIT],0x00007f986d22a29a
991761.0,545689,python,[JIT],0x000072878877220d
991757.0,545678,python,[JIT],0x00007b9f7d0b00ad
991757.0,545714,python,[JIT],0x00007f986e01378f
991756.0,545646,python,[JIT],0x0000792aa4f680f1
991755.0,545664,python,[JIT],0x00007f6eda90924f
991754.0,545653,python,[JIT],0x00007d8332b7c318
991753.0,545689,python,[JIT],0x00007287894133ec
991752.0,545653,python,[JIT],0x00007d8331c56511
991748.0,545664,python,[JIT],0x00007f6ed99e64b2
991747.0,545646,python,[JIT],0x0000792aa4fad283
991746.0,545689,python,[JIT],0x0000728789415732
991741.0,545700,python,[JIT],0x00007cacedebd1fe
991739.0,545689,python,[kernel.kallsyms],perf_adjust_freq_unthr_context
991735.0,545646,python,[JIT],0x0000792aa4fae0a9
991725.0,545664,python,[JIT],0x00007f6ed99e729e
991713.0,545689,python,[JIT],0x00007287887723e4
991711.0,545664,python,[JIT],0x00007f6ed99e7060
991691.0,545689,python,[JIT],0x0000728788a6526a
991690.0,545664,python,[JIT],0x00007f6eda2eb00a
991680.0,545653,python,[JIT],0x00007d8331c555c0
991671.0,545653,python,[JIT],0x00007d83319f50ea
991663.0,545664,python,[JIT],0x00007f6eda658556
991661.0,545664,python,[JIT],0x00007f6ed9cf61cd
991660.0,545664,python,[JIT],0x00007f6ed99e70e4
991654.0,545653,python,[JIT],0x00007d8331d68c31
991652.0,545714,python,[JIT],0x00007f986d78d614
991648.0,545689,python,[JIT],0x000072878865d2dd
991647.0,545700,python,[JIT],0x00007cacee0aa1d5
991642.0,545714,python,[JIT],0x00007f986d78d1ae
991640.0,545653,python,[JIT],0x00007d8331d68c23
991639.0,545678,python,[JIT],0x00007b9f7d3ae273
991639.0,545664,python,[JIT],0x00007f6ed9cf730b
991637.0,545653,python,[JIT],0x00007d8331d681f8
991619.0,545714,python,[JIT],0x00007f986d33f694
991612.0,545714,python,[JIT],0x00007f986d33f62d
991608.0,545664,python,[JIT],0x00007f6eda909149
991605.0,545714,python,[JIT],0x00007f986e01366a
991605.0,545664,python,[JIT],0x00007f6ed9cf6320
991604.0,545664,python,[JIT],0x00007f6ed99e717c
991601.0,545714,python,[JIT],0x00007f986d22b1fa
991601.0,545714,python,[JIT],0x00007f986d631076
991597.0,545700,python,[JIT],0x00007cacee0d0d08
991596.0,545646,python,[JIT],0x0000792aa4558734
991594.0,545700,python,python,_PyEval_NoToolsForUnwind
991584.0,545664,python,[JIT],0x00007f6ed99e3000
991582.0,545653,python,[JIT],0x00007d8331c56795
991582.0,545714,python,[JIT],0x00007f986e013360
991580.0,545664,python,[JIT],0x00007f6ed99eb127
991579.0,545714,python,[JIT],0x00007f986d78c0ce
991572.0,545714,python,[JIT],0x00007f986d22f163
991571.0,545700,python,[JIT],0x00007caceddaa4ab
991568.0,545646,python,[JIT],0x0000792aa46674bc
991567.0,545678,python,[JIT],0x00007b9f7d3d4cbc
991563.0,545646,python,[JIT],0x0000792aa4fae41c
991561.0,545664,python,[JIT],0x00007f6ed99e86b4
991561.0,545714,python,[JIT],0x00007f986d22b003
991561.0,545689,python,[JIT],0x00007287894135dc
991560.0,545646,python,[JIT],0x0000792aa54834cf
991558.0,545700,python,[JIT],0x00007cacee0ac52d
991556.0,545653,python,[kernel.kallsyms],__irqentry_text_end
991548.0,545689,python,[JIT],0x000072878941531f
991547.0,545714,python,[JIT],0x00007f986e0132b0
991532.0,545714,python,[JIT],0x00007f986d78e127
991529.0,545714,python,[JIT],0x00007f986e1532eb
991529.0,545700,python,[JIT],0x00007cacedebf674
991528.0,545714,python,[JIT],0x00007f986d33f67c
991526.0,545653,python,[JIT],0x00007d8331d68a86
991525.0,545646,python,[JIT],0x0000792aa4fae121
991524.0,545714,python,[JIT],0x00007f986d2301a9
991517.0,545700,python,[JIT],0x00007caceea250f1
991512.0,545714,python,[JIT],0x00007f986d2304e1
991510.0,545653,python,[JIT],0x00007d8331c532b5
991500.0,545700,python,[JIT],0x00007cacee0ac37a
991493.0,545678,python,[JIT],0x00007b9f7de2915f
991487.0,545714,python,[JIT],0x00007f986d22b236
991482.0,545714,python,[JIT],0x00007f986e1534d2
991471.0,545653,python,[JIT],0x00007d83321ad741
991471.0,545646,python,[JIT],0x0000792aa548329c
991468.0,545653,python,[JIT],0x00007d8331d68b8a
991465.0,545664,python,[JIT],0x00007f6eda909189
991458.0,545653,python,[JIT],0x00007d8331c5b4c0
991457.0,545700,python,[JIT],0x00007cacee0d22df
991457.0,545653,python,[JIT],0x00007d8331c5a5b2
991455.0,545689,python,[JIT],0x000072878958a158
991451.0,545678,python,[JIT],0x00007b9f7d1c2139
991448.0,545714,python,[JIT],0x00007f986d78d23b
991444.0,545714,python,[JIT],0x00007f986d33f50f
991444.0,545689,python,[JIT],0x0000728788bad68e
991439.0,545646,python,[JIT],0x0000792aa4f422fa
991437.0,545700,python,[JIT],0x00007cacedebe0cd
991431.0,545689,python,[JIT],0x000072878877426b
991424.0,545714,python,[JIT],0x00007f986d33fdfe
991420.0,545700,python,[JIT],0x00007cacedebf3be
991415.0,545646,python,[JIT],0x0000792aa4eee010
991413.0,545653,python,[JIT],0x00007d8331d67321
991410.0,545664,python,[JIT],0x00007f6ed99eb10f
991402.0,545689,python,[JIT],0x0000728788badc8f
991401.0,545700,python,[JIT],0x00007cacee0d0361
991400.0,545700,python,[JIT],0x00007caceddae42a
991397.0,545689,python,[JIT],0x0000728788bada71
991394.0,545700,python,[JIT],0x00007cacee0ac233
991378.0,545700,python,[JIT],0x00007caceddb0beb
991364.0,545714,python,[JIT],0x00007f986e013237
991362.0,545653,python,[JIT],0x00007d8332b7c335
991359.0,545700,python,[JIT],0x00007cacedec0127
991357.0,545653,python,[JIT],0x00007d83321ad117
991345.0,545689,python,[JIT],0x00007287886634a6
991334.0,545700,python,python,gen_finalize
991331.0,545664,python,[JIT],0x00007f6eda2eb2df
991317.0,545664,python,[JIT],0x00007f6ed99e50cb
991299.0,545653,python,[JIT],0x00007d8331c5358e
991291.0,545653,python,[JIT],0x00007d8331c5a060
991284.0,545664,python,[JIT],0x00007f6ed99e5111
991281.0,545689,python,[JIT],0x0000728788662319
991279.0,545664,python,[JIT],0x00007f6ed99e61bf
991277.0,545714,python,[JIT],0x00007f986d78d2e5
991269.0,545664,python,[JIT],0x00007f6ed99e64b6
991268.0,545664,python,[JIT],0x00007f6ed9cf7d59
991254.0,545714,python,[JIT],0x00007f986d2310cd
991253.0,545664,python,python,PyObject_GetItem
991251.0,545653,python,[JIT],0x00007d8332b7c247
991248.0,545678,python,python,object_richcompare
991247.0,545700,python,[JIT],0x00007cacedebe406
991246.0,545664,python,[JIT],0x00007f6ed99ea0df
991238.0,545714,python,[JIT],0x00007f986d78c320
991236.0,545714,python,[JIT],0x00007f986d33d09e
991228.0,545714,python,[JIT],0x00007f986d23217f
991228.0,545714,python,[JIT],0x00007f986d631000
991224.0,545689,python,[JIT],0x0000728789413340
991222.0,545646,python,python,PyObject_ClearWeakRefs
991215.0,545646,python,[JIT],0x0000792aa52133f9
991203.0,545700,python,[JIT],0x00007cacedebe1c4
991201.0,545646,python,[JIT],0x0000792aa4eed31f
991192.0,545714,python,[JIT],0x00007f986e1531c8
991185.0,545689,python,[JIT],0x0000728788bad5d4
991179.0,545664,python,[JIT],0x00007f6ed9cf79a5
991179.0,545700,python,[JIT],0x00007cacee0d0e96
991167.0,545689,python,[JIT],0x0000728788badb3d
991166.0,545689,python,[JIT],0x0000728789416010
991159.0,545714,python,[JIT],0x00007f986d229452
991156.0,545700,python,[JIT],0x00007cacee0ac197
991153.0,545714,python,[JIT],0x00007f986e013456
991152.0,545700,python,[JIT],0x00007cacee0d0bdf
991140.0,545653,python,[JIT],0x00007d8331d68857
991139.0,545646,python,[JIT],0x0000792aa4557010
991134.0,545653,python,[JIT],0x00007d83321ad0b9
991126.0,545646,python,[JIT],0x0000792aa4f68c88
991112.0,545700,python,[JIT],0x00007caceea2541c
991111.0,545653,python,[JIT],0x00007d8331d68431
991104.0,545664,python,[JIT],0x00007f6ed99eb091
991086.0,545653,python,[kernel.kallsyms],update_curr
991084.0,545653,python,[JIT],0x00007d8331d671b9
991084.0,545689,python,libc.so.6,malloc
991080.0,545700,python,[JIT],0x00007cacee0aa348
991069.0,545664,python,[JIT],0x00007f6ed9883a92
991064.0,545714,python,[JIT],0x00007f986e01376a
991056.0,545714,python,[JIT],0x00007f986e15316e
991043.0,545714,python,[JIT],0x00007f986d78d37b
991042.0,545700,python,[JIT],0x00007cacedebe1bf
991037.0,545689,python,[JIT],0x0000728788bada52
991033.0,545664,python,python,free@plt
991031.0,545653,python,[JIT],0x00007d83321ad1de
991030.0,545678,python,[JIT],0x00007b9f7d3ae079
991030.0,545700,python,[JIT],0x00007caceea258c5
991025.0,545646,python,[JIT],0x0000792aa4f6725e
991024.0,545714,python,[JIT],0x00007f986d232721
991017.0,545653,python,[JIT],0x00007d833205a124
991016.0,545689,python,[JIT],0x000072878877325d
991003.0,545700,python,[JIT],0x00007cacee0aa11a
990978.0,545653,python,[JIT],0x00007d8331d68b67
990977.0,545653,python,python,_PyEval_EvalFrameDefault
990977.0,545700,python,[JIT],0x00007caceecd62a2
990975.0,545664,python,[JIT],0x00007f6ed9cf7103
990973.0,545689,python,[JIT],0x000072878958a1b2
990964.0,545646,python,[JIT],0x0000792aa4eed1c4
990960.0,545646,python,[JIT],0x0000792aa4fae2f3
990946.0,545689,python,[JIT],0x000072878958a4d2
990935.0,545646,python,[JIT],0x0000792aa4fac5c6
990931.0,545689,python,[JIT],0x00007287886621a3
990930.0,545664,python,[JIT],0x00007f6eda6586c2
990926.0,545689,python,[JIT],0x0000728788bad332
990921.0,545689,python,[JIT],0x000072878941322b
990918.0,545714,python,[JIT],0x00007f986e013060
990916.0,545689,python,[JIT],0x00007287887725cd
990912.0,545653,python,[JIT],0x00007d8331d68a27
990910.0,545714,python,[JIT],0x00007f986e013503
990907.0,545664,python,[JIT],0x00007f6eda65726f
990900.0,545664,python,python,PyObject_Free
990898.0,545653,python,[JIT],0x00007d8331d6897a
990877.0,545714,python,[JIT],0x00007f986e013646
990874.0,545653,python,[JIT],0x00007d8331c5809e
990868.0,545689,python,[JIT],0x000072878865f8d2
990864.0,545664,python,[JIT],0x00007f6ed9cf6229
990861.0,545700,python,[JIT],0x00007caceea2533c
990855.0,545646,python,[JIT],0x0000792aa4f4100a
990853.0,545714,python,[JIT],0x00007f986e01318d
990852.0,545678,python,[JIT],0x00007b9f7d3d4de8
990850.0,545653,python,[JIT],0x00007d83321ae11f
990850.0,545689,python,[JIT],0x000072878958a139
990849.0,545646,python,[JIT],0x0000792aa4fac2bf
990841.0,545689,python,[JIT],0x000072878865d4ed
990836.0,545646,python,[JIT],0x0000792aa4fae127
990835.0,545714,python,[JIT],0x00007f986d22f097
990825.0,545714,python,[JIT],0x00007f986d78c38d
990824.0,545646,python,[JIT],0x0000792aa455829b
990814.0,545689,python,[JIT],0x000072878941300a
990813.0,545714,python,python,_PyList_FromStackRefStealOnSuccess
990807.0,545689,python,[JIT],0x0000728788bad30f
990807.0,545700,python,[JIT],0x00007caceea258ca
990805.0,545689,python,[JIT],0x0000728789413345
990805.0,545646,python,[JIT],0x0000792aa4f42052
990802.0,545689,python,[JIT],0x0000728788bad678
990801.0,545689,python,[JIT],0x0000728789413488
990789.0,545700,python,[JIT],0x00007cacee0d2000
990786.0,545700,python,[JIT],0x00007cacee0ac3e5
990780.0,545689,python,[JIT],0x00007287890eb1d7
990771.0,545646,python,[JIT],0x0000792aa4fad0b3
990769.0,545689,python,[JIT],0x0000728788bac103
990764.0,545653,python,[JIT],0x00007d8331c5a1f1
990764.0,545646,python,[JIT],0x0000792aa4fad273
990763.0,545714,python,[JIT],0x00007f986e153183
990758.0,545646,python,[JIT],0x0000792aa4f68974
990750.0,545653,python,[JIT],0x00007d8331c5a3a7
990741.0,545689,python,python,tuple_alloc
990735.0,545689,python,libc.so.6,cfree@GLIBC_2.2.5
990730.0,545653,python,[JIT],0x00007d8331d661dc
990729.0,545689,python,[JIT],0x00007287894157a8
990724.0,545678,python,[JIT],0x00007b9f7d3d4b00
990722.0,545714,python,[JIT],0x00007f986d33f4c2
990710.0,545646,python,[JIT],0x0000792aa455747b
990708.0,545653,python,[JIT],0x00007d83319f51ed
990708.0,545689,python,[JIT],0x00007287886660a2
990707.0,545714,python,[JIT],0x00007f986cfcc533
990701.0,545714,python,[JIT],0x00007f986d78d0e6
990701.0,545700,python,[JIT],0x00007caceecd60d2
990696.0,545689,python,[JIT],0x0000728788774298
990688.0,545653,python,[JIT],0x00007d8331c5b599
990676.0,545714,python,[JIT],0x00007f986d2313e9
990674.0,545646,python,[JIT],0x0000792aa4eee491
990664.0,545689,python,[JIT],0x0000728788661621
990663.0,545653,python,[JIT],0x00007d8331d6829e
990663.0,545664,python,[JIT],0x00007f6eda6570f1
990657.0,545689,python,[JIT],0x0000728788bad052
990654.0,545689,python,[JIT],0x0000728788bad662
990654.0,545689,python,[JIT],0x0000728789414273
990652.0,545653,python,[JIT],0x00007d8331c55565
990651.0,545700,python,[JIT],0x00007cacee0d0aa3
990646.0,545700,python,[JIT],0x00007cacee0d249f
990644.0,545714,python,[JIT],0x00007f986d231010
990643.0,545664,python,[JIT],0x00007f6eda658409
990643.0,545689,python,[JIT],0x00007287890eb0dc
990633.0,545653,python,[JIT],0x00007d8331c5b542
990632.0,545689,python,[JIT],0x00007287890eb2b4
990631.0,545700,python,[JIT],0x00007cacee0d0052
990630.0,545714,python,[JIT],0x00007f986d22d103
990623.0,545678,python,[JIT],0x00007b9f7de1350d
990615.0,545653,python,[JIT],0x00007d8332a132b6
990615.0,545689,python,[JIT],0x0000728788bada6d
990605.0,545653,python,[JIT],0x00007d8331d68e0d
990604.0,545689,python,[JIT],0x0000728788bad5a7
990602.0,545700,python,[JIT],0x00007cacedebd406
990597.0,545653,python,[JIT],0x00007d8331d68893
990597.0,545714,python,[kernel.kallsyms],pipe_read
990591.0,545646,python,[JIT],0x0000792aa54832a6
990589.0,545653,python,[JIT],0x00007d8331d68255
990583.0,545664,python,[JIT],0x00007f6ed9cf7a6d
990569.0,545714,python,[JIT],0x00007f986d33fbfa
990568.0,545700,python,[JIT],0x00007cacee0aa189
990559.0,545700,python,[JIT],0x00007caceea25579
990558.0,545653,python,[JIT],0x00007d8331c5b529
990553.0,545678,python,[JIT],0x00007b9f7d1c34ae
990552.0,545646,python,[JIT],0x0000792aa4f411a8
990551.0,545700,python,[JIT],0x00007caceecd621f
990548.0,545689,python,[JIT],0x000072878877238a
990540.0,545714,python,python,_PyOptimizer_Optimize
990533.0,545664,python,[JIT],0x00007f6ed99e73d6
990532.0,545646,python,[JIT],0x0000792aa4558003
990530.0,545689,python,[JIT],0x0000728788badbe8
990528.0,545700,python,[JIT],0x00007caceea2531f
990515.0,545689,python,[JIT],0x0000728788771286
990508.0,545653,python,[JIT],0x00007d8331c5a3e9
990504.0,545664,python,[JIT],0x00007f6eda909267
990501.0,545700,python,[JIT],0x00007cacee0d025c
990491.0,545714,python,[JIT],0x00007f986e153232
990484.0,545664,python,[JIT],0x00007f6eda65912b
990473.0,545700,python,[JIT],0x00007cacedec00c8
990462.0,545700,python,[JIT],0x00007caceddaba66
990461.0,545664,python,[JIT],0x00007f6eda6590ad
990459.0,545714,python,[JIT],0x00007f986d230446
990454.0,545714,python,[JIT],0x00007f986d22f22d
990445.0,545646,python,[JIT],0x0000792aa4f67390
990444.0,545664,python,[JIT],0x00007f6eda90900a
990433.0,545664,python,[JIT],0x00007f6eda909158
990430.0,545653,python,[JIT],0x00007d8331d68010
990430.0,545714,python,[JIT],0x00007f986d6310bf
990427.0,545714,python,[JIT],0x00007f986d229452
990424.0,545700,python,[JIT],0x00007caceecd64cf
990423.0,545700,python,[JIT],0x00007cacee0d030f
990423.0,545714,python,[JIT],0x00007f986e0132d5
990418.0,545689,python,[JIT],0x0000728788bad00a
990416.0,545653,python,[JIT],0x00007d8332b7c189
990394.0,545700,python,[JIT],0x00007cacee0d0b0e
990390.0,545653,python,[JIT],0x00007d8331d68052
990390.0,545646,python,[JIT],0x0000792aa4eec2d0
990389.0,545700,python,[JIT],0x00007caceecd615f
990386.0,545700,python,[JIT],0x00007cacee0aa44c
990374.0,545678,python,[JIT],0x00007b9f7d3d4493
990369.0,545689,python,[JIT],0x00007287894140e6
990360.0,545714,python,[JIT],0x00007f986d22d211
990359.0,545700,python,[JIT],0x00007cacedebe1d5
990356.0,545689,python,[JIT],0x000072878866361a
990355.0,545689,python,[JIT],0x0000728788662254
990354.0,545653,python,[JIT],0x00007d8332a14123
990339.0,545653,python,[JIT],0x00007d8331d68e7d
990338.0,545653,python,[JIT],0x00007d833205a010
990333.0,545664,python,[JIT],0x00007f6eda2eb1c9
990323.0,545689,python,[JIT],0x00007287886642eb
990312.0,545714,python,[JIT],0x00007f986d2320c3
990305.0,545664,python,[JIT],0x00007f6ed9cf78c5
990299.0,545689,python,[JIT],0x00007287887744cc
990292.0,545664,python,python,object_dealloc
990290.0,545714,python,[JIT],0x00007f986d33e15b
990273.0,545653,python,[JIT],0x00007d8331c5685f
990261.0,545700,python,[JIT],0x00007cacedebd543
990257.0,545664,python,[JIT],0x00007f6eda658237
990249.0,545653,python,[JIT],0x00007d8331c5561a
990244.0,545689,python,[JIT],0x0000728788bad707
990241.0,545653,python,[JIT],0x00007d8331c55394
990224.0,545664,python,[JIT],0x00007f6ed99ea0f7
990194.0,545653,python,[JIT],0x00007d8331c5b2e7
990194.0,545689,python,[JIT],0x000072878941529d
990190.0,545700,python,[JIT],0x00007caceecd625e
990188.0,545646,python,[JIT],0x0000792aa4eed586
990186.0,545646,python,[JIT],0x0000792aa4556224
990180.0,545678,python,[JIT],0x00007b9f7d1c235c
990169.0,545664,python,python,gen_close
990162.0,545700,python,[JIT],0x00007cacee0ac3be
990161.0,545653,python,[JIT],0x00007d8331d660c4
990160.0,545653,python,[JIT],0x00007d8331c5514e
990139.0,545714,python,[JIT],0x00007f986d33f72e
990131.0,545678,python,python,find_empty_slot
990129.0,545653,python,[JIT],0x00007d83321ad38a
990114.0,545714,python,[JIT],0x00007f986e013688
990112.0,545689,python,[kernel.kallsyms],__cgroup_account_cputime_field
990094.0,545653,python,[JIT],0x00007d83321ac416
990086.0,545689,python,[JIT],0x000072878941338a
990085.0,545689,python,[JIT],0x00007287894151c5
990082.0,545664,python,[JIT],0x00007f6ed99e715b
990064.0,545689,python,[JIT],0x0000728789413248
990062.0,545700,python,[JIT],0x00007caceea2573e
990055.0,545714,python,[JIT],0x00007f986d78c3f7
990051.0,545664,python,[JIT],0x00007f6eda90929c
990043.0,545653,python,python,memcpy@plt
990039.0,545689,python,[JIT],0x00007287890eb21d
990028.0,545700,python,python,PyMem_Free
990018.0,545689,python,[JIT],0x0000728788a6523d
990015.0,545714,python,[JIT],0x00007f986d78d226
989942.0,545664,python,python,PyObject_RichCompare
989940.0,545700,python,[JIT],0x00007caceecd63b2
989937.0,545646,python,[JIT],0x0000792aa46662e3
989935.0,545664,python,[JIT],0x00007f6ed99ea2fc
989929.0,545689,python,[JIT],0x0000728788773139
989916.0,545653,python,[JIT],0x00007d8331c5b761
989914.0,545646,python,[JIT],0x0000792aa4f684f4
989907.0,545714,python,[JIT],0x00007f986e153163
989887.0,545646,python,[JIT],0x0000792aa4eed5b6
989860.0,545689,python,python,new_keys_object
989837.0,545689,python,[JIT],0x0000728788a652c6
989835.0,545664,python,[JIT],0x00007f6eda9094a9
989830.0,545714,python,[JIT],0x00007f986d231015
989823.0,545653,python,[JIT],0x00007d8331d672ca
989807.0,545714,python,[JIT],0x00007f986d2322cd
989807.0,545664,python,[JIT],0x00007f6ed99e81d2
989805.0,545646,python,[JIT],0x0000792aa4f6882b
989797.0,545664,python,[JIT],0x00007f6ed9cf795f
989796.0,545714,python,[JIT],0x00007f986cfcccfe
989796.0,545646,python,[JIT],0x0000792aa4f673c4
989795.0,545646,python,[JIT],0x0000792aa4f4232b
989793.0,545646,python,[JIT],0x0000792aa4667a88
989790.0,545646,python,[JIT],0x0000792aa4f68e42
989788.0,545689,python,[JIT],0x000072878941518d
989774.0,545653,python,[JIT],0x00007d8331c5a4bb
989774.0,545714,python,python,_PyLong_FromMedium
989766.0,545646,python,[JIT],0x0000792aa4fac20f
989764.0,545714,python,[JIT],0x00007f986d33f10c
989759.0,545646,python,[JIT],0x0000792aa4f68e1b
989758.0,545653,python,[JIT],0x00007d8331c5a129
989755.0,545664,python,[JIT],0x00007f6ed9cf75b9
989754.0,545689,python,[JIT],0x0000728788badbb5
989751.0,545653,python,[JIT],0x00007d833205a1c7
989750.0,545689,python,[JIT],0x000072878941350d
989749.0,545653,python,[JIT],0x00007d83321ad4d9
989749.0,545700,python,[JIT],0x00007cacedebf12f
989748.0,545714,python,[JIT],0x00007f986d232710
989739.0,545714,python,[JIT],0x00007f986d22d6b5
989736.0,545714,python,[JIT],0x00007f986d78e1c0
989730.0,545714,python,[JIT],0x00007f986d230572
989729.0,545700,python,[JIT],0x00007cacedebe102
989727.0,545653,python,[JIT],0x00007d8331c58085
989710.0,545689,python,[JIT],0x0000728788badceb
989705.0,545700,python,[JIT],0x00007caceea26133
989704.0,545689,python,[JIT],0x00007287886632bd
989698.0,545689,python,[JIT],0x000072878941553c
989698.0,545664,python,[JIT],0x00007f6ed9cf712f
989694.0,545700,python,[JIT],0x00007cacedebd1a3
989678.0,545700,python,[JIT],0x00007cacee0aa434
989673.0,545646,python,[JIT],0x0000792aa4557663
989643.0,545700,python,[JIT],0x00007caceea256ad
989638.0,545689,python,[JIT],0x0000728788badb86
989637.0,545714,python,[JIT],0x00007f986d78d345
989629.0,545678,python,[JIT],0x00007b9f7d3d44c2
989629.0,545653,python,[JIT],0x00007d8332a1361f
989613.0,545664,python,[JIT],0x00007f6ed99e3c39
989598.0,545714,python,[JIT],0x00007f986d78d3c0
989593.0,545664,python,[JIT],0x00007f6eda65717f
989590.0,545714,python,[JIT],0x00007f986e1531d5
989588.0,545653,python,[JIT],0x00007d83321ad563
989583.0,545700,python,[JIT],0x00007cacee0ac11b
989574.0,545714,python,[JIT],0x00007f986d33d05c
989557.0,545664,python,[JIT],0x00007f6eda909335
989553.0,545664,python,[JIT],0x00007f6eda657405
989538.0,545689,python,[JIT],0x00007287887723e9
989535.0,545653,python,[JIT],0x00007d8331c5a08b
989527.0,545664,python,[JIT],0x00007f6ed99e647e
989505.0,545664,python,[JIT],0x00007f6ed99e8617
989503.0,545664,python,[JIT],0x00007f6eda65871f
989500.0,545664,python,[JIT],0x00007f6ed99e7236
989495.0,545664,python,[JIT],0x00007f6ed99e9157
989495.0,545689,python,[JIT],0x0000728788bac14e
989483.0,545678,python,[JIT],0x00007b9f7d3d480b
989467.0,545678,python,[JIT],0x00007b9f7d3d4c07
989458.0,545653,python,[JIT],0x00007d8331c5b832
989453.0,545714,python,[JIT],0x00007f986e15316e
989450.0,545700,python,[JIT],0x00007cacedda900a
989438.0,545689,python,[JIT],0x0000728788bad807
989427.0,545700,python,[JIT],0x00007caceea251be
989425.0,545714,python,[JIT],0x00007f986d631114
989420.0,545700,python,[kernel.kallsyms],native_flush_tlb_one_user
989402.0,545700,python,libc.so.6,malloc
989401.0,545653,python,[JIT],0x00007d83321ae11b
989384.0,545664,python,[JIT],0x00007f6ed99ea2ea
989370.0,545714,python,[JIT],0x00007f986d22c199
989360.0,545714,python,[JIT],0x00007f986e013659
989358.0,545678,python,[JIT],0x00007b9f7d3af129
989346.0,545653,python,[JIT],0x00007d8331c5b48e
989329.0,545646,python,[JIT],0x0000792aa4fac741
989306.0,545653,python,[JIT],0x00007d8332b7e112
989302.0,545653,python,[JIT],0x00007d8331c5b40d
989297.0,545664,python,[JIT],0x00007f6eda9091c8
989285.0,545653,python,[JIT],0x00007d8331d66259
989284.0,545664,python,[JIT],0x00007f6eda65846f
989278.0,545646,python,[JIT],0x0000792aa4f689b7
989234.0,545664,python,[JIT],0x00007f6ed988642a
989223.0,545714,python,[JIT],0x00007f986e153158
989219.0,545646,python,[JIT],0x0000792aa4eed478
989214.0,545689,python,[JIT],0x0000728789413279
989199.0,545664,python,[JIT],0x00007f6eda659151
989192.0,545653,python,[JIT],0x00007d8331c5a4ae
989187.0,545646,python,[JIT],0x0000792aa4eec0e6
989180.0,545678,python,[JIT],0x00007b9f7d3d47cb
989155.0,545689,python,[JIT],0x0000728788bad8cb
989150.0,545646,python,[JIT],0x0000792aa4eec0b7
989148.0,545689,python,[JIT],0x0000728788badd87
989130.0,545714,python,[JIT],0x00007f986d33fcb5
989125.0,545678,python,[JIT],0x00007b9f7d3d4909
989118.0,545714,python,[JIT],0x00007f986d33fcc6
989110.0,545646,python,[JIT],0x0000792aa4f430c6
989108.0,545714,python,[JIT],0x00007f986d33fa56
989101.0,545714,python,[JIT],0x00007f986d22c1cd
989095.0,545714,python,[JIT],0x00007f986d33f745
989094.0,545689,python,[JIT],0x0000728789414166
989087.0,545653,python,[JIT],0x00007d8331d68015
989087.0,545646,python,[JIT],0x0000792aa4f68329
989085.0,545653,python,[JIT],0x00007d83321ac3ba
989085.0,545664,python,[JIT],0x00007f6ed99ea2bc
989083.0,545700,python,[JIT],0x00007cacedebf2d5
989077.0,545689,python,[JIT],0x0000728788bad31a
989072.0,545700,python,[JIT],0x00007cacee0aa27f
989062.0,545714,python,[JIT],0x00007f986d33e45e
989060.0,545700,python,[JIT],0x00007caceecd624b
989053.0,545664,python,[JIT],0x00007f6ed9cf7e5c
989040.0,545664,python,[JIT],0x00007f6eda6583b7
989038.0,545689,python,[JIT],0x0000728788bade06
989034.0,545714,python,[JIT],0x00007f986d33e316
989033.0,545700,python,[JIT],0x00007cacedec04c2
988995.0,545700,python,[JIT],0x00007caceea2515f
988988.0,545646,python,[JIT],0x0000792aa4fac72c
988980.0,545700,python,python,_PyTuple_FromStackRefStealOnSuccess
988977.0,545646,python,[JIT],0x0000792aa5483185
988963.0,545664,python,[JIT],0x00007f6ed9cf62e9
988946.0,545646,python,[JIT],0x0000792aa4eee868
988927.0,545714,python,[JIT],0x00007f986d22d6b0
988924.0,545714,python,[JIT],0x00007f986d78d392
988892.0,545714,python,[JIT],0x00007f986e1531dd
988885.0,545653,python,[JIT],0x00007d8331d68bc8
988884.0,545664,python,[JIT],0x00007f6eda6582b0
988858.0,545700,python,[JIT],0x00007cacee0d214d
988852.0,545700,python,[JIT],0x00007caceea252d5
988828.0,545700,python,[JIT],0x00007caceecd6151
988821.0,545653,python,[JIT],0x00007d8332a136bd
988818.0,545689,python,[JIT],0x0000728788771052
988814.0,545646,python,[JIT],0x0000792aa4f68857
988805.0,545646,python,[JIT],0x0000792aa4f672b4
988794.0,545714,python,[JIT],0x00007f986e15320d
988749.0,545714,python,[JIT],0x00007f986d33fbf7
988709.0,545714,python,[JIT],0x00007f986d2315f9
988708.0,545700,python,python,PyObject_Size
988707.0,545689,python,[JIT],0x000072878877150c
988705.0,545664,python,[JIT],0x00007f6ed9cf618f
988702.0,545689,python,[JIT],0x0000728789413718
988697.0,545653,python,[JIT],0x00007d8331d68e23
988691.0,545714,python,python,object_dealloc
988683.0,545689,python,[JIT],0x000072878958a4cf
988672.0,545689,python,[JIT],0x00007287890eb1e0
988667.0,545689,python,[JIT],0x0000728789413010
988666.0,545714,python,[JIT],0x00007f986d23281f
988630.0,545714,python,[JIT],0x00007f986d23060c
988619.0,545664,python,[JIT],0x00007f6ed9cf7ca7
988613.0,545714,python,[JIT],0x00007f986d22b0fa
988607.0,545653,python,[JIT],0x00007d833205a089
988597.0,545689,python,[JIT],0x000072878958a0a9
988585.0,545664,python,[JIT],0x00007f6ed99e9248
988540.0,545689,python,[JIT],0x00007287890eb423
988540.0,545700,python,[JIT],0x00007caceddb04c0
988502.0,545714,python,[JIT],0x00007f986d231599
988493.0,545714,python,[JIT],0x00007f986d33f857
988474.0,545664,python,[JIT],0x00007f6eda6583be
988463.0,545664,python,[JIT],0x00007f6ed99ea259
988450.0,545714,python,[JIT],0x00007f986cfcb28c
988447.0,545714,python,[JIT],0x00007f986d78c366
988435.0,545689,python,[JIT],0x0000728788664d38
988432.0,545678,python,[JIT],0x00007b9f7dfdb183
988427.0,545653,python,[JIT],0x00007d8331d68988
988397.0,545678,python,[JIT],0x00007b9f7dfdb163
988393.0,545714,python,[JIT],0x00007f986e013431
988391.0,545646,python,[JIT],0x0000792aa4eeb1ad
988388.0,545689,python,[JIT],0x0000728788773764
988386.0,545714,python,[JIT],0x00007f986d22b1e5
988383.0,545714,python,[JIT],0x00007f986d631167
988374.0,545646,python,[JIT],0x0000792aa4f681ba
988367.0,545689,python,[JIT],0x00007287887711e0
988366.0,545714,python,[JIT],0x00007f986cfccb26
988358.0,545646,python,[JIT],0x0000792aa4f681ce
988355.0,545714,python,[JIT],0x00007f986d33fa4a
988354.0,545653,python,[JIT],0x00007d8332a13383
988348.0,545689,python,[JIT],0x000072878865f6ae
988347.0,545653,python,[JIT],0x00007d8331c591cf
988338.0,545714,python,[JIT],0x00007f986d22f052
988338.0,545714,python,[JIT],0x00007f986d2327d4
988336.0,545714,python,[JIT],0x00007f986e15329c
988335.0,545700,python,[JIT],0x00007cacee0d01f4
988327.0,545653,python,[JIT],0x00007d8332a136e4
988324.0,545700,python,[JIT],0x00007cacee0d0592
988317.0,545664,python,[JIT],0x00007f6ed98853eb
988313.0,545653,python,[JIT],0x00007d8331c54217
988298.0,545664,python,[JIT],0x00007f6eda2eb103
988296.0,545664,python,[JIT],0x00007f6ed9cf62a5
988294.0,545700,python,[JIT],0x00007caceddb09ef
988290.0,545646,python,[JIT],0x0000792aa4f424f4
988287.0,545714,python,[JIT],0x00007f986d232015
988286.0,545689,python,[JIT],0x00007287894130b3
988285.0,545664,python,[JIT],0x00007f6ed9cf7166
988282.0,545700,python,[JIT],0x00007cacedebd003
988278.0,545689,python,[JIT],0x00007287890eb312
988259.0,545700,python,[JIT],0x00007cacee0d04f4
988245.0,545700,python,[JIT],0x00007caceecd61d9
988233.0,545646,python,[JIT],0x0000792aa4fae0ff
988231.0,545664,python,[JIT],0x00007f6eda9091cc
988227.0,545678,python,[JIT],0x00007b9f7de13511
988226.0,545664,python,[JIT],0x00007f6eda2eb0ee
988221.0,545689,python,[JIT],0x00007287887742ba
988216.0,545700,python,[JIT],0x00007cacee0aa232
988186.0,545653,python,[JIT],0x00007d8331c5600a
988164.0,545664,python,[JIT],0x00007f6eda658183
988161.0,545700,python,[JIT],0x00007caceecd64a9
988148.0,545653,python,[JIT],0x00007d83319f4725
988130.0,545700,python,[JIT],0x00007caceecd6282
988122.0,545689,python,[JIT],0x0000728788664188
988093.0,545664,python,[JIT],0x00007f6ed9cf72a8
988091.0,545700,python,[JIT],0x00007caceea25657
988089.0,545664,python,[JIT],0x00007f6ed9cf7c4b
988088.0,545678,python,[JIT],0x00007b9f7d1c00cd
988084.0,545664,python,[JIT],0x00007f6eda9092da
988064.0,545664,python,[JIT],0x00007f6eda9090cb
988053.0,545653,python,[JIT],0x00007d83321ad1ae
988052.0,545678,python,[JIT],0x00007b9f7dfdb1f2
988042.0,545664,python,[JIT],0x00007f6eda658368
988039.0,545646,python,[JIT],0x0000792aa4eed2d0
988036.0,545689,python,[JIT],0x0000728789413185
988034.0,545714,python,[JIT],0x00007f986d78e26f
988033.0,545653,python,python,PyErr_GetRaisedException
988014.0,545653,python,[JIT],0x00007d8332b7c22d
988011.0,545646,python,[JIT],0x0000792aa4eed375
988010.0,545700,python,[JIT],0x00007cacee0d23c7
988009.0,545678,python,[JIT],0x00007b9f7dfdb109
987992.0,545646,python,[JIT],0x0000792aa4f424a2
987984.0,545714,python,[JIT],0x00007f986d78d269
987977.0,545646,python,[JIT],0x0000792aa4f688d9
987967.0,545700,python,[JIT],0x00007cacedebe23b
987922.0,545678,python,[JIT],0x00007b9f7d3d452d
987919.0,545653,python,[JIT],0x00007d8332a1335c
987917.0,545700,python,python,PyLong_FromSsize_t
987913.0,545664,python,[JIT],0x00007f6ed99e9161
987898.0,545714,python,[JIT],0x00007f986d631103
987892.0,545714,python,[JIT],0x00007f986cfcb529
987864.0,545646,python,[JIT],0x0000792aa4f423f0
987861.0,545653,python,[JIT],0x00007d8332a1339e
987854.0,545689,python,[JIT],0x00007287887715d1
987834.0,545664,python,[JIT],0x00007f6ed9cf7a4a
987827.0,545700,python,[JIT],0x00007caceddab81f
987825.0,545646,python,[JIT],0x0000792aa4558940
987818.0,545714,python,[JIT],0x00007f986d33fa27
987818.0,545646,python,[JIT],0x0000792aa46660bb
987812.0,545664,python,[JIT],0x00007f6eda909345
987809.0,545646,python,[JIT],0x0000792aa4fae2bb
987799.0,545700,python,[JIT],0x00007cacee0d2259
987787.0,545653,python,[JIT],0x00007d83321ad479
987783.0,545714,python,[JIT],0x00007f986e0134f3
987775.0,545689,python,[JIT],0x000072878941559e
987770.0,545653,python,[JIT],0x00007d8331c52708
987766.0,545714,python,[JIT],0x00007f986d33fa1f
987764.0,545714,python,[JIT],0x00007f986d33fd1f
987759.0,545714,python,[JIT],0x00007f986d78d0a7
987756.0,545689,python,[JIT],0x00007287894163f9
987754.0,545646,python,[JIT],0x0000792aa54831ee
987748.0,545714,python,[JIT],0x00007f986d33e481
987728.0,545689,python,[JIT],0x00007287894160a9
987723.0,545689,python,[JIT],0x0000728788771510
987719.0,545714,python,[JIT],0x00007f986d78d42c
987718.0,545714,python,[JIT],0x00007f986e15327f
987715.0,545653,python,[JIT],0x00007d8332a136fb
987714.0,545714,python,[JIT],0x00007f986d33f67c
987710.0,545714,python,[JIT],0x00007f986d33f674
987710.0,545714,python,[JIT],0x00007f986d232269
987705.0,545689,python,python,_PyJIT_Entry
987696.0,545689,python,[JIT],0x00007287887740d2
987694.0,545700,python,[JIT],0x00007caceecd6360
987693.0,545646,python,[JIT],0x0000792aa4fad405
987680.0,545714,python,[JIT],0x00007f986e01379c
987672.0,545714,python,[JIT],0x00007f986d22d884
987661.0,545664,python,[JIT],0x00007f6eda6587b8
987656.0,545689,python,[JIT],0x000072878941424a
987643.0,545714,python,[JIT],0x00007f986d2322d5
987638.0,545700,python,[JIT],0x00007caceecd637c
987630.0,545689,python,[JIT],0x0000728789413452
987621.0,545689,python,[JIT],0x0000728788bad06a
987608.0,545714,python,[JIT],0x00007f986d33e4c9
987578.0,545664,python,[JIT],0x00007f6ed9cf72f9
987557.0,545653,python,[JIT],0x00007d8331c5a470
987551.0,545700,python,[JIT],0x00007cacee0aa2f4
987528.0,545653,python,[JIT],0x00007d83321ad3b2
987524.0,545653,python,[JIT],0x00007d8331c59543
987491.0,545689,python,[JIT],0x0000728788772366
987480.0,545664,python,[JIT],0x00007f6ed99e6081
987469.0,545653,python,[JIT],0x00007d8331c5958c
987462.0,545664,python,[JIT],0x00007f6eda2eb2e5
987461.0,545678,python,libc.so.6,malloc
987447.0,545714,python,[JIT],0x00007f986d23121b
987437.0,545689,python,[JIT],0x0000728788badbcc
987424.0,545646,python,[JIT],0x0000792aa4f68764
987403.0,545700,python,[JIT],0x00007cacee0d087f
987355.0,545664,python,[JIT],0x00007f6eda2eb279
987350.0,545678,python,[JIT],0x00007b9f7d3ad6b4
987349.0,545646,python,[JIT],0x0000792aa4fac4ab
987345.0,545653,python,[JIT],0x00007d8331c5a35c
987345.0,545700,python,[JIT],0x00007cacee0d0d0f
987322.0,545664,python,[JIT],0x00007f6eda6580dc
987307.0,545664,python,[JIT],0x00007f6eda6586ba
987276.0,545700,python,[JIT],0x00007caceddad28c
987247.0,545689,python,[JIT],0x00007287894152e7
987198.0,545700,python,[JIT],0x00007caceecd62ed
987195.0,545653,python,[JIT],0x00007d8331d68326
987191.0,545646,python,[JIT],0x0000792aa4fac012
987187.0,545714,python,[JIT],0x00007f986d23034a
987186.0,545714,python,python,PyObject_GetItem
987183.0,545689,python,[JIT],0x0000728789415237
987147.0,545714,python,[JIT],0x00007f986d78c2b4
987145.0,545646,python,[JIT],0x0000792aa4f410ab
987144.0,545653,python,[JIT],0x00007d8331d679a9
987114.0,545689,python,[JIT],0x00007287887741c5
987110.0,545646,python,[JIT],0x0000792aa4eee30f
987099.0,545664,python,python,PyFunction_New
987086.0,545689,python,[JIT],0x00007287887731cd
987066.0,545653,python,[JIT],0x00007d8331c56875
986986.0,545664,python,[JIT],0x00007f6ed99e61c4
986971.0,545646,python,[JIT],0x0000792aa4fae15f
986936.0,545689,python,[JIT],0x000072878958a0ab
986903.0,545653,python,[JIT],0x00007d8332a13674
986901.0,545653,python,[JIT],0x00007d8331c5a20d
986888.0,545689,python,[JIT],0x0000728788bad313
986845.0,545646,python,[JIT],0x0000792aa4eed543
986801.0,545700,python,[JIT],0x00007cacee0aa475
986790.0,545646,python,[JIT],0x0000792aa4fad41d
986742.0,545664,python,[JIT],0x00007f6eda658595
986736.0,545689,python,[kernel.kallsyms],read_tsc
986720.0,545664,python,[JIT],0x00007f6eda658269
986695.0,545714,python,[JIT],0x00007f986e01330f
986678.0,545664,python,[JIT],0x00007f6ed99e39e3
986668.0,545653,python,[JIT],0x00007d8331d68674
986648.0,545689,python,[JIT],0x000072878865d00a
986611.0,545689,python,[JIT],0x0000728788badd91
986589.0,545646,python,[JIT],0x0000792aa4fac199
986562.0,545714,python,[JIT],0x00007f986d230548
986516.0,545714,python,[JIT],0x00007f986d22c06c
986511.0,545664,python,[JIT],0x00007f6eda909298
986491.0,545653,python,[JIT],0x00007d8331c5b38b
986484.0,545664,python,[JIT],0x00007f6eda909133
986468.0,545646,python,[JIT],0x0000792aa4eec2b6
986444.0,545653,python,[JIT],0x00007d8331d688c5
986407.0,545700,python,[JIT],0x00007cacedebd398
986398.0,545653,python,[JIT],0x00007d8331c5a3e9
986377.0,545700,python,[JIT],0x00007cacee0ab0df
986346.0,545689,python,[JIT],0x0000728788badaa3
986323.0,545646,python,[JIT],0x0000792aa4eec269
986317.0,545714,python,[JIT],0x00007f986d631155
986268.0,545646,python,[JIT],0x0000792aa4fac460
986257.0,545653,python,[JIT],0x00007d8332a13650
986225.0,545689,python,[JIT],0x0000728788bad526
986197.0,545714,python,[JIT],0x00007f986d78d4ae
986181.0,545689,python,[JIT],0x00007287894155ab
986117.0,545664,python,[JIT],0x00007f6eda9094c5
986117.0,545700,python,[JIT],0x00007cacee0aa2fa
986111.0,545700,python,[JIT],0x00007cacee0d0b86
986111.0,545700,python,[JIT],0x00007cacee0d0bfa
986104.0,545653,python,[JIT],0x00007d8332b7c342
986087.0,545714,python,[JIT],0x00007f986d78d04c
986032.0,545646,python,[JIT],0x0000792aa4f6894b
986030.0,545689,python,[JIT],0x000072878865d068
985993.0,545689,python,[JIT],0x00007287890eb0b9
985977.0,545700,python,[JIT],0x00007cacee0d0add
985972.0,545653,python,[JIT],0x00007d8332a13453
985964.0,545653,python,[JIT],0x00007d8331c5a3ae
985963.0,545664,python,[JIT],0x00007f6ed98811ae
985946.0,545714,python,[JIT],0x00007f986d33d1c5
985938.0,545646,python,[JIT],0x0000792aa4f429a9
985913.0,545646,python,[JIT],0x0000792aa4f6831d
985898.0,545653,python,[JIT],0x00007d83321ad555
985875.0,545646,python,[JIT],0x0000792aa4eed068
985871.0,545653,python,[JIT],0x00007d8331c594b2
985855.0,545689,python,[JIT],0x000072878941523f
985845.0,545646,python,[JIT],0x0000792aa4558076
985821.0,545700,python,[JIT],0x00007cacedebf300
985809.0,545714,python,[JIT],0x00007f986d33f5f0
985775.0,545714,python,[JIT],0x00007f986d232121
985772.0,545700,python,python,memset@plt
985764.0,545653,python,[JIT],0x00007d8332a133ec
985764.0,545700,python,[JIT],0x00007cacedebd543
985744.0,545664,python,[JIT],0x00007f6ed9cf7807
985736.0,545689,python,[JIT],0x00007287894161c8
985733.0,545700,python,[JIT],0x00007cacee0d22a1
985732.0,545700,python,[JIT],0x00007cacedebd537
985711.0,545714,python,[JIT],0x00007f986d33faf2
985701.0,545664,python,[JIT],0x00007f6ed98836db
985700.0,545689,python,[JIT],0x0000728789416189
985691.0,545700,python,[JIT],0x00007cacee0d246b
985684.0,545689,python,[JIT],0x000072878958a36a
985673.0,545678,python,[JIT],0x00007b9f7d3d4b86
985646.0,545646,python,[JIT],0x0000792aa45571c5
985642.0,545646,python,[JIT],0x0000792aa4f68149
985640.0,545653,python,[JIT],0x00007d8331c5a32d
985637.0,545714,python,[JIT],0x00007f986d33d0f4
985632.0,545700,python,[JIT],0x00007caceddb0db9
985585.0,545714,python,[JIT],0x00007f986d33facb
985577.0,545653,python,[JIT],0x00007d833205a0b1
985573.0,545689,python,[JIT],0x0000728789415c5f
985554.0,545689,python,[JIT],0x000072878865fce2
985554.0,545664,python,python,_PyList_FromStackRefStealOnSuccess
985545.0,545664,python,[JIT],0x00007f6ed99e7197
985524.0,545700,python,[JIT],0x00007cacee0d0330
985516.0,545714,python,[JIT],0x00007f986d78e15f
985478.0,545700,python,[JIT],0x00007caceea260ea
985465.0,545653,python,[JIT],0x00007d833205a087
985454.0,545664,python,[JIT],0x00007f6ed99e75cd
985453.0,545646,python,[JIT],0x0000792aa4f43103
985386.0,545700,python,[JIT],0x00007cacee0d0195
985373.0,545653,python,[kernel.kallsyms],native_set_pte
985371.0,545653,python,[JIT],0x00007d83321ac1f5
985364.0,545689,python,[JIT],0x00007287887737af
985362.0,545653,python,[JIT],0x00007d8331c5817a
985351.0,545700,python,[JIT],0x00007cacee0d24d9
985345.0,545664,python,[JIT],0x00007f6eda6585ab
985344.0,545700,python,[JIT],0x00007caceecd6166
985344.0,545678,python,[JIT],0x00007b9f7d3ad69b
985324.0,545700,python,[JIT],0x00007cacee0d0819
985321.0,545664,python,[JIT],0x00007f6eda65838f
985311.0,545664,python,[JIT],0x00007f6eda6583cc
985297.0,545689,python,[JIT],0x00007287887733e3
985288.0,545714,python,python,PyMem_Malloc
985285.0,545700,python,[JIT],0x00007caceecd807d
985266.0,545664,python,[JIT],0x00007f6ed9cf7d59
985264.0,545653,python,[JIT],0x00007d8331d683be
985258.0,545646,python,[JIT],0x0000792aa46650d4
985241.0,545678,python,python,PyNumber_AsSsize_t
985235.0,545646,python,[JIT],0x0000792aa4666214
985229.0,545653,python,[JIT],0x00007d8331d674ac
985228.0,545653,python,[JIT],0x00007d8332a13139
985202.0,545646,python,[JIT],0x0000792aa4f420ca
985193.0,545653,python,[JIT],0x00007d8332b7c381
985189.0,545689,python,[JIT],0x0000728788771531
985139.0,545689,python,[JIT],0x00007287894150c7
985129.0,545689,python,[JIT],0x0000728788bac097
985115.0,545653,python,[JIT],0x00007d8331d684cb
985111.0,545653,python,[JIT],0x00007d8332a13612
985094.0,545714,python,[JIT],0x00007f986d23135c
985077.0,545689,python,[JIT],0x00007287886648a6
985068.0,545646,python,[JIT],0x0000792aa4f68db0
985066.0,545664,python,[JIT],0x00007f6ed99ea421
985021.0,545700,python,python,malloc@plt
984986.0,545646,python,[JIT],0x0000792aa4fae1a0
984978.0,545664,python,[JIT],0x00007f6ed9cf726d
984957.0,545700,python,[JIT],0x00007cacee0d09ed
984875.0,545653,python,[JIT],0x00007d8332b7c1f2
984849.0,545689,python,[JIT],0x0000728788664a8c
984813.0,545646,python,[JIT],0x0000792aa4fac4ae
984803.0,545653,python,[JIT],0x00007d8331d68313
984798.0,545664,python,[JIT],0x00007f6eda9091fe
984795.0,545714,python,[JIT],0x00007f986d33f139
984764.0,545653,python,[JIT],0x00007d8331d68657
984737.0,545689,python,[JIT],0x0000728788bac133
984690.0,545714,python,[JIT],0x00007f986e15315b
984690.0,545664,python,[JIT],0x00007f6ed988377f
984674.0,545664,python,[JIT],0x00007f6ed99e7167
984666.0,545689,python,[JIT],0x000072878941571f
984660.0,545646,python,[JIT],0x0000792aa455a1bc
984649.0,545714,python,[kernel.kallsyms],timekeeping_advance
984646.0,545689,python,[kernel.kallsyms],rcu_sched_clock_irq
984636.0,545714,python,[JIT],0x00007f986d78d158
984635.0,545700,python,[JIT],0x00007cacedebe1a3
984613.0,545664,python,[JIT],0x00007f6eda9094bd
984608.0,545689,python,[JIT],0x00007287894132d5
984589.0,545689,python,[JIT],0x0000728789415409
984585.0,545689,python,[JIT],0x000072878941352c
984579.0,545714,python,[JIT],0x00007f986d22d9d6
984578.0,545646,python,[JIT],0x0000792aa4eed3c7
984577.0,545664,python,[JIT],0x00007f6eda909151
984550.0,545653,python,[JIT],0x00007d8331d68332
984549.0,545714,python,[JIT],0x00007f986d22c3ef
984532.0,545653,python,[JIT],0x00007d8331d673a1
984512.0,545646,python,[JIT],0x0000792aa46665ad
984511.0,545714,python,[JIT],0x00007f986d230081
984510.0,545689,python,[JIT],0x0000728788bad4fb
984494.0,545714,python,[JIT],0x00007f986cfcc783
984490.0,545700,python,[JIT],0x00007cacee0d0dd0
984474.0,545700,python,[JIT],0x00007caceddb0dee
984470.0,545689,python,[JIT],0x0000728788666111
984469.0,545653,python,[JIT],0x00007d83319f5ac3
984468.0,545689,python,[JIT],0x0000728788bad893
984457.0,545700,python,python,PyObject_ClearWeakRefs
984444.0,545689,python,[JIT],0x000072878941306a
984443.0,545689,python,[JIT],0x000072878958a155
984443.0,545664,python,python,PyObject_GC_UnTrack
984434.0,545714,python,[JIT],0x00007f986e014127
984432.0,545714,python,[JIT],0x00007f986d2326a4
984428.0,545653,python,python,PyObject_GC_UnTrack
984399.0,545700,python,[JIT],0x00007caceea242c7
984397.0,545646,python,[JIT],0x0000792aa4667aa6
984392.0,545714,python,[JIT],0x00007f986d232772
984383.0,545664,python,[JIT],0x00007f6eda90915b
984367.0,545700,python,[JIT],0x00007cacedebe47e
984367.0,545700,python,[JIT],0x00007cacee0d0d2c
984337.0,545678,python,[JIT],0x00007b9f7de2b12b
984304.0,545653,python,[JIT],0x00007d8331c5b2d5
984287.0,545664,python,[JIT],0x00007f6eda658368
984277.0,545700,python,[JIT],0x00007caceea260ea
984261.0,545714,python,[JIT],0x00007f986e013619
984218.0,545664,python,[JIT],0x00007f6ed9cf7ac3
984163.0,545653,python,[JIT],0x00007d83321ad259
984118.0,545714,python,[JIT],0x00007f986d78d56e
984083.0,545646,python,[JIT],0x0000792aa46672bd
984080.0,545664,python,[JIT],0x00007f6ed9cf79ce
984058.0,545700,python,[JIT],0x00007cacedebf772
984053.0,545700,python,[JIT],0x00007cacee0d24a4
984036.0,545714,python,[JIT],0x00007f986d33fe10
983976.0,545689,python,[JIT],0x000072878958a267
983954.0,545689,python,[JIT],0x000072878958a3c5
983953.0,545664,python,[JIT],0x00007f6ed99e74b2
983938.0,545689,python,[JIT],0x000072878877365b
983926.0,545700,python,[JIT],0x00007caceea25121
983924.0,545678,python,[JIT],0x00007b9f7dfdb2f7
983922.0,545700,python,[JIT],0x00007cacee0d0657
983922.0,545646,python,[JIT],0x0000792aa4667478
983849.0,545653,python,[JIT],0x00007d8331d66079
983836.0,545700,python,[JIT],0x00007cacee0ac2b4
983806.0,545646,python,[JIT],0x0000792aa4eed17c
983786.0,545664,python,[JIT],0x00007f6eda6571b2
983758.0,545646,python,[JIT],0x0000792aa4f68d6e
983757.0,545714,python,[JIT],0x00007f986d33fb9c
983730.0,545714,python,[JIT],0x00007f986e1533c5
983674.0,545664,python,[JIT],0x00007f6ed9cf7454
983646.0,545700,python,[JIT],0x00007cacee0d23c4
983645.0,545689,python,[JIT],0x000072878866412b
983618.0,545689,python,[JIT],0x0000728788a650f7
983606.0,545664,python,[JIT],0x00007f6eda2eb290
983567.0,545664,python,[JIT],0x00007f6ed98814be
983551.0,545678,python,[JIT],0x00007b9f7daeb197
983488.0,545700,python,[JIT],0x00007cacee0ab09b
983466.0,545664,python,[JIT],0x00007f6eda658110
983397.0,545653,python,[JIT],0x00007d8331d6811f
983381.0,545678,python,[JIT],0x00007b9f7d3d317a
983369.0,545653,python,[JIT],0x00007d8331d685b9
983320.0,545700,python,[JIT],0x00007cacee0d09ce
983308.0,545646,python,[JIT],0x0000792aa4fac51b
983261.0,545653,python,[JIT],0x00007d8331d68cc9
983259.0,545653,python,python,_Py_BuildMap_StackRefSteal
983239.0,545664,python,[JIT],0x00007f6eda6573fe
983224.0,545689,python,python,PyObject_Malloc
983193.0,545700,python,[JIT],0x00007cacee0d0c79
983175.0,545646,python,[JIT],0x0000792aa4fac114
983173.0,545689,python,[JIT],0x0000728788badabc
983166.0,545653,python,[JIT],0x00007d83319f52bb
983143.0,545714,python,[JIT],0x00007f986d2304ae
983136.0,545646,python,[JIT],0x0000792aa4f673b6
983135.0,545700,python,[JIT],0x00007caceddabd26
983128.0,545653,python,[JIT],0x00007d8332a136ba
983120.0,545664,python,[JIT],0x00007f6eda659060
983117.0,545664,python,[JIT],0x00007f6eda90926d
983096.0,545714,python,[JIT],0x00007f986d78e121
983096.0,545646,python,[JIT],0x0000792aa4fad201
983057.0,545646,python,[JIT],0x0000792aa4f42406
983055.0,545653,python,[JIT],0x00007d8331c5b183
983032.0,545646,python,[JIT],0x0000792aa4f68e02
983031.0,545653,python,[JIT],0x00007d8331d6872e
983024.0,545700,python,[JIT],0x00007cacee0d0847
983017.0,545714,python,[JIT],0x00007f986e01317f
983002.0,545714,python,[JIT],0x00007f986d78d56b
982998.0,545653,python,[JIT],0x00007d8331c5a392
982986.0,545653,python,[JIT],0x00007d8331c5b772
982981.0,545714,python,[JIT],0x00007f986cfcb508
982979.0,545653,python,[JIT],0x00007d8331d689ac
982970.0,545714,python,[JIT],0x00007f986d78d50d
982957.0,545714,python,[JIT],0x00007f986d78e060
982954.0,545700,python,python,malloc@plt
982952.0,545646,python,[JIT],0x0000792aa4eec543
982941.0,545714,python,[JIT],0x00007f986e0136c2
982940.0,545714,python,[JIT],0x00007f986e013220
982934.0,545689,python,[JIT],0x00007287886648f8
982900.0,545664,python,[JIT],0x00007f6ed99e87d8
982878.0,545664,python,[JIT],0x00007f6ed9cf715f
982863.0,545714,python,[JIT],0x00007f986d33f183
982837.0,545700,python,[JIT],0x00007cacedebe1f1
982820.0,545664,python,[JIT],0x00007f6eda6583e7
982814.0,545653,python,[JIT],0x00007d8332a137b8
982805.0,545700,python,python,_PyThreadState_PopFrame
982804.0,545664,python,[JIT],0x00007f6eda90937c
982799.0,545646,python,[JIT],0x0000792aa4f68665
982797.0,545653,python,[JIT],0x00007d833205a133
982789.0,545689,python,[JIT],0x000072878877351a
982779.0,545646,python,[kernel.kallsyms],error_entry
982760.0,545664,python,[JIT],0x00007f6eda90915b
982748.0,545664,python,[JIT],0x00007f6ed99e72b2
982735.0,545646,python,[JIT],0x0000792aa4fac3c4
982714.0,545653,python,[JIT],0x00007d8331c56e63
982711.0,545646,python,[JIT],0x0000792aa4f686e3
982691.0,545646,python,[JIT],0x0000792aa455877f
982681.0,545714,python,[JIT],0x00007f986d33f8cb
982671.0,545714,python,[JIT],0x00007f986cfcb655
982663.0,545646,python,[JIT],0x0000792aa4fad2e4
982651.0,545714,python,[JIT],0x00007f986d78c3cb
982650.0,545646,python,[JIT],0x0000792aa4f4225c
982645.0,545700,python,[JIT],0x00007cacee0d22ef
982644.0,545664,python,[JIT],0x00007f6eda90919d
982636.0,545646,python,[JIT],0x0000792aa4fac479
982604.0,545700,python,[JIT],0x00007caceea257a5
982601.0,545664,python,[kernel.kallsyms],calc_global_load
982589.0,545664,python,[kernel.kallsyms],__raw_spin_lock_irqsave
982589.0,545714,python,[JIT],0x00007f986d33f86b
982582.0,545689,python,[JIT],0x0000728789413538
982579.0,545714,python,[JIT],0x00007f986d78c2e9
982569.0,545653,python,[JIT],0x00007d83321ad222
982567.0,545664,python,[JIT],0x00007f6ed9cf7c73
982553.0,545689,python,[JIT],0x0000728788a6500a
982549.0,545664,python,[kernel.kallsyms],sync_regs
982540.0,545700,python,[JIT],0x00007caceecd6282
982535.0,545653,python,[JIT],0x00007d8331d68906
982532.0,545664,python,[JIT],0x00007f6eda65859e
982526.0,545664,python,[JIT],0x00007f6eda6570b3
982525.0,545689,python,[JIT],0x0000728788bad847
982513.0,545700,python,[JIT],0x00007caceddb0fe8
982500.0,545714,python,[JIT],0x00007f986e0140fb
982481.0,545646,python,[JIT],0x0000792aa4f68cf9
982471.0,545664,python,[JIT],0x00007f6ed99e9192
982464.0,545664,python,[JIT],0x00007f6eda659139
982464.0,545700,python,[JIT],0x00007cacee0d0a27
982434.0,545653,python,[JIT],0x00007d83321ac154
982384.0,545700,python,[JIT],0x00007caceea254d0
982376.0,545664,python,[JIT],0x00007f6ed9885176
982368.0,545700,python,[JIT],0x00007cacedda96c3
982367.0,545653,python,[JIT],0x00007d8331c5b6b4
982339.0,545700,python,[JIT],0x00007caceecd60f8
982335.0,545664,python,[JIT],0x00007f6ed99e716e
982307.0,545664,python,[JIT],0x00007f6ed9cf7b7b
982301.0,545678,python,[JIT],0x00007b9f7de2a3ec
982301.0,545646,python,[JIT],0x0000792aa4eed4aa
982297.0,545653,python,[JIT],0x00007d8331c5b77c
982294.0,545678,python,[JIT],0x00007b9f7d3d4bfa
982290.0,545714,python,[JIT],0x00007f986d78c2d0
982265.0,545664,python,[JIT],0x00007f6ed99e75b6
982261.0,545689,python,[JIT],0x0000728788bad7b6
982237.0,545700,python,[JIT],0x00007caceea24191
982237.0,545646,python,[JIT],0x0000792aa4eed1e2
982218.0,545700,python,[JIT],0x00007caceddb10b2
982209.0,545700,python,[JIT],0x00007cacee0d0484
982208.0,545653,python,[JIT],0x00007d83321ad0c3
982203.0,545689,python,[JIT],0x000072878958a0fb
982200.0,545700,python,[JIT],0x00007caceea25414
982198.0,545689,python,[JIT],0x000072878865f850
982191.0,545646,python,[JIT],0x0000792aa4f68a8e
982165.0,545700,python,[JIT],0x00007caceea26064
982154.0,545700,python,[JIT],0x00007cacee0d0bef
982144.0,545653,python,[JIT],0x00007d8331c568e1
982137.0,545714,python,[JIT],0x00007f986e153298
982129.0,545714,python,[JIT],0x00007f986e014139
982073.0,545646,python,[JIT],0x0000792aa4f67366
982056.0,545689,python,[JIT],0x0000728788773721
982030.0,545653,python,[JIT],0x00007d83319f40ad
982030.0,545646,python,[JIT],0x0000792aa4fad1d3
982018.0,545653,python,[JIT],0x00007d8332b7c139
982013.0,545689,python,[JIT],0x000072878941611b
982007.0,545714,python,libc.so.6,cfree@GLIBC_2.2.5
982006.0,545653,python,[JIT],0x00007d8331c52209
981999.0,545689,python,[JIT],0x00007287887740f4
981981.0,545700,python,[JIT],0x00007caceddb0eb3
981975.0,545678,python,[JIT],0x00007b9f7daeb2a5
981972.0,545714,python,[JIT],0x00007f986d2291fe
981966.0,545714,python,python,object_richcompare
981957.0,545714,python,[JIT],0x00007f986d2301fe
981957.0,545646,python,[JIT],0x0000792aa4f68b4c
981956.0,545664,python,[JIT],0x00007f6ed9cf62e3
981954.0,545714,python,[JIT],0x00007f986e013479
981953.0,545689,python,[JIT],0x0000728788bad9ce
981950.0,545664,python,[JIT],0x00007f6ed9cf7329
981937.0,545714,python,[JIT],0x00007f986d33f185
981936.0,545714,python,[JIT],0x00007f986d22b159
981935.0,545653,python,[JIT],0x00007d8331d684fb
981932.0,545689,python,[JIT],0x0000728788bad0ce
981925.0,545664,python,[JIT],0x00007f6ed9cf63d1
981923.0,545714,python,[JIT],0x00007f986e0136a5
981922.0,545714,python,[JIT],0x00007f986d22a677
981882.0,545664,python,[JIT],0x00007f6ed9cf72b6
981870.0,545714,python,[JIT],0x00007f986d78e0ff
981865.0,545689,python,[JIT],0x000072878877234a
981861.0,545689,python,[JIT],0x0000728788bac0b1
981822.0,545714,python,[JIT],0x00007f986d78d452
981809.0,545664,python,[JIT],0x00007f6ed9882000
981805.0,545714,python,[JIT],0x00007f986d2305d1
981796.0,545700,python,[JIT],0x00007cacee0d2433
981784.0,545700,python,[JIT],0x00007caceecd6232
981738.0,545653,python,[JIT],0x00007d8331d67475
981725.0,545653,python,[JIT],0x00007d8332a138c5
981712.0,545700,python,[JIT],0x00007caceea2513f
981657.0,545646,python,[JIT],0x0000792aa4fae2d1
981620.0,545664,python,[JIT],0x00007f6ed9cf7ce4
981615.0,545678,python,[JIT],0x00007b9f7de2930c
981603.0,545653,python,[JIT],0x00007d8332b7c1b2
981596.0,545678,python,[JIT],0x00007b9f7d3d4ba3
981594.0,545653,python,[JIT],0x00007d83321ae052
981588.0,545678,python,[JIT],0x00007b9f7de2a72e
981585.0,545664,python,[JIT],0x00007f6ed9cf7819
981568.0,545689,python,[JIT],0x000072878877419b
981557.0,545689,python,[kernel.kallsyms],perf_adjust_freq_unthr_context
981543.0,545700,python,[JIT],0x00007caceecd60a7
981536.0,545653,python,python,_PyEval_NoToolsForUnwind
981509.0,545664,python,[JIT],0x00007f6eda2eb1a0
981491.0,545689,python,[kernel.kallsyms],cpuacct_account_field
981480.0,545714,python,[JIT],0x00007f986d2312b2
981444.0,545678,python,[JIT],0x00007b9f7de290f1
981427.0,545714,python,[JIT],0x00007f986d33f53e
981382.0,545664,python,[JIT],0x00007f6ed99ea218
981375.0,545664,python,[JIT],0x00007f6ed99ea12d
981362.0,545700,python,[JIT],0x00007caceea25722
981342.0,545700,python,[JIT],0x00007caceddae2c6
981329.0,545714,python,[JIT],0x00007f986d22c3ef
981304.0,545664,python,[JIT],0x00007f6ed99e5097
981298.0,545664,python,[JIT],0x00007f6ed99e91a8
981296.0,545689,python,[JIT],0x000072878958a335
981267.0,545664,python,[JIT],0x00007f6ed99e71cd
981258.0,545664,python,[JIT],0x00007f6eda90917f
981250.0,545714,python,[JIT],0x00007f986d33f5e6
981250.0,545700,python,[JIT],0x00007caceea252b6
981232.0,545664,python,[JIT],0x00007f6ed99e9248
981209.0,545689,python,python,PyLong_AsSsize_t
981193.0,545653,python,[JIT],0x00007d83321ac139
981193.0,545653,python,[JIT],0x00007d8332a1412b
981157.0,545646,python,[JIT],0x0000792aa4fae360
981141.0,545653,python,[JIT],0x00007d8332b7c314
981138.0,545653,python,[JIT],0x00007d83321ac127
981135.0,545646,python,[JIT],0x0000792aa4f67176
981134.0,545689,python,[JIT],0x0000728788772172
981120.0,545714,python,[JIT],0x00007f986e1531a4
981118.0,545689,python,[JIT],0x0000728788a6512d
981107.0,545653,python,[JIT],0x00007d83321ac366
981102.0,545700,python,[JIT],0x00007caceecd618f
981099.0,545646,python,[JIT],0x0000792aa4eec1a9
981085.0,545653,python,[JIT],0x00007d8332a133be
981084.0,545664,python,[JIT],0x00007f6ed9cf71ce
981070.0,545653,python,[JIT],0x00007d833205a010
981064.0,545714,python,[JIT],0x00007f986d78d46b
981064.0,545646,python,[JIT],0x0000792aa4f6821e
981060.0,545714,python,[JIT],0x00007f986d33d1e8
981056.0,545653,python,[JIT],0x00007d8331c5638c
981050.0,545700,python,[JIT],0x00007cacee0d24d9
981029.0,545646,python,[JIT],0x0000792aa4fad293
981027.0,545664,python,[JIT],0x00007f6ed9cf7fc6
981026.0,545714,python,[JIT],0x00007f986d23143f
981026.0,545700,python,[JIT],0x00007caceea2572b
981023.0,545700,python,[JIT],0x00007cacee0d0d17
981008.0,545646,python,[JIT],0x0000792aa4fae0c3
980993.0,545653,python,[JIT],0x00007d8331c5a4b2
980993.0,545664,python,[JIT],0x00007f6ed99e4043
980992.0,545653,python,[JIT],0x00007d8332a130f8
980992.0,545653,python,[JIT],0x00007d8332b7c2ed
980986.0,545646,python,[JIT],0x0000792aa521340a
980985.0,545653,python,[JIT],0x00007d8331d68e5c
980982.0,545664,python,[JIT],0x00007f6ed99e732d
980975.0,545689,python,[JIT],0x00007287887721a9
980973.0,545664,python,[JIT],0x00007f6ed99e71d5
980966.0,545646,python,[JIT],0x0000792aa4eec29a
980950.0,545714,python,[JIT],0x00007f986d2311bf
980943.0,545653,python,[JIT],0x00007d83321ae2b1
980942.0,545700,python,[JIT],0x00007cacee0d0974
980942.0,545664,python,[JIT],0x00007f6eda909243
980932.0,545646,python,[JIT],0x0000792aa4f68984
980930.0,545653,python,[JIT],0x00007d8331c54408
980922.0,545714,python,[JIT],0x00007f986d78e22b
980919.0,545664,python,[JIT],0x00007f6ed99e8393
980916.0,545700,python,[JIT],0x00007caceddaa5c0
980916.0,545689,python,[JIT],0x0000728788bad31a
980913.0,545678,python,[JIT],0x00007b9f7de29405
980911.0,545653,python,[JIT],0x00007d8332a1348e
980908.0,545664,python,[JIT],0x00007f6ed99ea25c
980898.0,545714,python,[JIT],0x00007f986d78d1c5
980896.0,545653,python,[JIT],0x00007d8331c5a5b6
980896.0,545689,python,[JIT],0x0000728788772543
980889.0,545664,python,[JIT],0x00007f6ed99e8640
980888.0,545714,python,[JIT],0x00007f986e15314d
980888.0,545700,python,[JIT],0x00007cacedebd32d
980881.0,545700,python,[JIT],0x00007cacee0d0467
980874.0,545646,python,[JIT],0x0000792aa4fad170
980871.0,545646,python,[JIT],0x0000792aa4fae1fb
980864.0,545664,python,[JIT],0x00007f6ed98853eb
980861.0,545646,python,[JIT],0x0000792aa466776d
980850.0,545678,python,[JIT],0x00007b9f7de1322b
980850.0,545664,python,[JIT],0x00007f6ed9cf7687
980839.0,545664,python,[JIT],0x00007f6eda90924b
980818.0,545646,python,[JIT],0x0000792aa5213052
980815.0,545653,python,[JIT],0x00007d8331d6868e
980815.0,545700,python,[JIT],0x00007caceecd611f
980809.0,545700,python,[JIT],0x00007cacee0d0b00
980795.0,545646,python,[JIT],0x0000792aa4fac471
980782.0,545714,python,[JIT],0x00007f986d78d3cb
980762.0,545689,python,[JIT],0x00007287887730f1
980731.0,545714,python,[JIT],0x00007f986d33d0c4
980729.0,545689,python,[JIT],0x0000728789416133
980727.0,545700,python,[JIT],0x00007caceea2604c
980726.0,545714,python,[JIT],0x00007f986d33f9b7
980722.0,545700,python,[JIT],0x00007caceecd621b
980722.0,545700,python,[JIT],0x00007caceddaf2cd
980710.0,545700,python,[JIT],0x00007cacedebf7d6
980698.0,545653,python,[JIT],0x00007d8331d68d59
980698.0,545714,python,[kernel.kallsyms],__irqentry_text_end
980697.0,545700,python,[JIT],0x00007caceecd62d0
980695.0,545646,python,[kernel.kallsyms],__hrtimer_run_queues
980682.0,545653,python,[JIT],0x00007d8332a14125
980680.0,545714,python,[JIT],0x00007f986d631087
980657.0,545664,python,[JIT],0x00007f6ed9cf7bd7
980651.0,545689,python,[JIT],0x0000728788bade14
980629.0,545700,python,[JIT],0x00007caceea251fb
980601.0,545689,python,[JIT],0x000072878877208b
980600.0,545689,python,[JIT],0x000072878958a4c5
980598.0,545664,python,[JIT],0x00007f6ed9cf7cc6
980568.0,545664,python,[JIT],0x00007f6ed99ea375
980567.0,545646,python,[JIT],0x0000792aa4f431a0
980559.0,545646,python,[JIT],0x0000792aa54830c3
980558.0,545714,python,[JIT],0x00007f986d232491
980549.0,545700,python,[JIT],0x00007cacee0d2114
980547.0,545646,python,[JIT],0x0000792aa4eed076
980522.0,545646,python,[JIT],0x0000792aa45564b4
980500.0,545646,python,[JIT],0x0000792aa4eee0ea
980496.0,545646,python,[JIT],0x0000792aa46662a5
980487.0,545653,python,[JIT],0x00007d8331c5a599
980476.0,545664,python,[JIT],0x00007f6ed99e25f3
980474.0,545689,python,[JIT],0x000072878941319c
980459.0,545689,python,[JIT],0x000072878865f80e
980424.0,545700,python,[JIT],0x00007cacedebd5d1
980395.0,545664,python,[JIT],0x00007f6eda65839e
980390.0,545653,python,[JIT],0x00007d8332a13599
980377.0,545664,python,[JIT],0x00007f6eda658396
980368.0,545664,python,[JIT],0x00007f6eda6581d2
980318.0,545653,python,[JIT],0x00007d8331c55003
980305.0,545700,python,[JIT],0x00007cacee0ab0ff
980305.0,545653,python,[JIT],0x00007d83321ad11f
980295.0,545664,python,[JIT],0x00007f6ed9883734
980293.0,545714,python,[JIT],0x00007f986d33f26d
980265.0,545678,python,[JIT],0x00007b9f7d3d4644
980244.0,545653,python,[JIT],0x00007d83321ae2c7
980241.0,545664,python,[JIT],0x00007f6eda6582ed
980206.0,545689,python,[JIT],0x000072878941422f
980202.0,545700,python,[JIT],0x00007caceecd624b
980154.0,545664,python,[JIT],0x00007f6ed98837cd
980144.0,545678,python,[JIT],0x00007b9f7dfdb11f
980117.0,545678,python,[JIT],0x00007b9f7dfdb1a4
980112.0,545678,python,[JIT],0x00007b9f7d0b400a
980091.0,545689,python,[JIT],0x000072878941604c
980060.0,545714,python,[JIT],0x00007f986d78d2f1
980033.0,545678,python,[JIT],0x00007b9f7d3d4a14
980030.0,545689,python,[kernel.kallsyms],note_gp_changes
980018.0,545664,python,[JIT],0x00007f6ed9cf7e7d
980008.0,545664,python,[JIT],0x00007f6eda9093c5
979979.0,545714,python,[JIT],0x00007f986e01311b
979972.0,545689,python,[JIT],0x0000728788773737
979970.0,545664,python,[JIT],0x00007f6eda6590a9
979943.0,545714,python,[JIT],0x00007f986d33f942
979939.0,545664,python,[JIT],0x00007f6eda9092ed
979938.0,545678,python,[JIT],0x00007b9f7de2b125
979926.0,545653,python,[JIT],0x00007d8331d6831a
979846.0,545689,python,[JIT],0x000072878958a0ce
979843.0,545714,python,[kernel.kallsyms],sync_regs
979816.0,545653,python,[JIT],0x00007d8332b7c24b
979800.0,545700,python,[JIT],0x00007caceea25127
979765.0,545653,python,[JIT],0x00007d83319f432a
979764.0,545664,python,[JIT],0x00007f6ed99e75d1
979752.0,545714,python,python,_PyList_FromStackRefStealOnSuccess
979718.0,545678,python,python,memmove@plt
979717.0,545714,python,[JIT],0x00007f986d33e4a2
979685.0,545689,python,[JIT],0x00007287890eb0a9
979641.0,545653,python,[JIT],0x00007d83321ae05c
979630.0,545689,python,[JIT],0x00007287894156bf
979629.0,545653,python,[JIT],0x00007d8331d672a4
979625.0,545714,python,[JIT],0x00007f986d78e1db
979573.0,545664,python,[JIT],0x00007f6ed9cf70a9
979571.0,545700,python,[JIT],0x00007caceecd611b
979546.0,545653,python,[JIT],0x00007d83319f5335
979424.0,545714,python,[JIT],0x00007f986d231068
979350.0,545653,python,[JIT],0x00007d8331c567c7
979350.0,545689,python,[JIT],0x00007287890eb1d7
979309.0,545714,python,[JIT],0x00007f986d23135c
979292.0,545700,python,[JIT],0x00007caceecd625e
979228.0,545678,python,[JIT],0x00007b9f7de2a3b3
979208.0,545700,python,[JIT],0x00007caceea2511f
979198.0,545653,python,[JIT],0x00007d8332a132f3
979192.0,545689,python,[JIT],0x0000728788bad644
979190.0,545689,python,[kernel.kallsyms],update_curr_se
979167.0,545646,python,[JIT],0x0000792aa4fac3e5
979155.0,545689,python,[JIT],0x000072878866216e
979148.0,545653,python,[JIT],0x00007d83321ac3c4
979136.0,545664,python,[JIT],0x00007f6ed9883cf6
979132.0,545700,python,[JIT],0x00007cacee0d0000
979123.0,545714,python,[JIT],0x00007f986d78d375
979121.0,545678,python,[JIT],0x00007b9f7d3af355
979046.0,545700,python,[JIT],0x00007caceea243fe
979008.0,545700,python,[JIT],0x00007caceecd60ce
979005.0,545689,python,[JIT],0x00007287890eb2d4
978882.0,545689,python,[JIT],0x000072878958a298
978865.0,545664,python,[JIT],0x00007f6ed9cf7afb
978843.0,545646,python,[JIT],0x0000792aa4f68110
978835.0,545700,python,[JIT],0x00007cacee0d0faa
978757.0,545664,python,[JIT],0x00007f6eda658640
978733.0,545689,python,[JIT],0x0000728788bad1f4
978650.0,545653,python,[JIT],0x00007d8331c58155
978580.0,545664,python,python,_PyObject_GC_Link
978477.0,545664,python,[JIT],0x00007f6ed9cf7476
978411.0,545664,python,[JIT],0x00007f6ed99e9209
978283.0,545714,python,[JIT],0x00007f986d33f3be
978264.0,545689,python,[JIT],0x0000728789415414
978222.0,545689,python,[JIT],0x00007287887715c0
978171.0,545646,python,[JIT],0x0000792aa4f4238d
978158.0,545689,python,[JIT],0x0000728788773657
978141.0,545646,python,[JIT],0x0000792aa4eec5c0
978094.0,545700,python,[JIT],0x00007caceddaf4ad
978086.0,545678,python,python,_PyOptimizer_Optimize
978065.0,545700,python,[JIT],0x00007cacee0d04a1
978052.0,545678,python,[JIT],0x00007b9f7de13127
978050.0,545653,python,[JIT],0x00007d8331d662d3
978030.0,545646,python,[JIT],0x0000792aa4558c15
978024.0,545689,python,[JIT],0x0000728788bad97a
978007.0,545646,python,[JIT],0x0000792aa4eed248
977918.0,545700,python,[JIT],0x00007cacedebe20d
977906.0,545714,python,[JIT],0x00007f986e153399
977887.0,545664,python,[JIT],0x00007f6ed99e3120
977878.0,545646,python,[JIT],0x0000792aa4eec20d
977859.0,545646,python,[JIT],0x0000792aa4fad191
977808.0,545653,python,[JIT],0x00007d8331d67462
977797.0,545714,python,[JIT],0x00007f986d2302ec
977561.0,545689,python,[JIT],0x000072878958a012
977532.0,545664,python,[JIT],0x00007f6ed9881003
977514.0,545678,python,[JIT],0x00007b9f7de2a41c
977508.0,545664,python,[JIT],0x00007f6ed98821a2
977446.0,545653,python,[JIT],0x00007d8332b7c0ce
977421.0,545714,python,[JIT],0x00007f986d22d9b4
977378.0,545653,python,[JIT],0x00007d83321ac1ae
977337.0,545646,python,[JIT],0x0000792aa4666510
976880.0,545714,python,[JIT],0x00007f986e01343b
976876.0,545714,python,[JIT],0x00007f986d33fe9a
976807.0,545664,python,[JIT],0x00007f6ed99e62c5
976746.0,545653,python,[JIT],0x00007d8331d68c17
976489.0,545700,python,[kernel.kallsyms],tlb_finish_mmu
976389.0,545646,python,[kernel.kallsyms],kmem_cache_free
976343.0,545664,python,[JIT],0x00007f6ed99e3e02
976292.0,545664,python,[JIT],0x00007f6eda2eb276
976288.0,545646,python,[JIT],0x0000792aa4f68962
976200.0,545664,python,[JIT],0x00007f6ed99e82bb
976149.0,545653,python,[JIT],0x00007d8331d66071
976060.0,545653,python,[JIT],0x00007d83319f52aa
976026.0,545646,python,[kernel.kallsyms],try_charge_memcg
975960.0,545689,python,[JIT],0x00007287894160c3
975945.0,545646,python,[kernel.kallsyms],rcu_sched_clock_irq
975680.0,545700,python,[JIT],0x00007cacee0d024c
975650.0,545653,python,[JIT],0x00007d83321ad5c6
975495.0,545664,python,[JIT],0x00007f6eda2eb2c2
975483.0,545700,python,[JIT],0x00007cacee0d23ef
975317.0,545714,python,[JIT],0x00007f986d33f117
975263.0,545653,python,[JIT],0x00007d83321ad20f
975222.0,545653,python,[JIT],0x00007d8331c53334
975032.0,545646,python,[JIT],0x0000792aa4fae0ea
974885.0,545653,python,[JIT],0x00007d8331d68c3d
974850.0,545653,python,[JIT],0x00007d8332b7c1d5
974731.0,545678,python,[JIT],0x00007b9f7de29127
974697.0,545700,python,[JIT],0x00007caceecd626d
974669.0,545689,python,[JIT],0x00007287894134c0
974553.0,545653,python,[JIT],0x00007d8331d6700a
974545.0,545689,python,[JIT],0x0000728788a650e9
974466.0,545653,python,[JIT],0x00007d8331d68749
974453.0,545714,python,[JIT],0x00007f986d23150c
974414.0,545689,python,[JIT],0x000072878941549b
974407.0,545678,python,[JIT],0x00007b9f7dfdb0f1
974257.0,545653,python,[JIT],0x00007d8331d66076
974191.0,545664,python,[JIT],0x00007f6ed99e22db
974018.0,545664,python,[JIT],0x00007f6eda6570c7
974006.0,545678,python,[JIT],0x00007b9f7dfdb267
973976.0,545653,python,[JIT],0x00007d8331c5b41a
973937.0,545653,python,[JIT],0x00007d83321ac2c3
973905.0,545700,python,python,memmove@plt
973645.0,545653,python,[JIT],0x00007d8331d68dfe
973638.0,545664,python,[JIT],0x00007f6eda65911f
973620.0,545714,python,[JIT],0x00007f986e013550
973613.0,545653,python,[JIT],0x00007d8331d68351
973206.0,545714,python,python,patch_x86_64_32rx
973204.0,545664,python,[JIT],0x00007f6ed99e865b
972820.0,545653,python,[JIT],0x00007d83321ae0c7
972715.0,545664,python,[JIT],0x00007f6ed99e9010
972657.0,545700,python,python,PyNumber_AsSsize_t
972595.0,545689,python,[JIT],0x0000728789413345
972543.0,545664,python,[JIT],0x00007f6ed99e7406
972533.0,545714,python,[JIT],0x00007f986d33f0dc
972409.0,545653,python,[JIT],0x00007d8332b7c238
972384.0,545646,python,[JIT],0x0000792aa4fae574
972191.0,545700,python,[JIT],0x00007cacee0d05d4
972188.0,545664,python,[JIT],0x00007f6ed9883975
972181.0,545714,python,[JIT],0x00007f986d33e189
972171.0,545689,python,[JIT],0x00007287887724cb
972099.0,545700,python,[JIT],0x00007cacee0d0725
971937.0,545664,python,[JIT],0x00007f6ed99e60cd
971925.0,545653,python,[JIT],0x00007d8332a130ff
971783.0,545646,python,[JIT],0x0000792aa4fac149
971776.0,545700,python,[JIT],0x00007cacedebf4bc
971738.0,545653,python,[JIT],0x00007d83321ad49a
971664.0,545664,python,[JIT],0x00007f6ed9882255
971569.0,545700,python,[JIT],0x00007cacedda947d
971528.0,545664,python,[JIT],0x00007f6ed988109b
971462.0,545700,python,[JIT],0x00007caceea26139
971427.0,545678,python,python,_Py_NewReference
971274.0,545689,python,[JIT],0x0000728788774157
970990.0,545646,python,[JIT],0x0000792aa4f421d5
970941.0,545700,python,[JIT],0x00007cacedebd2b6
970632.0,545714,python,[JIT],0x00007f986d2312b6
970499.0,545653,python,[JIT],0x00007d8331d683be
970462.0,545653,python,[JIT],0x00007d8331c58225
970295.0,545664,python,[JIT],0x00007f6ed9883430
970222.0,545653,python,[JIT],0x00007d833205a14e
970033.0,545714,python,[JIT],0x00007f986e013412
969822.0,545678,python,[JIT],0x00007b9f7dfdb2eb
969638.0,545689,python,[JIT],0x00007287894130f4
969579.0,545714,python,[JIT],0x00007f986d33fbd7
969302.0,545700,python,[JIT],0x00007caceddae276
969202.0,545700,python,[JIT],0x00007cacee0d077f
969111.0,545700,python,python,PyMem_Malloc
968904.0,545653,python,[JIT],0x00007d8331d684cb
968859.0,545664,python,[JIT],0x00007f6eda65849b
968818.0,545714,python,[JIT],0x00007f986cfcb161
968814.0,545646,python,[JIT],0x0000792aa4fad2ae
968770.0,545653,python,[JIT],0x00007d8331c5b15f
968675.0,545700,python,[JIT],0x00007cacedebe49f
968654.0,545653,python,[JIT],0x00007d8331c5a22a
968518.0,545664,python,[JIT],0x00007f6ed99e3bca
968464.0,545714,python,[JIT],0x00007f986d33f988
968302.0,545646,python,[JIT],0x0000792aa4fae2e7
968259.0,545664,python,[JIT],0x00007f6ed99e9079
968199.0,545646,python,[JIT],0x0000792aa4668023
968196.0,545646,python,[JIT],0x0000792aa4eec49f
968183.0,545646,python,[JIT],0x0000792aa4eee15f
968180.0,545646,python,[JIT],0x0000792aa4f411e8
968177.0,545646,python,[JIT],0x0000792aa4eed50c
968169.0,545646,python,[JIT],0x0000792aa4f411c5
968163.0,545689,python,[JIT],0x0000728788773741
968161.0,545678,python,[JIT],0x00007b9f7d3d4882
968161.0,545646,python,[JIT],0x0000792aa4fae2b0
968160.0,545646,python,[JIT],0x0000792aa4556673
968156.0,545653,python,[JIT],0x00007d833205a114
968152.0,545646,python,[JIT],0x0000792aa54831a0
968151.0,545664,python,[JIT],0x00007f6ed988637c
968147.0,545700,python,[JIT],0x00007caceddabbdf
968145.0,545653,python,python,object_dealloc
968144.0,545646,python,[JIT],0x0000792aa4f68549
968142.0,545700,python,[JIT],0x00007cacedebe371
968140.0,545700,python,[JIT],0x00007caceddb03c0
968139.0,545700,python,[JIT],0x00007cacee0aa3e0
968138.0,545700,python,[JIT],0x00007cacee0d02e9
968138.0,545700,python,[JIT],0x00007cacee0d0e38
968137.0,545653,python,[JIT],0x00007d8331c5a286
968137.0,545700,python,[JIT],0x00007cacedebe629
968134.0,545653,python,[JIT],0x00007d83321ac353
968134.0,545700,python,[JIT],0x00007cacee0d20ff
968131.0,545653,python,[JIT],0x00007d8331d68b6f
968131.0,545700,python,[JIT],0x00007caceddb20e0
968129.0,545700,python,[JIT],0x00007cacee0aa45e
968125.0,545700,python,[JIT],0x00007caceddb047f
968122.0,545700,python,[JIT],0x00007cacee0d0745
968121.0,545700,python,[JIT],0x00007caceddaa4f7
968121.0,545700,python,[JIT],0x00007cacee0d0b00
968120.0,545653,python,[JIT],0x00007d8331c5b6f8
968120.0,545653,python,[JIT],0x00007d8331d664cc
968119.0,545700,python,[JIT],0x00007cacee0d21a4
968117.0,545646,python,[JIT],0x0000792aa4eed48f
968109.0,545653,python,[JIT],0x00007d83321ae1d7
968108.0,545653,python,[JIT],0x00007d8331c5a491
968107.0,545653,python,[JIT],0x00007d8331c55237
968105.0,545653,python,[JIT],0x00007d8331c5b300
968105.0,545646,python,[JIT],0x0000792aa4f6820f
968104.0,545646,python,[JIT],0x0000792aa4fac481
968102.0,545700,python,[JIT],0x00007cacee0ab0e5
968098.0,545653,python,[JIT],0x00007d8332b7c1fa
968094.0,545646,python,[JIT],0x0000792aa4fae06a
968086.0,545646,python,[JIT],0x0000792aa4f410fa
968082.0,545646,python,[JIT],0x0000792aa4f68476
968077.0,545700,python,[JIT],0x00007cacee0d0abc
968066.0,545700,python,[JIT],0x00007caceddb216d
968062.0,545700,python,[JIT],0x00007cacedebf30f
968062.0,545700,python,[JIT],0x00007cacee0ac2e6
968060.0,545653,python,[JIT],0x00007d8331c5b5a8
968059.0,545700,python,[JIT],0x00007caceddae225
968059.0,545700,python,[JIT],0x00007caceddae3aa
968053.0,545700,python,[JIT],0x00007cacedebf3ec
968050.0,545700,python,[JIT],0x00007cacedebe4fc
968047.0,545700,python,[JIT],0x00007cacedebe2d5
968041.0,545700,python,[JIT],0x00007cacedebf3e3
968034.0,545700,python,[JIT],0x00007cacedda91fe
968034.0,545700,python,[JIT],0x00007cacedebf00a
968027.0,545653,python,[JIT],0x00007d8331c53481
968025.0,545646,python,[JIT],0x0000792aa4eee43b
968023.0,545653,python,[JIT],0x00007d8331c594d5
968017.0,545714,python,[JIT],0x00007f986e013659
968014.0,545700,python,[JIT],0x00007cacee0d237b
968008.0,545653,python,[JIT],0x00007d8331d671cb
967998.0,545700,python,[JIT],0x00007caceea2605c
967998.0,545646,python,[JIT],0x0000792aa4f4104c
967990.0,545664,python,[JIT],0x00007f6eda9090fb
967979.0,545664,python,[JIT],0x00007f6ed99e63f3
967979.0,545664,python,[JIT],0x00007f6eda2eb163
967976.0,545700,python,[JIT],0x00007caceddaba7b
967971.0,545664,python,[JIT],0x00007f6ed99e3273
967971.0,545646,python,[JIT],0x0000792aa4fad06a
967966.0,545700,python,[JIT],0x00007cacedebf286
967966.0,545646,python,[JIT],0x0000792aa4f68a56
967965.0,545646,python,[JIT],0x0000792aa4eee414
967964.0,545700,python,[JIT],0x00007cacedebe0a5
967964.0,545700,python,[JIT],0x00007cacee0d0a86
967964.0,545646,python,[JIT],0x0000792aa4fae49b
967963.0,545646,python,[JIT],0x0000792aa4eee570
967960.0,545653,python,[JIT],0x00007d8331d6818b
967960.0,545664,python,[JIT],0x00007f6eda658508
967957.0,545700,python,[JIT],0x00007cacee0d23a8
967957.0,545646,python,[JIT],0x0000792aa4f6851e
967955.0,545653,python,[JIT],0x00007d8331c5a322
967955.0,545700,python,[JIT],0x00007caceddabb8d
967955.0,545700,python,[JIT],0x00007cacee0d257e
967954.0,545714,python,[JIT],0x00007f986e153064
967953.0,545700,python,[JIT],0x00007cacee0d0a10
967950.0,545700,python,[JIT],0x00007caceddab27e
967950.0,545700,python,[JIT],0x00007cacedebd2d5
967949.0,545664,python,[JIT],0x00007f6eda2eb413
967948.0,545664,python,[JIT],0x00007f6ed988210e
967948.0,545664,python,[JIT],0x00007f6eda6584ef
967947.0,545700,python,[JIT],0x00007cacedebe2c5
967947.0,545700,python,[JIT],0x00007caceea252cd
967947.0,545646,python,[JIT],0x0000792aa4fae539
967946.0,545653,python,[JIT],0x00007d8331c58198
967944.0,545664,python,[JIT],0x00007f6ed99e910e
967942.0,545700,python,[JIT],0x00007caceddb2225
967940.0,545700,python,[JIT],0x00007caceea25431
967939.0,545664,python,[JIT],0x00007f6ed99ea1d5
967937.0,545700,python,[JIT],0x00007caceea2417f
967936.0,545664,python,[JIT],0x00007f6ed9cf7bef
967932.0,545646,python,[JIT],0x0000792aa4eed2fa
967930.0,545653,python,[JIT],0x00007d83321ad475
967924.0,545653,python,[JIT],0x00007d8331c5b22d
967924.0,545646,python,[JIT],0x0000792aa4665133
967923.0,545653,python,[JIT],0x00007d8331d687e6
967919.0,545646,python,[JIT],0x0000792aa4eec15b
967919.0,545646,python,[JIT],0x0000792aa4f680fb
967918.0,545653,python,[JIT],0x00007d83321ad121
967907.0,545664,python,[JIT],0x00007f6eda6588c5
967905.0,545646,python,[JIT],0x0000792aa4f68ae0
967904.0,545700,python,[JIT],0x00007caceea260d2
967904.0,545646,python,[JIT],0x0000792aa455823d
967901.0,545664,python,[JIT],0x00007f6eda9091eb
967898.0,545700,python,[JIT],0x00007cacedebd4c1
967898.0,545700,python,[JIT],0x00007cacedec00c4
967896.0,545646,python,[JIT],0x0000792aa4eec474
967895.0,545664,python,[JIT],0x00007f6ed9cf7bb5
967893.0,545653,python,[JIT],0x00007d83321ae0ff
967892.0,545700,python,[JIT],0x00007caceecd62ef
967886.0,545653,python,[JIT],0x00007d8331c5b2c2
967886.0,545700,python,[JIT],0x00007cacedebe510
967885.0,545664,python,[JIT],0x00007f6eda65839a
967884.0,545700,python,[JIT],0x00007cacee0ab003
967883.0,545646,python,[JIT],0x0000792aa4eec47e
967882.0,545653,python,[JIT],0x00007d8331d67312
967882.0,545664,python,[JIT],0x00007f6ed99e50d0
967881.0,545700,python,[JIT],0x00007cacee0aa166
967881.0,545700,python,[JIT],0x00007caceea2617f
967881.0,545646,python,[JIT],0x0000792aa4eee1c9
967876.0,545700,python,[JIT],0x00007caceea2541a
967872.0,545664,python,[JIT],0x00007f6ed99e64e5
967872.0,545664,python,[JIT],0x00007f6ed99ea0d1
967871.0,545653,python,[JIT],0x00007d8332b7c3b5
967871.0,545664,python,[JIT],0x00007f6ed9cf7dd0
967871.0,545646,python,[JIT],0x0000792aa4eec572
967869.0,545700,python,[JIT],0x00007cacee0d0e6f
967868.0,545664,python,[JIT],0x00007f6ed9cf7eba
967863.0,545664,python,[JIT],0x00007f6ed99e8503
967856.0,545664,python,[JIT],0x00007f6eda90934b
967856.0,545646,python,[JIT],0x0000792aa4f685b9
967856.0,545646,python,[JIT],0x0000792aa4fae414
967854.0,545664,python,[JIT],0x00007f6ed98822da
967854.0,545646,python,[JIT],0x0000792aa4558e8a
967854.0,545646,python,[JIT],0x0000792aa5213121
967852.0,545653,python,[JIT],0x00007d8332a13657
967849.0,545664,python,[JIT],0x00007f6ed99e6269
967841.0,545653,python,[JIT],0x00007d8331d660d0
967825.0,545664,python,[JIT],0x00007f6eda658332
967825.0,545700,python,[JIT],0x00007cacedebf6f8
967815.0,545653,python,[JIT],0x00007d8331c5a579
967810.0,545714,python,[JIT],0x00007f986d78d29e
967798.0,545646,python,[JIT],0x0000792aa4f421b9
967787.0,545646,python,[JIT],0x0000792aa466729b
967784.0,545664,python,[JIT],0x00007f6ed99e92cb
967784.0,545664,python,[JIT],0x00007f6ed9cf7d78
967777.0,545664,python,[JIT],0x00007f6ed99ea348
967774.0,545664,python,[JIT],0x00007f6ed9cf7657
967773.0,545664,python,[JIT],0x00007f6ed988218f
967760.0,545664,python,[JIT],0x00007f6ed9cf7c9d
967758.0,545664,python,[JIT],0x00007f6ed99e841a
967754.0,545664,python,[JIT],0x00007f6ed9cf78ee
967746.0,545664,python,[JIT],0x00007f6ed99e94dd
967746.0,545714,python,[JIT],0x00007f986d2320ea
967731.0,545700,python,[JIT],0x00007caceddb20a2
967720.0,545664,python,[JIT],0x00007f6ed99e346d
967718.0,545664,python,[JIT],0x00007f6ed9883117
967713.0,545664,python,[JIT],0x00007f6ed99e8772
967705.0,545664,python,[JIT],0x00007f6ed99e6395
967693.0,545664,python,[JIT],0x00007f6ed988396e
967689.0,545664,python,[JIT],0x00007f6ed9cf78c5
967686.0,545664,python,[JIT],0x00007f6ed99e72d0
967681.0,545664,python,[JIT],0x00007f6eda2eb468
967675.0,545664,python,[JIT],0x00007f6eda2eb38a
967667.0,545664,python,[JIT],0x00007f6ed9cf7dee
967666.0,545646,python,[JIT],0x0000792aa4fae70b
967599.0,545700,python,[JIT],0x00007caceddab77b
967530.0,545664,python,[JIT],0x00007f6eda6586f9
967452.0,545646,python,[JIT],0x0000792aa4eed335
967402.0,545689,python,python,PyLong_FromLong
967400.0,545689,python,[JIT],0x0000728788badd7c
967393.0,545653,python,[JIT],0x00007d8331d68cb5
967380.0,545700,python,[JIT],0x00007cacee0d0dc9
967370.0,545664,python,[JIT],0x00007f6ed99e8688
967317.0,545653,python,[JIT],0x00007d83321ac0f8
967263.0,545646,python,[JIT],0x0000792aa4eee249
967242.0,545664,python,[JIT],0x00007f6eda659181
967194.0,545646,python,[JIT],0x0000792aa4f68191
966984.0,545653,python,[JIT],0x00007d833205a155
966927.0,545689,python,[JIT],0x00007287894131c5
966927.0,545700,python,[JIT],0x00007cacee0aa0e5
966899.0,545700,python,[JIT],0x00007cacee0aa04c
966887.0,545714,python,[JIT],0x00007f986e1531fa
966616.0,545646,python,[JIT],0x0000792aa5213015
966508.0,545664,python,[JIT],0x00007f6ed9883346
966485.0,545664,python,[JIT],0x00007f6ed99e3252
966472.0,545664,python,[JIT],0x00007f6ed9cf7beb
966457.0,545653,python,[JIT],0x00007d8331c5814d
966435.0,545653,python,[JIT],0x00007d8331d674c3
966364.0,545664,python,[JIT],0x00007f6eda657189
966320.0,545700,python,[JIT],0x00007cacee0d2471
966213.0,545646,python,[JIT],0x0000792aa4fad1cf
966207.0,545714,python,[JIT],0x00007f986d2324ca
966162.0,545646,python,[JIT],0x0000792aa4f411b3
966155.0,545664,python,[JIT],0x00007f6eda6590f8
966055.0,545700,python,[JIT],0x00007caceea2539e
966021.0,545689,python,[JIT],0x000072878865fadc
965910.0,545664,python,[JIT],0x00007f6ed9cf7c41
965837.0,545664,python,[JIT],0x00007f6ed9cf7707
965835.0,545700,python,[JIT],0x00007cacee0d07e3
965662.0,545664,python,[JIT],0x00007f6ed9cf72d3
965650.0,545664,python,[JIT],0x00007f6ed99e9095
965548.0,545646,python,[JIT],0x0000792aa4f680ea
965472.0,545653,python,[JIT],0x00007d8331c56738
965455.0,545700,python,[JIT],0x00007caceecd60b9
965436.0,545664,python,[JIT],0x00007f6ed9cf7272
965039.0,545700,python,[JIT],0x00007caceea253fc
964755.0,545664,python,[JIT],0x00007f6eda6593e5
964696.0,545653,python,[JIT],0x00007d83321ae206
964612.0,545646,python,[JIT],0x0000792aa46662ca
963903.0,545653,python,[JIT],0x00007d8331d6728c
963866.0,545700,python,[JIT],0x00007cacedebd3d6
963602.0,545646,python,[JIT],0x0000792aa4eee0ab
963258.0,545646,python,[JIT],0x0000792aa4eed081
962862.0,545653,python,[JIT],0x00007d8331d67218
962666.0,545700,python,[JIT],0x00007cacee0d0170
962529.0,545653,python,[JIT],0x00007d8331c5b53c
962118.0,545653,python,[JIT],0x00007d8332a130ce
962106.0,545664,python,[JIT],0x00007f6eda2eb172
961948.0,545714,python,[JIT],0x00007f986d23239a
961936.0,545653,python,[JIT],0x00007d8331d68abc
961766.0,545646,python,[JIT],0x0000792aa4fae503
961731.0,545664,python,[JIT],0x00007f6ed9cf6416
961725.0,545664,python,[JIT],0x00007f6eda2eb4e3
961638.0,545653,python,[JIT],0x00007d8332b7c1b2
961415.0,545664,python,python,slice_dealloc
961393.0,545664,python,[JIT],0x00007f6ed9cf7d5d
961317.0,545653,python,[JIT],0x00007d8331d670fe
961288.0,545664,python,[JIT],0x00007f6ed99e8536
961127.0,545700,python,[JIT],0x00007cacee0aa0b3
961125.0,545646,python,[JIT],0x0000792aa4f43003
961090.0,545700,python,[JIT],0x00007cacee0d035b
961023.0,545700,python,[JIT],0x00007caceea254ca
960864.0,545646,python,[JIT],0x0000792aa4f4308b
960602.0,545664,python,[JIT],0x00007f6ed9cf7243
960589.0,545678,python,[JIT],0x00007b9f7dfdb0b9
959912.0,545653,python,[JIT],0x00007d8332b7c1c8
959426.0,545653,python,[JIT],0x00007d8331d68aec
959176.0,545653,python,[JIT],0x00007d8331c554d9
959011.0,545664,python,[JIT],0x00007f6ed9cf6233
958990.0,545653,python,[JIT],0x00007d8331c56103
958922.0,545653,python,[JIT],0x00007d8331c593db
958856.0,545664,python,[JIT],0x00007f6ed9cf7526
958827.0,545700,python,[JIT],0x00007cacedda9580
957510.0,545700,python,[JIT],0x00007caceea26123
956934.0,545689,python,[JIT],0x00007287890eb206
956406.0,545646,python,[JIT],0x0000792aa4eee387
956199.0,545646,python,[JIT],0x0000792aa548338d
956097.0,545664,python,[JIT],0x00007f6ed99e3bf3
955843.0,545653,python,[JIT],0x00007d8332b7c15f
955423.0,545664,python,[JIT],0x00007f6ed99e92b0
955285.0,545664,python,[JIT],0x00007f6ed9cf6353
954882.0,545653,python,[JIT],0x00007d8331d66147
954365.0,545700,python,[JIT],0x00007cacedebf710
954232.0,545653,python,[JIT],0x00007d8331d68b03
953542.0,545653,python,[JIT],0x00007d83319f5f41
953125.0,545664,python,[JIT],0x00007f6eda2eb39e
952477.0,545714,python,[JIT],0x00007f986d22d12b
952459.0,545700,python,[JIT],0x00007cacedda92ed
950324.0,545700,python,[JIT],0x00007cacedebd1d5
949821.0,545700,python,[JIT],0x00007cacedebe08b
948996.0,545653,python,[JIT],0x00007d8331c5612b
948232.0,545653,python,[JIT],0x00007d8331d684df
947568.0,545664,python,[JIT],0x00007f6ed99e635c
947329.0,545646,python,[JIT],0x0000792aa4f68dd8
946526.0,545653,python,[JIT],0x00007d8331d68c4b
946035.0,545646,python,[JIT],0x0000792aa4f68e52
944947.0,545700,python,[JIT],0x00007cacee0ac229
944449.0,545653,python,[JIT],0x00007d8332b7c4c5
943748.0,545646,python,[JIT],0x0000792aa4667b36
942449.0,545646,python,[JIT],0x0000792aa5483000
942022.0,545653,python,[JIT],0x00007d83321ac34b
941049.0,545664,python,[JIT],0x00007f6ed9883d0e
939809.0,545700,python,[kernel.kallsyms],update_process_times
938738.0,545653,python,[JIT],0x00007d8331c5689a
937332.0,545653,python,[JIT],0x00007d83321ad3f2
937232.0,545646,python,[JIT],0x0000792aa4f42015
937058.0,545664,python,python,_Py_NewReference
932086.0,545664,python,[JIT],0x00007f6eda90904c
931100.0,545664,python,[JIT],0x00007f6eda909393
931049.0,545700,python,[JIT],0x00007cacedebf218
928629.0,545689,python,[kernel.kallsyms],ktime_get_update_offsets_now
928341.0,545700,python,[JIT],0x00007cacedec00fa
926773.0,545646,python,python,malloc@plt
926612.0,545664,python,python,_Py_MakeCoro
925355.0,545700,python,[JIT],0x00007cacedec0147
922725.0,545689,python,[JIT],0x0000728789415659
922530.0,545700,python,[JIT],0x00007caceecd634b
921519.0,545653,python,[JIT],0x00007d8332a140a9
921363.0,545700,python,[JIT],0x00007caceddab2ee
917707.0,545689,python,[JIT],0x00007287887724e5
916684.0,545689,python,[JIT],0x0000728788a653b8
916520.0,545700,python,[JIT],0x00007cacee0ab167
915163.0,545689,python,[JIT],0x0000728789413125
911572.0,545653,python,[JIT],0x00007d8332a1340d
908459.0,545664,python,[JIT],0x00007f6eda9090a9
908208.0,545714,python,[JIT],0x00007f986d22f175
907764.0,545700,python,[JIT],0x00007cacee0d2279
907667.0,545714,python,[JIT],0x00007f986e1530d2
907415.0,545714,python,[JIT],0x00007f986d2324c2
907380.0,545646,python,[JIT],0x0000792aa4f68906
907340.0,545646,python,[JIT],0x0000792aa4f68644
906782.0,545646,python,[JIT],0x0000792aa4fac58e
904457.0,545664,python,[JIT],0x00007f6eda658570
904013.0,545689,python,[JIT],0x0000728788bac012
903547.0,545653,python,[JIT],0x00007d8332b7c0cb
903119.0,545664,python,[JIT],0x00007f6ed9cf721e
901417.0,545700,python,[JIT],0x00007caceddab1dc
899807.0,545664,python,[JIT],0x00007f6ed9cf7847
898163.0,545646,python,[JIT],0x0000792aa4fac158
897957.0,545689,python,python,_Py_NewReference
887165.0,545646,python,[JIT],0x0000792aa4f689c5
881381.0,545689,python,[JIT],0x000072878958a263
880715.0,545653,python,[JIT],0x00007d8332b7c345
873020.0,545664,python,[JIT],0x00007f6ed9cf747c
872355.0,545700,python,[JIT],0x00007cacee0d241a
869416.0,545664,python,[JIT],0x00007f6eda657060
864787.0,545664,python,python,_PyType_AllocNoTrack
859983.0,545714,python,[JIT],0x00007f986e013640
859629.0,545714,python,[JIT],0x00007f986e1530f8
857205.0,545646,python,[JIT],0x0000792aa455a535
853076.0,545646,python,[JIT],0x0000792aa455865a
851694.0,545700,python,[JIT],0x00007caceea257ab
849967.0,545653,python,[JIT],0x00007d8331c5263c
849617.0,545653,python,[JIT],0x00007d83319f5e08
848842.0,545664,python,[JIT],0x00007f6ed9cf63be
847576.0,545714,python,[JIT],0x00007f986d33f467
842617.0,545714,python,[JIT],0x00007f986d78e00a
834492.0,545653,python,[JIT],0x00007d8331c580a2
831554.0,545700,python,[JIT],0x00007cacee0d25dc
827510.0,545646,python,[JIT],0x0000792aa54833b8
809285.0,545700,python,[JIT],0x00007caceddab353
790817.0,545714,python,[JIT],0x00007f986e014010
782847.0,545700,python,[JIT],0x00007caceecd64b3
768411.0,545700,python,libc.so.6,__memset_avx2_unaligned_erms
760505.0,545678,python,python,PyFunction_New
753154.0,545714,python,python,PyMem_Free
731055.0,545653,python,[JIT],0x00007d83321ad3a8
717779.0,545689,python,[JIT],0x000072878877322d
695747.0,545700,python,python,insert_to_emptydict
593530.0,545678,python,[kernel.kallsyms],error_entry
483289.0,545646,python,[kernel.kallsyms],vma_prepare
475692.0,545714,python,[JIT],0x00007f986cfcce8a
423967.0,545700,python,[JIT],0x00007cacedebd1a9
422950.0,545689,python,[JIT],0x0000728788bad0f8
232409.0,545653,python,[JIT],0x00007d8331d6851e
232258.0,545714,python,python,_PyTypeCache_Lookup
231911.0,545664,python,python,_PyObject_GetAttrStackRef
231018.0,545678,python,python,_PyObject_GetMethodStackRef
229732.0,545653,python,python,_PyEval_GetIter
124999.0,545653,python,python,dictiter_iternextvalue
124999.0,545700,python,python,_Py_Specialize_ForIter
124999.0,545714,python,python,_PyForIter_VirtualIteratorNext
124999.0,545664,python,python,dictiter_iternextvalue
124999.0,545678,python,python,_PyTypeCache_Insert
124999.0,545653,python,python,deque_append
124999.0,545714,python,python,deque_append
124999.0,545700,python,python,_PyEval_EvalFrameDefault
124999.0,545700,python,python,dictiter_dealloc
124999.0,545646,python,python,_PyObject_GetAttrStackRef
124999.0,545689,python,python,_Py_Specialize_LoadAttr
124999.0,545664,python,python,dictiter_iternextvalue
