self,pid,command,shared_obj,symbol
674511345.0,3634022,python,python,PyFloat_FromDouble
488974388.0,3634022,python,libm.so.6,__ieee754_pow_fma
434827873.0,3634084,python,python,PyFloat_FromDouble
422731089.0,3634029,python,python,PyFloat_FromDouble
418255984.0,3634051,python,python,PyFloat_FromDouble
416355488.0,3634022,python,python,_Py_Dealloc
414629396.0,3634040,python,python,PyFloat_FromDouble
412550044.0,3634062,python,python,PyFloat_FromDouble
409818803.0,3634073,python,python,PyFloat_FromDouble
403045612.0,3634051,python,python,_Py_Dealloc
388006505.0,3634062,python,libm.so.6,__ieee754_pow_fma
386225750.0,3634073,python,libm.so.6,__ieee754_pow_fma
384564041.0,3634051,python,libm.so.6,__ieee754_pow_fma
379226792.0,3634029,python,libm.so.6,__ieee754_pow_fma
378505512.0,3634084,python,libm.so.6,__ieee754_pow_fma
362597971.0,3634040,python,libm.so.6,__ieee754_pow_fma
362335304.0,3634073,python,python,_Py_Dealloc
355230260.0,3634029,python,python,_Py_Dealloc
347731260.0,3634062,python,python,_Py_Dealloc
339604977.0,3634040,python,python,_Py_Dealloc
334858103.0,3634022,python,python,float_dealloc
331376466.0,3634084,python,python,_Py_Dealloc
217364574.0,3634073,python,python,float_dealloc
212064205.0,3634029,python,python,float_dealloc
210298583.0,3634051,python,python,float_dealloc
198100237.0,3634040,python,python,float_dealloc
193259969.0,3634062,python,python,float_dealloc
184836225.0,3634084,python,python,float_dealloc
163530999.0,3634022,python,python,_Py_NewReference
160217812.0,3634040,python,python,_Py_NewReference
156442918.0,3634051,python,python,_Py_NewReference
155653587.0,3634062,python,python,_Py_NewReference
147708538.0,3634084,python,python,_Py_NewReference
147402813.0,3634073,python,python,_Py_NewReference
137421490.0,3634029,python,python,float_pow
132781007.0,3634084,python,python,float_pow
130591253.0,3634022,python,python,float_pow
129696670.0,3634051,python,python,float_pow
128639101.0,3634029,python,python,_Py_NewReference
123461762.0,3634073,python,python,float_pow
119874922.0,3634040,python,python,float_pow
117978520.0,3634062,python,python,float_pow
99929356.0,3634022,python,python,_PyFloat_ExactDealloc
98848835.0,3634040,python,python,_PyNumber_PowerNoMod
68385296.0,3634062,python,python,_PyNumber_PowerNoMod
62419273.0,3634062,python,python,_PyFloat_ExactDealloc
57257416.0,3634051,python,python,_PyFloat_ExactDealloc
55536606.0,3634029,python,python,_PyFloat_ExactDealloc
49558722.0,3634022,python,python,_PyNumber_PowerNoMod
49525347.0,3634062,python,python,_Py_Dealloc
48470701.0,3634073,python,python,PyFloat_FromDouble
47611933.0,3634084,python,python,_PyFloat_ExactDealloc
46593288.0,3634040,python,python,_PyFloat_ExactDealloc
45696580.0,3634051,python,python,PyFloat_FromDouble
45583606.0,3634073,python,python,_PyFloat_ExactDealloc
45511174.0,3634029,python,libm.so.6,__ieee754_pow_fma
45491113.0,3634029,python,libm.so.6,pow@@GLIBC_2.29
44607360.0,3634029,python,python,_PyNumber_PowerNoMod
42462727.0,3634029,python,python,PyFloat_FromDouble
39531078.0,3634051,python,python,_PyNumber_PowerNoMod
39520321.0,3634073,python,libm.so.6,pow@@GLIBC_2.29
39499281.0,3634084,python,python,_PyNumber_PowerNoMod
38660092.0,3634022,python,libm.so.6,pow@@GLIBC_2.29
38656918.0,3634084,python,python,PyFloat_FromDouble
37736224.0,3634073,python,python,_PyNumber_PowerNoMod
37655834.0,3634051,python,libm.so.6,pow@@GLIBC_2.29
37519612.0,3634040,python,libm.so.6,pow@@GLIBC_2.29
36534822.0,3634084,python,python,_Py_Dealloc
35337720.0,3634062,python,python,PyFloat_FromDouble
34683584.0,3634051,python,python,_Py_Dealloc
34282278.0,3634084,python,libm.so.6,__ieee754_pow_fma
33368239.0,3634062,python,libm.so.6,pow@@GLIBC_2.29
32672762.0,3634029,python,[JIT],0x000077a02e613dbb
32573508.0,3634073,python,libm.so.6,__ieee754_pow_fma
32248698.0,3634062,python,libm.so.6,__ieee754_pow_fma
31746414.0,3634022,python,[JIT],0x000078e61547adbb
30761212.0,3634051,python,libm.so.6,__ieee754_pow_fma
29730056.0,3634029,python,python,_Py_Dealloc
29561703.0,3634073,python,python,_Py_Dealloc
27759409.0,3634084,python,libm.so.6,pow@@GLIBC_2.29
25782290.0,3634073,python,[JIT],0x00007373dcd9ddbb
25775128.0,3634062,python,[JIT],0x0000758d926c3dbb
24800684.0,3634073,python,[JIT],0x00007373dcd9dc8b
23707407.0,3634051,python,[JIT],0x00007a6d27087c8b
23534212.0,3634022,python,python,_PyEval_EvalFrameDefault
21837119.0,3634062,python,[JIT],0x0000758d926c552e
21829311.0,3634084,python,[JIT],0x0000731ba220518c
21822353.0,3634062,python,[JIT],0x0000758d926c3c8b
21813188.0,3634062,python,[JIT],0x0000758d926c360f
21804038.0,3634073,python,[JIT],0x00007373dcd9d32a
20953183.0,3634062,python,[JIT],0x0000758d926c332a
20814430.0,3634051,python,[JIT],0x00007a6d27088aab
20796048.0,3634029,python,python,float_dealloc
20733209.0,3634084,python,python,float_dealloc
19841754.0,3634062,python,python,float_dealloc
19827559.0,3634022,python,[JIT],0x000078e61547a32a
19814891.0,3634073,python,[JIT],0x00007373dcd9d60f
19762365.0,3634051,python,[JIT],0x00007a6d2708760f
19494627.0,3634051,python,[JIT],0x00007a6d2708732a
18858749.0,3634022,python,[JIT],0x000078e61547a60f
18858604.0,3634051,python,[JIT],0x00007a6d27087dbb
18854623.0,3634051,python,[JIT],0x00007a6d27087321
18841582.0,3634051,python,[JIT],0x00007a6d2708711f
18826910.0,3634040,python,[JIT],0x0000766aade13543
18813610.0,3634040,python,[JIT],0x0000766aade13dbb
18812179.0,3634022,python,[JIT],0x000078e61547ac8b
18796251.0,3634051,python,libc.so.6,__errno_location
18792436.0,3634040,python,[JIT],0x0000766aade13606
18699998.0,3634022,python,[JIT],0x000078e61547a396
18115910.0,3634029,python,python,_PyEval_EvalFrameDefault
18111197.0,3634062,python,python,_PyEval_EvalFrameDefault
17848847.0,3634051,python,python,_Py_NewReference
17848764.0,3634062,python,[JIT],0x0000758d926c3543
17840248.0,3634084,python,[JIT],0x0000731ba22070f4
17839635.0,3634051,python,python,float_dealloc
17815996.0,3634029,python,[JIT],0x000077a02e61552e
17779218.0,3634073,python,python,float_pow
16881208.0,3634084,python,[JIT],0x0000731ba2205c8b
16878634.0,3634022,python,[JIT],0x000078e61547a606
16862592.0,3634029,python,[JIT],0x000077a02e614ddd
16803628.0,3634040,python,[JIT],0x0000766aade150f4
16797473.0,3634040,python,[JIT],0x0000766aade1332a
16755059.0,3634062,python,[JIT],0x0000758d926c3b7e
16194902.0,3634073,python,python,_PyEval_EvalFrameDefault
16138057.0,3634084,python,python,_PyEval_EvalFrameDefault
15875660.0,3634022,python,[JIT],0x000078e61547c0f4
15869292.0,3634051,python,[JIT],0x00007a6d2708754c
15863926.0,3634029,python,[JIT],0x000077a02e613543
15862340.0,3634022,python,[JIT],0x000078e61547bf00
15854862.0,3634022,python,[JIT],0x000078e61547c52e
15854186.0,3634022,python,[JIT],0x000078e61547b47d
15802051.0,3634040,python,[JIT],0x0000766aade1552e
15748216.0,3634029,python,[JIT],0x000077a02e61354c
15726775.0,3634073,python,[JIT],0x00007373dcd9f40b
15726608.0,3634073,python,[JIT],0x00007373dcd9d11f
15703408.0,3634073,python,[JIT],0x00007373dcd9f52e
15425930.0,3634073,python,python,float_dealloc
14893175.0,3634051,python,[JIT],0x00007a6d27087601
14888789.0,3634029,python,[JIT],0x000077a02e6150f4
14869005.0,3634073,python,[JIT],0x00007373dcd9d25e
14867381.0,3634029,python,[JIT],0x000077a02e61325e
14863876.0,3634040,python,[JIT],0x0000766aade13321
14860539.0,3634022,python,[JIT],0x000078e61547a68a
14859843.0,3634084,python,[JIT],0x0000731ba2205dbb
14857557.0,3634022,python,[JIT],0x000078e61547baab
14853825.0,3634073,python,[JIT],0x00007373dd613cc3
14853091.0,3634022,python,[JIT],0x000078e61547c40b
14849803.0,3634022,python,[JIT],0x000078e61547a3cb
14843255.0,3634040,python,[JIT],0x0000766aade14aab
14839025.0,3634051,python,python,float_pow
14821807.0,3634040,python,[JIT],0x0000766aade1360f
14818447.0,3634040,python,[JIT],0x0000766aade13c8b
14808423.0,3634022,python,[JIT],0x000078e61547bddd
14802828.0,3634029,python,[JIT],0x000077a02e613c8b
14708489.0,3634062,python,[JIT],0x0000758d926c50f4
14421380.0,3634062,python,python,_Py_NewReference
13903635.0,3634084,python,[JIT],0x0000731ba2205194
13896775.0,3634022,python,[JIT],0x000078e61547a267
13890377.0,3634029,python,[JIT],0x000077a02e614aab
13884393.0,3634029,python,[JIT],0x000077a02e61360f
13881300.0,3634022,python,[JIT],0x000078e61547a321
13880373.0,3634084,python,[JIT],0x0000731ba2206bce
13877387.0,3634084,python,[JIT],0x0000731ba220560f
13871043.0,3634051,python,[JIT],0x00007a6d270888b7
13867172.0,3634029,python,[JIT],0x000077a02e613609
13866258.0,3634084,python,[JIT],0x0000731ba220561f
13861218.0,3634029,python,[JIT],0x000077a02e614fe9
13851364.0,3634029,python,[JIT],0x000077a02e6148b7
13845997.0,3634073,python,[JIT],0x00007373dd6137a2
13810125.0,3634051,python,[JIT],0x00007a6d2708940b
13750323.0,3634051,python,[JIT],0x00007a6d27087543
12899644.0,3634073,python,[JIT],0x00007373dcd9e794
12894275.0,3634029,python,[JIT],0x000077a02e61540b
12889644.0,3634051,python,[JIT],0x00007a6d2708889c
12888655.0,3634084,python,[JIT],0x0000731ba2207217
12888325.0,3634073,python,[JIT],0x00007373dd6131bd
12878451.0,3634073,python,[JIT],0x00007373dcd9d396
12876019.0,3634084,python,[JIT],0x0000731ba2205b7e
12874852.0,3634029,python,[JIT],0x000077a02e613938
12874047.0,3634040,python,[JIT],0x0000766aade148b7
12862922.0,3634084,python,python,float_pow
12848638.0,3634029,python,[JIT],0x000077a02e61332a
12820016.0,3634073,python,[JIT],0x00007373dcd9e9a0
12809252.0,3634040,python,[JIT],0x0000766aade13b7e
12801677.0,3634062,python,[JIT],0x0000758d926c3396
12611626.0,3634029,python,[JIT],0x000077a02e6381bd
12563182.0,3634084,python,[JIT],0x0000731ba2206ddd
11914791.0,3634084,python,[JIT],0x0000731ba220525e
11914492.0,3634062,python,[JIT],0x0000758d926c4794
11913936.0,3634073,python,[JIT],0x00007373dcd9f0f4
11910297.0,3634029,python,[JIT],0x000077a02e613a4f
11910176.0,3634073,python,[JIT],0x00007373dcd9ecd2
11909644.0,3634062,python,[JIT],0x0000758d926c5300
11909641.0,3634073,python,[JIT],0x00007373dcd9f526
11908829.0,3634084,python,[JIT],0x0000731ba220752e
11908301.0,3634062,python,[JIT],0x0000758d926c354c
11908191.0,3634022,python,[JIT],0x000078e6155bf67b
11903593.0,3634029,python,[JIT],0x000077a02e61563e
11902208.0,3634084,python,[JIT],0x0000731ba2207300
11901811.0,3634062,python,[JIT],0x0000758d926c4cd2
11901032.0,3634029,python,python,float_pow
11900559.0,3634051,python,[JIT],0x00007a6d276eb1bd
11899954.0,3634062,python,[JIT],0x0000758d926c4ddd
11899162.0,3634062,python,[JIT],0x0000758d926c311f
11897955.0,3634073,python,[JIT],0x00007373dcd9d53e
11896892.0,3634073,python,[JIT],0x00007373dcd9d6c8
11894521.0,3634040,python,[JIT],0x0000766aade1540b
11894386.0,3634084,python,python,_Py_NewReference
11893343.0,3634051,python,[JIT],0x00007a6d27088bce
11889767.0,3634073,python,[JIT],0x00007373dcd9d267
11887340.0,3634062,python,[JIT],0x0000758d926c4aab
11887008.0,3634040,python,[JIT],0x0000766aade14ddd
11885705.0,3634022,python,[JIT],0x000078e61547a54c
11884996.0,3634062,python,[JIT],0x0000758d926c4fe9
11884528.0,3634022,python,[JIT],0x000078e61547a53e
11880832.0,3634022,python,[JIT],0x000078e61547a7b6
11877362.0,3634051,python,[JIT],0x00007a6d27087606
11875246.0,3634073,python,[JIT],0x00007373dcd9d54c
11864279.0,3634040,python,[JIT],0x0000766aade1354c
11842279.0,3634051,python,[JIT],0x00007a6d2708952e
11830026.0,3634022,python,[JIT],0x000078e6155bf99f
11826610.0,3634062,python,[JIT],0x0000758d926c52f4
11809616.0,3634040,python,[JIT],0x0000766aade14689
11748470.0,3634084,python,[JIT],0x0000731ba2205321
11393109.0,3634040,python,[JIT],0x0000766aade152f8
10926692.0,3634022,python,libm.so.6,__pow_finite@GLIBC_2.15@plt
10921240.0,3634084,python,[JIT],0x0000731ba2205c24
10920834.0,3634073,python,[JIT],0x00007373dcd9eddd
10920247.0,3634040,python,[JIT],0x0000766aade13601
10914580.0,3634062,python,[JIT],0x0000758d926c3cbe
10911553.0,3634051,python,[JIT],0x00007a6d270890f4
10911533.0,3634062,python,[JIT],0x0000758d927ce67b
10910717.0,3634084,python,[JIT],0x0000731ba2206aab
10910501.0,3634084,python,[JIT],0x0000731ba2206794
10907976.0,3634051,python,[JIT],0x00007a6d270885a0
10907853.0,3634084,python,[JIT],0x0000731ba2205609
10890831.0,3634062,python,[JIT],0x0000758d926c3267
10890482.0,3634073,python,[JIT],0x00007373dcd9eaab
10877050.0,3634029,python,[JIT],0x000077a02e615217
10876053.0,3634040,python,[JIT],0x0000766aade14794
10848261.0,3634029,python,[JIT],0x000077a02e638cc3
10842393.0,3634073,python,[JIT],0x00007373dcd9d55c
10832847.0,3634040,python,[JIT],0x0000766aade154eb
10828924.0,3634073,python,[JIT],0x00007373dcd9ebce
10762870.0,3634022,python,[JIT],0x000078e6155bf7a2
10646673.0,3634062,python,[JIT],0x0000758d926c4bce
9932758.0,3634073,python,[JIT],0x00007373dcd9f265
9930900.0,3634062,python,[JIT],0x0000758d926c3546
9930432.0,3634029,python,[JIT],0x000077a02e613606
9929896.0,3634084,python,[JIT],0x0000731ba2206b8b
9929094.0,3634051,python,[JIT],0x00007a6d270892f8
9926077.0,3634084,python,[JIT],0x0000731ba2e3a11f
9925541.0,3634062,python,[JIT],0x0000758d926c4ee5
9923807.0,3634062,python,[JIT],0x0000758d926c3606
9923483.0,3634084,python,[JIT],0x0000731ba2205606
9918845.0,3634022,python,[JIT],0x000078e61547a0b9
9916803.0,3634040,python,[JIT],0x0000766aade1563e
9915835.0,3634084,python,[JIT],0x0000731ba220763e
9915140.0,3634073,python,[JIT],0x00007373dcd9f2f8
9915112.0,3634051,python,[JIT],0x00007a6d27088aa2
9912851.0,3634073,python,[JIT],0x00007373dcd9ecc6
9911329.0,3634084,python,[JIT],0x0000731ba2e3a7a2
9910337.0,3634051,python,[JIT],0x00007a6d2708963e
9909765.0,3634073,python,[JIT],0x00007373dcd9d127
9907049.0,3634073,python,[JIT],0x00007373dcd9d18c
9906825.0,3634029,python,[JIT],0x000077a02e614bce
9905699.0,3634062,python,[JIT],0x0000758d926c300a
9899962.0,3634051,python,[JIT],0x00007a6d27087b7e
9899039.0,3634029,python,[JIT],0x000077a02e6152f8
9894942.0,3634062,python,[JIT],0x0000758d926c3609
9892372.0,3634040,python,[JIT],0x0000766aade14fe9
9892120.0,3634051,python,[JIT],0x00007a6d27087267
9891532.0,3634040,python,[JIT],0x0000766aad6ce7a2
9889593.0,3634084,python,[JIT],0x0000731ba2e3acc3
9884241.0,3634073,python,[JIT],0x00007373dcd9d194
9881853.0,3634051,python,[JIT],0x00007a6d27088998
9878496.0,3634084,python,[JIT],0x0000731ba2206998
9873641.0,3634040,python,[JIT],0x0000766aade13ee4
9858352.0,3634062,python,python,_PyNumber_PowerNoMod
9849477.0,3634062,python,[JIT],0x0000758d927ce1bd
9832562.0,3634051,python,[JIT],0x00007a6d2708718c
9831698.0,3634084,python,python,PyLong_FromLong
9822138.0,3634040,python,[JIT],0x0000766aade13546
9805642.0,3634022,python,[JIT],0x000078e61547a546
9803861.0,3634062,python,[JIT],0x0000758d926c54ef
9716349.0,3634051,python,python,_PyEval_EvalFrameDefault
8940000.0,3634062,python,[JIT],0x0000758d926c355c
8939389.0,3634029,python,[JIT],0x000077a02e614f00
8937901.0,3634062,python,[JIT],0x0000758d926c334b
8937287.0,3634062,python,[JIT],0x0000758d926c49a0
8935974.0,3634062,python,[JIT],0x0000758d927cecc3
8935813.0,3634073,python,[JIT],0x00007373dcd9d9e1
8934570.0,3634084,python,[JIT],0x0000731ba2206689
8934163.0,3634073,python,[JIT],0x00007373dcd9d33a
8933187.0,3634062,python,[JIT],0x0000758d927ce0ce
8932920.0,3634029,python,[JIT],0x000077a02e615526
8932200.0,3634022,python,python,_PyLong_FromMedium
8931945.0,3634084,python,[JIT],0x0000731ba2205546
8931560.0,3634062,python,[JIT],0x0000758d926c5217
8929773.0,3634022,python,[JIT],0x000078e61547a609
8928885.0,3634022,python,[JIT],0x000078e61547b2b3
8927252.0,3634022,python,[JIT],0x000078e61547b1c2
8927202.0,3634051,python,[JIT],0x00007a6d276eb1b4
8926993.0,3634084,python,[JIT],0x0000731ba2206f00
8926849.0,3634040,python,[JIT],0x0000766aade14f00
8926781.0,3634022,python,[JIT],0x000078e61547b794
8926767.0,3634062,python,[JIT],0x0000758d926c3321
8926468.0,3634040,python,[JIT],0x0000766aad6ce99f
8926432.0,3634062,python,[JIT],0x0000758d926c3324
8926096.0,3634084,python,python,_PyLong_FromMedium
8925593.0,3634022,python,[JIT],0x000078e61547c234
8924962.0,3634084,python,[JIT],0x0000731ba2205ffd
8924528.0,3634084,python,[JIT],0x0000731ba22068b7
8923401.0,3634084,python,[JIT],0x0000731ba220568a
8922927.0,3634022,python,python,pow@plt
8922878.0,3634029,python,python,_Py_NewReference
8921866.0,3634073,python,[JIT],0x00007373dcd9e89c
8921251.0,3634040,python,[JIT],0x0000766aade131a0
8919540.0,3634022,python,[JIT],0x000078e61547a194
8918591.0,3634084,python,[JIT],0x0000731ba220621a
8917577.0,3634022,python,[JIT],0x000078e61547a56d
8917406.0,3634073,python,libc.so.6,__errno_location
8917072.0,3634051,python,[JIT],0x00007a6d276eb67b
8916151.0,3634073,python,[JIT],0x00007373dcd9d277
8915042.0,3634040,python,[JIT],0x0000766aade1361f
8914118.0,3634029,python,[JIT],0x000077a02e6145a0
8913671.0,3634062,python,[JIT],0x0000758d926c4f00
8913229.0,3634051,python,[JIT],0x00007a6d270889a0
8912738.0,3634022,python,[JIT],0x000078e61547b2ed
8912142.0,3634084,python,[JIT],0x0000731ba220531c
8912036.0,3634022,python,[JIT],0x000078e6155bfcc3
8910344.0,3634062,python,[JIT],0x0000758d926c3a7d
8909889.0,3634040,python,[JIT],0x0000766aade14287
8908676.0,3634029,python,[JIT],0x000077a02e613267
8907628.0,3634073,python,[JIT],0x00007373dcd9f2fa
8905457.0,3634062,python,[JIT],0x0000758d926c3127
8905366.0,3634022,python,[JIT],0x000078e61547bbce
8904898.0,3634022,python,[JIT],0x000078e61547ba2f
8904536.0,3634022,python,[JIT],0x000078e61547c345
8903168.0,3634084,python,[JIT],0x0000731ba2205a91
8902691.0,3634040,python,[JIT],0x0000766aade14ee5
8902348.0,3634051,python,[JIT],0x00007a6d27087ea2
8901990.0,3634040,python,[JIT],0x0000766aade140a5
8901759.0,3634040,python,[JIT],0x0000766aade14aa2
8900731.0,3634073,python,[JIT],0x00007373dcd9f217
8900458.0,3634062,python,[JIT],0x0000758d926c489c
8899048.0,3634029,python,[JIT],0x000077a02e6149a0
8896802.0,3634040,python,[JIT],0x0000766aade134b0
8895823.0,3634029,python,[JIT],0x000077a02e61426e
8894492.0,3634040,python,[JIT],0x0000766aad6ce1b4
8892373.0,3634040,python,[JIT],0x0000766aade14495
8878917.0,3634051,python,[JIT],0x00007a6d27089300
8877762.0,3634040,python,[JIT],0x0000766aade1489c
8876636.0,3634022,python,[JIT],0x000078e61547a11f
8875809.0,3634051,python,[JIT],0x00007a6d276ebcc3
8866803.0,3634051,python,[JIT],0x00007a6d2708731c
8859809.0,3634022,python,[JIT],0x000078e6155bf45b
8851851.0,3634084,python,[JIT],0x0000731ba220532a
8846569.0,3634029,python,[JIT],0x000077a02e615300
8827058.0,3634062,python,[JIT],0x0000758d926c3d54
8795718.0,3634084,python,[JIT],0x0000731ba2205267
8788122.0,3634029,python,[JIT],0x000077a02e6152f4
8758287.0,3634062,python,[JIT],0x0000758d926c563e
8747643.0,3634051,python,[JIT],0x00007a6d2708928f
8743521.0,3634062,python,[JIT],0x0000758d926c318c
8173357.0,3634029,python,[JIT],0x000077a02e61318c
7946813.0,3634029,python,[JIT],0x000077a02e613f7b
7946805.0,3634062,python,[JIT],0x0000758d926c5667
7946588.0,3634022,python,[JIT],0x000078e61547a4b0
7945994.0,3634073,python,[JIT],0x00007373dcd9d3cb
7945662.0,3634073,python,[JIT],0x00007373dcd9f005
7945335.0,3634084,python,[JIT],0x0000731ba2205673
7945169.0,3634051,python,[JIT],0x00007a6d27088f00
7945064.0,3634062,python,[JIT],0x0000758d926c3179
7944824.0,3634084,python,[JIT],0x0000731ba2205396
7944774.0,3634084,python,[JIT],0x0000731ba22055a9
7943971.0,3634051,python,[JIT],0x00007a6d27087a7d
7943391.0,3634073,python,python,_Py_NewReference
7943320.0,3634040,python,[JIT],0x0000766aade145a0
7943272.0,3634062,python,[JIT],0x0000758d926c496d
7942779.0,3634084,python,[JIT],0x0000731ba22057b6
7941179.0,3634084,python,[JIT],0x0000731ba220554c
7941020.0,3634051,python,[JIT],0x00007a6d27088bb3
7939927.0,3634022,python,[JIT],0x000078e61547b5a8
7939759.0,3634073,python,[JIT],0x00007373dcd9f2f4
7939722.0,3634073,python,[JIT],0x00007373dcd9dfbc
7939687.0,3634084,python,[JIT],0x0000731ba2e3a67b
7938838.0,3634073,python,[JIT],0x00007373dcd9e31d
7938440.0,3634040,python,[JIT],0x0000766aad6ce2cf
7938147.0,3634084,python,[JIT],0x0000731ba2206d1c
7938109.0,3634062,python,[JIT],0x0000758d926c361f
7938096.0,3634073,python,[JIT],0x00007373dcd9d630
7937873.0,3634040,python,[JIT],0x0000766aade147a9
7937847.0,3634040,python,[JIT],0x0000766aade14bc6
7937268.0,3634040,python,[JIT],0x0000766aade1355c
7937116.0,3634022,python,[JIT],0x000078e6155bf53c
7937074.0,3634062,python,[JIT],0x0000758d926c33cb
7936958.0,3634084,python,[JIT],0x0000731ba2e3a2e8
7936943.0,3634062,python,[JIT],0x0000758d926c48b7
7936719.0,3634029,python,[JIT],0x000077a02e615536
7935983.0,3634051,python,[JIT],0x00007a6d27087720
7935766.0,3634084,python,[JIT],0x0000731ba2206f1a
7935648.0,3634073,python,[JIT],0x00007373dd613540
7935556.0,3634084,python,[JIT],0x0000731ba2207005
7935421.0,3634022,python,[JIT],0x000078e61547a61f
7935257.0,3634062,python,[JIT],0x0000758d926c4d01
7934999.0,3634062,python,[JIT],0x0000758d926c4dd4
7934517.0,3634051,python,[JIT],0x00007a6d27087f5c
7934310.0,3634022,python,[JIT],0x000078e61547b180
7934059.0,3634040,python,[JIT],0x0000766aade14cd2
7934004.0,3634062,python,[JIT],0x0000758d926c3f10
7933917.0,3634022,python,[JIT],0x000078e61547b14c
7933347.0,3634029,python,[JIT],0x000077a02e6133cb
7933347.0,3634073,python,[JIT],0x00007373dcd9d68a
7933306.0,3634062,python,[JIT],0x0000758d926c385f
7932896.0,3634051,python,[JIT],0x00007a6d270892dd
7932845.0,3634062,python,[JIT],0x0000758d922b63ea
7932147.0,3634022,python,[JIT],0x000078e61547b0a5
7931875.0,3634051,python,[JIT],0x00007a6d27087fa4
7931652.0,3634029,python,[JIT],0x000077a02e61361f
7931556.0,3634022,python,[JIT],0x000078e61547b474
7931470.0,3634062,python,[JIT],0x0000758d926c311b
7930667.0,3634051,python,[JIT],0x00007a6d27087dd6
7929944.0,3634040,python,[JIT],0x0000766aade14c9f
7929226.0,3634073,python,libm.so.6,__pow_finite@GLIBC_2.15@plt
7929197.0,3634051,python,[JIT],0x00007a6d27088287
7928641.0,3634022,python,[JIT],0x000078e61547ae89
7928496.0,3634084,python,libc.so.6,__errno_location
7928194.0,3634051,python,[JIT],0x00007a6d276eb99f
7927521.0,3634022,python,[JIT],0x000078e61547ab1d
7927223.0,3634073,python,[JIT],0x00007373dcd9efe9
7926466.0,3634084,python,[JIT],0x0000731ba22072f4
7926421.0,3634022,python,[JIT],0x000078e61547b120
7926415.0,3634051,python,[JIT],0x00007a6d27088544
7926382.0,3634062,python,[JIT],0x0000758d926c4652
7925950.0,3634084,python,[JIT],0x0000731ba22072f8
7925626.0,3634040,python,[JIT],0x0000766aade15300
7925233.0,3634022,python,[JIT],0x000078e61547a684
7924784.0,3634029,python,[JIT],0x000077a02e614b8b
7923912.0,3634084,python,[JIT],0x0000731ba2207033
7923688.0,3634029,python,[JIT],0x000077a02e6131a0
7922631.0,3634029,python,[JIT],0x000077a02e613dd2
7921880.0,3634062,python,[JIT],0x0000758d926c3277
7921715.0,3634040,python,[JIT],0x0000766aade1431d
7920389.0,3634084,python,[JIT],0x0000731ba2206caf
7919955.0,3634022,python,[JIT],0x000078e61547a324
7916160.0,3634022,python,[JIT],0x000078e61547a127
7915687.0,3634051,python,[JIT],0x00007a6d27087ecd
7915538.0,3634022,python,[JIT],0x000078e61547abd4
7912911.0,3634029,python,[JIT],0x000077a02e638bab
7912205.0,3634022,python,[JIT],0x000078e61547a25e
7911893.0,3634022,python,[JIT],0x000078e61547b02b
7911649.0,3634040,python,[JIT],0x0000766aade1521f
7910023.0,3634073,python,[JIT],0x00007373dcd9d609
7906308.0,3634029,python,[JIT],0x000077a02e63867b
7905900.0,3634073,python,[JIT],0x00007373dcd9ef8d
7905685.0,3634029,python,[JIT],0x000077a02e61333a
7904497.0,3634051,python,[JIT],0x00007a6d276eb11f
7903416.0,3634040,python,[JIT],0x0000766aad6ceac2
7899304.0,3634040,python,[JIT],0x0000766aade1318c
7885413.0,3634073,python,[JIT],0x00007373dcd9ef00
7884782.0,3634040,python,[JIT],0x0000766aade13609
7879569.0,3634073,python,python,_PyNumber_PowerNoMod
7874901.0,3634062,python,python,float_pow
7873967.0,3634051,python,[JIT],0x00007a6d27087ee4
7870409.0,3634040,python,[JIT],0x0000766aade14fb6
7866435.0,3634029,python,[JIT],0x000077a02e613b7e
7858268.0,3634073,python,[JIT],0x00007373dd61399f
7846932.0,3634029,python,[JIT],0x000077a02e6387a2
7845241.0,3634062,python,[JIT],0x0000758d926c4ef8
7844812.0,3634040,python,[JIT],0x0000766aade14bce
7835931.0,3634040,python,[JIT],0x0000766aade1311f
7834937.0,3634062,python,[JIT],0x0000758d926c333a
7833951.0,3634040,python,python,PyLong_FromLong
7809081.0,3634040,python,[JIT],0x0000766aade15334
7786823.0,3634040,python,[JIT],0x0000766aad6ce1bd
7681608.0,3634084,python,[JIT],0x0000731ba2206b2f
7618987.0,3634073,python,[JIT],0x00007373dcd9d1a0
6953484.0,3634062,python,[JIT],0x0000758d926c540b
6953315.0,3634073,python,[JIT],0x00007373dcd9d601
6953154.0,3634062,python,[JIT],0x0000758d926c4401
6953110.0,3634051,python,[JIT],0x00007a6d27088d61
6953096.0,3634051,python,[JIT],0x00007a6d27088bc6
6953030.0,3634084,python,[JIT],0x0000731ba2206e61
6952722.0,3634022,python,[JIT],0x000078e61547b36c
6952490.0,3634084,python,[JIT],0x0000731ba220511f
6952308.0,3634084,python,[JIT],0x0000731ba22060e8
6952116.0,3634051,python,[JIT],0x00007a6d27089402
6952102.0,3634084,python,[JIT],0x0000731ba220629a
6951727.0,3634051,python,[JIT],0x00007a6d27087ca2
6951619.0,3634029,python,[JIT],0x000077a02e61395d
6951471.0,3634029,python,[JIT],0x000077a02e614253
6951462.0,3634073,python,[JIT],0x00007373dcd9ed56
6951451.0,3634022,python,[JIT],0x000078e61547c420
6951355.0,3634062,python,[JIT],0x0000758d926c30ea
6951311.0,3634051,python,[JIT],0x00007a6d270887b1
6951302.0,3634029,python,[JIT],0x000077a02e614794
6951269.0,3634073,python,[JIT],0x00007373dcd9eebd
6951192.0,3634040,python,[JIT],0x0000766aad6cecc3
6951149.0,3634084,python,[JIT],0x0000731ba22069a0
6951141.0,3634084,python,[JIT],0x0000731ba2e3a2ca
6950971.0,3634051,python,[JIT],0x00007a6d27088ddd
6950944.0,3634040,python,[JIT],0x0000766aad6ce887
6950886.0,3634022,python,[JIT],0x000078e61547bab0
6950801.0,3634073,python,[JIT],0x00007373dcd9f63e
6950767.0,3634062,python,[JIT],0x0000758d926c4689
6950765.0,3634051,python,[JIT],0x00007a6d270881c2
6950583.0,3634040,python,[JIT],0x0000766aad6ce540
6950561.0,3634029,python,[JIT],0x000077a02e6131df
6950475.0,3634073,python,[JIT],0x00007373dcd9e8bf
6950413.0,3634029,python,[JIT],0x000077a02e6145a8
6950397.0,3634084,python,[JIT],0x0000731ba2205127
6950173.0,3634029,python,[JIT],0x000077a02e613546
6950091.0,3634062,python,[JIT],0x0000758d926c50de
6950080.0,3634051,python,[JIT],0x00007a6d27089050
6949795.0,3634062,python,[JIT],0x0000758d926c51fc
6949626.0,3634084,python,[JIT],0x0000731ba2207526
6948974.0,3634022,python,[JIT],0x000078e61547b969
6948841.0,3634062,python,[JIT],0x0000758d926c5199
6948657.0,3634084,python,[JIT],0x0000731ba2205601
6948290.0,3634022,python,[JIT],0x000078e61547b928
6947948.0,3634073,python,[JIT],0x00007373dcd9e467
6947791.0,3634084,python,[JIT],0x0000731ba220555c
6947701.0,3634022,python,[JIT],0x000078e61547bac8
6947658.0,3634040,python,[JIT],0x0000766aade13a91
6947487.0,3634084,python,[JIT],0x0000731ba220620f
6947391.0,3634029,python,[JIT],0x000077a02e6154ef
6946887.0,3634029,python,[JIT],0x000077a02e615033
6946551.0,3634022,python,[JIT],0x000078e61547c526
6946515.0,3634051,python,[JIT],0x00007a6d27089217
6946245.0,3634084,python,[JIT],0x0000731ba2205d54
6946105.0,3634062,python,[JIT],0x0000758d926c54eb
6945910.0,3634084,python,[JIT],0x0000731ba2206348
6945476.0,3634062,python,[JIT],0x0000758d926c3139
6945175.0,3634062,python,[JIT],0x0000758d927ce87f
6945161.0,3634022,python,[JIT],0x000078e61547af20
6945116.0,3634029,python,[JIT],0x000077a02e6151fc
6944221.0,3634073,python,[JIT],0x00007373dcd9d41a
6943953.0,3634029,python,[JIT],0x000077a02e615229
6943857.0,3634040,python,[JIT],0x0000766aade1397a
6943836.0,3634022,python,[JIT],0x000078e61547b0cb
6943685.0,3634022,python,[JIT],0x000078e61547b401
6943523.0,3634040,python,[JIT],0x0000766aad6ce67b
6943392.0,3634040,python,[JIT],0x0000766aade14474
6943279.0,3634022,python,[JIT],0x000078e6155bfac2
6943213.0,3634022,python,[JIT],0x000078e61547ab8e
6942851.0,3634040,python,[JIT],0x0000766aade150eb
6942774.0,3634029,python,[JIT],0x000077a02e6145b2
6942774.0,3634040,python,[JIT],0x0000766aade13cbe
6942764.0,3634073,python,[JIT],0x00007373dcd9ec35
6942705.0,3634022,python,[JIT],0x000078e61547a601
6942205.0,3634022,python,[JIT],0x000078e61547adc0
6941825.0,3634073,python,[JIT],0x00007373dcd9e6e1
6941104.0,3634073,python,[JIT],0x00007373dcd9ebe0
6941097.0,3634062,python,[JIT],0x0000758d926c37b6
6940918.0,3634073,python,[JIT],0x00007373dd61367b
6940658.0,3634073,python,[JIT],0x00007373dcd9d060
6940379.0,3634051,python,[JIT],0x00007a6d270876d7
6940060.0,3634029,python,[JIT],0x000077a02e613b2b
6939690.0,3634051,python,[JIT],0x00007a6d270878ca
6939648.0,3634062,python,[JIT],0x0000758d926c41ac
6939259.0,3634022,python,[JIT],0x000078e61547c4a3
6939136.0,3634084,python,[JIT],0x0000731ba22059f0
6938781.0,3634022,python,[JIT],0x000078e61547b7b1
6937304.0,3634051,python,[JIT],0x00007a6d2708948f
6936302.0,3634051,python,[JIT],0x00007a6d27088cd2
6936250.0,3634022,python,[JIT],0x000078e61547bea1
6936188.0,3634073,python,[JIT],0x00007373dcd9e96d
6936111.0,3634022,python,[JIT],0x000078e61547aad4
6936091.0,3634062,python,python,pow@plt
6935822.0,3634040,python,[JIT],0x0000766aade13720
6935655.0,3634051,python,[JIT],0x00007a6d27087966
6935278.0,3634029,python,[JIT],0x000077a02e6136c8
6934761.0,3634022,python,libc.so.6,__errno_location
6934728.0,3634062,python,[JIT],0x0000758d926c45a0
6934715.0,3634062,python,[JIT],0x0000758d926c3270
6934639.0,3634022,python,[JIT],0x000078e61547ae98
6934048.0,3634051,python,[JIT],0x00007a6d27088fe9
6933947.0,3634040,python,[JIT],0x0000766aade14bd6
6933851.0,3634084,python,[JIT],0x0000731ba220575e
6933562.0,3634040,python,[JIT],0x0000766aade131a8
6933435.0,3634073,python,[JIT],0x00007373dcd9f1d4
6932917.0,3634029,python,[JIT],0x000077a02e613966
6931844.0,3634062,python,[JIT],0x0000758d926c52be
6931805.0,3634084,python,[JIT],0x0000731ba2206aa2
6931570.0,3634051,python,[JIT],0x00007a6d270885d8
6931251.0,3634084,python,[JIT],0x0000731ba2206fdd
6930548.0,3634062,python,[JIT],0x0000758d926c3c24
6930449.0,3634040,python,[JIT],0x0000766aade1325e
6930186.0,3634022,python,[JIT],0x000078e61547b5a0
6929757.0,3634040,python,[JIT],0x0000766aade15109
6929483.0,3634051,python,[JIT],0x00007a6d270887a9
6929230.0,3634073,python,[JIT],0x00007373dcd9d31c
6928944.0,3634051,python,[JIT],0x00007a6d270880bb
6928749.0,3634029,python,[JIT],0x000077a02e61489c
6928224.0,3634073,python,[JIT],0x00007373dcd9d8ca
6928044.0,3634084,python,[JIT],0x0000731ba22065b2
6927895.0,3634073,python,[JIT],0x00007373dcd9d75e
6927583.0,3634051,python,[JIT],0x00007a6d2708892f
6927075.0,3634029,python,[JIT],0x000077a02e6146ff
6926686.0,3634084,python,[JIT],0x0000731ba220738f
6926326.0,3634029,python,[JIT],0x000077a02e6140f7
6926234.0,3634084,python,[JIT],0x0000731ba2206d61
6925905.0,3634084,python,[JIT],0x0000731ba22058ca
6924977.0,3634051,python,[JIT],0x00007a6d270892f4
6924165.0,3634029,python,[JIT],0x000077a02e614caf
6923703.0,3634029,python,[JIT],0x000077a02e6138eb
6923501.0,3634040,python,[JIT],0x0000766aade138e5
6923371.0,3634022,python,[JIT],0x000078e61547a31c
6923277.0,3634051,python,[JIT],0x00007a6d2708725e
6922820.0,3634062,python,[JIT],0x0000758d926c5528
6921745.0,3634022,python,[JIT],0x000078e61547b253
6921559.0,3634022,python,[JIT],0x000078e61547b901
6920479.0,3634029,python,[JIT],0x000077a02e613388
6920128.0,3634073,python,[JIT],0x00007373dcd9eac0
6920050.0,3634029,python,[JIT],0x000077a02e613720
6919656.0,3634051,python,[JIT],0x00007a6d270874b0
6918839.0,3634051,python,[JIT],0x00007a6d270886bd
6918101.0,3634073,python,[JIT],0x00007373dcd9e372
6917137.0,3634040,python,[JIT],0x0000766aade15526
6916130.0,3634073,python,[JIT],0x00007373dcd9e401
6915507.0,3634022,python,[JIT],0x000078e61547b28a
6914702.0,3634029,python,[JIT],0x000077a02e6148bf
6913328.0,3634022,python,[JIT],0x000078e61547ba13
6912790.0,3634084,python,[JIT],0x0000731ba2206526
6912366.0,3634084,python,[JIT],0x0000731ba22065a0
6904390.0,3634073,python,[JIT],0x00007373dcd9d91d
6901358.0,3634051,python,[JIT],0x00007a6d270873cb
6901027.0,3634040,python,[JIT],0x0000766aade137b6
6893162.0,3634040,python,[JIT],0x0000766aade13d54
6887246.0,3634029,python,[JIT],0x000077a02e6382d8
6869104.0,3634062,python,[JIT],0x0000758d926c45d8
6866524.0,3634062,python,[JIT],0x0000758d926c47b1
6864502.0,3634073,python,[JIT],0x00007373dcd9ef67
6862779.0,3634029,python,[JIT],0x000077a02e614fb6
6850560.0,3634022,python,[JIT],0x000078e61547bd65
6841961.0,3634051,python,[JIT],0x00007a6d2708827f
6837140.0,3634040,python,[JIT],0x0000766aade15384
6834412.0,3634029,python,[JIT],0x000077a02e614689
6828482.0,3634029,python,[JIT],0x000077a02e61539c
6813649.0,3634040,python,[JIT],0x0000766aade15178
5960349.0,3634022,python,[JIT],0x000078e61547b29a
5960242.0,3634084,python,[JIT],0x0000731ba220678b
5960136.0,3634084,python,[JIT],0x0000731ba220591d
5960096.0,3634022,python,[JIT],0x000078e61547b3f1
5960045.0,3634084,python,[JIT],0x0000731ba2207667
5959962.0,3634062,python,[JIT],0x0000758d926c497d
5959820.0,3634084,python,[JIT],0x0000731ba2205cbe
5959809.0,3634051,python,[JIT],0x00007a6d27087ca6
5959800.0,3634073,python,[JIT],0x00007373dcd9db7e
5959794.0,3634062,python,[JIT],0x0000758d926c449c
5959757.0,3634073,python,[JIT],0x00007373dcd9e718
5959748.0,3634029,python,[JIT],0x000077a02e613ed4
5959734.0,3634084,python,[JIT],0x0000731ba2206551
5959645.0,3634062,python,[JIT],0x0000758d926c3ff0
5959623.0,3634029,python,python,pow@plt
5959616.0,3634022,python,[JIT],0x000078e61547bbc6
5959562.0,3634022,python,[JIT],0x000078e61547b39e
5959513.0,3634084,python,[JIT],0x0000731ba2206253
5959419.0,3634084,python,[JIT],0x0000731ba22074eb
5959364.0,3634084,python,[JIT],0x0000731ba220602b
5959363.0,3634029,python,[JIT],0x000077a02e61341a
5959280.0,3634051,python,[JIT],0x00007a6d270894ef
5959200.0,3634029,python,[JIT],0x000077a02e61478b
5959186.0,3634073,python,[JIT],0x00007373dcd9ec46
5959127.0,3634062,python,[JIT],0x0000758d926c4b21
5959120.0,3634062,python,libc.so.6,__errno_location
5959117.0,3634051,python,libm.so.6,__pow_finite@GLIBC_2.15@plt
5959092.0,3634022,python,[JIT],0x000078e61547a18c
5959001.0,3634051,python,[JIT],0x00007a6d2708808c
5958938.0,3634084,python,[JIT],0x0000731ba220740b
5958915.0,3634022,python,[JIT],0x000078e61547a9e1
5958906.0,3634051,python,[JIT],0x00007a6d27088b6f
5958871.0,3634062,python,[JIT],0x0000758d926c421a
5958864.0,3634062,python,[JIT],0x0000758d926c397a
5958861.0,3634084,python,[JIT],0x0000731ba220649c
5958752.0,3634062,python,[JIT],0x0000758d926c506d
5958735.0,3634073,python,[JIT],0x00007373dcd9e113
5958733.0,3634029,python,[JIT],0x000077a02e6130ce
5958724.0,3634051,python,[JIT],0x00007a6d27087259
5958545.0,3634022,python,[JIT],0x000078e61547c078
5958306.0,3634073,python,[JIT],0x00007373dcd9e818
5958299.0,3634073,python,[JIT],0x00007373dcd9d3a7
5958237.0,3634040,python,[JIT],0x0000766aade14cee
5958183.0,3634022,python,[JIT],0x000078e615082420
5958171.0,3634084,python,[JIT],0x0000731ba22061c2
5958120.0,3634073,python,[JIT],0x00007373dcd9e905
5958108.0,3634029,python,[JIT],0x000077a02e6148c3
5958088.0,3634022,python,[JIT],0x000078e61547af7b
5958033.0,3634029,python,[JIT],0x000077a02e614a24
5957960.0,3634022,python,[JIT],0x000078e61547c536
5957922.0,3634040,python,[JIT],0x0000766aade1520f
5957863.0,3634062,python,libm.so.6,pow@@GLIBC_2.29
5957842.0,3634040,python,[JIT],0x0000766aade14cc6
5957744.0,3634022,python,[JIT],0x000078e61547a821
5957625.0,3634051,python,[JIT],0x00007a6d270878d9
5957586.0,3634022,python,[JIT],0x000078e61547a1a8
5957547.0,3634084,python,[JIT],0x0000731ba220754e
5957537.0,3634022,python,[JIT],0x000078e61547b189
5957461.0,3634022,python,[JIT],0x000078e6155bf2d8
5957459.0,3634022,python,[JIT],0x000078e61547b6b5
5957431.0,3634022,python,[JIT],0x000078e61547a41a
5957221.0,3634040,python,[JIT],0x0000766aade152f4
5957181.0,3634040,python,[JIT],0x0000766aade13267
5957169.0,3634073,python,[JIT],0x00007373dcd9d333
5957128.0,3634073,python,[JIT],0x00007373dcd9d65d
5957128.0,3634062,python,[JIT],0x0000758d926c505f
5957104.0,3634040,python,[JIT],0x0000766aade139e1
5956943.0,3634084,python,[JIT],0x0000731ba22061ac
5956879.0,3634073,python,[JIT],0x00007373dcd9d11b
5956693.0,3634029,python,[JIT],0x000077a02e615540
5956660.0,3634062,python,[JIT],0x0000758d926c4329
5956645.0,3634022,python,[JIT],0x000078e61547c20f
5956572.0,3634029,python,[JIT],0x000077a02e6138ca
5956518.0,3634062,python,[JIT],0x0000758d926c4905
5956288.0,3634040,python,python,pow@plt
5956280.0,3634051,python,[JIT],0x00007a6d276eb87b
5956263.0,3634040,python,[JIT],0x0000766aade151c5
5955561.0,3634040,python,[JIT],0x0000766aade13333
5955560.0,3634073,python,[JIT],0x00007373dcd9ed6e
5955348.0,3634040,python,[JIT],0x0000766aade139fc
5955161.0,3634084,python,[JIT],0x0000731ba22071d4
5955089.0,3634084,python,[JIT],0x0000731ba22066d3
5955057.0,3634029,python,[JIT],0x000077a02e615384
5955040.0,3634040,python,[JIT],0x0000766aade152be
5954956.0,3634029,python,[JIT],0x000077a02e6149d4
5954945.0,3634062,python,[JIT],0x0000758d926c4fb6
5954912.0,3634073,python,[JIT],0x00007373dcd9d543
5954778.0,3634084,python,[JIT],0x0000731ba2205060
5954499.0,3634022,python,[JIT],0x000078e61547b467
5954419.0,3634051,python,[JIT],0x00007a6d270876fb
5954414.0,3634084,python,[JIT],0x0000731ba2e3a1bd
5954200.0,3634073,python,[JIT],0x00007373dcd9f38f
5954126.0,3634040,python,[JIT],0x0000766aade14329
5954060.0,3634073,python,[JIT],0x00007373dcd9efe1
5953835.0,3634062,python,[JIT],0x0000758d926c4227
5953657.0,3634051,python,[JIT],0x00007a6d27088ebd
5953610.0,3634084,python,[JIT],0x0000731ba2205261
5953457.0,3634040,python,[JIT],0x0000766aade153d6
5953364.0,3634073,python,[JIT],0x00007373dcd9ef12
5953339.0,3634084,python,[JIT],0x0000731ba2206ebd
5953237.0,3634040,python,[JIT],0x0000766aade13179
5953192.0,3634084,python,[JIT],0x0000731ba2205dee
5953102.0,3634084,python,[JIT],0x0000731ba220553e
5953099.0,3634029,python,[JIT],0x000077a02e63811f
5953065.0,3634062,python,[JIT],0x0000758d926c3a94
5952924.0,3634022,python,[JIT],0x000078e61547af33
5952846.0,3634073,python,[JIT],0x00007373dcd9e504
5952632.0,3634022,python,[JIT],0x000078e6155bf2e8
5952565.0,3634051,python,[JIT],0x00007a6d27088caf
5952420.0,3634073,python,[JIT],0x00007373dd6132ca
5952160.0,3634073,python,[JIT],0x00007373dcd9d0ea
5952092.0,3634051,python,[JIT],0x00007a6d27088a2f
5952032.0,3634029,python,[JIT],0x000077a02e613a7d
5952031.0,3634029,python,[JIT],0x000077a02e613cbe
5951943.0,3634073,python,[JIT],0x00007373dcd9dd54
5951921.0,3634062,python,[JIT],0x0000758d927ce11f
5951911.0,3634040,python,[JIT],0x0000766aade143b4
5951661.0,3634029,python,[JIT],0x000077a02e6134b0
5951649.0,3634062,python,[JIT],0x0000758d926c5526
5951634.0,3634029,python,[JIT],0x000077a02e614be0
5951585.0,3634084,python,[JIT],0x0000731ba22061d2
5951401.0,3634051,python,[JIT],0x00007a6d276eb2cf
5951076.0,3634051,python,[JIT],0x00007a6d2708755c
5951006.0,3634029,python,[JIT],0x000077a02e614f4e
5950584.0,3634022,python,[JIT],0x000078e61547c648
5950385.0,3634084,python,[JIT],0x0000731ba220720f
5950336.0,3634051,python,[JIT],0x00007a6d27087983
5950213.0,3634029,python,[JIT],0x000077a02e2ec00a
5950193.0,3634073,python,[JIT],0x00007373dcd9eb2f
5950167.0,3634029,python,[JIT],0x000077a02e61491e
5950131.0,3634051,python,[JIT],0x00007a6d27088689
5950082.0,3634073,python,[JIT],0x00007373dc9a535d
5950008.0,3634040,python,[JIT],0x0000766aade146ff
5949943.0,3634062,python,[JIT],0x0000758d926c5178
5949762.0,3634084,python,[JIT],0x0000731ba2205c41
5949659.0,3634022,python,[JIT],0x000078e61547c288
5949638.0,3634022,python,[JIT],0x000078e61547b108
5949523.0,3634022,python,python,PyLong_FromLong
5949387.0,3634084,python,[JIT],0x0000731ba2205863
5949309.0,3634073,python,[JIT],0x00007373dcd9dfa4
5949281.0,3634062,python,[JIT],0x0000758d926c531c
5949263.0,3634073,python,[JIT],0x00007373dcd9d56d
5949222.0,3634062,python,[JIT],0x0000758d926c46e1
5949123.0,3634029,python,[JIT],0x000077a02e6381b4
5949096.0,3634084,python,[JIT],0x0000731ba220675f
5948738.0,3634062,python,[JIT],0x0000758d926c4944
5948694.0,3634029,python,[JIT],0x000077a02e614b2f
5948492.0,3634029,python,[JIT],0x000077a02e614e53
5948271.0,3634062,python,[JIT],0x0000758d926c524f
5948224.0,3634084,python,[JIT],0x0000731ba2e3a99f
5948197.0,3634073,python,[JIT],0x00007373dcd9de89
5948116.0,3634073,python,[JIT],0x00007373dcd9f078
5948106.0,3634084,python,[JIT],0x0000731ba220701d
5948067.0,3634029,python,[JIT],0x000077a02e61353e
5947914.0,3634062,python,[JIT],0x0000758d926c4518
5947897.0,3634022,python,[JIT],0x000078e61547b5bd
5947868.0,3634029,python,[JIT],0x000077a02e614120
5947802.0,3634051,python,[JIT],0x00007a6d271c719d
5947699.0,3634040,python,[JIT],0x0000766aade14994
5947657.0,3634022,python,[JIT],0x000078e61547b55d
5947545.0,3634029,python,[JIT],0x000077a02e614951
5947330.0,3634084,python,[JIT],0x0000731ba220590f
5947217.0,3634084,python,[JIT],0x0000731ba220640e
5947191.0,3634040,python,[JIT],0x0000766aade151d4
5947163.0,3634084,python,[JIT],0x0000731ba2e3a1b4
5947035.0,3634084,python,[JIT],0x0000731ba2206874
5947005.0,3634062,python,[JIT],0x0000758d926c4874
5946945.0,3634084,python,[JIT],0x0000731ba220718c
5946864.0,3634084,python,[JIT],0x0000731ba2e3aac2
5946624.0,3634084,python,[JIT],0x0000731ba22071fc
5946528.0,3634084,python,[JIT],0x0000731ba2205458
5946113.0,3634022,python,[JIT],0x000078e61547aa09
5946051.0,3634029,python,[JIT],0x000077a02e61548f
5945995.0,3634073,python,python,pow@plt
5945982.0,3634029,python,[JIT],0x000077a02e61439e
5945929.0,3634084,python,[JIT],0x0000731ba22069f8
5945717.0,3634073,python,[JIT],0x00007373dcd9f513
5945708.0,3634029,python,[JIT],0x000077a02e6381af
5945627.0,3634084,python,[JIT],0x0000731ba22071aa
5945446.0,3634062,python,[JIT],0x0000758d926c5513
5945430.0,3634029,python,[JIT],0x000077a02e614ef8
5945207.0,3634022,python,[JIT],0x000078e61547aff0
5945125.0,3634029,python,[JIT],0x000077a02e614681
5944882.0,3634073,python,[JIT],0x00007373dcd9e839
5944746.0,3634073,python,[JIT],0x00007373dcd9e5a0
5944739.0,3634022,python,[JIT],0x000078e61547bef8
5944669.0,3634040,python,[JIT],0x0000766aade14a2f
5944605.0,3634022,python,[JIT],0x000078e61547c2ae
5944347.0,3634029,python,[JIT],0x000077a02e614f8d
5944216.0,3634022,python,[JIT],0x000078e61547b91b
5944158.0,3634051,python,[JIT],0x00007a6d270879f0
5943675.0,3634022,python,[JIT],0x000078e61547bfdd
5943432.0,3634062,python,[JIT],0x0000758d926c3458
5943025.0,3634062,python,[JIT],0x0000758d926c402b
5942938.0,3634051,python,[JIT],0x00007a6d27088f20
5942835.0,3634040,python,[JIT],0x0000766aade13a17
5942574.0,3634040,python,[JIT],0x0000766aade13127
5942537.0,3634062,python,[JIT],0x0000758d926c39e1
5942530.0,3634062,python,[JIT],0x0000758d926c4193
5942173.0,3634084,python,libm.so.6,pow@@GLIBC_2.29
5941363.0,3634051,python,[JIT],0x00007a6d27087127
5941269.0,3634073,python,[JIT],0x00007373dcd9d10c
5941132.0,3634040,python,[JIT],0x0000766aade13396
5941095.0,3634040,python,[JIT],0x0000766aade153f5
5941011.0,3634022,python,[JIT],0x000078e61547aa74
5940350.0,3634040,python,libm.so.6,__pow_finite@GLIBC_2.15@plt
5940135.0,3634040,python,[JIT],0x0000766aade15410
5939763.0,3634062,python,[JIT],0x0000758d926c49ea
5939722.0,3634022,python,[JIT],0x000078e61547adee
5939299.0,3634029,python,[JIT],0x000077a02e614c76
5938931.0,3634029,python,[JIT],0x000077a02e613c24
5938741.0,3634029,python,[JIT],0x000077a02e615648
5938039.0,3634029,python,[JIT],0x000077a02e6152be
5937677.0,3634040,python,[JIT],0x0000766aade148bf
5937580.0,3634022,python,[JIT],0x000078e61547a543
5937368.0,3634029,python,[JIT],0x000077a02e614d61
5937199.0,3634022,python,[JIT],0x000078e61547b725
5936612.0,3634040,python,python,__errno_location@plt
5936202.0,3634051,python,[JIT],0x00007a6d2708905f
5936129.0,3634022,python,[JIT],0x000078e61547a863
5936060.0,3634029,python,[JIT],0x000077a02e613396
5935798.0,3634022,python,[JIT],0x000078e6155bf540
5935055.0,3634073,python,[JIT],0x00007373dcd9e8b7
5934443.0,3634084,python,[JIT],0x0000731ba2206bda
5934243.0,3634062,python,[JIT],0x0000758d926c34b0
5934065.0,3634022,python,[JIT],0x000078e61547c63e
5933850.0,3634040,python,[JIT],0x0000766aade14227
5933545.0,3634022,python,[JIT],0x000078e61547b1ef
5933513.0,3634051,python,[JIT],0x00007a6d27087b5e
5933379.0,3634051,python,[JIT],0x00007a6d27088fdd
5933175.0,3634051,python,[JIT],0x00007a6d27089237
5933126.0,3634073,python,[JIT],0x00007373dcd9d684
5932778.0,3634073,python,[JIT],0x00007373dcd9ebc6
5931962.0,3634062,python,[JIT],0x0000758d926c3dd6
5931953.0,3634040,python,[JIT],0x0000766aade1368a
5931804.0,3634073,python,[JIT],0x00007373dcd9f199
5931439.0,3634073,python,[JIT],0x00007373dcd9da34
5931087.0,3634051,python,[JIT],0x00007a6d27087af8
5931085.0,3634073,python,[JIT],0x00007373dcd9e120
5930574.0,3634022,python,[JIT],0x000078e61547a8d5
5930334.0,3634040,python,[JIT],0x0000766aade14c90
5929313.0,3634022,python,[JIT],0x000078e61547aaf8
5929078.0,3634062,python,[JIT],0x0000758d926c4998
5926746.0,3634084,python,[JIT],0x0000731ba220584f
5924900.0,3634029,python,[JIT],0x000077a02e614f12
5924731.0,3634022,python,[JIT],0x000078e6155bf1b4
5924652.0,3634051,python,[JIT],0x00007a6d2708716b
5924488.0,3634040,python,[JIT],0x0000766aade1420f
5922951.0,3634029,python,[JIT],0x000077a02e6141c2
5922669.0,3634040,python,[JIT],0x0000766aade139e6
5922110.0,3634073,python,[JIT],0x00007373dcd9d854
5920894.0,3634040,python,[JIT],0x0000766aade1495e
5920523.0,3634029,python,[JIT],0x000077a02e638ac2
5920091.0,3634073,python,[JIT],0x00007373dcd9f0f9
5920072.0,3634051,python,[JIT],0x00007a6d270880cb
5920050.0,3634084,python,[JIT],0x0000731ba220716a
5919694.0,3634022,python,[JIT],0x000078e61547c111
5918950.0,3634084,python,[JIT],0x0000731ba2205f33
5918923.0,3634062,python,[JIT],0x0000758d926c4aa2
5917106.0,3634073,python,[JIT],0x00007373dcd9e611
5915265.0,3634051,python,[JIT],0x00007a6d2708753e
5912048.0,3634040,python,[JIT],0x0000766aade14561
5911506.0,3634029,python,[JIT],0x000077a02e613806
5910522.0,3634040,python,[JIT],0x0000766aade13e98
5908150.0,3634062,python,[JIT],0x0000758d926c4f1a
5908102.0,3634062,python,[JIT],0x0000758d926c4951
5902310.0,3634051,python,[JIT],0x00007a6d27088ee5
5897281.0,3634084,python,[JIT],0x0000731ba2206ac0
5891382.0,3634073,python,[JIT],0x00007373dcd9ddd2
5870471.0,3634073,python,[JIT],0x00007373dcd9f237
5869867.0,3634029,python,[JIT],0x000077a02e614994
5868770.0,3634040,python,[JIT],0x0000766aade13fe8
5866777.0,3634022,python,[JIT],0x000078e61547b2ce
5861564.0,3634022,python,[JIT],0x000078e61547c16a
5849874.0,3634022,python,[JIT],0x000078e61547a277
5827023.0,3634084,python,[JIT],0x0000731ba2205a34
5789502.0,3634040,python,[JIT],0x0000766aade15237
5186456.0,3634073,python,[JIT],0x00007373dcd9e78b
4966977.0,3634022,python,[JIT],0x000078e61547bf08
4966937.0,3634029,python,[JIT],0x000077a02e613b41
4966933.0,3634062,python,[JIT],0x0000758d926c310c
4966931.0,3634051,python,[JIT],0x00007a6d27087618
4966885.0,3634051,python,[JIT],0x00007a6d270872f4
4966877.0,3634073,python,[JIT],0x00007373dcd9d7b0
4966864.0,3634029,python,[JIT],0x000077a02e613458
4966859.0,3634022,python,[JIT],0x000078e61547c06d
4966840.0,3634073,python,[JIT],0x00007373dcd9e9ea
4966833.0,3634029,python,[JIT],0x000077a02e61495e
4966788.0,3634051,python,[JIT],0x00007a6d2708791d
4966780.0,3634062,python,[JIT],0x0000758d926c51c5
4966770.0,3634073,python,[JIT],0x00007373dcd9d16b
4966757.0,3634062,python,[JIT],0x0000758d926c3c86
4966746.0,3634051,python,[JIT],0x00007a6d27088113
4966741.0,3634029,python,[JIT],0x000077a02e61520f
4966734.0,3634022,python,[JIT],0x000078e61547a8bd
4966730.0,3634051,python,[JIT],0x00007a6d276eb1cd
4966729.0,3634084,python,[JIT],0x0000731ba22063f1
4966707.0,3634029,python,[JIT],0x000077a02e61407c
4966698.0,3634062,python,[JIT],0x0000758d927ce540
4966685.0,3634029,python,[JIT],0x000077a02e613321
4966681.0,3634051,python,[JIT],0x00007a6d270875f1
4966678.0,3634022,python,[JIT],0x000078e61547c48f
4966678.0,3634051,python,[JIT],0x00007a6d27089265
4966662.0,3634062,python,[JIT],0x0000758d926c4681
4966657.0,3634051,python,[JIT],0x00007a6d2708870d
4966650.0,3634022,python,[JIT],0x000078e6155bfa7f
4966644.0,3634051,python,[JIT],0x00007a6d2708768c
4966635.0,3634051,python,python,_PyLong_FromMedium
4966626.0,3634051,python,[JIT],0x00007a6d276ebaa7
4966623.0,3634022,python,[JIT],0x000078e61547bfa7
4966621.0,3634029,python,[JIT],0x000077a02e614b61
4966596.0,3634051,python,[JIT],0x00007a6d27087609
4966594.0,3634084,python,[JIT],0x0000731ba2206bc6
4966583.0,3634051,python,[JIT],0x00007a6d270879e1
4966557.0,3634029,python,[JIT],0x000077a02e613630
4966550.0,3634062,python,[JIT],0x0000758d926c3409
4966522.0,3634029,python,[JIT],0x000077a02e61355c
4966517.0,3634029,python,[JIT],0x000077a02e613731
4966512.0,3634084,python,[JIT],0x0000731ba2206d6e
4966481.0,3634029,python,python,long_dealloc
4966474.0,3634084,python,[JIT],0x0000731ba2206474
4966472.0,3634022,python,[JIT],0x000078e61547b9f5
4966450.0,3634029,python,[JIT],0x000077a02e613a8d
4966448.0,3634022,python,[JIT],0x000078e61547bbeb
4966435.0,3634084,python,[JIT],0x0000731ba2205a26
4966413.0,3634022,python,[JIT],0x000078e61547a458
4966405.0,3634022,python,[JIT],0x000078e6155bf2cf
4966395.0,3634062,python,[JIT],0x0000758d926c4725
4966379.0,3634084,python,[JIT],0x0000731ba22050a9
4966334.0,3634022,python,[JIT],0x000078e61547b5b2
4966299.0,3634022,python,[JIT],0x000078e61547ab92
4966256.0,3634029,python,[JIT],0x000077a02e614495
4966235.0,3634022,python,[JIT],0x000078e61547a6c8
4966222.0,3634029,python,[JIT],0x000077a02e638060
4966216.0,3634073,python,[JIT],0x00007373dcd9dd71
4966206.0,3634051,python,[JIT],0x00007a6d27088487
4966205.0,3634084,python,[JIT],0x0000731ba2205709
4966193.0,3634022,python,[JIT],0x000078e61547b683
4966173.0,3634022,python,[JIT],0x000078e61547c540
4966138.0,3634073,python,[kernel.kallsyms],error_entry
4966122.0,3634022,python,[JIT],0x000078e61547c384
4966118.0,3634029,python,[JIT],0x000077a02e6140a5
4966114.0,3634062,python,libm.so.6,__pow_finite@GLIBC_2.15@plt
4966093.0,3634073,python,[JIT],0x00007373dcd9dc41
4966062.0,3634084,python,[JIT],0x0000731ba2205789
4966007.0,3634062,python,[JIT],0x0000758d927ce2d8
4965964.0,3634084,python,[JIT],0x0000731ba2206ee5
4965922.0,3634029,python,[JIT],0x000077a02e614f38
4965919.0,3634022,python,[JIT],0x000078e61508450a
4965798.0,3634073,python,[JIT],0x00007373dcd9d4a1
4965796.0,3634084,python,[JIT],0x0000731ba22060a5
4965763.0,3634029,python,libm.so.6,__pow_finite@GLIBC_2.15@plt
4965758.0,3634084,python,[JIT],0x0000731ba2205f7b
4965743.0,3634051,python,[JIT],0x00007a6d27088794
4965743.0,3634084,python,[JIT],0x0000731ba220695e
4965739.0,3634062,python,[JIT],0x0000758d926c3194
4965701.0,3634029,python,[JIT],0x000077a02e61327e
4965671.0,3634022,python,[JIT],0x000078e61547ab33
4965644.0,3634073,python,[JIT],0x00007373dcd9e5b2
4965612.0,3634062,python,[JIT],0x0000758d922b663f
4965607.0,3634022,python,[JIT],0x000078e61547c364
4965598.0,3634084,python,[JIT],0x0000731ba2205a7d
4965528.0,3634022,python,[JIT],0x000078e61547ae10
4965513.0,3634073,python,[JIT],0x00007373dcd9d84f
4965505.0,3634073,python,[JIT],0x00007373dcd9ddee
4965479.0,3634084,python,[JIT],0x0000731ba2206be0
4965476.0,3634029,python,[JIT],0x000077a02e61440e
4965439.0,3634040,python,[JIT],0x0000766aade14290
4965403.0,3634084,python,[JIT],0x0000731ba2205528
4965359.0,3634040,python,[JIT],0x0000766aade1470d
4965352.0,3634062,python,[JIT],0x0000758d926c3b41
4965339.0,3634062,python,[JIT],0x0000758d926c341a
4965323.0,3634084,python,[JIT],0x0000731ba22061ef
4965320.0,3634084,python,[JIT],0x0000731ba2206ef8
4965303.0,3634084,python,[JIT],0x0000731ba220614c
4965231.0,3634040,python,[JIT],0x0000766aade14551
4965229.0,3634040,python,[JIT],0x0000766aade13e10
4965197.0,3634022,python,[JIT],0x000078e61547a638
4965068.0,3634040,python,[JIT],0x0000766aade14718
4965041.0,3634022,python,[JIT],0x000078e61547ace0
4965006.0,3634040,python,[JIT],0x0000766aade1553a
4964961.0,3634029,python,[JIT],0x000077a02e63853c
4964940.0,3634040,python,[JIT],0x0000766aade13194
4964861.0,3634022,python,[JIT],0x000078e61547c217
4964735.0,3634051,python,[JIT],0x00007a6d270875b3
4964730.0,3634040,python,[JIT],0x0000766aade14178
4964715.0,3634084,python,[JIT],0x0000731ba22074a3
4964637.0,3634040,python,[JIT],0x0000766aade142b3
4964480.0,3634022,python,[JIT],0x000078e61547b9cf
4964370.0,3634051,python,[JIT],0x00007a6d27088839
4964338.0,3634062,python,[JIT],0x0000758d927ce1b7
4964321.0,3634040,python,[JIT],0x0000766aad6cebab
4964291.0,3634040,python,[JIT],0x0000766aade1375e
4964289.0,3634051,python,[JIT],0x00007a6d27087dd2
4964217.0,3634040,python,[JIT],0x0000766aade15536
4964215.0,3634029,python,[JIT],0x000077a02e613f4e
4964201.0,3634051,python,[JIT],0x00007a6d2708878b
4964189.0,3634062,python,[JIT],0x0000758d926c4bda
4964184.0,3634084,python,[JIT],0x0000731ba2205771
4964142.0,3634073,python,[JIT],0x00007373dcd9e4f7
4964085.0,3634040,python,[JIT],0x0000766aade145ac
4964015.0,3634029,python,[JIT],0x000077a02e6385ff
4963967.0,3634051,python,[JIT],0x00007a6d27088c1c
4963915.0,3634040,python,[JIT],0x0000766aade14f1a
4963829.0,3634051,python,[JIT],0x00007a6d2708843a
4963791.0,3634062,python,[JIT],0x0000758d927ce887
4963727.0,3634040,python,[JIT],0x0000766aade14e75
4963670.0,3634084,python,[JIT],0x0000731ba2206725
4963659.0,3634051,python,[JIT],0x00007a6d26c8f21a
4963658.0,3634051,python,[JIT],0x00007a6d27087c8b
4963579.0,3634062,python,[JIT],0x0000758d926c4a3c
4963551.0,3634022,python,[JIT],0x000078e61547a55c
4963401.0,3634029,python,[JIT],0x000077a02e638887
4963204.0,3634029,python,[JIT],0x000077a02e61497d
4963186.0,3634062,python,[JIT],0x0000758d926c4a24
4963185.0,3634062,python,[JIT],0x0000758d926c3dee
4962908.0,3634062,python,[JIT],0x0000758d927ce7a2
4962841.0,3634062,python,[JIT],0x0000758d926c42b3
4962606.0,3634040,python,[JIT],0x0000766aad6ce2d8
4962599.0,3634084,python,[JIT],0x0000731ba2205c6d
4962549.0,3634062,python,[JIT],0x0000758d926c4e93
4962546.0,3634062,python,[JIT],0x0000758d926c38e5
4962537.0,3634022,python,[JIT],0x000078e61547a361
4962432.0,3634062,python,[JIT],0x0000758d926c52f8
4962423.0,3634073,python,[JIT],0x00007373dcd9e38e
4962359.0,3634051,python,[JIT],0x00007a6d2708829a
4962304.0,3634040,python,[JIT],0x0000766aade14bda
4962298.0,3634022,python,[JIT],0x000078e61547ba33
4962059.0,3634029,python,[JIT],0x000077a02e614b21
4962031.0,3634051,python,[JIT],0x00007a6d27088348
4961946.0,3634022,python,[JIT],0x000078e61547a473
4961945.0,3634022,python,[JIT],0x000078e61547ad64
4961929.0,3634084,python,[JIT],0x0000731ba2206c9f
4961894.0,3634051,python,[JIT],0x00007a6d27087277
4961796.0,3634084,python,[JIT],0x0000731ba22059e6
4961779.0,3634051,python,[JIT],0x00007a6d2708710c
4961747.0,3634029,python,[JIT],0x000077a02e615211
4961694.0,3634040,python,[JIT],0x0000766aade142ed
4961676.0,3634073,python,[JIT],0x00007373dcd9dc24
4961589.0,3634073,python,[JIT],0x00007373dcd9e751
4961564.0,3634062,python,[JIT],0x0000758d927cebee
4961544.0,3634022,python,[JIT],0x000078e61547b082
4961470.0,3634022,python,[JIT],0x000078e61547a0f8
4961469.0,3634073,python,[JIT],0x00007373dcd9e5ac
4961425.0,3634062,python,[JIT],0x0000758d926c3b8e
4961381.0,3634022,python,[JIT],0x000078e61547aa9f
4961362.0,3634062,python,[JIT],0x0000758d926c371a
4961307.0,3634073,python,[JIT],0x00007373dcd9e998
4961211.0,3634022,python,[JIT],0x000078e61547b0bb
4961132.0,3634022,python,[JIT],0x000078e61547a988
4960946.0,3634029,python,[JIT],0x000077a02e638540
4960862.0,3634073,python,[JIT],0x00007373dcd9e2ce
4960783.0,3634051,python,[JIT],0x00007a6d270876c8
4960654.0,3634029,python,[JIT],0x000077a02e614c83
4960579.0,3634040,python,[JIT],0x0000766aade1421a
4960518.0,3634062,python,[JIT],0x0000758d926c4302
4960463.0,3634051,python,[JIT],0x00007a6d27087638
4960458.0,3634022,python,[JIT],0x000078e6150841f3
4960453.0,3634051,python,[JIT],0x00007a6d27089367
4960436.0,3634073,python,[JIT],0x00007373dcd9f410
4960376.0,3634040,python,[JIT],0x0000766aade141c2
4960282.0,3634029,python,[JIT],0x000077a02e6384fc
4960188.0,3634022,python,[JIT],0x000078e61547a7db
4960122.0,3634040,python,[JIT],0x0000766aade13458
4960053.0,3634062,python,python,_PyLong_FromMedium
4960012.0,3634022,python,[JIT],0x000078e61547c18c
4960003.0,3634040,python,[JIT],0x0000766aade13806
4959982.0,3634051,python,[JIT],0x00007a6d27088d56
4959963.0,3634062,python,[JIT],0x0000758d926c48bf
4959907.0,3634029,python,[JIT],0x000077a02e614ebd
4959903.0,3634029,python,[JIT],0x000077a02e6382ca
4959824.0,3634040,python,[JIT],0x0000766aade140bb
4959759.0,3634084,python,[JIT],0x0000731ba2e3a996
4959694.0,3634040,python,[JIT],0x0000766aade1391d
4959584.0,3634040,python,[JIT],0x0000766aade141ac
4959470.0,3634029,python,[JIT],0x000077a02e6153f5
4959470.0,3634062,python,[JIT],0x0000758d926c51d4
4959435.0,3634022,python,[JIT],0x000078e61547bbe0
4959360.0,3634029,python,[JIT],0x000077a02e61554e
4959310.0,3634051,python,[JIT],0x00007a6d27088858
4959218.0,3634084,python,[JIT],0x0000731ba22051a8
4959177.0,3634084,python,[JIT],0x0000731ba2205630
4959117.0,3634040,python,[JIT],0x0000766aade13324
4959005.0,3634040,python,[JIT],0x0000766aade152b1
4958982.0,3634029,python,[JIT],0x000077a02e614718
4958824.0,3634051,python,[JIT],0x00007a6d27087dab
4958572.0,3634062,python,[JIT],0x0000758d926c4bc2
4958456.0,3634022,python,[JIT],0x000078e61547b940
4958372.0,3634084,python,[JIT],0x0000731ba2206290
4958343.0,3634073,python,[JIT],0x00007373dcd9e689
4958333.0,3634073,python,[JIT],0x00007373dcd9ea16
4958071.0,3634084,python,[JIT],0x0000731ba22066bd
4957944.0,3634040,python,[JIT],0x0000766aade1429a
4957914.0,3634022,python,[JIT],0x000078e61547b5d2
4957737.0,3634029,python,[JIT],0x000077a02e61458c
4957711.0,3634062,python,[JIT],0x0000758d926c54cf
4957674.0,3634084,python,[JIT],0x0000731ba22072a4
4957644.0,3634040,python,[JIT],0x0000766aade13b6d
4957616.0,3634073,python,[JIT],0x00007373dcd9d7b6
4957535.0,3634084,python,[JIT],0x0000731ba2205573
4957508.0,3634073,python,[JIT],0x00007373dcd9ef4e
4957462.0,3634029,python,[JIT],0x000077a02e63887b
4957413.0,3634029,python,[JIT],0x000077a02e614cd2
4957384.0,3634022,python,[JIT],0x000078e6155bfa55
4957318.0,3634084,python,[JIT],0x0000731ba2206951
4957290.0,3634073,python,[JIT],0x00007373dcd9ed9a
4957123.0,3634073,python,[JIT],0x00007373dcd9f528
4957091.0,3634073,python,[JIT],0x00007373dcd9da7d
4957064.0,3634062,python,[JIT],0x0000758d926c4bd6
4956989.0,3634051,python,[JIT],0x00007a6d27088f67
4956946.0,3634051,python,[JIT],0x00007a6d270876e3
4956696.0,3634073,python,[JIT],0x00007373dcd9d458
4956675.0,3634062,python,[JIT],0x0000758d926c3c90
4956642.0,3634073,python,[JIT],0x00007373dd6132d8
4956574.0,3634022,python,[JIT],0x000078e61547aed4
4956510.0,3634084,python,[JIT],0x0000731ba2206120
4956480.0,3634022,python,[JIT],0x000078e61547c0d7
4956364.0,3634084,python,[JIT],0x0000731ba2e3a1af
4956353.0,3634051,python,[JIT],0x00007a6d27089513
4956335.0,3634029,python,[JIT],0x000077a02e638a55
4956306.0,3634062,python,[JIT],0x0000758d927ceb29
4956263.0,3634051,python,[JIT],0x00007a6d270870ce
4956222.0,3634051,python,[JIT],0x00007a6d2708797a
4956213.0,3634073,python,[JIT],0x00007373dcd9d150
4956171.0,3634062,python,[JIT],0x0000758d926c51aa
4956147.0,3634029,python,[JIT],0x000077a02e613f33
4956120.0,3634073,python,[JIT],0x00007373dcd9e0a5
4956075.0,3634062,python,[JIT],0x0000758d926c4611
4955945.0,3634040,python,[JIT],0x0000766aade14120
4955941.0,3634022,python,[JIT],0x000078e61547bb2f
4955897.0,3634084,python,[JIT],0x0000731ba2205543
4955873.0,3634040,python,[JIT],0x0000766aade149ea
4955865.0,3634029,python,[JIT],0x000077a02e613ca2
4955626.0,3634029,python,[JIT],0x000077a02e6131f7
4955603.0,3634029,python,[JIT],0x000077a02e638c47
4955542.0,3634084,python,[JIT],0x0000731ba2205e98
4955393.0,3634073,python,[JIT],0x00007373dcd9f4ef
4955366.0,3634051,python,[JIT],0x00007a6d270889bc
4955364.0,3634073,python,[JIT],0x00007373dcd9ec06
4955363.0,3634051,python,[JIT],0x00007a6d27088874
4955222.0,3634029,python,[JIT],0x000077a02e614290
4955125.0,3634040,python,[JIT],0x0000766aade142ce
4955115.0,3634062,python,[JIT],0x0000758d926c5410
4955115.0,3634040,python,[JIT],0x0000766aade14fe1
4955028.0,3634084,python,[JIT],0x0000731ba2205fbc
4954973.0,3634040,python,[JIT],0x0000766aad6ce87f
4954914.0,3634022,python,python,__errno_location@plt
4954877.0,3634062,python,[JIT],0x0000758d926c426e
4954830.0,3634029,python,[JIT],0x000077a02e61368a
4954819.0,3634029,python,[JIT],0x000077a02e614ab0
4954818.0,3634073,python,[JIT],0x00007373dcd9f109
4954793.0,3634040,python,[JIT],0x0000766aade1497d
4954729.0,3634022,python,[JIT],0x000078e61547ab66
4954673.0,3634084,python,[JIT],0x0000731ba2205837
4954519.0,3634084,python,[JIT],0x0000731ba2206662
4954490.0,3634062,python,[JIT],0x0000758d926c4c76
4954376.0,3634073,python,[JIT],0x00007373dcd9f300
4954226.0,3634029,python,[JIT],0x000077a02e614bb7
4954209.0,3634022,python,[JIT],0x000078e61547a8f2
4954126.0,3634084,python,[JIT],0x0000731ba2206193
4954116.0,3634040,python,[JIT],0x0000766aade133b3
4954085.0,3634029,python,[JIT],0x000077a02e2ec19d
4954016.0,3634022,python,[JIT],0x000078e61547bc8c
4953967.0,3634040,python,[JIT],0x0000766aade13faf
4953955.0,3634062,python,[JIT],0x0000758d926c3601
4953840.0,3634062,python,[JIT],0x0000758d926c3bd4
4953679.0,3634062,python,[JIT],0x0000758d927ceae2
4953677.0,3634073,python,[JIT],0x00007373dcd9eef8
4953651.0,3634062,python,[JIT],0x0000758d926c3966
4953633.0,3634051,python,[JIT],0x00007a6d270882dc
4953577.0,3634073,python,[JIT],0x00007373dcd9eab0
4953556.0,3634062,python,[JIT],0x0000758d926c4c1c
4953537.0,3634022,python,[JIT],0x000078e61547acf0
4953524.0,3634051,python,[JIT],0x00007a6d27087261
4953471.0,3634040,python,[JIT],0x0000766aade13b50
4953422.0,3634029,python,[JIT],0x000077a02e614e61
4953231.0,3634062,python,[JIT],0x0000758d926c331c
4953211.0,3634084,python,[JIT],0x0000731ba2205ed4
4953109.0,3634073,python,[JIT],0x00007373dcd9e77e
4953026.0,3634062,python,[JIT],0x0000758d926c3e98
4952945.0,3634029,python,[JIT],0x000077a02e614e75
4952813.0,3634084,python,[JIT],0x0000731ba2206c76
4952803.0,3634051,python,[JIT],0x00007a6d2708711b
4952691.0,3634040,python,[JIT],0x0000766aade13e6a
4952691.0,3634084,python,[JIT],0x0000731ba2205ff0
4952535.0,3634073,python,[JIT],0x00007373dcd9f54e
4952379.0,3634040,python,[JIT],0x0000766aade151b8
4952359.0,3634022,python,[JIT],0x000078e61547a75e
4952320.0,3634022,python,[JIT],0x000078e61547ae43
4952241.0,3634040,python,[JIT],0x0000766aade1491e
4952233.0,3634084,python,[JIT],0x0000731ba220533a
4952134.0,3634029,python,[JIT],0x000077a02e613c86
4952013.0,3634029,python,[JIT],0x000077a02e614f0c
4951883.0,3634022,python,[JIT],0x000078e61547c200
4951817.0,3634084,python,[JIT],0x0000731ba22065ac
4951814.0,3634084,python,[JIT],0x0000731ba21ff43b
4951683.0,3634073,python,[JIT],0x00007373dcd9f4b0
4951649.0,3634029,python,[JIT],0x000077a02e613259
4951569.0,3634062,python,[JIT],0x0000758d926c4de2
4951457.0,3634051,python,[JIT],0x00007a6d27087e89
4951453.0,3634084,python,[JIT],0x0000731ba2206f78
4951448.0,3634022,python,[JIT],0x000078e61547a806
4951252.0,3634040,python,[JIT],0x0000766aade1408c
4951195.0,3634040,python,[JIT],0x0000766aade14f8d
4951177.0,3634062,python,[JIT],0x0000758d926c5376
4951161.0,3634022,python,[JIT],0x000078e6155bf0b9
4951149.0,3634029,python,[JIT],0x000077a02e615078
4951080.0,3634084,python,[JIT],0x0000731ba2206401
4950988.0,3634051,python,[JIT],0x00007a6d2708826e
4950951.0,3634040,python,[JIT],0x0000766aade146a5
4950840.0,3634029,python,[JIT],0x000077a02e6138e5
4950828.0,3634029,python,[JIT],0x000077a02e613f10
4950824.0,3634062,python,[JIT],0x0000758d926c42ce
4950778.0,3634029,python,python,_PyNumber_PowerNoMod
4950754.0,3634084,python,[JIT],0x0000731ba2205c86
4950726.0,3634040,python,[JIT],0x0000766aade14725
4950467.0,3634029,python,[JIT],0x000077a02e613c41
4950341.0,3634040,python,[JIT],0x0000766aade14ef8
4950124.0,3634084,python,[JIT],0x0000731ba2205bf3
4949974.0,3634062,python,[JIT],0x0000758d926c36c8
4949965.0,3634029,python,[JIT],0x000077a02e614da8
4949759.0,3634073,python,[JIT],0x00007373dc9a5d8a
4949439.0,3634062,python,[JIT],0x0000758d927ce127
4948938.0,3634040,python,[JIT],0x0000766aade149d4
4948929.0,3634040,python,[JIT],0x0000766aade14b8b
4948913.0,3634022,python,[JIT],0x000078e61547a259
4948873.0,3634040,python,[JIT],0x0000766aade14a07
4948850.0,3634051,python,[JIT],0x00007a6d27088d48
4948835.0,3634040,python,[JIT],0x0000766aade14f12
4948618.0,3634022,python,[JIT],0x000078e61547beae
4948374.0,3634084,python,[JIT],0x0000731ba22051a0
4948314.0,3634040,python,[JIT],0x0000766aade13b95
4948267.0,3634084,python,[JIT],0x0000731ba22058b8
4947990.0,3634022,python,[JIT],0x000078e61547a060
4947735.0,3634073,python,[JIT],0x00007373dcd9d00a
4947638.0,3634084,python,[JIT],0x0000731ba2201d8a
4947571.0,3634022,python,[JIT],0x000078e61547c32f
4947557.0,3634051,python,[JIT],0x00007a6d2708733a
4947233.0,3634040,python,[JIT],0x0000766aade14a16
4947069.0,3634084,python,[JIT],0x0000731ba2e3ab9f
4946884.0,3634022,python,[JIT],0x000078e61547b178
4946472.0,3634040,python,[JIT],0x0000766aade14751
4946354.0,3634022,python,[JIT],0x000078e6155bfaba
4945502.0,3634062,python,[JIT],0x0000758d926c4348
4945451.0,3634073,python,[JIT],0x00007373dcd9ef20
4945204.0,3634062,python,[JIT],0x0000758d926c3a91
4944849.0,3634022,python,[JIT],0x000078e6155bf2ca
4944570.0,3634062,python,[JIT],0x0000758d926c4994
4944450.0,3634084,python,[JIT],0x0000731ba22062dc
4944445.0,3634051,python,[JIT],0x00007a6d27087a9f
4944356.0,3634022,python,[JIT],0x000078e61547aa1f
4944272.0,3634022,python,[JIT],0x000078e6155bf9bc
4944270.0,3634084,python,[JIT],0x0000731ba22053a7
4943858.0,3634084,python,[JIT],0x0000731ba2206598
4943856.0,3634022,python,[JIT],0x000078e61547bfc2
4943564.0,3634084,python,[JIT],0x0000731ba2206f9a
4942721.0,3634022,python,[JIT],0x000078e61547bd56
4942545.0,3634073,python,[JIT],0x00007373dcd9d11f
4942004.0,3634051,python,[JIT],0x00007a6d27087546
4941996.0,3634022,python,[JIT],0x000078e61547c085
4941769.0,3634029,python,[JIT],0x000077a02e613378
4941695.0,3634022,python,[JIT],0x000078e61547a630
4941674.0,3634084,python,[JIT],0x0000731ba22057b0
4941660.0,3634040,python,[JIT],0x0000766aade14944
4941560.0,3634040,python,[JIT],0x0000766aade13f8a
4941367.0,3634051,python,[JIT],0x00007a6d2708954e
4941209.0,3634084,python,[JIT],0x0000731ba2205b6d
4941137.0,3634073,python,[JIT],0x00007373dcd9d288
4940667.0,3634040,python,[JIT],0x0000766aade13c34
4940657.0,3634062,python,[JIT],0x0000758d926c49d4
4940339.0,3634051,python,[JIT],0x00007a6d2708729e
4939998.0,3634040,python,[JIT],0x0000766aade1518c
4939955.0,3634029,python,[JIT],0x000077a02e614082
4939868.0,3634040,python,[JIT],0x0000766aade13b5e
4939603.0,3634040,python,[JIT],0x0000766aade14998
4939395.0,3634022,python,[JIT],0x000078e61547aa91
4939195.0,3634029,python,[JIT],0x000077a02e6152a4
4939097.0,3634051,python,[JIT],0x00007a6d27087c6d
4939020.0,3634062,python,[JIT],0x0000758d926c5229
4938950.0,3634022,python,[JIT],0x000078e61547ad4b
4938765.0,3634051,python,[JIT],0x00007a6d27088d39
4938735.0,3634062,python,[JIT],0x0000758d922b6677
4938394.0,3634062,python,[JIT],0x0000758d926c4c5b
4938248.0,3634029,python,[JIT],0x000077a02e613afd
4938235.0,3634029,python,[JIT],0x000077a02e6154c1
4938023.0,3634062,python,[JIT],0x0000758d926c4f08
4937958.0,3634022,python,[JIT],0x000078e61547b0f7
4937547.0,3634084,python,[JIT],0x0000731ba2206f0c
4937527.0,3634073,python,[JIT],0x00007373dcd9eac8
4936808.0,3634051,python,[JIT],0x00007a6d27087a65
4936049.0,3634022,python,[JIT],0x000078e61547bf1a
4935989.0,3634022,python,[JIT],0x000078e61547bebd
4935947.0,3634029,python,[JIT],0x000077a02e613d59
4935097.0,3634040,python,[JIT],0x0000766aad6ce1cd
4934839.0,3634051,python,[JIT],0x00007a6d276eb509
4934820.0,3634051,python,[JIT],0x00007a6d276eb368
4934780.0,3634051,python,[JIT],0x00007a6d27088fe1
4933970.0,3634073,python,[JIT],0x00007373dcececa3
4933575.0,3634062,python,[JIT],0x0000758d926c30f8
4932795.0,3634022,python,[JIT],0x000078e6154a10ff
4932151.0,3634062,python,python,_PyFloat_ExactDealloc
4930270.0,3634040,python,[JIT],0x0000766aad6ce521
4929538.0,3634051,python,[JIT],0x00007a6d270891fc
4928932.0,3634051,python,[JIT],0x00007a6d2708741a
4927376.0,3634040,python,[JIT],0x0000766aade14a95
4925306.0,3634073,python,[JIT],0x00007373dd6139a4
4924810.0,3634040,python,[JIT],0x0000766aade1348b
4924552.0,3634084,python,[JIT],0x0000731ba21ff65b
4922765.0,3634051,python,[JIT],0x00007a6d27087324
4922381.0,3634029,python,[JIT],0x000077a02e6146a5
4922288.0,3634040,python,[JIT],0x0000766aade133a7
4921856.0,3634022,python,[JIT],0x000078e61547bd61
4921497.0,3634040,python,[JIT],0x0000766aade13d9d
4920052.0,3634073,python,[JIT],0x00007373dcd9f34a
4917163.0,3634073,python,[JIT],0x00007373dcd9df5c
4913722.0,3634040,python,[JIT],0x0000766aade14f78
4913264.0,3634022,python,[JIT],0x000078e6155bf1c6
4904880.0,3634062,python,[JIT],0x0000758d927ce1cd
4904306.0,3634051,python,[JIT],0x00007a6d27087a91
4898349.0,3634084,python,[JIT],0x0000731ba2e3a0a9
4896996.0,3634051,python,[JIT],0x00007a6d2708831d
4895042.0,3634051,python,[JIT],0x00007a6d270890eb
4894924.0,3634051,python,[JIT],0x00007a6d27089648
4887510.0,3634073,python,python,_PyFloat_ExactDealloc
4880978.0,3634062,python,[JIT],0x0000758d926c521f
4871906.0,3634029,python,[JIT],0x000077a02e614799
4871566.0,3634029,python,[JIT],0x000077a02e6146bd
4870981.0,3634062,python,[JIT],0x0000758d926c520f
4870570.0,3634029,python,[JIT],0x000077a02e638b29
4870560.0,3634022,python,[JIT],0x000078e61547ba04
4865137.0,3634051,python,[JIT],0x00007a6d27088f12
4862479.0,3634051,python,[JIT],0x00007a6d270882ce
4862025.0,3634073,python,[JIT],0x00007373dcd9f53a
4859329.0,3634084,python,[JIT],0x0000731ba2206e93
4839967.0,3634084,python,[JIT],0x0000731ba22054c1
4833050.0,3634073,python,[JIT],0x00007373dcd9f1fc
4826749.0,3634029,python,python,__errno_location@plt
4817916.0,3634084,python,[JIT],0x0000731ba22053cb
4809483.0,3634051,python,[JIT],0x00007a6d27088c83
4809221.0,3634073,python,[JIT],0x00007373dcd9eeae
4806185.0,3634051,python,[JIT],0x00007a6d27088290
4796504.0,3634051,python,[JIT],0x00007a6d27088193
4791454.0,3634029,python,[JIT],0x000077a02e614e82
4789157.0,3634084,python,[JIT],0x0000731ba2206fe9
4788633.0,3634062,python,[JIT],0x0000758d926c40cb
4718393.0,3634073,python,[JIT],0x00007373dcd9d61f
4572860.0,3634062,python,[JIT],0x0000758d926c3ad4
4571195.0,3634084,python,[JIT],0x0000731ba2206178
4096310.0,3634040,python,[JIT],0x0000766aade14189
3974751.0,3634062,python,[JIT],0x0000758d927ced87
3974302.0,3634084,python,[JIT],0x0000731ba2e3a8f3
3973838.0,3634029,python,[JIT],0x000077a02e6154c4
3973769.0,3634022,python,[JIT],0x000078e61547ba3c
3973723.0,3634051,python,[JIT],0x00007a6d27088bb7
3973690.0,3634029,python,[JIT],0x000077a02e614071
3973687.0,3634022,python,[JIT],0x000078e61547ad68
3973680.0,3634051,python,[JIT],0x00007a6d2708759a
3973628.0,3634062,python,[JIT],0x0000758d926c41ef
3973585.0,3634073,python,[kernel.kallsyms],sync_regs
3973583.0,3634062,python,[JIT],0x0000758d926c3e89
3973545.0,3634051,python,[JIT],0x00007a6d2708877e
3973525.0,3634073,python,[JIT],0x00007373dcd9ea24
3973513.0,3634029,python,[JIT],0x000077a02e6144f7
3973510.0,3634022,python,[JIT],0x000078e61547b079
3973481.0,3634084,python,[JIT],0x0000731ba2205684
3973473.0,3634029,python,[JIT],0x000077a02e614ac0
3973463.0,3634062,python,[JIT],0x0000758d926c3150
3973457.0,3634073,python,[JIT],0x00007373dcd9f4dc
3973448.0,3634029,python,[JIT],0x000077a02e614585
3973439.0,3634022,python,[JIT],0x000078e61547b1fe
3973438.0,3634022,python,[JIT],0x000078e61547c410
3973429.0,3634029,python,[JIT],0x000077a02e61326a
3973429.0,3634029,python,[JIT],0x000077a02e61482c
3973418.0,3634084,python,[JIT],0x0000731ba220510c
3973416.0,3634051,python,[JIT],0x00007a6d27088bee
3973397.0,3634084,python,[JIT],0x0000731ba2e3abab
3973375.0,3634051,python,[JIT],0x00007a6d2708939c
3973374.0,3634022,python,[JIT],0x000078e61547bc00
3973374.0,3634051,python,[JIT],0x00007a6d2708761f
3973369.0,3634073,python,[JIT],0x00007373dcd9d1a2
3973362.0,3634084,python,[JIT],0x0000731ba2206b6f
3973358.0,3634073,python,[JIT],0x00007373dc9a57c7
3973355.0,3634062,python,[JIT],0x0000758d926c40a5
3973349.0,3634051,python,[JIT],0x00007a6d27087ffd
3973341.0,3634084,python,[JIT],0x0000731ba2e3abdf
3973334.0,3634022,python,[JIT],0x000078e61547bcab
3973324.0,3634073,python,[JIT],0x00007373dcd9f223
3973321.0,3634084,python,[JIT],0x0000731ba2206a16
3973319.0,3634051,python,[JIT],0x00007a6d270892fa
3973290.0,3634029,python,[JIT],0x000077a02e6145c0
3973283.0,3634073,python,[JIT],0x00007373dcd9e8ef
3973280.0,3634084,python,python,_PyNumber_PowerNoMod
3973273.0,3634022,python,[JIT],0x000078e61547a8ca
3973270.0,3634051,python,[JIT],0x00007a6d27089229
3973265.0,3634051,python,[JIT],0x00007a6d27088dd4
3973262.0,3634073,python,[JIT],0x00007373dcd9d30c
3973261.0,3634062,python,[JIT],0x0000758d926c48ab
3973253.0,3634073,python,[JIT],0x00007373dcd9e8ab
3973249.0,3634022,python,[JIT],0x000078e61547bd17
3973249.0,3634062,python,[JIT],0x0000758d926c3863
3973248.0,3634073,python,[JIT],0x00007373dcd9e7b1
3973246.0,3634062,python,[JIT],0x0000758d926c3b95
3973244.0,3634029,python,[JIT],0x000077a02e61427f
3973222.0,3634062,python,[JIT],0x0000758d926c53d6
3973218.0,3634029,python,[JIT],0x000077a02e613a02
3973213.0,3634051,python,[JIT],0x00007a6d27087771
3973208.0,3634022,python,[JIT],0x000078e61547b874
3973205.0,3634051,python,[JIT],0x00007a6d270889d4
3973204.0,3634062,python,[JIT],0x0000758d926c3261
3973199.0,3634084,python,[JIT],0x0000731ba2e3ad79
3973183.0,3634073,python,[JIT],0x00007373dcd9e35d
3973178.0,3634029,python,[JIT],0x000077a02e6150f9
3973158.0,3634062,python,[JIT],0x0000758d926c4c83
3973154.0,3634022,python,[JIT],0x000078e61547b674
3973147.0,3634051,python,[JIT],0x00007a6d27087d54
3973146.0,3634084,python,[JIT],0x0000731ba22062b3
3973139.0,3634022,python,[JIT],0x000078e61547ba24
3973138.0,3634029,python,[JIT],0x000077a02e615085
3973136.0,3634073,python,[JIT],0x00007373dcd9e80a
3973132.0,3634022,python,[JIT],0x000078e61547be61
3973131.0,3634062,python,[JIT],0x0000758d926c4c90
3973122.0,3634022,python,[JIT],0x000078e6155bf5cf
3973118.0,3634073,python,[JIT],0x00007373dcd9d771
3973117.0,3634084,python,[JIT],0x0000731ba2206c1c
3973114.0,3634062,python,python,__errno_location@plt
3973108.0,3634084,python,[JIT],0x0000731ba2206448
3973107.0,3634022,python,[JIT],0x000078e61547ae16
3973096.0,3634051,python,[JIT],0x00007a6d27088060
3973095.0,3634062,python,[JIT],0x0000758d922b4d8a
3973091.0,3634084,python,[JIT],0x0000731ba2206b7c
3973089.0,3634062,python,[JIT],0x0000758d926c3288
3973086.0,3634022,python,[JIT],0x000078e6155bf5ff
3973084.0,3634029,python,[JIT],0x000077a02e614504
3973079.0,3634073,python,[JIT],0x00007373dcd9e92f
3973074.0,3634073,python,[JIT],0x00007373dcd9d444
3973061.0,3634022,python,[JIT],0x000078e61547b634
3973059.0,3634022,python,[JIT],0x000078e61547a733
3973052.0,3634051,python,[JIT],0x00007a6d27088b50
3973029.0,3634022,python,[JIT],0x000078e6155bfa15
3973007.0,3634051,python,[JIT],0x00007a6d276eb179
3972997.0,3634022,python,[JIT],0x000078e61547a2df
3972996.0,3634029,python,[JIT],0x000077a02e615111
3972995.0,3634073,python,[JIT],0x00007373dd613ad4
3972992.0,3634051,python,[JIT],0x00007a6d2708896d
3972990.0,3634062,python,[JIT],0x0000758d926c3219
3972975.0,3634062,python,[JIT],0x0000758d922b5292
3972968.0,3634022,python,[JIT],0x000078e6155bfe12
3972958.0,3634022,python,[JIT],0x000078e61547aecd
3972905.0,3634029,python,[JIT],0x000077a02e613324
3972895.0,3634062,python,[JIT],0x0000758d926c365d
3972885.0,3634084,python,[JIT],0x0000731ba220608c
3972880.0,3634062,python,[JIT],0x0000758d926c3673
3972877.0,3634062,python,[JIT],0x0000758d926c4f20
3972873.0,3634062,python,[JIT],0x0000758d926c31c7
3972864.0,3634051,python,[JIT],0x00007a6d270881d2
3972861.0,3634029,python,[JIT],0x000077a02e614d9a
3972843.0,3634073,python,[JIT],0x00007373dcd9f0b1
3972821.0,3634029,python,[JIT],0x000077a02e615334
3972818.0,3634073,python,[JIT],0x00007373dcd9ef38
3972814.0,3634073,python,[JIT],0x00007373dcd9e448
3972813.0,3634062,python,[JIT],0x0000758d926c40f7
3972803.0,3634022,python,[JIT],0x000078e61547c1aa
3972783.0,3634073,python,[JIT],0x00007373dcd9e071
3972777.0,3634051,python,[JIT],0x00007a6d271c7520
3972767.0,3634073,python,[JIT],0x00007373dcd9d720
3972754.0,3634022,python,[JIT],0x000078e61547a6b1
3972754.0,3634029,python,[JIT],0x000077a02e6135f1
3972744.0,3634062,python,[JIT],0x0000758d926c35f6
3972716.0,3634022,python,[JIT],0x000078e61547c4eb
3972711.0,3634062,python,[JIT],0x0000758d926c4cc6
3972670.0,3634051,python,[JIT],0x00007a6d27088178
3972660.0,3634029,python,[JIT],0x000077a02e6382cf
3972659.0,3634062,python,[JIT],0x0000758d926c548f
3972659.0,3634051,python,[JIT],0x00007a6d27088302
3972652.0,3634022,python,[JIT],0x000078e61547b589
3972649.0,3634051,python,[JIT],0x00007a6d2708782b
3972619.0,3634073,python,[JIT],0x00007373dcd9f3f5
3972617.0,3634073,python,[JIT],0x00007373dcd9f24f
3972591.0,3634029,python,[JIT],0x000077a02e6152fa
3972539.0,3634084,python,[JIT],0x0000731ba2207367
3972526.0,3634073,python,[JIT],0x00007373dcd9d1a8
3972524.0,3634084,python,[JIT],0x0000731ba220705f
3972518.0,3634022,python,[JIT],0x000078e61547bce8
3972495.0,3634084,python,[JIT],0x0000731ba220755a
3972491.0,3634073,python,[JIT],0x00007373dcd9e21a
3972485.0,3634051,python,[JIT],0x00007a6d270894dc
3972485.0,3634040,python,[JIT],0x0000766aade145a8
3972461.0,3634084,python,[JIT],0x0000731ba2205a65
3972449.0,3634029,python,[JIT],0x000077a02e613220
3972444.0,3634040,python,[JIT],0x0000766aad59d642
3972406.0,3634029,python,[JIT],0x000077a02e6137b6
3972361.0,3634022,python,[JIT],0x000078e61547c3cf
3972355.0,3634084,python,[JIT],0x0000731ba22065c0
3972347.0,3634040,python,[JIT],0x0000766aade14839
3972337.0,3634062,python,[JIT],0x0000758d926c4113
3972304.0,3634040,python,[JIT],0x0000766aade13d64
3972295.0,3634022,python,[JIT],0x000078e61547aaeb
3972283.0,3634029,python,[JIT],0x000077a02e6132f4
3972265.0,3634029,python,[JIT],0x000077a02e613d2a
3972260.0,3634073,python,[JIT],0x00007373dcd9f111
3972254.0,3634073,python,[JIT],0x00007373dcd9e6bd
3972244.0,3634051,python,[JIT],0x00007a6d270881ef
3972234.0,3634040,python,[JIT],0x0000766aade140e8
3972223.0,3634084,python,[JIT],0x0000731ba220753a
3972219.0,3634073,python,[JIT],0x00007373dcd9e40e
3972202.0,3634040,python,[JIT],0x0000766aade14544
3972189.0,3634073,python,[JIT],0x00007373dcd9d606
3972182.0,3634084,python,[JIT],0x0000731ba2206cd2
3972181.0,3634040,python,[JIT],0x0000766aade14818
3972170.0,3634040,python,[JIT],0x0000766aade14611
3972148.0,3634040,python,[JIT],0x0000766aade150f9
3972141.0,3634084,python,[JIT],0x0000731ba2206f00
3972139.0,3634051,python,[JIT],0x00007a6d27089376
3972136.0,3634040,python,[JIT],0x0000766aade1496d
3972131.0,3634073,python,[JIT],0x00007373dcecee10
3972125.0,3634040,python,[JIT],0x0000766aade14dfa
3972117.0,3634040,python,[JIT],0x0000766aade15005
3972089.0,3634040,python,[JIT],0x0000766aade141ef
3972076.0,3634040,python,[JIT],0x0000766aade13dd6
3972066.0,3634029,python,[JIT],0x000077a02e63899f
3972064.0,3634051,python,[JIT],0x00007a6d2708931c
3972062.0,3634040,python,[JIT],0x0000766aad6ce816
3972024.0,3634084,python,[JIT],0x0000731ba2206536
3972022.0,3634040,python,[JIT],0x0000766aade14d2a
3972015.0,3634051,python,[JIT],0x00007a6d27087951
3972011.0,3634022,python,[JIT],0x000078e61547bdd4
3972004.0,3634040,python,[JIT],0x0000766aade13c24
3972001.0,3634029,python,[JIT],0x000077a02e614f1a
3971988.0,3634040,python,[JIT],0x0000766aade14dd4
3971966.0,3634029,python,[JIT],0x000077a02e613298
3971947.0,3634022,python,[JIT],0x000078e61547be82
3971947.0,3634040,python,[JIT],0x0000766aade13ce0
3971938.0,3634040,python,[JIT],0x0000766aade14bc8
3971934.0,3634022,python,[JIT],0x000078e61547bc9b
3971926.0,3634051,python,[JIT],0x00007a6d27087f10
3971892.0,3634029,python,[JIT],0x000077a02e6130f8
3971873.0,3634040,python,[JIT],0x0000766aade147b1
3971868.0,3634040,python,[JIT],0x0000766aade1475f
3971863.0,3634040,python,[JIT],0x0000766aade14467
3971856.0,3634022,python,[JIT],0x000078e61547c0de
3971840.0,3634040,python,[JIT],0x0000766aade15367
3971838.0,3634022,python,[JIT],0x000078e61547c316
3971838.0,3634062,python,[JIT],0x0000758d926c3259
3971838.0,3634051,python,[JIT],0x00007a6d276ebde6
3971824.0,3634040,python,[JIT],0x0000766aade13966
3971817.0,3634051,python,[JIT],0x00007a6d270871c5
3971814.0,3634051,python,[JIT],0x00007a6d270891b8
3971811.0,3634040,python,[JIT],0x0000766aade13575
3971795.0,3634029,python,[JIT],0x000077a02e61553a
3971779.0,3634040,python,[JIT],0x0000766aad6ce1b7
3971773.0,3634062,python,[JIT],0x0000758d926c325e
3971756.0,3634040,python,[JIT],0x0000766aade14cca
3971750.0,3634084,python,[JIT],0x0000731ba2207648
3971738.0,3634084,python,[JIT],0x0000731ba2207109
3971732.0,3634040,python,[JIT],0x0000766aade13c09
3971724.0,3634022,python,[JIT],0x000078e61547ac24
3971716.0,3634040,python,[JIT],0x0000766aade14799
3971705.0,3634040,python,[JIT],0x0000766aad6cec26
3971680.0,3634022,python,[JIT],0x000078e61547aea2
3971679.0,3634084,python,[JIT],0x0000731ba2e3a540
3971673.0,3634040,python,[JIT],0x0000766aade153c8
3971621.0,3634073,python,[JIT],0x00007373dcd9d8e5
3971599.0,3634040,python,[JIT],0x0000766aade13646
3971598.0,3634029,python,[JIT],0x000077a02e613601
3971593.0,3634051,python,[JIT],0x00007a6d276eb796
3971590.0,3634073,python,[JIT],0x00007373dcd9da91
3971584.0,3634073,python,[JIT],0x00007373dcd9e290
3971557.0,3634040,python,[JIT],0x0000766aade154ef
3971501.0,3634040,python,[JIT],0x0000766aade1365d
3971496.0,3634084,python,[JIT],0x0000731ba2206c83
3971492.0,3634051,python,[JIT],0x00007a6d2708821a
3971484.0,3634040,python,[JIT],0x0000766aad6ce6f1
3971460.0,3634022,python,[JIT],0x000078e61547b183
3971411.0,3634051,python,[JIT],0x00007a6d27088dfa
3971392.0,3634084,python,[JIT],0x0000731ba220518e
3971380.0,3634040,python,[JIT],0x0000766aad6ce2ca
3971376.0,3634040,python,[JIT],0x0000766aade13ffd
3971335.0,3634073,python,[JIT],0x00007373dd61398f
3971331.0,3634022,python,[JIT],0x000078e61547a227
3971326.0,3634029,python,[JIT],0x000077a02e61475f
3971295.0,3634040,python,[JIT],0x0000766aad6ce17d
3971282.0,3634073,python,[JIT],0x00007373dcd9f42a
3971233.0,3634029,python,[JIT],0x000077a02e613b9b
3971226.0,3634029,python,[JIT],0x000077a02e614604
3971191.0,3634051,python,[JIT],0x00007a6d270894eb
3971170.0,3634029,python,[JIT],0x000077a02e61501d
3971106.0,3634062,python,[JIT],0x0000758d926c36b4
3971076.0,3634084,python,[JIT],0x0000731ba22072be
3971071.0,3634084,python,[JIT],0x0000731ba2205faf
3971065.0,3634029,python,[JIT],0x000077a02e6150bf
3971035.0,3634062,python,[JIT],0x0000758d926c4643
3971030.0,3634040,python,[JIT],0x0000766aad6cee06
3970998.0,3634051,python,[JIT],0x00007a6d270891c5
3970981.0,3634029,python,[JIT],0x000077a02e6151aa
3970974.0,3634022,python,[JIT],0x000078e61547bd73
3970969.0,3634051,python,python,_PyFloat_ExactDealloc
3970938.0,3634062,python,[JIT],0x0000758d927cea7f
3970918.0,3634051,python,[JIT],0x00007a6d2708849c
3970912.0,3634040,python,[JIT],0x0000766aade13a26
3970888.0,3634073,python,[JIT],0x00007373dcd9efdd
3970884.0,3634084,python,python,__errno_location@plt
3970879.0,3634022,python,[JIT],0x000078e61547acbe
3970865.0,3634062,python,[JIT],0x0000758d926c3e7c
3970862.0,3634084,python,[JIT],0x0000731ba22051df
3970834.0,3634062,python,[JIT],0x0000758d926c52cd
3970829.0,3634040,python,[JIT],0x0000766aade13d59
3970813.0,3634084,python,[JIT],0x0000731ba2206b61
3970790.0,3634073,python,[JIT],0x00007373dcd9efb6
3970776.0,3634029,python,[JIT],0x000077a02e613bc7
3970767.0,3634084,python,[JIT],0x0000731ba22073f5
3970730.0,3634073,python,[JIT],0x00007373dcd9d966
3970698.0,3634051,python,[JIT],0x00007a6d2708858c
3970606.0,3634084,python,[JIT],0x0000731ba2206718
3970545.0,3634029,python,[JIT],0x000077a02e614401
3970534.0,3634022,python,[JIT],0x000078e61547b718
3970524.0,3634051,python,[JIT],0x00007a6d27088994
3970510.0,3634029,python,[JIT],0x000077a02e614858
3970501.0,3634029,python,[JIT],0x000077a02e6135c4
3970423.0,3634029,python,[JIT],0x000077a02e614874
3970403.0,3634051,python,[JIT],0x00007a6d27088337
3970373.0,3634084,python,[JIT],0x0000731ba2207050
3970368.0,3634051,python,[JIT],0x00007a6d276eb1af
3970352.0,3634022,python,[JIT],0x000078e61547bdfa
3970317.0,3634029,python,[JIT],0x000077a02e613dee
3970316.0,3634084,python,[JIT],0x0000731ba220689c
3970308.0,3634051,python,[JIT],0x00007a6d27087194
3970277.0,3634073,python,[JIT],0x00007373dd613221
3970255.0,3634062,python,[JIT],0x0000758d927ce4fc
3970255.0,3634040,python,[JIT],0x0000766aade131b7
3970252.0,3634062,python,[JIT],0x0000758d926c4a2f
3970201.0,3634029,python,[JIT],0x000077a02e613f96
3970097.0,3634073,python,python,_PyLong_FromMedium
3970036.0,3634040,python,[JIT],0x0000766aade132f8
3970015.0,3634022,python,[JIT],0x000078e61547b5ea
3969990.0,3634022,python,[JIT],0x000078e61547c050
3969979.0,3634073,python,[JIT],0x00007373dcd9e59a
3969967.0,3634084,python,[JIT],0x0000731ba220643a
3969945.0,3634084,python,[JIT],0x0000731ba2e3a796
3969920.0,3634073,python,[JIT],0x00007373dcd9e385
3969889.0,3634022,python,[JIT],0x000078e61547a16b
3969702.0,3634051,python,[JIT],0x00007a6d27087b07
3969672.0,3634022,python,[JIT],0x000078e61547bf71
3969585.0,3634022,python,[JIT],0x000078e61547b8af
3969538.0,3634022,python,[JIT],0x000078e61547a5b3
3969406.0,3634040,python,[JIT],0x0000766aade14082
3969255.0,3634040,python,[JIT],0x0000766aad6ceda3
3969249.0,3634073,python,[JIT],0x00007373dcd9df10
3969248.0,3634084,python,[JIT],0x0000731ba2205db2
3969168.0,3634029,python,[JIT],0x000077a02e61334b
3969130.0,3634062,python,[JIT],0x0000758d926c527e
3969096.0,3634073,python,[JIT],0x00007373dcd9efa7
3969059.0,3634062,python,[JIT],0x0000758d926c3242
3969013.0,3634073,python,[JIT],0x00007373dcd9f0f4
3968979.0,3634040,python,libc.so.6,__errno_location
3968933.0,3634029,python,[JIT],0x000077a02e614180
3968870.0,3634084,python,[JIT],0x0000731ba2206ac8
3968826.0,3634073,python,[JIT],0x00007373dd61382e
3968825.0,3634029,python,[JIT],0x000077a02e638ba3
3968825.0,3634051,python,[JIT],0x00007a6d270871a0
3968823.0,3634062,python,[JIT],0x0000758d926c48ef
3968806.0,3634062,python,[JIT],0x0000758d926c375e
3968722.0,3634073,python,[JIT],0x00007373dcd9d638
3968656.0,3634084,python,[JIT],0x0000731ba220626e
3968591.0,3634084,python,[JIT],0x0000731ba2206227
3968570.0,3634022,python,[JIT],0x000078e61547bbb7
3968555.0,3634029,python,[JIT],0x000077a02e615199
3968483.0,3634062,python,[JIT],0x0000758d926c4b2f
3968467.0,3634073,python,[JIT],0x00007373dcd9da41
3968458.0,3634062,python,[JIT],0x0000758d926c5536
3968438.0,3634051,python,[JIT],0x00007a6d27087a94
3968421.0,3634062,python,[JIT],0x0000758d926c348b
3968402.0,3634084,python,[JIT],0x0000731ba2205b41
3968392.0,3634062,python,[JIT],0x0000758d926c3a9a
3968302.0,3634062,python,[JIT],0x0000758d926c4f45
3968147.0,3634084,python,[JIT],0x0000731ba2206167
3968143.0,3634073,python,[JIT],0x00007373dcd9eb61
3968074.0,3634073,python,[JIT],0x00007373dcd9f55a
3968043.0,3634062,python,[JIT],0x0000758d926c31fe
3968003.0,3634062,python,[JIT],0x0000758d926c353e
3967999.0,3634073,python,[JIT],0x00007373dcd9ed1c
3967980.0,3634022,python,[JIT],0x000078e61547be75
3967909.0,3634040,python,[JIT],0x0000766aade14c76
3967869.0,3634022,python,[JIT],0x000078e61547bf12
3967840.0,3634051,python,[JIT],0x00007a6d2708840e
3967740.0,3634084,python,[JIT],0x0000731ba2206905
3967693.0,3634022,python,[JIT],0x000078e61547b8bf
3967650.0,3634022,python,[JIT],0x000078e61547c4cf
3967571.0,3634029,python,[JIT],0x000077a02e61428a
3967558.0,3634084,python,[JIT],0x0000731ba2e3a127
3967534.0,3634073,python,[JIT],0x00007373dcd9eea1
3967435.0,3634062,python,[JIT],0x0000758d926c49f8
3967417.0,3634073,python,[JIT],0x00007373dcd9e36a
3967287.0,3634062,python,[JIT],0x0000758d922b6663
3967268.0,3634073,python,[JIT],0x00007373dcd9e7a9
3967123.0,3634051,python,[JIT],0x00007a6d27088799
3966908.0,3634029,python,[JIT],0x000077a02e6149f8
3966800.0,3634084,python,[JIT],0x0000731ba220579f
3966790.0,3634040,python,[JIT],0x0000766aade1528f
3966780.0,3634040,python,[JIT],0x0000766aade14ac8
3966729.0,3634062,python,[JIT],0x0000758d926c3f20
3966648.0,3634029,python,[JIT],0x000077a02e6130b9
3966630.0,3634022,python,[JIT],0x000078e61547b8c9
3966611.0,3634040,python,[JIT],0x0000766aade130b9
3966570.0,3634084,python,[JIT],0x0000731ba2206818
3966563.0,3634029,python,[JIT],0x000077a02e613a94
3966559.0,3634062,python,[JIT],0x0000758d926c4dfa
3966486.0,3634073,python,[JIT],0x00007373dc9a5366
3966421.0,3634062,python,[JIT],0x0000758d926c37df
3966341.0,3634051,python,[JIT],0x00007a6d27088e61
3966330.0,3634029,python,[JIT],0x000077a02e638c8e
3966321.0,3634029,python,[JIT],0x000077a02e614372
3966249.0,3634084,python,[JIT],0x0000731ba2206287
3966224.0,3634022,python,[JIT],0x000078e61547aa82
3966192.0,3634073,python,[JIT],0x00007373dcd9e536
3966171.0,3634051,python,[JIT],0x00007a6d27087e4f
3966168.0,3634022,python,[JIT],0x000078e61547b193
3966166.0,3634022,python,[JIT],0x000078e61547ac46
3966153.0,3634051,python,[JIT],0x00007a6d276ebb4f
3966089.0,3634073,python,[JIT],0x00007373dcd9eb8b
3966068.0,3634084,python,[JIT],0x0000731ba220670d
3966064.0,3634073,python,[JIT],0x00007373dcd9e0bb
3966060.0,3634051,python,[JIT],0x00007a6d27088fa7
3966051.0,3634051,python,[JIT],0x00007a6d27087bea
3966011.0,3634062,python,[JIT],0x0000758d926c4a68
3966005.0,3634040,python,[JIT],0x0000766aade134c1
3965976.0,3634022,python,[JIT],0x000078e6155bf5ef
3965938.0,3634084,python,[JIT],0x0000731ba2207536
3965922.0,3634040,python,[JIT],0x0000766aad6ce16b
3965915.0,3634029,python,[JIT],0x000077a02e614337
3965906.0,3634062,python,[JIT],0x0000758d926c4167
3965898.0,3634029,python,[JIT],0x000077a02e638a37
3965895.0,3634029,python,[JIT],0x000077a02e61527e
3965888.0,3634073,python,[JIT],0x00007373dcd9e079
3965886.0,3634073,python,[JIT],0x00007373dcd9d41c
3965811.0,3634073,python,[JIT],0x00007373dcd9d261
3965807.0,3634022,python,[JIT],0x000078e61547a720
3965732.0,3634073,python,[JIT],0x00007373dcd9d139
3965640.0,3634051,python,[JIT],0x00007a6d27088eae
3965634.0,3634022,python,[JIT],0x000078e61547b515
3965605.0,3634051,python,[JIT],0x00007a6d27088ac8
3965570.0,3634062,python,[JIT],0x0000758d926c4b7c
3965528.0,3634051,python,[JIT],0x00007a6d27088f0c
3965474.0,3634022,python,[JIT],0x000078e61547a17d
3965465.0,3634062,python,[JIT],0x0000758d926c39e6
3965431.0,3634062,python,[JIT],0x0000758d926c48af
3965346.0,3634040,python,[JIT],0x0000766aade14c1c
3965314.0,3634062,python,[JIT],0x0000758d926c4cc2
3965277.0,3634062,python,[JIT],0x0000758d926c43f1
3965249.0,3634073,python,[JIT],0x00007373dcd9e544
3965150.0,3634022,python,[JIT],0x000078e61547b8e9
3965122.0,3634022,python,[JIT],0x000078e61547c041
3965074.0,3634022,python,[JIT],0x000078e61547b2dc
3965049.0,3634062,python,[JIT],0x0000758d926c470d
3965048.0,3634084,python,[JIT],0x0000731ba2205dd6
3965018.0,3634062,python,[JIT],0x0000758d927ce2e8
3964999.0,3634051,python,[JIT],0x00007a6d270891d4
3964953.0,3634040,python,[JIT],0x0000766aade1353e
3964873.0,3634062,python,[JIT],0x0000758d926c4eae
3964663.0,3634029,python,[JIT],0x000077a02e613194
3964565.0,3634073,python,[JIT],0x00007373dcd9e8d7
3964320.0,3634040,python,[JIT],0x0000766aade14fdd
3964302.0,3634084,python,[JIT],0x0000731ba2206efa
3964224.0,3634084,python,[JIT],0x0000731ba2206467
3964077.0,3634022,python,[JIT],0x000078e61547a34b
3964006.0,3634084,python,[JIT],0x0000731ba2205ea2
3963894.0,3634051,python,[JIT],0x00007a6d27088034
3963831.0,3634051,python,[JIT],0x00007a6d27089384
3963767.0,3634022,python,[JIT],0x000078e6155bf9b4
3963756.0,3634062,python,[JIT],0x0000758d926c3ffd
3963663.0,3634084,python,[JIT],0x0000731ba22070eb
3963576.0,3634084,python,[JIT],0x0000731ba2205955
3963571.0,3634029,python,[JIT],0x000077a02e615109
3963528.0,3634084,python,[JIT],0x0000731ba2205d48
3963515.0,3634022,python,[JIT],0x000078e61547a261
3963469.0,3634062,python,[JIT],0x0000758d926c5237
3963386.0,3634029,python,[JIT],0x000077a02e61555a
3963338.0,3634062,python,[JIT],0x0000758d926c3d71
3963240.0,3634040,python,[JIT],0x0000766aade14180
3963217.0,3634040,python,[JIT],0x0000766aade15358
3963198.0,3634022,python,[JIT],0x000078e615082eba
3963190.0,3634040,python,[JIT],0x0000766aade1478b
3963178.0,3634084,python,[JIT],0x0000731ba22063b4
3963144.0,3634029,python,[JIT],0x000077a02e614637
3963128.0,3634062,python,[JIT],0x0000758d926c516a
3963108.0,3634040,python,[JIT],0x0000766aade1341a
3963056.0,3634022,python,[JIT],0x000078e61547c54b
3963040.0,3634029,python,[JIT],0x000077a02e614dfa
3963021.0,3634062,python,[JIT],0x0000758d926c4604
3962962.0,3634062,python,[JIT],0x0000758d927ce8f3
3962912.0,3634073,python,[JIT],0x00007373dcd9f01d
3962848.0,3634073,python,[JIT],0x00007373dc9a5eba
3962810.0,3634084,python,[JIT],0x0000731ba2205277
3962785.0,3634084,python,[JIT],0x0000731ba2206544
3962764.0,3634062,python,[JIT],0x0000758d926c50b1
3962713.0,3634051,python,[JIT],0x00007a6d27088951
3962696.0,3634084,python,[JIT],0x0000731ba22063d1
3962692.0,3634051,python,python,_PyNumber_PowerNoMod
3962687.0,3634073,python,[JIT],0x00007373dcd9e683
3962645.0,3634051,python,[JIT],0x00007a6d27089410
3962632.0,3634029,python,[JIT],0x000077a02e6153c8
3962631.0,3634029,python,[JIT],0x000077a02e6130a9
3962545.0,3634062,python,[JIT],0x0000758d927ce1b4
3962525.0,3634022,python,[JIT],0x000078e61547ac90
3962491.0,3634073,python,[JIT],0x00007373dcd9d900
3962472.0,3634022,python,[JIT],0x000078e61547af9a
3962428.0,3634029,python,[JIT],0x000077a02e613c8b
3962365.0,3634022,python,[JIT],0x000078e61547b21a
3962350.0,3634022,python,[JIT],0x000078e61547add2
3962326.0,3634073,python,[JIT],0x00007373dcd9e5c0
3962314.0,3634073,python,[JIT],0x00007373dcd9e8af
3962308.0,3634051,python,[JIT],0x00007a6d2708836c
3962302.0,3634073,python,[JIT],0x00007373dd6131b7
3962266.0,3634073,python,[JIT],0x00007373dcd9f18c
3962262.0,3634084,python,[JIT],0x0000731ba2205966
3962235.0,3634040,python,[JIT],0x0000766aade15522
3962169.0,3634029,python,[JIT],0x000077a02e615358
3962169.0,3634084,python,[JIT],0x0000731ba2205d17
3962153.0,3634051,python,[JIT],0x00007a6d276eb18f
3962119.0,3634073,python,[JIT],0x00007373dcd9e47d
3961966.0,3634022,python,[JIT],0x000078e61547c1d4
3961874.0,3634051,python,[JIT],0x00007a6d26c90baa
3961683.0,3634022,python,[JIT],0x000078e615fa800a
3961626.0,3634040,python,[JIT],0x0000766aade1554e
3961616.0,3634062,python,[JIT],0x0000758d927ceb5c
3961569.0,3634022,python,[JIT],0x000078e61547a837
3961562.0,3634073,python,[JIT],0x00007373dcd9e1fe
3961546.0,3634029,python,[JIT],0x000077a02e614467
3961527.0,3634084,python,[JIT],0x0000731ba220635d
3961457.0,3634051,python,[JIT],0x00007a6d276eb403
3961453.0,3634051,python,[JIT],0x00007a6d27088167
3961449.0,3634084,python,[JIT],0x0000731ba2e3aa7f
3961419.0,3634084,python,[JIT],0x0000731ba2205150
3961377.0,3634029,python,[JIT],0x000077a02e613e98
3961375.0,3634073,python,python,PyLong_FromLong
3961369.0,3634084,python,[JIT],0x0000731ba2e3ab5c
3961361.0,3634022,python,[JIT],0x000078e61547a6c2
3961314.0,3634084,python,[JIT],0x0000731ba2e3ad47
3961281.0,3634040,python,[JIT],0x0000766aade146e1
3961276.0,3634062,python,[JIT],0x0000758d926c4b8b
3961275.0,3634084,python,[JIT],0x0000731ba2205d9d
3961269.0,3634029,python,[JIT],0x000077a02e613f58
3961223.0,3634022,python,[JIT],0x000078e61547b1d2
3961205.0,3634084,python,[JIT],0x0000731ba2e3a179
3961203.0,3634051,python,[JIT],0x00007a6d2708820f
3961061.0,3634062,python,[JIT],0x0000758d927ce2cf
3961042.0,3634073,python,[JIT],0x00007373dcd9ddd6
3961037.0,3634022,python,[JIT],0x000078e61547bbc8
3960987.0,3634029,python,[JIT],0x000077a02e6138a2
3960984.0,3634084,python,[JIT],0x0000731ba2202ef9
3960982.0,3634040,python,[JIT],0x0000766aad6cebc7
3960976.0,3634022,python,[JIT],0x000078e61547c1c5
3960934.0,3634051,python,[JIT],0x00007a6d27088120
3960932.0,3634062,python,[JIT],0x0000758d926c4d9a
3960928.0,3634022,python,[JIT],0x000078e61547be53
3960886.0,3634084,python,[JIT],0x0000731ba220586c
3960870.0,3634084,python,[JIT],0x0000731ba22068ef
3960827.0,3634084,python,[JIT],0x0000731ba2e3a150
3960784.0,3634084,python,[JIT],0x0000731ba22052c4
3960774.0,3634062,python,[JIT],0x0000758d927ce53c
3960746.0,3634051,python,[JIT],0x00007a6d2708921f
3960736.0,3634022,python,[JIT],0x000078e61547c393
3960697.0,3634022,python,[JIT],0x000078e61547c2ba
3960643.0,3634022,python,[JIT],0x000078e61547a270
3960573.0,3634084,python,[JIT],0x0000731ba22068c3
3960556.0,3634084,python,[JIT],0x0000731ba22053b3
3960452.0,3634062,python,[JIT],0x0000758d927ce99f
3960422.0,3634084,python,[JIT],0x0000731ba22072cd
3960383.0,3634084,python,[JIT],0x0000731ba2e3a887
3960381.0,3634062,python,[JIT],0x0000758d926c356d
3960339.0,3634029,python,[JIT],0x000077a02dcc7195
3960233.0,3634073,python,[JIT],0x00007373dcd9d508
3960229.0,3634084,python,[JIT],0x0000731ba22065a8
3960190.0,3634084,python,[JIT],0x0000731ba2206082
3960187.0,3634062,python,[JIT],0x0000758d926c3378
3960179.0,3634062,python,[JIT],0x0000758d926c4120
3960114.0,3634029,python,[JIT],0x000077a02e614aab
3960060.0,3634040,python,[JIT],0x0000766aade13e3f
3960021.0,3634051,python,[JIT],0x00007a6d27089517
3960019.0,3634084,python,[JIT],0x0000731ba2206e82
3959982.0,3634062,python,[JIT],0x0000758d926c4504
3959933.0,3634084,python,[JIT],0x0000731ba2206f2c
3959908.0,3634073,python,[JIT],0x00007373dcd9d321
3959905.0,3634062,python,[JIT],0x0000758d926c354c
3959812.0,3634051,python,[JIT],0x00007a6d27088e75
3959811.0,3634084,python,[JIT],0x0000731ba22055b3
3959801.0,3634040,python,[JIT],0x0000766aade13bfa
3959715.0,3634051,python,[JIT],0x00007a6d276eb7a2
3959653.0,3634029,python,[JIT],0x000077a02e613c74
3959647.0,3634040,python,[JIT],0x0000766aade137b0
3959494.0,3634073,python,[JIT],0x00007373dcd9db6d
3959490.0,3634073,python,[JIT],0x00007373dcd9e518
3959452.0,3634022,python,[JIT],0x000078e61547a220
3959418.0,3634073,python,[JIT],0x00007373dcd9e348
3959373.0,3634073,python,[JIT],0x00007373dcd9ec83
3959355.0,3634040,python,[JIT],0x0000766aade15513
3959299.0,3634062,python,[JIT],0x0000758d926c3c7b
3959286.0,3634040,python,[JIT],0x0000766aade1331c
3959252.0,3634051,python,[JIT],0x00007a6d27088718
3959230.0,3634022,python,[JIT],0x000078e61547b501
3959218.0,3634084,python,[JIT],0x0000731ba2206a76
3959204.0,3634062,python,[JIT],0x0000758d926c3575
3959202.0,3634073,python,[JIT],0x00007373dcd9f4c1
3959177.0,3634084,python,[JIT],0x0000731ba22074c1
3958977.0,3634040,python,[JIT],0x0000766aad59ea97
3958798.0,3634051,python,[JIT],0x00007a6d270875a9
3958780.0,3634073,python,[JIT],0x00007373dcd9d2c4
3958755.0,3634062,python,[JIT],0x0000758d926c5078
3958739.0,3634051,python,[JIT],0x00007a6d27088561
3958663.0,3634029,python,[JIT],0x000077a02e61429a
3958662.0,3634051,python,[JIT],0x00007a6d27088cee
3958581.0,3634029,python,[JIT],0x000077a02e614b50
3958561.0,3634040,python,[JIT],0x0000766aade132b5
3958455.0,3634062,python,[JIT],0x0000758d926c4df2
3958348.0,3634022,python,[JIT],0x000078e61547a7c9
3958288.0,3634062,python,[JIT],0x0000758d927ce720
3958165.0,3634022,python,[JIT],0x000078e61547a97d
3958102.0,3634084,python,[JIT],0x0000731ba220639e
3958055.0,3634040,python,[JIT],0x0000766aade13bd4
3957846.0,3634022,python,[JIT],0x000078e61547b8b7
3957783.0,3634073,python,[JIT],0x00007373dcd9d473
3957729.0,3634051,python,[JIT],0x00007a6d27089526
3957399.0,3634029,python,[JIT],0x000077a02e613e7f
3957372.0,3634084,python,[JIT],0x0000731ba2e3a2d8
3957237.0,3634029,python,[JIT],0x000077a02e613638
3957171.0,3634084,python,[JIT],0x0000731ba2207199
3957159.0,3634022,python,[JIT],0x000078e61547b3d1
3956788.0,3634040,python,[JIT],0x0000766aade13f33
3956725.0,3634084,python,[JIT],0x0000731ba2206c5b
3956723.0,3634073,python,[JIT],0x00007373dcd9f07c
3956705.0,3634062,python,[JIT],0x0000758d926c414c
3956690.0,3634084,python,[JIT],0x0000731ba2206d06
3956673.0,3634051,python,[JIT],0x00007a6d270890de
3956638.0,3634040,python,[JIT],0x0000766aade15085
3956348.0,3634051,python,[JIT],0x00007a6d270882ed
3956277.0,3634062,python,[JIT],0x0000758d926c3b5e
3956265.0,3634040,python,[JIT],0x0000766aade14da8
3956225.0,3634040,python,[JIT],0x0000766aade13fbc
3956180.0,3634029,python,[JIT],0x000077a02e614647
3955975.0,3634084,python,[JIT],0x0000731ba2207334
3955950.0,3634022,python,[JIT],0x000078e61508221e
3955702.0,3634084,python,[JIT],0x0000731ba2207178
3955402.0,3634022,python,[JIT],0x000078e61547a33a
3955276.0,3634051,python,[JIT],0x00007a6d270880e8
3955067.0,3634029,python,[JIT],0x000077a02e613ee4
3955035.0,3634084,python,[JIT],0x0000731ba2206d2a
3955027.0,3634062,python,[JIT],0x0000758d926c4718
3954946.0,3634051,python,[JIT],0x00007a6d27088751
3954666.0,3634084,python,libm.so.6,__pow_finite@GLIBC_2.15@plt
3954580.0,3634073,python,[JIT],0x00007373dd613690
3954558.0,3634084,python,[JIT],0x0000731ba22068c9
3954551.0,3634022,python,[JIT],0x000078e61547c4b0
3954506.0,3634040,python,[JIT],0x0000766aade1482c
3954420.0,3634022,python,[JIT],0x000078e61547bd40
3954337.0,3634073,python,[JIT],0x00007373dcd9dc90
3954319.0,3634022,python,[JIT],0x000078e61547ae27
3954274.0,3634022,python,[JIT],0x000078e6155bfbc7
3954271.0,3634073,python,[JIT],0x00007373dcd9eaa2
3954203.0,3634022,python,[JIT],0x000078e61547af10
3954058.0,3634051,python,[JIT],0x00007a6d270874ea
3954007.0,3634051,python,[JIT],0x00007a6d27088637
3953853.0,3634084,python,[JIT],0x0000731ba220511b
3953848.0,3634062,python,[JIT],0x0000758d926c4180
3953539.0,3634084,python,[JIT],0x0000731ba2206e96
3953090.0,3634051,python,[JIT],0x00007a6d27087711
3953083.0,3634062,python,[JIT],0x0000758d927cedf8
3952988.0,3634029,python,[JIT],0x000077a02e61414c
3952604.0,3634029,python,[JIT],0x000077a02e61480a
3952445.0,3634073,python,[JIT],0x00007373dcd9d28e
3952347.0,3634073,python,[JIT],0x00007373dcd9eefa
3952284.0,3634029,python,[JIT],0x000077a02e6147b1
3952134.0,3634040,python,[JIT],0x0000766aade13ed4
3951702.0,3634040,python,[JIT],0x0000766aade154dc
3951592.0,3634022,python,[JIT],0x000078e61547c2f0
3951565.0,3634029,python,[JIT],0x000077a02e6382e8
3951521.0,3634022,python,[JIT],0x000078e61547a2b5
3951514.0,3634084,python,[JIT],0x0000731ba2207402
3951298.0,3634029,python,[JIT],0x000077a02e614c90
3951232.0,3634029,python,[JIT],0x000077a02e613ce0
3951106.0,3634040,python,[JIT],0x0000766aade14bee
3951089.0,3634084,python,[JIT],0x0000731ba2206c90
3950975.0,3634051,python,[JIT],0x00007a6d270889f8
3950958.0,3634051,python,[JIT],0x00007a6d27088944
3950868.0,3634040,python,[JIT],0x0000766aade13a9a
3950861.0,3634073,python,[JIT],0x00007373dcd9dffd
3950802.0,3634073,python,[JIT],0x00007373dcd9f0e4
3950796.0,3634040,python,[JIT],0x0000766aade148af
3950543.0,3634062,python,[JIT],0x0000758d926c3f33
3950432.0,3634040,python,[JIT],0x0000766aade13a7d
3950346.0,3634062,python,[JIT],0x0000758d926c4fc6
3950290.0,3634029,python,[JIT],0x000077a02e613127
3950022.0,3634073,python,[JIT],0x00007373dcd9ebb3
3949968.0,3634073,python,[JIT],0x00007373dcd9e95e
3949841.0,3634022,python,[JIT],0x000078e61547b99e
3949776.0,3634051,python,[JIT],0x00007a6d27088643
3949173.0,3634022,python,[JIT],0x000078e61547c261
3949152.0,3634051,python,[JIT],0x00007a6d27088bda
3949102.0,3634073,python,[JIT],0x00007373dcd9f041
3948950.0,3634051,python,[JIT],0x00007a6d27089358
3948944.0,3634062,python,[JIT],0x0000758d926c443a
3948693.0,3634022,python,[JIT],0x000078e6155bf603
3948643.0,3634073,python,[JIT],0x00007373dcd9d396
3948636.0,3634022,python,[JIT],0x000078e61547b167
3948405.0,3634073,python,[JIT],0x00007373dcd9e951
3948291.0,3634022,python,[JIT],0x000078e61547c0f9
3948280.0,3634040,python,[JIT],0x0000766aade1342f
3948261.0,3634022,python,[JIT],0x000078e61547ac34
3948120.0,3634084,python,[JIT],0x0000731ba2206585
3948102.0,3634084,python,[JIT],0x0000731ba2206da8
3947829.0,3634040,python,[JIT],0x0000766aade13871
3947509.0,3634062,python,[JIT],0x0000758d926c440e
3947466.0,3634073,python,[JIT],0x00007373dcd9d863
3947413.0,3634040,python,[JIT],0x0000766aade133cb
3947244.0,3634029,python,[JIT],0x000077a02e61506d
3946931.0,3634073,python,[JIT],0x00007373dcd9de10
3946889.0,3634062,python,[JIT],0x0000758d927ced5b
3946792.0,3634062,python,[JIT],0x0000758d926c3a17
3946776.0,3634062,python,python,PyLong_FromLong
3946646.0,3634040,python,[JIT],0x0000766aade14eae
3946391.0,3634029,python,[JIT],0x000077a02e6142dc
3946145.0,3634022,python,[JIT],0x000078e6155bf7b4
3945894.0,3634073,python,[JIT],0x00007373dd613ac2
3945447.0,3634029,python,[JIT],0x000077a02e613ca6
3945119.0,3634040,python,[JIT],0x0000766aade14348
3944245.0,3634073,python,[JIT],0x00007373dcd9e2dc
3944237.0,3634051,python,[JIT],0x00007a6d276ebda3
3944137.0,3634073,python,[JIT],0x00007373dc9a5420
3942862.0,3634051,python,[JIT],0x00007a6d27087b95
3942592.0,3634062,python,[JIT],0x0000758d926c3a26
3942185.0,3634022,python,[JIT],0x000078e61547bc18
3941924.0,3634040,python,[JIT],0x0000766aade13ca6
3941802.0,3634062,python,[JIT],0x0000758d926c3ecd
3941491.0,3634040,python,[JIT],0x0000766aade14f08
3940853.0,3634029,python,[JIT],0x000077a02dcc71c0
3940809.0,3634051,python,[JIT],0x00007a6d27087faf
3940747.0,3634029,python,[JIT],0x000077a02e6139e6
3940721.0,3634062,python,[JIT],0x0000758d926c3ca6
3940638.0,3634029,python,[JIT],0x000077a02e61316b
3940071.0,3634084,python,[JIT],0x0000731ba22060f7
3939854.0,3634062,python,[JIT],0x0000758d926c38d9
3939434.0,3634040,python,[JIT],0x0000766aade14065
3939182.0,3634022,python,[JIT],0x000078e61547a789
3939146.0,3634022,python,[JIT],0x000078e61547bf22
3939076.0,3634051,python,[JIT],0x00007a6d270894b0
3938964.0,3634051,python,[JIT],0x00007a6d27088865
3938842.0,3634051,python,[JIT],0x00007a6d276eb00a
3938649.0,3634040,python,[JIT],0x0000766aade15402
3938587.0,3634051,python,[JIT],0x00007a6d27088401
3938355.0,3634073,python,[JIT],0x00007373dcd9e227
3938087.0,3634022,python,[JIT],0x000078e61547bac0
3937357.0,3634040,python,[JIT],0x0000766aade148b1
3936523.0,3634029,python,python,_PyFloat_ExactDealloc
3934762.0,3634051,python,[JIT],0x00007a6d27088518
3934413.0,3634040,python,[JIT],0x0000766aade14681
3934204.0,3634040,python,[JIT],0x0000766aade13c41
3932400.0,3634062,python,[JIT],0x0000758d926c4d06
3932280.0,3634051,python,[JIT],0x00007a6d27088467
3931790.0,3634040,python,[JIT],0x0000766aad6ce5ff
3930798.0,3634051,python,[JIT],0x00007a6d27087863
3929425.0,3634062,python,[JIT],0x0000758d926c478b
3925253.0,3634040,python,[JIT],0x0000766aade15217
3924763.0,3634029,python,[JIT],0x000077a02e61379f
3924491.0,3634022,python,[JIT],0x000078e61547bb7c
3924020.0,3634029,python,[JIT],0x000077a02e61397d
3923562.0,3634040,python,[JIT],0x0000766aade13b07
3920869.0,3634062,python,[JIT],0x0000758d927ce75b
3918029.0,3634029,python,[JIT],0x000077a02e638798
3917768.0,3634040,python,[JIT],0x0000766aade14448
3917232.0,3634073,python,[JIT],0x00007373dcd9e526
3915131.0,3634051,python,[JIT],0x00007a6d27087e20
3914549.0,3634062,python,[JIT],0x0000758d926c54dc
3909961.0,3634073,python,[JIT],0x00007373dcd9e180
3909907.0,3634073,python,[JIT],0x00007373dcd9d789
3904896.0,3634084,python,[JIT],0x0000731ba2206e75
3901711.0,3634051,python,[JIT],0x00007a6d27087b8e
3898685.0,3634022,python,[JIT],0x000078e61547b034
3898510.0,3634051,python,[JIT],0x00007a6d27088ea1
3895303.0,3634051,python,[JIT],0x00007a6d270885b2
3886848.0,3634029,python,[JIT],0x000077a02e61420f
3885785.0,3634073,python,[JIT],0x00007373dcd9f0de
3884406.0,3634029,python,[JIT],0x000077a02e6382d2
3883532.0,3634022,python,[JIT],0x000078e6154a1194
3875816.0,3634022,python,[JIT],0x000078e61547a0ce
3872854.0,3634084,python,[JIT],0x0000731ba2e3a301
3868447.0,3634051,python,[JIT],0x00007a6d27087333
3864082.0,3634051,python,[JIT],0x00007a6d27087e10
3856505.0,3634022,python,[JIT],0x000078e61547a9ec
3848190.0,3634084,python,python,_PyFloat_ExactDealloc
3845397.0,3634051,python,[JIT],0x00007a6d2708934a
3835247.0,3634029,python,[JIT],0x000077a02e614287
3833871.0,3634022,python,[JIT],0x000078e61547a618
3831874.0,3634040,python,[JIT],0x0000766aade1505f
3830785.0,3634029,python,[JIT],0x000077a02e613684
3822026.0,3634051,python,[JIT],0x00007a6d27087ce0
3811812.0,3634073,python,[JIT],0x00007373dcd9daf8
3801712.0,3634029,python,[JIT],0x000077a02e614bc6
3799776.0,3634051,python,[JIT],0x00007a6d27087396
3760778.0,3634073,python,[JIT],0x00007373dcd9ede2
3738249.0,3634040,python,[JIT],0x0000766aade15229
3685299.0,3634040,python,[JIT],0x0000766aad6ce2a6
3666647.0,3634084,python,[JIT],0x0000731ba2205b07
3389084.0,3634084,python,[JIT],0x0000731ba2205f8a
3205815.0,3634062,python,[JIT],0x0000758d926c359a
2982342.0,3634084,python,[JIT],0x0000731ba2e3a1cd
2980400.0,3634073,python,[JIT],0x00007373dcd9e598
2980386.0,3634051,python,[JIT],0x00007a6d26c8f366
2980378.0,3634073,python,[JIT],0x00007373dcd9dff0
2980368.0,3634084,python,[JIT],0x0000731ba2207481
2980355.0,3634073,python,[JIT],0x00007373dc9a5a54
2980342.0,3634084,python,[JIT],0x0000731ba2205b13
2980336.0,3634029,python,[JIT],0x000077a02e614d56
2980315.0,3634073,python,[JIT],0x00007373dd61349c
2980313.0,3634073,python,[JIT],0x00007373dcd9d324
2980310.0,3634022,python,[JIT],0x000078e61547affd
2980308.0,3634051,python,[JIT],0x00007a6d276eb414
2980306.0,3634022,python,[JIT],0x000078e6155bfcba
2980287.0,3634029,python,[JIT],0x000077a02e6131a8
2980281.0,3634022,python,[JIT],0x000078e61508264b
2980279.0,3634051,python,[JIT],0x00007a6d27088f8d
2980278.0,3634022,python,[JIT],0x000078e61547b8d4
2980278.0,3634029,python,[JIT],0x000077a02e613333
2980278.0,3634084,python,[JIT],0x0000731ba22050ce
2980269.0,3634022,python,[JIT],0x000078e61547c005
2980269.0,3634051,python,[JIT],0x00007a6d270886ff
2980263.0,3634022,python,[JIT],0x000078e61547bfb2
2980263.0,3634051,python,[JIT],0x00007a6d27087c34
2980260.0,3634084,python,[JIT],0x0000731ba2206aab
2980252.0,3634022,python,[JIT],0x000078e61547ad1a
2980250.0,3634062,python,[JIT],0x0000758d926c4d1c
2980248.0,3634029,python,[JIT],0x000077a02dcc7645
2980245.0,3634022,python,[JIT],0x000078e61547a3a7
2980244.0,3634029,python,[JIT],0x000077a02e614fa3
2980218.0,3634062,python,[JIT],0x0000758d926c3d1a
2980217.0,3634073,python,[JIT],0x00007373dd613486
2980216.0,3634022,python,[JIT],0x000078e61547ac74
2980211.0,3634029,python,[JIT],0x000077a02e63845b
2980211.0,3634062,python,[JIT],0x0000758d922b524b
2980205.0,3634073,python,[JIT],0x00007373dcd9e07c
2980200.0,3634051,python,[JIT],0x00007a6d27088082
2980197.0,3634022,python,[JIT],0x000078e61547c178
2980197.0,3634029,python,[JIT],0x000077a02e61496d
2980197.0,3634073,python,[kernel.kallsyms],read_tsc
2980194.0,3634022,python,[JIT],0x000078e615083edc
2980193.0,3634051,python,[JIT],0x00007a6d27088504
2980190.0,3634051,python,[JIT],0x00007a6d27087c7b
2980189.0,3634022,python,[JIT],0x000078e61547a9d4
2980189.0,3634062,python,[JIT],0x0000758d926c394e
2980187.0,3634084,python,[JIT],0x0000731ba2e3ab3a
2980186.0,3634022,python,[JIT],0x000078e61547c4c4
2980184.0,3634029,python,[JIT],0x000077a02e615410
2980182.0,3634022,python,[JIT],0x000078e61547a1c5
2980181.0,3634022,python,[JIT],0x000078e61547a95d
2980177.0,3634022,python,[JIT],0x000078e61547b9b6
2980177.0,3634029,python,[JIT],0x000077a02e613ba0
2980177.0,3634062,python,[JIT],0x0000758d922b465b
2980176.0,3634029,python,[JIT],0x000077a02e61455d
2980173.0,3634051,python,[JIT],0x00007a6d276eb680
2980168.0,3634029,python,[JIT],0x000077a02e6381a8
2980168.0,3634051,python,[JIT],0x00007a6d27089199
2980168.0,3634084,python,[JIT],0x0000731ba2207428
2980167.0,3634029,python,python,_PyLong_FromMedium
2980165.0,3634073,python,[JIT],0x00007373dcd9d79f
2980164.0,3634029,python,[JIT],0x000077a02e6152cd
2980164.0,3634073,python,[JIT],0x00007373dcd9f16a
2980158.0,3634073,python,[JIT],0x00007373dcd9efc2
2980150.0,3634073,python,[JIT],0x00007373dd613808
2980149.0,3634062,python,[JIT],0x0000758d926c33e6
2980148.0,3634022,python,[JIT],0x000078e61547af1b
2980148.0,3634062,python,[JIT],0x0000758d926c38ca
2980148.0,3634051,python,[JIT],0x00007a6d276eb75b
2980147.0,3634022,python,[JIT],0x000078e6155bf87f
2980143.0,3634022,python,[JIT],0x000078e61547b36a
2980141.0,3634029,python,[JIT],0x000077a02e6141ef
2980141.0,3634062,python,[JIT],0x0000758d926c3f9a
2980140.0,3634022,python,[JIT],0x000078e61547c373
2980138.0,3634022,python,[JIT],0x000078e61547a96b
2980135.0,3634029,python,[JIT],0x000077a02e6386f1
2980132.0,3634029,python,[JIT],0x000077a02e613b8e
2980128.0,3634029,python,[JIT],0x000077a02e613c00
2980128.0,3634062,python,[JIT],0x0000758d926c484a
2980127.0,3634073,python,[JIT],0x00007373dd613aa7
2980127.0,3634062,python,[JIT],0x0000758d926c32c4
2980125.0,3634051,python,[JIT],0x00007a6d270879db
2980124.0,3634022,python,[JIT],0x000078e61547b4f7
2980124.0,3634029,python,[JIT],0x000077a02e614448
2980123.0,3634062,python,[JIT],0x0000758d922b5fe4
2980120.0,3634029,python,[JIT],0x000077a02e6132b5
2980120.0,3634029,python,[JIT],0x000077a02e63887f
2980118.0,3634051,python,[JIT],0x00007a6d270883c3
2980117.0,3634062,python,[JIT],0x0000758d926c368a
2980115.0,3634022,python,[JIT],0x000078e61547c517
2980112.0,3634022,python,[JIT],0x000078e615082699
2980112.0,3634073,python,[JIT],0x00007373dcd9e487
2980112.0,3634084,python,[JIT],0x0000731ba22070bf
2980111.0,3634084,python,[JIT],0x0000731ba2206b21
2980108.0,3634022,python,[JIT],0x000078e61547aa65
2980107.0,3634029,python,[JIT],0x000077a02e614cc6
2980100.0,3634084,python,[JIT],0x0000731ba2e3aa70
2980098.0,3634051,python,[JIT],0x00007a6d276eb542
2980095.0,3634051,python,[JIT],0x00007a6d270893f5
2980094.0,3634051,python,[JIT],0x00007a6d2708895e
2980092.0,3634073,python,[JIT],0x00007373dcd9e662
2980088.0,3634022,python,[JIT],0x000078e61547c27b
2980087.0,3634084,python,[JIT],0x0000731ba2205353
2980086.0,3634029,python,[JIT],0x000077a02dcc74ca
2980084.0,3634073,python,[JIT],0x00007373dcd9e725
2980082.0,3634062,python,[JIT],0x0000758d926c392a
2980079.0,3634022,python,[JIT],0x000078e61547b84a
2980076.0,3634062,python,[JIT],0x0000758d927ce267
2980075.0,3634029,python,[JIT],0x000077a02e613faf
2980075.0,3634051,python,[JIT],0x00007a6d27088b8b
2980074.0,3634073,python,[JIT],0x00007373dcd9dbc7
2980072.0,3634062,python,[JIT],0x0000758d927cece0
2980070.0,3634073,python,[JIT],0x00007373dcd9ec5b
2980067.0,3634073,python,[JIT],0x00007373dcd9ecaf
2980065.0,3634029,python,[JIT],0x000077a02e613fbc
2980065.0,3634062,python,[JIT],0x0000758d927cede6
2980064.0,3634073,python,[JIT],0x00007373dd6138bb
2980062.0,3634084,python,[JIT],0x0000731ba2e3aaa7
2980061.0,3634022,python,[JIT],0x000078e61547a288
2980059.0,3634029,python,[JIT],0x000077a02e6141ac
2980058.0,3634073,python,[JIT],0x00007373dcd9dd59
2980057.0,3634062,python,[JIT],0x0000758d927ce548
2980057.0,3634051,python,[JIT],0x00007a6d27087d04
2980056.0,3634073,python,[JIT],0x00007373dcd9db95
2980052.0,3634062,python,[JIT],0x0000758d927cedde
2980051.0,3634029,python,libc.so.6,__errno_location
2980049.0,3634051,python,[JIT],0x00007a6d27088b72
2980048.0,3634062,python,[JIT],0x0000758d927ce139
2980040.0,3634022,python,[JIT],0x000078e6155bfd94
2980038.0,3634062,python,[JIT],0x0000758d926c5005
2980037.0,3634022,python,[JIT],0x000078e61547c55a
2980037.0,3634029,python,[JIT],0x000077a02e614998
2980037.0,3634029,python,[JIT],0x000077a02e638dee
2980037.0,3634073,python,[JIT],0x00007373dcd9ed06
2980037.0,3634062,python,[JIT],0x0000758d926c4536
2980037.0,3634051,python,[JIT],0x00007a6d27087265
2980034.0,3634073,python,[JIT],0x00007373dcd9f667
2980032.0,3634062,python,[JIT],0x0000758d926c3c34
2980028.0,3634051,python,[JIT],0x00007a6d27087731
2980024.0,3634022,python,[JIT],0x000078e61547ad59
2980021.0,3634029,python,[JIT],0x000077a02e61386c
2980021.0,3634084,python,[JIT],0x0000731ba2205806
2980020.0,3634022,python,[JIT],0x000078e6155bf606
2980019.0,3634029,python,[JIT],0x000077a02e614183
2980017.0,3634029,python,[JIT],0x000077a02e614a95
2980017.0,3634051,python,[JIT],0x00007a6d270888ef
2980016.0,3634062,python,[JIT],0x0000758d926c3731
2980014.0,3634022,python,[JIT],0x000078e6150833cd
2980014.0,3634073,python,[JIT],0x00007373dd613bee
2980010.0,3634022,python,[JIT],0x000078e61547b60e
2980010.0,3634022,python,[JIT],0x000078e6155bf060
2980008.0,3634029,python,[JIT],0x000077a02e614c1c
2980007.0,3634084,python,[JIT],0x0000731ba22069bc
2980003.0,3634022,python,[JIT],0x000078e61547a7cb
2980003.0,3634084,python,[JIT],0x0000731ba2e3a2e1
2980002.0,3634022,python,[JIT],0x000078e6155bfda3
2980002.0,3634062,python,[JIT],0x0000758d926c3db6
2979999.0,3634051,python,[JIT],0x00007a6d27088fc6
2979996.0,3634022,python,[JIT],0x000078e61547bee9
2979994.0,3634062,python,[JIT],0x0000758d922b2282
2979992.0,3634051,python,libm.so.6,pow@@GLIBC_2.29
2979991.0,3634029,python,[JIT],0x000077a02e613976
2979991.0,3634073,python,[JIT],0x00007373dcd9e3d9
2979989.0,3634051,python,[JIT],0x00007a6d27088da1
2979987.0,3634062,python,[JIT],0x0000758d926c3b50
2979985.0,3634062,python,[JIT],0x0000758d926c3ad0
2979985.0,3634051,python,[JIT],0x00007a6d27087d76
2979984.0,3634062,python,[JIT],0x0000758d922b5fff
2979978.0,3634084,python,[JIT],0x0000731ba22058d9
2979976.0,3634029,python,[JIT],0x000077a02e614551
2979973.0,3634029,python,[JIT],0x000077a02e6148a0
2979973.0,3634073,python,[JIT],0x00007373dcd9e20f
2979970.0,3634029,python,[JIT],0x000077a02e6141fe
2979969.0,3634062,python,[JIT],0x0000758d922b2333
2979966.0,3634051,python,[JIT],0x00007a6d270880a5
2979964.0,3634029,python,[JIT],0x000077a02e6132b9
2979964.0,3634073,python,[JIT],0x00007373dcd9decd
2979960.0,3634022,python,[JIT],0x000078e61547bb61
2979959.0,3634051,python,[JIT],0x00007a6d27089078
2979955.0,3634029,python,[JIT],0x000077a02dcc770e
2979953.0,3634062,python,[JIT],0x0000758d926c4d65
2979953.0,3634051,python,[JIT],0x00007a6d270886e1
2979952.0,3634029,python,[JIT],0x000077a02e6146f0
2979950.0,3634022,python,[JIT],0x000078e61547a3fe
2979947.0,3634084,python,[JIT],0x0000731ba22059fc
2979946.0,3634022,python,[JIT],0x000078e61547bec1
2979946.0,3634084,python,[JIT],0x0000731ba22052b9
2979941.0,3634073,python,[JIT],0x00007373dcd9e1d2
2979941.0,3634051,python,[JIT],0x00007a6d27089033
2979940.0,3634051,python,[JIT],0x00007a6d2708734b
2979933.0,3634051,python,[JIT],0x00007a6d27087f4e
2979926.0,3634029,python,[JIT],0x000077a02e614a76
2979925.0,3634022,python,[JIT],0x000078e61547a9f4
2979923.0,3634062,python,[JIT],0x0000758d922b5dd1
2979922.0,3634029,python,[JIT],0x000077a02e614594
2979922.0,3634051,python,[JIT],0x00007a6d27087c41
2979921.0,3634029,python,[JIT],0x000077a02e6139bd
2979917.0,3634022,python,[JIT],0x000078e6155bf542
2979916.0,3634062,python,[JIT],0x0000758d926c33a7
2979915.0,3634022,python,[JIT],0x000078e61547c05f
2979914.0,3634084,python,[JIT],0x0000731ba2e3a16b
2979913.0,3634073,python,[JIT],0x00007373dcd9e167
2979911.0,3634084,python,[JIT],0x0000731ba220135d
2979910.0,3634062,python,[JIT],0x0000758d926c3c18
2979910.0,3634084,python,[JIT],0x0000731ba2206cee
2979908.0,3634084,python,[JIT],0x0000731ba22066f0
2979906.0,3634022,python,[JIT],0x000078e61547a26a
2979906.0,3634062,python,[JIT],0x0000758d926c3555
2979904.0,3634051,python,[JIT],0x00007a6d27088681
2979903.0,3634051,python,[JIT],0x00007a6d27087458
2979900.0,3634051,python,[JIT],0x00007a6d27088cca
2979894.0,3634051,python,[JIT],0x00007a6d276ebbab
2979892.0,3634051,python,[JIT],0x00007a6d276eb221
2979891.0,3634029,python,[JIT],0x000077a02e614a3c
2979888.0,3634073,python,[JIT],0x00007373dcd9f334
2979887.0,3634029,python,[JIT],0x000077a02e615423
2979884.0,3634073,python,[JIT],0x00007373dcd9d5f6
2979881.0,3634022,python,[JIT],0x000078e61547a4db
2979880.0,3634051,python,[JIT],0x00007a6d27087242
2979880.0,3634084,python,[JIT],0x0000731ba2207376
2979867.0,3634073,python,[JIT],0x00007373dcd9eb8f
2979867.0,3634051,python,[JIT],0x00007a6d27087db6
2979867.0,3634051,python,[JIT],0x00007a6d27088227
2979866.0,3634051,python,[JIT],0x00007a6d2708779f
2979865.0,3634062,python,[JIT],0x0000758d926c3d34
2979861.0,3634051,python,[JIT],0x00007a6d276eb67b
2979859.0,3634084,python,[JIT],0x0000731ba220516b
2979858.0,3634073,python,[JIT],0x00007373dcd9e39e
2979856.0,3634022,python,[JIT],0x000078e61547b405
2979855.0,3634073,python,[JIT],0x00007373dcd9e43a
2979853.0,3634062,python,[JIT],0x0000758d926c3dab
2979852.0,3634062,python,[JIT],0x0000758d926c4f8d
2979850.0,3634062,python,[JIT],0x0000758d926c48d7
2979847.0,3634022,python,[JIT],0x000078e61547b35d
2979844.0,3634051,python,[JIT],0x00007a6d2708721d
2979843.0,3634073,python,[JIT],0x00007373dcd9d398
2979837.0,3634062,python,[JIT],0x0000758d926c4865
2979836.0,3634062,python,[JIT],0x0000758d926c4065
2979827.0,3634062,python,[JIT],0x0000758d926c30b9
2979824.0,3634073,python,[JIT],0x00007373dcd9e36c
2979823.0,3634022,python,[JIT],0x000078e6155bf75b
2979820.0,3634029,python,[JIT],0x000077a02e61337c
2979819.0,3634073,python,[JIT],0x00007373dcd9eb50
2979818.0,3634062,python,[JIT],0x0000758d922b4226
2979818.0,3634062,python,[JIT],0x0000758d922b569f
2979817.0,3634084,python,[JIT],0x0000731ba2206fa7
2979815.0,3634022,python,[JIT],0x000078e61547a21d
2979814.0,3634029,python,[JIT],0x000077a02e6133a7
2979814.0,3634051,python,[JIT],0x00007a6d27088a3c
2979812.0,3634022,python,[JIT],0x000078e6155bfae2
2979810.0,3634062,python,[JIT],0x0000758d926c386c
2979809.0,3634022,python,[JIT],0x000078e61547bf2c
2979806.0,3634062,python,[JIT],0x0000758d927ce902
2979806.0,3634084,python,[JIT],0x0000731ba220585f
2979804.0,3634029,python,[JIT],0x000077a02e61394e
2979804.0,3634029,python,[JIT],0x000077a02e6152b1
2979804.0,3634084,python,[JIT],0x0000731ba2207237
2979801.0,3634051,python,[JIT],0x00007a6d276eb79e
2979800.0,3634073,python,[JIT],0x00007373dcd9d2ce
2979800.0,3634062,python,[JIT],0x0000758d926c5200
2979799.0,3634084,python,[JIT],0x0000731ba2207111
2979797.0,3634062,python,[JIT],0x0000758d926c3dc0
2979796.0,3634022,python,[JIT],0x000078e615083d17
2979790.0,3634062,python,[JIT],0x0000758d927ce521
2979787.0,3634073,python,[JIT],0x00007373dcd9e495
2979781.0,3634051,python,[JIT],0x00007a6d27087a26
2979776.0,3634051,python,[JIT],0x00007a6d2708784f
2979773.0,3634029,python,[JIT],0x000077a02e613273
2979771.0,3634062,python,[JIT],0x0000758d926c4f78
2979766.0,3634062,python,[JIT],0x0000758d926c555a
2979766.0,3634084,python,[JIT],0x0000731ba220647d
2979765.0,3634022,python,[JIT],0x000078e61547aa9a
2979762.0,3634022,python,[JIT],0x000078e61547b27f
2979756.0,3634073,python,[JIT],0x00007373dd613403
2979756.0,3634062,python,[JIT],0x0000758d926c428a
2979755.0,3634029,python,[JIT],0x000077a02e615041
2979753.0,3634022,python,[JIT],0x000078e61547a673
2979748.0,3634051,python,[JIT],0x00007a6d276eba44
2979743.0,3634062,python,python,long_dealloc
2979743.0,3634084,python,[JIT],0x0000731ba2206189
2979742.0,3634029,python,[JIT],0x000077a02e614dc7
2979736.0,3634051,python,[JIT],0x00007a6d270892cd
2979734.0,3634084,python,[JIT],0x0000731ba2206799
2979723.0,3634029,python,[JIT],0x000077a02e61327a
2979723.0,3634084,python,[JIT],0x0000731ba220524d
2979720.0,3634029,python,[JIT],0x000077a02e613ea2
2979718.0,3634029,python,[JIT],0x000077a02e638bdf
2979710.0,3634062,python,[JIT],0x0000758d926c520b
2979705.0,3634022,python,[JIT],0x000078e61547b385
2979705.0,3634084,python,[JIT],0x0000731ba2e3a923
2979703.0,3634062,python,[JIT],0x0000758d926c46ed
2979701.0,3634073,python,[JIT],0x00007373dcd9e193
2979699.0,3634062,python,[JIT],0x0000758d927ce424
2979695.0,3634022,python,[JIT],0x000078e61547a414
2979693.0,3634073,python,[JIT],0x00007373dcd9e5ee
2979693.0,3634051,python,[JIT],0x00007a6d276eb1a8
2979692.0,3634084,python,[JIT],0x0000731ba22056c8
2979687.0,3634029,python,[JIT],0x000077a02e61342f
2979687.0,3634051,python,[JIT],0x00007a6d27088d1c
2979684.0,3634022,python,[JIT],0x000078e61547a139
2979684.0,3634022,python,[JIT],0x000078e61547a938
2979683.0,3634062,python,[JIT],0x0000758d922b22b8
2979682.0,3634084,python,[JIT],0x0000731ba2e3acd8
2979679.0,3634022,python,[JIT],0x000078e61547a65d
2979674.0,3634073,python,[JIT],0x00007373dcd9df4e
2979668.0,3634029,python,[JIT],0x000077a02e61310c
2979663.0,3634084,python,[JIT],0x0000731ba2206bc2
2979662.0,3634051,python,[JIT],0x00007a6d27087955
2979656.0,3634051,python,[JIT],0x00007a6d27087d48
2979646.0,3634022,python,[JIT],0x000078e6155bf1cd
2979646.0,3634084,python,[JIT],0x0000731ba220680a
2979644.0,3634084,python,[JIT],0x0000731ba22074c4
2979642.0,3634062,python,[JIT],0x0000758d927cecc3
2979641.0,3634073,python,[JIT],0x00007373dcd9e337
2979641.0,3634084,python,[JIT],0x0000731ba2e3a1e6
2979634.0,3634073,python,[JIT],0x00007373dcd9e28a
2979633.0,3634051,python,[JIT],0x00007a6d270888c9
2979630.0,3634084,python,[JIT],0x0000731ba2206a3c
2979629.0,3634051,python,[JIT],0x00007a6d276eb805
2979628.0,3634073,python,[JIT],0x00007373dcd9f526
2979625.0,3634062,python,[JIT],0x0000758d926c5223
2979616.0,3634022,python,[JIT],0x000078e61547a388
2979615.0,3634084,python,[JIT],0x0000731ba2e3a0ea
2979612.0,3634022,python,[JIT],0x000078e61547ac82
2979604.0,3634084,python,[JIT],0x0000731ba2e3a930
2979594.0,3634051,python,[JIT],0x00007a6d26c9002c
2979592.0,3634051,python,[JIT],0x00007a6d27087127
2979590.0,3634084,python,[JIT],0x0000731ba2206385
2979573.0,3634084,python,[JIT],0x0000731ba2205324
2979568.0,3634073,python,[JIT],0x00007373dcd9e29a
2979567.0,3634073,python,[JIT],0x00007373dc9a570e
2979563.0,3634051,python,[JIT],0x00007a6d270883e0
2979555.0,3634051,python,[JIT],0x00007a6d27087c86
2979554.0,3634073,python,[JIT],0x00007373dcece79e
2979552.0,3634029,python,[JIT],0x000077a02e613db2
2979540.0,3634073,python,[JIT],0x00007373dcd9edfa
2979538.0,3634073,python,[JIT],0x00007373dcd9e156
2979536.0,3634029,python,[JIT],0x000077a02e61516a
2979535.0,3634022,python,[JIT],0x000078e61547a6e3
2979535.0,3634084,python,[JIT],0x0000731ba220731c
2979529.0,3634062,python,[JIT],0x0000758d927ce49c
2979525.0,3634073,python,[JIT],0x00007373dcd9d97a
2979522.0,3634073,python,[JIT],0x00007373dcd9f536
2979518.0,3634073,python,[JIT],0x00007373dcd9d5d9
2979517.0,3634073,python,[JIT],0x00007373dcd9f20f
2979513.0,3634073,python,[JIT],0x00007373dc9a6fe4
2979511.0,3634051,python,[JIT],0x00007a6d27088cd0
2979506.0,3634029,python,[JIT],0x000077a02e63851b
2979496.0,3634051,python,[JIT],0x00007a6d27087af2
2979469.0,3634022,python,[JIT],0x000078e61547a731
2979469.0,3634029,python,[JIT],0x000077a02e6133e6
2979465.0,3634073,python,[JIT],0x00007373dcd9ea3c
2979457.0,3634073,python,[JIT],0x00007373dd6132e1
2979453.0,3634029,python,[JIT],0x000077a02e61359a
2979440.0,3634062,python,[JIT],0x0000758d927ce713
2979435.0,3634073,python,[JIT],0x00007373dd6137c0
2979433.0,3634073,python,[JIT],0x00007373dd613dcb
2979429.0,3634022,python,[JIT],0x000078e61547b0e8
2979427.0,3634084,python,[JIT],0x0000731ba2205afd
2979423.0,3634051,python,[JIT],0x00007a6d276eb33c
2979408.0,3634022,python,[JIT],0x000078e6155bf74c
2979405.0,3634040,python,[JIT],0x0000766aade14ab0
2979392.0,3634084,python,[JIT],0x0000731ba2205188
2979386.0,3634029,python,[JIT],0x000077a02e6138cf
2979383.0,3634051,python,[JIT],0x00007a6d27089223
2979383.0,3634040,python,[JIT],0x0000766aade13983
2979380.0,3634051,python,[JIT],0x00007a6d27087390
2979379.0,3634062,python,[JIT],0x0000758d926c4474
2979339.0,3634029,python,[JIT],0x000077a02dcc95ea
2979339.0,3634040,python,[JIT],0x0000766aade1320c
2979336.0,3634040,python,[JIT],0x0000766aade1524f
2979330.0,3634051,python,[JIT],0x00007a6d276eb1b7
2979328.0,3634040,python,[JIT],0x0000766aade1329e
2979306.0,3634062,python,[JIT],0x0000758d926c3709
2979305.0,3634029,python,[JIT],0x000077a02e6133cb
2979288.0,3634051,python,[JIT],0x00007a6d270870f8
2979286.0,3634062,python,[JIT],0x0000758d926c41c2
2979277.0,3634040,python,[JIT],0x0000766aade14652
2979273.0,3634062,python,[JIT],0x0000758d926c447d
2979269.0,3634084,python,[JIT],0x0000731ba2e3a11b
2979267.0,3634040,python,[JIT],0x0000766aade13f5c
2979265.0,3634022,python,[JIT],0x000078e6155bfd5b
2979263.0,3634084,python,[JIT],0x0000731ba2205846
2979246.0,3634073,python,[JIT],0x00007373dcd9e6a5
2979226.0,3634084,python,[JIT],0x0000731ba2205d04
2979220.0,3634051,python,[JIT],0x00007a6d270885a4
2979219.0,3634040,python,[JIT],0x0000766aade14e53
2979218.0,3634084,python,[JIT],0x0000731ba2e3a79e
2979217.0,3634062,python,[JIT],0x0000758d927ce923
2979201.0,3634040,python,[JIT],0x0000766aade13270
2979200.0,3634040,python,[JIT],0x0000766aade15111
2979198.0,3634040,python,[JIT],0x0000766aade14b7c
2979197.0,3634029,python,[JIT],0x000077a02e614474
2979192.0,3634040,python,[JIT],0x0000766aade14a76
2979186.0,3634040,python,[JIT],0x0000766aade13c0f
2979184.0,3634040,python,[JIT],0x0000766aad6ce902
2979184.0,3634040,python,[JIT],0x0000766aade1342b
2979179.0,3634051,python,[JIT],0x00007a6d27088077
2979174.0,3634040,python,[JIT],0x0000766aad59d0ce
2979168.0,3634040,python,[JIT],0x0000766aade141fe
2979166.0,3634040,python,[JIT],0x0000766aade13dee
2979166.0,3634040,python,[JIT],0x0000766aade1402b
2979164.0,3634040,python,[JIT],0x0000766aad6ce11b
2979164.0,3634084,python,[JIT],0x0000731ba2207540
2979162.0,3634040,python,[JIT],0x0000766aade1480a
2979159.0,3634084,python,[JIT],0x0000731ba2206de2
2979158.0,3634022,python,[JIT],0x000078e61547bc32
2979155.0,3634040,python,[JIT],0x0000766aade13a5d
2979153.0,3634040,python,[JIT],0x0000766aade143d1
2979147.0,3634084,python,[JIT],0x0000731ba2205dab
2979146.0,3634029,python,[JIT],0x000077a02e614b6f
2979146.0,3634084,python,[JIT],0x0000731ba2205c1f
2979145.0,3634040,python,[JIT],0x0000766aade1534a
2979144.0,3634022,python,[JIT],0x000078e61547b818
2979144.0,3634040,python,[JIT],0x0000766aade148c3
2979131.0,3634040,python,[JIT],0x0000766aade1449c
2979126.0,3634073,python,[JIT],0x00007373dd613c32
2979124.0,3634051,python,[JIT],0x00007a6d27088a07
2979117.0,3634029,python,[JIT],0x000077a02e614cca
2979114.0,3634040,python,[JIT],0x0000766aade1386c
2979114.0,3634040,python,[JIT],0x0000766aade15265
2979113.0,3634022,python,[JIT],0x000078e61547bc57
2979111.0,3634084,python,[JIT],0x0000731ba22033ff
2979110.0,3634062,python,[JIT],0x0000758d926c46a5
2979106.0,3634073,python,[JIT],0x00007373dd613b10
2979101.0,3634040,python,[JIT],0x0000766aade14079
2979096.0,3634040,python,[JIT],0x0000766aade13f44
2979091.0,3634040,python,[JIT],0x0000766aade1426e
2979089.0,3634084,python,[JIT],0x0000731ba2205510
2979085.0,3634051,python,[JIT],0x00007a6d276ebc17
2979069.0,3634040,python,[JIT],0x0000766aade14bc2
2979068.0,3634029,python,[JIT],0x000077a02e61331c
2979059.0,3634084,python,[JIT],0x0000731ba22055f6
2979049.0,3634040,python,[JIT],0x0000766aad6ce509
2979043.0,3634040,python,[JIT],0x0000766aade1443a
2979036.0,3634084,python,[JIT],0x0000731ba220541c
2979022.0,3634040,python,[JIT],0x0000766aade144f7
2979013.0,3634040,python,[JIT],0x0000766aad59d429
2979013.0,3634084,python,[JIT],0x0000731ba2206285
2979011.0,3634040,python,[JIT],0x0000766aade14ebd
2978997.0,3634062,python,[JIT],0x0000758d922b2aae
2978997.0,3634040,python,[JIT],0x0000766aade14679
2978995.0,3634062,python,[JIT],0x0000758d926c435d
2978991.0,3634073,python,[JIT],0x00007373dcd9f28f
2978982.0,3634084,python,[JIT],0x0000731ba2205532
2978979.0,3634062,python,[JIT],0x0000758d926c3821
2978979.0,3634040,python,[JIT],0x0000766aade13499
2978957.0,3634040,python,[JIT],0x0000766aade13cf0
2978954.0,3634084,python,[JIT],0x0000731ba22054d1
2978947.0,3634073,python,[JIT],0x00007373dcd9ee78
2978944.0,3634040,python,[JIT],0x0000766aade13dd2
2978935.0,3634084,python,[JIT],0x0000731ba2205a4f
2978932.0,3634029,python,[JIT],0x000077a02e613361
2978928.0,3634073,python,[JIT],0x00007373dcd9d9bd
2978927.0,3634073,python,[JIT],0x00007373dcd9eb7c
2978927.0,3634040,python,[JIT],0x0000766aad6ce5de
2978923.0,3634062,python,[JIT],0x0000758d926c51b8
2978918.0,3634073,python,[JIT],0x00007373dcd9f4a6
2978915.0,3634040,python,[JIT],0x0000766aad6ce854
2978910.0,3634073,python,[JIT],0x00007373dcd9ee93
2978905.0,3634040,python,[JIT],0x0000766aad59dd8a
2978905.0,3634084,python,[JIT],0x0000731ba2206518
2978900.0,3634073,python,[JIT],0x00007373dcd9d1c5
2978885.0,3634040,python,[JIT],0x0000766aade138ca
2978885.0,3634040,python,[JIT],0x0000766aade13ecd
2978883.0,3634062,python,[JIT],0x0000758d926c46ff
2978882.0,3634051,python,[JIT],0x00007a6d27088f1a
2978879.0,3634040,python,[JIT],0x0000766aad59eedc
2978872.0,3634029,python,[JIT],0x000077a02e614d2a
2978857.0,3634051,python,[JIT],0x00007a6d27087f9a
2978847.0,3634040,python,[JIT],0x0000766aade145b2
2978839.0,3634022,python,[JIT],0x000078e61547b077
2978831.0,3634051,python,[JIT],0x00007a6d270888c3
2978823.0,3634040,python,[JIT],0x0000766aade138a2
2978815.0,3634029,python,[JIT],0x000077a02e6141d2
2978809.0,3634040,python,[JIT],0x0000766aad6ce75b
2978795.0,3634040,python,[JIT],0x0000766aade13a34
2978784.0,3634022,python,[JIT],0x000078e61547ac7f
2978777.0,3634084,python,[JIT],0x0000731ba22069ea
2978764.0,3634062,python,[JIT],0x0000758d927ce1af
2978762.0,3634062,python,[JIT],0x0000758d926c5481
2978758.0,3634084,python,[JIT],0x0000731ba2e3a4c0
2978714.0,3634040,python,[JIT],0x0000766aad6cea63
2978694.0,3634084,python,[JIT],0x0000731ba2206a24
2978689.0,3634029,python,[JIT],0x000077a02dcc72a7
2978687.0,3634040,python,[JIT],0x0000766aad6cecc8
2978673.0,3634073,python,[JIT],0x00007373dcd9f1aa
2978652.0,3634062,python,[JIT],0x0000758d926c3af8
2978639.0,3634073,python,[JIT],0x00007373dcd9dca2
2978637.0,3634062,python,[JIT],0x0000758d926c34e6
2978633.0,3634029,python,[JIT],0x000077a02e613581
2978623.0,3634062,python,[JIT],0x0000758d926c3fbc
2978600.0,3634022,python,[JIT],0x000078e61547a20c
2978590.0,3634040,python,[JIT],0x0000766aade13e4c
2978579.0,3634084,python,[JIT],0x0000731ba2205f5c
2978573.0,3634051,python,[JIT],0x00007a6d27088c9f
2978559.0,3634073,python,[JIT],0x00007373dcd9dbd4
2978554.0,3634040,python,[JIT],0x0000766aade1539c
2978544.0,3634073,python,[JIT],0x00007373dcd9d5f1
2978537.0,3634062,python,[JIT],0x0000758d926c4fe1
2978531.0,3634073,python,[JIT],0x00007373dcd9ed48
2978516.0,3634073,python,[JIT],0x00007373dcd9e2b3
2978459.0,3634022,python,[JIT],0x000078e6155bfce0
2978439.0,3634051,python,[JIT],0x00007a6d276eb713
2978427.0,3634051,python,[JIT],0x00007a6d26c9150a
2978427.0,3634051,python,[JIT],0x00007a6d270892b1
2978418.0,3634051,python,[JIT],0x00007a6d2708769f
2978412.0,3634022,python,[JIT],0x000078e61547b865
2978399.0,3634073,python,[JIT],0x00007373dcd9ef78
2978384.0,3634051,python,[JIT],0x00007a6d27089217
2978377.0,3634084,python,[JIT],0x0000731ba2e3ade6
2978346.0,3634022,python,[JIT],0x000078e61547af8a
2978343.0,3634040,python,[JIT],0x0000766aad59d2a7
2978330.0,3634040,python,[JIT],0x0000766aad59d366
2978313.0,3634073,python,[JIT],0x00007373dcd9e8a0
2978304.0,3634022,python,[JIT],0x000078e61547b348
2978253.0,3634051,python,[JIT],0x00007a6d27088d2a
2978212.0,3634051,python,[JIT],0x00007a6d270884f7
2978209.0,3634084,python,[JIT],0x0000731ba22014d9
2978190.0,3634051,python,[JIT],0x00007a6d276eb486
2978158.0,3634062,python,[JIT],0x0000758d926c3361
2978157.0,3634022,python,[JIT],0x000078e6150838a8
2978139.0,3634073,python,[JIT],0x00007373dcd9eda8
2978137.0,3634084,python,[JIT],0x0000731ba22056c2
2978125.0,3634084,python,[JIT],0x0000731ba2206d9a
2978124.0,3634062,python,[JIT],0x0000758d927ced39
2978124.0,3634040,python,[JIT],0x0000766aade1414c
2978114.0,3634022,python,[JIT],0x000078e61547b3e0
2978093.0,3634029,python,[JIT],0x000077a02e638397
2978065.0,3634051,python,[JIT],0x00007a6d270888ab
2978064.0,3634062,python,[JIT],0x0000758d922b470e
2978056.0,3634084,python,[JIT],0x0000731ba2205fe8
2978041.0,3634062,python,[JIT],0x0000758d922b200a
2978040.0,3634029,python,[JIT],0x000077a02e6135e6
2978036.0,3634040,python,[JIT],0x0000766aad6ce45b
2978016.0,3634051,python,[JIT],0x00007a6d2708924f
2978012.0,3634073,python,[JIT],0x00007373dd613139
2978000.0,3634022,python,[JIT],0x000078e61547c018
2977981.0,3634022,python,[JIT],0x000078e615082366
2977977.0,3634029,python,[JIT],0x000077a02e61520b
2977974.0,3634029,python,[JIT],0x000077a02e614bd6
2977963.0,3634062,python,[JIT],0x0000758d926c4839
2977949.0,3634062,python,[JIT],0x0000758d926c3789
2977947.0,3634022,python,[JIT],0x000078e61547aa4f
2977926.0,3634029,python,[JIT],0x000077a02e6143d1
2977926.0,3634029,python,[JIT],0x000077a02e615513
2977898.0,3634084,python,[JIT],0x0000731ba220692f
2977859.0,3634084,python,[JIT],0x0000731ba22062ed
2977857.0,3634040,python,[JIT],0x0000766aade14f38
2977846.0,3634051,python,[JIT],0x00007a6d27088329
2977846.0,3634084,python,[JIT],0x0000731ba220541a
2977842.0,3634084,python,[JIT],0x0000731ba220691e
2977802.0,3634073,python,[JIT],0x00007373dcd9d1f7
2977796.0,3634040,python,[JIT],0x0000766aade1341c
2977774.0,3634051,python,[JIT],0x00007a6d270877fc
2977762.0,3634084,python,[JIT],0x0000731ba22070b1
2977754.0,3634029,python,[JIT],0x000077a02dcc7010
2977753.0,3634051,python,[JIT],0x00007a6d27087f7b
2977737.0,3634040,python,[JIT],0x0000766aade13c82
2977730.0,3634029,python,[JIT],0x000077a02e613b50
2977706.0,3634040,python,[JIT],0x0000766aade14f2c
2977692.0,3634084,python,[JIT],0x0000731ba220739c
2977667.0,3634073,python,[JIT],0x00007373dcd9e6ff
2977649.0,3634073,python,[JIT],0x00007373dcd9e5a8
2977648.0,3634029,python,[JIT],0x000077a02e613452
2977636.0,3634022,python,[JIT],0x000078e6154a1c06
2977633.0,3634062,python,[JIT],0x0000758d927ce8bb
2977626.0,3634029,python,[JIT],0x000077a02e6138d9
2977568.0,3634062,python,[JIT],0x0000758d926c43b4
2977561.0,3634022,python,[JIT],0x000078e6155bf7c0
2977553.0,3634040,python,[JIT],0x0000766aad6cee12
2977536.0,3634022,python,[JIT],0x000078e61547bc80
2977518.0,3634040,python,[JIT],0x0000766aade15050
2977499.0,3634051,python,[JIT],0x00007a6d27089334
2977494.0,3634084,python,[JIT],0x0000731ba22058e5
2977480.0,3634062,python,[JIT],0x0000758d927ce74c
2977466.0,3634084,python,[JIT],0x0000731ba220597d
2977464.0,3634073,python,[JIT],0x00007373dcd9d0b9
2977460.0,3634029,python,[JIT],0x000077a02e6135b3
2977457.0,3634084,python,[JIT],0x0000731ba2e3a87b
2977455.0,3634073,python,[JIT],0x00007373dd613ce0
2977434.0,3634029,python,[JIT],0x000077a02e613c82
2977422.0,3634051,python,[JIT],0x00007a6d276ebafa
2977417.0,3634062,python,[JIT],0x0000758d926c4cd2
2977407.0,3634084,python,[JIT],0x0000731ba2206b67
2977384.0,3634051,python,[JIT],0x00007a6d276eb51b
2977326.0,3634040,python,[JIT],0x0000766aad5c4520
2977313.0,3634040,python,[JIT],0x0000766aad59d789
2977313.0,3634040,python,[JIT],0x0000766aade13733
2977298.0,3634062,python,[JIT],0x0000758d926c3ed4
2977297.0,3634040,python,[JIT],0x0000766aad59d81f
2977284.0,3634040,python,[JIT],0x0000766aade13c86
2977257.0,3634051,python,[JIT],0x00007a6d276ebdf8
2977246.0,3634029,python,[JIT],0x000077a02e613927
2977200.0,3634040,python,[JIT],0x0000766aad6ce1f4
2977197.0,3634040,python,[JIT],0x0000766aade14ccc
2977176.0,3634073,python,[JIT],0x00007373dcd9ee53
2977135.0,3634084,python,[JIT],0x0000731ba2205e89
2977120.0,3634084,python,[JIT],0x0000731ba2207420
2977105.0,3634051,python,[JIT],0x00007a6d270878d5
2977070.0,3634022,python,[JIT],0x000078e61547a179
2977050.0,3634084,python,[JIT],0x0000731ba22017c7
2977036.0,3634062,python,[JIT],0x0000758d926c3f5c
2977017.0,3634073,python,[JIT],0x00007373dcd9dd64
2977017.0,3634040,python,[JIT],0x0000766aade13af8
2977008.0,3634022,python,[JIT],0x000078e61547b54e
2976982.0,3634029,python,[JIT],0x000077a02dcc838f
2976975.0,3634022,python,[JIT],0x000078e6155bf927
2976970.0,3634062,python,[JIT],0x0000758d926c4da1
2976947.0,3634040,python,[JIT],0x0000766aade13139
2976942.0,3634022,python,[JIT],0x000078e61547b637
2976938.0,3634029,python,[JIT],0x000077a02e614385
2976929.0,3634073,python,[JIT],0x00007373dcd9d502
2976908.0,3634051,python,[JIT],0x00007a6d27087646
2976886.0,3634022,python,[JIT],0x000078e61547ba95
2976880.0,3634062,python,[JIT],0x0000758d926c3a34
2976872.0,3634084,python,[JIT],0x0000731ba22052ce
2976859.0,3634084,python,[JIT],0x0000731ba2207265
2976854.0,3634029,python,[JIT],0x000077a02e613a65
2976725.0,3634040,python,[JIT],0x0000766aade14878
2976657.0,3634029,python,[JIT],0x000077a02e613d39
2976616.0,3634073,python,[JIT],0x00007373dcd9e61f
2976605.0,3634073,python,[JIT],0x00007373dcd9f01d
2976572.0,3634040,python,[JIT],0x0000766aade152a4
2976554.0,3634029,python,[JIT],0x000077a02e614544
2976494.0,3634040,python,[JIT],0x0000766aade15199
2976485.0,3634084,python,[JIT],0x0000731ba22065d8
2976419.0,3634040,python,[JIT],0x0000766aade13638
2976397.0,3634022,python,[JIT],0x000078e61547ab03
2976396.0,3634040,python,[JIT],0x0000766aade13b13
2976370.0,3634029,python,[JIT],0x000077a02e613139
2976355.0,3634022,python,[JIT],0x000078e61547c2d9
2976340.0,3634084,python,[JIT],0x0000731ba2206d65
2976316.0,3634073,python,[JIT],0x00007373dcd9d227
2976293.0,3634022,python,[JIT],0x000078e615084492
2976285.0,3634084,python,[JIT],0x0000731ba2205b50
2976280.0,3634022,python,[JIT],0x000078e61547b49a
2976272.0,3634051,python,[JIT],0x00007a6d270881ac
2976248.0,3634022,python,[JIT],0x000078e61547ac70
2976235.0,3634029,python,[JIT],0x000077a02e614865
2976207.0,3634040,python,[JIT],0x0000766aade14de2
2976174.0,3634040,python,[JIT],0x0000766aad59f2fb
2976041.0,3634062,python,[JIT],0x0000758d926c4526
2976021.0,3634073,python,[JIT],0x00007373dcd9e287
2976007.0,3634084,python,[JIT],0x0000731ba2e3a486
2975991.0,3634062,python,[JIT],0x0000758d926c4487
2975984.0,3634084,python,[JIT],0x0000731ba22068d7
2975967.0,3634062,python,[JIT],0x0000758d926c3a8d
2975962.0,3634062,python,[JIT],0x0000758d926c4082
2975910.0,3634040,python,[JIT],0x0000766aade135c7
2975903.0,3634040,python,[JIT],0x0000766aade13ff0
2975901.0,3634073,python,[JIT],0x00007373dd613923
2975883.0,3634051,python,[JIT],0x00007a6d27089111
2975875.0,3634062,python,[JIT],0x0000758d926c332a
2975870.0,3634073,python,[JIT],0x00007373dcd9d9f0
2975861.0,3634084,python,[JIT],0x0000731ba22073d6
2975856.0,3634084,python,[JIT],0x0000731ba2e3a74c
2975807.0,3634040,python,[JIT],0x0000766aade1447d
2975792.0,3634022,python,[JIT],0x000078e6155bf2ef
2975789.0,3634022,python,[JIT],0x000078e6155bf1b7
2975757.0,3634073,python,[JIT],0x00007373dcd9f229
2975756.0,3634062,python,[JIT],0x0000758d926c4e61
2975728.0,3634073,python,[JIT],0x00007373dcd9d9fc
2975725.0,3634040,python,[JIT],0x0000766aade1484a
2975721.0,3634062,python,[JIT],0x0000758d926c4f38
2975685.0,3634022,python,[JIT],0x000078e61547aa94
2975655.0,3634051,python,[JIT],0x00007a6d27088253
2975647.0,3634022,python,[JIT],0x000078e61547c249
2975647.0,3634062,python,[JIT],0x0000758d926c501d
2975629.0,3634029,python,[JIT],0x000077a02dcc7c36
2975590.0,3634073,python,[JIT],0x00007373dcd9f27e
2975585.0,3634062,python,[JIT],0x0000758d927ce8a3
2975580.0,3634051,python,[JIT],0x00007a6d27087afd
2975559.0,3634040,python,[JIT],0x0000766aade14ea1
2975553.0,3634022,python,[JIT],0x000078e61547c3d6
2975539.0,3634029,python,[JIT],0x000077a02e614ac8
2975511.0,3634040,python,[JIT],0x0000766aad5c40fb
2975508.0,3634073,python,[JIT],0x00007373dcd9d17d
2975475.0,3634029,python,[JIT],0x000077a02e613af2
2975464.0,3634040,python,[JIT],0x0000766aad59dd23
2975463.0,3634084,python,[JIT],0x0000731ba2205227
2975443.0,3634051,python,[JIT],0x00007a6d27088ef8
2975439.0,3634022,python,[JIT],0x000078e61547a6d7
2975424.0,3634029,python,[JIT],0x000077a02dcc764b
2975421.0,3634040,python,[JIT],0x0000766aade14b2f
2975420.0,3634040,python,[JIT],0x0000766aade135b3
2975376.0,3634022,python,[JIT],0x000078e61547ac09
2975364.0,3634073,python,[JIT],0x00007373dcd9dd9d
2975292.0,3634073,python,[JIT],0x00007373dcd9df44
2975260.0,3634040,python,[JIT],0x0000766aade135f1
2975168.0,3634084,python,[JIT],0x0000731ba22054b0
2975087.0,3634051,python,[JIT],0x00007a6d27088818
2975080.0,3634029,python,[JIT],0x000077a02e614193
2975061.0,3634051,python,[JIT],0x00007a6d270886a5
2975058.0,3634073,python,[JIT],0x00007373dcd9ea68
2975029.0,3634029,python,[JIT],0x000077a02e6145d8
2974983.0,3634040,python,[JIT],0x0000766aade13150
2974954.0,3634029,python,[JIT],0x000077a02e614167
2974921.0,3634051,python,[JIT],0x00007a6d27088da8
2974919.0,3634029,python,[JIT],0x000077a02e614fc6
2974916.0,3634084,python,[JIT],0x0000731ba2205f44
2974901.0,3634029,python,[JIT],0x000077a02e61470d
2974863.0,3634084,python,[JIT],0x0000731ba220682c
2974850.0,3634040,python,[JIT],0x0000766aade14337
2974838.0,3634073,python,[JIT],0x00007373dcd9d32a
2974810.0,3634029,python,[JIT],0x000077a02e61421a
2974790.0,3634073,python,[JIT],0x00007373dcd9d0f8
2974769.0,3634084,python,[JIT],0x0000731ba2e3a9a4
2974742.0,3634073,python,[JIT],0x00007373dcd9d4d1
2974716.0,3634029,python,[JIT],0x000077a02e6148d7
2974715.0,3634040,python,[JIT],0x0000766aade14167
2974693.0,3634062,python,[JIT],0x0000758d926c37c9
2974683.0,3634029,python,[JIT],0x000077a02e638150
2974664.0,3634073,python,[JIT],0x00007373dcd9f06d
2974663.0,3634022,python,[JIT],0x000078e61547c0eb
2974654.0,3634084,python,[JIT],0x0000731ba22051bf
2974652.0,3634073,python,[JIT],0x00007373dcd9f48f
2974652.0,3634062,python,[JIT],0x0000758d926c436c
2974628.0,3634062,python,[JIT],0x0000758d926c351e
2974587.0,3634051,python,[JIT],0x00007a6d27087976
2974578.0,3634062,python,[JIT],0x0000758d927ce73f
2974576.0,3634029,python,[JIT],0x000077a02e613f5c
2974569.0,3634073,python,[JIT],0x00007373dcd9d4b0
2974548.0,3634062,python,[JIT],0x0000758d927ce486
2974523.0,3634051,python,[JIT],0x00007a6d270883a6
2974481.0,3634029,python,[JIT],0x000077a02e614ef4
2974476.0,3634051,python,[JIT],0x00007a6d270885c0
2974469.0,3634040,python,[JIT],0x0000766aade1551a
2974428.0,3634022,python,[JIT],0x000078e61508270e
2974405.0,3634029,python,[JIT],0x000077a02e61436c
2974402.0,3634084,python,[JIT],0x0000731ba2206504
2974333.0,3634040,python,[JIT],0x0000766aade150bf
2974307.0,3634040,python,[JIT],0x0000766aade13863
2974262.0,3634051,python,[JIT],0x00007a6d270874b2
2974260.0,3634051,python,[JIT],0x00007a6d27089667
2974251.0,3634084,python,[JIT],0x0000731ba2205618
2974238.0,3634073,python,[JIT],0x00007373dd613150
2974237.0,3634073,python,[JIT],0x00007373dcd9d955
2974203.0,3634040,python,[JIT],0x0000766aade139d4
2974180.0,3634040,python,[JIT],0x0000766aad5c4cc0
2974170.0,3634040,python,[JIT],0x0000766aad6ce451
2974166.0,3634022,python,[JIT],0x000078e61547a0a9
2974153.0,3634029,python,[JIT],0x000077a02e2ec194
2974115.0,3634051,python,[JIT],0x00007a6d270877f5
2974109.0,3634051,python,[JIT],0x00007a6d2708875f
2974109.0,3634040,python,[JIT],0x0000766aade1436a
2974039.0,3634051,python,[JIT],0x00007a6d2708918c
2973939.0,3634062,python,[JIT],0x0000758d927ce58b
2973913.0,3634040,python,[JIT],0x0000766aade13bea
2973875.0,3634022,python,[JIT],0x000078e61547c38f
2973838.0,3634022,python,[JIT],0x000078e61547a583
2973837.0,3634062,python,[JIT],0x0000758d926c33b3
2973816.0,3634051,python,[JIT],0x00007a6d26c90780
2973755.0,3634022,python,[JIT],0x000078e6155bf444
2973663.0,3634073,python,[JIT],0x00007373dcd9f0eb
2973531.0,3634084,python,[JIT],0x0000731ba2e3a5c1
2973505.0,3634073,python,[JIT],0x00007373dcd9d8d5
2973441.0,3634084,python,[JIT],0x0000731ba2202746
2973395.0,3634084,python,[JIT],0x0000731ba2205c8b
2973393.0,3634051,python,[JIT],0x00007a6d27088dc7
2973377.0,3634040,python,[JIT],0x0000766aade13837
2973347.0,3634040,python,[JIT],0x0000766aade13311
2973332.0,3634084,python,[JIT],0x0000731ba2205b5e
2973275.0,3634062,python,[JIT],0x0000758d926c4d39
2973228.0,3634022,python,[JIT],0x000078e6154a11ad
2973212.0,3634073,python,[JIT],0x00007373dd6138ca
2973200.0,3634022,python,[JIT],0x000078e61547b08c
2973113.0,3634062,python,[JIT],0x0000758d926c53c8
2973099.0,3634062,python,[JIT],0x0000758d922b650a
2973073.0,3634040,python,[JIT],0x0000766aad6ce783
2973033.0,3634029,python,[JIT],0x000077a02e613150
2972939.0,3634073,python,[JIT],0x00007373dcd9f033
2972902.0,3634022,python,[JIT],0x000078e61547b77e
2972865.0,3634051,python,[JIT],0x00007a6d27087060
2972853.0,3634073,python,[JIT],0x00007373dd6139bc
2972814.0,3634040,python,[JIT],0x0000766aade13e20
2972782.0,3634062,python,[JIT],0x0000758d926c3b13
2972776.0,3634029,python,[JIT],0x000077a02e615402
2972776.0,3634051,python,[JIT],0x00007a6d27087d01
2972772.0,3634029,python,[JIT],0x000077a02e6388f3
2972732.0,3634084,python,[JIT],0x0000731ba2e3a913
2972629.0,3634084,python,[JIT],0x0000731ba2201700
2972624.0,3634022,python,[JIT],0x000078e61547b227
2972601.0,3634051,python,[JIT],0x00007a6d27089522
2972585.0,3634022,python,[JIT],0x000078e61547a8b8
2972555.0,3634051,python,[JIT],0x00007a6d27088b2f
2972481.0,3634084,python,[JIT],0x0000731ba2206b50
2972366.0,3634040,python,[JIT],0x0000766aade1317d
2972355.0,3634062,python,[JIT],0x0000758d926c52b1
2972355.0,3634051,python,[JIT],0x00007a6d27088a95
2972351.0,3634084,python,[JIT],0x0000731ba2206bd6
2972239.0,3634073,python,[JIT],0x00007373dcd9d42f
2972211.0,3634073,python,[JIT],0x00007373dcd9dc7b
2972145.0,3634022,python,[JIT],0x000078e61547c3f5
2972058.0,3634073,python,[JIT],0x00007373dcd9e07b
2972033.0,3634040,python,[JIT],0x0000766aade13c7b
2971938.0,3634029,python,[JIT],0x000077a02e638ba5
2971910.0,3634084,python,[JIT],0x0000731ba22068ab
2971828.0,3634062,python,[JIT],0x0000758d926c33f6
2971816.0,3634051,python,[JIT],0x00007a6d27087fe8
2971811.0,3634062,python,[JIT],0x0000758d926c3467
2971774.0,3634022,python,[JIT],0x000078e61547bcd0
2971755.0,3634029,python,[JIT],0x000077a02e61325e
2971748.0,3634062,python,[JIT],0x0000758d927ce5e3
2971742.0,3634040,python,[JIT],0x0000766aad5c4ca3
2971733.0,3634040,python,[JIT],0x0000766aade14a24
2971715.0,3634022,python,[JIT],0x000078e61547bbd6
2971689.0,3634062,python,[JIT],0x0000758d926c3e10
2971646.0,3634051,python,[JIT],0x00007a6d26c90a9f
2971552.0,3634062,python,[JIT],0x0000758d926c4d48
2971515.0,3634073,python,[JIT],0x00007373dd613887
2971509.0,3634084,python,[JIT],0x0000731ba2e3a3f4
2971495.0,3634022,python,[JIT],0x000078e61547bc6c
2971440.0,3634051,python,[JIT],0x00007a6d276eb060
2971352.0,3634029,python,[JIT],0x000077a02e638b9f
2971303.0,3634073,python,[JIT],0x00007373dcd9d4aa
2971187.0,3634051,python,[JIT],0x00007a6d27088079
2971151.0,3634022,python,[JIT],0x000078e61547afe8
2970963.0,3634029,python,[JIT],0x000077a02e613277
2970961.0,3634073,python,[JIT],0x00007373dcd9dfe8
2970942.0,3634022,python,[JIT],0x000078e6154a10fb
2970938.0,3634029,python,[JIT],0x000077a02e614905
2970807.0,3634029,python,[JIT],0x000077a02e614b8f
2970616.0,3634073,python,[JIT],0x00007373dcd9dee4
2970538.0,3634022,python,[JIT],0x000078e61547c355
2970484.0,3634062,python,[JIT],0x0000758d926c390c
2970458.0,3634040,python,[JIT],0x0000766aade1436c
2970313.0,3634040,python,[JIT],0x0000766aade149a0
2970257.0,3634029,python,[JIT],0x000077a02e6150cd
2970234.0,3634051,python,[JIT],0x00007a6d27087e98
2970213.0,3634062,python,[JIT],0x0000758d926c4287
2970175.0,3634022,python,[JIT],0x000078e61547bd27
2970173.0,3634040,python,[JIT],0x0000766aade1407c
2970123.0,3634029,python,[JIT],0x000077a02e6142ce
2970087.0,3634062,python,[JIT],0x0000758d926c5367
2970079.0,3634062,python,[JIT],0x0000758d926c4448
2970043.0,3634022,python,[JIT],0x000078e61547b8c3
2970038.0,3634040,python,[JIT],0x0000766aade14a36
2970009.0,3634022,python,[JIT],0x000078e615083baa
2969975.0,3634073,python,[JIT],0x00007373dcd9f31c
2969950.0,3634073,python,[JIT],0x00007373dcd9d29e
2969947.0,3634062,python,[JIT],0x0000758d927ce87b
2969928.0,3634051,python,[JIT],0x00007a6d27088e82
2969902.0,3634062,python,[JIT],0x0000758d926c33fe
2969894.0,3634022,python,[JIT],0x000078e615082d8a
2969876.0,3634029,python,[JIT],0x000077a02e613a74
2969815.0,3634029,python,[JIT],0x000077a02e615200
2969787.0,3634040,python,[JIT],0x0000766aade14d48
2969714.0,3634040,python,[JIT],0x0000766aad6ce548
2969684.0,3634040,python,[JIT],0x0000766aade137f1
2969662.0,3634084,python,[JIT],0x0000731ba22060cb
2969654.0,3634051,python,[JIT],0x00007a6d27088b8f
2969653.0,3634051,python,[JIT],0x00007a6d2708916a
2969618.0,3634022,python,[JIT],0x000078e61547ab49
2969600.0,3634084,python,[JIT],0x0000731ba2205a9f
2969571.0,3634022,python,[JIT],0x000078e61547ae52
2969561.0,3634073,python,[JIT],0x00007373dcd9d90f
2969557.0,3634062,python,[JIT],0x0000758d922b65ee
2969526.0,3634051,python,[JIT],0x00007a6d27089481
2969493.0,3634029,python,[JIT],0x000077a02e6138f2
2969482.0,3634084,python,[JIT],0x0000731ba22059e1
2969434.0,3634040,python,[JIT],0x0000766aade15540
2969429.0,3634051,python,[JIT],0x00007a6d27088c5b
2969429.0,3634051,python,[JIT],0x00007a6d276eb3ba
2969415.0,3634029,python,[JIT],0x000077a02e638509
2969414.0,3634051,python,[JIT],0x00007a6d270888bf
2969402.0,3634062,python,[JIT],0x0000758d926c4f9a
2969307.0,3634051,python,[JIT],0x00007a6d270872b5
2969303.0,3634022,python,[JIT],0x000078e61547b78b
2969223.0,3634073,python,[JIT],0x00007373dcd9e634
2969126.0,3634073,python,[JIT],0x00007373dcd9d8a2
2969114.0,3634051,python,[JIT],0x00007a6d27088b43
2969103.0,3634029,python,[JIT],0x000077a02e614643
2969099.0,3634084,python,[JIT],0x0000731ba2205d4f
2969081.0,3634073,python,[JIT],0x00007373dcd9e865
2969033.0,3634029,python,[JIT],0x000077a02e614561
2969027.0,3634029,python,[JIT],0x000077a02e6151b8
2968990.0,3634062,python,[JIT],0x0000758d926c431d
2968915.0,3634084,python,[JIT],0x0000731ba220546b
2968902.0,3634084,python,[JIT],0x0000731ba2201645
2968895.0,3634073,python,[JIT],0x00007373dcd9d6db
2968893.0,3634073,python,[JIT],0x00007373dd613de6
2968866.0,3634062,python,[JIT],0x0000758d926c3d48
2968839.0,3634084,python,[JIT],0x0000731ba2205720
2968823.0,3634062,python,[JIT],0x0000758d926c317d
2968794.0,3634051,python,[JIT],0x00007a6d276eb5cf
2968782.0,3634062,python,[JIT],0x0000758d922b4789
2968767.0,3634029,python,[JIT],0x000077a02e61369f
2968761.0,3634029,python,[JIT],0x000077a02e613b5a
2968752.0,3634084,python,[JIT],0x0000731ba2206683
2968736.0,3634029,python,[JIT],0x000077a02e613983
2968732.0,3634029,python,[JIT],0x000077a02e613414
2968711.0,3634084,python,[JIT],0x0000731ba2e3a935
2968698.0,3634022,python,[JIT],0x000078e61547bd6e
2968535.0,3634073,python,[JIT],0x00007373dcd9f4eb
2968468.0,3634073,python,[JIT],0x00007373dcd9d121
2968454.0,3634073,python,[JIT],0x00007373dcd9db9b
2968406.0,3634029,python,[JIT],0x000077a02e61311b
2968318.0,3634062,python,[JIT],0x0000758d926c3192
2968311.0,3634073,python,[JIT],0x00007373dcd9df9a
2968297.0,3634051,python,[JIT],0x00007a6d26c91007
2968267.0,3634051,python,[JIT],0x00007a6d276eb872
2968243.0,3634084,python,[JIT],0x0000731ba22058a2
2968225.0,3634029,python,[JIT],0x000077a02e6153d6
2968225.0,3634084,python,[JIT],0x0000731ba220597a
2968212.0,3634051,python,[JIT],0x00007a6d270875fa
2968151.0,3634051,python,[JIT],0x00007a6d27087f8a
2968148.0,3634022,python,[JIT],0x000078e6150825af
2968118.0,3634029,python,[JIT],0x000077a02e614f78
2968114.0,3634051,python,[JIT],0x00007a6d27088065
2968112.0,3634029,python,[JIT],0x000077a02e614c06
2968107.0,3634022,python,[JIT],0x000078e61547bc3f
2968082.0,3634062,python,[JIT],0x0000758d926c3a65
2968081.0,3634022,python,[JIT],0x000078e61547a5fa
2968064.0,3634062,python,[JIT],0x0000758d926c5358
2968042.0,3634040,python,[JIT],0x0000766aade1458c
2968009.0,3634073,python,[JIT],0x00007373dd6135ff
2968007.0,3634051,python,[JIT],0x00007a6d27087cbe
2968003.0,3634029,python,[JIT],0x000077a02e638548
2967999.0,3634040,python,[JIT],0x0000766aade1428a
2967962.0,3634051,python,[JIT],0x00007a6d276eb2e8
2967958.0,3634062,python,[JIT],0x0000758d926c50eb
2967928.0,3634062,python,[JIT],0x0000758d926c3faf
2967923.0,3634073,python,[JIT],0x00007373dcd9d270
2967920.0,3634084,python,[JIT],0x0000731ba22072dd
2967895.0,3634073,python,[JIT],0x00007373dcd9e874
2967877.0,3634062,python,[JIT],0x0000758d926c5384
2967867.0,3634029,python,[JIT],0x000077a02e613988
2967828.0,3634073,python,[JIT],0x00007373dcd9edd4
2967821.0,3634022,python,[JIT],0x000078e6155bf58b
2967815.0,3634062,python,[JIT],0x0000758d926c4b54
2967799.0,3634073,python,[JIT],0x00007373dcd9e799
2967799.0,3634062,python,[JIT],0x0000758d926c5265
2967792.0,3634051,python,[JIT],0x00007a6d276ebb88
2967764.0,3634022,python,[JIT],0x000078e61547a528
2967760.0,3634073,python,[JIT],0x00007373dcd9e0f7
2967725.0,3634062,python,[JIT],0x0000758d926c499a
2967725.0,3634051,python,[JIT],0x00007a6d2708891e
2967721.0,3634029,python,[JIT],0x000077a02e614bb3
2967708.0,3634022,python,[JIT],0x000078e61547b071
2967707.0,3634029,python,python,PyLong_FromLong
2967706.0,3634062,python,[JIT],0x0000758d926c4d36
2967704.0,3634022,python,[JIT],0x000078e61547bb64
2967657.0,3634073,python,[JIT],0x00007373dcd9d9e6
2967641.0,3634073,python,[JIT],0x00007373dd613353
2967638.0,3634051,python,[JIT],0x00007a6d27088c76
2967629.0,3634073,python,[JIT],0x00007373dcd9ef2c
2967608.0,3634040,python,[JIT],0x0000766aade14c83
2967567.0,3634073,python,[JIT],0x00007373dcd9ded4
2967545.0,3634040,python,[JIT],0x0000766aad6cedde
2967543.0,3634051,python,[JIT],0x00007a6d276eb2d8
2967535.0,3634029,python,[JIT],0x000077a02e613311
2967518.0,3634040,python,[JIT],0x0000766aade13f87
2967480.0,3634022,python,[JIT],0x000078e61547c31c
2967461.0,3634051,python,[JIT],0x00007a6d27088c90
2967437.0,3634022,python,[JIT],0x000078e61547a70c
2967431.0,3634084,python,[JIT],0x0000731ba220636a
2967416.0,3634062,python,[JIT],0x0000758d926c4079
2967415.0,3634029,python,[JIT],0x000077a02e638672
2967410.0,3634073,python,[JIT],0x00007373dcd9d0a9
2967373.0,3634051,python,[JIT],0x00007a6d27088f78
2967266.0,3634073,python,[JIT],0x00007373dd613a55
2967242.0,3634029,python,[JIT],0x000077a02e638dcf
2967237.0,3634040,python,[JIT],0x0000766aade13dab
2967227.0,3634040,python,[JIT],0x0000766aade13c90
2967198.0,3634051,python,[JIT],0x00007a6d2708963e
2967177.0,3634062,python,[JIT],0x0000758d926c554e
2967029.0,3634022,python,[JIT],0x000078e61547ba76
2966980.0,3634051,python,[JIT],0x00007a6d27087c18
2966956.0,3634073,python,[JIT],0x00007373dd613796
2966920.0,3634084,python,[JIT],0x0000731ba2205ca2
2966905.0,3634022,python,[JIT],0x000078e61547bbda
2966873.0,3634051,python,[JIT],0x00007a6d27087d43
2966862.0,3634051,python,[JIT],0x00007a6d27088f38
2966859.0,3634051,python,[JIT],0x00007a6d276eb0b9
2966838.0,3634040,python,[JIT],0x0000766aade1311b
2966833.0,3634051,python,[JIT],0x00007a6d270879d4
2966812.0,3634051,python,[JIT],0x00007a6d27087a17
2966756.0,3634073,python,[JIT],0x00007373dcd9e183
2966750.0,3634029,python,[JIT],0x000077a02e614df2
2966728.0,3634051,python,[JIT],0x00007a6d270892be
2966689.0,3634084,python,[JIT],0x0000731ba220720b
2966686.0,3634084,python,[JIT],0x0000731ba2205473
2966658.0,3634040,python,[JIT],0x0000766aade13b92
2966575.0,3634040,python,[JIT],0x0000766aade14385
2966569.0,3634029,python,[JIT],0x000077a02e638854
2966560.0,3634051,python,[JIT],0x00007a6d276ebac2
2966544.0,3634022,python,[JIT],0x000078e61547b4f3
2966495.0,3634073,python,[JIT],0x00007373dcd9f384
2966465.0,3634062,python,[JIT],0x0000758d926c39fc
2966446.0,3634084,python,[JIT],0x0000731ba22060bb
2966401.0,3634051,python,[JIT],0x00007a6d27089109
2966382.0,3634029,python,[JIT],0x000077a02e613f9a
2966361.0,3634084,python,[JIT],0x0000731ba2206108
2966348.0,3634062,python,[JIT],0x0000758d926c4c06
2966294.0,3634051,python,[JIT],0x00007a6d2708871c
2966289.0,3634062,python,[JIT],0x0000758d926c369f
2966283.0,3634040,python,[JIT],0x0000766aad6ce486
2966189.0,3634040,python,[JIT],0x0000766aade14372
2966093.0,3634084,python,[JIT],0x0000731ba2207078
2966061.0,3634073,python,[JIT],0x00007373dcd9d0ce
2966035.0,3634051,python,[JIT],0x00007a6d276eba70
2966034.0,3634029,python,[JIT],0x000077a02dcc7717
2966001.0,3634040,python,[JIT],0x0000766aade14a33
2965979.0,3634040,python,[JIT],0x0000766aade1520b
2965899.0,3634040,python,[JIT],0x0000766aade148ef
2965893.0,3634040,python,[JIT],0x0000766aade143f1
2965858.0,3634051,python,[JIT],0x00007a6d27087bf3
2965833.0,3634029,python,[JIT],0x000077a02e638bee
2965813.0,3634073,python,[JIT],0x00007373dcd9f050
2965746.0,3634062,python,[JIT],0x0000758d927ce542
2965562.0,3634022,python,[JIT],0x000078e61547a74f
2965530.0,3634084,python,[JIT],0x0000731ba2205b8e
2965498.0,3634051,python,[JIT],0x00007a6d27087f33
2965481.0,3634029,python,[JIT],0x000077a02e613d26
2965416.0,3634040,python,[JIT],0x0000766aade148c9
2965361.0,3634051,python,[JIT],0x00007a6d27088efa
2965318.0,3634051,python,[JIT],0x00007a6d27089536
2965301.0,3634029,python,[JIT],0x000077a02e2ec994
2965273.0,3634022,python,[JIT],0x000078e61547bf45
2965227.0,3634040,python,[JIT],0x0000766aade138cf
2965210.0,3634073,python,[JIT],0x00007373dcd9e26e
2965200.0,3634084,python,[JIT],0x0000731ba2205333
2965134.0,3634040,python,[JIT],0x0000766aade1506d
2964999.0,3634062,python,[JIT],0x0000758d927ce680
2964988.0,3634022,python,[JIT],0x000078e61547baa2
2964972.0,3634040,python,python,_PyLong_FromMedium
2964956.0,3634073,python,[JIT],0x00007373dcd9dce0
2964922.0,3634022,python,[JIT],0x000078e61547a8dd
2964753.0,3634073,python,[JIT],0x00007373dcd9ef89
2964741.0,3634073,python,[JIT],0x00007373dd613548
2964585.0,3634022,python,[JIT],0x000078e6155bf7a6
2964557.0,3634029,python,[JIT],0x000077a02e6152dd
2964545.0,3634062,python,[JIT],0x0000758d926c35c4
2964541.0,3634062,python,[JIT],0x0000758d926c4077
2964515.0,3634040,python,[JIT],0x0000766aade13e89
2964475.0,3634062,python,[JIT],0x0000758d927ced79
2964392.0,3634022,python,[JIT],0x000078e61547a5a9
2964368.0,3634022,python,[JIT],0x000078e61547aee4
2964265.0,3634040,python,[JIT],0x0000766aad59e788
2964226.0,3634051,python,[JIT],0x00007a6d27087179
2964188.0,3634062,python,[JIT],0x0000758d927ce52c
2964175.0,3634022,python,[JIT],0x000078e61547b26e
2963965.0,3634022,python,[JIT],0x000078e6154a1089
2963914.0,3634051,python,[JIT],0x00007a6d270873b3
2963595.0,3634084,python,[JIT],0x0000731ba2205388
2963578.0,3634062,python,[JIT],0x0000758d926c39f0
2963460.0,3634062,python,[JIT],0x0000758d926c3cf0
2962982.0,3634040,python,[JIT],0x0000766aade13dc0
2962937.0,3634029,python,[JIT],0x000077a02e613555
2962886.0,3634051,python,[JIT],0x00007a6d2708786c
2962774.0,3634062,python,[JIT],0x0000758d926c4183
2962614.0,3634073,python,[JIT],0x00007373dcd9db5e
2962520.0,3634084,python,[JIT],0x0000731ba220530c
2962391.0,3634062,python,[JIT],0x0000758d926c41fe
2962319.0,3634040,python,[JIT],0x0000766aade13fa4
2962118.0,3634084,python,[JIT],0x0000731ba2205235
2961939.0,3634040,python,[JIT],0x0000766aad6ce872
2961804.0,3634084,python,[JIT],0x0000731ba220594e
2961608.0,3634040,python,[JIT],0x0000766aad6ce0ce
2961553.0,3634073,python,libm.so.6,pow@@GLIBC_2.29
2961088.0,3634051,python,[JIT],0x00007a6d27087a9a
2961042.0,3634073,python,[JIT],0x00007373dcd9eccc
2960954.0,3634084,python,[JIT],0x0000731ba21ff194
2960877.0,3634051,python,[JIT],0x00007a6d270886f0
2960797.0,3634029,python,[JIT],0x000077a02e61477e
2960722.0,3634040,python,[JIT],0x0000766aade145ee
2960660.0,3634029,python,[JIT],0x000077a02e614bee
2960551.0,3634073,python,[JIT],0x00007373dd6138e5
2960545.0,3634073,python,[JIT],0x00007373dcd9e3b4
2960487.0,3634029,python,[JIT],0x000077a02e613f20
2960285.0,3634022,python,[JIT],0x000078e61547bc1c
2960259.0,3634051,python,[JIT],0x00007a6d27087467
2960234.0,3634040,python,[JIT],0x0000766aade13618
2960196.0,3634073,python,[JIT],0x00007373dcd9da26
2960093.0,3634073,python,[JIT],0x00007373dc9a521e
2959640.0,3634062,python,[JIT],0x0000758d926c42ed
2959598.0,3634062,python,[JIT],0x0000758d922b2a8b
2959597.0,3634073,python,[JIT],0x00007373dcd9e0cb
2959597.0,3634051,python,[JIT],0x00007a6d270870b9
2959589.0,3634051,python,[JIT],0x00007a6d276eb5de
2959415.0,3634084,python,[JIT],0x0000731ba2207217
2959334.0,3634029,python,[JIT],0x000077a02e638221
2959121.0,3634084,python,[JIT],0x0000731ba2206607
2959040.0,3634051,python,[JIT],0x00007a6d270879fc
2959023.0,3634040,python,[JIT],0x0000766aad6cede6
2959000.0,3634051,python,[JIT],0x00007a6d27087846
2958863.0,3634029,python,[JIT],0x000077a02e6148af
2958818.0,3634051,python,[JIT],0x00007a6d270878a2
2958460.0,3634029,python,[JIT],0x000077a02e6131c5
2958196.0,3634040,python,[JIT],0x0000766aade153cf
2958142.0,3634029,python,[JIT],0x000077a02e6145a0
2958071.0,3634084,python,[JIT],0x0000731ba2205d01
2958052.0,3634029,python,[JIT],0x000077a02e613290
2958023.0,3634051,python,[JIT],0x00007a6d27088372
2958005.0,3634084,python,[JIT],0x0000731ba2205575
2957755.0,3634051,python,[JIT],0x00007a6d270870ea
2957676.0,3634073,python,[JIT],0x00007373dd6131af
2957601.0,3634022,python,[JIT],0x000078e61547b758
2957578.0,3634040,python,[JIT],0x0000766aade138d9
2957036.0,3634084,python,[JIT],0x0000731ba2205b92
2956898.0,3634022,python,[JIT],0x000078e61547ab75
2956751.0,3634022,python,[JIT],0x000078e61547a10c
2956630.0,3634029,python,[JIT],0x000077a02e61492f
2956337.0,3634022,python,[JIT],0x000078e6155bf887
2956324.0,3634051,python,[JIT],0x00007a6d27087ad4
2956312.0,3634073,python,[JIT],0x00007373dcd9e474
2956105.0,3634084,python,[JIT],0x0000731ba22052df
2956090.0,3634022,python,[JIT],0x000078e61547b70d
2956068.0,3634073,python,[JIT],0x00007373dcd9ef22
2955963.0,3634073,python,[JIT],0x00007373dd613060
2955886.0,3634040,python,[JIT],0x0000766aade1342d
2955722.0,3634084,python,[JIT],0x0000731ba22065ee
2955712.0,3634022,python,[JIT],0x000078e6155bf698
2955461.0,3634022,python,[JIT],0x000078e61547a94e
2955460.0,3634051,python,[JIT],0x00007a6d2708797d
2955372.0,3634073,python,[JIT],0x00007373dcd9e82c
2955286.0,3634029,python,[JIT],0x000077a02e61531c
2954919.0,3634051,python,[JIT],0x00007a6d2708901d
2954884.0,3634040,python,[JIT],0x0000766aade13900
2954793.0,3634073,python,[JIT],0x00007373dcd9dd76
2954674.0,3634084,python,[JIT],0x0000731ba2206eae
2954623.0,3634073,python,[JIT],0x00007373dcd9d59a
2954595.0,3634040,python,[JIT],0x0000766aade14585
2954546.0,3634029,python,[JIT],0x000077a02e613265
2954502.0,3634029,python,[JIT],0x000077a02e6145ac
2954390.0,3634040,python,[JIT],0x0000766aad6ce221
2954257.0,3634084,python,[JIT],0x0000731ba22058cf
2954125.0,3634029,python,[JIT],0x000077a02e63817d
2954015.0,3634029,python,[JIT],0x000077a02e614a68
2953712.0,3634073,python,[JIT],0x00007373dcd9e2ed
2953312.0,3634029,python,[JIT],0x000077a02e613900
2953289.0,3634051,python,[JIT],0x00007a6d27088448
2953253.0,3634062,python,[JIT],0x0000758d926c4108
2953165.0,3634051,python,[JIT],0x00007a6d27088611
2953146.0,3634073,python,[JIT],0x00007373dcd9df7b
2953093.0,3634073,python,[JIT],0x00007373dd6131cd
2953090.0,3634062,python,[JIT],0x0000758d926c439e
2952403.0,3634084,python,[JIT],0x0000731ba2206f4e
2952325.0,3634022,python,[JIT],0x000078e61547a46b
2952186.0,3634084,python,[JIT],0x0000731ba22063e0
2952146.0,3634084,python,[JIT],0x0000731ba220560f
2952014.0,3634073,python,[JIT],0x00007373dcd9d8cf
2952004.0,3634022,python,[JIT],0x000078e61547a7b0
2951990.0,3634051,python,[JIT],0x00007a6d270871a2
2951826.0,3634073,python,[JIT],0x00007373dd613881
2951805.0,3634022,python,[JIT],0x000078e61547bf89
2951417.0,3634073,python,[JIT],0x00007373dd613bab
2951069.0,3634040,python,[JIT],0x0000766aade1316b
2951055.0,3634062,python,[JIT],0x0000758d926c46f0
2950871.0,3634040,python,[JIT],0x0000766aad6ce8ca
2949720.0,3634051,python,python,PyLong_FromLong
2949104.0,3634029,python,[JIT],0x000077a02e614a16
2949051.0,3634029,python,[JIT],0x000077a02e6154eb
2948939.0,3634040,python,[JIT],0x0000766aade14be0
2948678.0,3634084,python,[JIT],0x0000731ba2e3aa44
2948545.0,3634062,python,[JIT],0x0000758d927ceda3
2948528.0,3634040,python,[JIT],0x0000766aade13555
2948223.0,3634040,python,[JIT],0x0000766aade151aa
2947866.0,3634040,python,[JIT],0x0000766aade154c1
2947716.0,3634062,python,[JIT],0x0000758d926c4551
2947570.0,3634084,python,[JIT],0x0000731ba2205e35
2947032.0,3634029,python,[JIT],0x000077a02dcc845c
2946658.0,3634084,python,[JIT],0x0000731ba2206f67
2946644.0,3634051,python,[JIT],0x00007a6d27088f22
2945835.0,3634040,python,[JIT],0x0000766aad6ceb78
2945807.0,3634040,python,[JIT],0x0000766aade14e61
2945693.0,3634051,python,[JIT],0x00007a6d2708814c
2944718.0,3634073,python,[JIT],0x00007373dcd9e199
2943926.0,3634022,python,[JIT],0x000078e6154a197f
2943866.0,3634084,python,[JIT],0x0000731ba2201366
2942215.0,3634040,python,[JIT],0x0000766aade13f7b
2942197.0,3634084,python,[JIT],0x0000731ba2205f4e
2941872.0,3634062,python,[JIT],0x0000758d926c4751
2941677.0,3634051,python,[JIT],0x00007a6d276ebbc7
2940744.0,3634073,python,[JIT],0x00007373dcd9f2cd
2940723.0,3634040,python,[JIT],0x0000766aad59ee05
2940489.0,3634062,python,[JIT],0x0000758d926c4f67
2940418.0,3634029,python,[JIT],0x000077a02e638dde
2939718.0,3634073,python,[JIT],0x00007373dcd9e065
2939251.0,3634022,python,[JIT],0x000078e6155bf238
2939200.0,3634051,python,[JIT],0x00007a6d276eb698
2938053.0,3634040,python,[JIT],0x0000766aade1417e
2937468.0,3634084,python,[JIT],0x0000731ba2206ddd
2937014.0,3634022,python,[JIT],0x000078e61547b337
2936991.0,3634073,python,[JIT],0x00007373dcd9ea07
2936983.0,3634022,python,[JIT],0x000078e61547bcc2
2936230.0,3634062,python,[JIT],0x0000758d926c4dc7
2935331.0,3634040,python,[JIT],0x0000766aade1330c
2935304.0,3634084,python,[JIT],0x0000731ba2205311
2935204.0,3634051,python,[JIT],0x00007a6d270894cf
2934450.0,3634073,python,[JIT],0x00007373dcd9ecee
2934181.0,3634040,python,[JIT],0x0000766aad6ce2e1
2932274.0,3634040,python,[JIT],0x0000766aade14efa
2931983.0,3634073,python,[JIT],0x00007373dcd9d673
2931593.0,3634040,python,[JIT],0x0000766aade146d3
2929915.0,3634051,python,[JIT],0x00007a6d27087fbc
2929835.0,3634022,python,[JIT],0x000078e61547a976
2929668.0,3634029,python,[JIT],0x000077a02e614751
2929548.0,3634051,python,[JIT],0x00007a6d271c72af
2929199.0,3634051,python,[JIT],0x00007a6d270877cb
2928999.0,3634051,python,[JIT],0x00007a6d270890e4
2927693.0,3634073,python,[JIT],0x00007373dcd9e9d4
2921121.0,3634073,python,[JIT],0x00007373dcd9f376
2920386.0,3634029,python,[JIT],0x000077a02e613bdd
2920331.0,3634029,python,[JIT],0x000077a02e613722
2920057.0,3634073,python,[JIT],0x00007373dcd9f2be
2919287.0,3634051,python,[JIT],0x00007a6d271c743b
2919272.0,3634051,python,[JIT],0x00007a6d27087b50
2913474.0,3634029,python,[JIT],0x000077a02e61431d
2912942.0,3634051,python,[JIT],0x00007a6d271c74a0
2907616.0,3634084,python,[JIT],0x0000731ba22064f7
2904138.0,3634084,python,[JIT],0x0000731ba2205ecd
2900228.0,3634029,python,[JIT],0x000077a02e614679
2894418.0,3634062,python,[JIT],0x0000758d927ce403
2893329.0,3634073,python,[JIT],0x00007373dceced74
2891690.0,3634040,python,[JIT],0x0000766aade13c6d
2887741.0,3634029,python,[JIT],0x000077a02e61528f
2885435.0,3634029,python,[JIT],0x000077a02e614079
2884703.0,3634022,python,[JIT],0x000078e61547a11b
2879378.0,3634029,python,[JIT],0x000077a02e6135a9
2872986.0,3634062,python,[JIT],0x0000758d926c3af2
2864371.0,3634062,python,[JIT],0x0000758d927cec17
2862068.0,3634073,python,[JIT],0x00007373dcd9f2b1
2852856.0,3634073,python,[JIT],0x00007373dc9a6c60
2852820.0,3634051,python,[JIT],0x00007a6d270888b1
2851053.0,3634073,python,[JIT],0x00007373dcd9f481
2842308.0,3634062,python,[JIT],0x0000758d926c40e8
2838307.0,3634022,python,[JIT],0x000078e61547aca6
2837199.0,3634073,python,[JIT],0x00007373dcd9ed2a
2824180.0,3634062,python,[JIT],0x0000758d926c3846
2799957.0,3634029,python,[JIT],0x000077a02e613a9f
2795331.0,3634040,python,[JIT],0x0000766aade14f4e
2769044.0,3634084,python,[JIT],0x0000731ba220685b
2682855.0,3634051,python,[JIT],0x00007a6d276eb87f
2682400.0,3634029,python,[JIT],0x000077a02e61348b
2410682.0,3634029,python,[JIT],0x000077a02e614536
2372958.0,3634040,python,[JIT],0x0000766aade13b8e
1990663.0,3634084,python,[JIT],0x0000731ba2202909
1989627.0,3634062,python,[JIT],0x0000758d926c4c9f
1989253.0,3634084,python,[JIT],0x0000731ba2206302
1988318.0,3634062,python,[JIT],0x0000758d926c3d59
1987522.0,3634084,python,[JIT],0x0000731ba2205900
1987170.0,3634062,python,[JIT],0x0000758d926c3ac6
1987142.0,3634062,python,[JIT],0x0000758d926c39bd
1987102.0,3634062,python,[JIT],0x0000758d926c462d
1986997.0,3634084,python,[JIT],0x0000731ba2205a82
1986976.0,3634029,python,[JIT],0x000077a02e614f08
1986955.0,3634029,python,[JIT],0x000077a02e6136b1
1986945.0,3634062,python,[JIT],0x0000758d926c49bc
1986944.0,3634084,python,[JIT],0x0000731ba22074ef
1986942.0,3634029,python,[JIT],0x000077a02dcc94c7
1986941.0,3634084,python,[JIT],0x0000731ba2206287
1986940.0,3634022,python,[JIT],0x000078e61547bd31
1986939.0,3634029,python,[JIT],0x000077a02e614d6e
1986935.0,3634084,python,[JIT],0x0000731ba2e3a854
1986931.0,3634029,python,[JIT],0x000077a02e6131a6
1986929.0,3634022,python,[JIT],0x000078e61547aa8d
1986924.0,3634073,python,[JIT],0x00007373dd6131bd
1986922.0,3634029,python,[JIT],0x000077a02e614799
1986922.0,3634029,python,[JIT],0x000077a02e614bda
1986922.0,3634084,python,[JIT],0x0000731ba2207384
1986919.0,3634084,python,[JIT],0x0000731ba2201420
1986916.0,3634051,python,[JIT],0x00007a6d271c7a03
1986915.0,3634062,python,[JIT],0x0000758d926c3ed4
1986911.0,3634084,python,[JIT],0x0000731ba2206cc6
1986909.0,3634029,python,[JIT],0x000077a02e63896a
1986907.0,3634029,python,[JIT],0x000077a02e6135b3
1986907.0,3634073,python,[JIT],0x00007373dcd9de5e
1986905.0,3634022,python,[JIT],0x000078e61547af5c
1986903.0,3634084,python,[JIT],0x0000731ba2205d2a
1986901.0,3634022,python,[JIT],0x000078e6155bf139
1986900.0,3634051,python,[JIT],0x00007a6d2708916a
1986899.0,3634029,python,[JIT],0x000077a02e614189
1986898.0,3634073,python,[JIT],0x00007373dc9a730a
1986898.0,3634073,python,[JIT],0x00007373dcd9dc18
1986897.0,3634022,python,[JIT],0x000078e61547b69f
1986891.0,3634062,python,[JIT],0x0000758d922b588a
1986890.0,3634084,python,[JIT],0x0000731ba2205f58
1986887.0,3634062,python,[JIT],0x0000758d926c3bea
1986883.0,3634051,python,[JIT],0x00007a6d2708790f
1986881.0,3634029,python,[JIT],0x000077a02e6140bb
1986877.0,3634029,python,[JIT],0x000077a02dcc93ff
1986877.0,3634051,python,[JIT],0x00007a6d276eb603
1986877.0,3634084,python,[JIT],0x0000731ba2205555
1986875.0,3634022,python,[JIT],0x000078e61547a555
1986875.0,3634084,python,[JIT],0x0000731ba21ff2af
1986874.0,3634029,python,[JIT],0x000077a02e2ec520
1986874.0,3634084,python,[JIT],0x0000731ba2206ac3
1986873.0,3634029,python,[JIT],0x000077a02e613235
1986872.0,3634029,python,[JIT],0x000077a02e61342b
1986872.0,3634051,python,[JIT],0x00007a6d26c9037e
1986871.0,3634022,python,[JIT],0x000078e61547b7a9
1986871.0,3634062,python,[JIT],0x0000758d922b5edc
1986870.0,3634029,python,[JIT],0x000077a02e638a48
1986868.0,3634029,python,[JIT],0x000077a02e63866b
1986868.0,3634073,python,[JIT],0x00007373dcece290
1986868.0,3634051,python,[JIT],0x00007a6d27087196
1986867.0,3634022,python,[JIT],0x000078e61547a5c7
1986867.0,3634062,python,[JIT],0x0000758d926c3398
1986866.0,3634084,python,[JIT],0x0000731ba2206b43
1986864.0,3634022,python,[JIT],0x000078e61547bb50
1986864.0,3634051,python,[JIT],0x00007a6d27087b9b
1986864.0,3634051,python,[JIT],0x00007a6d276eb9bc
1986863.0,3634029,python,[JIT],0x000077a02e6153fb
1986862.0,3634029,python,[JIT],0x000077a02e6139ca
1986862.0,3634062,python,[JIT],0x0000758d926c3dbb
1986862.0,3634084,python,[JIT],0x0000731ba22030c5
1986858.0,3634022,python,[JIT],0x000078e61547c03e
1986857.0,3634051,python,[JIT],0x00007a6d2708906d
1986857.0,3634051,python,[JIT],0x00007a6d27089178
1986856.0,3634022,python,[JIT],0x000078e61547a7a7
1986856.0,3634062,python,[JIT],0x0000758d926c4ab5
1986855.0,3634084,python,[JIT],0x0000731ba22055dd
1986854.0,3634051,python,[JIT],0x00007a6d27088501
1986854.0,3634084,python,[JIT],0x0000731ba2205502
1986853.0,3634073,python,[JIT],0x00007373dcd9e637
1986852.0,3634073,python,[JIT],0x00007373dc9a5429
1986852.0,3634051,python,[JIT],0x00007a6d271c72e1
1986852.0,3634084,python,[JIT],0x0000731ba22071b8
1986851.0,3634029,python,[JIT],0x000077a02e61324d
1986851.0,3634029,python,[JIT],0x000077a02e6145ea
1986851.0,3634084,python,[JIT],0x0000731ba2206ea1
1986850.0,3634029,python,[JIT],0x000077a02e638c06
1986849.0,3634022,python,[JIT],0x000078e61547a6dd
1986848.0,3634062,python,[JIT],0x0000758d926c4d2a
1986847.0,3634073,python,[JIT],0x00007373dcd9dba0
1986843.0,3634022,python,[JIT],0x000078e61508357c
1986842.0,3634022,python,[JIT],0x000078e61547aa34
1986842.0,3634073,python,[JIT],0x00007373dd613a7f
1986841.0,3634073,python,[JIT],0x00007373dd61346e
1986840.0,3634062,python,[JIT],0x0000758d926c5648
1986840.0,3634084,python,[JIT],0x0000731ba220752e
1986838.0,3634029,python,[JIT],0x000077a02e613c34
1986838.0,3634051,python,[JIT],0x00007a6d270875c4
1986834.0,3634029,python,[JIT],0x000077a02dcc8e38
1986834.0,3634073,python,[JIT],0x00007373dcd9e8c3
1986833.0,3634051,python,[JIT],0x00007a6d26c8f64b
1986832.0,3634022,python,[JIT],0x000078e61547afaf
1986831.0,3634022,python,[JIT],0x000078e6154a1197
1986830.0,3634073,python,[JIT],0x00007373dd613935
1986830.0,3634084,python,[JIT],0x0000731ba2206372
1986828.0,3634062,python,[JIT],0x0000758d926c312f
1986828.0,3634062,python,[JIT],0x0000758d926c3754
1986828.0,3634084,python,[JIT],0x0000731ba2206561
1986827.0,3634022,python,[JIT],0x000078e61547ae72
1986827.0,3634062,python,[JIT],0x0000758d926c447d
1986826.0,3634022,python,[JIT],0x000078e61547a846
1986824.0,3634022,python,[JIT],0x000078e61547a86c
1986824.0,3634029,python,[JIT],0x000077a02e2ecc34
1986824.0,3634051,python,[JIT],0x00007a6d27089423
1986820.0,3634029,python,[JIT],0x000077a02e638d5b
1986818.0,3634084,python,[JIT],0x0000731ba2201c8d
1986816.0,3634022,python,[JIT],0x000078e61547b878
1986816.0,3634084,python,[JIT],0x0000731ba2205601
1986815.0,3634029,python,[JIT],0x000077a02e613b69
1986815.0,3634029,python,[JIT],0x000077a02e613d9d
1986815.0,3634051,python,[JIT],0x00007a6d270887b3
1986815.0,3634051,python,[JIT],0x00007a6d271c7c17
1986814.0,3634062,python,[JIT],0x0000758d922b400a
1986813.0,3634022,python,[JIT],0x000078e61547b3c3
1986813.0,3634029,python,[JIT],0x000077a02dcc95af
1986813.0,3634029,python,[JIT],0x000077a02e614dd4
1986812.0,3634029,python,[JIT],0x000077a02e2ec239
1986812.0,3634062,python,[JIT],0x0000758d922b28e2
1986811.0,3634051,python,[JIT],0x00007a6d27088f08
1986809.0,3634022,python,[JIT],0x000078e61547a353
1986807.0,3634073,python,[kernel.kallsyms],_raw_spin_unlock
1986806.0,3634022,python,[JIT],0x000078e6155bfde6
1986806.0,3634051,python,[JIT],0x00007a6d270893d6
1986804.0,3634073,python,[kvm],pvclock_gtod_notify
1986803.0,3634051,python,[JIT],0x00007a6d270894eb
1986803.0,3634062,python,[JIT],0x0000758d926c379f
1986799.0,3634062,python,[JIT],0x0000758d926c4fe3
1986799.0,3634084,python,[JIT],0x0000731ba2e3a139
1986798.0,3634062,python,[JIT],0x0000758d922b5c4f
1986798.0,3634084,python,[JIT],0x0000731ba2206df2
1986797.0,3634084,python,[JIT],0x0000731ba2205927
1986796.0,3634062,python,[JIT],0x0000758d926c3810
1986794.0,3634022,python,[JIT],0x000078e615082d73
1986794.0,3634073,python,[kernel.kallsyms],rcu_sched_clock_irq
1986793.0,3634029,python,[JIT],0x000077a02e63820b
1986793.0,3634073,python,[JIT],0x00007373dcd9d290
1986792.0,3634062,python,[JIT],0x0000758d926c43bc
1986790.0,3634029,python,[JIT],0x000077a02e6380ce
1986790.0,3634084,python,[JIT],0x0000731ba2206039
1986789.0,3634051,python,[JIT],0x00007a6d27087a34
1986789.0,3634084,python,[JIT],0x0000731ba21ffdd2
1986787.0,3634062,python,[JIT],0x0000758d926c31e7
1986787.0,3634062,python,[JIT],0x0000758d926c4bb3
1986787.0,3634084,python,[JIT],0x0000731ba2207492
1986787.0,3634084,python,[JIT],0x0000731ba2201eba
1986786.0,3634022,python,[JIT],0x000078e61508235d
1986786.0,3634022,python,[JIT],0x000078e61547ae61
1986786.0,3634029,python,[JIT],0x000077a02dcc7557
1986785.0,3634022,python,[JIT],0x000078e61547b858
1986785.0,3634051,python,[JIT],0x00007a6d2708835d
1986784.0,3634022,python,[JIT],0x000078e61547a9e6
1986783.0,3634029,python,[JIT],0x000077a02e614362
1986783.0,3634029,python,[JIT],0x000077a02e6151d4
1986782.0,3634022,python,[JIT],0x000078e6155bfd68
1986782.0,3634029,python,[JIT],0x000077a02e614034
1986782.0,3634073,python,[JIT],0x00007373dd613b69
1986782.0,3634062,python,[JIT],0x0000758d926c518c
1986782.0,3634051,python,[JIT],0x00007a6d276eb5a6
1986780.0,3634051,python,[JIT],0x00007a6d27087d2a
1986779.0,3634022,python,[JIT],0x000078e6155bf267
1986779.0,3634084,python,[JIT],0x0000731ba2201429
1986778.0,3634084,python,[JIT],0x0000731ba2206fe3
1986778.0,3634084,python,[JIT],0x0000731ba2e3ad87
1986777.0,3634022,python,[JIT],0x000078e61547a871
1986777.0,3634022,python,[JIT],0x000078e61547c07f
1986777.0,3634073,python,[JIT],0x00007373dcd9dd48
1986775.0,3634029,python,[JIT],0x000077a02e2ecb58
1986775.0,3634062,python,[JIT],0x0000758d922b530e
1986774.0,3634022,python,[JIT],0x000078e6155bfa23
1986773.0,3634029,python,[JIT],0x000077a02dcc8469
1986773.0,3634073,python,[JIT],0x00007373dcd9e71c
1986773.0,3634084,python,[JIT],0x0000731ba22069d4
1986772.0,3634051,python,[JIT],0x00007a6d276eb2ba
1986771.0,3634022,python,[JIT],0x000078e6155bf7b8
1986771.0,3634029,python,[JIT],0x000077a02e613fa4
1986769.0,3634022,python,[JIT],0x000078e61547b3a6
1986769.0,3634062,python,[JIT],0x0000758d926c3499
1986766.0,3634084,python,[JIT],0x0000731ba22054ea
1986764.0,3634062,python,[JIT],0x0000758d926c48c3
1986763.0,3634073,python,[JIT],0x00007373dcd9dc3b
1986762.0,3634051,python,[JIT],0x00007a6d27088c46
1986760.0,3634029,python,[JIT],0x000077a02e61443a
1986759.0,3634022,python,[JIT],0x000078e6150840a2
1986759.0,3634073,python,[JIT],0x00007373dcd9d976
1986758.0,3634073,python,[JIT],0x00007373dcece19d
1986757.0,3634022,python,[JIT],0x000078e61547a72f
1986756.0,3634029,python,[JIT],0x000077a02e2ec209
1986755.0,3634062,python,[JIT],0x0000758d926c40bb
1986754.0,3634022,python,[JIT],0x000078e61547bda1
1986754.0,3634073,python,[JIT],0x00007373dcd9e3e0
1986753.0,3634073,python,[JIT],0x00007373dcd9e84a
1986753.0,3634051,python,[JIT],0x00007a6d276ebe06
1986753.0,3634084,python,[JIT],0x0000731ba2203483
1986752.0,3634022,python,[JIT],0x000078e61547a711
1986751.0,3634029,python,[JIT],0x000077a02e2ecc93
1986751.0,3634062,python,[JIT],0x0000758d926c4aab
1986750.0,3634051,python,[JIT],0x00007a6d26c9024b
1986750.0,3634051,python,[JIT],0x00007a6d2708884a
1986749.0,3634029,python,[JIT],0x000077a02e613854
1986749.0,3634062,python,[JIT],0x0000758d927cebdf
1986747.0,3634084,python,[JIT],0x0000731ba22056f3
1986746.0,3634051,python,[JIT],0x00007a6d276ebdee
1986745.0,3634022,python,[JIT],0x000078e61547a3b3
1986745.0,3634029,python,[JIT],0x000077a02e61499a
1986745.0,3634073,python,[JIT],0x00007373dcd9f540
1986745.0,3634084,python,[JIT],0x0000731ba22066ff
1986744.0,3634022,python,[JIT],0x000078e61547ab83
1986744.0,3634022,python,[JIT],0x000078e61547b71c
1986744.0,3634084,python,[JIT],0x0000731ba22017b8
1986743.0,3634051,python,[JIT],0x00007a6d276eb606
1986742.0,3634029,python,[JIT],0x000077a02dcc7b08
1986742.0,3634051,python,[JIT],0x00007a6d27088a24
1986741.0,3634022,python,[JIT],0x000078e615082360
1986740.0,3634022,python,[JIT],0x000078e615082120
1986740.0,3634084,python,[JIT],0x0000731ba22053e6
1986739.0,3634029,python,[JIT],0x000077a02e615667
1986738.0,3634022,python,[JIT],0x000078e61547a79f
1986737.0,3634022,python,[JIT],0x000078e61547a1b7
1986737.0,3634073,python,[JIT],0x00007373dcd9e652
1986736.0,3634022,python,[JIT],0x000078e61547a771
1986736.0,3634029,python,[JIT],0x000077a02e614fdd
1986736.0,3634084,python,[JIT],0x0000731ba2e3a1b7
1986735.0,3634029,python,[JIT],0x000077a02e6148ef
1986735.0,3634084,python,[JIT],0x0000731ba2e3acc3
1986733.0,3634073,python,[JIT],0x00007373dcd9da4f
1986732.0,3634051,python,[JIT],0x00007a6d27087546
1986732.0,3634062,python,[JIT],0x0000758d927ceba5
1986732.0,3634051,python,[JIT],0x00007a6d26c90755
1986732.0,3634084,python,python,long_dealloc
1986731.0,3634051,python,[JIT],0x00007a6d27087449
1986730.0,3634022,python,[JIT],0x000078e61547a67b
1986730.0,3634084,python,[JIT],0x0000731ba2205e4c
1986729.0,3634073,python,[JIT],0x00007373dcd9de7f
1986729.0,3634073,python,[JIT],0x00007373dcd9ed51
1986729.0,3634062,python,[JIT],0x0000758d926c455d
1986729.0,3634084,python,[JIT],0x0000731ba2e3a8e5
1986728.0,3634022,python,[JIT],0x000078e6154a1076
1986728.0,3634022,python,[JIT],0x000078e6154a12c8
1986728.0,3634029,python,[JIT],0x000077a02e2ec2b8
1986728.0,3634073,python,[JIT],0x00007373dc9a71f8
1986727.0,3634051,python,[JIT],0x00007a6d27088ddd
1986727.0,3634084,python,[JIT],0x0000731ba2205b21
1986727.0,3634084,python,[JIT],0x0000731ba2205bdd
1986725.0,3634029,python,[JIT],0x000077a02e613646
1986725.0,3634062,python,[JIT],0x0000758d927ce996
1986724.0,3634022,python,[JIT],0x000078e6154a1aec
1986724.0,3634029,python,[JIT],0x000077a02e6381cd
1986724.0,3634051,python,[JIT],0x00007a6d27088a6f
1986724.0,3634084,python,[JIT],0x0000731ba2205e4f
1986723.0,3634022,python,[JIT],0x000078e61547bf8d
1986723.0,3634051,python,[JIT],0x00007a6d270876dd
1986721.0,3634073,python,[JIT],0x00007373dd6137ca
1986720.0,3634022,python,[JIT],0x000078e61547ab7e
1986720.0,3634029,python,[JIT],0x000077a02dcc8586
1986720.0,3634073,python,[JIT],0x00007373dc9a5432
1986720.0,3634073,python,[JIT],0x00007373dd6132cf
1986719.0,3634022,python,[JIT],0x000078e61547a290
1986718.0,3634051,python,[JIT],0x00007a6d26c913f7
1986718.0,3634051,python,[JIT],0x00007a6d271c74e2
1986717.0,3634073,python,[JIT],0x00007373dcd9dcbe
1986717.0,3634062,python,[JIT],0x0000758d927ce23a
1986717.0,3634084,python,[JIT],0x0000731ba22055c4
1986716.0,3634029,python,libm.so.6,pow@@GLIBC_2.29
1986716.0,3634073,python,[JIT],0x00007373dcd9e99a
1986716.0,3634084,python,[JIT],0x0000731ba2201dbd
1986715.0,3634084,python,[JIT],0x0000731ba2e3a3de
1986714.0,3634084,python,[JIT],0x0000731ba22054c5
1986713.0,3634073,python,[JIT],0x00007373dd61374c
1986713.0,3634084,python,[JIT],0x0000731ba2206611
1986712.0,3634022,python,[JIT],0x000078e615083a1a
1986712.0,3634022,python,[JIT],0x000078e61547c07c
1986712.0,3634073,python,[JIT],0x00007373dcd9dbf3
1986712.0,3634062,python,[JIT],0x0000758d922b4557
1986712.0,3634084,python,[JIT],0x0000731ba22072fa
1986711.0,3634029,python,[JIT],0x000077a02e613863
1986711.0,3634051,python,[JIT],0x00007a6d27087227
1986710.0,3634062,python,[JIT],0x0000758d926c4372
1986708.0,3634022,python,[JIT],0x000078e61547a242
1986708.0,3634029,python,[JIT],0x000077a02e614178
1986708.0,3634051,python,[JIT],0x00007a6d276eb0ce
1986707.0,3634022,python,[JIT],0x000078e6155bf4ae
1986707.0,3634022,python,[JIT],0x000078e6155bf548
1986706.0,3634022,python,[JIT],0x000078e61547bfe9
1986705.0,3634073,python,[JIT],0x00007373dcd9d2b5
1986704.0,3634051,python,[JIT],0x00007a6d26c8f226
1986704.0,3634084,python,[JIT],0x0000731ba220554a
1986703.0,3634029,python,[JIT],0x000077a02e6387ec
1986703.0,3634051,python,[JIT],0x00007a6d27088180
1986702.0,3634073,python,[JIT],0x00007373dc9a5226
1986701.0,3634029,python,[JIT],0x000077a02e2ec962
1986700.0,3634029,python,[JIT],0x000077a02e6389a4
1986700.0,3634051,python,[JIT],0x00007a6d27087a8d
1986700.0,3634084,python,[JIT],0x0000731ba2206482
1986699.0,3634029,python,[JIT],0x000077a02e6152be
1986699.0,3634029,python,[JIT],0x000077a02e613c09
1986699.0,3634073,python,[JIT],0x00007373dcd9d3e6
1986699.0,3634084,python,[JIT],0x0000731ba2206751
1986698.0,3634022,python,[JIT],0x000078e61547bd9a
1986698.0,3634051,python,[JIT],0x00007a6d27088189
1986697.0,3634022,python,[JIT],0x000078e61547a4a1
1986697.0,3634029,python,[JIT],0x000077a02e614c35
1986696.0,3634084,python,[JIT],0x0000731ba22051c7
1986696.0,3634084,python,[JIT],0x0000731ba2205dc0
1986695.0,3634022,python,[JIT],0x000078e6155bf83b
1986695.0,3634029,python,[JIT],0x000077a02e615522
1986695.0,3634084,python,[JIT],0x0000731ba220280c
1986695.0,3634084,python,[JIT],0x0000731ba22074b0
1986694.0,3634029,python,[JIT],0x000077a02e2eca9a
1986692.0,3634062,python,[JIT],0x0000758d927ce606
1986691.0,3634029,python,[JIT],0x000077a02e6134db
1986691.0,3634062,python,[JIT],0x0000758d926c3e52
1986691.0,3634051,python,[JIT],0x00007a6d26c8f7c7
1986690.0,3634029,python,[JIT],0x000077a02e638d79
1986690.0,3634051,python,[JIT],0x00007a6d2708854e
1986689.0,3634029,python,[JIT],0x000077a02e613b5e
1986689.0,3634029,python,[JIT],0x000077a02e613d76
1986689.0,3634029,python,[JIT],0x000077a02e614f22
1986689.0,3634062,python,[JIT],0x0000758d926c4d01
1986689.0,3634051,python,[JIT],0x00007a6d27088d9a
1986688.0,3634062,python,[JIT],0x0000758d926c4d6e
1986688.0,3634084,python,[JIT],0x0000731ba22059e3
1986687.0,3634022,python,[JIT],0x000078e61547bf78
1986685.0,3634022,python,[JIT],0x000078e6155bf802
1986685.0,3634029,python,[JIT],0x000077a02e613c7b
1986684.0,3634029,python,[JIT],0x000077a02dcc908c
1986684.0,3634029,python,[JIT],0x000077a02dcc91b0
1986684.0,3634051,python,[JIT],0x00007a6d271c75cf
1986684.0,3634051,python,[JIT],0x00007a6d276eb2a6
1986683.0,3634029,python,[JIT],0x000077a02e61332a
1986682.0,3634073,python,[JIT],0x00007373dc9a564b
1986681.0,3634029,python,[JIT],0x000077a02e614348
1986681.0,3634073,python,[JIT],0x00007373dcd9dd04
1986680.0,3634022,python,[JIT],0x000078e6155bfc8e
1986680.0,3634051,python,[JIT],0x00007a6d27088183
1986679.0,3634073,python,[JIT],0x00007373dcd9e84d
1986679.0,3634062,python,[JIT],0x0000758d926c3510
1986677.0,3634029,python,[JIT],0x000077a02e613583
1986677.0,3634062,python,[JIT],0x0000758d922b650f
1986677.0,3634051,python,[JIT],0x00007a6d276eb7aa
1986677.0,3634084,python,[JIT],0x0000731ba220288a
1986675.0,3634073,python,[JIT],0x00007373dcd9e64e
1986675.0,3634062,python,[JIT],0x0000758d926c4b61
1986673.0,3634022,python,[JIT],0x000078e61547b640
1986673.0,3634073,python,[JIT],0x00007373dcd9d709
1986672.0,3634084,python,[JIT],0x0000731ba2e3a1d6
1986671.0,3634073,python,[JIT],0x00007373dcd9d646
1986671.0,3634051,python,[JIT],0x00007a6d276ebc4e
1986670.0,3634022,python,[JIT],0x000078e6155bfaab
1986670.0,3634022,python,[JIT],0x000078e6155bfc87
1986670.0,3634073,python,[JIT],0x00007373dcd9ddc0
1986670.0,3634073,python,[JIT],0x00007373dcd9e6de
1986670.0,3634051,python,[JIT],0x00007a6d276ebcc8
1986670.0,3634084,python,[JIT],0x0000731ba22057db
1986669.0,3634073,python,[JIT],0x00007373dd613d79
1986669.0,3634051,python,[JIT],0x00007a6d27087a5d
1986669.0,3634062,python,[JIT],0x0000758d926c3265
1986669.0,3634051,python,[JIT],0x00007a6d276ebace
1986668.0,3634029,python,[JIT],0x000077a02dcc9316
1986668.0,3634029,python,[JIT],0x000077a02e613cf0
1986668.0,3634062,python,[JIT],0x0000758d922b2dab
1986667.0,3634022,python,[JIT],0x000078e6155bf1e6
1986666.0,3634051,python,[JIT],0x00007a6d270878df
1986665.0,3634022,python,[JIT],0x000078e615083a78
1986665.0,3634022,python,[JIT],0x000078e6154a1450
1986665.0,3634062,python,[JIT],0x0000758d926c3976
1986665.0,3634062,python,[JIT],0x0000758d926c5334
1986665.0,3634051,python,[JIT],0x00007a6d2708765d
1986664.0,3634029,python,[JIT],0x000077a02e6134df
1986664.0,3634029,python,[JIT],0x000077a02e638ae2
1986664.0,3634062,python,[JIT],0x0000758d926c4ea1
1986663.0,3634029,python,[JIT],0x000077a02e638c4e
1986663.0,3634073,python,[JIT],0x00007373dcd9eb21
1986663.0,3634051,python,[JIT],0x00007a6d270876a7
1986662.0,3634022,python,[JIT],0x000078e61547a18e
1986662.0,3634022,python,[JIT],0x000078e6154a1b8b
1986662.0,3634029,python,[JIT],0x000077a02e638b62
1986662.0,3634073,python,[JIT],0x00007373dcd9e17e
1986662.0,3634051,python,[JIT],0x00007a6d27089223
1986661.0,3634029,python,[JIT],0x000077a02e638c37
1986661.0,3634062,python,[JIT],0x0000758d926c54a3
1986660.0,3634062,python,[JIT],0x0000758d922b2197
1986660.0,3634062,python,[JIT],0x0000758d926c3b07
1986660.0,3634062,python,[JIT],0x0000758d926c52dd
1986660.0,3634062,python,[JIT],0x0000758d926c553a
1986660.0,3634051,python,[JIT],0x00007a6d27087361
1986660.0,3634051,python,[JIT],0x00007a6d276ebc3c
1986659.0,3634084,python,[JIT],0x0000731ba22068b1
1986658.0,3634022,python,[JIT],0x000078e61547b522
1986657.0,3634029,python,[JIT],0x000077a02e638c9c
1986657.0,3634051,python,[JIT],0x00007a6d276eb845
1986656.0,3634029,python,[JIT],0x000077a02e613a74
1986656.0,3634073,python,[JIT],0x00007373dcece8e2
1986655.0,3634022,python,[JIT],0x000078e6155bfc32
1986655.0,3634029,python,[JIT],0x000077a02dcc950a
1986655.0,3634029,python,[JIT],0x000077a02e613188
1986655.0,3634073,python,[JIT],0x00007373dcd9d7f1
1986655.0,3634084,python,[JIT],0x0000731ba2205955
1986654.0,3634051,python,[JIT],0x00007a6d270876f3
1986654.0,3634084,python,[JIT],0x0000731ba22012e6
1986654.0,3634084,python,[JIT],0x0000731ba22054e6
1986651.0,3634029,python,[JIT],0x000077a02e61508a
1986651.0,3634062,python,[JIT],0x0000758d926c3606
1986651.0,3634084,python,[JIT],0x0000731ba220655d
1986651.0,3634084,python,[JIT],0x0000731ba2e3a51b
1986649.0,3634051,python,[JIT],0x00007a6d26c8f360
1986649.0,3634084,python,[JIT],0x0000731ba21ff2c1
1986649.0,3634084,python,[JIT],0x0000731ba220518e
1986648.0,3634062,python,[JIT],0x0000758d926c3ce0
1986647.0,3634022,python,[JIT],0x000078e61547bf9a
1986647.0,3634084,python,[JIT],0x0000731ba2206689
1986646.0,3634022,python,[JIT],0x000078e61547bbb3
1986645.0,3634022,python,[JIT],0x000078e6155bf11b
1986645.0,3634029,python,[JIT],0x000077a02e638326
1986644.0,3634062,python,[JIT],0x0000758d926c48c9
1986644.0,3634062,python,[JIT],0x0000758d927cebab
1986643.0,3634062,python,[JIT],0x0000758d927ce150
1986643.0,3634051,python,[JIT],0x00007a6d276eb52c
1986642.0,3634022,python,[JIT],0x000078e6155bf486
1986642.0,3634073,python,[JIT],0x00007373dcd9db41
1986642.0,3634062,python,[JIT],0x0000758d922b4387
1986642.0,3634062,python,[JIT],0x0000758d927ce3de
1986641.0,3634022,python,[JIT],0x000078e61547b6da
1986641.0,3634029,python,[JIT],0x000077a02e6382bf
1986640.0,3634029,python,[JIT],0x000077a02e613b4d
1986640.0,3634051,python,[JIT],0x00007a6d27087e3f
1986639.0,3634051,python,[JIT],0x00007a6d27087fbc
1986638.0,3634051,python,[JIT],0x00007a6d27088d2a
1986638.0,3634062,python,[JIT],0x0000758d927ce65e
1986638.0,3634062,python,[JIT],0x0000758d927ceb4f
1986636.0,3634062,python,[JIT],0x0000758d926c328e
1986636.0,3634062,python,[JIT],0x0000758d926c47a9
1986635.0,3634062,python,[JIT],0x0000758d926c420f
1986635.0,3634051,python,[JIT],0x00007a6d270871df
1986635.0,3634084,python,[JIT],0x0000731ba2206fe1
1986634.0,3634084,python,[JIT],0x0000731ba2205735
1986633.0,3634073,python,[JIT],0x00007373dcd9d380
1986633.0,3634073,python,[JIT],0x00007373dcd9d3b3
1986633.0,3634062,python,[JIT],0x0000758d926c4caf
1986633.0,3634084,python,[JIT],0x0000731ba2205638
1986632.0,3634022,python,[JIT],0x000078e61547a4d1
1986632.0,3634029,python,[JIT],0x000077a02dcc8fff
1986631.0,3634029,python,[JIT],0x000077a02e61376d
1986631.0,3634073,python,[JIT],0x00007373dc9a6a2e
1986631.0,3634051,python,[JIT],0x00007a6d26c8f41b
1986630.0,3634029,python,[JIT],0x000077a02e614d51
1986629.0,3634051,python,[JIT],0x00007a6d27088108
1986627.0,3634073,python,[JIT],0x00007373dcece767
1986627.0,3634051,python,[JIT],0x00007a6d27088d68
1986627.0,3634084,python,[JIT],0x0000731ba220517d
1986626.0,3634073,python,[JIT],0x00007373dcd9e60e
1986626.0,3634062,python,[JIT],0x0000758d926c4ef4
1986625.0,3634029,python,[JIT],0x000077a02e613ff0
1986625.0,3634073,python,[JIT],0x00007373dd6130a9
1986625.0,3634051,python,[JIT],0x00007a6d26c9080c
1986623.0,3634029,python,[JIT],0x000077a02e6132e2
1986622.0,3634062,python,[JIT],0x0000758d926c4d68
1986621.0,3634062,python,[JIT],0x0000758d926c495e
1986621.0,3634051,python,[JIT],0x00007a6d26c90788
1986620.0,3634022,python,[JIT],0x000078e6155bf3f4
1986620.0,3634051,python,[JIT],0x00007a6d276eb232
1986619.0,3634022,python,[JIT],0x000078e6155bf366
1986619.0,3634084,python,[JIT],0x0000731ba2206d73
1986618.0,3634029,python,[JIT],0x000077a02e613ad4
1986618.0,3634073,python,[JIT],0x00007373dcd9d8f6
1986618.0,3634084,python,[JIT],0x0000731ba2205c0f
1986616.0,3634073,python,[JIT],0x00007373dcd9e3f1
1986616.0,3634073,python,[JIT],0x00007373dd61366b
1986615.0,3634022,python,[JIT],0x000078e61547c1b8
1986614.0,3634022,python,[JIT],0x000078e61547a6fb
1986614.0,3634073,python,[JIT],0x00007373dcd9d9db
1986613.0,3634022,python,[JIT],0x000078e6154a1396
1986613.0,3634073,python,[JIT],0x00007373dc9a6f52
1986613.0,3634073,python,[JIT],0x00007373dc9a6fa0
1986611.0,3634022,python,[JIT],0x000078e61547b533
1986611.0,3634062,python,[JIT],0x0000758d926c491e
1986610.0,3634022,python,[JIT],0x000078e61547c21f
1986610.0,3634062,python,[JIT],0x0000758d926c3ea2
1986609.0,3634022,python,[JIT],0x000078e615083957
1986609.0,3634084,python,[JIT],0x0000731ba2201557
1986607.0,3634073,python,[JIT],0x00007373dcd9d378
1986606.0,3634051,python,[JIT],0x00007a6d276ebcc3
1986605.0,3634022,python,[JIT],0x000078e61547a390
1986603.0,3634084,python,[JIT],0x0000731ba2206de7
1986601.0,3634073,python,[JIT],0x00007373dcd9e253
1986601.0,3634062,python,[JIT],0x0000758d926c3c86
1986601.0,3634051,python,[JIT],0x00007a6d276eb1f4
1986600.0,3634073,python,[JIT],0x00007373dcece107
1986599.0,3634084,python,[JIT],0x0000731ba22059af
1986598.0,3634062,python,[JIT],0x0000758d922b5dc9
1986598.0,3634084,python,[JIT],0x0000731ba2205ceb
1986597.0,3634051,python,[JIT],0x00007a6d27087754
1986596.0,3634073,python,[JIT],0x00007373dcd9e629
1986596.0,3634051,python,[JIT],0x00007a6d27088aca
1986595.0,3634073,python,[JIT],0x00007373dcd9d235
1986594.0,3634051,python,[JIT],0x00007a6d270878a6
1986593.0,3634022,python,[JIT],0x000078e61547ac7b
1986591.0,3634022,python,[JIT],0x000078e61547c219
1986591.0,3634073,python,[JIT],0x00007373dcd9d69f
1986590.0,3634029,python,[JIT],0x000077a02e61501d
1986590.0,3634062,python,[JIT],0x0000758d927ce6ff
1986589.0,3634073,python,[JIT],0x00007373dcd9ea76
1986589.0,3634084,python,[JIT],0x0000731ba2206501
1986588.0,3634062,python,[JIT],0x0000758d922b4c8d
1986588.0,3634062,python,[JIT],0x0000758d926c4607
1986588.0,3634084,python,[JIT],0x0000731ba22053a9
1986586.0,3634029,python,[JIT],0x000077a02e613d68
1986586.0,3634051,python,[JIT],0x00007a6d26c8f7cc
1986585.0,3634062,python,[JIT],0x0000758d922b2ada
1986584.0,3634073,python,[JIT],0x00007373dcd9e08c
1986583.0,3634073,python,[JIT],0x00007373dcd9d29f
1986582.0,3634062,python,[JIT],0x0000758d926c361f
1986581.0,3634051,python,[JIT],0x00007a6d276eb43a
1986580.0,3634029,python,[JIT],0x000077a02e614a6f
1986580.0,3634073,python,[JIT],0x00007373dcd9f376
1986580.0,3634051,python,[JIT],0x00007a6d26c8f278
1986580.0,3634051,python,[JIT],0x00007a6d27087aeb
1986580.0,3634084,python,[JIT],0x0000731ba2206180
1986579.0,3634073,python,[JIT],0x00007373dc9a54fd
1986579.0,3634062,python,[JIT],0x0000758d926c50bf
1986578.0,3634051,python,[JIT],0x00007a6d27088ab0
1986577.0,3634073,python,[JIT],0x00007373dcd9d85f
1986577.0,3634062,python,[JIT],0x0000758d922b5dc5
1986576.0,3634073,python,[JIT],0x00007373dcd9eb6f
1986576.0,3634051,python,[JIT],0x00007a6d27087fe8
1986575.0,3634029,python,[JIT],0x000077a02e2ec97f
1986573.0,3634022,python,[JIT],0x000078e61547a51a
1986573.0,3634029,python,[JIT],0x000077a02e638aba
1986573.0,3634073,python,[JIT],0x00007373dcd9d575
1986573.0,3634073,python,[JIT],0x00007373dcece194
1986570.0,3634022,python,[JIT],0x000078e61547c481
1986569.0,3634022,python,[JIT],0x000078e61547a82b
1986568.0,3634084,python,[JIT],0x0000731ba2206b46
1986567.0,3634062,python,[JIT],0x0000758d926c3900
1986567.0,3634084,python,[JIT],0x0000731ba220607b
1986566.0,3634022,python,[JIT],0x000078e61547b8b1
1986566.0,3634029,python,[JIT],0x000077a02e615237
1986566.0,3634073,python,[JIT],0x00007373dd613902
1986562.0,3634062,python,[JIT],0x0000758d922b5706
1986562.0,3634062,python,[JIT],0x0000758d926c4758
1986561.0,3634022,python,[JIT],0x000078e6154a1c27
1986559.0,3634073,python,[JIT],0x00007373dd6130b9
1986559.0,3634051,python,[JIT],0x00007a6d270890f9
1986559.0,3634084,python,[JIT],0x0000731ba22054df
1986556.0,3634029,python,[JIT],0x000077a02e614f20
1986556.0,3634029,python,[JIT],0x000077a02e614fa7
1986556.0,3634029,python,[JIT],0x000077a02e638403
1986556.0,3634073,python,[JIT],0x00007373dc9a6ef9
1986556.0,3634051,python,[JIT],0x00007a6d27089393
1986555.0,3634022,python,[JIT],0x000078e61547b777
1986554.0,3634022,python,[JIT],0x000078e6155bf6f1
1986554.0,3634084,python,[JIT],0x0000731ba220631d
1986553.0,3634062,python,[JIT],0x0000758d922b53ec
1986552.0,3634084,python,[JIT],0x0000731ba2202a9f
1986552.0,3634084,python,[JIT],0x0000731ba220551a
1986551.0,3634051,python,[JIT],0x00007a6d270888bf
1986550.0,3634029,python,[JIT],0x000077a02e614bb3
1986550.0,3634029,python,[JIT],0x000077a02e614d61
1986550.0,3634022,python,[JIT],0x000078e6155bfe08
1986550.0,3634029,python,[JIT],0x000077a02e614839
1986549.0,3634073,python,[JIT],0x00007373dcd9de24
1986549.0,3634084,python,[JIT],0x0000731ba220724f
1986548.0,3634051,python,[JIT],0x00007a6d276eb382
1986547.0,3634022,python,[JIT],0x000078e615083ff9
1986547.0,3634022,python,[JIT],0x000078e6155bf65e
1986547.0,3634084,python,[JIT],0x0000731ba2e3ac47
1986546.0,3634022,python,[JIT],0x000078e6155bfa63
1986546.0,3634084,python,[JIT],0x0000731ba2201b93
1986545.0,3634029,python,[JIT],0x000077a02e613e10
1986545.0,3634029,python,[JIT],0x000077a02e614201
1986543.0,3634029,python,[JIT],0x000077a02e63874c
1986542.0,3634062,python,[JIT],0x0000758d922b28aa
1986541.0,3634051,python,[JIT],0x00007a6d27087414
1986540.0,3634073,python,[JIT],0x00007373dcd9d259
1986540.0,3634062,python,[JIT],0x0000758d922b53b2
1986538.0,3634022,python,[JIT],0x000078e61547b039
1986538.0,3634062,python,[JIT],0x0000758d922b22ef
1986537.0,3634073,python,[JIT],0x00007373dcd9dc09
1986536.0,3634084,python,[JIT],0x0000731ba22065a4
1986535.0,3634022,python,[JIT],0x000078e6155bf2bf
1986535.0,3634073,python,[JIT],0x00007373dc9a73ff
1986535.0,3634084,python,[JIT],0x0000731ba2206878
1986534.0,3634084,python,[JIT],0x0000731ba22074cf
1986531.0,3634029,python,[JIT],0x000077a02e613d17
1986531.0,3634051,python,[JIT],0x00007a6d276eb7a6
1986530.0,3634022,python,[JIT],0x000078e61547b58c
1986529.0,3634073,python,[JIT],0x00007373dcd9e302
1986529.0,3634062,python,[JIT],0x0000758d926c4b43
1986529.0,3634051,python,[JIT],0x00007a6d27087b41
1986529.0,3634051,python,[JIT],0x00007a6d27088bc8
1986528.0,3634029,python,[JIT],0x000077a02e615265
1986528.0,3634084,python,[JIT],0x0000731ba2206071
1986527.0,3634073,python,[JIT],0x00007373dcd9ee61
1986527.0,3634084,python,[JIT],0x0000731ba22070e1
1986526.0,3634073,python,[JIT],0x00007373dd61351b
1986525.0,3634022,python,[JIT],0x000078e6155bf73f
1986525.0,3634062,python,[JIT],0x0000758d927ce0ea
1986522.0,3634062,python,[JIT],0x0000758d926c5050
1986521.0,3634073,python,[JIT],0x00007373dd613dde
1986520.0,3634073,python,[JIT],0x00007373dc9a699b
1986520.0,3634073,python,[JIT],0x00007373dcd9d555
1986519.0,3634022,python,[JIT],0x000078e61547ac04
1986519.0,3634073,python,[JIT],0x00007373dcd9eee9
1986519.0,3634073,python,[JIT],0x00007373dceceb83
1986519.0,3634051,python,[JIT],0x00007a6d27087d17
1986518.0,3634022,python,[JIT],0x000078e61547a54f
1986518.0,3634073,python,[JIT],0x00007373dd61352c
1986517.0,3634062,python,[JIT],0x0000758d926c375e
1986517.0,3634084,python,[JIT],0x0000731ba220568c
1986517.0,3634084,python,[JIT],0x0000731ba2e3a32a
1986516.0,3634051,python,[JIT],0x00007a6d270871a8
1986515.0,3634062,python,[JIT],0x0000758d926c3e27
1986513.0,3634062,python,[JIT],0x0000758d927ce8ca
1986513.0,3634051,python,[JIT],0x00007a6d276eb5c1
1986513.0,3634084,python,[JIT],0x0000731ba2206f20
1986512.0,3634022,python,[JIT],0x000078e61547a575
1986512.0,3634029,python,[JIT],0x000077a02e638c26
1986512.0,3634084,python,[JIT],0x0000731ba2205343
1986511.0,3634022,python,[JIT],0x000078e6150837fb
1986511.0,3634084,python,[JIT],0x0000731ba2202a1d
1986510.0,3634022,python,[JIT],0x000078e6155bfcd8
1986508.0,3634029,python,[JIT],0x000077a02dcc7220
1986508.0,3634073,python,[JIT],0x00007373dcd9dd17
1986507.0,3634073,python,[JIT],0x00007373dcecea9a
1986506.0,3634073,python,[JIT],0x00007373dcd9d388
1986506.0,3634073,python,[JIT],0x00007373dd613509
1986506.0,3634062,python,[JIT],0x0000758d926c4337
1986506.0,3634051,python,[JIT],0x00007a6d26c8feba
1986505.0,3634022,python,[JIT],0x000078e61508221a
1986505.0,3634073,python,[JIT],0x00007373dc9a5b7c
1986502.0,3634029,python,[JIT],0x000077a02e638c87
1986502.0,3634084,python,[JIT],0x0000731ba220124f
1986500.0,3634022,python,[JIT],0x000078e6155bf564
1986500.0,3634062,python,[JIT],0x0000758d922b6674
1986499.0,3634029,python,[JIT],0x000077a02e6148c9
1986499.0,3634051,python,[JIT],0x00007a6d276eb267
1986498.0,3634022,python,[JIT],0x000078e6155bf881
1986498.0,3634029,python,[JIT],0x000077a02e613510
1986495.0,3634084,python,libc.so.6,__errno_location
1986494.0,3634073,python,[JIT],0x00007373dc9a5642
1986494.0,3634062,python,[JIT],0x0000758d926c3aeb
1986494.0,3634062,python,[JIT],0x0000758d927ce796
1986494.0,3634051,python,[JIT],0x00007a6d270871bf
1986492.0,3634029,python,[JIT],0x000077a02e61435d
1986492.0,3634073,python,[JIT],0x00007373dcd9ec1c
1986492.0,3634051,python,[JIT],0x00007a6d270880f7
1986492.0,3634084,python,[JIT],0x0000731ba2e3a403
1986491.0,3634084,python,[JIT],0x0000731ba220737f
1986489.0,3634022,python,[JIT],0x000078e61547bd68
1986489.0,3634062,python,[JIT],0x0000758d926c384f
1986489.0,3634084,python,[JIT],0x0000731ba220218b
1986488.0,3634062,python,[JIT],0x0000758d926c3e1b
1986486.0,3634022,python,[JIT],0x000078e61547a3de
1986486.0,3634073,python,[JIT],0x00007373dcd9efc6
1986486.0,3634051,python,[JIT],0x00007a6d27087a4f
1986486.0,3634084,python,[JIT],0x0000731ba2e3a20b
1986485.0,3634029,python,[JIT],0x000077a02e6381c6
1986485.0,3634084,python,[JIT],0x0000731ba2205a9a
1986484.0,3634022,python,[JIT],0x000078e615082f4b
1986484.0,3634073,python,[JIT],0x00007373dd6137b8
1986484.0,3634062,python,[JIT],0x0000758d926c3d6b
1986484.0,3634062,python,[JIT],0x0000758d927ce690
1986483.0,3634062,python,[JIT],0x0000758d922b4bfc
1986482.0,3634029,python,[JIT],0x000077a02e61365d
1986481.0,3634022,python,python,long_dealloc
1986478.0,3634084,python,[JIT],0x0000731ba2207528
1986477.0,3634062,python,[JIT],0x0000758d927ce3d6
1986476.0,3634029,python,[JIT],0x000077a02e638927
1986476.0,3634073,python,[JIT],0x00007373dcd9d760
1986476.0,3634062,python,[JIT],0x0000758d927cea44
1986473.0,3634062,python,[JIT],0x0000758d926c4b6f
1986472.0,3634022,python,[JIT],0x000078e6155bf923
1986472.0,3634084,python,[JIT],0x0000731ba2e3a2f9
1986471.0,3634022,python,[JIT],0x000078e6154a199c
1986471.0,3634029,python,[JIT],0x000077a02e6380f8
1986471.0,3634062,python,[JIT],0x0000758d926c34d1
1986471.0,3634062,python,[JIT],0x0000758d926c43c3
1986469.0,3634051,python,[JIT],0x00007a6d27087298
1986468.0,3634073,python,[JIT],0x00007373dcd9ebd6
1986466.0,3634073,python,[JIT],0x00007373dc9a6fff
1986466.0,3634062,python,[JIT],0x0000758d922b4598
1986465.0,3634022,python,[JIT],0x000078e61547b799
1986464.0,3634062,python,[JIT],0x0000758d927ce611
1986464.0,3634051,python,[JIT],0x00007a6d271c71ad
1986462.0,3634022,python,[JIT],0x000078e6155bf0a9
1986462.0,3634029,python,[JIT],0x000077a02dcc95c0
1986462.0,3634062,python,[JIT],0x0000758d926c3261
1986460.0,3634029,python,[JIT],0x000077a02e614c46
1986459.0,3634062,python,[JIT],0x0000758d926c3e31
1986459.0,3634084,python,[JIT],0x0000731ba2205b4d
1986458.0,3634073,python,[JIT],0x00007373dcd9d806
1986458.0,3634051,python,[JIT],0x00007a6d276eb854
1986458.0,3634084,python,[JIT],0x0000731ba22032c1
1986457.0,3634062,python,[JIT],0x0000758d926c31bf
1986456.0,3634051,python,[JIT],0x00007a6d276ebba5
1986455.0,3634062,python,[JIT],0x0000758d926c3f58
1986455.0,3634084,python,[JIT],0x0000731ba2205733
1986451.0,3634073,python,[JIT],0x00007373dcd9e97d
1986450.0,3634062,python,[JIT],0x0000758d926c36d7
1986450.0,3634084,python,[JIT],0x0000731ba22068af
1986449.0,3634073,python,[JIT],0x00007373dcd9d618
1986448.0,3634022,python,[JIT],0x000078e61547a42f
1986447.0,3634029,python,[JIT],0x000077a02e613b50
1986446.0,3634073,python,[JIT],0x00007373dc9a7612
1986445.0,3634051,python,[JIT],0x00007a6d27087b6d
1986445.0,3634051,python,[JIT],0x00007a6d27088585
1986444.0,3634022,python,[JIT],0x000078e61547a30c
1986444.0,3634062,python,[JIT],0x0000758d926c427f
1986442.0,3634084,python,[JIT],0x0000731ba22054aa
1986439.0,3634084,python,[JIT],0x0000731ba22056db
1986437.0,3634029,python,[JIT],0x000077a02e614a36
1986436.0,3634051,python,[JIT],0x00007a6d271c7197
1986435.0,3634029,python,[JIT],0x000077a02e6382f9
1986435.0,3634051,python,[JIT],0x00007a6d276eb11b
1986433.0,3634062,python,[JIT],0x0000758d926c540b
1986433.0,3634051,python,[JIT],0x00007a6d27089540
1986433.0,3634051,python,[JIT],0x00007a6d276eb5ff
1986433.0,3634051,python,[JIT],0x00007a6d276ebb29
1986430.0,3634062,python,[JIT],0x0000758d926c38d5
1986429.0,3634073,python,[JIT],0x00007373dd613564
1986428.0,3634073,python,[JIT],0x00007373dcd9edf2
1986425.0,3634062,python,[JIT],0x0000758d926c3333
1986424.0,3634084,python,[JIT],0x0000731ba21ffc2b
1986423.0,3634022,python,[JIT],0x000078e61547a48b
1986421.0,3634073,python,[JIT],0x00007373dd613d87
1986421.0,3634051,python,[JIT],0x00007a6d26c90a97
1986421.0,3634051,python,[JIT],0x00007a6d27087d64
1986419.0,3634051,python,[JIT],0x00007a6d2708826e
1986419.0,3634062,python,[JIT],0x0000758d926c4f2c
1986418.0,3634051,python,[JIT],0x00007a6d2708839e
1986415.0,3634029,python,[JIT],0x000077a02e638665
1986415.0,3634084,python,[JIT],0x0000731ba2205a8d
1986414.0,3634022,python,[JIT],0x000078e6155bf5c1
1986414.0,3634022,python,[JIT],0x000078e6155bfc09
1986412.0,3634062,python,[JIT],0x0000758d926c4e82
1986411.0,3634084,python,[JIT],0x0000731ba220529e
1986406.0,3634022,python,[JIT],0x000078e61547bb8b
1986405.0,3634051,python,[JIT],0x00007a6d270878ce
1986405.0,3634073,python,[JIT],0x00007373dd6138e5
1986404.0,3634062,python,[JIT],0x0000758d926c3d39
1986404.0,3634084,python,[JIT],0x0000731ba2e3a881
1986403.0,3634084,python,[JIT],0x0000731ba2e3ad94
1986402.0,3634073,python,[JIT],0x00007373dc9a6428
1986398.0,3634062,python,[JIT],0x0000758d926c54b4
1986398.0,3634051,python,[JIT],0x00007a6d26c8f78e
1986397.0,3634029,python,[JIT],0x000077a02e61361f
1986396.0,3634029,python,[JIT],0x000077a02e614aa2
1986395.0,3634062,python,[JIT],0x0000758d926c3388
1986392.0,3634073,python,[JIT],0x00007373dcd9e02b
1986391.0,3634073,python,[JIT],0x00007373dcd9e0e8
1986391.0,3634073,python,[JIT],0x00007373dd613c80
1986389.0,3634022,python,[JIT],0x000078e615082376
1986388.0,3634073,python,[JIT],0x00007373dd6134ef
1986383.0,3634062,python,[JIT],0x0000758d922b6099
1986383.0,3634062,python,[JIT],0x0000758d927ce79e
1986380.0,3634051,python,[JIT],0x00007a6d27087583
1986379.0,3634029,python,[JIT],0x000077a02e6149ea
1986376.0,3634029,python,[JIT],0x000077a02e6147a9
1986375.0,3634084,python,[JIT],0x0000731ba21ff834
1986373.0,3634062,python,[JIT],0x0000758d926c3583
1986362.0,3634040,python,[JIT],0x0000766aad59e2fd
1986361.0,3634084,python,[JIT],0x0000731ba2206fe1
1986360.0,3634029,python,[JIT],0x000077a02e615300
1986360.0,3634084,python,[JIT],0x0000731ba2201376
1986359.0,3634073,python,[JIT],0x00007373dcd9ecca
1986358.0,3634073,python,[JIT],0x00007373dc9a6b23
1986353.0,3634084,python,python,pow@plt
1986352.0,3634029,python,[JIT],0x000077a02e6138ce
1986352.0,3634062,python,[JIT],0x0000758d927ce887
1986350.0,3634029,python,[JIT],0x000077a02e613319
1986350.0,3634062,python,[JIT],0x0000758d926c4f4e
1986348.0,3634022,python,[JIT],0x000078e61547a3f6
1986348.0,3634029,python,[JIT],0x000077a02dcc765b
1986347.0,3634029,python,[JIT],0x000077a02e615420
1986346.0,3634084,python,[JIT],0x0000731ba22050ea
1986340.0,3634084,python,[JIT],0x0000731ba21ff64b
1986335.0,3634084,python,[JIT],0x0000731ba2206634
1986334.0,3634062,python,[JIT],0x0000758d926c316b
1986329.0,3634022,python,[JIT],0x000078e61547bfff
1986328.0,3634084,python,[JIT],0x0000731ba2206d48
1986326.0,3634073,python,python,PyLong_FromLong
1986324.0,3634040,python,[JIT],0x0000766aad6ce542
1986323.0,3634073,python,[JIT],0x00007373dcd9dc0f
1986320.0,3634029,python,[JIT],0x000077a02dcc7376
1986320.0,3634062,python,[JIT],0x0000758d926c3f8a
1986317.0,3634062,python,[JIT],0x0000758d926c563e
1986316.0,3634051,python,[JIT],0x00007a6d27087988
1986315.0,3634040,python,[JIT],0x0000766aade13791
1986314.0,3634051,python,[JIT],0x00007a6d2708897d
1986313.0,3634040,python,[JIT],0x0000766aade1492f
1986309.0,3634073,python,[JIT],0x00007373dcece63e
1986306.0,3634073,python,[JIT],0x00007373dcd9d17d
1986302.0,3634062,python,[JIT],0x0000758d926c32f4
1986297.0,3634022,python,[JIT],0x000078e6150832fd
1986297.0,3634040,python,[JIT],0x0000766aade145d8
1986294.0,3634029,python,[JIT],0x000077a02e613c1f
1986294.0,3634084,python,[JIT],0x0000731ba2205d26
1986289.0,3634022,python,[JIT],0x000078e61547b6f7
1986288.0,3634062,python,[JIT],0x0000758d927ceac2
1986287.0,3634073,python,[JIT],0x00007373dd613ace
1986287.0,3634062,python,[JIT],0x0000758d926c4c35
1986284.0,3634022,python,[JIT],0x000078e61547a1a2
1986283.0,3634062,python,[JIT],0x0000758d926c45a8
1986282.0,3634062,python,[JIT],0x0000758d922b4705
1986277.0,3634029,python,[JIT],0x000077a02e6146d3
1986273.0,3634051,python,[JIT],0x00007a6d26c906d7
1986271.0,3634040,python,[JIT],0x0000766aad5c41eb
1986270.0,3634062,python,[JIT],0x0000758d926c35a9
1986270.0,3634084,python,[JIT],0x0000731ba2206f89
1986269.0,3634062,python,[JIT],0x0000758d926c50d7
1986268.0,3634062,python,[JIT],0x0000758d926c4e53
1986267.0,3634062,python,[JIT],0x0000758d926c53cf
1986265.0,3634062,python,[JIT],0x0000758d926c4bee
1986261.0,3634073,python,[JIT],0x00007373dcd9f393
1986260.0,3634051,python,[JIT],0x00007a6d270872c4
1986256.0,3634084,python,[JIT],0x0000731ba220697d
1986255.0,3634051,python,[JIT],0x00007a6d26c8f26a
1986252.0,3634084,python,[JIT],0x0000731ba2206f8d
1986249.0,3634022,python,[JIT],0x000078e61547a273
1986247.0,3634073,python,[JIT],0x00007373dcd9e585
1986237.0,3634022,python,[JIT],0x000078e61547c0b8
1986237.0,3634051,python,[JIT],0x00007a6d27089536
1986230.0,3634040,python,[JIT],0x0000766aad6ce5a6
1986229.0,3634062,python,[JIT],0x0000758d926c4d56
1986227.0,3634084,python,[JIT],0x0000731ba2e3a5ef
1986223.0,3634073,python,[JIT],0x00007373dd61379e
1986223.0,3634084,python,[JIT],0x0000731ba2205961
1986219.0,3634073,python,[JIT],0x00007373dcd9dd1f
1986218.0,3634029,python,[JIT],0x000077a02e613b07
1986218.0,3634062,python,[JIT],0x0000758d922b5688
1986217.0,3634040,python,[JIT],0x0000766aade1548f
1986215.0,3634084,python,[JIT],0x0000731ba2206065
1986213.0,3634073,python,[JIT],0x00007373dcd9e3d1
1986213.0,3634040,python,[JIT],0x0000766aade138df
1986206.0,3634062,python,[JIT],0x0000758d926c5085
1986205.0,3634029,python,[JIT],0x000077a02e613d04
1986204.0,3634062,python,[JIT],0x0000758d926c35a9
1986201.0,3634029,python,[JIT],0x000077a02e613409
1986194.0,3634040,python,[JIT],0x0000766aad6cecb3
1986192.0,3634084,python,[JIT],0x0000731ba22051b0
1986189.0,3634040,python,[JIT],0x0000766aade1501d
1986188.0,3634029,python,[JIT],0x000077a02e638646
1986187.0,3634073,python,[JIT],0x00007373dcd9de20
1986181.0,3634062,python,[JIT],0x0000758d922b5788
1986181.0,3634040,python,[JIT],0x0000766aade13242
1986178.0,3634084,python,[JIT],0x0000731ba2206865
1986173.0,3634040,python,[JIT],0x0000766aade13938
1986163.0,3634040,python,[JIT],0x0000766aad6ce0f8
1986163.0,3634073,python,[JIT],0x00007373dcd9e28a
1986161.0,3634084,python,[JIT],0x0000731ba2205bc7
1986160.0,3634084,python,[JIT],0x0000731ba220683d
1986158.0,3634040,python,[JIT],0x0000766aade14039
1986153.0,3634073,python,[JIT],0x00007373dcd9e858
1986152.0,3634073,python,[JIT],0x00007373dcd9eee5
1986151.0,3634084,python,[JIT],0x0000731ba2202a1d
1986146.0,3634084,python,[JIT],0x0000731ba2e3a121
1986143.0,3634040,python,[JIT],0x0000766aade14113
1986142.0,3634073,python,[JIT],0x00007373dcece520
1986139.0,3634062,python,[JIT],0x0000758d926c4a95
1986136.0,3634073,python,[JIT],0x00007373dcd9f4a3
1986134.0,3634084,python,[JIT],0x0000731ba22066a5
1986131.0,3634062,python,[JIT],0x0000758d926c4060
1986131.0,3634084,python,[JIT],0x0000731ba2205a68
1986129.0,3634040,python,[JIT],0x0000766aad6ceba3
1986129.0,3634040,python,[JIT],0x0000766aade13ca2
1986122.0,3634029,python,[JIT],0x000077a02dcc8d5a
1986120.0,3634073,python,[JIT],0x00007373dcd9d837
1986116.0,3634051,python,[JIT],0x00007a6d2708938f
1986103.0,3634040,python,[JIT],0x0000766aad6ceae2
1986100.0,3634040,python,[JIT],0x0000766aade13771
1986100.0,3634084,python,[JIT],0x0000731ba2206839
1986099.0,3634073,python,[JIT],0x00007373dcd9da94
1986097.0,3634040,python,[JIT],0x0000766aad59eccd
1986096.0,3634084,python,[JIT],0x0000731ba21ff47c
1986094.0,3634062,python,[JIT],0x0000758d926c5517
1986090.0,3634051,python,python,long_dealloc
1986086.0,3634022,python,[JIT],0x000078e61547ac18
1986086.0,3634062,python,[JIT],0x0000758d926c3256
1986084.0,3634040,python,[JIT],0x0000766aad6ce1a8
1986084.0,3634040,python,[JIT],0x0000766aade1379f
1986080.0,3634040,python,[JIT],0x0000766aade13f4e
1986080.0,3634040,python,[JIT],0x0000766aade14d68
1986076.0,3634040,python,[JIT],0x0000766aade1356d
1986076.0,3634040,python,[JIT],0x0000766aade14df2
1986075.0,3634040,python,[JIT],0x0000766aade13b37
1986074.0,3634040,python,[JIT],0x0000766aad6ced94
1986070.0,3634040,python,[JIT],0x0000766aade13414
1986068.0,3634051,python,[JIT],0x00007a6d27088656
1986065.0,3634040,python,[JIT],0x0000766aad59dc7d
1986064.0,3634062,python,[JIT],0x0000758d927ce1de
1986063.0,3634073,python,[JIT],0x00007373dc9a5115
1986062.0,3634040,python,[JIT],0x0000766aad59d19a
1986060.0,3634040,python,[JIT],0x0000766aad6cedf2
1986060.0,3634040,python,[JIT],0x0000766aade14643
1986052.0,3634051,python,[JIT],0x00007a6d270877b6
1986052.0,3634040,python,[JIT],0x0000766aad59dc8d
1986051.0,3634051,python,[JIT],0x00007a6d27087a41
1986049.0,3634040,python,[JIT],0x0000766aade135a9
1986044.0,3634084,python,[JIT],0x0000731ba2e3aaab
1986043.0,3634040,python,[JIT],0x0000766aad59d226
1986041.0,3634040,python,[JIT],0x0000766aade13265
1986040.0,3634040,python,[JIT],0x0000766aad6ce127
1986040.0,3634040,python,[JIT],0x0000766aade143e8
1986036.0,3634029,python,[JIT],0x000077a02e6131b7
1986035.0,3634073,python,[JIT],0x00007373dcd9d898
1986034.0,3634040,python,[JIT],0x0000766aade14629
1986029.0,3634029,python,[JIT],0x000077a02e614302
1986029.0,3634040,python,[JIT],0x0000766aade14b43
1986028.0,3634040,python,[JIT],0x0000766aade13ea2
1986026.0,3634073,python,[JIT],0x00007373dd8cc0a6
1986025.0,3634040,python,[JIT],0x0000766aade130f8
1986021.0,3634051,python,[JIT],0x00007a6d270874db
1986020.0,3634029,python,[JIT],0x000077a02e613673
1986020.0,3634040,python,[JIT],0x0000766aade14604
1986017.0,3634040,python,[JIT],0x0000766aad6ce713
1986016.0,3634040,python,[JIT],0x0000766aade14536
1986014.0,3634040,python,[JIT],0x0000766aade1384a
1986014.0,3634084,python,[JIT],0x0000731ba220569d
1986012.0,3634040,python,[JIT],0x0000766aade1439e
1986011.0,3634073,python,python,long_dealloc
1986010.0,3634062,python,[JIT],0x0000758d922b65b3
1986004.0,3634040,python,[JIT],0x0000766aad59f066
1986002.0,3634040,python,[JIT],0x0000766aade131a2
1986001.0,3634062,python,[JIT],0x0000758d926c52a4
1985998.0,3634022,python,[JIT],0x000078e6154a1807
1985996.0,3634040,python,[JIT],0x0000766aade150de
1985995.0,3634040,python,[JIT],0x0000766aade1531c
1985994.0,3634040,python,[JIT],0x0000766aad59deba
1985987.0,3634040,python,[JIT],0x0000766aad6ced79
1985987.0,3634040,python,[JIT],0x0000766aade14b50
1985987.0,3634084,python,[JIT],0x0000731ba2206113
1985986.0,3634040,python,[JIT],0x0000766aade15423
1985983.0,3634040,python,[JIT],0x0000766aad6ce3ec
1985982.0,3634040,python,[JIT],0x0000766aad59dd0e
1985973.0,3634040,python,[JIT],0x0000766aade13d3c
1985971.0,3634029,python,[JIT],0x000077a02e2ec522
1985965.0,3634051,python,python,pow@plt
1985964.0,3634062,python,[JIT],0x0000758d926c3bc7
1985964.0,3634040,python,[JIT],0x0000766aad6ce53c
1985962.0,3634073,python,[JIT],0x00007373dc9a5705
1985962.0,3634084,python,[JIT],0x0000731ba22057f1
1985961.0,3634040,python,[JIT],0x0000766aade14ee9
1985961.0,3634040,python,[JIT],0x0000766aade14f0c
1985958.0,3634040,python,[JIT],0x0000766aade13942
1985957.0,3634029,python,[JIT],0x000077a02e614656
1985957.0,3634040,python,[JIT],0x0000766aade1404f
1985956.0,3634040,python,[JIT],0x0000766aade1334b
1985955.0,3634040,python,[JIT],0x0000766aad59d532
1985948.0,3634040,python,[JIT],0x0000766aade13378
1985945.0,3634073,python,[JIT],0x00007373dcd9d265
1985938.0,3634040,python,[JIT],0x0000766aad6cecd8
1985938.0,3634084,python,[JIT],0x0000731ba2206bc8
1985935.0,3634051,python,[JIT],0x00007a6d26c8fa0e
1985925.0,3634040,python,[JIT],0x0000766aade13a8d
1985924.0,3634084,python,[JIT],0x0000731ba22061fe
1985923.0,3634040,python,[JIT],0x0000766aade133a9
1985921.0,3634040,python,[JIT],0x0000766aade14c35
1985919.0,3634040,python,[JIT],0x0000766aade14a68
1985917.0,3634051,python,[JIT],0x00007a6d270881fe
1985914.0,3634040,python,[JIT],0x0000766aade13351
1985909.0,3634073,python,[JIT],0x00007373dcd9e76d
1985909.0,3634040,python,[JIT],0x0000766aad5c4d83
1985909.0,3634084,python,[JIT],0x0000731ba2e3adee
1985908.0,3634084,python,[JIT],0x0000731ba22062df
1985905.0,3634062,python,[JIT],0x0000758d926c3fe8
1985905.0,3634040,python,[JIT],0x0000766aade13473
1985898.0,3634040,python,[JIT],0x0000766aad6ceb10
1985896.0,3634040,python,[JIT],0x0000766aad59d664
1985894.0,3634040,python,[JIT],0x0000766aad6ce4fc
1985893.0,3634084,python,[JIT],0x0000731ba2206f08
1985892.0,3634022,python,[JIT],0x000078e6155bf010
1985892.0,3634084,python,[JIT],0x0000731ba2e3a82e
1985891.0,3634040,python,[JIT],0x0000766aad59f5af
1985890.0,3634084,python,[JIT],0x0000731ba22074a6
1985889.0,3634040,python,[JIT],0x0000766aade1527e
1985887.0,3634029,python,[JIT],0x000077a02e6136e3
1985882.0,3634040,python,[JIT],0x0000766aade154a6
1985881.0,3634040,python,[JIT],0x0000766aade13c00
1985874.0,3634040,python,[JIT],0x0000766aad6ce79e
1985874.0,3634040,python,[JIT],0x0000766aade13af2
1985873.0,3634022,python,[JIT],0x000078e615083600
1985872.0,3634040,python,[JIT],0x0000766aade133e6
1985866.0,3634040,python,[JIT],0x0000766aad59f2c4
1985865.0,3634040,python,[JIT],0x0000766aade1461f
1985863.0,3634073,python,[JIT],0x00007373dcd9e6ed
1985862.0,3634029,python,[JIT],0x000077a02e613618
1985861.0,3634040,python,[JIT],0x0000766aade132b9
1985859.0,3634073,python,[JIT],0x00007373dcd9daf8
1985857.0,3634040,python,[JIT],0x0000766aade131f7
1985856.0,3634040,python,[JIT],0x0000766aade14c5b
1985847.0,3634073,python,[JIT],0x00007373dcd9d368
1985846.0,3634062,python,[JIT],0x0000758d926c496d
1985839.0,3634084,python,[JIT],0x0000731ba2e3a787
1985837.0,3634040,python,[JIT],0x0000766aade1310c
1985835.0,3634022,python,[JIT],0x000078e61547c2c9
1985833.0,3634040,python,[JIT],0x0000766aade1374a
1985833.0,3634084,python,[JIT],0x0000731ba22020e7
1985831.0,3634029,python,[JIT],0x000077a02e6137db
1985828.0,3634029,python,[JIT],0x000077a02e6152f8
1985828.0,3634040,python,[JIT],0x0000766aad6ceb88
1985826.0,3634029,python,[JIT],0x000077a02e61438e
1985821.0,3634073,python,[JIT],0x00007373dcd9f19d
1985821.0,3634051,python,[JIT],0x00007a6d2708711f
1985819.0,3634029,python,[JIT],0x000077a02e61346b
1985818.0,3634062,python,[JIT],0x0000758d926c408c
1985813.0,3634084,python,[JIT],0x0000731ba21ff4a0
1985811.0,3634073,python,[JIT],0x00007373dcd9f367
1985810.0,3634073,python,[JIT],0x00007373dcd9e077
1985804.0,3634029,python,[JIT],0x000077a02e613d48
1985804.0,3634084,python,[JIT],0x0000731ba220627f
1985803.0,3634022,python,[JIT],0x000078e6150827c1
1985799.0,3634084,python,[JIT],0x0000731ba2201360
1985797.0,3634029,python,[JIT],0x000077a02e63879e
1985792.0,3634029,python,[JIT],0x000077a02e6138bd
1985790.0,3634040,python,[JIT],0x0000766aade13277
1985790.0,3634040,python,[JIT],0x0000766aade13e5a
1985786.0,3634029,python,[JIT],0x000077a02e614e93
1985784.0,3634040,python,[JIT],0x0000766aad59ea9f
1985780.0,3634040,python,[JIT],0x0000766aade1420a
1985779.0,3634084,python,[JIT],0x0000731ba2e3acad
1985771.0,3634062,python,[JIT],0x0000758d926c54c1
1985769.0,3634040,python,[JIT],0x0000766aade14b8f
1985765.0,3634084,python,[JIT],0x0000731ba2205ce0
1985763.0,3634040,python,[JIT],0x0000766aade13b69
1985760.0,3634073,python,[JIT],0x00007373dcd9d8df
1985760.0,3634040,python,[JIT],0x0000766aade13505
1985760.0,3634040,python,[JIT],0x0000766aade13810
1985760.0,3634040,python,[JIT],0x0000766aade13ad4
1985759.0,3634040,python,[JIT],0x0000766aad5c4903
1985757.0,3634029,python,[JIT],0x000077a02dcc92fb
1985756.0,3634040,python,[JIT],0x0000766aad6ce702
1985753.0,3634022,python,[JIT],0x000078e61547b65f
1985753.0,3634073,python,[JIT],0x00007373dd613dda
1985752.0,3634062,python,[JIT],0x0000758d922b63f3
1985752.0,3634040,python,[JIT],0x0000766aade13bc7
1985750.0,3634062,python,[JIT],0x0000758d922b5d05
1985747.0,3634062,python,[JIT],0x0000758d922b6639
1985733.0,3634029,python,[JIT],0x000077a02e613dbb
1985731.0,3634084,python,[JIT],0x0000731ba2201138
1985728.0,3634029,python,[JIT],0x000077a02e6149bc
1985727.0,3634022,python,[JIT],0x000078e6155bfa37
1985716.0,3634040,python,[JIT],0x0000766aade14637
1985710.0,3634062,python,[JIT],0x0000758d926c4be0
1985709.0,3634084,python,[JIT],0x0000731ba2201fa1
1985708.0,3634084,python,[JIT],0x0000731ba2207402
1985697.0,3634029,python,[JIT],0x000077a02dcc8212
1985680.0,3634022,python,[JIT],0x000078e61547b662
1985678.0,3634040,python,[JIT],0x0000766aade14b6f
1985675.0,3634062,python,[JIT],0x0000758d922b4c7d
1985674.0,3634040,python,[JIT],0x0000766aad5c45a1
1985669.0,3634073,python,[JIT],0x00007373dcd9d242
1985669.0,3634084,python,[JIT],0x0000731ba2206ab0
1985663.0,3634022,python,[JIT],0x000078e6155bf79e
1985659.0,3634029,python,[JIT],0x000077a02e614de2
1985656.0,3634040,python,[JIT],0x0000766aad6cec3c
1985648.0,3634040,python,[JIT],0x0000766aad6ceafa
1985633.0,3634040,python,[JIT],0x0000766aad59f2a9
1985627.0,3634022,python,[JIT],0x000078e61547b708
1985625.0,3634040,python,[JIT],0x0000766aad6ceace
1985614.0,3634073,python,[JIT],0x00007373dcd9da8d
1985605.0,3634040,python,[JIT],0x0000766aad59d645
1985602.0,3634062,python,[JIT],0x0000758d926c3b2b
1985600.0,3634073,python,[JIT],0x00007373dcd9d938
1985600.0,3634040,python,[JIT],0x0000766aad6ce638
1985592.0,3634084,python,[JIT],0x0000731ba21ff396
1985588.0,3634040,python,[JIT],0x0000766aade13261
1985576.0,3634029,python,[JIT],0x000077a02e61484a
1985576.0,3634073,python,[JIT],0x00007373dcd9db92
1985576.0,3634062,python,[JIT],0x0000758d926c369d
1985574.0,3634073,python,[JIT],0x00007373dcd9df87
1985572.0,3634051,python,[JIT],0x00007a6d27087900
1985568.0,3634040,python,[JIT],0x0000766aad6ce1e6
1985567.0,3634022,python,[JIT],0x000078e61547bfe7
1985566.0,3634084,python,[JIT],0x0000731ba2205361
1985549.0,3634022,python,[JIT],0x000078e6155bf4d4
1985545.0,3634029,python,[JIT],0x000077a02e61349c
1985544.0,3634073,python,[JIT],0x00007373dcd9dafd
1985541.0,3634073,python,[JIT],0x00007373dcd9f358
1985535.0,3634084,python,[JIT],0x0000731ba2205121
1985530.0,3634022,python,[JIT],0x000078e61547b504
1985517.0,3634062,python,[JIT],0x0000758d926c50b8
1985516.0,3634051,python,[JIT],0x00007a6d276eb96a
1985510.0,3634051,python,[JIT],0x00007a6d270882ed
1985504.0,3634040,python,[JIT],0x0000766aad59daef
1985499.0,3634029,python,[JIT],0x000077a02dcc93b0
1985498.0,3634084,python,[JIT],0x0000731ba22032d3
1985489.0,3634029,python,[JIT],0x000077a02e638a44
1985476.0,3634040,python,[JIT],0x0000766aade14656
1985471.0,3634029,python,[JIT],0x000077a02e613c18
1985471.0,3634084,python,[JIT],0x0000731ba2205e10
1985465.0,3634062,python,[JIT],0x0000758d926c4b32
1985458.0,3634029,python,[JIT],0x000077a02e61341c
1985450.0,3634051,python,[JIT],0x00007a6d270871b3
1985431.0,3634022,python,[JIT],0x000078e61547a265
1985431.0,3634073,python,[JIT],0x00007373dc9a5a75
1985425.0,3634073,python,[JIT],0x00007373dcd9e482
1985417.0,3634029,python,[JIT],0x000077a02e61371a
1985415.0,3634040,python,[JIT],0x0000766aad6ce301
1985413.0,3634062,python,[JIT],0x0000758d922b4b9e
1985411.0,3634022,python,[JIT],0x000078e61547b551
1985401.0,3634040,python,[JIT],0x0000766aade14ac0
1985398.0,3634051,python,[JIT],0x00007a6d270888c9
1985397.0,3634062,python,[JIT],0x0000758d926c3fa4
1985391.0,3634084,python,[JIT],0x0000731ba2206d01
1985389.0,3634040,python,[JIT],0x0000766aade1427f
1985387.0,3634051,python,[JIT],0x00007a6d27088f45
1985379.0,3634022,python,[JIT],0x000078e61547ba8e
1985376.0,3634062,python,[JIT],0x0000758d926c4290
1985369.0,3634029,python,[JIT],0x000077a02e614b7c
1985369.0,3634084,python,[JIT],0x0000731ba2e3ab4f
1985363.0,3634073,python,[JIT],0x00007373dcd9d3ab
1985361.0,3634040,python,[JIT],0x0000766aade13f20
1985353.0,3634062,python,[JIT],0x0000758d926c539c
1985349.0,3634073,python,[JIT],0x00007373dd613052
1985346.0,3634062,python,[JIT],0x0000758d926c4b8f
1985340.0,3634073,python,[JIT],0x00007373dcd9dc82
1985339.0,3634029,python,[JIT],0x000077a02e613182
1985331.0,3634073,python,[JIT],0x00007373dd613de0
1985325.0,3634040,python,[JIT],0x0000766aade14d6e
1985322.0,3634084,python,[JIT],0x0000731ba21ff776
1985320.0,3634073,python,[JIT],0x00007373dcd9dceb
1985317.0,3634029,python,[JIT],0x000077a02e6137df
1985314.0,3634029,python,[JIT],0x000077a02e6132ce
1985309.0,3634022,python,[JIT],0x000078e61547a4e6
1985309.0,3634040,python,[JIT],0x0000766aade14bb3
1985299.0,3634084,python,[JIT],0x0000731ba220716a
1985296.0,3634040,python,[JIT],0x0000766aade13060
1985288.0,3634029,python,[JIT],0x000077a02e614666
1985277.0,3634040,python,[JIT],0x0000766aade13636
1985268.0,3634073,python,[JIT],0x00007373dd61396a
1985268.0,3634040,python,[JIT],0x0000766aade130ce
1985268.0,3634084,python,[JIT],0x0000731ba22050b9
1985266.0,3634040,python,[JIT],0x0000766aade13db6
1985266.0,3634084,python,[JIT],0x0000731ba2206bb7
1985261.0,3634084,python,[JIT],0x0000731ba22056d7
1985260.0,3634062,python,[JIT],0x0000758d922b5cb2
1985255.0,3634084,python,[JIT],0x0000731ba22074dc
1985253.0,3634062,python,[JIT],0x0000758d927ce57f
1985249.0,3634029,python,[JIT],0x000077a02e614b46
1985247.0,3634022,python,[JIT],0x000078e61547b492
1985243.0,3634062,python,[JIT],0x0000758d926c5428
1985230.0,3634040,python,[JIT],0x0000766aad6ce796
1985216.0,3634022,python,[JIT],0x000078e61547c2a0
1985214.0,3634022,python,[JIT],0x000078e6155bf7e0
1985210.0,3634062,python,[JIT],0x0000758d927ce1a8
1985209.0,3634040,python,[JIT],0x0000766aade1440e
1985183.0,3634040,python,[JIT],0x0000766aade130ea
1985183.0,3634040,python,[JIT],0x0000766aade13328
1985169.0,3634040,python,[JIT],0x0000766aade14d1c
1985168.0,3634073,python,[JIT],0x00007373dcd9e9f8
1985156.0,3634029,python,[JIT],0x000077a02e615367
1985150.0,3634084,python,[JIT],0x0000731ba220661f
1985149.0,3634073,python,[JIT],0x00007373dd613713
1985146.0,3634029,python,[JIT],0x000077a02e613261
1985139.0,3634062,python,[JIT],0x0000758d927cece0
1985138.0,3634073,python,[JIT],0x00007373dcd9ef00
1985116.0,3634029,python,[JIT],0x000077a02e6151c5
1985112.0,3634040,python,[JIT],0x0000766aade1395d
1985104.0,3634022,python,[JIT],0x000078e6155bf87b
1985099.0,3634084,python,[JIT],0x0000731ba22058f6
1985065.0,3634022,python,[JIT],0x000078e6155bf7e8
1985061.0,3634022,python,[JIT],0x000078e61547a6ca
1985058.0,3634029,python,[JIT],0x000077a02dcc706a
1985051.0,3634029,python,[JIT],0x000077a02e2ecca3
1985042.0,3634073,python,[JIT],0x00007373dcd9d48b
1985039.0,3634029,python,[JIT],0x000077a02e6137f8
1985035.0,3634062,python,[JIT],0x0000758d926c5402
1985033.0,3634051,python,[JIT],0x00007a6d26c8f81f
1985033.0,3634051,python,[JIT],0x00007a6d276eb416
1985023.0,3634022,python,[JIT],0x000078e6155bfb88
1985021.0,3634040,python,[JIT],0x0000766aade14487
1985017.0,3634062,python,[JIT],0x0000758d926c3dd2
1985016.0,3634073,python,[JIT],0x00007373dcd9dfaf
1984999.0,3634062,python,[JIT],0x0000758d927ce7ca
1984996.0,3634040,python,[JIT],0x0000766aade13f10
1984996.0,3634084,python,[JIT],0x0000731ba2e3a8bb
1984995.0,3634029,python,[JIT],0x000077a02e613a09
1984995.0,3634073,python,[JIT],0x00007373dcd9ea36
1984989.0,3634062,python,[JIT],0x0000758d926c45d2
1984961.0,3634062,python,[JIT],0x0000758d927ce0a7
1984946.0,3634040,python,[JIT],0x0000766aad5c497f
1984912.0,3634084,python,[JIT],0x0000731ba2205139
1984891.0,3634084,python,[JIT],0x0000731ba2e3a5ff
1984887.0,3634051,python,[JIT],0x00007a6d270882b3
1984876.0,3634029,python,[JIT],0x000077a02e61358a
1984872.0,3634040,python,[JIT],0x0000766aade14874
1984865.0,3634022,python,[JIT],0x000078e61547ad76
1984865.0,3634062,python,[JIT],0x0000758d926c477e
1984852.0,3634062,python,[JIT],0x0000758d926c4189
1984850.0,3634073,python,[JIT],0x00007373dcd9f0bf
1984833.0,3634073,python,[JIT],0x00007373dcece43b
1984820.0,3634022,python,[JIT],0x000078e61547ad3c
1984787.0,3634022,python,[JIT],0x000078e61547ba68
1984787.0,3634040,python,[JIT],0x0000766aade14865
1984785.0,3634051,python,[JIT],0x00007a6d270875d9
1984779.0,3634073,python,[JIT],0x00007373dd6136f1
1984765.0,3634062,python,[JIT],0x0000758d926c4f22
1984764.0,3634062,python,[JIT],0x0000758d926c4fdd
1984728.0,3634073,python,[JIT],0x00007373dc9a6539
1984718.0,3634040,python,[JIT],0x0000766aad5c4a87
1984708.0,3634029,python,[JIT],0x000077a02dcc751e
1984689.0,3634029,python,[JIT],0x000077a02e6154dc
1984654.0,3634022,python,[JIT],0x000078e61547b611
1984652.0,3634051,python,[JIT],0x00007a6d271c793c
1984651.0,3634073,python,[JIT],0x00007373dcd9da68
1984647.0,3634073,python,[JIT],0x00007373dc9a69be
1984642.0,3634051,python,[JIT],0x00007a6d27087946
1984614.0,3634073,python,[JIT],0x00007373dd613a44
1984614.0,3634051,python,[JIT],0x00007a6d27089041
1984610.0,3634062,python,[JIT],0x0000758d922b221a
1984602.0,3634084,python,[JIT],0x0000731ba2e3ab69
1984594.0,3634062,python,[JIT],0x0000758d926c3638
1984576.0,3634040,python,[JIT],0x0000766aade1384f
1984574.0,3634073,python,[JIT],0x00007373dc9a73f3
1984572.0,3634062,python,[JIT],0x0000758d926c31dc
1984563.0,3634040,python,[JIT],0x0000766aad6ce66b
1984562.0,3634029,python,[JIT],0x000077a02e6143e0
1984556.0,3634022,python,[JIT],0x000078e61547a256
1984538.0,3634029,python,[JIT],0x000077a02e614c9f
1984523.0,3634051,python,[JIT],0x00007a6d27087630
1984513.0,3634051,python,[JIT],0x00007a6d27087ad0
1984509.0,3634062,python,[JIT],0x0000758d926c4aca
1984507.0,3634029,python,[JIT],0x000077a02e613499
1984502.0,3634029,python,[JIT],0x000077a02e63832a
1984502.0,3634040,python,[JIT],0x0000766aade14c06
1984500.0,3634073,python,[JIT],0x00007373dd613bdf
1984479.0,3634084,python,[JIT],0x0000731ba2e3a638
1984473.0,3634051,python,[JIT],0x00007a6d270879cf
1984473.0,3634040,python,[JIT],0x0000766aade139f0
1984467.0,3634073,python,[JIT],0x00007373dc9a5e53
1984430.0,3634084,python,[JIT],0x0000731ba22018b5
1984429.0,3634022,python,[JIT],0x000078e6155bf1bd
1984427.0,3634062,python,[JIT],0x0000758d922b5401
1984424.0,3634073,python,[JIT],0x00007373dcd9dca6
1984422.0,3634084,python,[JIT],0x0000731ba2e3a7c0
1984418.0,3634022,python,[JIT],0x000078e61547a7df
1984416.0,3634022,python,[JIT],0x000078e61547bfc6
1984410.0,3634051,python,[JIT],0x00007a6d26c909c8
1984405.0,3634062,python,[JIT],0x0000758d926c3c6d
1984401.0,3634051,python,[JIT],0x00007a6d27087a74
1984398.0,3634022,python,[JIT],0x000078e61547b784
1984397.0,3634073,python,[JIT],0x00007373dcece711
1984395.0,3634084,python,[JIT],0x0000731ba2205a74
1984374.0,3634029,python,[JIT],0x000077a02e61521f
1984355.0,3634051,python,[JIT],0x00007a6d27088905
1984332.0,3634051,python,[JIT],0x00007a6d27087543
1984330.0,3634022,python,[JIT],0x000078e615082f59
1984296.0,3634084,python,[JIT],0x0000731ba2205d3c
1984263.0,3634022,python,[JIT],0x000078e61508336d
1984256.0,3634062,python,[JIT],0x0000758d926c39e3
1984255.0,3634084,python,[JIT],0x0000731ba2203316
1984253.0,3634040,python,[JIT],0x0000766aad6ce7a6
1984244.0,3634062,python,[JIT],0x0000758d922b62fb
1984238.0,3634084,python,[JIT],0x0000731ba220527e
1984227.0,3634073,python,[JIT],0x00007373dcd9f38f
1984221.0,3634062,python,[JIT],0x0000758d922b65d5
1984220.0,3634073,python,[JIT],0x00007373dd613927
1984207.0,3634022,python,[JIT],0x000078e6155bf1af
1984207.0,3634051,python,[JIT],0x00007a6d270871fe
1984198.0,3634062,python,[JIT],0x0000758d926c3a9f
1984188.0,3634051,python,[JIT],0x00007a6d27088d01
1984184.0,3634062,python,[JIT],0x0000758d927cec9c
1984176.0,3634062,python,[JIT],0x0000758d926c3f96
1984174.0,3634073,python,[JIT],0x00007373dcece488
1984168.0,3634029,python,[JIT],0x000077a02e2ecd83
1984144.0,3634051,python,[JIT],0x00007a6d276eb540
1984141.0,3634040,python,[JIT],0x0000766aad6ce11f
1984138.0,3634084,python,[JIT],0x0000731ba2e3ac26
1984122.0,3634040,python,[JIT],0x0000766aade14f67
1984104.0,3634029,python,[JIT],0x000077a02e2ecab4
1984094.0,3634051,python,[JIT],0x00007a6d27087d1a
1984089.0,3634029,python,[JIT],0x000077a02e638301
1984052.0,3634084,python,[JIT],0x0000731ba220706d
1984051.0,3634084,python,[JIT],0x0000731ba2206fc6
1984047.0,3634051,python,[JIT],0x00007a6d270885ee
1984022.0,3634084,python,[JIT],0x0000731ba220629a
1984011.0,3634029,python,[JIT],0x000077a02e6131e7
1984002.0,3634084,python,[JIT],0x0000731ba2e3a798
1983978.0,3634062,python,[JIT],0x0000758d926c42dc
1983977.0,3634073,python,[JIT],0x00007373dd613397
1983965.0,3634022,python,[JIT],0x000078e61547befa
1983961.0,3634051,python,[JIT],0x00007a6d27087b21
1983954.0,3634022,python,[JIT],0x000078e61508365c
1983945.0,3634073,python,[JIT],0x00007373dcd9ed39
1983944.0,3634022,python,[JIT],0x000078e61547b643
1983939.0,3634051,python,[JIT],0x00007a6d27088492
1983907.0,3634051,python,[JIT],0x00007a6d271c7ca3
1983849.0,3634084,python,[JIT],0x0000731ba2205288
1983840.0,3634022,python,[JIT],0x000078e6155bf24d
1983837.0,3634040,python,[JIT],0x0000766aad59d8da
1983837.0,3634084,python,[JIT],0x0000731ba220727e
1983801.0,3634022,python,[JIT],0x000078e61547b541
1983795.0,3634022,python,[JIT],0x000078e6155bf3ec
1983792.0,3634022,python,[JIT],0x000078e61508462d
1983783.0,3634073,python,[JIT],0x00007373dcd9d733
1983783.0,3634040,python,[JIT],0x0000766aad59d360
1983752.0,3634073,python,[JIT],0x00007373dd6132ca
1983749.0,3634040,python,[JIT],0x0000766aad59d138
1983741.0,3634062,python,[JIT],0x0000758d922b4b7c
1983718.0,3634040,python,[JIT],0x0000766aad5c4b83
1983713.0,3634062,python,[JIT],0x0000758d927ce5c1
1983701.0,3634029,python,[JIT],0x000077a02e638127
1983683.0,3634040,python,[JIT],0x0000766aade13e35
1983661.0,3634084,python,[JIT],0x0000731ba22070f9
1983648.0,3634022,python,[JIT],0x000078e61547ad48
1983635.0,3634040,python,[JIT],0x0000766aad6ce82b
1983609.0,3634084,python,[JIT],0x0000731ba22059d4
1983585.0,3634084,python,[JIT],0x0000731ba2e3abee
1983575.0,3634029,python,[JIT],0x000077a02e638713
1983565.0,3634029,python,[JIT],0x000077a02e613d1a
1983561.0,3634062,python,[JIT],0x0000758d922b2dc6
1983547.0,3634029,python,[JIT],0x000077a02e6145a4
1983542.0,3634029,python,[JIT],0x000077a02dcc76bc
1983540.0,3634029,python,[JIT],0x000077a02dcc72c4
1983536.0,3634062,python,[JIT],0x0000758d926c527e
1983531.0,3634051,python,[JIT],0x00007a6d2708870d
1983523.0,3634073,python,[JIT],0x00007373dd6132e8
1983519.0,3634029,python,[JIT],0x000077a02e638e06
1983510.0,3634073,python,[JIT],0x00007373dd61386b
1983509.0,3634084,python,[JIT],0x0000731ba220559a
1983508.0,3634062,python,[JIT],0x0000758d922b289b
1983506.0,3634040,python,[JIT],0x0000766aade14d56
1983497.0,3634062,python,[JIT],0x0000758d926c3182
1983485.0,3634062,python,[JIT],0x0000758d926c373d
1983473.0,3634062,python,[JIT],0x0000758d926c46a5
1983472.0,3634040,python,[JIT],0x0000766aade13583
1983465.0,3634022,python,[JIT],0x000078e6150839c2
1983463.0,3634051,python,[JIT],0x00007a6d2708953a
1983446.0,3634084,python,[JIT],0x0000731ba21ff38b
1983444.0,3634073,python,[JIT],0x00007373dcd9e611
1983440.0,3634051,python,[JIT],0x00007a6d27087d54
1983439.0,3634022,python,[JIT],0x000078e615083178
1983439.0,3634062,python,[JIT],0x0000758d926c390f
1983424.0,3634040,python,[JIT],0x0000766aade14034
1983414.0,3634084,python,[JIT],0x0000731ba2e3a7a2
1983413.0,3634040,python,[JIT],0x0000766aade14b64
1983391.0,3634022,python,[JIT],0x000078e6150830ef
1983381.0,3634029,python,[JIT],0x000077a02e61420f
1983370.0,3634073,python,[JIT],0x00007373dc9a5118
1983369.0,3634022,python,[JIT],0x000078e61547b8a0
1983335.0,3634029,python,[JIT],0x000077a02e613543
1983331.0,3634073,python,[JIT],0x00007373dcd9de35
1983328.0,3634073,python,[JIT],0x00007373dcd9de98
1983311.0,3634051,python,[JIT],0x00007a6d276eb8ca
1983274.0,3634062,python,[JIT],0x0000758d926c3c1f
1983265.0,3634051,python,[JIT],0x00007a6d26c8f9ce
1983236.0,3634029,python,[JIT],0x000077a02e614652
1983236.0,3634073,python,[JIT],0x00007373dcece0ff
1983218.0,3634084,python,[JIT],0x0000731ba2e3a232
1983212.0,3634051,python,[JIT],0x00007a6d271c76d1
1983212.0,3634040,python,[JIT],0x0000766aad59ec7e
1983141.0,3634040,python,[JIT],0x0000766aad6cec32
1983128.0,3634084,python,[JIT],0x0000731ba220628a
1983119.0,3634029,python,[JIT],0x000077a02dcc8a97
1983095.0,3634073,python,[JIT],0x00007373dd8cc0a9
1983071.0,3634040,python,[JIT],0x0000766aade14f9a
1983049.0,3634051,python,[JIT],0x00007a6d2708710c
1983030.0,3634062,python,[JIT],0x0000758d926c475f
1983026.0,3634051,python,[JIT],0x00007a6d276eb2d2
1983007.0,3634062,python,[JIT],0x0000758d922b6140
1982992.0,3634029,python,[JIT],0x000077a02e613c90
1982991.0,3634022,python,[JIT],0x000078e61547a84f
1982968.0,3634029,python,[JIT],0x000077a02e61373d
1982935.0,3634029,python,[JIT],0x000077a02e614039
1982916.0,3634051,python,[JIT],0x00007a6d2708882c
1982909.0,3634029,python,[JIT],0x000077a02e61344e
1982899.0,3634062,python,[JIT],0x0000758d926c45ac
1982886.0,3634073,python,[JIT],0x00007373dcd9e3e8
1982853.0,3634062,python,[JIT],0x0000758d926c3301
1982843.0,3634073,python,[JIT],0x00007373dcd9ee82
1982835.0,3634062,python,[JIT],0x0000758d922b546b
1982833.0,3634051,python,[JIT],0x00007a6d27bb50ae
1982799.0,3634073,python,[JIT],0x00007373dcd9d9f6
1982793.0,3634051,python,[JIT],0x00007a6d26c90539
1982777.0,3634029,python,[JIT],0x000077a02e614ee9
1982740.0,3634029,python,[JIT],0x000077a02e614bc8
1982736.0,3634084,python,[JIT],0x0000731ba2206541
1982725.0,3634051,python,[JIT],0x00007a6d276eb7be
1982719.0,3634062,python,[JIT],0x0000758d926c45c0
1982706.0,3634062,python,[JIT],0x0000758d926c38cf
1982696.0,3634022,python,[JIT],0x000078e61547a510
1982692.0,3634040,python,[JIT],0x0000766aade14a3c
1982676.0,3634062,python,[JIT],0x0000758d926c4e75
1982668.0,3634040,python,[JIT],0x0000766aad6ce3ab
1982629.0,3634022,python,[JIT],0x000078e61547b64e
1982627.0,3634040,python,[JIT],0x0000766aade133da
1982626.0,3634084,python,[JIT],0x0000731ba2205c34
1982614.0,3634073,python,python,__errno_location@plt
1982600.0,3634084,python,[JIT],0x0000731ba2206e75
1982596.0,3634084,python,[JIT],0x0000731ba22054a1
1982574.0,3634051,python,[JIT],0x00007a6d27088dd8
1982564.0,3634084,python,[JIT],0x0000731ba2205dd2
1982532.0,3634040,python,[JIT],0x0000766aad59de53
1982524.0,3634029,python,[JIT],0x000077a02e614108
1982489.0,3634084,python,[JIT],0x0000731ba2205c18
1982488.0,3634022,python,[JIT],0x000078e6155bfadf
1982482.0,3634084,python,[JIT],0x0000731ba2e3a33c
1982480.0,3634040,python,[JIT],0x0000766aade137ec
1982471.0,3634073,python,[JIT],0x00007373dd6131f4
1982451.0,3634073,python,[JIT],0x00007373dcd9dc86
1982439.0,3634051,python,[JIT],0x00007a6d2708843a
1982348.0,3634073,python,[JIT],0x00007373dd61333c
1982338.0,3634029,python,[JIT],0x000077a02e2ecd3b
1982329.0,3634022,python,[JIT],0x000078e615082fa1
1982302.0,3634051,python,[JIT],0x00007a6d276eb23a
1982289.0,3634040,python,[JIT],0x0000766aad6ceaba
1982263.0,3634062,python,[JIT],0x0000758d922b518b
1982261.0,3634040,python,[JIT],0x0000766aad6cedcb
1982257.0,3634084,python,[JIT],0x0000731ba2205f9a
1982234.0,3634062,python,[JIT],0x0000758d926c3618
1982234.0,3634040,python,[JIT],0x0000766aad5c4aa2
1982227.0,3634040,python,[JIT],0x0000766aade13b2b
1982222.0,3634062,python,[JIT],0x0000758d926c3390
1982220.0,3634040,python,[JIT],0x0000766aad6ce403
1982219.0,3634062,python,[JIT],0x0000758d926c383a
1982193.0,3634022,python,[JIT],0x000078e61547c428
1982190.0,3634022,python,[JIT],0x000078e615082495
1982185.0,3634040,python,python,long_dealloc
1982155.0,3634084,python,[JIT],0x0000731ba22068a0
1982146.0,3634062,python,[JIT],0x0000758d926c3961
1982139.0,3634062,python,[JIT],0x0000758d926c4039
1982129.0,3634084,python,[JIT],0x0000731ba2206492
1982126.0,3634040,python,[JIT],0x0000766aade15041
1982123.0,3634084,python,[JIT],0x0000731ba2202893
1982092.0,3634062,python,[JIT],0x0000758d926c39ca
1982091.0,3634029,python,[JIT],0x000077a02e6133fe
1982077.0,3634073,python,[JIT],0x00007373dcd9e18d
1982077.0,3634051,python,[JIT],0x00007a6d271c777e
1982063.0,3634029,python,[JIT],0x000077a02e63818f
1982058.0,3634062,python,[JIT],0x0000758d926c3f44
1982049.0,3634084,python,[JIT],0x0000731ba2e3a8ca
1982048.0,3634062,python,[JIT],0x0000758d922b219d
1982045.0,3634040,python,[JIT],0x0000766aade13e24
1982019.0,3634051,python,[JIT],0x00007a6d276eb864
1981982.0,3634040,python,[JIT],0x0000766aade138b3
1981963.0,3634073,python,[JIT],0x00007373dcd9d1e7
1981962.0,3634062,python,[JIT],0x0000758d926c3c00
1981942.0,3634084,python,[JIT],0x0000731ba2206f22
1981935.0,3634062,python,[JIT],0x0000758d926c3ae6
1981934.0,3634073,python,[kernel.kallsyms],account_user_time
1981929.0,3634062,python,[JIT],0x0000758d926c30c7
1981899.0,3634062,python,[JIT],0x0000758d927ce2d2
1981898.0,3634051,python,[JIT],0x00007a6d270892a4
1981823.0,3634084,python,[JIT],0x0000731ba2e3a2d2
1981819.0,3634084,python,[JIT],0x0000731ba2e3a75b
1981817.0,3634062,python,[JIT],0x0000758d922b65c0
1981809.0,3634073,python,[JIT],0x00007373dd613b9f
1981790.0,3634040,python,[JIT],0x0000766aad59dd1e
1981693.0,3634062,python,[JIT],0x0000758d926c4a07
1981669.0,3634051,python,[JIT],0x00007a6d27088dc0
1981656.0,3634073,python,[JIT],0x00007373dcd9df20
1981558.0,3634029,python,[JIT],0x000077a02e638ad4
1981544.0,3634084,python,[JIT],0x0000731ba2206f12
1981536.0,3634073,python,[JIT],0x00007373dcd9e8c9
1981527.0,3634029,python,[JIT],0x000077a02e614865
1981517.0,3634062,python,[JIT],0x0000758d926c3bdd
1981491.0,3634073,python,[JIT],0x00007373dcd9e1ac
1981486.0,3634062,python,[JIT],0x0000758d926c4e86
1981480.0,3634040,python,[JIT],0x0000766aade143e0
1981460.0,3634062,python,[JIT],0x0000758d926c3f2d
1981444.0,3634022,python,[JIT],0x000078e61547a29a
1981420.0,3634029,python,[JIT],0x000077a02e6137cb
1981405.0,3634022,python,[JIT],0x000078e61547a44e
1981402.0,3634062,python,[JIT],0x0000758d926c41d2
1981399.0,3634062,python,[JIT],0x0000758d922b42a7
1981372.0,3634073,python,[JIT],0x00007373dd61318f
1981364.0,3634029,python,[JIT],0x000077a02e615050
1981338.0,3634073,python,[JIT],0x00007373dcd9e618
1981336.0,3634022,python,[JIT],0x000078e61547bfe1
1981288.0,3634084,python,[JIT],0x0000731ba220548b
1981282.0,3634073,python,[JIT],0x00007373dd6131de
1981264.0,3634051,python,[JIT],0x00007a6d27087c90
1981262.0,3634029,python,[JIT],0x000077a02e613b6d
1981262.0,3634073,python,[JIT],0x00007373dcd9f2dd
1981258.0,3634040,python,[JIT],0x0000766aade14b61
1981237.0,3634051,python,[JIT],0x00007a6d270877df
1981229.0,3634051,python,[JIT],0x00007a6d2708755c
1981183.0,3634022,python,[JIT],0x000078e61547c211
1981169.0,3634029,python,[JIT],0x000077a02e6140cb
1981144.0,3634051,python,[JIT],0x00007a6d27087dee
1981125.0,3634022,python,[JIT],0x000078e6154a119d
1981101.0,3634084,python,[JIT],0x0000731ba21ff22d
1981092.0,3634062,python,[JIT],0x0000758d926c43e8
1981083.0,3634062,python,[JIT],0x0000758d926c4bc6
1981052.0,3634022,python,[JIT],0x000078e6155bf44c
1980969.0,3634073,python,[JIT],0x00007373dc9a5601
1980955.0,3634073,python,[JIT],0x00007373dcd9ddbb
1980954.0,3634084,python,[JIT],0x0000731ba2205c09
1980939.0,3634051,python,[JIT],0x00007a6d27088f9a
1980926.0,3634040,python,[JIT],0x0000766aade13361
1980920.0,3634029,python,[JIT],0x000077a02e613569
1980917.0,3634029,python,[JIT],0x000077a02e6137c7
1980916.0,3634022,python,[JIT],0x000078e61547b95a
1980904.0,3634022,python,[JIT],0x000078e61547b045
1980895.0,3634073,python,[JIT],0x00007373dc9a6b06
1980847.0,3634073,python,[JIT],0x00007373dcd9e060
1980832.0,3634022,python,[JIT],0x000078e6155bf2a6
1980828.0,3634040,python,[JIT],0x0000766aade1369f
1980751.0,3634029,python,[JIT],0x000077a02e614c35
1980726.0,3634084,python,[JIT],0x0000731ba2206bee
1980722.0,3634062,python,[JIT],0x0000758d926c50f9
1980667.0,3634062,python,[JIT],0x0000758d926c3121
1980610.0,3634073,python,[JIT],0x00007373dcd9e1b1
1980560.0,3634073,python,[JIT],0x00007373dcd9dae6
1980468.0,3634084,python,[JIT],0x0000731ba2205d43
1980426.0,3634073,python,[JIT],0x00007373dcd9e994
1980387.0,3634084,python,[JIT],0x0000731ba220569f
1980348.0,3634022,python,[JIT],0x000078e6154a12c1
1980339.0,3634084,python,[JIT],0x0000731ba2e3a53c
1980338.0,3634022,python,[JIT],0x000078e61547bda8
1980334.0,3634073,python,[JIT],0x00007373dcd9df10
1980329.0,3634040,python,[JIT],0x0000766aade1566c
1980296.0,3634040,python,[JIT],0x0000766aade15078
1980283.0,3634022,python,[JIT],0x000078e61547a628
1980258.0,3634073,python,[JIT],0x00007373dd613b3a
1980230.0,3634051,python,[JIT],0x00007a6d276eb816
1980214.0,3634062,python,[JIT],0x0000758d926c4878
1980209.0,3634051,python,[JIT],0x00007a6d270881dc
1980206.0,3634040,python,[JIT],0x0000766aad59e399
1980202.0,3634040,python,[JIT],0x0000766aade13c1f
1980172.0,3634029,python,[JIT],0x000077a02e613dab
1980122.0,3634073,python,[JIT],0x00007373dd6132bf
1980072.0,3634040,python,[JIT],0x0000766aade13e7f
1979993.0,3634073,python,[JIT],0x00007373dceceb3c
1979932.0,3634084,python,[JIT],0x0000731ba2e3ac09
1979899.0,3634084,python,[JIT],0x0000731ba2201226
1979884.0,3634029,python,[JIT],0x000077a02e614944
1979872.0,3634040,python,[JIT],0x0000766aad6ce0b3
1979856.0,3634051,python,[JIT],0x00007a6d27087139
1979776.0,3634040,python,[JIT],0x0000766aad5c4010
1979743.0,3634084,python,[JIT],0x0000731ba2202fff
1979739.0,3634073,python,[JIT],0x00007373dcd9d9ca
1979726.0,3634051,python,[JIT],0x00007a6d27087f20
1979713.0,3634073,python,[JIT],0x00007373dcd9d2f4
1979647.0,3634022,python,[JIT],0x000078e61508463f
1979594.0,3634084,python,[JIT],0x0000731ba2206fdd
1979546.0,3634062,python,[JIT],0x0000758d926c3267
1979537.0,3634073,python,[JIT],0x00007373dd61345b
1979475.0,3634062,python,[JIT],0x0000758d922b5e99
1979475.0,3634062,python,[JIT],0x0000758d926c330c
1979456.0,3634073,python,[JIT],0x00007373dcd9d528
1979448.0,3634073,python,[JIT],0x00007373dd6135c1
1979435.0,3634040,python,[JIT],0x0000766aade151fc
1979412.0,3634051,python,[JIT],0x00007a6d27088285
1979391.0,3634029,python,[JIT],0x000077a02dcc7962
1979313.0,3634022,python,[JIT],0x000078e61547ae20
1979244.0,3634051,python,[JIT],0x00007a6d271c72b2
1979207.0,3634084,python,[JIT],0x0000731ba2205c24
1979206.0,3634040,python,[JIT],0x0000766aade14d61
1979201.0,3634062,python,[JIT],0x0000758d926c3ca2
1979177.0,3634022,python,[JIT],0x000078e61547a6b4
1979162.0,3634029,python,[JIT],0x000077a02e638542
1979155.0,3634029,python,[JIT],0x000077a02dcc90a6
1979153.0,3634022,python,[JIT],0x000078e6155bfc80
1979148.0,3634084,python,[JIT],0x0000731ba2e3a58b
1979123.0,3634051,python,[JIT],0x00007a6d26c9041c
1979092.0,3634084,python,[JIT],0x0000731ba2206c46
1979064.0,3634022,python,[JIT],0x000078e61547c223
1979032.0,3634022,python,[JIT],0x000078e6155bf902
1979014.0,3634022,python,[JIT],0x000078e6155bf326
1979009.0,3634073,python,[JIT],0x00007373dc9a731e
1978972.0,3634051,python,[JIT],0x00007a6d276eb424
1978971.0,3634029,python,[JIT],0x000077a02e615428
1978965.0,3634022,python,[JIT],0x000078e615082429
1978922.0,3634062,python,[JIT],0x0000758d926c537f
1978917.0,3634022,python,[JIT],0x000078e615082423
1978914.0,3634073,python,[JIT],0x00007373dceceb8b
1978849.0,3634029,python,[JIT],0x000077a02e6133ab
1978821.0,3634029,python,[JIT],0x000077a02e613ffd
1978818.0,3634062,python,[JIT],0x0000758d927ce0a9
1978807.0,3634062,python,[JIT],0x0000758d922b4c9f
1978773.0,3634029,python,[JIT],0x000077a02e614b54
1978773.0,3634051,python,[JIT],0x00007a6d27087d59
1978728.0,3634022,python,[JIT],0x000078e61547bdf2
1978557.0,3634073,python,[JIT],0x00007373dcece348
1978494.0,3634022,python,[JIT],0x000078e6155bf3ab
1978493.0,3634029,python,[JIT],0x000077a02e613441
1978490.0,3634062,python,[JIT],0x0000758d922b2179
1978452.0,3634084,python,[JIT],0x0000731ba2206495
1978416.0,3634029,python,[JIT],0x000077a02e638798
1978382.0,3634062,python,[JIT],0x0000758d926c4d51
1978376.0,3634084,python,[JIT],0x0000731ba2e3ab04
1978310.0,3634073,python,[JIT],0x00007373dd613d47
1978309.0,3634040,python,[JIT],0x0000766aade14fc6
1978277.0,3634062,python,[JIT],0x0000758d927ce74f
1978237.0,3634022,python,[JIT],0x000078e61547be93
1978219.0,3634029,python,[JIT],0x000077a02e638548
1978217.0,3634022,python,[JIT],0x000078e61547bb6f
1978204.0,3634073,python,[JIT],0x00007373dcd9d220
1978201.0,3634040,python,[JIT],0x0000766aade150b8
1978198.0,3634051,python,[JIT],0x00007a6d271c797f
1978192.0,3634029,python,[JIT],0x000077a02e6134c3
1978184.0,3634040,python,[JIT],0x0000766aade137b8
1978171.0,3634029,python,[JIT],0x000077a02e61467d
1978092.0,3634062,python,[JIT],0x0000758d922b5d6b
1978083.0,3634084,python,[JIT],0x0000731ba2207041
1978066.0,3634040,python,[JIT],0x0000766aade13d71
1978061.0,3634084,python,[JIT],0x0000731ba220556d
1978057.0,3634073,python,[JIT],0x00007373dcd9d8a2
1978044.0,3634073,python,[JIT],0x00007373dcd9d2b5
1978030.0,3634073,python,[JIT],0x00007373dcd9e561
1978009.0,3634084,python,[JIT],0x0000731ba2205e5a
1977951.0,3634029,python,[JIT],0x000077a02e61404f
1977920.0,3634051,python,[JIT],0x00007a6d27088f67
1977916.0,3634051,python,[JIT],0x00007a6d2708746b
1977911.0,3634029,python,[JIT],0x000077a02e614522
1977876.0,3634073,python,[JIT],0x00007373dcd9e551
1977856.0,3634084,python,[JIT],0x0000731ba220607b
1977829.0,3634022,python,[JIT],0x000078e61547bf1d
1977797.0,3634029,python,[JIT],0x000077a02e638232
1977792.0,3634062,python,[JIT],0x0000758d926c3575
1977790.0,3634073,python,[JIT],0x00007373dcd9d1bf
1977740.0,3634084,python,[JIT],0x0000731ba2e3ae12
1977732.0,3634084,python,[JIT],0x0000731ba2e3a65e
1977661.0,3634040,python,[JIT],0x0000766aad6ceb69
1977640.0,3634084,python,[JIT],0x0000731ba2205b9b
1977580.0,3634022,python,[JIT],0x000078e61547ab95
1977552.0,3634062,python,[JIT],0x0000758d926c5540
1977538.0,3634051,python,[JIT],0x00007a6d27087508
1977504.0,3634084,python,[JIT],0x0000731ba2e3ab10
1977481.0,3634051,python,[JIT],0x00007a6d26c907ef
1977452.0,3634040,python,[JIT],0x0000766aad6ce2a2
1977434.0,3634051,python,[JIT],0x00007a6d27087b13
1977346.0,3634029,python,[JIT],0x000077a02e6131a0
1977303.0,3634084,python,[JIT],0x0000731ba2e3a509
1977270.0,3634062,python,[JIT],0x0000758d922b265b
1977269.0,3634062,python,[JIT],0x0000758d926c4a16
1977241.0,3634073,python,[JIT],0x00007373dcd9e3c3
1977196.0,3634029,python,[JIT],0x000077a02e614113
1977149.0,3634073,python,[JIT],0x00007373dcd9ddb6
1977089.0,3634022,python,[JIT],0x000078e6154a148b
1977075.0,3634040,python,[JIT],0x0000766aad6ce87b
1977062.0,3634051,python,[JIT],0x00007a6d276ebaba
1977057.0,3634084,python,[JIT],0x0000731ba2206d56
1977045.0,3634084,python,[JIT],0x0000731ba2206c83
1976919.0,3634062,python,[JIT],0x0000758d926c3684
1976852.0,3634029,python,[JIT],0x000077a02e613ca2
1976852.0,3634084,python,[JIT],0x0000731ba22028b0
1976825.0,3634022,python,[JIT],0x000078e61547b482
1976799.0,3634084,python,[JIT],0x0000731ba2207517
1976769.0,3634051,python,[JIT],0x00007a6d27088f00
1976734.0,3634084,python,[JIT],0x0000731ba2206bb3
1976725.0,3634062,python,[JIT],0x0000758d926c4544
1976721.0,3634022,python,[JIT],0x000078e61547c0e4
1976706.0,3634051,python,[JIT],0x00007a6d27087f1b
1976686.0,3634022,python,[JIT],0x000078e61547add6
1976686.0,3634084,python,[JIT],0x0000731ba2205983
1976669.0,3634022,python,[JIT],0x000078e61547c4c1
1976666.0,3634062,python,[JIT],0x0000758d926c35dd
1976643.0,3634073,python,[JIT],0x00007373dd6137e3
1976636.0,3634084,python,[JIT],0x0000731ba2206777
1976634.0,3634040,python,[JIT],0x0000766aade1369d
1976619.0,3634029,python,[JIT],0x000077a02dcc93f7
1976600.0,3634062,python,[JIT],0x0000758d926c34a1
1976593.0,3634029,python,[JIT],0x000077a02e61447d
1976586.0,3634029,python,[JIT],0x000077a02e638ca6
1976566.0,3634073,python,[JIT],0x00007373dcd9e5ea
1976565.0,3634022,python,[JIT],0x000078e61547afa4
1976533.0,3634084,python,[JIT],0x0000731ba2205e3f
1976525.0,3634051,python,[JIT],0x00007a6d27bb500a
1976484.0,3634040,python,[JIT],0x0000766aad5c40ff
1976479.0,3634073,python,[JIT],0x00007373dcd9e1c2
1976471.0,3634051,python,[JIT],0x00007a6d27087e6a
1976439.0,3634073,python,[JIT],0x00007373dcd9edc7
1976417.0,3634062,python,[JIT],0x0000758d927cec80
1976374.0,3634084,python,[JIT],0x0000731ba2206ef4
1976360.0,3634051,python,[JIT],0x00007a6d271c738b
1976354.0,3634051,python,[JIT],0x00007a6d27088183
1976350.0,3634022,python,[JIT],0x000078e61547a121
1976344.0,3634062,python,[JIT],0x0000758d926c4efa
1976340.0,3634084,python,[JIT],0x0000731ba2205e20
1976318.0,3634029,python,[JIT],0x000077a02e61520f
1976308.0,3634029,python,[JIT],0x000077a02e614687
1976291.0,3634084,python,[JIT],0x0000731ba2206681
1976273.0,3634029,python,[JIT],0x000077a02dcc8dd1
1976260.0,3634062,python,[JIT],0x0000758d927ce5cf
1976246.0,3634062,python,[JIT],0x0000758d922b429f
1976186.0,3634084,python,[JIT],0x0000731ba2206629
1976168.0,3634084,python,[JIT],0x0000731ba2e3a56a
1976088.0,3634073,python,[JIT],0x00007373dcd9dea2
1976087.0,3634084,python,[JIT],0x0000731ba2205d39
1976059.0,3634084,python,[JIT],0x0000731ba22065d2
1976058.0,3634084,python,[JIT],0x0000731ba220542b
1976035.0,3634022,python,[JIT],0x000078e61547a4ea
1976033.0,3634051,python,[JIT],0x00007a6d27087a7d
1976026.0,3634073,python,[JIT],0x00007373dc9a6e38
1976024.0,3634073,python,[JIT],0x00007373dc9a63db
1976018.0,3634051,python,[JIT],0x00007a6d276eb690
1975998.0,3634084,python,[JIT],0x0000731ba2e3ac8e
1975986.0,3634022,python,[JIT],0x000078e6155bf935
1975938.0,3634084,python,[JIT],0x0000731ba220520c
1975862.0,3634029,python,[JIT],0x000077a02e2ec0f4
1975826.0,3634051,python,[JIT],0x00007a6d2708859a
1975822.0,3634062,python,[JIT],0x0000758d926c342f
1975762.0,3634084,python,[JIT],0x0000731ba2206060
1975752.0,3634084,python,[JIT],0x0000731ba220658c
1975744.0,3634022,python,[JIT],0x000078e61547beb1
1975713.0,3634062,python,[JIT],0x0000758d926c320c
1975707.0,3634062,python,[JIT],0x0000758d926c31b0
1975706.0,3634022,python,[JIT],0x000078e61547aafd
1975705.0,3634073,python,[JIT],0x00007373dcd9f3c8
1975702.0,3634084,python,[JIT],0x0000731ba2e3a414
1975700.0,3634051,python,[JIT],0x00007a6d2708953a
1975661.0,3634022,python,[JIT],0x000078e6154a1d19
1975639.0,3634084,python,[JIT],0x0000731ba2201d7a
1975620.0,3634022,python,[JIT],0x000078e6150831e7
1975612.0,3634022,python,[JIT],0x000078e61547a0ea
1975585.0,3634062,python,[JIT],0x0000758d926c4662
1975538.0,3634084,python,[JIT],0x0000731ba2207211
1975514.0,3634040,python,[JIT],0x0000766aade134d1
1975494.0,3634062,python,[JIT],0x0000758d926c5492
1975477.0,3634022,python,[JIT],0x000078e61547af4e
1975471.0,3634040,python,[JIT],0x0000766aad6cea44
1975441.0,3634051,python,[JIT],0x00007a6d2708748b
1975441.0,3634084,python,[JIT],0x0000731ba2205711
1975400.0,3634040,python,[JIT],0x0000766aade13731
1975338.0,3634084,python,[JIT],0x0000731ba2206f20
1975327.0,3634022,python,[JIT],0x000078e6155bf1a8
1975311.0,3634051,python,[JIT],0x00007a6d2708802b
1975299.0,3634073,python,[JIT],0x00007373dcd9d942
1975275.0,3634073,python,[JIT],0x00007373dcd9df33
1975208.0,3634022,python,[JIT],0x000078e61547a29e
1975205.0,3634062,python,[JIT],0x0000758d926c30a9
1975169.0,3634051,python,[JIT],0x00007a6d27089200
1975126.0,3634062,python,[JIT],0x0000758d926c3720
1975096.0,3634062,python,[JIT],0x0000758d926c4f20
1975064.0,3634040,python,[JIT],0x0000766aade138ce
1975057.0,3634073,python,[JIT],0x00007373dcd9e55d
1975038.0,3634062,python,[JIT],0x0000758d922b65af
1974997.0,3634022,python,[JIT],0x000078e6155bf49c
1974983.0,3634022,python,[JIT],0x000078e6155bf18f
1974961.0,3634073,python,[JIT],0x00007373dcd9e666
1974947.0,3634022,python,[JIT],0x000078e6155bf232
1974940.0,3634084,python,[JIT],0x0000731ba2206637
1974938.0,3634022,python,[JIT],0x000078e61547a5c4
1974904.0,3634022,python,[JIT],0x000078e61547b6de
1974891.0,3634051,python,[JIT],0x00007a6d276eb2ca
1974884.0,3634084,python,[JIT],0x0000731ba2206e53
1974876.0,3634022,python,[JIT],0x000078e6155bf54a
1974867.0,3634022,python,[JIT],0x000078e6155bfe03
1974867.0,3634040,python,[JIT],0x0000766aade14598
1974867.0,3634084,python,[JIT],0x0000731ba2e3a28d
1974856.0,3634062,python,[JIT],0x0000758d922b22b2
1974849.0,3634073,python,[JIT],0x00007373dcd9d7f5
1974848.0,3634029,python,[JIT],0x000077a02e61443a
1974826.0,3634062,python,[JIT],0x0000758d922b5973
1974819.0,3634084,python,[JIT],0x0000731ba2205f4e
1974801.0,3634084,python,[JIT],0x0000731ba2202ebf
1974800.0,3634029,python,[JIT],0x000077a02e638414
1974789.0,3634040,python,[JIT],0x0000766aad6ce9bc
1974775.0,3634084,python,[JIT],0x0000731ba22069a0
1974762.0,3634084,python,[JIT],0x0000731ba2206db6
1974761.0,3634051,python,[JIT],0x00007a6d276ebc37
1974760.0,3634029,python,[JIT],0x000077a02e614629
1974729.0,3634022,python,[JIT],0x000078e61547a7f8
1974686.0,3634062,python,[JIT],0x0000758d926c45ee
1974663.0,3634022,python,[JIT],0x000078e61547b113
1974652.0,3634062,python,[JIT],0x0000758d926c4689
1974636.0,3634062,python,[JIT],0x0000758d927ce99f
1974609.0,3634084,python,[JIT],0x0000731ba2205256
1974598.0,3634051,python,[JIT],0x00007a6d276eb86b
1974589.0,3634029,python,[JIT],0x000077a02e61320c
1974583.0,3634022,python,[JIT],0x000078e61547afbc
1974579.0,3634022,python,[JIT],0x000078e6155bf8e5
1974575.0,3634084,python,[JIT],0x0000731ba22052e2
1974570.0,3634084,python,[JIT],0x0000731ba2206dfa
1974569.0,3634084,python,[JIT],0x0000731ba220121e
1974556.0,3634051,python,[JIT],0x00007a6d27088ccc
1974554.0,3634062,python,[JIT],0x0000758d926c4cee
1974541.0,3634029,python,[JIT],0x000077a02e6154b0
1974535.0,3634051,python,[JIT],0x00007a6d27088b21
1974534.0,3634051,python,[JIT],0x00007a6d270894a6
1974534.0,3634084,python,[JIT],0x0000731ba22053f6
1974498.0,3634051,python,[JIT],0x00007a6d276eba7f
1974481.0,3634022,python,[JIT],0x000078e6155bfbee
1974481.0,3634073,python,[JIT],0x00007373dd6137d6
1974476.0,3634022,python,[JIT],0x000078e61508312a
1974467.0,3634051,python,[JIT],0x00007a6d2708765d
1974455.0,3634084,python,[JIT],0x0000731ba220678f
1974447.0,3634051,python,[JIT],0x00007a6d2708882c
1974418.0,3634073,python,[JIT],0x00007373dcd9f21f
1974416.0,3634073,python,[JIT],0x00007373dcd9f085
1974383.0,3634040,python,[JIT],0x0000766aad59db7c
1974364.0,3634073,python,[JIT],0x00007373dcd9eb43
1974360.0,3634051,python,[JIT],0x00007a6d27087c24
1974330.0,3634051,python,[JIT],0x00007a6d276ebd5b
1974298.0,3634073,python,[JIT],0x00007373dcd9de6a
1974196.0,3634022,python,[JIT],0x000078e61547b544
1974165.0,3634073,python,[JIT],0x00007373dcd9d361
1974151.0,3634022,python,[JIT],0x000078e61547a28e
1974128.0,3634022,python,[JIT],0x000078e6154a12aa
1974082.0,3634051,python,[JIT],0x00007a6d27087353
1974049.0,3634022,python,[JIT],0x000078e6154a165b
1974044.0,3634040,python,[JIT],0x0000766aad59d4a4
1974035.0,3634022,python,[JIT],0x000078e6154a1107
1974021.0,3634022,python,[JIT],0x000078e615083ed3
1974012.0,3634040,python,[JIT],0x0000766aad6cea7f
1974001.0,3634051,python,[JIT],0x00007a6d270877c7
1973941.0,3634073,python,[JIT],0x00007373dcd9dca6
1973939.0,3634051,python,[JIT],0x00007a6d26c8f920
1973906.0,3634084,python,[JIT],0x0000731ba2205638
1973893.0,3634040,python,[JIT],0x0000766aade14108
1973890.0,3634073,python,[JIT],0x00007373dd613232
1973886.0,3634062,python,[JIT],0x0000758d926c364d
1973872.0,3634073,python,[JIT],0x00007373dcd9f3fb
1973827.0,3634040,python,[JIT],0x0000766aade14634
1973825.0,3634040,python,[JIT],0x0000766aad5c480b
1973745.0,3634073,python,[JIT],0x00007373dcd9d4e6
1973731.0,3634084,python,[JIT],0x0000731ba2202ccd
1973723.0,3634051,python,[JIT],0x00007a6d276eb17d
1973704.0,3634040,python,[JIT],0x0000766aade143c3
1973669.0,3634051,python,[JIT],0x00007a6d27087db2
1973641.0,3634084,python,[JIT],0x0000731ba22031ea
1973617.0,3634051,python,[JIT],0x00007a6d27089265
1973604.0,3634084,python,[JIT],0x0000731ba2e3a7a6
1973594.0,3634084,python,[JIT],0x0000731ba2e3a298
1973580.0,3634022,python,[JIT],0x000078e61547a7b8
1973560.0,3634051,python,[JIT],0x00007a6d26c9099b
1973533.0,3634022,python,[JIT],0x000078e6150831ba
1973530.0,3634084,python,[JIT],0x0000731ba2e3a1b4
1973521.0,3634084,python,[JIT],0x0000731ba220696d
1973515.0,3634040,python,[JIT],0x0000766aad6cead4
1973498.0,3634062,python,[JIT],0x0000758d926c4f0c
1973495.0,3634040,python,[JIT],0x0000766aade134a1
1973490.0,3634051,python,[JIT],0x00007a6d2708775e
1973488.0,3634040,python,[JIT],0x0000766aade146f0
1973485.0,3634022,python,[JIT],0x000078e61547be78
1973445.0,3634084,python,[JIT],0x0000731ba2e3a0cb
1973393.0,3634022,python,[JIT],0x000078e61547c530
1973361.0,3634073,python,[JIT],0x00007373dcecedce
1973289.0,3634029,python,[JIT],0x000077a02e614f78
1973276.0,3634022,python,[JIT],0x000078e61547b751
1973167.0,3634029,python,[JIT],0x000077a02e614f00
1973165.0,3634084,python,[JIT],0x0000731ba2205f96
1973163.0,3634084,python,[JIT],0x0000731ba22057ec
1973143.0,3634029,python,[JIT],0x000077a02e6139e1
1973143.0,3634084,python,[JIT],0x0000731ba2206337
1973061.0,3634062,python,[JIT],0x0000758d926c35b3
1972974.0,3634084,python,[JIT],0x0000731ba2e3aaca
1972971.0,3634051,python,[JIT],0x00007a6d270876c2
1972946.0,3634029,python,[JIT],0x000077a02e2ec43b
1972907.0,3634029,python,[JIT],0x000077a02e61459a
1972894.0,3634029,python,[JIT],0x000077a02e614d1c
1972822.0,3634040,python,[JIT],0x0000766aad59d519
1972812.0,3634029,python,[JIT],0x000077a02e614f97
1972713.0,3634040,python,[JIT],0x0000766aade14302
1972654.0,3634062,python,[JIT],0x0000758d926c534a
1972646.0,3634073,python,[JIT],0x00007373dcd9d2a5
1972486.0,3634073,python,[JIT],0x00007373dd61316b
1972417.0,3634073,python,[JIT],0x00007373dcd9d6c2
1972327.0,3634029,python,[JIT],0x000077a02e613dc0
1972242.0,3634029,python,[JIT],0x000077a02e638139
1972175.0,3634084,python,[JIT],0x0000731ba2e3ad5b
1972166.0,3634040,python,[JIT],0x0000766aade13ae6
1972141.0,3634084,python,[JIT],0x0000731ba2207334
1972082.0,3634022,python,[JIT],0x000078e61547b979
1972078.0,3634022,python,[JIT],0x000078e61547a150
1971849.0,3634040,python,[JIT],0x0000766aad5c4844
1971737.0,3634029,python,[JIT],0x000077a02e61483d
1971714.0,3634051,python,[JIT],0x00007a6d27087256
1971643.0,3634062,python,[JIT],0x0000758d926c54b0
1971636.0,3634022,python,[JIT],0x000078e61547bbba
1971606.0,3634022,python,[JIT],0x000078e6155bf0ea
1971605.0,3634022,python,[JIT],0x000078e61547bfd4
1971557.0,3634073,python,[JIT],0x00007373dcd9d18e
1971478.0,3634040,python,[JIT],0x0000766aade135dd
1971434.0,3634073,python,[JIT],0x00007373dd6139b4
1971428.0,3634062,python,[JIT],0x0000758d922b285f
1971363.0,3634073,python,[JIT],0x00007373dcd9f2f4
1971288.0,3634029,python,[JIT],0x000077a02e6384c0
1971218.0,3634073,python,[JIT],0x00007373dcd9efe3
1971104.0,3634062,python,[JIT],0x0000758d926c3227
1971068.0,3634062,python,[JIT],0x0000758d922b21be
1971067.0,3634029,python,[JIT],0x000077a02e61353e
1971054.0,3634022,python,[JIT],0x000078e61547a854
1971028.0,3634022,python,[JIT],0x000078e61547a8cf
1970967.0,3634029,python,[JIT],0x000077a02e6381b7
1970950.0,3634084,python,[JIT],0x0000731ba2202ced
1970902.0,3634073,python,[JIT],0x00007373dcd9db4d
1970847.0,3634029,python,[JIT],0x000077a02e613d54
1970840.0,3634073,python,[JIT],0x00007373dcd9f428
1970825.0,3634040,python,[JIT],0x0000766aade1485b
1970793.0,3634073,python,[JIT],0x00007373dcece119
1970790.0,3634022,python,[JIT],0x000078e6155bf672
1970767.0,3634051,python,[JIT],0x00007a6d27088a16
1970703.0,3634073,python,[JIT],0x00007373dcd9dd1a
1970651.0,3634022,python,[JIT],0x000078e6155bf816
1970537.0,3634029,python,[JIT],0x000077a02e613d01
1970429.0,3634022,python,[JIT],0x000078e61547b302
1970328.0,3634051,python,[JIT],0x00007a6d27087cf0
1970287.0,3634040,python,[JIT],0x0000766aade13758
1970221.0,3634022,python,[JIT],0x000078e615082772
1970097.0,3634040,python,[JIT],0x0000766aade131fe
1970078.0,3634084,python,[JIT],0x0000731ba2205259
1969952.0,3634062,python,[JIT],0x0000758d926c4bce
1969880.0,3634062,python,[JIT],0x0000758d926c3483
1969771.0,3634022,python,[JIT],0x000078e61547a573
1969746.0,3634022,python,[JIT],0x000078e6154a1518
1969742.0,3634040,python,[JIT],0x0000766aad5c4907
1969726.0,3634022,python,[JIT],0x000078e61547c199
1969714.0,3634029,python,[JIT],0x000077a02e638121
1969620.0,3634029,python,[JIT],0x000077a02dcc93f3
1969617.0,3634040,python,[JIT],0x0000766aade13a94
1969599.0,3634073,python,[JIT],0x00007373dd61375b
1969559.0,3634084,python,[JIT],0x0000731ba2205d59
1969439.0,3634051,python,[JIT],0x00007a6d27088fcd
1969434.0,3634022,python,[JIT],0x000078e6155bf9a4
1969393.0,3634040,python,[JIT],0x0000766aade150b1
1969255.0,3634073,python,[JIT],0x00007373dcece6df
1969249.0,3634062,python,[JIT],0x0000758d926c4594
1969060.0,3634062,python,[JIT],0x0000758d926c528f
1969009.0,3634084,python,[JIT],0x0000731ba22054e6
1968911.0,3634084,python,[JIT],0x0000731ba2205cf4
1968859.0,3634029,python,[JIT],0x000077a02dcc914f
1968776.0,3634073,python,[JIT],0x00007373dc9a66ed
1968701.0,3634029,python,[JIT],0x000077a02e6136fb
1968616.0,3634051,python,[JIT],0x00007a6d2708828a
1968612.0,3634029,python,[JIT],0x000077a02e2ecaa2
1968482.0,3634022,python,[JIT],0x000078e6155bf229
1968301.0,3634084,python,[JIT],0x0000731ba2207358
1968250.0,3634051,python,[JIT],0x00007a6d27087402
1968140.0,3634029,python,[JIT],0x000077a02e6136f7
1968127.0,3634073,python,[JIT],0x00007373dcd9e30c
1968113.0,3634029,python,[JIT],0x000077a02e614b43
1968105.0,3634084,python,[JIT],0x0000731ba220117d
1968098.0,3634073,python,[JIT],0x00007373dd6134c0
1968010.0,3634073,python,[JIT],0x00007373dd6135c5
1967727.0,3634022,python,[JIT],0x000078e615082d81
1967613.0,3634073,python,[JIT],0x00007373dcd9e681
1967546.0,3634022,python,[JIT],0x000078e61547a85f
1967449.0,3634040,python,[JIT],0x0000766aade13d4b
1967257.0,3634022,python,[JIT],0x000078e61547acf4
1967209.0,3634040,python,[JIT],0x0000766aade13a41
1967166.0,3634073,python,[JIT],0x00007373dd613b29
1967158.0,3634022,python,[JIT],0x000078e6155bf0ce
1966953.0,3634051,python,[JIT],0x00007a6d2708836a
1966555.0,3634084,python,[JIT],0x0000731ba2e3aa63
1966212.0,3634073,python,[JIT],0x00007373dd613179
1966185.0,3634022,python,[JIT],0x000078e61547bb21
1966092.0,3634029,python,[JIT],0x000077a02e613502
1966053.0,3634051,python,[JIT],0x00007a6d2708927e
1965625.0,3634084,python,[JIT],0x0000731ba2e3a17d
1965516.0,3634029,python,[JIT],0x000077a02e615265
1965197.0,3634073,python,[JIT],0x00007373dc9a7527
1965090.0,3634040,python,[JIT],0x0000766aad59f210
1965035.0,3634022,python,[JIT],0x000078e615082642
1964795.0,3634073,python,[JIT],0x00007373dcd9eddd
1964768.0,3634073,python,[JIT],0x00007373dcd9da9a
1964673.0,3634040,python,[JIT],0x0000766aad6ce18f
1964626.0,3634029,python,[JIT],0x000077a02e613846
1964559.0,3634084,python,[JIT],0x0000731ba22052f4
1964553.0,3634051,python,[JIT],0x00007a6d276eb74c
1964512.0,3634073,python,[JIT],0x00007373dcd9e594
1964485.0,3634040,python,[JIT],0x0000766aade13121
1964447.0,3634073,python,[JIT],0x00007373dcd9f16e
1964374.0,3634084,python,[JIT],0x0000731ba2205665
1964366.0,3634073,python,[JIT],0x00007373dcd9e14c
1964337.0,3634040,python,[JIT],0x0000766aade152cd
1964105.0,3634029,python,[JIT],0x000077a02e614fe1
1964093.0,3634084,python,[JIT],0x0000731ba2205bea
1964060.0,3634029,python,[JIT],0x000077a02e614a95
1964056.0,3634073,python,[JIT],0x00007373dcd9f178
1963979.0,3634040,python,[JIT],0x0000766aade1392a
1963902.0,3634029,python,[JIT],0x000077a02e614ea1
1963890.0,3634029,python,[JIT],0x000077a02e61329f
1963850.0,3634040,python,[JIT],0x0000766aade13d1a
1963766.0,3634062,python,[JIT],0x0000758d922b22af
1963760.0,3634040,python,[JIT],0x0000766aad6ce57c
1963565.0,3634073,python,[JIT],0x00007373dd61387f
1963501.0,3634029,python,[JIT],0x000077a02e6139f6
1963286.0,3634040,python,[JIT],0x0000766aad59dea3
1962604.0,3634040,python,[JIT],0x0000766aade13711
1962495.0,3634084,python,[JIT],0x0000731ba2206120
1962413.0,3634029,python,[JIT],0x000077a02e2ec38b
1962295.0,3634073,python,[JIT],0x00007373dcd9da9a
1962081.0,3634051,python,[JIT],0x00007a6d271c7101
1962013.0,3634051,python,[JIT],0x00007a6d26c8fe9c
1961751.0,3634051,python,[JIT],0x00007a6d276eb127
1961729.0,3634051,python,[JIT],0x00007a6d27087e5a
1961677.0,3634062,python,[JIT],0x0000758d926c37db
1961648.0,3634029,python,[JIT],0x000077a02e6139ec
1961223.0,3634029,python,[JIT],0x000077a02e6386ff
1961189.0,3634040,python,[JIT],0x0000766aad6ce3c6
1961149.0,3634022,python,[JIT],0x000078e61547c02e
1961014.0,3634051,python,[JIT],0x00007a6d27087479
1960793.0,3634022,python,[JIT],0x000078e61547bd01
1960709.0,3634073,python,[JIT],0x00007373dcd9f48f
1960645.0,3634073,python,[JIT],0x00007373dcd9d843
1960567.0,3634029,python,[JIT],0x000077a02e638382
1960563.0,3634073,python,[JIT],0x00007373dcd9df58
1960537.0,3634040,python,[JIT],0x0000766aad59d21e
1960535.0,3634084,python,[JIT],0x0000731ba2e3aaba
1960523.0,3634051,python,[JIT],0x00007a6d27087673
1959959.0,3634051,python,[JIT],0x00007a6d276eb34d
1959746.0,3634073,python,[JIT],0x00007373dcd9d41a
1959164.0,3634022,python,[JIT],0x000078e61508238d
1959039.0,3634040,python,[JIT],0x0000766aad6ce8f3
1958962.0,3634029,python,[JIT],0x000077a02e6383be
1958882.0,3634051,python,[JIT],0x00007a6d27087343
1958751.0,3634029,python,[JIT],0x000077a02e613af8
1958616.0,3634073,python,[JIT],0x00007373dcd9ea07
1958593.0,3634029,python,[JIT],0x000077a02e614c5b
1958272.0,3634040,python,[JIT],0x0000766aade14253
1957928.0,3634040,python,[JIT],0x0000766aad5c477e
1957838.0,3634040,python,[JIT],0x0000766aade13c29
1957770.0,3634040,python,[JIT],0x0000766aad59e212
1957535.0,3634040,python,[JIT],0x0000766aad59dbfc
1957480.0,3634029,python,[JIT],0x000077a02e61384f
1957348.0,3634051,python,[kernel.kallsyms],__irqentry_text_end
1957098.0,3634029,python,[JIT],0x000077a02e613ecd
1957069.0,3634029,python,[JIT],0x000077a02e614eae
1956833.0,3634040,python,[JIT],0x0000766aad6ce860
1956810.0,3634084,python,[JIT],0x0000731ba21ff130
1956580.0,3634022,python,[JIT],0x000078e61547a8a2
1956572.0,3634040,python,[JIT],0x0000766aade1516a
1956436.0,3634073,python,[JIT],0x00007373dcd9d983
1956255.0,3634040,python,[JIT],0x0000766aade13449
1956223.0,3634040,python,[JIT],0x0000766aad6cea55
1956115.0,3634051,python,[JIT],0x00007a6d26c91177
1956028.0,3634073,python,[JIT],0x00007373dcd9db07
1956019.0,3634073,python,[JIT],0x00007373dcd9d194
1955942.0,3634040,python,[JIT],0x0000766aade132e6
1955811.0,3634040,python,[JIT],0x0000766aade13c18
1955771.0,3634022,python,[JIT],0x000078e61547b598
1955508.0,3634051,python,[JIT],0x00007a6d26c8f21e
1955482.0,3634051,python,[JIT],0x00007a6d276ebc47
1955467.0,3634040,python,[JIT],0x0000766aade1477e
1954966.0,3634029,python,[JIT],0x000077a02e614227
1954749.0,3634029,python,[JIT],0x000077a02e61449c
1954568.0,3634029,python,[JIT],0x000077a02e6135c7
1954416.0,3634040,python,[JIT],0x0000766aade14dc7
1954353.0,3634040,python,[JIT],0x0000766aade14594
1954058.0,3634073,python,[JIT],0x00007373dcd9f55a
1953515.0,3634073,python,[JIT],0x00007373dd613127
1953495.0,3634073,python,[JIT],0x00007373dcd9dfe8
1953173.0,3634022,python,[JIT],0x000078e61547bfb6
1952962.0,3634040,python,[JIT],0x0000766aade13db2
1952671.0,3634051,python,[JIT],0x00007a6d26c8f420
1952437.0,3634051,python,[JIT],0x00007a6d270877b0
1952360.0,3634051,python,[JIT],0x00007a6d270878b8
1952095.0,3634022,python,[JIT],0x000078e6155bf403
1952002.0,3634022,python,[JIT],0x000078e61547aca2
1951829.0,3634062,python,[JIT],0x0000758d922b2903
1951652.0,3634084,python,[JIT],0x0000731ba2205dbb
1951509.0,3634062,python,[JIT],0x0000758d926c3b92
1951384.0,3634073,python,[JIT],0x00007373dc9a7208
1951109.0,3634051,python,[JIT],0x00007a6d276eb540
1950902.0,3634029,python,[JIT],0x000077a02e613288
1950604.0,3634051,python,[JIT],0x00007a6d276eb0f8
1950595.0,3634029,python,[JIT],0x000077a02e613c38
1950249.0,3634022,python,[JIT],0x000078e61547bf0c
1949972.0,3634051,python,[JIT],0x00007a6d271c7d59
1949758.0,3634073,python,[JIT],0x00007373dcd9e178
1949266.0,3634073,python,[JIT],0x00007373dd613ca6
1948926.0,3634040,python,[JIT],0x0000766aade14e93
1947945.0,3634040,python,[JIT],0x0000766aade130a9
1946885.0,3634029,python,[JIT],0x000077a02e63892a
1946178.0,3634040,python,[JIT],0x0000766aade14858
1945595.0,3634084,python,[JIT],0x0000731ba2205af8
1943637.0,3634040,python,[JIT],0x0000766aade13a23
1943572.0,3634022,python,[JIT],0x000078e61547b6e8
1943508.0,3634040,python,[JIT],0x0000766aad5c43fe
1939573.0,3634051,python,[JIT],0x00007a6d276eb10c
1938681.0,3634073,python,[JIT],0x00007373dcd9d0b9
1938430.0,3634084,python,[JIT],0x0000731ba2e3aa37
1936703.0,3634084,python,[JIT],0x0000731ba22059e1
1935954.0,3634022,python,[JIT],0x000078e61547b46d
1933353.0,3634051,python,[JIT],0x00007a6d2708795d
1930995.0,3634040,python,[JIT],0x0000766aade1326a
1930114.0,3634040,python,[JIT],0x0000766aade14401
1929915.0,3634073,python,[JIT],0x00007373dd613b88
1928943.0,3634062,python,[JIT],0x0000758d926c3188
1919257.0,3634022,python,[JIT],0x000078e61547a866
1916575.0,3634040,python,[JIT],0x0000766aade14fd4
1913115.0,3634040,python,[JIT],0x0000766aade140f7
1912362.0,3634073,python,[JIT],0x00007373dcd9f0d7
1903193.0,3634051,python,[JIT],0x00007a6d270893c8
1902020.0,3634029,python,[JIT],0x000077a02e613fe8
1901774.0,3634084,python,[JIT],0x0000731ba22033f7
1901697.0,3634062,python,[JIT],0x0000758d922b2cc0
1901453.0,3634029,python,[JIT],0x000077a02dcc79f1
1901176.0,3634022,python,[JIT],0x000078e6154a1492
1900691.0,3634084,python,[JIT],0x0000731ba2205c29
1900439.0,3634084,python,[JIT],0x0000731ba2206a07
1900335.0,3634040,python,[JIT],0x0000766aade154b4
1899613.0,3634073,python,[JIT],0x00007373dc9a750a
1898809.0,3634084,python,[JIT],0x0000731ba2201642
1897918.0,3634062,python,[JIT],0x0000758d927ce30f
1897753.0,3634084,python,[JIT],0x0000731ba2205351
1894841.0,3634084,python,[JIT],0x0000731ba22070de
1894007.0,3634051,python,[JIT],0x00007a6d26c8f495
1890951.0,3634040,python,[JIT],0x0000766aad5c409b
1887526.0,3634062,python,[JIT],0x0000758d926c3630
1886516.0,3634029,python,[JIT],0x000077a02e6387be
1884568.0,3634029,python,[JIT],0x000077a02e2ec46e
1884566.0,3634051,python,[JIT],0x00007a6d276eb4fc
1884358.0,3634084,python,[JIT],0x0000731ba21ffc27
1881884.0,3634073,python,[JIT],0x00007373dcd9da23
1881057.0,3634073,python,[JIT],0x00007373dcd9d7d7
1878512.0,3634084,python,[JIT],0x0000731ba2201358
1874015.0,3634029,python,[JIT],0x000077a02dcc75a0
1871083.0,3634051,python,[JIT],0x00007a6d2708920b
1870443.0,3634040,python,[JIT],0x0000766aade14045
1869025.0,3634029,python,[JIT],0x000077a02e2ec77e
1868213.0,3634062,python,[JIT],0x0000758d926c436a
1868011.0,3634073,python,[JIT],0x00007373dcd9ed61
1864366.0,3634040,python,[JIT],0x0000766aad5c4dc6
1864137.0,3634029,python,[JIT],0x000077a02dcc8788
1854633.0,3634029,python,[JIT],0x000077a02dcc859b
1851272.0,3634084,python,[JIT],0x0000731ba220628a
1848534.0,3634073,python,[JIT],0x00007373dcd9d1fe
1848298.0,3634062,python,[JIT],0x0000758d922b4b4e
1844053.0,3634040,python,[JIT],0x0000766aad6ce3f4
1843956.0,3634084,python,[JIT],0x0000731ba2205d64
1821602.0,3634051,python,[JIT],0x00007a6d2708724d
1816634.0,3634029,python,[JIT],0x000077a02e613c0f
1765117.0,3634062,python,[JIT],0x0000758d927ce232
1562923.0,3634040,python,[JIT],0x0000766aade149bc
1420051.0,3634062,python,[JIT],0x0000758d926c37b0
1221720.0,3634040,python,[JIT],0x0000766aade1324d
1118391.0,3634051,python,python,_PyEval_EvalFrameDefault
995529.0,3634062,python,[JIT],0x0000758d922b54f0
995051.0,3634062,python,[JIT],0x0000758d922b4664
994839.0,3634062,python,[JIT],0x0000758d926c35c1
993973.0,3634062,python,[JIT],0x0000758d926c3290
993873.0,3634084,python,[JIT],0x0000731ba22063fc
993689.0,3634022,python,[JIT],0x000078e61547b6cb
993667.0,3634022,python,[JIT],0x000078e6155bfcb3
993602.0,3634062,python,[JIT],0x0000758d922b4c94
993552.0,3634073,python,[JIT],0x00007373dcece626
993525.0,3634073,python,[JIT],0x00007373dc9a5a5c
993524.0,3634073,python,[JIT],0x00007373dcece209
993518.0,3634073,python,[JIT],0x00007373dd613aca
993517.0,3634073,python,[JIT],0x00007373dcd9daf2
993509.0,3634022,python,[JIT],0x000078e615083c24
993509.0,3634051,python,[JIT],0x00007a6d2708907f
993508.0,3634084,python,[JIT],0x0000731ba21ffc9a
993506.0,3634051,python,[JIT],0x00007a6d27088689
993506.0,3634051,python,[JIT],0x00007a6d27088862
993506.0,3634084,python,[JIT],0x0000731ba22052b5
993505.0,3634022,python,[JIT],0x000078e6154a1374
993505.0,3634029,python,[JIT],0x000077a02e6137fc
993505.0,3634051,python,[JIT],0x00007a6d26c8fed1
993504.0,3634051,python,[JIT],0x00007a6d27087834
993504.0,3634084,python,[JIT],0x0000731ba2e3a23a
993504.0,3634084,python,[JIT],0x0000731ba2e3ab78
993504.0,3634084,python,[JIT],0x0000731ba2205267
993502.0,3634022,python,[JIT],0x000078e6150843f7
993502.0,3634022,python,[JIT],0x000078e6155bf7a0
993500.0,3634029,python,[JIT],0x000077a02dcc7519
993500.0,3634051,python,[JIT],0x00007a6d27087843
993499.0,3634022,python,[JIT],0x000078e6155bfb5c
993498.0,3634022,python,[JIT],0x000078e615083728
993498.0,3634084,python,[JIT],0x0000731ba2206dcd
993497.0,3634051,python,[JIT],0x00007a6d26c912ac
993497.0,3634084,python,[JIT],0x0000731ba2201d33
993496.0,3634022,python,[JIT],0x000078e6155bfb10
993496.0,3634051,python,[JIT],0x00007a6d27088189
993496.0,3634051,python,[JIT],0x00007a6d276eb8ca
993496.0,3634051,python,[JIT],0x00007a6d26c8f3f3
993496.0,3634084,python,[JIT],0x0000731ba22074b4
993495.0,3634051,python,[JIT],0x00007a6d2708760f
993495.0,3634051,python,[JIT],0x00007a6d26c8ff34
993495.0,3634051,python,[JIT],0x00007a6d2708758a
993494.0,3634029,python,[JIT],0x000077a02dcc8ccd
993494.0,3634051,python,[JIT],0x00007a6d2708761f
993494.0,3634051,python,[JIT],0x00007a6d27088865
993494.0,3634051,python,[JIT],0x00007a6d271c778a
993494.0,3634084,python,[JIT],0x0000731ba2201808
993493.0,3634022,python,[JIT],0x000078e6150832ee
993493.0,3634022,python,[JIT],0x000078e615083389
993493.0,3634022,python,[JIT],0x000078e61547a983
993493.0,3634029,python,[JIT],0x000077a02dcc79ea
993493.0,3634029,python,[JIT],0x000077a02e614777
993493.0,3634029,python,[JIT],0x000077a02e614f67
993493.0,3634051,python,[JIT],0x00007a6d26c8fb25
993493.0,3634084,python,[JIT],0x0000731ba2205467
993492.0,3634022,python,[JIT],0x000078e615083bc7
993492.0,3634022,python,[JIT],0x000078e61547c3c8
993492.0,3634029,python,[JIT],0x000077a02dcc7497
993492.0,3634084,python,[JIT],0x0000731ba2201a65
993492.0,3634084,python,[JIT],0x0000731ba2e3a57c
993492.0,3634084,python,[JIT],0x0000731ba2e3a860
993491.0,3634022,python,[JIT],0x000078e61547b61f
993491.0,3634051,python,[JIT],0x00007a6d27087a74
993491.0,3634084,python,[JIT],0x0000731ba220574a
993491.0,3634084,python,[JIT],0x0000731ba22074d9
993491.0,3634084,python,[JIT],0x0000731ba2e3a82b
993491.0,3634084,python,[JIT],0x0000731ba2206a84
993490.0,3634022,python,[JIT],0x000078e6155bf1fb
993490.0,3634029,python,[JIT],0x000077a02dcc8746
993490.0,3634051,python,[JIT],0x00007a6d270876a7
993490.0,3634084,python,[JIT],0x0000731ba2206a95
993489.0,3634029,python,[JIT],0x000077a02e6388bb
993489.0,3634084,python,[JIT],0x0000731ba22020ae
993489.0,3634084,python,[JIT],0x0000731ba22051fe
993488.0,3634029,python,[JIT],0x000077a02dcc938e
993488.0,3634029,python,[JIT],0x000077a02e614bc2
993488.0,3634022,python,[JIT],0x000078e615082af3
993488.0,3634022,python,[JIT],0x000078e61547b82c
993488.0,3634029,python,[JIT],0x000077a02dcc7ae0
993488.0,3634029,python,[JIT],0x000077a02e2ecc17
993488.0,3634029,python,[JIT],0x000077a02e638c13
993488.0,3634029,python,[JIT],0x000077a02e638c17
993488.0,3634051,python,[JIT],0x00007a6d276eb53c
993488.0,3634051,python,[JIT],0x00007a6d276eb4c0
993487.0,3634022,python,[JIT],0x000078e6154a1a9a
993487.0,3634029,python,[JIT],0x000077a02dcc8baf
993487.0,3634029,python,[JIT],0x000077a02dcc94f4
993487.0,3634029,python,[JIT],0x000077a02e6140eb
993487.0,3634073,python,[JIT],0x00007373dd61375f
993487.0,3634051,python,[JIT],0x00007a6d276eb17d
993487.0,3634051,python,[JIT],0x00007a6d270872b9
993487.0,3634084,python,[JIT],0x0000731ba2206dd4
993486.0,3634022,python,[JIT],0x000078e615083973
993486.0,3634029,python,[JIT],0x000077a02e614a07
993486.0,3634084,python,[JIT],0x0000731ba22017f6
993486.0,3634084,python,[JIT],0x0000731ba22022ee
993486.0,3634084,python,[JIT],0x0000731ba2206d17
993486.0,3634084,python,[JIT],0x0000731ba2207420
993485.0,3634029,python,[JIT],0x000077a02e6142b3
993485.0,3634022,python,[JIT],0x000078e61547a0dc
993485.0,3634022,python,[JIT],0x000078e61547c265
993485.0,3634029,python,[JIT],0x000077a02e613da4
993485.0,3634051,python,[JIT],0x00007a6d27088a3c
993485.0,3634062,python,[JIT],0x0000758d922b5ba1
993485.0,3634062,python,[JIT],0x0000758d926c31b0
993485.0,3634051,python,[JIT],0x00007a6d26c91466
993485.0,3634051,python,[JIT],0x00007a6d27087837
993485.0,3634051,python,[JIT],0x00007a6d276eb2d6
993485.0,3634051,python,[JIT],0x00007a6d276eb33f
993485.0,3634084,python,[JIT],0x0000731ba2e3a30f
993484.0,3634029,python,[JIT],0x000077a02e6382bf
993484.0,3634029,python,[JIT],0x000077a02e63899f
993484.0,3634022,python,[JIT],0x000078e61547b72a
993484.0,3634022,python,[JIT],0x000078e6154a1b2f
993484.0,3634022,python,[JIT],0x000078e615fa8000
993484.0,3634029,python,[JIT],0x000077a02dcc71b0
993484.0,3634029,python,[JIT],0x000077a02dcc782e
993484.0,3634029,python,[JIT],0x000077a02dcc8d8f
993484.0,3634073,python,[JIT],0x00007373dcd9d4db
993484.0,3634073,python,[JIT],0x00007373dcd9d69d
993484.0,3634051,python,[JIT],0x00007a6d27087396
993484.0,3634084,python,[JIT],0x0000731ba2203625
993484.0,3634084,python,[JIT],0x0000731ba2e3a85a
993483.0,3634022,python,[JIT],0x000078e61547a2c4
993483.0,3634022,python,[JIT],0x000078e61547a636
993483.0,3634022,python,[JIT],0x000078e6155bfabc
993483.0,3634029,python,[JIT],0x000077a02e614db6
993483.0,3634029,python,[JIT],0x000077a02e638abc
993483.0,3634073,python,[JIT],0x00007373dcd9ef1a
993483.0,3634062,python,[JIT],0x0000758d926c497d
993483.0,3634051,python,[JIT],0x00007a6d2708733d
993483.0,3634051,python,[JIT],0x00007a6d270878cf
993483.0,3634084,python,[JIT],0x0000731ba2e3a470
993483.0,3634084,python,[JIT],0x0000731ba2205a59
993483.0,3634084,python,[JIT],0x0000731ba2205b41
993482.0,3634029,python,[JIT],0x000077a02e638486
993482.0,3634062,python,[JIT],0x0000758d926c3f87
993482.0,3634051,python,[JIT],0x00007a6d27088666
993482.0,3634084,python,[JIT],0x0000731ba21ff101
993482.0,3634084,python,[JIT],0x0000731ba2e3aca6
993481.0,3634022,python,[JIT],0x000078e61547c4d6
993481.0,3634022,python,[JIT],0x000078e6154a1830
993481.0,3634029,python,[JIT],0x000077a02e638989
993481.0,3634073,python,[JIT],0x00007373dc9a6389
993481.0,3634051,python,[JIT],0x00007a6d27087502
993481.0,3634051,python,[JIT],0x00007a6d26c90ff7
993481.0,3634084,python,[JIT],0x0000731ba2205731
993481.0,3634084,python,[JIT],0x0000731ba2206bb3
993480.0,3634029,python,[JIT],0x000077a02e613290
993480.0,3634022,python,[JIT],0x000078e615082460
993480.0,3634022,python,[JIT],0x000078e615083a68
993480.0,3634022,python,[JIT],0x000078e6155bf848
993480.0,3634029,python,[JIT],0x000077a02dcc7ddf
993480.0,3634029,python,[JIT],0x000077a02e2ecc8d
993480.0,3634029,python,[JIT],0x000077a02e6385ef
993480.0,3634073,python,[JIT],0x00007373dcd9f522
993480.0,3634051,python,[JIT],0x00007a6d276eb3de
993480.0,3634051,python,[JIT],0x00007a6d276eb9b4
993480.0,3634084,python,[JIT],0x0000731ba2203132
993480.0,3634084,python,[JIT],0x0000731ba22051b0
993480.0,3634084,python,[JIT],0x0000731ba2205e98
993479.0,3634029,python,[JIT],0x000077a02dcc9336
993479.0,3634029,python,[JIT],0x000077a02e613f9a
993479.0,3634022,python,[JIT],0x000078e615083fff
993479.0,3634022,python,[JIT],0x000078e6150842c4
993479.0,3634022,python,[JIT],0x000078e61547c53a
993479.0,3634022,python,[JIT],0x000078e6155bf263
993479.0,3634029,python,[JIT],0x000077a02dcc74f9
993479.0,3634029,python,[JIT],0x000077a02e2ec8aa
993479.0,3634029,python,[JIT],0x000077a02e63836e
993479.0,3634073,python,[JIT],0x00007373dc9a67d2
993479.0,3634073,python,[JIT],0x00007373dd61356a
993479.0,3634051,python,[JIT],0x00007a6d26c903db
993479.0,3634051,python,[JIT],0x00007a6d270887a9
993479.0,3634062,python,[JIT],0x0000758d926c383a
993479.0,3634062,python,[JIT],0x0000758d922b235e
993479.0,3634084,python,[JIT],0x0000731ba22014fd
993479.0,3634084,python,[JIT],0x0000731ba2205243
993479.0,3634084,python,[JIT],0x0000731ba2e3aab6
993479.0,3634084,python,[JIT],0x0000731ba220518c
993478.0,3634029,python,[JIT],0x000077a02e614167
993478.0,3634022,python,[JIT],0x000078e6155bf690
993478.0,3634051,python,[JIT],0x00007a6d270888c3
993478.0,3634051,python,[JIT],0x00007a6d271c73be
993478.0,3634084,python,[JIT],0x0000731ba220742a
993477.0,3634022,python,[JIT],0x000078e61547c1fc
993477.0,3634029,python,[JIT],0x000077a02dcc76a8
993477.0,3634029,python,[JIT],0x000077a02e614ccc
993477.0,3634051,python,[JIT],0x00007a6d27087e35
993477.0,3634051,python,[JIT],0x00007a6d27088eae
993477.0,3634062,python,[JIT],0x0000758d927ce685
993477.0,3634062,python,[JIT],0x0000758d922b62ac
993477.0,3634051,python,[JIT],0x00007a6d26c8ff0f
993477.0,3634051,python,[JIT],0x00007a6d276eb3ec
993477.0,3634084,python,[JIT],0x0000731ba2206f38
993477.0,3634084,python,[JIT],0x0000731ba2e3a838
993477.0,3634084,python,[JIT],0x0000731ba2206ee5
993476.0,3634029,python,[JIT],0x000077a02dcc95ce
993476.0,3634029,python,[JIT],0x000077a02e613c3b
993476.0,3634029,python,[JIT],0x000077a02e61464e
993476.0,3634029,python,[JIT],0x000077a02e6150eb
993476.0,3634029,python,[JIT],0x000077a02e6154b4
993476.0,3634062,python,[JIT],0x0000758d926c4794
993476.0,3634062,python,[JIT],0x0000758d926c3d26
993476.0,3634051,python,[JIT],0x00007a6d26c904df
993476.0,3634084,python,[JIT],0x0000731ba2206c35
993475.0,3634022,python,[JIT],0x000078e61547bde7
993475.0,3634073,python,[JIT],0x00007373dc9a5414
993475.0,3634073,python,[JIT],0x00007373dcece763
993475.0,3634073,python,[JIT],0x00007373dcece78a
993475.0,3634051,python,[JIT],0x00007a6d27087789
993475.0,3634051,python,[JIT],0x00007a6d27088495
993475.0,3634084,python,[JIT],0x0000731ba2205452
993475.0,3634084,python,[JIT],0x0000731ba220682f
993475.0,3634084,python,[JIT],0x0000731ba2e3a87f
993474.0,3634029,python,[JIT],0x000077a02e614c1c
993474.0,3634029,python,[JIT],0x000077a02dcc781f
993474.0,3634029,python,[JIT],0x000077a02e2ecb68
993474.0,3634029,python,[JIT],0x000077a02e638aca
993474.0,3634073,python,[JIT],0x00007373dc9a665c
993474.0,3634051,python,[JIT],0x00007a6d27087060
993474.0,3634062,python,[JIT],0x0000758d926c5393
993474.0,3634051,python,[JIT],0x00007a6d270885d2
993474.0,3634051,python,[JIT],0x00007a6d276eb3a1
993474.0,3634084,python,[JIT],0x0000731ba2205b37
993474.0,3634084,python,[JIT],0x0000731ba220636c
993474.0,3634084,python,[JIT],0x0000731ba2205791
993473.0,3634029,python,[JIT],0x000077a02e61470d
993473.0,3634022,python,[JIT],0x000078e61547b460
993473.0,3634029,python,[JIT],0x000077a02e614533
993473.0,3634073,python,[JIT],0x00007373dcd9d483
993473.0,3634051,python,[JIT],0x00007a6d2708877e
993473.0,3634062,python,[JIT],0x0000758d922b650a
993473.0,3634062,python,[JIT],0x0000758d927ce3d6
993473.0,3634062,python,[JIT],0x0000758d922b5893
993473.0,3634051,python,[JIT],0x00007a6d27087d4b
993473.0,3634084,python,[JIT],0x0000731ba22017a2
993472.0,3634022,python,[JIT],0x000078e615082524
993472.0,3634022,python,[JIT],0x000078e6150829a1
993472.0,3634022,python,[JIT],0x000078e615082c32
993472.0,3634022,python,[JIT],0x000078e6155bf199
993472.0,3634029,python,[JIT],0x000077a02e2ec818
993472.0,3634029,python,[JIT],0x000077a02e6139af
993472.0,3634029,python,[JIT],0x000077a02e6154cf
993472.0,3634051,python,[JIT],0x00007a6d27087601
993472.0,3634062,python,[JIT],0x0000758d926c508a
993472.0,3634051,python,[JIT],0x00007a6d27087528
993472.0,3634084,python,[JIT],0x0000731ba2201b90
993471.0,3634029,python,[JIT],0x000077a02e613333
993471.0,3634022,python,[JIT],0x000078e6155bf7f6
993471.0,3634029,python,[JIT],0x000077a02e613b0d
993471.0,3634029,python,[JIT],0x000077a02e63823a
993471.0,3634029,python,[JIT],0x000077a02e6388ca
993471.0,3634029,python,[JIT],0x000077a02e638d68
993471.0,3634073,python,[JIT],0x00007373dc9a6a9f
993471.0,3634051,python,[JIT],0x00007a6d27087854
993471.0,3634062,python,[JIT],0x0000758d922b63bd
993471.0,3634062,python,[JIT],0x0000758d922b59ae
993471.0,3634051,python,[JIT],0x00007a6d276eb3ef
993471.0,3634051,python,[JIT],0x00007a6d276eb46e
993471.0,3634084,python,[JIT],0x0000731ba2206f45
993471.0,3634084,python,[JIT],0x0000731ba22061ac
993470.0,3634022,python,[JIT],0x000078e615083fe8
993470.0,3634022,python,[JIT],0x000078e61508448e
993470.0,3634029,python,[JIT],0x000077a02e2ec6df
993470.0,3634073,python,[JIT],0x00007373dd613546
993470.0,3634062,python,[JIT],0x0000758d926c4df2
993470.0,3634062,python,[JIT],0x0000758d926c37f1
993470.0,3634062,python,[JIT],0x0000758d926c4fc2
993470.0,3634051,python,[JIT],0x00007a6d2708774a
993470.0,3634051,python,[JIT],0x00007a6d27088e53
993470.0,3634051,python,[JIT],0x00007a6d276ebda7
993470.0,3634084,python,[JIT],0x0000731ba2201c06
993470.0,3634084,python,python,_PyLong_FromMedium
993469.0,3634022,python,[JIT],0x000078e6150821c9
993469.0,3634022,python,[JIT],0x000078e61547a2b9
993469.0,3634022,python,[JIT],0x000078e61547c08a
993469.0,3634022,python,[JIT],0x000078e61547c2fa
993469.0,3634029,python,[JIT],0x000077a02e61382f
993469.0,3634029,python,[JIT],0x000077a02e638930
993469.0,3634073,python,[JIT],0x00007373dc9a50ea
993469.0,3634073,python,[JIT],0x00007373dd61315e
993469.0,3634073,python,[JIT],0x00007373dd61357f
993469.0,3634051,python,[JIT],0x00007a6d26c8f3f3
993469.0,3634062,python,[JIT],0x0000758d926c3b83
993469.0,3634062,python,[JIT],0x0000758d926c51bb
993469.0,3634051,python,[JIT],0x00007a6d26c911dd
993469.0,3634084,python,[JIT],0x0000731ba22021a4
993468.0,3634022,python,[JIT],0x000078e61547bcfe
993468.0,3634022,python,[JIT],0x000078e6154a1003
993468.0,3634022,python,[JIT],0x000078e6155bf654
993468.0,3634022,python,[JIT],0x000078e6155bf92a
993468.0,3634029,python,[JIT],0x000077a02e2ec3fe
993468.0,3634029,python,[JIT],0x000077a02e2ec89b
993468.0,3634029,python,[JIT],0x000077a02e63824b
993468.0,3634051,python,[JIT],0x00007a6d27087b13
993468.0,3634062,python,[JIT],0x0000758d926c3f9a
993468.0,3634062,python,[JIT],0x0000758d926c4994
993468.0,3634062,python,[JIT],0x0000758d922b6011
993468.0,3634051,python,[JIT],0x00007a6d27088551
993468.0,3634084,python,[JIT],0x0000731ba2205747
993468.0,3634084,python,[JIT],0x0000731ba2e3a1f4
993467.0,3634029,python,[JIT],0x000077a02e613866
993467.0,3634029,python,[JIT],0x000077a02e613e20
993467.0,3634073,python,[JIT],0x00007373dc9a762d
993467.0,3634073,python,[JIT],0x00007373dd613b4f
993467.0,3634062,python,[JIT],0x0000758d926c364d
993467.0,3634051,python,[JIT],0x00007a6d26c8fb40
993467.0,3634051,python,[JIT],0x00007a6d26c90ccd
993467.0,3634051,python,[JIT],0x00007a6d270890b1
993467.0,3634084,python,[JIT],0x0000731ba220350a
993467.0,3634084,python,[JIT],0x0000731ba2206a84
993466.0,3634022,python,[JIT],0x000078e6155bf8f3
993466.0,3634029,python,[JIT],0x000077a02dcc8b75
993466.0,3634029,python,[JIT],0x000077a02e6131a2
993466.0,3634029,python,[JIT],0x000077a02e6148ab
993466.0,3634073,python,[JIT],0x00007373dcd9dc04
993466.0,3634073,python,[JIT],0x00007373dcece2b2
993466.0,3634073,python,[JIT],0x00007373dcece2b8
993466.0,3634051,python,[JIT],0x00007a6d27088108
993466.0,3634051,python,[JIT],0x00007a6d276ebaba
993466.0,3634062,python,[JIT],0x0000758d926c5402
993466.0,3634062,python,[JIT],0x0000758d927ce1bd
993466.0,3634062,python,[JIT],0x0000758d927ce57c
993466.0,3634062,python,[JIT],0x0000758d926c5396
993466.0,3634051,python,[JIT],0x00007a6d26c8fb64
993466.0,3634051,python,[JIT],0x00007a6d276eb386
993466.0,3634084,python,[JIT],0x0000731ba21ff8d3
993466.0,3634084,python,[JIT],0x0000731ba22028b2
993466.0,3634084,python,[JIT],0x0000731ba220596b
993466.0,3634084,python,[JIT],0x0000731ba2e3a267
993465.0,3634029,python,[JIT],0x000077a02e6153d6
993465.0,3634022,python,[JIT],0x000078e6155bf382
993465.0,3634029,python,[JIT],0x000077a02dcc9177
993465.0,3634029,python,[JIT],0x000077a02e613d4b
993465.0,3634029,python,[JIT],0x000077a02e82105c
993465.0,3634073,python,[JIT],0x00007373dc9a71f3
993465.0,3634062,python,[JIT],0x0000758d926c4039
993465.0,3634062,python,[JIT],0x0000758d926c51d4
993465.0,3634062,python,[JIT],0x0000758d922b2c2b
993465.0,3634051,python,[JIT],0x00007a6d26c8fc9f
993465.0,3634051,python,[JIT],0x00007a6d2708785f
993465.0,3634051,python,[JIT],0x00007a6d270888a0
993465.0,3634051,python,[JIT],0x00007a6d276eb913
993465.0,3634084,python,[JIT],0x0000731ba22052a5
993464.0,3634029,python,[JIT],0x000077a02e61354c
993464.0,3634029,python,[JIT],0x000077a02e614492
993464.0,3634022,python,[JIT],0x000078e61547a188
993464.0,3634022,python,[JIT],0x000078e61547a1c7
993464.0,3634022,python,[JIT],0x000078e61547a795
993464.0,3634022,python,[JIT],0x000078e61547a8df
993464.0,3634022,python,[JIT],0x000078e6154a1a43
993464.0,3634022,python,[JIT],0x000078e6155bfaa7
993464.0,3634022,python,[JIT],0x000078e6155bfad4
993464.0,3634029,python,[JIT],0x000077a02e6136dd
993464.0,3634073,python,[JIT],0x00007373dc9a5b93
993464.0,3634073,python,[JIT],0x00007373dcd9e5d2
993464.0,3634051,python,[JIT],0x00007a6d27089085
993464.0,3634062,python,[JIT],0x0000758d927ce731
993464.0,3634051,python,[JIT],0x00007a6d26c8fe53
993464.0,3634051,python,[JIT],0x00007a6d276eb121
993464.0,3634084,python,[JIT],0x0000731ba2205779
993464.0,3634084,python,[JIT],0x0000731ba2205854
993463.0,3634029,python,[JIT],0x000077a02e614ab0
993463.0,3634022,python,[JIT],0x000078e615083967
993463.0,3634022,python,[JIT],0x000078e6150841e3
993463.0,3634029,python,[JIT],0x000077a02dcc86ab
993463.0,3634029,python,[JIT],0x000077a02e61329e
993463.0,3634073,python,[JIT],0x00007373dcd9f402
993463.0,3634073,python,[JIT],0x00007373dd6133be
993463.0,3634062,python,[JIT],0x0000758d926c49f8
993463.0,3634062,python,[JIT],0x0000758d926c54cf
993463.0,3634062,python,[JIT],0x0000758d927cede0
993463.0,3634062,python,[JIT],0x0000758d926c3d64
993463.0,3634051,python,[JIT],0x00007a6d2708817e
993463.0,3634051,python,[JIT],0x00007a6d276eb20b
993463.0,3634084,python,[JIT],0x0000731ba220126a
993463.0,3634084,python,[JIT],0x0000731ba3123000
993463.0,3634073,python,[JIT],0x00007373dcd9f4b0
993462.0,3634062,python,[JIT],0x0000758d922b4364
993462.0,3634062,python,[JIT],0x0000758d926c3a68
993462.0,3634051,python,[JIT],0x00007a6d2708879e
993462.0,3634084,python,[JIT],0x0000731ba2205558
993461.0,3634022,python,[JIT],0x000078e6154a151c
993461.0,3634029,python,[JIT],0x000077a02e61507c
993461.0,3634073,python,[JIT],0x00007373dcd9dc46
993461.0,3634073,python,[JIT],0x00007373dcd9e7b3
993461.0,3634073,python,[JIT],0x00007373dd61382b
993461.0,3634051,python,[JIT],0x00007a6d27087e16
993461.0,3634073,python,[JIT],0x00007373dcd9d7f5
993460.0,3634022,python,[JIT],0x000078e6155bf3ad
993460.0,3634029,python,[JIT],0x000077a02e614205
993460.0,3634029,python,[JIT],0x000077a02e638176
993460.0,3634073,python,[JIT],0x00007373dc9a59cd
993460.0,3634073,python,[JIT],0x00007373dd613996
993460.0,3634062,python,[JIT],0x0000758d922b417a
993460.0,3634062,python,[JIT],0x0000758d922b4afb
993460.0,3634062,python,[JIT],0x0000758d926c4a8e
993460.0,3634062,python,[JIT],0x0000758d927ce603
993460.0,3634051,python,[JIT],0x00007a6d270879bd
993460.0,3634051,python,[JIT],0x00007a6d270885a8
993460.0,3634051,python,[JIT],0x00007a6d27088d36
993459.0,3634022,python,[JIT],0x000078e615082414
993459.0,3634029,python,[JIT],0x000077a02dcc7111
993459.0,3634029,python,[JIT],0x000077a02e6387a6
993459.0,3634073,python,[JIT],0x00007373dcd9e189
993459.0,3634073,python,[JIT],0x00007373dcd9e533
993459.0,3634073,python,[JIT],0x00007373dcece0d1
993459.0,3634051,python,[JIT],0x00007a6d2708732a
993459.0,3634051,python,[JIT],0x00007a6d27088725
993459.0,3634051,python,[JIT],0x00007a6d276eb923
993459.0,3634084,python,[JIT],0x0000731ba2205479
993459.0,3634084,python,[JIT],0x0000731ba2205dd6
993459.0,3634073,python,[JIT],0x00007373dcd9d609
993458.0,3634022,python,[JIT],0x000078e6154a1528
993458.0,3634029,python,[JIT],0x000077a02e6131ed
993458.0,3634073,python,[JIT],0x00007373dcd9ec90
993458.0,3634073,python,[JIT],0x00007373dd613da3
993458.0,3634051,python,[JIT],0x00007a6d271c7243
993457.0,3634073,python,[JIT],0x00007373dc9a601a
993457.0,3634073,python,[JIT],0x00007373dc9a66a7
993457.0,3634073,python,[JIT],0x00007373dcd9d83e
993457.0,3634073,python,[JIT],0x00007373dcd9e70d
993457.0,3634062,python,[JIT],0x0000758d922b4b8c
993457.0,3634051,python,[JIT],0x00007a6d26c8f9c9
993456.0,3634029,python,[JIT],0x000077a02dcc86bc
993456.0,3634073,python,[JIT],0x00007373dc9a741b
993456.0,3634073,python,[JIT],0x00007373dcd9d86c
993456.0,3634073,python,[JIT],0x00007373dcecedaf
993456.0,3634062,python,[JIT],0x0000758d922b2427
993456.0,3634062,python,[JIT],0x0000758d922b6505
993456.0,3634062,python,[JIT],0x0000758d926c350c
993456.0,3634051,python,[JIT],0x00007a6d26c8f870
993456.0,3634051,python,[JIT],0x00007a6d270877ec
993456.0,3634051,python,[JIT],0x00007a6d276eb54a
993456.0,3634051,python,[JIT],0x00007a6d276ebb10
993456.0,3634084,python,[JIT],0x0000731ba2205d34
993455.0,3634029,python,[JIT],0x000077a02e614858
993455.0,3634022,python,[JIT],0x000078e6155bf3a1
993455.0,3634029,python,[JIT],0x000077a02e6136a7
993455.0,3634029,python,[JIT],0x000077a02e63886b
993455.0,3634073,python,[JIT],0x00007373dcd9d20c
993455.0,3634062,python,[JIT],0x0000758d927ce34d
993455.0,3634062,python,[JIT],0x0000758d922b4d23
993455.0,3634084,python,[JIT],0x0000731ba2205b95
993455.0,3634073,python,[JIT],0x00007373dcd9e2b3
993454.0,3634022,python,[JIT],0x000078e61547ac0f
993454.0,3634029,python,[JIT],0x000077a02dcc84d0
993454.0,3634029,python,[JIT],0x000077a02e2ec333
993454.0,3634073,python,[JIT],0x00007373dcd9e1dc
993454.0,3634062,python,[JIT],0x0000758d922b63f9
993454.0,3634062,python,[JIT],0x0000758d926c351a
993454.0,3634051,python,[JIT],0x00007a6d26c90a00
993453.0,3634022,python,[JIT],0x000078e615083a4d
993453.0,3634022,python,[JIT],0x000078e61547c1d8
993453.0,3634062,python,[JIT],0x0000758d926c3da4
993453.0,3634051,python,[JIT],0x00007a6d271c7544
993453.0,3634084,python,[JIT],0x0000731ba220682f
993453.0,3634084,python,[JIT],0x0000731ba2e3a10c
993452.0,3634022,python,[JIT],0x000078e6150843b9
993452.0,3634073,python,[JIT],0x00007373dc9a6bbf
993452.0,3634073,python,[JIT],0x00007373dd613213
993452.0,3634051,python,[JIT],0x00007a6d26c904d8
993452.0,3634051,python,[JIT],0x00007a6d2708756d
993452.0,3634084,python,[JIT],0x0000731ba2206294
993452.0,3634073,python,[JIT],0x00007373dcd9d362
993451.0,3634029,python,[JIT],0x000077a02e2ec63e
993451.0,3634022,python,[JIT],0x000078e61547c4d2
993451.0,3634022,python,[JIT],0x000078e6155bf889
993451.0,3634073,python,[JIT],0x00007373dd61320b
993451.0,3634073,python,[JIT],0x00007373dd613963
993451.0,3634062,python,[JIT],0x0000758d927ce4ae
993451.0,3634062,python,[JIT],0x0000758d922b4366
993451.0,3634062,python,[JIT],0x0000758d926c3ee4
993451.0,3634062,python,[JIT],0x0000758d927ce476
993451.0,3634051,python,[JIT],0x00007a6d26c8ff4b
993451.0,3634051,python,[JIT],0x00007a6d26c906ed
993451.0,3634051,python,[JIT],0x00007a6d271c77e5
993451.0,3634084,python,[JIT],0x0000731ba220301f
993450.0,3634022,python,[JIT],0x000078e61547a32d
993450.0,3634022,python,[JIT],0x000078e61547bfa3
993450.0,3634073,python,[JIT],0x00007373dcece915
993450.0,3634073,python,[JIT],0x00007373dcece984
993450.0,3634051,python,[JIT],0x00007a6d276ebd47
993450.0,3634062,python,[JIT],0x0000758d922b2b83
993449.0,3634062,python,[JIT],0x0000758d926c40fa
993449.0,3634051,python,[JIT],0x00007a6d27088e96
993449.0,3634051,python,[JIT],0x00007a6d271c70f4
993449.0,3634051,python,[JIT],0x00007a6d276eb27c
993448.0,3634022,python,[JIT],0x000078e61508338f
993448.0,3634022,python,[JIT],0x000078e61547b07b
993448.0,3634029,python,[JIT],0x000077a02e6138b3
993448.0,3634073,python,[JIT],0x00007373dc9a687d
993448.0,3634051,python,[JIT],0x00007a6d270890eb
993448.0,3634062,python,[JIT],0x0000758d922b5436
993448.0,3634062,python,[JIT],0x0000758d922b4a75
993448.0,3634062,python,[JIT],0x0000758d926c3771
993448.0,3634062,python,[JIT],0x0000758d926c3938
993448.0,3634062,python,[JIT],0x0000758d926c4b50
993448.0,3634084,python,[JIT],0x0000731ba22071d8
993447.0,3634022,python,[JIT],0x000078e615082d8f
993447.0,3634029,python,[JIT],0x000077a02dcc84c9
993447.0,3634062,python,[JIT],0x0000758d926c50e4
993447.0,3634051,python,[JIT],0x00007a6d2708729a
993446.0,3634029,python,[JIT],0x000077a02e61391d
993446.0,3634022,python,[JIT],0x000078e615083461
993446.0,3634022,python,[JIT],0x000078e61547b6e1
993446.0,3634073,python,[JIT],0x00007373dc9a6f81
993446.0,3634073,python,[JIT],0x00007373dc9a70a6
993446.0,3634062,python,[JIT],0x0000758d922b429f
993446.0,3634062,python,[JIT],0x0000758d922b4a87
993446.0,3634062,python,[JIT],0x0000758d926c51c8
993446.0,3634051,python,[JIT],0x00007a6d270882df
993446.0,3634084,python,[JIT],0x0000731ba2201e3e
993446.0,3634073,python,[JIT],0x00007373dcd9ef45
993445.0,3634062,python,[JIT],0x0000758d922b2520
993445.0,3634062,python,[JIT],0x0000758d922b4572
993445.0,3634062,python,[JIT],0x0000758d926c4683
993445.0,3634084,python,[JIT],0x0000731ba21ffb8b
993445.0,3634084,python,[JIT],0x0000731ba2206f60
993444.0,3634073,python,[JIT],0x00007373dcd9d5bd
993444.0,3634084,python,[JIT],0x0000731ba220681b
993444.0,3634084,python,[JIT],0x0000731ba2206951
993444.0,3634073,python,[JIT],0x00007373dcd9d290
993443.0,3634029,python,[JIT],0x000077a02e6380cb
993443.0,3634062,python,[JIT],0x0000758d922b4fa1
993443.0,3634062,python,[JIT],0x0000758d926c3628
993443.0,3634062,python,[JIT],0x0000758d927cef12
993443.0,3634084,python,[JIT],0x0000731ba22018ab
993443.0,3634084,python,[JIT],0x0000731ba220528e
993443.0,3634073,python,[JIT],0x00007373dc9a637e
993442.0,3634022,python,[JIT],0x000078e615082d37
993442.0,3634022,python,[JIT],0x000078e6155bf5de
993442.0,3634073,python,[JIT],0x00007373dc9a5360
993442.0,3634073,python,[JIT],0x00007373dc9a5400
993442.0,3634051,python,[JIT],0x00007a6d26c90573
993441.0,3634073,python,[JIT],0x00007373dcd9e2d2
993441.0,3634073,python,[JIT],0x00007373dcd9e366
993441.0,3634062,python,[JIT],0x0000758d926c38bd
993441.0,3634084,python,[JIT],0x0000731ba220602b
993440.0,3634073,python,[JIT],0x00007373dc9a617b
993440.0,3634062,python,[JIT],0x0000758d927ce3ba
993440.0,3634062,python,[JIT],0x0000758d927cec4b
993439.0,3634022,python,[JIT],0x000078e6150824b9
993439.0,3634073,python,[JIT],0x00007373dcd9ea1f
993439.0,3634073,python,[JIT],0x00007373dd6132f9
993439.0,3634062,python,[JIT],0x0000758d926c33a9
993439.0,3634073,python,libm.so.6,__pow_finite@GLIBC_2.15@plt
993439.0,3634073,python,[JIT],0x00007373dcd9e6d3
993439.0,3634073,python,[JIT],0x00007373dd613301
993438.0,3634073,python,[JIT],0x00007373dcd9e944
993438.0,3634073,python,[JIT],0x00007373dcd9efa3
993438.0,3634062,python,[JIT],0x0000758d926c43e0
993438.0,3634051,python,[JIT],0x00007a6d271c7342
993437.0,3634022,python,[JIT],0x000078e61508399f
993437.0,3634073,python,[JIT],0x00007373dc9a6077
993437.0,3634073,python,[JIT],0x00007373dcd9dd34
993437.0,3634073,python,[JIT],0x00007373dceceaa2
993437.0,3634062,python,[JIT],0x0000758d926c3983
993437.0,3634051,python,[JIT],0x00007a6d27089428
993436.0,3634073,python,[JIT],0x00007373dcd9e04f
993436.0,3634062,python,[JIT],0x0000758d922b2c06
993436.0,3634062,python,[JIT],0x0000758d927cea23
993435.0,3634022,python,[JIT],0x000078e61547a78d
993435.0,3634029,python,[JIT],0x000077a02e6131dc
993435.0,3634051,python,[JIT],0x00007a6d26c8f82a
993435.0,3634051,python,[JIT],0x00007a6d27088ee5
993434.0,3634051,python,[JIT],0x00007a6d2708817e
993434.0,3634051,python,[JIT],0x00007a6d2708825d
993434.0,3634051,python,[JIT],0x00007a6d2708907c
993434.0,3634084,python,[JIT],0x0000731ba2201c6c
993434.0,3634084,python,[JIT],0x0000731ba2205414
993433.0,3634073,python,[JIT],0x00007373dc9a5f51
993433.0,3634073,python,[JIT],0x00007373dd61342e
993433.0,3634062,python,[JIT],0x0000758d926c520f
993433.0,3634073,python,[JIT],0x00007373dcd9e08c
993432.0,3634022,python,[JIT],0x000078e6150824cf
993432.0,3634062,python,[JIT],0x0000758d922b59b6
993432.0,3634062,python,[JIT],0x0000758d926c3149
993432.0,3634062,python,[JIT],0x0000758d926c46de
993432.0,3634062,python,[JIT],0x0000758d927ce860
993432.0,3634073,python,[JIT],0x00007373dd613aba
993431.0,3634022,python,[JIT],0x000078e61547c34e
993431.0,3634029,python,[JIT],0x000077a02e2ec71f
993431.0,3634062,python,[JIT],0x0000758d922b2247
993431.0,3634062,python,[JIT],0x0000758d922b6625
993431.0,3634051,python,[JIT],0x00007a6d26c903cd
993431.0,3634084,python,[JIT],0x0000731ba2e3aa19
993431.0,3634084,python,[JIT],0x0000731ba2206eae
993430.0,3634073,python,[JIT],0x00007373dc9a5824
993430.0,3634073,python,[JIT],0x00007373dc9a657c
993430.0,3634051,python,[JIT],0x00007a6d26c8f90f
993430.0,3634051,python,[JIT],0x00007a6d270871a6
993429.0,3634022,python,[JIT],0x000078e615083c4f
993429.0,3634022,python,[JIT],0x000078e61547bcaf
993429.0,3634073,python,[JIT],0x00007373dcd9e9bc
993429.0,3634051,python,[JIT],0x00007a6d276eb690
993429.0,3634062,python,[JIT],0x0000758d922b2763
993429.0,3634084,python,[JIT],0x0000731ba22068bf
993429.0,3634084,python,[JIT],0x0000731ba2e3a927
993429.0,3634084,python,[JIT],0x0000731ba2e3adde
993429.0,3634073,python,[JIT],0x00007373dcd9db5e
993428.0,3634073,python,[JIT],0x00007373dcd9ec6c
993428.0,3634051,python,[JIT],0x00007a6d276eb7a6
993427.0,3634029,python,[JIT],0x000077a02dcc812a
993427.0,3634029,python,[JIT],0x000077a02e613321
993427.0,3634029,python,[JIT],0x000077a02e63824d
993427.0,3634022,python,[JIT],0x000078e61547a6f7
993427.0,3634029,python,[JIT],0x000077a02e638872
993427.0,3634073,python,[JIT],0x00007373dcd9d0ad
993427.0,3634062,python,[JIT],0x0000758d922b505b
993427.0,3634051,python,[JIT],0x00007a6d270894c1
993426.0,3634029,python,[JIT],0x000077a02e615492
993426.0,3634073,python,[JIT],0x00007373dc9a517a
993426.0,3634073,python,[JIT],0x00007373dcd9d4c1
993426.0,3634073,python,[JIT],0x00007373dcd9dc6d
993426.0,3634073,python,[JIT],0x00007373dd613854
993426.0,3634051,python,[JIT],0x00007a6d276ebae2
993426.0,3634062,python,[JIT],0x0000758d926c4679
993426.0,3634051,python,[JIT],0x00007a6d276eb150
993426.0,3634073,python,[JIT],0x00007373dcd9f18c
993425.0,3634022,python,[JIT],0x000078e61547a378
993425.0,3634029,python,[JIT],0x000077a02e2ec229
993425.0,3634029,python,[JIT],0x000077a02e638935
993425.0,3634062,python,[JIT],0x0000758d922b4b40
993425.0,3634051,python,[JIT],0x00007a6d27088039
993425.0,3634084,python,[JIT],0x0000731ba2e3a672
993424.0,3634029,python,[JIT],0x000077a02dcc70ea
993424.0,3634029,python,[JIT],0x000077a02e61354a
993424.0,3634073,python,[JIT],0x00007373dcd9d6f7
993424.0,3634051,python,[JIT],0x00007a6d270871f7
993424.0,3634051,python,[JIT],0x00007a6d27087267
993424.0,3634062,python,[JIT],0x0000758d927ce533
993423.0,3634022,python,[JIT],0x000078e615084011
993423.0,3634029,python,[JIT],0x000077a02e613779
993423.0,3634073,python,[JIT],0x00007373dcd9e83d
993423.0,3634062,python,[JIT],0x0000758d922b5a97
993423.0,3634051,python,[JIT],0x00007a6d26c913bd
993422.0,3634029,python,[JIT],0x000077a02dcc7188
993422.0,3634073,python,[JIT],0x00007373dcd9d298
993422.0,3634062,python,[JIT],0x0000758d922b537e
993422.0,3634051,python,[JIT],0x00007a6d27087e6e
993422.0,3634084,python,[JIT],0x0000731ba21ffd19
993422.0,3634084,python,[JIT],0x0000731ba2e3a27c
993421.0,3634029,python,[JIT],0x000077a02e2ecdab
993421.0,3634022,python,[JIT],0x000078e61547b75f
993421.0,3634029,python,[JIT],0x000077a02e638355
993421.0,3634051,python,[JIT],0x00007a6d270875dd
993421.0,3634062,python,[JIT],0x0000758d922b5bc2
993421.0,3634084,python,[JIT],0x0000731ba21ff4b4
993420.0,3634022,python,[JIT],0x000078e61508241b
993420.0,3634022,python,[JIT],0x000078e6154a1c60
993420.0,3634029,python,[JIT],0x000077a02e6381de
993420.0,3634051,python,[JIT],0x00007a6d27087575
993420.0,3634084,python,[JIT],0x0000731ba22010f5
993420.0,3634084,python,[JIT],0x0000731ba2206f12
993420.0,3634073,python,[JIT],0x00007373dcd9f06d
993420.0,3634073,python,[JIT],0x00007373dd61367b
993419.0,3634022,python,[JIT],0x000078e6154a1390
993419.0,3634073,python,[kernel.kallsyms],arch_scale_freq_tick
993419.0,3634073,python,[JIT],0x00007373dcd9d97d
993419.0,3634051,python,[JIT],0x00007a6d2708797a
993419.0,3634062,python,[JIT],0x0000758d922b49c3
993419.0,3634051,python,[JIT],0x00007a6d27087315
993419.0,3634084,python,[JIT],0x0000731ba2206a6f
993418.0,3634029,python,[JIT],0x000077a02dcc728b
993418.0,3634051,python,[JIT],0x00007a6d270878d9
993418.0,3634062,python,[JIT],0x0000758d926c40e8
993418.0,3634062,python,[JIT],0x0000758d926c429a
993418.0,3634051,python,[JIT],0x00007a6d27089492
993418.0,3634084,python,[JIT],0x0000731ba220665f
993418.0,3634084,python,[JIT],0x0000731ba2e3a2d8
993417.0,3634029,python,[JIT],0x000077a02dcc917e
993417.0,3634029,python,[JIT],0x000077a02e614784
993417.0,3634073,python,[kernel.kallsyms],ext4_do_update_inode.isra.0
993417.0,3634073,python,[JIT],0x00007373dcd9d74f
993417.0,3634062,python,[JIT],0x0000758d926c3353
993417.0,3634051,python,[JIT],0x00007a6d27087398
993417.0,3634084,python,[JIT],0x0000731ba21ff8e2
993417.0,3634084,python,[JIT],0x0000731ba2202765
993417.0,3634084,python,[JIT],0x0000731ba2205b49
993417.0,3634084,python,[JIT],0x0000731ba2201423
993417.0,3634084,python,[JIT],0x0000731ba220529f
993417.0,3634084,python,[JIT],0x0000731ba22061fe
993417.0,3634073,python,[JIT],0x00007373dcd9d6e3
993416.0,3634022,python,[JIT],0x000078e61547a22b
993416.0,3634022,python,[JIT],0x000078e61547aafc
993416.0,3634022,python,[JIT],0x000078e61547bd45
993416.0,3634022,python,[JIT],0x000078e6154a1dbe
993416.0,3634073,python,[JIT],0x00007373dcd9df16
993416.0,3634062,python,[JIT],0x0000758d926c3661
993416.0,3634051,python,[JIT],0x00007a6d26c8f654
993416.0,3634051,python,[JIT],0x00007a6d2708794e
993416.0,3634084,python,[JIT],0x0000731ba21ffcb8
993416.0,3634084,python,[JIT],0x0000731ba2206874
993415.0,3634029,python,[JIT],0x000077a02e61461f
993415.0,3634051,python,[JIT],0x00007a6d27088751
993415.0,3634051,python,[JIT],0x00007a6d27087a59
993415.0,3634051,python,[JIT],0x00007a6d271c7976
993415.0,3634084,python,[JIT],0x0000731ba22050ff
993415.0,3634084,python,[JIT],0x0000731ba2e3a7f6
993415.0,3634084,python,[JIT],0x0000731ba22065c0
993415.0,3634084,python,[JIT],0x0000731ba220664e
993414.0,3634022,python,[JIT],0x000078e61547be96
993414.0,3634022,python,[JIT],0x000078e6155bf0f4
993414.0,3634029,python,[JIT],0x000077a02e614366
993414.0,3634073,python,[kernel.kallsyms],timekeeping_adjust.constprop.0
993414.0,3634051,python,[JIT],0x00007a6d2708753e
993414.0,3634051,python,[JIT],0x00007a6d270873a7
993414.0,3634051,python,[JIT],0x00007a6d27087f96
993414.0,3634051,python,[JIT],0x00007a6d271c7ca3
993414.0,3634084,python,[JIT],0x0000731ba21ff5cf
993414.0,3634084,python,[JIT],0x0000731ba2205a23
993414.0,3634084,python,[JIT],0x0000731ba22061dc
993414.0,3634084,python,[JIT],0x0000731ba2206ee9
993413.0,3634029,python,[JIT],0x000077a02e615085
993413.0,3634022,python,[JIT],0x000078e615084333
993413.0,3634022,python,[JIT],0x000078e61547a69f
993413.0,3634022,python,[JIT],0x000078e61547c4e2
993413.0,3634022,python,[JIT],0x000078e6154a18ee
993413.0,3634029,python,[JIT],0x000077a02dcc8a99
993413.0,3634029,python,[JIT],0x000077a02e613cf7
993413.0,3634029,python,[JIT],0x000077a02e821089
993413.0,3634073,python,[JIT],0x00007373dcd9eeb1
993413.0,3634051,python,[JIT],0x00007a6d270893fb
993413.0,3634084,python,[JIT],0x0000731ba21ffdba
993413.0,3634084,python,[JIT],0x0000731ba22067b1
993413.0,3634084,python,[JIT],0x0000731ba22071c5
993412.0,3634022,python,[JIT],0x000078e615083742
993412.0,3634022,python,[JIT],0x000078e6154a14c2
993412.0,3634029,python,[JIT],0x000077a02e613a0d
993412.0,3634062,python,[JIT],0x0000758d926c4ac3
993412.0,3634062,python,[JIT],0x0000758d927cedcf
993412.0,3634084,python,[JIT],0x0000731ba2206708
993412.0,3634073,python,[JIT],0x00007373dcd9f237
993411.0,3634029,python,[JIT],0x000077a02e638060
993411.0,3634022,python,[JIT],0x000078e615082ae0
993411.0,3634022,python,[JIT],0x000078e6150834d8
993411.0,3634022,python,[JIT],0x000078e615083b2e
993411.0,3634022,python,[JIT],0x000078e61547b59a
993411.0,3634029,python,[JIT],0x000077a02e614fc2
993411.0,3634073,python,[JIT],0x00007373dc9a510d
993411.0,3634051,python,[JIT],0x00007a6d270881fe
993411.0,3634051,python,[JIT],0x00007a6d271c78aa
993411.0,3634084,python,[JIT],0x0000731ba21ff2eb
993411.0,3634084,python,[JIT],0x0000731ba2201ddf
993411.0,3634084,python,[JIT],0x0000731ba22057d7
993411.0,3634084,python,[JIT],0x0000731ba22066ff
993411.0,3634084,python,[JIT],0x0000731ba22072f4
993410.0,3634022,python,[JIT],0x000078e615082bfc
993410.0,3634022,python,[JIT],0x000078e615083c53
993410.0,3634022,python,[JIT],0x000078e61547a1fe
993410.0,3634022,python,[JIT],0x000078e6154a15af
993410.0,3634029,python,[JIT],0x000077a02e6143ca
993410.0,3634029,python,[JIT],0x000077a02e614b32
993410.0,3634073,python,[JIT],0x00007373dc9a6573
993410.0,3634051,python,[JIT],0x00007a6d27087b9b
993410.0,3634084,python,[JIT],0x0000731ba2203612
993410.0,3634084,python,[JIT],0x0000731ba22058f2
993410.0,3634084,python,[JIT],0x0000731ba22059bd
993410.0,3634084,python,[JIT],0x0000731ba2205378
993410.0,3634084,python,[JIT],0x0000731ba2205db2
993410.0,3634084,python,[JIT],0x0000731ba2e3a1cd
993409.0,3634029,python,[JIT],0x000077a02e615428
993409.0,3634022,python,[JIT],0x000078e6150840fe
993409.0,3634022,python,[JIT],0x000078e61547c033
993409.0,3634022,python,[JIT],0x000078e6154a1a50
993409.0,3634022,python,[JIT],0x000078e6155bf538
993409.0,3634022,python,[JIT],0x000078e6155bfb3e
993409.0,3634073,python,[JIT],0x00007373dcd9db13
993409.0,3634073,python,[JIT],0x00007373dcd9ef32
993409.0,3634062,python,[JIT],0x0000758d922b538f
993409.0,3634051,python,[JIT],0x00007a6d26c90739
993409.0,3634084,python,[JIT],0x0000731ba2206a68
993409.0,3634084,python,[JIT],0x0000731ba2206b79
993409.0,3634084,python,[JIT],0x0000731ba220716e
993408.0,3634029,python,[JIT],0x000077a02dcc7c7d
993408.0,3634022,python,[JIT],0x000078e615082f4e
993408.0,3634022,python,[JIT],0x000078e615083581
993408.0,3634022,python,[JIT],0x000078e61547a4c5
993408.0,3634022,python,[JIT],0x000078e61547a537
993408.0,3634022,python,[JIT],0x000078e61547b448
993408.0,3634022,python,[JIT],0x000078e6154a1bbf
993408.0,3634029,python,[JIT],0x000077a02e614285
993408.0,3634029,python,[JIT],0x000077a02e638344
993408.0,3634073,python,[JIT],0x00007373dceceb1a
993408.0,3634062,python,[JIT],0x0000758d927ce397
993408.0,3634051,python,[JIT],0x00007a6d271c7cc0
993408.0,3634084,python,[JIT],0x0000731ba21ff1ad
993408.0,3634084,python,[JIT],0x0000731ba2206ce8
993407.0,3634029,python,[JIT],0x000077a02e61359a
993407.0,3634022,python,[JIT],0x000078e61547bcee
993407.0,3634022,python,[JIT],0x000078e6154a143b
993407.0,3634022,python,[JIT],0x000078e6155bf4e2
993407.0,3634073,python,[JIT],0x00007373dcece427
993407.0,3634051,python,[JIT],0x00007a6d2708807b
993407.0,3634051,python,[JIT],0x00007a6d276ebcb3
993407.0,3634084,python,[JIT],0x0000731ba2202f60
993407.0,3634084,python,[JIT],0x0000731ba2205810
993407.0,3634084,python,[JIT],0x0000731ba2205b9b
993406.0,3634029,python,[JIT],0x000077a02dcc91dd
993406.0,3634022,python,[JIT],0x000078e6155bf713
993406.0,3634029,python,[JIT],0x000077a02e613d2d
993406.0,3634029,python,[JIT],0x000077a02e6144f3
993406.0,3634073,python,[JIT],0x00007373dcd9d6e3
993406.0,3634073,python,[JIT],0x00007373dcd9e78f
993406.0,3634051,python,python,PyLong_FromLong
993406.0,3634062,python,[JIT],0x0000758d926c551a
993406.0,3634062,python,[JIT],0x0000758d927ceba3
993406.0,3634062,python,[JIT],0x0000758d927ce7ec
993406.0,3634084,python,[JIT],0x0000731ba2201d37
993406.0,3634084,python,[JIT],0x0000731ba2e3a60c
993406.0,3634084,python,[JIT],0x0000731ba2e3aa55
993405.0,3634029,python,[JIT],0x000077a02e614a76
993405.0,3634022,python,[JIT],0x000078e61547a7f1
993405.0,3634029,python,[JIT],0x000077a02dcc961d
993405.0,3634029,python,[JIT],0x000077a02e614a2f
993405.0,3634051,python,[JIT],0x00007a6d26c90dc5
993405.0,3634084,python,[JIT],0x0000731ba2e3a67b
993404.0,3634022,python,[JIT],0x000078e61547a3da
993404.0,3634022,python,[JIT],0x000078e6155bf424
993404.0,3634029,python,[JIT],0x000077a02e613d43
993404.0,3634029,python,[JIT],0x000077a02e63810c
993404.0,3634051,python,[JIT],0x00007a6d27088f0c
993404.0,3634051,python,[JIT],0x00007a6d276ebc59
993404.0,3634062,python,[JIT],0x0000758d926c46d3
993404.0,3634051,python,[JIT],0x00007a6d26c90ff9
993404.0,3634051,python,[JIT],0x00007a6d270873fe
993404.0,3634084,python,[JIT],0x0000731ba22018f0
993404.0,3634084,python,[JIT],0x0000731ba2201b99
993404.0,3634084,python,[JIT],0x0000731ba2e3a34d
993404.0,3634084,python,[JIT],0x0000731ba2e3a963
993404.0,3634084,python,[JIT],0x0000731ba2206fcd
993403.0,3634022,python,[JIT],0x000078e615083fc0
993403.0,3634029,python,[JIT],0x000077a02e61397a
993403.0,3634073,python,[JIT],0x00007373dcd9d9af
993403.0,3634073,python,[JIT],0x00007373dcd9e6d3
993403.0,3634073,python,[JIT],0x00007373dcd9ebc8
993403.0,3634062,python,[JIT],0x0000758d927cea15
993403.0,3634051,python,[JIT],0x00007a6d27088eec
993403.0,3634051,python,[JIT],0x00007a6d271c7d83
993403.0,3634084,python,[JIT],0x0000731ba2203527
993403.0,3634084,python,[JIT],0x0000731ba2206515
993403.0,3634084,python,[JIT],0x0000731ba220708a
993403.0,3634084,python,[JIT],0x0000731ba2e3ae06
993402.0,3634029,python,[JIT],0x000077a02e6382d2
993402.0,3634022,python,[JIT],0x000078e6150839be
993402.0,3634022,python,[JIT],0x000078e61547bd06
993402.0,3634029,python,[JIT],0x000077a02e613ac6
993402.0,3634051,python,[JIT],0x00007a6d276eb2cf
993402.0,3634062,python,[JIT],0x0000758d922b63f3
993402.0,3634062,python,[JIT],0x0000758d922b23f8
993402.0,3634051,python,[JIT],0x00007a6d27088a8e
993402.0,3634051,python,[JIT],0x00007a6d276eb0f1
993402.0,3634084,python,[JIT],0x0000731ba2202399
993402.0,3634084,python,[JIT],0x0000731ba2202b97
993402.0,3634084,python,[JIT],0x0000731ba2205298
993402.0,3634084,python,[JIT],0x0000731ba220582f
993402.0,3634084,python,[JIT],0x0000731ba2e3a548
993401.0,3634029,python,[JIT],0x000077a02e614fe9
993401.0,3634029,python,[JIT],0x000077a02e2eca5f
993401.0,3634029,python,[JIT],0x000077a02e2ecdd8
993401.0,3634029,python,[JIT],0x000077a02e6135d9
993401.0,3634029,python,[JIT],0x000077a02e613735
993401.0,3634029,python,[JIT],0x000077a02e615481
993401.0,3634073,python,[kernel.kallsyms],native_read_msr
993401.0,3634073,python,[JIT],0x00007373dcd9d24d
993401.0,3634051,python,[JIT],0x00007a6d27088bee
993401.0,3634062,python,[JIT],0x0000758d926c3388
993401.0,3634062,python,[JIT],0x0000758d926c54eb
993401.0,3634051,python,[JIT],0x00007a6d26c8faeb
993401.0,3634051,python,[JIT],0x00007a6d276ebc06
993401.0,3634084,python,[JIT],0x0000731ba2202e1b
993400.0,3634022,python,[JIT],0x000078e6150842ff
993400.0,3634022,python,[JIT],0x000078e61547a182
993400.0,3634022,python,[JIT],0x000078e61547ad9d
993400.0,3634022,python,[JIT],0x000078e6155bfc4e
993400.0,3634029,python,[JIT],0x000077a02dcc880c
993400.0,3634029,python,[JIT],0x000077a02e614f89
993400.0,3634029,python,[JIT],0x000077a02e61505c
993400.0,3634051,python,[JIT],0x00007a6d27087642
993400.0,3634051,python,[JIT],0x00007a6d271c713e
993400.0,3634084,python,[JIT],0x0000731ba2206c5b
993400.0,3634073,python,[JIT],0x00007373dcd9d2df
993399.0,3634073,python,[kernel.kallsyms],native_apic_msr_eoi
993399.0,3634073,python,[JIT],0x00007373dc9a626b
993399.0,3634073,python,[JIT],0x00007373dcd9de4c
993399.0,3634073,python,[JIT],0x00007373dcd9e34b
993399.0,3634073,python,[JIT],0x00007373dcd9edf5
993399.0,3634062,python,[JIT],0x0000758d927ce382
993399.0,3634062,python,[JIT],0x0000758d927ce28d
993399.0,3634051,python,[JIT],0x00007a6d26c8f052
993399.0,3634051,python,[JIT],0x00007a6d26c91316
993399.0,3634051,python,[JIT],0x00007a6d27087cf7
993399.0,3634051,python,[JIT],0x00007a6d271c7087
993399.0,3634051,python,[JIT],0x00007a6d276eb95c
993399.0,3634084,python,[JIT],0x0000731ba2205444
993399.0,3634084,python,[JIT],0x0000731ba2205636
993399.0,3634084,python,[JIT],0x0000731ba2205758
993399.0,3634084,python,[JIT],0x0000731ba2205b13
993399.0,3634084,python,[JIT],0x0000731ba2e3ad94
993398.0,3634029,python,[JIT],0x000077a02e613575
993398.0,3634022,python,[JIT],0x000078e61547a2f4
993398.0,3634029,python,[JIT],0x000077a02dcc7b64
993398.0,3634073,python,[JIT],0x00007373dcece312
993398.0,3634062,python,[JIT],0x0000758d926c325e
993398.0,3634062,python,[JIT],0x0000758d922b23ba
993398.0,3634051,python,[JIT],0x00007a6d26c90e05
993398.0,3634084,python,[JIT],0x0000731ba2201452
993398.0,3634084,python,[JIT],0x0000731ba2201c48
993398.0,3634084,python,[JIT],0x0000731ba2205a0d
993398.0,3634084,python,[JIT],0x0000731ba2e3a0e6
993398.0,3634084,python,[JIT],0x0000731ba2207199
993397.0,3634022,python,[JIT],0x000078e6150823a4
993397.0,3634022,python,[JIT],0x000078e6154a1815
993397.0,3634029,python,[JIT],0x000077a02e61330c
993397.0,3634073,python,[JIT],0x00007373dcd9e8b1
993397.0,3634062,python,[JIT],0x0000758d926c4401
993397.0,3634062,python,[JIT],0x0000758d926c52f4
993397.0,3634062,python,[JIT],0x0000758d922b4890
993397.0,3634062,python,[JIT],0x0000758d922b5f85
993397.0,3634051,python,[JIT],0x00007a6d26c8f557
993397.0,3634051,python,[JIT],0x00007a6d26c8f71e
993397.0,3634051,python,[JIT],0x00007a6d27088589
993397.0,3634084,python,[JIT],0x0000731ba220676d
993397.0,3634073,python,[JIT],0x00007373dd6133de
993396.0,3634029,python,[JIT],0x000077a02e613a3e
993396.0,3634022,python,[JIT],0x000078e615082a1c
993396.0,3634022,python,[JIT],0x000078e615084007
993396.0,3634029,python,[JIT],0x000077a02e6384d4
993396.0,3634073,python,[JIT],0x00007373dcd9d6b4
993396.0,3634073,python,[JIT],0x00007373dcd9dbdd
993396.0,3634073,python,[JIT],0x00007373dd6133ec
993396.0,3634051,python,[JIT],0x00007a6d26c8f810
993396.0,3634062,python,[JIT],0x0000758d926c3601
993396.0,3634062,python,[JIT],0x0000758d922b24dc
993396.0,3634062,python,[JIT],0x0000758d926c3473
993396.0,3634051,python,[JIT],0x00007a6d2708768a
993396.0,3634084,python,[JIT],0x0000731ba2205ac6
993395.0,3634022,python,[JIT],0x000078e615082857
993395.0,3634022,python,[JIT],0x000078e61547aae6
993395.0,3634022,python,[JIT],0x000078e6154a1338
993395.0,3634029,python,[JIT],0x000077a02e6148b1
993395.0,3634051,python,[JIT],0x00007a6d2708734b
993395.0,3634062,python,[JIT],0x0000758d926c3351
993395.0,3634062,python,[JIT],0x0000758d926c4d56
993395.0,3634062,python,[JIT],0x0000758d927ce6f1
993395.0,3634051,python,[JIT],0x00007a6d26c8ffe3
993395.0,3634051,python,[JIT],0x00007a6d26c907d2
993395.0,3634084,python,[JIT],0x0000731ba21ff0ff
993395.0,3634084,python,[JIT],0x0000731ba2205d1a
993394.0,3634022,python,[JIT],0x000078e615083352
993394.0,3634022,python,[JIT],0x000078e61508389d
993394.0,3634022,python,[JIT],0x000078e61547aa23
993394.0,3634022,python,[JIT],0x000078e61547bbd0
993394.0,3634029,python,[JIT],0x000077a02e2ec56f
993394.0,3634029,python,[JIT],0x000077a02e613e6a
993394.0,3634029,python,[JIT],0x000077a02e638b78
993394.0,3634073,python,[JIT],0x00007373dcd9d42d
993394.0,3634051,python,[JIT],0x00007a6d270889a0
993394.0,3634062,python,libm.so.6,__pow_finite@GLIBC_2.15@plt
993394.0,3634062,python,[JIT],0x0000758d926c3a41
993394.0,3634062,python,[JIT],0x0000758d926c4629
993394.0,3634062,python,[JIT],0x0000758d922b6492
993394.0,3634051,python,[JIT],0x00007a6d26c8f3c3
993394.0,3634084,python,[JIT],0x0000731ba220571a
993394.0,3634084,python,[JIT],0x0000731ba22026ab
993393.0,3634029,python,[JIT],0x000077a02e6387fe
993393.0,3634062,python,[JIT],0x0000758d926c3a34
993393.0,3634062,python,[JIT],0x0000758d922b63f7
993393.0,3634051,python,[JIT],0x00007a6d27087b75
993393.0,3634051,python,[JIT],0x00007a6d271c7010
993393.0,3634084,python,[JIT],0x0000731ba220553b
993393.0,3634073,python,[JIT],0x00007373dcd9f2f8
993392.0,3634029,python,[JIT],0x000077a02e6138d9
993392.0,3634022,python,[JIT],0x000078e61547aac6
993392.0,3634022,python,[JIT],0x000078e61547b273
993392.0,3634022,python,[JIT],0x000078e61547bcc0
993392.0,3634022,python,[JIT],0x000078e6155bf860
993392.0,3634029,python,[JIT],0x000077a02e6382ba
993392.0,3634029,python,[JIT],0x000077a02e6389be
993392.0,3634062,python,[JIT],0x0000758d926c5300
993392.0,3634062,python,[JIT],0x0000758d922b2d19
993392.0,3634062,python,[JIT],0x0000758d922b485d
993392.0,3634062,python,[JIT],0x0000758d922b4c56
993392.0,3634062,python,[JIT],0x0000758d922b61b0
993392.0,3634062,python,[JIT],0x0000758d926c4781
993392.0,3634051,python,[JIT],0x00007a6d271c75a1
993392.0,3634051,python,[JIT],0x00007a6d276ebe12
993392.0,3634084,python,[JIT],0x0000731ba2202ba1
993392.0,3634084,python,[JIT],0x0000731ba2205d68
993392.0,3634084,python,[JIT],0x0000731ba2205e66
993391.0,3634029,python,[JIT],0x000077a02e614874
993391.0,3634022,python,[JIT],0x000078e61547a1ed
993391.0,3634022,python,[JIT],0x000078e61547b5a2
993391.0,3634022,python,[JIT],0x000078e6155bf680
993391.0,3634022,python,[JIT],0x000078e6155bfb2c
993391.0,3634022,python,[JIT],0x000078e6155bfc47
993391.0,3634029,python,[JIT],0x000077a02e6384ae
993391.0,3634073,python,[kernel.kallsyms],acct_account_cputime
993391.0,3634073,python,[JIT],0x00007373dd613845
993391.0,3634062,python,[JIT],0x0000758d922b64f7
993391.0,3634062,python,[JIT],0x0000758d926c3508
993391.0,3634062,python,[JIT],0x0000758d926c480a
993391.0,3634051,python,[JIT],0x00007a6d26c8f519
993391.0,3634084,python,[JIT],0x0000731ba2203077
993391.0,3634084,python,[JIT],0x0000731ba2205d2d
993391.0,3634084,python,[JIT],0x0000731ba2206ab0
993391.0,3634084,python,[JIT],0x0000731ba2e3aae2
993391.0,3634084,python,[JIT],0x0000731ba22056c8
993390.0,3634029,python,[JIT],0x000077a02e613817
993390.0,3634029,python,[JIT],0x000077a02dcc7461
993390.0,3634029,python,[JIT],0x000077a02dcc7d3a
993390.0,3634073,python,[JIT],0x00007373dcd9d4c5
993390.0,3634062,python,[JIT],0x0000758d927ce0ce
993390.0,3634062,python,[JIT],0x0000758d927ce57f
993390.0,3634062,python,[JIT],0x0000758d926c566c
993390.0,3634062,python,[JIT],0x0000758d927ced94
993390.0,3634051,python,[JIT],0x00007a6d271c7528
993390.0,3634084,python,[JIT],0x0000731ba2202ff7
993390.0,3634084,python,[JIT],0x0000731ba2203580
993390.0,3634084,python,[JIT],0x0000731ba2205273
993390.0,3634084,python,[JIT],0x0000731ba22065ac
993390.0,3634084,python,[JIT],0x0000731ba2207178
993389.0,3634029,python,[JIT],0x000077a02e6382ca
993389.0,3634022,python,[JIT],0x000078e615083697
993389.0,3634029,python,[JIT],0x000077a02e613e27
993389.0,3634051,python,[JIT],0x00007a6d270879fc
993389.0,3634062,python,[JIT],0x0000758d922b5d82
993389.0,3634062,python,[JIT],0x0000758d926c384a
993389.0,3634062,python,[JIT],0x0000758d922b4c02
993389.0,3634062,python,[JIT],0x0000758d926c469c
993389.0,3634062,python,[JIT],0x0000758d926c510c
993389.0,3634051,python,[JIT],0x00007a6d26c90e72
993389.0,3634051,python,[JIT],0x00007a6d270883d1
993389.0,3634051,python,[JIT],0x00007a6d2708908a
993389.0,3634051,python,[JIT],0x00007a6d270890b8
993389.0,3634084,python,[JIT],0x0000731ba220144a
993389.0,3634084,python,[JIT],0x0000731ba2202a2e
993389.0,3634084,python,[JIT],0x0000731ba220664e
993389.0,3634084,python,[JIT],0x0000731ba2e3a3be
993389.0,3634084,python,[JIT],0x0000731ba220620f
993389.0,3634073,python,[JIT],0x00007373dcd9d546
993388.0,3634029,python,[JIT],0x000077a02e614868
993388.0,3634022,python,[JIT],0x000078e61547a29f
993388.0,3634022,python,[JIT],0x000078e61547a9cf
993388.0,3634073,python,[JIT],0x00007373dc9a5c5d
993387.0,3634029,python,[JIT],0x000077a02e614ef4
993387.0,3634022,python,[JIT],0x000078e61547a6f3
993387.0,3634022,python,[JIT],0x000078e61547af2d
993387.0,3634022,python,[JIT],0x000078e61547ba07
993387.0,3634022,python,[JIT],0x000078e6155bfde0
993387.0,3634029,python,[JIT],0x000077a02e613121
993387.0,3634051,python,libc.so.6,__errno_location
993387.0,3634062,python,[JIT],0x0000758d926c4ee9
993387.0,3634062,python,[JIT],0x0000758d927cea70
993387.0,3634051,python,[JIT],0x00007a6d270886b8
993387.0,3634084,python,[JIT],0x0000731ba2e3aace
993387.0,3634084,python,[JIT],0x0000731ba220755a
993386.0,3634022,python,[JIT],0x000078e61547b0e3
993386.0,3634022,python,[JIT],0x000078e6155bfd39
993386.0,3634073,python,[JIT],0x00007373dc9a66bf
993386.0,3634073,python,[JIT],0x00007373dcd9e501
993386.0,3634073,python,[JIT],0x00007373dcece6d1
993386.0,3634062,python,[JIT],0x0000758d927ce930
993386.0,3634062,python,[JIT],0x0000758d922b2161
993386.0,3634062,python,[JIT],0x0000758d922b421a
993386.0,3634062,python,[JIT],0x0000758d922b4c4c
993386.0,3634062,python,[JIT],0x0000758d927ce935
993386.0,3634051,python,[JIT],0x00007a6d26c90288
993386.0,3634051,python,[JIT],0x00007a6d2708742d
993386.0,3634073,python,[JIT],0x00007373dd613672
993385.0,3634022,python,[JIT],0x000078e615083632
993385.0,3634022,python,[JIT],0x000078e6154a14fe
993385.0,3634029,python,[kernel.kallsyms],native_apic_msr_eoi
993385.0,3634073,python,[kernel.kallsyms],update_curr_se
993385.0,3634073,python,[JIT],0x00007373dc9a7475
993385.0,3634073,python,[JIT],0x00007373dcd9d642
993385.0,3634073,python,[JIT],0x00007373dcd9eeec
993385.0,3634062,python,[JIT],0x0000758d922b5352
993385.0,3634062,python,[JIT],0x0000758d926c3d4b
993385.0,3634062,python,[JIT],0x0000758d927ce36e
993385.0,3634051,python,[JIT],0x00007a6d271c7306
993385.0,3634051,python,[JIT],0x00007a6d276eb63f
993385.0,3634084,python,[JIT],0x0000731ba2e3a0b9
993385.0,3634084,python,[JIT],0x0000731ba2e3a1c6
993384.0,3634029,python,[JIT],0x000077a02e614bda
993384.0,3634022,python,[JIT],0x000078e615082452
993384.0,3634022,python,[JIT],0x000078e6155bfa70
993384.0,3634073,python,[JIT],0x00007373dc9a5604
993384.0,3634073,python,[JIT],0x00007373dc9a6632
993384.0,3634073,python,[JIT],0x00007373dcd9f3d6
993384.0,3634073,python,[JIT],0x00007373dd613542
993384.0,3634062,python,[JIT],0x0000758d926c34ea
993384.0,3634062,python,[JIT],0x0000758d926c3c74
993384.0,3634051,python,[JIT],0x00007a6d2708883d
993384.0,3634051,python,[JIT],0x00007a6d276eb24d
993384.0,3634084,python,[JIT],0x0000731ba2202cc5
993383.0,3634073,python,[JIT],0x00007373dc9a56bc
993383.0,3634073,python,[JIT],0x00007373dcece72c
993383.0,3634051,python,[JIT],0x00007a6d27087a91
993383.0,3634062,python,[JIT],0x0000758d922b4b25
993383.0,3634062,python,[JIT],0x0000758d922b56bf
993383.0,3634062,python,[JIT],0x0000758d926c4c8c
993383.0,3634051,python,[JIT],0x00007a6d26c90688
993383.0,3634051,python,[JIT],0x00007a6d27087898
993383.0,3634084,python,[JIT],0x0000731ba2205584
993382.0,3634022,python,[JIT],0x000078e6150823de
993382.0,3634029,python,[JIT],0x000077a02e6153ee
993382.0,3634029,python,[JIT],0x000077a02e638b88
993382.0,3634062,python,[JIT],0x0000758d922b2243
993382.0,3634062,python,[JIT],0x0000758d922b5e55
993382.0,3634051,python,[JIT],0x00007a6d27087532
993382.0,3634084,python,[JIT],0x0000731ba21ff90a
993382.0,3634084,python,[JIT],0x0000731ba2202b15
993381.0,3634029,python,[JIT],0x000077a02e2ec270
993381.0,3634073,python,[JIT],0x00007373dc9a72fb
993381.0,3634084,python,[JIT],0x0000731ba220590c
993381.0,3634084,python,[JIT],0x0000731ba2207085
993381.0,3634084,python,[JIT],0x0000731ba2e3a720
993380.0,3634022,python,[JIT],0x000078e6154a12b8
993380.0,3634029,python,[JIT],0x000077a02e61384a
993380.0,3634029,python,[JIT],0x000077a02e613e24
993380.0,3634062,python,[JIT],0x0000758d926c4c5b
993380.0,3634062,python,[JIT],0x0000758d922b2b68
993380.0,3634062,python,[JIT],0x0000758d922b5a93
993380.0,3634051,python,[JIT],0x00007a6d26c8f9de
993380.0,3634051,python,[JIT],0x00007a6d26c90d45
993380.0,3634084,python,[JIT],0x0000731ba21ff286
993380.0,3634084,python,[JIT],0x0000731ba22074f7
993380.0,3634084,python,[JIT],0x0000731ba2e3a9b4
993380.0,3634084,python,[JIT],0x0000731ba220181f
993380.0,3634084,python,[JIT],0x0000731ba2e3ace0
993380.0,3634073,python,[JIT],0x00007373dd613698
993379.0,3634029,python,[JIT],0x000077a02e6151ad
993379.0,3634022,python,[JIT],0x000078e61547a4df
993379.0,3634062,python,[JIT],0x0000758d922b6612
993379.0,3634051,python,[JIT],0x00007a6d276ebb5c
993379.0,3634084,python,[JIT],0x0000731ba220163d
993379.0,3634084,python,[JIT],0x0000731ba2206082
993379.0,3634073,python,[JIT],0x00007373dcece1c4
993378.0,3634029,python,[JIT],0x000077a02e613810
993378.0,3634029,python,[JIT],0x000077a02e63827c
993378.0,3634073,python,[JIT],0x00007373dcd9dc1f
993378.0,3634062,python,[JIT],0x0000758d922b507a
993378.0,3634062,python,[JIT],0x0000758d926c5540
993378.0,3634062,python,[JIT],0x0000758d922b2d3b
993378.0,3634051,python,[JIT],0x00007a6d26c8f662
993378.0,3634051,python,[JIT],0x00007a6d271c71be
993378.0,3634084,python,[JIT],0x0000731ba22055fa
993378.0,3634073,python,[JIT],0x00007373dc9a7132
993377.0,3634029,python,[JIT],0x000077a02e61356d
993377.0,3634022,python,[JIT],0x000078e61547ba9b
993377.0,3634029,python,[JIT],0x000077a02e2ec362
993377.0,3634029,python,[JIT],0x000077a02e6143bc
993377.0,3634029,python,[JIT],0x000077a02e63833c
993377.0,3634051,python,[JIT],0x00007a6d26c8f21e
993377.0,3634051,python,[JIT],0x00007a6d270877b0
993377.0,3634062,python,[JIT],0x0000758d922b4f55
993377.0,3634062,python,[JIT],0x0000758d922b659e
993377.0,3634062,python,[JIT],0x0000758d926c358a
993377.0,3634062,python,[JIT],0x0000758d926c54c4
993377.0,3634051,python,[JIT],0x00007a6d2708869f
993377.0,3634051,python,[JIT],0x00007a6d27088a84
993377.0,3634084,python,[JIT],0x0000731ba21ffab4
993377.0,3634073,python,[JIT],0x00007373dcd9e96d
993376.0,3634022,python,[JIT],0x000078e61547ab69
993376.0,3634022,python,[JIT],0x000078e6155bf841
993376.0,3634062,python,[JIT],0x0000758d922b5a1d
993376.0,3634051,python,[JIT],0x00007a6d27089005
993375.0,3634022,python,[JIT],0x000078e61547b6b8
993375.0,3634029,python,[JIT],0x000077a02dcc7e47
993375.0,3634073,python,[JIT],0x00007373dc9a54f9
993375.0,3634073,python,[JIT],0x00007373dc9a6684
993375.0,3634073,python,[JIT],0x00007373dcd9d2df
993375.0,3634073,python,[JIT],0x00007373dcd9d665
993375.0,3634073,python,[JIT],0x00007373dcd9d82b
993375.0,3634062,python,[JIT],0x0000758d926c3c18
993375.0,3634062,python,[JIT],0x0000758d922b2ac2
993375.0,3634062,python,[JIT],0x0000758d926c3834
993375.0,3634062,python,[JIT],0x0000758d926c4408
993375.0,3634051,python,[JIT],0x00007a6d27087817
993375.0,3634084,python,[JIT],0x0000731ba21ff338
993374.0,3634022,python,[JIT],0x000078e615083599
993374.0,3634029,python,python,_PyEval_EvalFrameDefault
993374.0,3634029,python,[JIT],0x000077a02e638716
993374.0,3634073,python,[JIT],0x00007373dcd9d54a
993374.0,3634062,python,[JIT],0x0000758d926c36db
993374.0,3634062,python,[JIT],0x0000758d927ce2a6
993374.0,3634084,python,[JIT],0x0000731ba220603e
993373.0,3634029,python,[JIT],0x000077a02e615005
993373.0,3634029,python,[JIT],0x000077a02e638353
993373.0,3634073,python,[JIT],0x00007373dcece48e
993373.0,3634062,python,[JIT],0x0000758d926c4ee5
993373.0,3634062,python,[JIT],0x0000758d926c3343
993373.0,3634062,python,[JIT],0x0000758d926c4a9b
993373.0,3634051,python,[JIT],0x00007a6d27087773
993373.0,3634051,python,[JIT],0x00007a6d270888d7
993372.0,3634022,python,[JIT],0x000078e6150831a1
993372.0,3634029,python,[JIT],0x000077a02e6131c7
993372.0,3634029,python,[JIT],0x000077a02e613754
993372.0,3634051,python,[JIT],0x00007a6d2708952e
993372.0,3634062,python,[JIT],0x0000758d922b60a6
993372.0,3634062,python,[JIT],0x0000758d926c4a6f
993372.0,3634062,python,[JIT],0x0000758d927ce92a
993372.0,3634051,python,[JIT],0x00007a6d27087444
993371.0,3634073,python,[JIT],0x00007373dcd9d821
993371.0,3634073,python,[JIT],0x00007373dd613c09
993371.0,3634062,python,[JIT],0x0000758d922b608c
993371.0,3634062,python,[JIT],0x0000758d926c37c7
993371.0,3634062,python,[JIT],0x0000758d926c39af
993371.0,3634084,python,[JIT],0x0000731ba2205a3e
993371.0,3634084,python,[JIT],0x0000731ba2e3ace0
993370.0,3634073,python,[JIT],0x00007373dc9a640b
993370.0,3634062,python,[JIT],0x0000758d922b527f
993370.0,3634062,python,[JIT],0x0000758d926c354f
993370.0,3634062,python,[JIT],0x0000758d926c3c38
993370.0,3634062,python,[JIT],0x0000758d926c4b64
993370.0,3634051,python,[JIT],0x00007a6d26c90b8d
993370.0,3634084,python,[JIT],0x0000731ba2206647
993370.0,3634073,python,[JIT],0x00007373dcd9eb6f
993369.0,3634029,python,[JIT],0x000077a02e6146e1
993369.0,3634073,python,[JIT],0x00007373dc9a58a6
993369.0,3634073,python,[JIT],0x00007373dcd9dafc
993369.0,3634073,python,[JIT],0x00007373dd6131bb
993369.0,3634073,python,[JIT],0x00007373dd613720
993369.0,3634051,python,[JIT],0x00007a6d2708862d
993369.0,3634062,python,[JIT],0x0000758d927ceb5c
993369.0,3634062,python,[JIT],0x0000758d922b44ca
993369.0,3634051,python,[JIT],0x00007a6d27087ae6
993369.0,3634051,python,[JIT],0x00007a6d27088629
993369.0,3634084,python,[JIT],0x0000731ba21ff00a
993368.0,3634029,python,[JIT],0x000077a02e2ec6d1
993368.0,3634022,python,[JIT],0x000078e61508252c
993368.0,3634029,python,[JIT],0x000077a02dcc7410
993368.0,3634029,python,[JIT],0x000077a02e638b5c
993368.0,3634073,python,[JIT],0x00007373dc9a5578
993368.0,3634073,python,[JIT],0x00007373dd613646
993368.0,3634062,python,[JIT],0x0000758d926c3555
993368.0,3634051,python,[JIT],0x00007a6d271c7b68
993368.0,3634084,python,[JIT],0x0000731ba220277c
993368.0,3634084,python,[JIT],0x0000731ba22053dc
993368.0,3634073,python,[JIT],0x00007373dcd9e082
993367.0,3634022,python,[JIT],0x000078e6154a135e
993367.0,3634029,python,[JIT],0x000077a02dcc89be
993367.0,3634062,python,[JIT],0x0000758d922b6495
993367.0,3634062,python,[JIT],0x0000758d927cef00
993366.0,3634073,python,[JIT],0x00007373dc9a51a0
993366.0,3634073,python,[JIT],0x00007373dc9a6a7c
993366.0,3634062,python,[JIT],0x0000758d926c3351
993366.0,3634084,python,[JIT],0x0000731ba2203291
993366.0,3634073,python,[JIT],0x00007373dcd9e9ea
993365.0,3634029,python,[JIT],0x000077a02e614156
993365.0,3634022,python,[JIT],0x000078e615082b73
993365.0,3634073,python,[JIT],0x00007373dc9a7639
993365.0,3634062,python,[JIT],0x0000758d926c407c
993365.0,3634084,python,[JIT],0x0000731ba2206045
993365.0,3634084,python,[JIT],0x0000731ba220640b
993365.0,3634073,python,[JIT],0x00007373dcd9d747
993364.0,3634062,python,[JIT],0x0000758d922b2218
993364.0,3634062,python,[JIT],0x0000758d927ceae4
993364.0,3634051,python,[JIT],0x00007a6d26c8fc6c
993363.0,3634022,python,[JIT],0x000078e61547a502
993363.0,3634029,python,[JIT],0x000077a02dcc7f1f
993363.0,3634062,python,[JIT],0x0000758d922b5219
993363.0,3634062,python,[JIT],0x0000758d926c370c
993363.0,3634073,python,[JIT],0x00007373dd6132d2
993362.0,3634062,python,[JIT],0x0000758d922b42a1
993361.0,3634022,python,[JIT],0x000078e61508364a
993361.0,3634022,python,[JIT],0x000078e61547bcc6
993361.0,3634051,python,[JIT],0x00007a6d27087311
993361.0,3634084,python,[JIT],0x0000731ba2205583
993360.0,3634029,python,[JIT],0x000077a02e613afa
993360.0,3634073,python,[kernel.kallsyms],cgroup_rstat_updated
993360.0,3634051,python,[JIT],0x00007a6d27088551
993360.0,3634084,python,[JIT],0x0000731ba21ff7f6
993360.0,3634084,python,[JIT],0x0000731ba22061f2
993359.0,3634029,python,[JIT],0x000077a02dcc7cff
993359.0,3634073,python,[JIT],0x00007373dcd9d563
993359.0,3634073,python,[JIT],0x00007373dd613698
993359.0,3634062,python,[JIT],0x0000758d926c4113
993359.0,3634062,python,[JIT],0x0000758d927ceb88
993359.0,3634062,python,[JIT],0x0000758d922b5282
993359.0,3634062,python,[JIT],0x0000758d922b5326
993359.0,3634051,python,[JIT],0x00007a6d26c8fd7a
993358.0,3634073,python,[JIT],0x00007373dc9a58af
993358.0,3634073,python,[JIT],0x00007373dcd9f3f8
993358.0,3634062,python,[JIT],0x0000758d926c4ea4
993358.0,3634062,python,[JIT],0x0000758d927ce5c5
993357.0,3634062,python,[JIT],0x0000758d922b585e
993357.0,3634073,python,[JIT],0x00007373dc9a5da1
993356.0,3634073,python,[JIT],0x00007373dcece80b
993356.0,3634051,python,[JIT],0x00007a6d27088874
993356.0,3634062,python,[JIT],0x0000758d922b4519
993356.0,3634062,python,[JIT],0x0000758d922b577c
993356.0,3634062,python,[JIT],0x0000758d922b5d8f
993356.0,3634051,python,[JIT],0x00007a6d26c90428
993355.0,3634062,python,[JIT],0x0000758d926c39e5
993355.0,3634062,python,[JIT],0x0000758d927ce397
993355.0,3634073,python,[JIT],0x00007373dcd9d1f7
993354.0,3634062,python,[JIT],0x0000758d922b5599
993354.0,3634062,python,[JIT],0x0000758d922b4824
993354.0,3634062,python,[JIT],0x0000758d922b65d1
993354.0,3634062,python,[JIT],0x0000758d927cec4e
993354.0,3634084,python,[JIT],0x0000731ba2205ff0
993353.0,3634073,python,[JIT],0x00007373dc9a61ca
993353.0,3634073,python,[JIT],0x00007373dc9a669f
993353.0,3634051,python,[JIT],0x00007a6d26c90a50
993353.0,3634051,python,[JIT],0x00007a6d2708737c
993353.0,3634051,python,[JIT],0x00007a6d2708773d
993353.0,3634073,python,[JIT],0x00007373dcd9d20c
993352.0,3634073,python,[JIT],0x00007373dc9a6c6e
993352.0,3634062,python,[JIT],0x0000758d922b290a
993352.0,3634062,python,[JIT],0x0000758d926c3e72
993352.0,3634073,python,[JIT],0x00007373dcecedc6
993352.0,3634073,python,[JIT],0x00007373dd6132cf
993351.0,3634051,python,[JIT],0x00007a6d27087429
993351.0,3634084,python,[JIT],0x0000731ba22053ab
993351.0,3634084,python,[JIT],0x0000731ba2e3a45b
993350.0,3634029,python,[JIT],0x000077a02e614caf
993350.0,3634073,python,[JIT],0x00007373dcece5be
993350.0,3634062,python,[JIT],0x0000758d922b6380
993350.0,3634062,python,[JIT],0x0000758d926c3d43
993350.0,3634062,python,[JIT],0x0000758d926c43e0
993350.0,3634051,python,[JIT],0x00007a6d271c73e3
993349.0,3634029,python,[JIT],0x000077a02e613d34
993349.0,3634073,python,[JIT],0x00007373dd613533
993349.0,3634062,python,[JIT],0x0000758d927cec47
993349.0,3634084,python,[JIT],0x0000731ba2e3a7d6
993348.0,3634022,python,[JIT],0x000078e61508288c
993348.0,3634073,python,[JIT],0x00007373dc9a57dc
993348.0,3634073,python,[JIT],0x00007373dc9a75db
993347.0,3634073,python,[JIT],0x00007373dcd9e178
993347.0,3634073,python,[JIT],0x00007373dcd9d343
993346.0,3634029,python,[JIT],0x000077a02dcc772f
993346.0,3634073,python,[JIT],0x00007373dcd9dafd
993346.0,3634084,python,[JIT],0x0000731ba2e3aa7f
993346.0,3634073,python,[JIT],0x00007373dcd9e20f
993346.0,3634073,python,[JIT],0x00007373dcd9e9a0
993345.0,3634073,python,[JIT],0x00007373dcece8d3
993345.0,3634073,python,[JIT],0x00007373dd61337e
993344.0,3634073,python,[JIT],0x00007373dcece1d0
993344.0,3634062,python,[JIT],0x0000758d922b273b
993344.0,3634084,python,[JIT],0x0000731ba2205508
993343.0,3634051,python,[JIT],0x00007a6d26c90a43
993342.0,3634051,python,[JIT],0x00007a6d271c7dc6
993342.0,3634084,python,[JIT],0x0000731ba220576d
993341.0,3634022,python,[JIT],0x000078e6154a1b2b
993341.0,3634062,python,[JIT],0x0000758d922b2c39
993341.0,3634084,python,[JIT],0x0000731ba2206045
993341.0,3634073,python,[JIT],0x00007373dcd9d388
993340.0,3634073,python,[JIT],0x00007373dcd9e3a6
993340.0,3634073,python,[JIT],0x00007373dd613685
993340.0,3634062,python,[JIT],0x0000758d926c4da8
993340.0,3634073,python,[JIT],0x00007373dd613aa7
993339.0,3634022,python,[JIT],0x000078e615082a07
993339.0,3634029,python,[JIT],0x000077a02e613ae1
993339.0,3634073,python,[JIT],0x00007373dd61357c
993339.0,3634051,python,[JIT],0x00007a6d26c90c4f
993339.0,3634062,python,[JIT],0x0000758d922b4a4d
993339.0,3634084,python,[JIT],0x0000731ba2e3adda
993338.0,3634073,python,[JIT],0x00007373dd6131c6
993338.0,3634073,python,[JIT],0x00007373dd613abc
993338.0,3634062,python,[JIT],0x0000758d926c3ff0
993338.0,3634062,python,[JIT],0x0000758d926c4385
993338.0,3634084,python,[JIT],0x0000731ba2205faf
993337.0,3634029,python,[JIT],0x000077a02e614994
993337.0,3634022,python,[JIT],0x000078e61547ac1f
993337.0,3634022,python,[JIT],0x000078e61547bc06
993337.0,3634062,python,[JIT],0x0000758d922b412f
993336.0,3634022,python,[JIT],0x000078e61508251e
993336.0,3634073,python,[JIT],0x00007373dd613c22
993336.0,3634051,python,[JIT],0x00007a6d271c7b1a
993336.0,3634084,python,[JIT],0x0000731ba220112b
993336.0,3634084,python,[JIT],0x0000731ba22031dd
993335.0,3634022,python,[JIT],0x000078e615082586
993335.0,3634051,python,[JIT],0x00007a6d27087bea
993335.0,3634062,python,[JIT],0x0000758d922b65c6
993335.0,3634062,python,[JIT],0x0000758d927ceb88
993334.0,3634022,python,[JIT],0x000078e61547a1e7
993334.0,3634029,python,[JIT],0x000077a02e61375e
993334.0,3634062,python,[JIT],0x0000758d922b4528
993333.0,3634051,python,[JIT],0x00007a6d26c90386
993333.0,3634051,python,[JIT],0x00007a6d276eb1af
993333.0,3634084,python,[JIT],0x0000731ba22029aa
993332.0,3634029,python,[JIT],0x000077a02e613f78
993332.0,3634051,python,[JIT],0x00007a6d276eb805
993332.0,3634062,python,[JIT],0x0000758d922b243b
993332.0,3634051,python,[JIT],0x00007a6d270883f6
993332.0,3634051,python,[JIT],0x00007a6d27088604
993332.0,3634084,python,[JIT],0x0000731ba2202c8a
993331.0,3634022,python,[JIT],0x000078e6154a17b0
993331.0,3634062,python,[JIT],0x0000758d926c4cd0
993330.0,3634029,python,[JIT],0x000077a02e61531c
993330.0,3634022,python,[JIT],0x000078e61547a908
993330.0,3634029,python,[JIT],0x000077a02dcc90e0
993329.0,3634022,python,[JIT],0x000078e615083778
993329.0,3634022,python,[JIT],0x000078e615084495
993329.0,3634022,python,[JIT],0x000078e61547a4c1
993329.0,3634029,python,[JIT],0x000077a02e6132f8
993329.0,3634051,python,[JIT],0x00007a6d276eb43a
993329.0,3634051,python,[JIT],0x00007a6d27087d1f
993328.0,3634022,python,[JIT],0x000078e615082f7e
993328.0,3634029,python,[JIT],0x000077a02e613a1f
993328.0,3634073,python,[JIT],0x00007373dd61399f
993327.0,3634051,python,[JIT],0x00007a6d270885d2
993327.0,3634084,python,[JIT],0x0000731ba2206fa3
993326.0,3634029,python,[JIT],0x000077a02e613d39
993326.0,3634022,python,[JIT],0x000078e6150820dc
993326.0,3634022,python,[JIT],0x000078e6155bfd3d
993326.0,3634029,python,[JIT],0x000077a02e6386f5
993326.0,3634029,python,[JIT],0x000077a02e638d87
993326.0,3634051,python,[JIT],0x00007a6d271c7286
993325.0,3634029,python,[JIT],0x000077a02e6134c3
993325.0,3634022,python,[JIT],0x000078e61547a479
993325.0,3634022,python,[JIT],0x000078e61547bbc2
993325.0,3634022,python,[JIT],0x000078e6154a1333
993325.0,3634022,python,[JIT],0x000078e6155bf10c
993325.0,3634051,python,[JIT],0x00007a6d27087e10
993325.0,3634084,python,[JIT],0x0000731ba21ff1be
993324.0,3634029,python,[JIT],0x000077a02e613396
993324.0,3634029,python,[JIT],0x000077a02e6146f0
993324.0,3634022,python,[JIT],0x000078e6154a1501
993324.0,3634029,python,[JIT],0x000077a02dcc78b5
993324.0,3634029,python,[JIT],0x000077a02e63857f
993324.0,3634029,python,[JIT],0x000077a02e821000
993324.0,3634051,python,[JIT],0x00007a6d270874a6
993324.0,3634084,python,[JIT],0x0000731ba2e3aad4
993324.0,3634084,python,[JIT],0x0000731ba2e3aa70
993323.0,3634022,python,[JIT],0x000078e61547a9db
993323.0,3634029,python,[JIT],0x000077a02e6382e1
993323.0,3634073,python,[JIT],0x00007373dd613010
993323.0,3634062,python,[JIT],0x0000758d922b4d40
993323.0,3634051,python,[JIT],0x00007a6d276eb28a
993323.0,3634084,python,[JIT],0x0000731ba2201717
993323.0,3634084,python,[JIT],0x0000731ba2206dc0
993322.0,3634029,python,[JIT],0x000077a02dcc7783
993322.0,3634062,python,[JIT],0x0000758d922b61dd
993322.0,3634062,python,[JIT],0x0000758d926c4a76
993322.0,3634062,python,[JIT],0x0000758d922b59c8
993322.0,3634051,python,[JIT],0x00007a6d276eb3fd
993322.0,3634084,python,[JIT],0x0000731ba2202a6c
993322.0,3634084,python,[JIT],0x0000731ba2e3a90a
993322.0,3634084,python,[JIT],0x0000731ba2e3abc7
993321.0,3634022,python,[JIT],0x000078e6155bf23a
993321.0,3634029,python,[JIT],0x000077a02e6143d9
993321.0,3634051,python,[JIT],0x00007a6d270878a2
993321.0,3634051,python,[JIT],0x00007a6d2708875f
993321.0,3634062,python,[JIT],0x0000758d922b20f4
993321.0,3634062,python,[JIT],0x0000758d922b6104
993321.0,3634084,python,[JIT],0x0000731ba2e3a542
993320.0,3634022,python,[JIT],0x000078e6150844c7
993320.0,3634022,python,[JIT],0x000078e6155bfbdf
993320.0,3634029,python,[JIT],0x000077a02dcc7ada
993320.0,3634029,python,[JIT],0x000077a02dcc8765
993320.0,3634029,python,[JIT],0x000077a02dcc93a3
993320.0,3634029,python,[JIT],0x000077a02e6150e4
993320.0,3634029,python,[JIT],0x000077a02e6383c6
993320.0,3634029,python,[JIT],0x000077a02e638c1f
993320.0,3634073,python,[JIT],0x00007373dcd9db0b
993320.0,3634051,python,[JIT],0x00007a6d270878b8
993320.0,3634062,python,[JIT],0x0000758d926c4fae
993320.0,3634073,python,[JIT],0x00007373dcd9e5a0
993319.0,3634029,python,[JIT],0x000077a02e63873f
993319.0,3634022,python,[JIT],0x000078e615082bcf
993319.0,3634073,python,[JIT],0x00007373dd613ab6
993319.0,3634051,python,[JIT],0x00007a6d270885ee
993319.0,3634051,python,[JIT],0x00007a6d276eb3ab
993319.0,3634084,python,[JIT],0x0000731ba2201a29
993319.0,3634084,python,[JIT],0x0000731ba220535f
993318.0,3634022,python,[JIT],0x000078e6150820a7
993318.0,3634029,python,[JIT],0x000077a02e613b79
993318.0,3634051,python,[JIT],0x00007a6d26c90e05
993318.0,3634051,python,[JIT],0x00007a6d2708725e
993318.0,3634051,python,[JIT],0x00007a6d27088f60
993318.0,3634051,python,[JIT],0x00007a6d27088cc2
993318.0,3634084,python,[JIT],0x0000731ba22035ea
993318.0,3634084,python,[JIT],0x0000731ba22054db
993318.0,3634084,python,[JIT],0x0000731ba2206d36
993318.0,3634073,python,[JIT],0x00007373dcd9f528
993317.0,3634029,python,python,__errno_location@plt
993317.0,3634022,python,[JIT],0x000078e615083ea0
993317.0,3634029,python,[JIT],0x000077a02dcc7226
993317.0,3634029,python,[JIT],0x000077a02dcc780b
993317.0,3634029,python,[JIT],0x000077a02dcc8625
993317.0,3634029,python,[JIT],0x000077a02e6133b3
993317.0,3634029,python,[JIT],0x000077a02e638848
993317.0,3634051,python,[JIT],0x00007a6d27088c10
993317.0,3634051,python,[JIT],0x00007a6d271c75df
993317.0,3634084,python,[JIT],0x0000731ba2201326
993317.0,3634084,python,[JIT],0x0000731ba220350f
993317.0,3634084,python,[JIT],0x0000731ba220565d
993317.0,3634084,python,[JIT],0x0000731ba2201278
993317.0,3634084,python,[JIT],0x0000731ba2206bc6
993317.0,3634084,python,[JIT],0x0000731ba2206f2c
993316.0,3634022,python,[JIT],0x000078e61547bdc0
993316.0,3634029,python,[JIT],0x000077a02dcc9132
993316.0,3634029,python,[JIT],0x000077a02e614618
993316.0,3634073,python,[JIT],0x00007373dc9a5e22
993316.0,3634073,python,[JIT],0x00007373dcecede6
993316.0,3634062,python,[JIT],0x0000758d926c32bd
993316.0,3634051,python,[JIT],0x00007a6d271c726a
993315.0,3634029,python,[JIT],0x000077a02dcc8782
993315.0,3634029,python,[JIT],0x000077a02e2ec861
993315.0,3634029,python,[JIT],0x000077a02e2ecca8
993315.0,3634073,python,[JIT],0x00007373dc9a5fd3
993315.0,3634073,python,[JIT],0x00007373dcd9e3ca
993315.0,3634084,python,[JIT],0x0000731ba22063c3
993315.0,3634084,python,[JIT],0x0000731ba22022c1
993315.0,3634084,python,[JIT],0x0000731ba2206ea1
993315.0,3634084,python,[JIT],0x0000731ba2e3a1f4
993314.0,3634029,python,[JIT],0x000077a02e61331c
993314.0,3634022,python,[JIT],0x000078e61508259b
993314.0,3634022,python,[JIT],0x000078e61547a196
993314.0,3634022,python,[JIT],0x000078e61547bf32
993314.0,3634029,python,[JIT],0x000077a02e638913
993314.0,3634051,python,[JIT],0x00007a6d27088448
993314.0,3634062,python,[JIT],0x0000758d926c3458
993314.0,3634062,python,[JIT],0x0000758d926c37b0
993314.0,3634062,python,[JIT],0x0000758d922b2d83
993314.0,3634051,python,[JIT],0x00007a6d27087c46
993313.0,3634022,python,[JIT],0x000078e6155bf1e4
993313.0,3634022,python,[JIT],0x000078e6155bf638
993313.0,3634029,python,[JIT],0x000077a02dcc71fa
993313.0,3634051,python,[JIT],0x00007a6d27087256
993313.0,3634051,python,[JIT],0x00007a6d26c91298
993312.0,3634029,python,[JIT],0x000077a02e614998
993312.0,3634022,python,[JIT],0x000078e615083465
993312.0,3634022,python,[JIT],0x000078e6155bfb69
993312.0,3634029,python,[JIT],0x000077a02e613bfa
993312.0,3634029,python,[JIT],0x000077a02e638b3a
993312.0,3634062,python,[JIT],0x0000758d926c3618
993312.0,3634051,python,[JIT],0x00007a6d2708899a
993312.0,3634051,python,[JIT],0x00007a6d27088c90
993312.0,3634051,python,[JIT],0x00007a6d276eb355
993312.0,3634084,python,[JIT],0x0000731ba2201d8a
993311.0,3634022,python,[JIT],0x000078e61508271e
993311.0,3634022,python,[JIT],0x000078e61547a3a9
993311.0,3634029,python,[JIT],0x000077a02e2ec99c
993311.0,3634029,python,[JIT],0x000077a02e614d48
993311.0,3634029,python,[JIT],0x000077a02e614da1
993311.0,3634029,python,[JIT],0x000077a02e63834d
993311.0,3634029,python,[JIT],0x000077a02e638aa7
993311.0,3634062,python,[JIT],0x0000758d926c4bb3
993311.0,3634062,python,[JIT],0x0000758d926c5536
993311.0,3634062,python,[JIT],0x0000758d922b4a54
993311.0,3634051,python,[JIT],0x00007a6d26c91037
993311.0,3634051,python,[JIT],0x00007a6d2708820a
993311.0,3634051,python,[JIT],0x00007a6d27088fbc
993311.0,3634051,python,[JIT],0x00007a6d271c7ac2
993311.0,3634084,python,[JIT],0x0000731ba2202ed3
993311.0,3634084,python,[JIT],0x0000731ba22057c9
993311.0,3634084,python,[JIT],0x0000731ba2205b0d
993311.0,3634084,python,[JIT],0x0000731ba220721f
993311.0,3634084,python,[JIT],0x0000731ba2206c35
993310.0,3634029,python,[JIT],0x000077a02dcc84c9
993310.0,3634022,python,[JIT],0x000078e6150845af
993310.0,3634022,python,[JIT],0x000078e6154a100a
993310.0,3634029,python,[JIT],0x000077a02dcc758a
993310.0,3634029,python,[JIT],0x000077a02dcc911c
993310.0,3634029,python,[JIT],0x000077a02e2eca50
993310.0,3634073,python,[JIT],0x00007373dcece77e
993310.0,3634051,python,[JIT],0x00007a6d26c90594
993310.0,3634062,python,[JIT],0x0000758d926c40f7
993310.0,3634062,python,[JIT],0x0000758d922b62d7
993310.0,3634084,python,[JIT],0x0000731ba22057b8
993310.0,3634084,python,[JIT],0x0000731ba2205e1b
993310.0,3634084,python,[JIT],0x0000731ba22072b1
993309.0,3634022,python,[JIT],0x000078e615082000
993309.0,3634022,python,[JIT],0x000078e615083a00
993309.0,3634022,python,[JIT],0x000078e6155bfc4b
993309.0,3634029,python,[JIT],0x000077a02e61390c
993309.0,3634029,python,[JIT],0x000077a02e613d71
993309.0,3634062,python,[JIT],0x0000758d926c537f
993309.0,3634051,python,[JIT],0x00007a6d27087d9d
993309.0,3634084,python,[JIT],0x0000731ba220200f
993309.0,3634084,python,[JIT],0x0000731ba22056d7
993309.0,3634084,python,[JIT],0x0000731ba2206bce
993308.0,3634022,python,[JIT],0x000078e6150828b5
993308.0,3634022,python,[JIT],0x000078e615083baf
993308.0,3634022,python,[JIT],0x000078e61547b9e5
993308.0,3634022,python,[JIT],0x000078e61547ba41
993308.0,3634022,python,[JIT],0x000078e6155bf109
993308.0,3634022,python,[JIT],0x000078e6155bf96a
993308.0,3634029,python,[JIT],0x000077a02dcc8abb
993308.0,3634029,python,[JIT],0x000077a02e613402
993308.0,3634073,python,[JIT],0x00007373dcd9d5c4
993308.0,3634051,python,[JIT],0x00007a6d27088536
993308.0,3634062,python,[JIT],0x0000758d926c449a
993308.0,3634051,python,[JIT],0x00007a6d27087e24
993308.0,3634084,python,[JIT],0x0000731ba220172f
993308.0,3634084,python,[JIT],0x0000731ba2205951
993307.0,3634029,python,[JIT],0x000077a02e6138ca
993307.0,3634022,python,[JIT],0x000078e61547a42d
993307.0,3634022,python,[JIT],0x000078e6155bf41e
993307.0,3634029,python,[JIT],0x000077a02dcc7397
993307.0,3634029,python,[JIT],0x000077a02dcc840b
993307.0,3634029,python,[JIT],0x000077a02e6138b8
993307.0,3634084,python,[JIT],0x0000731ba22055bd
993307.0,3634084,python,[JIT],0x0000731ba2e3a4f3
993307.0,3634084,python,[JIT],0x0000731ba2202949
993306.0,3634022,python,[JIT],0x000078e6154a1dc6
993306.0,3634029,python,[JIT],0x000077a02e63857c
993306.0,3634073,python,[JIT],0x00007373dc9a6a50
993306.0,3634073,python,[JIT],0x00007373dcd9de6e
993306.0,3634073,python,[JIT],0x00007373dcd9ecd0
993306.0,3634062,python,[JIT],0x0000758d926c4287
993306.0,3634062,python,[JIT],0x0000758d926c4f97
993306.0,3634051,python,[JIT],0x00007a6d27087555
993305.0,3634029,python,[JIT],0x000077a02e2ec700
993305.0,3634029,python,[JIT],0x000077a02e6385c5
993305.0,3634029,python,[JIT],0x000077a02e63863f
993305.0,3634051,python,[JIT],0x00007a6d27088253
993305.0,3634062,python,[JIT],0x0000758d922b45a5
993305.0,3634051,python,[JIT],0x00007a6d2708863a
993305.0,3634051,python,[JIT],0x00007a6d27088be0
993305.0,3634051,python,[JIT],0x00007a6d276eb000
993305.0,3634084,python,[JIT],0x0000731ba2e3a7d0
993304.0,3634022,python,[JIT],0x000078e6155bf2f5
993304.0,3634029,python,[JIT],0x000077a02dcc80e7
993304.0,3634029,python,[JIT],0x000077a02e613ce6
993304.0,3634062,python,[JIT],0x0000758d926c3966
993304.0,3634051,python,[JIT],0x00007a6d26c8f772
993304.0,3634051,python,[JIT],0x00007a6d26c8fa82
993304.0,3634051,python,[JIT],0x00007a6d271c75ec
993304.0,3634084,python,[JIT],0x0000731ba2202a04
993304.0,3634084,python,[JIT],0x0000731ba2205010
993304.0,3634084,python,[JIT],0x0000731ba2205290
993304.0,3634084,python,[JIT],0x0000731ba2e3a81d
993303.0,3634022,python,[JIT],0x000078e61547a73d
993303.0,3634022,python,[JIT],0x000078e61547bbee
993303.0,3634022,python,[JIT],0x000078e61547bf67
993303.0,3634022,python,[JIT],0x000078e6154a13e3
993303.0,3634022,python,[JIT],0x000078e6155bf179
993303.0,3634029,python,[JIT],0x000077a02e615178
993303.0,3634073,python,[JIT],0x00007373dcd9e441
993303.0,3634062,python,[JIT],0x0000758d926c50eb
993303.0,3634062,python,[JIT],0x0000758d922b627a
993303.0,3634051,python,[JIT],0x00007a6d2708920f
993303.0,3634051,python,[JIT],0x00007a6d271c7670
993303.0,3634084,python,[JIT],0x0000731ba22057c5
993303.0,3634084,python,[JIT],0x0000731ba2206cd0
993302.0,3634029,python,[JIT],0x000077a02e6388e5
993302.0,3634029,python,[JIT],0x000077a02e638aba
993302.0,3634022,python,[JIT],0x000078e6155bf8e2
993302.0,3634022,python,[JIT],0x000078e6155bfd47
993302.0,3634029,python,[JIT],0x000077a02dcc8b67
993302.0,3634029,python,[JIT],0x000077a02e2ec93c
993302.0,3634029,python,[JIT],0x000077a02e613473
993302.0,3634029,python,[JIT],0x000077a02e6142b3
993302.0,3634062,python,[JIT],0x0000758d926c3fa4
993302.0,3634062,python,[JIT],0x0000758d926c420a
993302.0,3634051,python,[JIT],0x00007a6d27087c3b
993302.0,3634084,python,[JIT],0x0000731ba2e3a887
993301.0,3634022,python,[JIT],0x000078e61547a117
993301.0,3634029,python,[JIT],0x000077a02dcc77d2
993301.0,3634073,python,[JIT],0x00007373dcd9e039
993301.0,3634062,python,[JIT],0x0000758d922b59b6
993301.0,3634062,python,[JIT],0x0000758d926c5229
993301.0,3634062,python,[JIT],0x0000758d926c3d01
993301.0,3634084,python,[JIT],0x0000731ba2206b25
993301.0,3634084,python,[JIT],0x0000731ba2201c8d
993301.0,3634084,python,[JIT],0x0000731ba220200f
993300.0,3634029,python,[JIT],0x000077a02e6131c7
993300.0,3634029,python,[JIT],0x000077a02e613d48
993300.0,3634022,python,[JIT],0x000078e61547ad2d
993300.0,3634022,python,[JIT],0x000078e6155bf3da
993300.0,3634029,python,[JIT],0x000077a02dcc731f
993300.0,3634073,python,[JIT],0x00007373dc9a61ba
993300.0,3634073,python,[JIT],0x00007373dc9a6bb4
993300.0,3634062,python,[JIT],0x0000758d922b41b0
993300.0,3634062,python,[JIT],0x0000758d927cea15
993300.0,3634062,python,[JIT],0x0000758d922b4439
993300.0,3634051,python,[JIT],0x00007a6d27088b7c
993300.0,3634084,python,[JIT],0x0000731ba2205429
993300.0,3634084,python,[JIT],0x0000731ba2205f10
993299.0,3634029,python,[JIT],0x000077a02e638a63
993299.0,3634029,python,[JIT],0x000077a02e638de6
993299.0,3634022,python,[JIT],0x000078e6150825ca
993299.0,3634022,python,[JIT],0x000078e6154a140e
993299.0,3634029,python,[JIT],0x000077a02dcc737d
993299.0,3634029,python,[JIT],0x000077a02e2ec3e7
993299.0,3634029,python,[JIT],0x000077a02e614d17
993299.0,3634029,python,[JIT],0x000077a02e6388e5
993299.0,3634029,python,[JIT],0x000077a02e638de6
993299.0,3634073,python,[JIT],0x00007373dc9a624b
993299.0,3634051,python,[JIT],0x00007a6d26c903cd
993299.0,3634062,python,[JIT],0x0000758d927ce73f
993299.0,3634051,python,[JIT],0x00007a6d26c8f2a7
993299.0,3634051,python,[JIT],0x00007a6d271c7a24
993299.0,3634084,python,python,_PyEval_EvalFrameDefault
993299.0,3634084,python,[JIT],0x0000731ba2202181
993299.0,3634084,python,[JIT],0x0000731ba220551e
993299.0,3634084,python,[JIT],0x0000731ba220570c
993299.0,3634084,python,[JIT],0x0000731ba2e3a355
993299.0,3634084,python,[JIT],0x0000731ba220680a
993299.0,3634084,python,[JIT],0x0000731ba2e3a4ef
993298.0,3634022,python,[JIT],0x000078e615082682
993298.0,3634029,python,[JIT],0x000077a02dcc8c45
993298.0,3634029,python,[JIT],0x000077a02e61356d
993298.0,3634029,python,[JIT],0x000077a02e61432c
993298.0,3634062,python,[JIT],0x0000758d926c3f44
993298.0,3634062,python,[JIT],0x0000758d926c3402
993298.0,3634062,python,[JIT],0x0000758d926c39d4
993298.0,3634051,python,[JIT],0x00007a6d270894b4
993298.0,3634051,python,[JIT],0x00007a6d271c739a
993298.0,3634051,python,[JIT],0x00007a6d276eb978
993298.0,3634084,python,[JIT],0x0000731ba22026a7
993298.0,3634084,python,[JIT],0x0000731ba2206a36
993297.0,3634022,python,[JIT],0x000078e61547ac3b
993297.0,3634029,python,[JIT],0x000077a02e2ecb2f
993297.0,3634051,python,[JIT],0x00007a6d270892b1
993297.0,3634062,python,[JIT],0x0000758d926c3609
993297.0,3634062,python,[JIT],0x0000758d922b2c93
993297.0,3634062,python,[JIT],0x0000758d926c4ac8
993297.0,3634051,python,[JIT],0x00007a6d26c8f35d
993297.0,3634051,python,[JIT],0x00007a6d26c8f429
993297.0,3634051,python,[JIT],0x00007a6d276eb2e1
993297.0,3634084,python,[JIT],0x0000731ba220529e
993297.0,3634084,python,[JIT],0x0000731ba22069ea
993297.0,3634084,python,[JIT],0x0000731ba2e3aa19
993296.0,3634029,python,[JIT],0x000077a02e614c9f
993296.0,3634022,python,[JIT],0x000078e615082fcc
993296.0,3634022,python,[JIT],0x000078e61547ad71
993296.0,3634022,python,[JIT],0x000078e61547bfae
993296.0,3634029,python,[JIT],0x000077a02e613863
993296.0,3634051,python,[JIT],0x00007a6d27087362
993296.0,3634062,python,[JIT],0x0000758d926c52cd
993296.0,3634062,python,[JIT],0x0000758d922b6212
993296.0,3634062,python,[JIT],0x0000758d926c4c26
993296.0,3634051,python,[JIT],0x00007a6d26c8ffcc
993296.0,3634051,python,[JIT],0x00007a6d26c90212
993296.0,3634051,python,[JIT],0x00007a6d27087b19
993296.0,3634051,python,[JIT],0x00007a6d271c7776
993296.0,3634084,python,[JIT],0x0000731ba21ff678
993296.0,3634084,python,[JIT],0x0000731ba22027ef
993296.0,3634084,python,[JIT],0x0000731ba22059f6
993296.0,3634084,python,libm.so.6,__pow_finite@GLIBC_2.15@plt
993295.0,3634022,python,[JIT],0x000078e61547a2a5
993295.0,3634029,python,[JIT],0x000077a02e6382a6
993295.0,3634073,python,[JIT],0x00007373dc9a57f6
993295.0,3634073,python,[JIT],0x00007373dc9a637e
993295.0,3634062,python,[JIT],0x0000758d927ce10c
993295.0,3634051,python,[JIT],0x00007a6d271c7b2f
993295.0,3634084,python,[JIT],0x0000731ba2205ee4
993294.0,3634022,python,[JIT],0x000078e61547a817
993294.0,3634022,python,[JIT],0x000078e6155bf83e
993294.0,3634022,python,[JIT],0x000078e6155bfb33
993294.0,3634029,python,[JIT],0x000077a02e61317d
993294.0,3634062,python,[JIT],0x0000758d926c43a1
993294.0,3634062,python,[JIT],0x0000758d927ce734
993294.0,3634051,python,[JIT],0x00007a6d27088de7
993294.0,3634084,python,[JIT],0x0000731ba2206a1f
993293.0,3634022,python,[JIT],0x000078e61547a8cc
993293.0,3634029,python,[JIT],0x000077a02dcc8133
993293.0,3634073,python,[JIT],0x00007373dcece00a
993293.0,3634062,python,[JIT],0x0000758d926c459a
993293.0,3634084,python,python,method_vectorcall_O
993293.0,3634084,python,[JIT],0x0000731ba2206679
993293.0,3634084,python,[JIT],0x0000731ba2e3ade0
993293.0,3634073,python,[JIT],0x00007373dcd9e874
993292.0,3634073,python,[JIT],0x00007373dc9a5557
993292.0,3634073,python,[JIT],0x00007373dd613272
993292.0,3634073,python,[JIT],0x00007373dd613bc7
993292.0,3634062,python,[JIT],0x0000758d926c48c9
993292.0,3634062,python,[JIT],0x0000758d922b4737
993292.0,3634062,python,[JIT],0x0000758d926c3c3b
993292.0,3634051,python,[JIT],0x00007a6d26c90a6c
993292.0,3634051,python,[JIT],0x00007a6d2708759e
993292.0,3634051,python,[JIT],0x00007a6d270877b8
993292.0,3634051,python,[JIT],0x00007a6d27087d3f
993292.0,3634084,python,[JIT],0x0000731ba22063bc
993291.0,3634029,python,[JIT],0x000077a02e6148b7
993291.0,3634029,python,[JIT],0x000077a02e6150b8
993291.0,3634022,python,[JIT],0x000078e615082f97
993291.0,3634029,python,[JIT],0x000077a02dcc7a87
993291.0,3634029,python,[JIT],0x000077a02e2ec976
993291.0,3634073,python,[JIT],0x00007373dc9a64df
993291.0,3634073,python,[JIT],0x00007373dc9a6d75
993291.0,3634073,python,[JIT],0x00007373dcd9ed68
993291.0,3634073,python,[JIT],0x00007373dd6133ad
993291.0,3634051,python,[JIT],0x00007a6d276eb1f0
993291.0,3634062,python,[JIT],0x0000758d926c3e6e
993291.0,3634062,python,[JIT],0x0000758d922b23be
993291.0,3634062,python,[JIT],0x0000758d922b5684
993291.0,3634051,python,[JIT],0x00007a6d27087437
993291.0,3634084,python,[JIT],0x0000731ba21ff495
993291.0,3634084,python,[JIT],0x0000731ba2e3a2eb
993291.0,3634084,python,[JIT],0x0000731ba21ffaa2
993291.0,3634073,python,[JIT],0x00007373dcd9d58a
993290.0,3634029,python,[JIT],0x000077a02e61528f
993290.0,3634022,python,[JIT],0x000078e6155bf353
993290.0,3634029,python,[JIT],0x000077a02dcc8207
993290.0,3634029,python,[JIT],0x000077a02e638aab
993290.0,3634073,python,[JIT],0x00007373dc9a6178
993290.0,3634073,python,[JIT],0x00007373dc9a70e8
993290.0,3634073,python,[JIT],0x00007373dd613838
993290.0,3634073,python,[JIT],0x00007373dd613d39
993290.0,3634062,python,[JIT],0x0000758d922b53cd
993290.0,3634062,python,[JIT],0x0000758d926c3758
993290.0,3634062,python,[JIT],0x0000758d926c44f7
993290.0,3634051,python,[JIT],0x00007a6d26c8f65b
993290.0,3634051,python,[JIT],0x00007a6d270891ad
993290.0,3634084,python,[JIT],0x0000731ba22068ef
993289.0,3634022,python,[JIT],0x000078e615082d3a
993289.0,3634022,python,[JIT],0x000078e61547b8bb
993289.0,3634029,python,[JIT],0x000077a02e61368c
993289.0,3634029,python,[JIT],0x000077a02e638923
993289.0,3634073,python,[JIT],0x00007373dc9a5aef
993289.0,3634062,python,[JIT],0x0000758d927ce52c
993289.0,3634051,python,[JIT],0x00007a6d27088f4a
993289.0,3634084,python,[JIT],0x0000731ba21ffc17
993289.0,3634084,python,[JIT],0x0000731ba22051a2
993289.0,3634084,python,[JIT],0x0000731ba22071ad
993288.0,3634029,python,[JIT],0x000077a02e6150b1
993288.0,3634073,python,[JIT],0x00007373dc9a6c42
993288.0,3634073,python,[JIT],0x00007373dcd9df8a
993288.0,3634062,python,[JIT],0x0000758d926c3452
993288.0,3634062,python,[JIT],0x0000758d926c3cf7
993288.0,3634051,python,[JIT],0x00007a6d27087581
993288.0,3634084,python,[JIT],0x0000731ba2201b9e
993288.0,3634084,python,[JIT],0x0000731ba22029ee
993287.0,3634022,python,[JIT],0x000078e6150834bb
993287.0,3634022,python,[JIT],0x000078e615083a3f
993287.0,3634073,python,[JIT],0x00007373dcd9f113
993287.0,3634062,python,[JIT],0x0000758d926c3a7d
993287.0,3634051,python,[JIT],0x00007a6d276eb720
993287.0,3634084,python,[JIT],0x0000731ba22063a6
993286.0,3634029,python,[JIT],0x000077a02e61436a
993286.0,3634022,python,[JIT],0x000078e6150825be
993286.0,3634029,python,[JIT],0x000077a02dcc7b7c
993286.0,3634073,python,[JIT],0x00007373dcd9d5e6
993286.0,3634073,python,[JIT],0x00007373dcece2eb
993286.0,3634073,python,[JIT],0x00007373dd613c54
993286.0,3634073,python,[JIT],0x00007373dd8cc089
993286.0,3634062,python,[JIT],0x0000758d926c3a4f
993286.0,3634062,python,[JIT],0x0000758d926c3e5e
993286.0,3634062,python,[JIT],0x0000758d926c4045
993286.0,3634062,python,[JIT],0x0000758d927ce96a
993286.0,3634073,python,[JIT],0x00007373dcd9d277
993286.0,3634073,python,[JIT],0x00007373dcd9db07
993285.0,3634073,python,[JIT],0x00007373dcecedd2
993285.0,3634051,python,[JIT],0x00007a6d276ebb9f
993285.0,3634062,python,[JIT],0x0000758d926c4aa2
993285.0,3634062,python,[JIT],0x0000758d926c3202
993285.0,3634051,python,[JIT],0x00007a6d26c91099
993285.0,3634084,python,[JIT],0x0000731ba2e3a3c6
993284.0,3634029,python,[JIT],0x000077a02dcc73b4
993284.0,3634029,python,[JIT],0x000077a02e6154d2
993284.0,3634073,python,[JIT],0x00007373dc9a500a
993284.0,3634073,python,[JIT],0x00007373dcd9d57f
993284.0,3634062,python,[JIT],0x0000758d927ce881
993284.0,3634062,python,[JIT],0x0000758d927cea83
993284.0,3634051,python,[JIT],0x00007a6d27088071
993284.0,3634084,python,[JIT],0x0000731ba2202c2e
993284.0,3634084,python,[JIT],0x0000731ba2205684
993283.0,3634022,python,[JIT],0x000078e61547ae5a
993283.0,3634022,python,[JIT],0x000078e6154a154e
993283.0,3634029,python,[JIT],0x000077a02e614515
993283.0,3634029,python,[JIT],0x000077a02e614b25
993283.0,3634073,python,[JIT],0x00007373dc9a55d0
993283.0,3634073,python,[JIT],0x00007373dcd9d109
993283.0,3634073,python,[JIT],0x00007373dcd9d74a
993283.0,3634073,python,[JIT],0x00007373dcd9ef02
993283.0,3634073,python,[JIT],0x00007373dd6138a3
993283.0,3634062,python,[JIT],0x0000758d926c3c00
993283.0,3634062,python,[JIT],0x0000758d922b50a3
993283.0,3634062,python,[JIT],0x0000758d926c4d17
993283.0,3634062,python,[JIT],0x0000758d927cec37
993283.0,3634051,python,[JIT],0x00007a6d27087290
993283.0,3634051,python,[JIT],0x00007a6d27087709
993282.0,3634022,python,[JIT],0x000078e61547ad2a
993282.0,3634029,python,[JIT],0x000077a02dcc8b2e
993282.0,3634029,python,[JIT],0x000077a02e615528
993282.0,3634073,python,[JIT],0x00007373dcd9d179
993282.0,3634073,python,[JIT],0x00007373dcece645
993282.0,3634062,python,[JIT],0x0000758d926c3d4f
993282.0,3634062,python,[JIT],0x0000758d926c461f
993282.0,3634062,python,[JIT],0x0000758d927ce117
993282.0,3634051,python,[JIT],0x00007a6d26c90c75
993282.0,3634051,python,[JIT],0x00007a6d2708871f
993282.0,3634073,python,[JIT],0x00007373dc9a5e53
993281.0,3634022,python,[JIT],0x000078e61508318b
993281.0,3634022,python,[JIT],0x000078e6155bf32a
993281.0,3634029,python,[JIT],0x000077a02e638a15
993281.0,3634073,python,[JIT],0x00007373dc9a58b5
993281.0,3634073,python,[JIT],0x00007373dcd9e034
993281.0,3634073,python,[JIT],0x00007373dd613149
993281.0,3634062,python,[JIT],0x0000758d922b213e
993281.0,3634062,python,[JIT],0x0000758d926c31a2
993281.0,3634051,python,[JIT],0x00007a6d270872f8
993281.0,3634084,python,[JIT],0x0000731ba21ffca3
993281.0,3634073,python,[JIT],0x00007373dcd9e689
993280.0,3634073,python,[JIT],0x00007373dcd9d3de
993280.0,3634051,python,[JIT],0x00007a6d27089513
993280.0,3634062,python,[JIT],0x0000758d926c3333
993280.0,3634062,python,[JIT],0x0000758d927ce5ff
993280.0,3634062,python,[JIT],0x0000758d922b2212
993280.0,3634062,python,[JIT],0x0000758d922b5755
993280.0,3634062,python,[JIT],0x0000758d926c31e1
993279.0,3634022,python,[JIT],0x000078e6154a1522
993279.0,3634022,python,[JIT],0x000078e6154a1ad4
993279.0,3634062,python,[JIT],0x0000758d922b2867
993279.0,3634062,python,[JIT],0x0000758d922b4ed5
993279.0,3634062,python,[JIT],0x0000758d922b541c
993279.0,3634051,python,[JIT],0x00007a6d27088a33
993279.0,3634051,python,[JIT],0x00007a6d271c7c9a
993279.0,3634051,python,[JIT],0x00007a6d276ebdda
993279.0,3634084,python,[JIT],0x0000731ba2201b33
993279.0,3634073,python,[JIT],0x00007373dc9a6a9f
993278.0,3634022,python,[JIT],0x000078e61508450f
993278.0,3634022,python,[JIT],0x000078e6155bf37e
993278.0,3634029,python,[JIT],0x000077a02e614944
993278.0,3634073,python,[JIT],0x00007373dc9a52db
993278.0,3634073,python,[JIT],0x00007373dcd9d581
993278.0,3634073,python,[JIT],0x00007373dcd9e1f2
993278.0,3634073,python,[JIT],0x00007373dcd9e22c
993278.0,3634062,python,[JIT],0x0000758d926c4ab0
993278.0,3634062,python,[JIT],0x0000758d922b4eba
993278.0,3634062,python,[JIT],0x0000758d927ce57c
993278.0,3634062,python,[JIT],0x0000758d927cec87
993278.0,3634062,python,[JIT],0x0000758d927ced68
993278.0,3634084,python,[JIT],0x0000731ba2e3a17d
993277.0,3634022,python,[JIT],0x000078e6154a13dd
993277.0,3634029,python,[JIT],0x000077a02e613a26
993277.0,3634051,python,[JIT],0x00007a6d2708729a
993277.0,3634062,python,[JIT],0x0000758d922b62d3
993277.0,3634062,python,[JIT],0x0000758d926c31c5
993276.0,3634029,python,[JIT],0x000077a02dcc8b1e
993276.0,3634029,python,[JIT],0x000077a02dcc91f3
993276.0,3634029,python,[JIT],0x000077a02e614501
993276.0,3634073,python,[JIT],0x00007373dc9a57e2
993276.0,3634062,python,[JIT],0x0000758d922b22d9
993276.0,3634051,python,[JIT],0x00007a6d26c907bc
993276.0,3634051,python,[JIT],0x00007a6d26c9166a
993275.0,3634029,python,[JIT],0x000077a02e6151aa
993275.0,3634022,python,[JIT],0x000078e6154a13ee
993275.0,3634029,python,[JIT],0x000077a02e2ec5e3
993275.0,3634029,python,[JIT],0x000077a02e638685
993275.0,3634029,python,[JIT],0x000077a02e63881a
993275.0,3634073,python,[JIT],0x00007373dc9a516e
993275.0,3634073,python,[JIT],0x00007373dc9a584e
993275.0,3634073,python,[JIT],0x00007373dc9a6c45
993275.0,3634062,python,[JIT],0x0000758d922b2338
993275.0,3634062,python,[JIT],0x0000758d922b5c8a
993275.0,3634062,python,[JIT],0x0000758d926c3273
993275.0,3634062,python,[JIT],0x0000758d926c482f
993275.0,3634051,python,[JIT],0x00007a6d270893f8
993274.0,3634022,python,[JIT],0x000078e615082eb1
993274.0,3634022,python,[JIT],0x000078e61547aba0
993274.0,3634029,python,[JIT],0x000077a02e6133c1
993274.0,3634073,python,[JIT],0x00007373dcd9d754
993274.0,3634073,python,[JIT],0x00007373dcd9d817
993274.0,3634073,python,[JIT],0x00007373dcece218
993274.0,3634062,python,[JIT],0x0000758d926c3a9a
993274.0,3634062,python,[JIT],0x0000758d926c35d9
993274.0,3634062,python,[JIT],0x0000758d926c4178
993274.0,3634051,python,[JIT],0x00007a6d276eb4b2
993274.0,3634084,python,[JIT],0x0000731ba220564d
993273.0,3634022,python,[JIT],0x000078e615083c8e
993273.0,3634073,python,[JIT],0x00007373dc9a5399
993273.0,3634073,python,[JIT],0x00007373dcd9d2bd
993273.0,3634073,python,[JIT],0x00007373dcd9d60d
993273.0,3634062,python,[JIT],0x0000758d922b4916
993273.0,3634062,python,[JIT],0x0000758d926c3429
993273.0,3634051,python,[JIT],0x00007a6d26c8f572
993273.0,3634084,python,[JIT],0x0000731ba2206a76
993272.0,3634022,python,[JIT],0x000078e615082953
993272.0,3634022,python,[JIT],0x000078e615083964
993272.0,3634022,python,[JIT],0x000078e6154a19f5
993272.0,3634062,python,[JIT],0x0000758d926c369f
993272.0,3634062,python,[JIT],0x0000758d922b6316
993272.0,3634062,python,[JIT],0x0000758d926c4d45
993272.0,3634051,python,[JIT],0x00007a6d2708816c
993272.0,3634051,python,[JIT],0x00007a6d27088e93
993272.0,3634084,python,[JIT],0x0000731ba21ff867
993272.0,3634084,python,[JIT],0x0000731ba22018de
993271.0,3634073,python,[JIT],0x00007373dc9a5645
993271.0,3634073,python,[JIT],0x00007373dcd9d5c1
993271.0,3634062,python,[JIT],0x0000758d927ce51b
993271.0,3634062,python,[JIT],0x0000758d931d6068
993271.0,3634051,python,[JIT],0x00007a6d26c8ff97
993271.0,3634051,python,[JIT],0x00007a6d26c90746
993271.0,3634084,python,[JIT],0x0000731ba2201ed1
993270.0,3634029,python,[JIT],0x000077a02e614d68
993270.0,3634029,python,[JIT],0x000077a02e63828d
993270.0,3634073,python,[JIT],0x00007373dc9a5df6
993270.0,3634073,python,[JIT],0x00007373dc9a708c
993270.0,3634051,python,[JIT],0x00007a6d26c8f700
993270.0,3634062,python,[JIT],0x0000758d922b25cf
993270.0,3634062,python,[JIT],0x0000758d926c538f
993270.0,3634051,python,[JIT],0x00007a6d27087938
993270.0,3634084,python,[JIT],0x0000731ba2202d45
993270.0,3634073,python,[JIT],0x00007373dc9a72b7
993269.0,3634029,python,[JIT],0x000077a02e61342d
993269.0,3634022,python,[JIT],0x000078e6150839ae
993269.0,3634022,python,[JIT],0x000078e61547b518
993269.0,3634029,python,[JIT],0x000077a02e61507f
993269.0,3634073,python,[JIT],0x00007373dcece522
993269.0,3634051,python,[JIT],0x00007a6d270892a4
993268.0,3634022,python,[JIT],0x000078e61547a0f1
993268.0,3634022,python,[JIT],0x000078e61547b07c
993268.0,3634029,python,[JIT],0x000077a02dcc8977
993268.0,3634073,python,[JIT],0x00007373dc9a61a4
993268.0,3634073,python,[JIT],0x00007373dd613c13
993268.0,3634062,python,[JIT],0x0000758d926c4f67
993268.0,3634062,python,[JIT],0x0000758d922b4700
993268.0,3634062,python,[JIT],0x0000758d922b4a5c
993268.0,3634062,python,[JIT],0x0000758d926c37d7
993268.0,3634062,python,[JIT],0x0000758d926c4c6c
993268.0,3634051,python,[JIT],0x00007a6d27088a68
993268.0,3634084,python,[JIT],0x0000731ba21ffca8
993268.0,3634084,python,[JIT],0x0000731ba22031cc
993267.0,3634029,python,[JIT],0x000077a02e6154eb
993267.0,3634022,python,[JIT],0x000078e615082439
993267.0,3634022,python,[JIT],0x000078e61547a834
993267.0,3634022,python,[JIT],0x000078e61547ac38
993267.0,3634022,python,[JIT],0x000078e61547be86
993267.0,3634022,python,[JIT],0x000078e6155bf332
993267.0,3634022,python,[JIT],0x000078e6155bf86b
993267.0,3634029,python,[JIT],0x000077a02dcc8386
993267.0,3634029,python,[JIT],0x000077a02e613179
993267.0,3634029,python,[JIT],0x000077a02e613a9a
993267.0,3634051,python,[JIT],0x00007a6d276eb7c0
993267.0,3634062,python,[JIT],0x0000758d922b5dc1
993267.0,3634051,python,[JIT],0x00007a6d276eb75f
993267.0,3634084,python,[JIT],0x0000731ba22071bb
993267.0,3634084,python,[JIT],0x0000731ba2e3ada3
993266.0,3634029,python,[JIT],0x000077a02e613e61
993266.0,3634051,python,[JIT],0x00007a6d27087f58
993266.0,3634051,python,[JIT],0x00007a6d27088efa
993266.0,3634062,python,[JIT],0x0000758d922b2076
993266.0,3634062,python,[JIT],0x0000758d926c54e2
993266.0,3634051,python,[JIT],0x00007a6d26c912b7
993266.0,3634051,python,[JIT],0x00007a6d27089528
993265.0,3634022,python,[JIT],0x000078e61547b1ac
993265.0,3634022,python,[JIT],0x000078e61547b345
993265.0,3634051,python,[JIT],0x00007a6d276ebc59
993265.0,3634084,python,[JIT],0x0000731ba220212a
993265.0,3634084,python,[JIT],0x0000731ba2202fe4
993265.0,3634084,python,[JIT],0x0000731ba2206b7f
993265.0,3634073,python,[JIT],0x00007373dcd9ebd6
993264.0,3634022,python,[JIT],0x000078e6150843ff
993264.0,3634022,python,[JIT],0x000078e61547a1b0
993264.0,3634029,python,[JIT],0x000077a02e613336
993264.0,3634029,python,[JIT],0x000077a02e638be7
993264.0,3634051,python,[JIT],0x00007a6d27087cf4
993264.0,3634073,python,[JIT],0x00007373dcd9d60f
993263.0,3634022,python,[JIT],0x000078e615082da5
993263.0,3634022,python,[JIT],0x000078e61547a843
993263.0,3634073,python,[JIT],0x00007373dd6131e6
993263.0,3634051,python,[JIT],0x00007a6d27087c82
993263.0,3634062,python,[JIT],0x0000758d926c4bb7
993263.0,3634051,python,[JIT],0x00007a6d27087388
993263.0,3634084,python,[JIT],0x0000731ba22027bc
993263.0,3634084,python,[JIT],0x0000731ba2205e31
993263.0,3634084,python,[JIT],0x0000731ba220707c
993262.0,3634029,python,[JIT],0x000077a02e614dca
993262.0,3634022,python,[JIT],0x000078e6155bf4c0
993262.0,3634029,python,[JIT],0x000077a02e614dc0
993262.0,3634029,python,[JIT],0x000077a02e638149
993262.0,3634051,python,[JIT],0x00007a6d27087194
993262.0,3634051,python,[JIT],0x00007a6d27087353
993262.0,3634062,python,[JIT],0x0000758d922b49a5
993262.0,3634062,python,[JIT],0x0000758d926c4a1f
993262.0,3634051,python,[JIT],0x00007a6d26c90086
993262.0,3634051,python,[JIT],0x00007a6d270891bb
993262.0,3634051,python,[JIT],0x00007a6d276eb9a4
993262.0,3634084,python,[JIT],0x0000731ba2205d4b
993262.0,3634073,python,[JIT],0x00007373dcd9d5f1
993261.0,3634022,python,[JIT],0x000078e61547a5dd
993261.0,3634022,python,[JIT],0x000078e6155bf2e4
993261.0,3634029,python,[JIT],0x000077a02dcc8389
993261.0,3634029,python,[JIT],0x000077a02e613a91
993261.0,3634029,python,[JIT],0x000077a02e614634
993261.0,3634073,python,[JIT],0x00007373dcece3a0
993261.0,3634051,python,[JIT],0x00007a6d270876fb
993261.0,3634062,python,[JIT],0x0000758d926c3c90
993261.0,3634062,python,[JIT],0x0000758d922b5b67
993261.0,3634051,python,[JIT],0x00007a6d27087000
993261.0,3634051,python,[JIT],0x00007a6d271c74dc
993261.0,3634084,python,[JIT],0x0000731ba2201355
993261.0,3634084,python,[JIT],0x0000731ba2201da5
993261.0,3634084,python,[JIT],0x0000731ba2e3a665
993260.0,3634029,python,[JIT],0x000077a02e6141fe
993260.0,3634029,python,[JIT],0x000077a02e614ac0
993260.0,3634029,python,[JIT],0x000077a02e638ab6
993260.0,3634022,python,[JIT],0x000078e61547a8ce
993260.0,3634029,python,[JIT],0x000077a02dcc73b8
993260.0,3634051,python,[JIT],0x00007a6d27087faf
993260.0,3634062,python,python,float_div
993260.0,3634062,python,[JIT],0x0000758d922b40c0
993260.0,3634051,python,[JIT],0x00007a6d2708861f
993259.0,3634022,python,[JIT],0x000078e61547c4b4
993259.0,3634029,python,[JIT],0x000077a02e61524f
993259.0,3634051,python,[JIT],0x00007a6d27088180
993259.0,3634062,python,[JIT],0x0000758d922b63d8
993259.0,3634062,python,[JIT],0x0000758d926c324d
993259.0,3634051,python,[JIT],0x00007a6d27088221
993259.0,3634084,python,[JIT],0x0000731ba21ffa24
993258.0,3634022,python,[JIT],0x000078e615082559
993258.0,3634022,python,[JIT],0x000078e615082582
993258.0,3634022,python,[JIT],0x000078e61547bd36
993258.0,3634022,python,[JIT],0x000078e61547bfd9
993258.0,3634029,python,[JIT],0x000077a02e61350c
993258.0,3634073,python,[JIT],0x00007373dcd9d353
993258.0,3634073,python,[JIT],0x00007373dcd9f05f
993258.0,3634062,python,[JIT],0x0000758d927ce9bc
993258.0,3634062,python,[JIT],0x0000758d926c3505
993258.0,3634062,python,[JIT],0x0000758d927ce872
993258.0,3634051,python,[JIT],0x00007a6d26c90ef1
993258.0,3634051,python,[JIT],0x00007a6d26c90f92
993258.0,3634051,python,[JIT],0x00007a6d27087a23
993258.0,3634084,python,[JIT],0x0000731ba2201341
993258.0,3634084,python,[JIT],0x0000731ba22071fc
993257.0,3634029,python,[JIT],0x000077a02e2eccb8
993257.0,3634029,python,[JIT],0x000077a02e613414
993257.0,3634022,python,[JIT],0x000078e61547a173
993257.0,3634022,python,[JIT],0x000078e6155bf436
993257.0,3634022,python,[JIT],0x000078e6155bf827
993257.0,3634029,python,[JIT],0x000077a02e61481b
993257.0,3634029,python,[JIT],0x000077a02e6385d4
993257.0,3634062,python,[JIT],0x0000758d922b6302
993257.0,3634051,python,[JIT],0x00007a6d2708867d
993257.0,3634084,python,[JIT],0x0000731ba2205c1f
993256.0,3634022,python,[JIT],0x000078e6154a1b1a
993256.0,3634022,python,[JIT],0x000078e6155bfb26
993256.0,3634029,python,[JIT],0x000077a02dcc8fbc
993256.0,3634029,python,[JIT],0x000077a02e638796
993256.0,3634051,python,[JIT],0x00007a6d27087a17
993256.0,3634062,python,[JIT],0x0000758d926c402b
993256.0,3634062,python,[JIT],0x0000758d926c4679
993256.0,3634062,python,[JIT],0x0000758d922b46ca
993256.0,3634062,python,[JIT],0x0000758d922b5e00
993256.0,3634062,python,[JIT],0x0000758d922b64c7
993256.0,3634062,python,[JIT],0x0000758d926c3c82
993256.0,3634062,python,[JIT],0x0000758d926c4777
993256.0,3634051,python,[JIT],0x00007a6d270873f6
993256.0,3634051,python,[JIT],0x00007a6d27088df2
993256.0,3634084,python,[JIT],0x0000731ba22057c7
993256.0,3634084,python,[JIT],0x0000731ba2205581
993255.0,3634029,python,[JIT],0x000077a02e638127
993255.0,3634022,python,[JIT],0x000078e61547a59e
993255.0,3634022,python,[JIT],0x000078e6154a1435
993255.0,3634029,python,[JIT],0x000077a02dcc7894
993255.0,3634029,python,[JIT],0x000077a02e2ec711
993255.0,3634029,python,[JIT],0x000077a02e614708
993255.0,3634073,python,[JIT],0x00007373dcd9d9ec
993255.0,3634073,python,[JIT],0x00007373dd613672
993255.0,3634051,python,[JIT],0x00007a6d27087c7b
993255.0,3634051,python,[JIT],0x00007a6d270892be
993255.0,3634051,python,[JIT],0x00007a6d27088a76
993255.0,3634084,python,[JIT],0x0000731ba220120f
993255.0,3634084,python,[JIT],0x0000731ba22057ac
993255.0,3634084,python,[JIT],0x0000731ba2206f4a
993255.0,3634084,python,[JIT],0x0000731ba220520c
993255.0,3634084,python,[JIT],0x0000731ba22057cb
993255.0,3634084,python,[JIT],0x0000731ba2e3a5a6
993254.0,3634022,python,[JIT],0x000078e615082477
993254.0,3634022,python,[JIT],0x000078e61547b594
993254.0,3634022,python,[JIT],0x000078e6155bf0f1
993254.0,3634029,python,[JIT],0x000077a02e61351a
993254.0,3634051,python,[JIT],0x00007a6d26c8f70e
993254.0,3634062,python,[JIT],0x0000758d926c34c3
993254.0,3634051,python,[JIT],0x00007a6d26c90fbc
993254.0,3634051,python,[JIT],0x00007a6d276eb5aa
993254.0,3634084,python,[JIT],0x0000731ba2e3a731
993254.0,3634084,python,[JIT],0x0000731ba2e3a7ca
993254.0,3634084,python,[JIT],0x0000731ba22021ba
993254.0,3634073,python,[JIT],0x00007373dcd9e59a
993253.0,3634029,python,[JIT],0x000077a02e61329f
993253.0,3634029,python,[JIT],0x000077a02e613c41
993253.0,3634029,python,[JIT],0x000077a02e613d04
993253.0,3634029,python,[JIT],0x000077a02e6380a9
993253.0,3634022,python,[JIT],0x000078e61547a646
993253.0,3634029,python,python,memory_dealloc
993253.0,3634029,python,[JIT],0x000077a02e6130a7
993253.0,3634029,python,[JIT],0x000077a02e6132d8
993253.0,3634029,python,[JIT],0x000077a02e638731
993253.0,3634073,python,[JIT],0x00007373dcd9ef0c
993253.0,3634062,python,[JIT],0x0000758d922b41ec
993253.0,3634062,python,[JIT],0x0000758d926c3d9d
993253.0,3634051,python,[JIT],0x00007a6d26c90401
993253.0,3634051,python,[JIT],0x00007a6d270883f1
993253.0,3634084,python,[JIT],0x0000731ba2206e93
993252.0,3634029,python,[JIT],0x000077a02e613546
993252.0,3634022,python,[JIT],0x000078e615082717
993252.0,3634029,python,[JIT],0x000077a02dcc7f59
993252.0,3634062,python,[JIT],0x0000758d926c369d
993252.0,3634051,python,[JIT],0x00007a6d26c8f60f
993252.0,3634051,python,[JIT],0x00007a6d27087280
993252.0,3634051,python,[JIT],0x00007a6d271c76df
993252.0,3634084,python,[JIT],0x0000731ba22033dc
993252.0,3634084,python,[JIT],0x0000731ba2206ac8
993251.0,3634029,python,[JIT],0x000077a02e638835
993251.0,3634022,python,[JIT],0x000078e61508279e
993251.0,3634022,python,[JIT],0x000078e6150843ef
993251.0,3634029,python,[JIT],0x000077a02dcc7c02
993251.0,3634029,python,[JIT],0x000077a02e2ec56b
993251.0,3634029,python,[JIT],0x000077a02e6138df
993251.0,3634073,python,[JIT],0x00007373dcd9d1c7
993251.0,3634062,python,[JIT],0x0000758d926c4b72
993251.0,3634062,python,[JIT],0x0000758d926c3b9b
993251.0,3634051,python,[JIT],0x00007a6d27bb5010
993251.0,3634084,python,[JIT],0x0000731ba2201519
993251.0,3634084,python,[JIT],0x0000731ba2e3a95c
993250.0,3634029,python,[JIT],0x000077a02e614aa2
993250.0,3634022,python,[JIT],0x000078e6150824f5
993250.0,3634022,python,[JIT],0x000078e6150840b1
993250.0,3634029,python,[JIT],0x000077a02e2ec5b4
993250.0,3634029,python,[JIT],0x000077a02e6131bf
993250.0,3634029,python,[JIT],0x000077a02e61342d
993250.0,3634029,python,[JIT],0x000077a02e6385c1
993250.0,3634062,python,[JIT],0x0000758d922b4e22
993250.0,3634062,python,[JIT],0x0000758d927ce63f
993250.0,3634051,python,[JIT],0x00007a6d26c8fa60
993250.0,3634051,python,[JIT],0x00007a6d2708830c
993250.0,3634051,python,[JIT],0x00007a6d276ebc9c
993250.0,3634084,python,[JIT],0x0000731ba2206178
993249.0,3634029,python,[JIT],0x000077a02e638cc3
993249.0,3634022,python,[JIT],0x000078e6150836d7
993249.0,3634022,python,[JIT],0x000078e61547c109
993249.0,3634022,python,[JIT],0x000078e6155bf787
993249.0,3634029,python,[JIT],0x000077a02dcc720f
993249.0,3634029,python,[JIT],0x000077a02dcc827f
993249.0,3634029,python,[JIT],0x000077a02e2ec2aa
993249.0,3634029,python,[JIT],0x000077a02e638bc7
993249.0,3634073,python,[JIT],0x00007373dcd9f396
993249.0,3634062,python,[JIT],0x0000758d926c4ef8
993249.0,3634062,python,[JIT],0x0000758d922b5ea7
993249.0,3634051,python,[JIT],0x00007a6d26c90697
993249.0,3634051,python,[JIT],0x00007a6d26c9116c
993249.0,3634051,python,[JIT],0x00007a6d271c7c2e
993249.0,3634051,python,[JIT],0x00007a6d276eb902
993249.0,3634084,python,[JIT],0x0000731ba220577f
993249.0,3634073,python,[JIT],0x00007373dcd9edcd
993248.0,3634022,python,[JIT],0x000078e6150828af
993248.0,3634022,python,[JIT],0x000078e6155bfde8
993248.0,3634029,python,[JIT],0x000077a02dcc74a8
993248.0,3634029,python,[JIT],0x000077a02e614f9a
993248.0,3634062,python,[JIT],0x0000758d926c552e
993248.0,3634062,python,[JIT],0x0000758d926c4d9d
993248.0,3634051,python,[JIT],0x00007a6d2708767b
993248.0,3634051,python,[JIT],0x00007a6d27087d26
993248.0,3634051,python,[JIT],0x00007a6d270882b8
993248.0,3634051,python,[JIT],0x00007a6d276ebde8
993248.0,3634084,python,[JIT],0x0000731ba21ff976
993248.0,3634084,python,[JIT],0x0000731ba2202fad
993248.0,3634084,python,[JIT],0x0000731ba2205fa4
993248.0,3634084,python,[JIT],0x0000731ba2206fd9
993248.0,3634084,python,[JIT],0x0000731ba22072fe
993248.0,3634084,python,[JIT],0x0000731ba2206c1c
993248.0,3634073,python,[JIT],0x00007373dcd9dd54
993247.0,3634022,python,[JIT],0x000078e615084625
993247.0,3634022,python,[JIT],0x000078e61547b5ac
993247.0,3634029,python,[JIT],0x000077a02e2ec3f2
993247.0,3634051,python,[JIT],0x00007a6d27087110
993247.0,3634051,python,[JIT],0x00007a6d27088c35
993247.0,3634051,python,[JIT],0x00007a6d27088c46
993247.0,3634051,python,[JIT],0x00007a6d276eba44
993247.0,3634062,python,[JIT],0x0000758d922b4674
993247.0,3634062,python,[JIT],0x0000758d926c38b3
993247.0,3634051,python,[JIT],0x00007a6d27087c29
993247.0,3634084,python,[JIT],0x0000731ba2207229
993247.0,3634073,python,[JIT],0x00007373dcd9de5e
993246.0,3634022,python,[JIT],0x000078e615083c2e
993246.0,3634022,python,[JIT],0x000078e61547bf97
993246.0,3634029,python,[JIT],0x000077a02dcc8288
993246.0,3634029,python,[JIT],0x000077a02e2ec31c
993246.0,3634029,python,[JIT],0x000077a02e6133ec
993246.0,3634073,python,[JIT],0x00007373dcd9e11a
993246.0,3634062,python,[JIT],0x0000758d927ce2ca
993246.0,3634062,python,[JIT],0x0000758d926c4799
993246.0,3634062,python,[JIT],0x0000758d926c4b46
993246.0,3634051,python,[JIT],0x00007a6d26c8f7fa
993246.0,3634051,python,[JIT],0x00007a6d2708728e
993246.0,3634084,python,[JIT],0x0000731ba220707c
993246.0,3634073,python,[JIT],0x00007373dd613cc3
993245.0,3634022,python,[JIT],0x000078e615083cb6
993245.0,3634022,python,[JIT],0x000078e61547b329
993245.0,3634029,python,[JIT],0x000077a02e6134fe
993245.0,3634029,python,[JIT],0x000077a02e6137cb
993245.0,3634073,python,[JIT],0x00007373dd613c4e
993245.0,3634062,python,[JIT],0x0000758d927ce179
993245.0,3634051,python,[JIT],0x00007a6d26c91277
993245.0,3634051,python,[JIT],0x00007a6d270875f6
993245.0,3634051,python,[JIT],0x00007a6d27088474
993245.0,3634051,python,[JIT],0x00007a6d27088784
993245.0,3634084,python,[JIT],0x0000731ba2201705
993244.0,3634022,python,[JIT],0x000078e615082226
993244.0,3634022,python,[JIT],0x000078e61508385e
993244.0,3634022,python,[JIT],0x000078e61547a336
993244.0,3634022,python,[JIT],0x000078e61547ada4
993244.0,3634022,python,[JIT],0x000078e61547af44
993244.0,3634022,python,[JIT],0x000078e6154a1b13
993244.0,3634022,python,[JIT],0x000078e6154a1dce
993244.0,3634029,python,[JIT],0x000077a02dcc87dd
993244.0,3634029,python,[JIT],0x000077a02e613f44
993244.0,3634073,python,[JIT],0x00007373dcd9dcf0
993244.0,3634051,python,[JIT],0x00007a6d27088be0
993244.0,3634051,python,[JIT],0x00007a6d26c8f118
993244.0,3634051,python,[JIT],0x00007a6d27087219
993244.0,3634051,python,[JIT],0x00007a6d2708735b
993244.0,3634051,python,[JIT],0x00007a6d2708782f
993244.0,3634051,python,[JIT],0x00007a6d270883b4
993244.0,3634051,python,[JIT],0x00007a6d271c751c
993244.0,3634051,python,[JIT],0x00007a6d276ebb69
993244.0,3634084,python,[JIT],0x0000731ba2201b73
993244.0,3634084,python,[JIT],0x0000731ba220578d
993244.0,3634084,python,[JIT],0x0000731ba2e3a2a2
993244.0,3634084,python,[JIT],0x0000731ba22056c2
993244.0,3634084,python,[JIT],0x0000731ba2205966
993244.0,3634073,python,[JIT],0x00007373dcd9e69f
993243.0,3634029,python,[JIT],0x000077a02dcc821f
993243.0,3634029,python,[JIT],0x000077a02e613791
993243.0,3634029,python,[JIT],0x000077a02e61460e
993243.0,3634029,python,[JIT],0x000077a02e638117
993243.0,3634073,python,[JIT],0x00007373dcece335
993243.0,3634062,python,[JIT],0x0000758d922b297f
993243.0,3634051,python,[JIT],0x00007a6d26c8ff7e
993243.0,3634051,python,[JIT],0x00007a6d26c90dd1
993243.0,3634051,python,[JIT],0x00007a6d270874aa
993243.0,3634051,python,[JIT],0x00007a6d27087a6c
993243.0,3634084,python,[JIT],0x0000731ba22054cb
993243.0,3634073,python,[JIT],0x00007373dcd9d0a9
993242.0,3634029,python,[JIT],0x000077a02e614718
993242.0,3634029,python,[JIT],0x000077a02e615367
993242.0,3634022,python,[JIT],0x000078e6150829f1
993242.0,3634022,python,[JIT],0x000078e61508437a
993242.0,3634022,python,[JIT],0x000078e615084483
993242.0,3634022,python,[JIT],0x000078e61547a5f1
993242.0,3634022,python,[JIT],0x000078e6155bf150
993242.0,3634029,python,[JIT],0x000077a02e614818
993242.0,3634029,python,[JIT],0x000077a02e63895c
993242.0,3634073,python,[JIT],0x00007373dcd9d256
993242.0,3634073,python,[JIT],0x00007373dd6135f4
993242.0,3634062,python,[JIT],0x0000758d926c46d3
993242.0,3634062,python,[JIT],0x0000758d926c35f1
993242.0,3634051,python,[JIT],0x00007a6d26c909a2
993242.0,3634051,python,[JIT],0x00007a6d2708761b
993242.0,3634051,python,[JIT],0x00007a6d27088536
993242.0,3634051,python,[JIT],0x00007a6d270890cd
993242.0,3634051,python,[JIT],0x00007a6d276ebae2
993242.0,3634084,python,[JIT],0x0000731ba2205ba0
993242.0,3634084,python,[JIT],0x0000731ba2205d1f
993242.0,3634084,python,[JIT],0x0000731ba22027d2
993242.0,3634084,python,[JIT],0x0000731ba220532a
993242.0,3634084,python,[JIT],0x0000731ba22063b4
993242.0,3634073,python,[JIT],0x00007373dcd9f34a
993241.0,3634029,python,[JIT],0x000077a02e615415
993241.0,3634022,python,[JIT],0x000078e61547b71f
993241.0,3634029,python,[JIT],0x000077a02dcc7414
993241.0,3634029,python,[JIT],0x000077a02dcc8ea7
993241.0,3634029,python,[JIT],0x000077a02e613c29
993241.0,3634029,python,[JIT],0x000077a02e6150de
993241.0,3634073,python,[JIT],0x00007373dcd9d2b9
993241.0,3634073,python,[JIT],0x00007373dcd9d70c
993241.0,3634062,python,[JIT],0x0000758d926c4345
993241.0,3634062,python,[JIT],0x0000758d926c506d
993241.0,3634051,python,[JIT],0x00007a6d26c90170
993241.0,3634051,python,[JIT],0x00007a6d276eb638
993241.0,3634051,python,[JIT],0x00007a6d276ebbdf
993241.0,3634084,python,[JIT],0x0000731ba2e3adcb
993241.0,3634084,python,[JIT],0x0000731ba2201f71
993240.0,3634022,python,[JIT],0x000078e6154a10a1
993240.0,3634029,python,[JIT],0x000077a02e6382b0
993240.0,3634073,python,[JIT],0x00007373dcd9e345
993240.0,3634051,python,[JIT],0x00007a6d27088caf
993240.0,3634062,python,[JIT],0x0000758d926c3da4
993240.0,3634062,python,[JIT],0x0000758d926c4cee
993240.0,3634062,python,[JIT],0x0000758d926c404f
993240.0,3634062,python,[JIT],0x0000758d927ce34d
993240.0,3634051,python,[JIT],0x00007a6d27088408
993240.0,3634051,python,[JIT],0x00007a6d27088ac0
993240.0,3634051,python,[JIT],0x00007a6d2708918f
993240.0,3634084,python,[JIT],0x0000731ba21ffb49
993240.0,3634084,python,[JIT],0x0000731ba22012db
993240.0,3634084,python,[JIT],0x0000731ba2202fff
993240.0,3634084,python,[JIT],0x0000731ba22034ce
993240.0,3634084,python,[JIT],0x0000731ba2205114
993240.0,3634084,python,[JIT],0x0000731ba2205bd4
993240.0,3634084,python,[JIT],0x0000731ba2206c06
993239.0,3634022,python,[JIT],0x000078e6150831ca
993239.0,3634022,python,[JIT],0x000078e61547b441
993239.0,3634029,python,[JIT],0x000077a02dcc7d8a
993239.0,3634029,python,[JIT],0x000077a02dcc8164
993239.0,3634029,python,[JIT],0x000077a02e61418d
993239.0,3634029,python,[JIT],0x000077a02e615068
993239.0,3634073,python,[JIT],0x00007373dcd9f0ef
993239.0,3634062,python,[JIT],0x0000758d926c38df
993239.0,3634062,python,[JIT],0x0000758d922b5c63
993239.0,3634051,python,[JIT],0x00007a6d26c910e2
993239.0,3634084,python,[JIT],0x0000731ba220214e
993239.0,3634084,python,[JIT],0x0000731ba2202386
993238.0,3634029,python,[JIT],0x000077a02e613060
993238.0,3634022,python,[JIT],0x000078e6155bf81a
993238.0,3634029,python,[JIT],0x000077a02e613573
993238.0,3634073,python,[JIT],0x00007373dcd9d336
993238.0,3634051,python,[JIT],0x00007a6d26c8fae4
993238.0,3634051,python,[JIT],0x00007a6d27088652
993238.0,3634084,python,[JIT],0x0000731ba2205e6a
993238.0,3634084,python,[JIT],0x0000731ba21ff8e2
993237.0,3634029,python,[JIT],0x000077a02dcc7195
993237.0,3634022,python,[JIT],0x000078e61547a333
993237.0,3634022,python,[JIT],0x000078e61547a758
993237.0,3634022,python,[JIT],0x000078e61547b487
993237.0,3634022,python,[JIT],0x000078e61547bc83
993237.0,3634022,python,[JIT],0x000078e61547c2b4
993237.0,3634022,python,[JIT],0x000078e6154a12c4
993237.0,3634022,python,[JIT],0x000078e6154a1dd2
993237.0,3634029,python,[JIT],0x000077a02dcc8824
993237.0,3634029,python,[JIT],0x000077a02dcc8a2e
993237.0,3634073,python,[JIT],0x00007373dc9a5ae4
993237.0,3634073,python,[JIT],0x00007373dcd9d961
993237.0,3634073,python,[JIT],0x00007373dcd9e125
993237.0,3634073,python,[JIT],0x00007373dceceaaa
993237.0,3634051,python,[JIT],0x00007a6d271c74cf
993237.0,3634062,python,[JIT],0x0000758d922b495e
993237.0,3634062,python,[JIT],0x0000758d926c3854
993237.0,3634062,python,[JIT],0x0000758d926c3b79
993237.0,3634062,python,[JIT],0x0000758d926c3e43
993237.0,3634062,python,[JIT],0x0000758d926c485b
993237.0,3634051,python,[JIT],0x00007a6d26c90650
993237.0,3634084,python,[JIT],0x0000731ba220660e
993237.0,3634084,python,[JIT],0x0000731ba2205d9d
993236.0,3634029,python,[JIT],0x000077a02dcc8a9f
993236.0,3634022,python,[JIT],0x000078e61547ae5e
993236.0,3634022,python,[JIT],0x000078e61547b85b
993236.0,3634022,python,[JIT],0x000078e61547b8ab
993236.0,3634022,python,[JIT],0x000078e61547bd2a
993236.0,3634022,python,[JIT],0x000078e6154a12af
993236.0,3634022,python,[JIT],0x000078e6154a1daf
993236.0,3634073,python,[JIT],0x00007373dc9a6266
993236.0,3634073,python,[JIT],0x00007373dd6131a8
993236.0,3634051,python,[JIT],0x00007a6d270877c9
993236.0,3634062,python,[JIT],0x0000758d926c46ff
993236.0,3634062,python,[JIT],0x0000758d926c4cc6
993236.0,3634062,python,[JIT],0x0000758d922b4334
993236.0,3634062,python,[JIT],0x0000758d926c3452
993236.0,3634051,python,[JIT],0x00007a6d270876db
993236.0,3634051,python,[JIT],0x00007a6d27087bdd
993236.0,3634051,python,[JIT],0x00007a6d271c765b
993236.0,3634051,python,[JIT],0x00007a6d276ebc87
993236.0,3634084,python,[JIT],0x0000731ba220634f
993236.0,3634084,python,[JIT],0x0000731ba2206dc7
993236.0,3634084,python,[JIT],0x0000731ba2e3a734
993236.0,3634084,python,[JIT],0x0000731ba2e3ad8e
993236.0,3634084,python,[JIT],0x0000731ba21ff6d1
993236.0,3634084,python,[JIT],0x0000731ba2e3aa15
993235.0,3634022,python,[JIT],0x000078e61547c281
993235.0,3634022,python,[JIT],0x000078e6154a17c8
993235.0,3634029,python,[JIT],0x000077a02dcc931e
993235.0,3634051,python,[JIT],0x00007a6d27087dab
993235.0,3634062,python,[JIT],0x0000758d922b4439
993235.0,3634062,python,[JIT],0x0000758d922b6177
993235.0,3634062,python,[JIT],0x0000758d926c482c
993235.0,3634062,python,[JIT],0x0000758d927ceaca
993235.0,3634051,python,[JIT],0x00007a6d276eb73f
993235.0,3634084,python,[JIT],0x0000731ba22055cb
993235.0,3634084,python,[JIT],0x0000731ba2e3aba3
993235.0,3634073,python,[JIT],0x00007373dc9a5d8a
993235.0,3634073,python,[JIT],0x00007373dcd9ee75
993234.0,3634029,python,[JIT],0x000077a02e614818
993234.0,3634029,python,[JIT],0x000077a02e63846e
993234.0,3634022,python,[JIT],0x000078e61508244a
993234.0,3634022,python,[JIT],0x000078e61547a84a
993234.0,3634022,python,[JIT],0x000078e61547c3fb
993234.0,3634029,python,[JIT],0x000077a02e638c80
993234.0,3634073,python,[JIT],0x00007373dc9a5fa1
993234.0,3634073,python,[JIT],0x00007373dcd9d26a
993234.0,3634051,python,[JIT],0x00007a6d26c8f24f
993234.0,3634062,python,[JIT],0x0000758d926c4878
993234.0,3634062,python,[JIT],0x0000758d926c3a59
993234.0,3634084,python,[JIT],0x0000731ba22019e4
993234.0,3634084,python,[JIT],0x0000731ba220617e
993234.0,3634084,python,[JIT],0x0000731ba22062ce
993234.0,3634073,python,[JIT],0x00007373dcd9eb7c
993233.0,3634029,python,[JIT],0x000077a02dcc93dc
993233.0,3634029,python,[JIT],0x000077a02e6136f3
993233.0,3634029,python,[JIT],0x000077a02e6139d4
993233.0,3634029,python,[JIT],0x000077a02e6141b1
993233.0,3634029,python,[JIT],0x000077a02e6153e4
993233.0,3634029,python,[JIT],0x000077a02e6381d6
993233.0,3634073,python,[JIT],0x00007373dd613267
993233.0,3634062,python,[JIT],0x0000758d927ce66b
993233.0,3634051,python,[JIT],0x00007a6d26c8f2e6
993233.0,3634051,python,[JIT],0x00007a6d26c8faae
993233.0,3634051,python,[JIT],0x00007a6d26c90e55
993233.0,3634051,python,[JIT],0x00007a6d27087bfa
993233.0,3634051,python,[JIT],0x00007a6d27087ff0
993233.0,3634051,python,[JIT],0x00007a6d276ebb78
993233.0,3634051,python,[JIT],0x00007a6d276ebd94
993233.0,3634084,python,[JIT],0x0000731ba2201789
993233.0,3634084,python,[JIT],0x0000731ba2203466
993233.0,3634084,python,[JIT],0x0000731ba2205d71
993233.0,3634084,python,[JIT],0x0000731ba2e3ab9f
993232.0,3634073,python,[JIT],0x00007373dc9a67a4
993232.0,3634073,python,[JIT],0x00007373dcd9d27e
993232.0,3634073,python,[JIT],0x00007373dcd9d437
993232.0,3634073,python,[JIT],0x00007373dcd9dc34
993232.0,3634073,python,[JIT],0x00007373dcd9edca
993232.0,3634051,python,[JIT],0x00007a6d26c90b75
993232.0,3634062,python,[JIT],0x0000758d926c42dc
993232.0,3634062,python,[JIT],0x0000758d926c51fc
993232.0,3634062,python,[JIT],0x0000758d926c329e
993232.0,3634062,python,[JIT],0x0000758d931d6076
993232.0,3634051,python,[JIT],0x00007a6d271c721a
993232.0,3634084,python,[JIT],0x0000731ba220659a
993232.0,3634084,python,[JIT],0x0000731ba2e3ac32
993231.0,3634022,python,[JIT],0x000078e615083539
993231.0,3634022,python,[JIT],0x000078e61547a83e
993231.0,3634029,python,[JIT],0x000077a02dcc7d85
993231.0,3634029,python,[JIT],0x000077a02dcc8178
993231.0,3634029,python,[JIT],0x000077a02e638606
993231.0,3634062,python,[JIT],0x0000758d926c4951
993231.0,3634062,python,[JIT],0x0000758d926c30ff
993231.0,3634062,python,[JIT],0x0000758d927cede8
993231.0,3634051,python,[JIT],0x00007a6d26c8f1c9
993231.0,3634084,python,[JIT],0x0000731ba22058df
993231.0,3634084,python,[JIT],0x0000731ba22071cb
993230.0,3634029,python,[JIT],0x000077a02e2ec5be
993230.0,3634029,python,[JIT],0x000077a02e2ec5df
993230.0,3634029,python,[JIT],0x000077a02e638c22
993230.0,3634073,python,[JIT],0x00007373dcd9d8ce
993230.0,3634073,python,[JIT],0x00007373dd613930
993230.0,3634062,python,[JIT],0x0000758d926c5217
993230.0,3634062,python,[JIT],0x0000758d922b4ddf
993230.0,3634062,python,[JIT],0x0000758d926c3e56
993230.0,3634084,python,[JIT],0x0000731ba22062ce
993230.0,3634084,python,[JIT],0x0000731ba22063a6
993229.0,3634022,python,[JIT],0x000078e6154a1be9
993229.0,3634029,python,[JIT],0x000077a02e613d09
993229.0,3634073,python,[JIT],0x00007373dc9a6964
993229.0,3634073,python,[JIT],0x00007373dcd9d546
993229.0,3634073,python,[JIT],0x00007373dcd9d73d
993229.0,3634073,python,[JIT],0x00007373dcd9dd4f
993229.0,3634073,python,[JIT],0x00007373dd613860
993229.0,3634051,python,[JIT],0x00007a6d276eb845
993229.0,3634062,python,[JIT],0x0000758d922b649b
993229.0,3634062,python,[JIT],0x0000758d926c3528
993229.0,3634062,python,[JIT],0x0000758d926c3db2
993229.0,3634051,python,[JIT],0x00007a6d26c8fd33
993229.0,3634051,python,[JIT],0x00007a6d26c91140
993229.0,3634051,python,[JIT],0x00007a6d27087341
993229.0,3634084,python,[JIT],0x0000731ba2206ec1
993228.0,3634029,python,[JIT],0x000077a02dcc7ae5
993228.0,3634022,python,[JIT],0x000078e61547a444
993228.0,3634029,python,[JIT],0x000077a02dcc84f0
993228.0,3634073,python,[JIT],0x00007373dc9a6957
993228.0,3634073,python,[JIT],0x00007373dcd9d3c1
993228.0,3634051,python,[JIT],0x00007a6d2708730c
993228.0,3634062,python,[JIT],0x0000758d922b40ea
993228.0,3634062,python,[JIT],0x0000758d922b5780
993228.0,3634062,python,[JIT],0x0000758d926c3e6e
993228.0,3634062,python,[JIT],0x0000758d926c494e
993228.0,3634084,python,[JIT],0x0000731ba3123012
993227.0,3634029,python,[JIT],0x000077a02e2ec495
993227.0,3634029,python,[JIT],0x000077a02e63849c
993227.0,3634073,python,[JIT],0x00007373dcd9ede7
993227.0,3634062,python,[JIT],0x0000758d926c3bdd
993227.0,3634062,python,[JIT],0x0000758d927ce0b3
993227.0,3634051,python,[JIT],0x00007a6d270871b0
993227.0,3634051,python,[JIT],0x00007a6d27087202
993227.0,3634051,python,[JIT],0x00007a6d27087b66
993227.0,3634051,python,[JIT],0x00007a6d270893a1
993227.0,3634051,python,[JIT],0x00007a6d276eb963
993227.0,3634051,python,[JIT],0x00007a6d276ebaca
993227.0,3634051,python,[JIT],0x00007a6d276ebb9f
993227.0,3634051,python,[JIT],0x00007a6d276ebcba
993227.0,3634073,python,[JIT],0x00007373dcd9d220
993227.0,3634073,python,[JIT],0x00007373dcd9dc90
993226.0,3634022,python,[JIT],0x000078e6155bf3fd
993226.0,3634073,python,[JIT],0x00007373dcd9d71a
993226.0,3634073,python,[JIT],0x00007373dcd9daeb
993226.0,3634051,python,[JIT],0x00007a6d27088bda
993226.0,3634062,python,[JIT],0x0000758d926c4d73
993226.0,3634084,python,[JIT],0x0000731ba2205179
993225.0,3634022,python,[JIT],0x000078e6155bf0f8
993225.0,3634073,python,[JIT],0x00007373dc9a558e
993225.0,3634073,python,[JIT],0x00007373dc9a69b6
993225.0,3634073,python,[JIT],0x00007373dc9a73b0
993225.0,3634073,python,[JIT],0x00007373dcd9d46b
993225.0,3634051,python,[JIT],0x00007a6d276eb7fe
993225.0,3634062,python,[JIT],0x0000758d922b42b6
993225.0,3634062,python,[JIT],0x0000758d922b4369
993225.0,3634062,python,[JIT],0x0000758d926c3760
993225.0,3634062,python,[JIT],0x0000758d926c4fd4
993225.0,3634062,python,[JIT],0x0000758d927ce326
993225.0,3634062,python,[JIT],0x0000758d927cecba
993225.0,3634051,python,[JIT],0x00007a6d27087758
993225.0,3634084,python,[JIT],0x0000731ba22073ee
993225.0,3634084,python,[JIT],0x0000731ba2e3a0f8
993225.0,3634073,python,[JIT],0x00007373dcd9e21a
993225.0,3634073,python,[JIT],0x00007373dcd9ebce
993225.0,3634073,python,[JIT],0x00007373dcd9ef4e
993224.0,3634022,python,[JIT],0x000078e6150839a2
993224.0,3634029,python,[JIT],0x000077a02e6143f6
993224.0,3634073,python,[JIT],0x00007373dcd9dd2a
993224.0,3634073,python,[JIT],0x00007373dd613521
993224.0,3634073,python,[JIT],0x00007373dd6135a6
993224.0,3634062,python,[JIT],0x0000758d926c3583
993224.0,3634062,python,[JIT],0x0000758d922b4a82
993224.0,3634062,python,[JIT],0x0000758d926c376d
993224.0,3634051,python,[JIT],0x00007a6d27087b69
993224.0,3634051,python,[JIT],0x00007a6d27088ab5
993224.0,3634084,python,[JIT],0x0000731ba220720b
993224.0,3634073,python,[JIT],0x00007373dcd9eb8b
993223.0,3634022,python,[JIT],0x000078e6150821fa
993223.0,3634029,python,[JIT],0x000077a02dcc8d9e
993223.0,3634029,python,[JIT],0x000077a02e638aae
993223.0,3634073,python,[JIT],0x00007373dc9a5111
993223.0,3634073,python,[JIT],0x00007373dcd9d68c
993223.0,3634073,python,[JIT],0x00007373dcd9ea98
993223.0,3634062,python,[JIT],0x0000758d926c4fcd
993223.0,3634062,python,[JIT],0x0000758d927ce18f
993223.0,3634051,python,[JIT],0x00007a6d270877d1
993223.0,3634051,python,[JIT],0x00007a6d276eb1c6
993223.0,3634051,python,[JIT],0x00007a6d276ebdcb
993223.0,3634084,python,[JIT],0x0000731ba21ffa35
993223.0,3634084,python,[JIT],0x0000731ba2203479
993223.0,3634084,python,[JIT],0x0000731ba2205db6
993222.0,3634022,python,[JIT],0x000078e615082819
993222.0,3634022,python,[JIT],0x000078e6155bf0cb
993222.0,3634029,python,[JIT],0x000077a02dcc8cc1
993222.0,3634029,python,[JIT],0x000077a02e61463a
993222.0,3634073,python,[JIT],0x00007373dc9a6dc5
993222.0,3634073,python,[JIT],0x00007373dcd9db03
993222.0,3634073,python,[JIT],0x00007373dcece7cc
993222.0,3634062,python,[JIT],0x0000758d922b5484
993222.0,3634062,python,[JIT],0x0000758d926c46b5
993222.0,3634062,python,[JIT],0x0000758d926c5485
993222.0,3634062,python,[JIT],0x0000758d927ceb3a
993222.0,3634051,python,[JIT],0x00007a6d27088405
993222.0,3634051,python,[JIT],0x00007a6d27088d06
993222.0,3634051,python,[JIT],0x00007a6d270894a3
993222.0,3634084,python,[JIT],0x0000731ba22014ca
993221.0,3634022,python,[JIT],0x000078e61547a351
993221.0,3634062,python,[JIT],0x0000758d922b59b0
993221.0,3634062,python,[JIT],0x0000758d926c31b3
993221.0,3634062,python,[JIT],0x0000758d926c4eb1
993221.0,3634051,python,[JIT],0x00007a6d27087854
993221.0,3634051,python,[JIT],0x00007a6d276eb0ea
993221.0,3634084,python,[JIT],0x0000731ba3123076
993221.0,3634084,python,[JIT],0x0000731ba2206643
993221.0,3634084,python,[JIT],0x0000731ba2e3abab
993220.0,3634022,python,[JIT],0x000078e6155bf272
993220.0,3634029,python,[JIT],0x000077a02e6135c1
993220.0,3634073,python,[JIT],0x00007373dc9a748e
993220.0,3634073,python,[JIT],0x00007373dcd9f3cf
993220.0,3634062,python,[JIT],0x0000758d926c3c41
993220.0,3634084,python,[JIT],0x0000731ba2207078
993219.0,3634022,python,[JIT],0x000078e615083399
993219.0,3634022,python,[JIT],0x000078e61547b689
993219.0,3634073,python,[JIT],0x00007373dcd9e1ef
993219.0,3634073,python,[JIT],0x00007373dcd9e758
993219.0,3634051,python,[JIT],0x00007a6d270894ef
993219.0,3634062,python,[JIT],0x0000758d922b219d
993219.0,3634062,python,[JIT],0x0000758d922b6298
993219.0,3634084,python,[JIT],0x0000731ba22060e8
993218.0,3634022,python,[JIT],0x000078e61547a398
993218.0,3634022,python,[JIT],0x000078e6155bfdf8
993218.0,3634029,python,[JIT],0x000077a02e614bba
993218.0,3634029,python,[JIT],0x000077a02e615113
993218.0,3634073,python,[JIT],0x00007373dc9a6699
993218.0,3634062,python,[JIT],0x0000758d922b27b6
993218.0,3634062,python,[JIT],0x0000758d926c3733
993218.0,3634051,python,[JIT],0x00007a6d27087ac6
993218.0,3634051,python,[JIT],0x00007a6d276ebbee
993218.0,3634073,python,[JIT],0x00007373dcd9d5bd
993217.0,3634029,python,[JIT],0x000077a02e61462d
993217.0,3634073,python,[JIT],0x00007373dcd9d735
993217.0,3634062,python,[JIT],0x0000758d926c43c3
993217.0,3634062,python,[JIT],0x0000758d926c42a0
993217.0,3634062,python,[JIT],0x0000758d926c459a
993217.0,3634084,python,[JIT],0x0000731ba2202319
993216.0,3634022,python,[JIT],0x000078e6150833db
993216.0,3634029,python,[JIT],0x000077a02dcc719a
993216.0,3634073,python,[JIT],0x00007373dcd9d3fe
993216.0,3634073,python,[JIT],0x00007373dcd9da1f
993216.0,3634073,python,[JIT],0x00007373dcd9da65
993216.0,3634073,python,[JIT],0x00007373dd613927
993216.0,3634051,python,[JIT],0x00007a6d27089528
993216.0,3634062,python,[JIT],0x0000758d926c318c
993216.0,3634062,python,[JIT],0x0000758d926c4c83
993216.0,3634062,python,[JIT],0x0000758d926c3a78
993216.0,3634051,python,[JIT],0x00007a6d270894df
993216.0,3634084,python,[JIT],0x0000731ba22058a6
993216.0,3634084,python,[JIT],0x0000731ba2206666
993215.0,3634022,python,[JIT],0x000078e6155bf121
993215.0,3634029,python,[JIT],0x000077a02dcc915e
993215.0,3634029,python,[JIT],0x000077a02e613351
993215.0,3634029,python,[JIT],0x000077a02e613b21
993215.0,3634029,python,[JIT],0x000077a02e614f45
993215.0,3634073,python,[JIT],0x00007373dcd9d0f4
993215.0,3634073,python,[JIT],0x00007373dcd9dd09
993215.0,3634073,python,[JIT],0x00007373dd613a37
993215.0,3634062,python,[JIT],0x0000758d922b4c8d
993215.0,3634062,python,[JIT],0x0000758d922b4164
993215.0,3634062,python,[JIT],0x0000758d922b4949
993215.0,3634062,python,[JIT],0x0000758d922b512a
993215.0,3634084,python,[JIT],0x0000731ba22014f9
993215.0,3634084,python,[JIT],0x0000731ba2e3a74f
993214.0,3634022,python,[JIT],0x000078e61547a219
993214.0,3634029,python,[JIT],0x000077a02e6136b4
993214.0,3634073,python,[JIT],0x00007373dc9a5808
993214.0,3634073,python,[JIT],0x00007373dcd9e06a
993214.0,3634073,python,[JIT],0x00007373dd613ba3
993214.0,3634062,python,[JIT],0x0000758d922b222b
993214.0,3634062,python,[JIT],0x0000758d926c31b7
993214.0,3634062,python,[JIT],0x0000758d926c32b5
993214.0,3634084,python,[JIT],0x0000731ba2202d34
993214.0,3634084,python,[JIT],0x0000731ba2206a9b
993213.0,3634029,python,[JIT],0x000077a02e613a34
993213.0,3634029,python,[JIT],0x000077a02e614d45
993213.0,3634073,python,[JIT],0x00007373dd6133de
993213.0,3634051,python,[JIT],0x00007a6d276eb4ae
993213.0,3634084,python,[JIT],0x0000731ba21ff528
993213.0,3634073,python,[JIT],0x00007373dcd9d1a0
993212.0,3634029,python,[JIT],0x000077a02e614e82
993212.0,3634029,python,[JIT],0x000077a02e613227
993212.0,3634029,python,[JIT],0x000077a02e6134a1
993212.0,3634073,python,[JIT],0x00007373dd613c59
993212.0,3634062,python,[JIT],0x0000758d926c43a6
993212.0,3634062,python,[JIT],0x0000758d926c44f3
993212.0,3634084,python,[JIT],0x0000731ba2205de4
993212.0,3634084,python,[JIT],0x0000731ba2206b72
993212.0,3634073,python,[JIT],0x00007373dc9a601a
993211.0,3634029,python,[JIT],0x000077a02e638b10
993211.0,3634073,python,[JIT],0x00007373dd61330f
993211.0,3634062,python,[JIT],0x0000758d926c34b0
993211.0,3634062,python,[JIT],0x0000758d926c335d
993211.0,3634051,python,[JIT],0x00007a6d26c8fd23
993211.0,3634051,python,[JIT],0x00007a6d271c78d3
993211.0,3634084,python,[JIT],0x0000731ba2202b2e
993211.0,3634073,python,[JIT],0x00007373dd6132e8
993210.0,3634029,python,[JIT],0x000077a02e614a1f
993210.0,3634073,python,[JIT],0x00007373dc9a6b15
993210.0,3634073,python,[JIT],0x00007373dc9a72ff
993210.0,3634073,python,[JIT],0x00007373dcd9e643
993210.0,3634073,python,[JIT],0x00007373dcd9ef9a
993210.0,3634062,python,[JIT],0x0000758d922b4429
993210.0,3634051,python,[JIT],0x00007a6d27088d51
993209.0,3634029,python,[JIT],0x000077a02e613d3c
993209.0,3634073,python,[JIT],0x00007373dcece97f
993209.0,3634062,python,[JIT],0x0000758d922b210f
993209.0,3634062,python,[JIT],0x0000758d927cec26
993209.0,3634051,python,[JIT],0x00007a6d26c9131e
993209.0,3634051,python,[JIT],0x00007a6d276eba15
993209.0,3634084,python,[JIT],0x0000731ba2e3a9bc
993208.0,3634029,python,[JIT],0x000077a02e614bce
993208.0,3634051,python,[JIT],0x00007a6d26c8f04c
993208.0,3634062,python,[JIT],0x0000758d922b4a6a
993208.0,3634084,python,[JIT],0x0000731ba22056fb
993208.0,3634084,python,[JIT],0x0000731ba220582b
993207.0,3634062,python,[JIT],0x0000758d922b5c85
993207.0,3634062,python,[JIT],0x0000758d922b5ccd
993207.0,3634084,python,[JIT],0x0000731ba220138f
993207.0,3634084,python,[JIT],0x0000731ba2206a2f
993206.0,3634022,python,[JIT],0x000078e61547c2fe
993206.0,3634073,python,[JIT],0x00007373dc9a6e60
993206.0,3634051,python,[JIT],0x00007a6d276eb1de
993206.0,3634062,python,[JIT],0x0000758d926c30ce
993206.0,3634062,python,[JIT],0x0000758d926c354a
993206.0,3634073,python,[JIT],0x00007373dcd9dc41
993205.0,3634062,python,[JIT],0x0000758d922b4cff
993205.0,3634062,python,[JIT],0x0000758d922b5b3b
993205.0,3634062,python,[JIT],0x0000758d926c38c4
993205.0,3634062,python,[JIT],0x0000758d927ceaab
993205.0,3634051,python,[JIT],0x00007a6d27088674
993205.0,3634084,python,[JIT],0x0000731ba22014dd
993205.0,3634084,python,[JIT],0x0000731ba220549c
993205.0,3634084,python,[JIT],0x0000731ba2e3a27c
993205.0,3634073,python,[JIT],0x00007373dd613451
993204.0,3634029,python,[JIT],0x000077a02dcc7d7a
993204.0,3634073,python,[JIT],0x00007373dcd9d3ba
993204.0,3634073,python,[JIT],0x00007373dcececc0
993204.0,3634051,python,[JIT],0x00007a6d276ebc87
993204.0,3634062,python,[JIT],0x0000758d926c4f97
993204.0,3634062,python,[JIT],0x0000758d927ce213
993204.0,3634062,python,[JIT],0x0000758d927cec13
993203.0,3634022,python,[JIT],0x000078e6154a1ca3
993203.0,3634073,python,[JIT],0x00007373dc9a7177
993203.0,3634062,python,[JIT],0x0000758d922b25a1
993203.0,3634062,python,[JIT],0x0000758d922b5cd5
993203.0,3634062,python,[JIT],0x0000758d926c397d
993203.0,3634062,python,[JIT],0x0000758d926c4de7
993203.0,3634084,python,[JIT],0x0000731ba21ff3ba
993203.0,3634073,python,[JIT],0x00007373dcd9db7e
993202.0,3634029,python,[JIT],0x000077a02e613558
993202.0,3634029,python,[JIT],0x000077a02e638902
993202.0,3634073,python,[JIT],0x00007373dd61306a
993202.0,3634073,python,[JIT],0x00007373dd6132ba
993202.0,3634051,python,[JIT],0x00007a6d27089358
993202.0,3634062,python,[JIT],0x0000758d922b2b8b
993202.0,3634062,python,[JIT],0x0000758d922b4d7a
993202.0,3634062,python,[JIT],0x0000758d927ce5f4
993202.0,3634073,python,[JIT],0x00007373dcd9e8af
993201.0,3634029,python,[JIT],0x000077a02e614f4a
993201.0,3634029,python,[JIT],0x000077a02e638564
993201.0,3634073,python,[JIT],0x00007373dcd9ed73
993201.0,3634073,python,[JIT],0x00007373dcececb8
993201.0,3634062,python,[JIT],0x0000758d926c47ac
993201.0,3634051,python,[JIT],0x00007a6d26c91527
993201.0,3634084,python,[JIT],0x0000731ba2206a24
993200.0,3634029,python,[JIT],0x000077a02dcc8e55
993200.0,3634073,python,[JIT],0x00007373dcd9dac6
993200.0,3634073,python,[JIT],0x00007373dd6137f6
993200.0,3634073,python,[JIT],0x00007373dd613a37
993199.0,3634022,python,[JIT],0x000078e6150826a8
993199.0,3634029,python,[JIT],0x000077a02dcc8cd9
993199.0,3634073,python,[JIT],0x00007373dcece44a
993199.0,3634073,python,[JIT],0x00007373dcd9d71a
993198.0,3634029,python,[JIT],0x000077a02dcc80bb
993198.0,3634022,python,[JIT],0x000078e615083095
993198.0,3634073,python,[JIT],0x00007373dcd9ea6f
993198.0,3634062,python,[JIT],0x0000758d926c52fa
993197.0,3634073,python,[JIT],0x00007373dc9a5195
993197.0,3634073,python,[JIT],0x00007373dd613816
993197.0,3634073,python,[JIT],0x00007373dcd9e89c
993196.0,3634022,python,[JIT],0x000078e615082d45
993196.0,3634029,python,[JIT],0x000077a02e63873f
993196.0,3634073,python,[JIT],0x00007373dc9a5c8d
993196.0,3634073,python,[JIT],0x00007373dc9a6f92
993196.0,3634073,python,[JIT],0x00007373dcd9d6d7
993196.0,3634073,python,[JIT],0x00007373dd6130ce
993196.0,3634051,python,[JIT],0x00007a6d26c8f699
993196.0,3634062,python,[JIT],0x0000758d922b23e8
993196.0,3634051,python,[JIT],0x00007a6d26c8f20f
993196.0,3634073,python,[JIT],0x00007373dc9a571e
993195.0,3634073,python,[JIT],0x00007373dc9a54b9
993195.0,3634062,python,[JIT],0x0000758d922b5591
993195.0,3634051,python,[JIT],0x00007a6d26c908b0
993194.0,3634073,python,[JIT],0x00007373dd613444
993194.0,3634051,python,[JIT],0x00007a6d2708879e
993194.0,3634062,python,[JIT],0x0000758d926c4d4c
993194.0,3634062,python,[JIT],0x0000758d927ce7d6
993194.0,3634051,python,[JIT],0x00007a6d276ebc13
993194.0,3634084,python,[JIT],0x0000731ba2e3acbe
993193.0,3634029,python,[JIT],0x000077a02dcc824b
993193.0,3634062,python,[JIT],0x0000758d926c3676
993193.0,3634051,python,[JIT],0x00007a6d27087871
993193.0,3634084,python,[JIT],0x0000731ba22016a8
993192.0,3634029,python,[JIT],0x000077a02e6389a9
993192.0,3634073,python,[JIT],0x00007373dcd9e045
993192.0,3634062,python,[JIT],0x0000758d927ceaa7
993192.0,3634062,python,[JIT],0x0000758d927ce7be
993192.0,3634051,python,[JIT],0x00007a6d2708742b
993192.0,3634051,python,[JIT],0x00007a6d270874c3
993191.0,3634022,python,[JIT],0x000078e615082e38
993191.0,3634073,python,[JIT],0x00007373dcd9e54e
993191.0,3634062,python,[JIT],0x0000758d922b441b
993191.0,3634051,python,[JIT],0x00007a6d276eb98c
993191.0,3634084,python,[JIT],0x0000731ba2e3ac59
993190.0,3634029,python,[JIT],0x000077a02dcc8266
993190.0,3634051,python,[JIT],0x00007a6d2708839e
993190.0,3634051,python,[JIT],0x00007a6d27087150
993189.0,3634029,python,[JIT],0x000077a02dcc7b4e
993189.0,3634073,python,[JIT],0x00007373dcd9da82
993189.0,3634084,python,[JIT],0x0000731ba22064f7
993188.0,3634029,python,[JIT],0x000077a02dcc76ca
993188.0,3634029,python,[JIT],0x000077a02e613638
993188.0,3634029,python,[JIT],0x000077a02e638e08
993188.0,3634062,python,[JIT],0x0000758d922b4d1e
993188.0,3634062,python,[JIT],0x0000758d931d60a9
993188.0,3634084,python,[JIT],0x0000731ba2201a87
993188.0,3634084,python,[JIT],0x0000731ba2202b94
993187.0,3634029,python,[JIT],0x000077a02e6384c0
993187.0,3634073,python,[JIT],0x00007373dd61398c
993187.0,3634062,python,[JIT],0x0000758d926c484a
993187.0,3634073,python,[JIT],0x00007373dceced74
993186.0,3634022,python,[JIT],0x000078e6150821ec
993185.0,3634062,python,[JIT],0x0000758d927ce2c3
993184.0,3634022,python,[JIT],0x000078e61547b43a
993183.0,3634022,python,[JIT],0x000078e615082e58
993183.0,3634084,python,[JIT],0x0000731ba2201a1c
993183.0,3634084,python,[JIT],0x0000731ba2e3a2cf
993182.0,3634073,python,[JIT],0x00007373dcd9ebc2
993182.0,3634062,python,[JIT],0x0000758d927ce9bc
993182.0,3634084,python,[JIT],0x0000731ba22050f8
993182.0,3634073,python,[JIT],0x00007373dc9a59c3
993181.0,3634073,python,[JIT],0x00007373dd613414
993180.0,3634073,python,[JIT],0x00007373dceced48
993180.0,3634062,python,[JIT],0x0000758d927ce16b
993180.0,3634062,python,[JIT],0x0000758d927ce3ec
993180.0,3634040,python,[JIT],0x0000766aad59e1e7
993179.0,3634029,python,[JIT],0x000077a02e614d65
993178.0,3634062,python,[JIT],0x0000758d922b5a99
993178.0,3634062,python,[JIT],0x0000758d927ce927
993178.0,3634073,python,[JIT],0x00007373dcd9f492
993177.0,3634022,python,[JIT],0x000078e61547adb2
993177.0,3634029,python,[JIT],0x000077a02dcc7543
993177.0,3634073,python,[JIT],0x00007373dcd9de56
993177.0,3634073,python,[JIT],0x00007373dcd9f652
993177.0,3634062,python,[JIT],0x0000758d922b616c
993177.0,3634051,python,[JIT],0x00007a6d26c90f85
993177.0,3634040,python,[JIT],0x0000766aad5c4a50
993177.0,3634040,python,[JIT],0x0000766aade1338c
993177.0,3634084,python,[JIT],0x0000731ba2e3a4ef
993177.0,3634073,python,[JIT],0x00007373dc9a6d5a
993177.0,3634073,python,[JIT],0x00007373dcecee10
993176.0,3634029,python,[JIT],0x000077a02e6151fc
993176.0,3634073,python,[JIT],0x00007373dcd9ec9b
993176.0,3634084,python,[JIT],0x0000731ba2205333
993175.0,3634051,python,[JIT],0x00007a6d27087188
993175.0,3634040,python,[JIT],0x0000766aade13e56
993174.0,3634040,python,[JIT],0x0000766aad6cebee
993173.0,3634029,python,[JIT],0x000077a02e614f0c
993173.0,3634029,python,[JIT],0x000077a02e6153cf
993172.0,3634073,python,[JIT],0x00007373dc9a6d1b
993172.0,3634084,python,[JIT],0x0000731ba2205d0d
993172.0,3634073,python,[JIT],0x00007373dc9a5936
993171.0,3634029,python,[JIT],0x000077a02e61402e
993171.0,3634051,python,[JIT],0x00007a6d270888b7
993171.0,3634062,python,[JIT],0x0000758d927ce0e6
993171.0,3634040,python,[JIT],0x0000766aade14117
993171.0,3634040,python,[JIT],0x0000766aade1434b
993171.0,3634073,python,[JIT],0x00007373dcd9d618
993171.0,3634073,python,[JIT],0x00007373dcd9ddd2
993170.0,3634073,python,[JIT],0x00007373dc9a60e7
993170.0,3634062,python,[JIT],0x0000758d927ce5d4
993170.0,3634040,python,[JIT],0x0000766aad59d26a
993169.0,3634029,python,python,long_dealloc
993169.0,3634062,python,[JIT],0x0000758d926c32c0
993169.0,3634040,python,[JIT],0x0000766aade14683
993169.0,3634084,python,[JIT],0x0000731ba2205569
993169.0,3634084,python,[JIT],0x0000731ba2e3a8a3
993168.0,3634022,python,[JIT],0x000078e6155bf4ef
993168.0,3634073,python,[JIT],0x00007373dceceb49
993168.0,3634062,python,[JIT],0x0000758d926c5211
993167.0,3634029,python,[JIT],0x000077a02e614060
993167.0,3634051,python,[JIT],0x00007a6d2708773d
993167.0,3634062,python,[JIT],0x0000758d922b4c06
993167.0,3634051,python,[JIT],0x00007a6d26c8f9cd
993165.0,3634062,python,[JIT],0x0000758d922b5547
993165.0,3634040,python,[JIT],0x0000766aade13532
993164.0,3634073,python,[kernel.kallsyms],__update_load_avg_se
993164.0,3634062,python,[JIT],0x0000758d922b2586
993164.0,3634051,python,[JIT],0x00007a6d26c911b7
993164.0,3634084,python,[JIT],0x0000731ba2206f0c
993163.0,3634029,python,[JIT],0x000077a02e2ec3e3
993163.0,3634040,python,[JIT],0x0000766aade154b0
993163.0,3634073,python,[JIT],0x00007373dcd9d0ea
993162.0,3634022,python,[JIT],0x000078e615fa8068
993162.0,3634051,python,[JIT],0x00007a6d27088c9f
993162.0,3634062,python,[JIT],0x0000758d926c31a0
993162.0,3634040,python,[JIT],0x0000766aad59d737
993162.0,3634040,python,[JIT],0x0000766aad6ce9a4
993162.0,3634073,python,[JIT],0x00007373dcd9f536
993161.0,3634062,python,[JIT],0x0000758d922b4c78
993161.0,3634040,python,[JIT],0x0000766aad59d568
993160.0,3634040,python,[JIT],0x0000766aad59f449
993160.0,3634040,python,[JIT],0x0000766aad5c4b68
993160.0,3634040,python,[JIT],0x0000766aad6cede0
993159.0,3634022,python,[JIT],0x000078e6150820c4
993159.0,3634029,python,[JIT],0x000077a02dcc7566
993159.0,3634051,python,[JIT],0x00007a6d27087182
993159.0,3634040,python,[JIT],0x0000766aad6ce10c
993159.0,3634040,python,[JIT],0x0000766aad6ce7ca
993158.0,3634073,python,[JIT],0x00007373dd613792
993158.0,3634084,python,[JIT],0x0000731ba2201af5
993157.0,3634062,python,[JIT],0x0000758d926c4448
993157.0,3634051,python,[JIT],0x00007a6d26c911be
993157.0,3634040,python,[JIT],0x0000766aad59f3ff
993157.0,3634040,python,[JIT],0x0000766aade1346b
993157.0,3634040,python,[JIT],0x0000766aade1370c
993156.0,3634022,python,[JIT],0x000078e61547bf20
993155.0,3634022,python,[JIT],0x000078e615083500
993155.0,3634062,python,[JIT],0x0000758d926c41dc
993155.0,3634040,python,[JIT],0x0000766aad59ed34
993155.0,3634073,python,[JIT],0x00007373dcd9f2be
993154.0,3634073,python,[JIT],0x00007373dc9a6581
993154.0,3634073,python,[JIT],0x00007373dcd9dae1
993154.0,3634040,python,[JIT],0x0000766aad59d86e
993154.0,3634040,python,[JIT],0x0000766aad59eba1
993154.0,3634040,python,[JIT],0x0000766aad59f364
993154.0,3634040,python,[JIT],0x0000766aad6ce117
993154.0,3634040,python,[JIT],0x0000766aade13479
993154.0,3634040,python,[JIT],0x0000766aade1463a
993154.0,3634040,python,[JIT],0x0000766aade154cf
993154.0,3634073,python,[JIT],0x00007373dd613afa
993153.0,3634029,python,[JIT],0x000077a02dcc7a65
993153.0,3634073,python,[JIT],0x00007373dcd9eb46
993153.0,3634040,python,[JIT],0x0000766aade136c2
993153.0,3634040,python,[JIT],0x0000766aade13b83
993152.0,3634040,python,[JIT],0x0000766aad59dcff
993152.0,3634040,python,[JIT],0x0000766aad6ce808
993151.0,3634062,python,[JIT],0x0000758d926c33c1
993151.0,3634040,python,[JIT],0x0000766aad6cea4c
993151.0,3634040,python,[JIT],0x0000766aade13684
993151.0,3634084,python,[JIT],0x0000731ba2206329
993151.0,3634084,python,[JIT],0x0000731ba2206d39
993150.0,3634029,python,[JIT],0x000077a02e613437
993150.0,3634040,python,[JIT],0x0000766aad59e01f
993149.0,3634022,python,[JIT],0x000078e6155bfb1a
993149.0,3634040,python,[JIT],0x0000766aad5c4335
993148.0,3634029,python,[JIT],0x000077a02e614f4e
993148.0,3634029,python,[JIT],0x000077a02dcc891a
993148.0,3634029,python,[JIT],0x000077a02e6132df
993148.0,3634040,python,[JIT],0x0000766aad6ce5c8
993148.0,3634040,python,[JIT],0x0000766aade146fc
993147.0,3634022,python,[JIT],0x000078e61547a216
993147.0,3634029,python,[JIT],0x000077a02e638cc8
993147.0,3634040,python,[JIT],0x0000766aad59dafb
993147.0,3634040,python,[JIT],0x0000766aade1351a
993146.0,3634022,python,[JIT],0x000078e61547a341
993146.0,3634022,python,[JIT],0x000078e61547b290
993146.0,3634062,python,[JIT],0x0000758d927ce698
993146.0,3634051,python,[JIT],0x00007a6d27088e86
993146.0,3634040,python,[JIT],0x0000766aad59db64
993146.0,3634040,python,[JIT],0x0000766aad59db90
993146.0,3634040,python,[JIT],0x0000766aad59f2be
993146.0,3634040,python,[JIT],0x0000766aad6ce52c
993146.0,3634040,python,[JIT],0x0000766aade14060
993146.0,3634040,python,[JIT],0x0000766aade14ac3
993146.0,3634040,python,[JIT],0x0000766aade151d8
993146.0,3634040,python,[JIT],0x0000766aade15648
993145.0,3634040,python,[JIT],0x0000766aad59d477
993145.0,3634040,python,[JIT],0x0000766aad59d9a1
993144.0,3634062,python,[JIT],0x0000758d926c4189
993144.0,3634040,python,[JIT],0x0000766aad6ce382
993144.0,3634040,python,[JIT],0x0000766aade14eec
993143.0,3634073,python,[JIT],0x00007373dc9a52c4
993143.0,3634040,python,[JIT],0x0000766aad59df0f
993143.0,3634040,python,[JIT],0x0000766aad59e591
993143.0,3634040,python,[JIT],0x0000766aad6ce927
993143.0,3634040,python,[JIT],0x0000766aade1350c
993143.0,3634040,python,[JIT],0x0000766aade13569
993143.0,3634084,python,[JIT],0x0000731ba2202e64
993142.0,3634029,python,[JIT],0x000077a02e61328e
993142.0,3634040,python,[JIT],0x0000766aade13288
993141.0,3634051,python,[JIT],0x00007a6d27088eec
993141.0,3634040,python,[JIT],0x0000766aade15481
993140.0,3634062,python,[JIT],0x0000758d927ce3a5
993140.0,3634040,python,[JIT],0x0000766aad59f5db
993139.0,3634062,python,[JIT],0x0000758d922b2ba7
993138.0,3634029,python,[JIT],0x000077a02e61385f
993138.0,3634040,python,[JIT],0x0000766aad59eb67
993138.0,3634040,python,[JIT],0x0000766aad59f08c
993138.0,3634040,python,[JIT],0x0000766aade1396b
993138.0,3634040,python,[JIT],0x0000766aade139b9
993138.0,3634040,python,[JIT],0x0000766aade1555a
993138.0,3634084,python,[JIT],0x0000731ba21ff8aa
993137.0,3634073,python,[JIT],0x00007373dd613127
993137.0,3634040,python,[JIT],0x0000766aad59d7b8
993136.0,3634029,python,[JIT],0x000077a02e614329
993136.0,3634029,python,[JIT],0x000077a02e61420a
993136.0,3634062,python,[JIT],0x0000758d922b5b15
993136.0,3634051,python,[JIT],0x00007a6d26c8f1a8
993136.0,3634040,python,[JIT],0x0000766aad5c4390
993135.0,3634051,python,[JIT],0x00007a6d270881c2
993135.0,3634062,python,[JIT],0x0000758d926c37cb
993135.0,3634062,python,[JIT],0x0000758d926c4ac3
993135.0,3634062,python,[JIT],0x0000758d926c4d61
993135.0,3634040,python,[JIT],0x0000766aade15428
993135.0,3634084,python,[JIT],0x0000731ba2e3aa15
993134.0,3634022,python,[JIT],0x000078e6154a14b8
993134.0,3634062,python,[JIT],0x0000758d926c3e7f
993134.0,3634062,python,[JIT],0x0000758d927ce382
993134.0,3634040,python,[JIT],0x0000766aade14da1
993134.0,3634040,python,[JIT],0x0000766aade15517
993133.0,3634040,python,[JIT],0x0000766aad59f64d
993133.0,3634040,python,[JIT],0x0000766aad5c4cb8
993132.0,3634029,python,[JIT],0x000077a02dcc9625
993132.0,3634062,python,[JIT],0x0000758d927ce2f1
993132.0,3634051,python,[JIT],0x00007a6d27087558
993131.0,3634040,python,[JIT],0x0000766aade14f4a
993130.0,3634051,python,[JIT],0x00007a6d276eb259
993130.0,3634040,python,[JIT],0x0000766aad5c43f6
993129.0,3634062,python,[JIT],0x0000758d922b4a65
993128.0,3634062,python,[JIT],0x0000758d926c32d8
993128.0,3634062,python,[JIT],0x0000758d927ce3fd
993128.0,3634040,python,[JIT],0x0000766aade13437
993128.0,3634084,python,[JIT],0x0000731ba2201674
993128.0,3634084,python,[JIT],0x0000731ba2205458
993127.0,3634022,python,[JIT],0x000078e615083909
993127.0,3634073,python,[JIT],0x00007373dc9a717b
993127.0,3634040,python,[JIT],0x0000766aade142dc
993126.0,3634073,python,[JIT],0x00007373dcd9d4df
993126.0,3634040,python,[JIT],0x0000766aad5c4194
993125.0,3634040,python,[JIT],0x0000766aade13aeb
993124.0,3634073,python,[JIT],0x00007373dcece38b
993124.0,3634051,python,[JIT],0x00007a6d27087f5c
993123.0,3634073,python,[JIT],0x00007373dcd9d9e1
993122.0,3634062,python,[JIT],0x0000758d927ce58f
993122.0,3634040,python,[JIT],0x0000766aad6ce1af
993122.0,3634040,python,[JIT],0x0000766aade13188
993121.0,3634073,python,[JIT],0x00007373dc9a57d2
993121.0,3634051,python,[JIT],0x00007a6d276ebde6
993121.0,3634062,python,[JIT],0x0000758d922b4645
993121.0,3634040,python,[JIT],0x0000766aad59e0e7
993121.0,3634040,python,[JIT],0x0000766aad6ce60c
993120.0,3634062,python,[JIT],0x0000758d926c3f4e
993120.0,3634040,python,[JIT],0x0000766aad59ea04
993119.0,3634022,python,[JIT],0x000078e61547a90c
993119.0,3634073,python,[JIT],0x00007373dc9a7269
993119.0,3634051,python,[JIT],0x00007a6d27087806
993117.0,3634029,python,[JIT],0x000077a02e638267
993117.0,3634051,python,[JIT],0x00007a6d27088405
993117.0,3634062,python,[JIT],0x0000758d922b45a0
993117.0,3634051,python,[JIT],0x00007a6d276ebd87
993117.0,3634040,python,[JIT],0x0000766aad5c4333
993116.0,3634073,python,[JIT],0x00007373dc9a572f
993115.0,3634040,python,[JIT],0x0000766aad59ec20
993115.0,3634084,python,[JIT],0x0000731ba2e3a3ab
993114.0,3634073,python,[JIT],0x00007373dcd9d532
993114.0,3634040,python,[JIT],0x0000766aade1327a
993114.0,3634084,python,[JIT],0x0000731ba220640e
993113.0,3634040,python,[JIT],0x0000766aad6ce34d
993112.0,3634029,python,[JIT],0x000077a02e2ec51c
993112.0,3634040,python,[JIT],0x0000766aad59eec6
993112.0,3634040,python,[JIT],0x0000766aade13747
993111.0,3634022,python,[JIT],0x000078e61547b17e
993111.0,3634062,python,[JIT],0x0000758d927ce43a
993111.0,3634040,python,[JIT],0x0000766aade1373d
993110.0,3634051,python,[JIT],0x00007a6d27087609
993110.0,3634062,python,[JIT],0x0000758d922b4e25
993109.0,3634073,python,[JIT],0x00007373dc9a585d
993109.0,3634040,python,[JIT],0x0000766aade148ab
993109.0,3634084,python,[JIT],0x0000731ba2e3a606
993108.0,3634029,python,[JIT],0x000077a02dcc8144
993108.0,3634051,python,[JIT],0x00007a6d26c8f0f9
993108.0,3634040,python,[JIT],0x0000766aade13b1d
993107.0,3634040,python,[JIT],0x0000766aad5c41be
993107.0,3634040,python,[JIT],0x0000766aade14526
993106.0,3634073,python,[JIT],0x00007373dcd9e75f
993106.0,3634084,python,[JIT],0x0000731ba22073c8
993105.0,3634051,python,[JIT],0x00007a6d276eb4ff
993104.0,3634029,python,[JIT],0x000077a02dcc7ad3
993104.0,3634062,python,[JIT],0x0000758d927ce2f9
993103.0,3634040,python,[JIT],0x0000766aade138c4
993102.0,3634062,python,[JIT],0x0000758d926c3af8
993102.0,3634040,python,[JIT],0x0000766aad59edd1
993102.0,3634040,python,[JIT],0x0000766aade132c0
993102.0,3634040,python,[JIT],0x0000766aade139bd
993101.0,3634073,python,[JIT],0x00007373dcd9efe1
993100.0,3634062,python,[JIT],0x0000758d922b5573
993100.0,3634040,python,[JIT],0x0000766aad6ce3be
993100.0,3634084,python,[JIT],0x0000731ba2206fd4
993100.0,3634084,python,[JIT],0x0000731ba2205b92
993099.0,3634051,python,[JIT],0x00007a6d271c7052
993099.0,3634084,python,[JIT],0x0000731ba2e3a374
993098.0,3634062,python,[JIT],0x0000758d926c4b61
993098.0,3634062,python,[JIT],0x0000758d926c4f8d
993098.0,3634084,python,[JIT],0x0000731ba2206474
993097.0,3634062,python,[JIT],0x0000758d922b5632
993097.0,3634040,python,[JIT],0x0000766aad6ce611
993097.0,3634040,python,[JIT],0x0000766aade133f6
993097.0,3634084,python,[JIT],0x0000731ba2e3a2d6
993097.0,3634084,python,[JIT],0x0000731ba2207481
993096.0,3634062,python,[JIT],0x0000758d926c3791
993096.0,3634040,python,[JIT],0x0000766aade147b3
993096.0,3634084,python,[JIT],0x0000731ba2206d27
993095.0,3634022,python,[JIT],0x000078e61547b6d3
993095.0,3634062,python,[JIT],0x0000758d927cea63
993095.0,3634040,python,[JIT],0x0000766aade136b1
993095.0,3634084,python,[JIT],0x0000731ba2201060
993094.0,3634073,python,[JIT],0x00007373dc9a5bf9
993094.0,3634051,python,[JIT],0x00007a6d27088329
993094.0,3634040,python,[JIT],0x0000766aad59d3f3
993093.0,3634029,python,[JIT],0x000077a02dcc8edc
993093.0,3634084,python,[JIT],0x0000731ba2e3a4d4
993092.0,3634051,python,[JIT],0x00007a6d276eba66
993091.0,3634051,python,[JIT],0x00007a6d271c7c39
993091.0,3634040,python,[JIT],0x0000766aad5c4c86
993091.0,3634040,python,[JIT],0x0000766aad6ce27c
993091.0,3634040,python,[JIT],0x0000766aad6ce4ae
993091.0,3634084,python,[JIT],0x0000731ba21ff0a1
993090.0,3634022,python,[JIT],0x000078e61547a5cb
993090.0,3634073,python,[JIT],0x00007373dc9a5a82
993090.0,3634062,python,[JIT],0x0000758d926c367b
993090.0,3634040,python,[JIT],0x0000766aad5c4a8b
993089.0,3634022,python,[JIT],0x000078e61547b84d
993089.0,3634022,python,[JIT],0x000078e61547bb32
993089.0,3634022,python,[JIT],0x000078e61547bd14
993089.0,3634040,python,[JIT],0x0000766aad59ecd5
993089.0,3634040,python,[JIT],0x0000766aad5c4b8b
993089.0,3634040,python,[JIT],0x0000766aade13d48
993089.0,3634084,python,[JIT],0x0000731ba2205e7f
993088.0,3634029,python,[JIT],0x000077a02e2ec96f
993088.0,3634040,python,[JIT],0x0000766aad59f62d
993088.0,3634040,python,[JIT],0x0000766aad5c4aaa
993088.0,3634040,python,[JIT],0x0000766aae0d3076
993087.0,3634029,python,[JIT],0x000077a02e63828a
993087.0,3634073,python,[JIT],0x00007373dcd9ec93
993086.0,3634051,python,[JIT],0x00007a6d270888ef
993086.0,3634051,python,[JIT],0x00007a6d27bb5052
993086.0,3634040,python,[JIT],0x0000766aade14674
993085.0,3634040,python,[JIT],0x0000766aad5c421a
993085.0,3634040,python,[JIT],0x0000766aade13b41
993085.0,3634040,python,[JIT],0x0000766aade14518
993085.0,3634040,python,[JIT],0x0000766aade14607
993084.0,3634029,python,[JIT],0x000077a02dcc87ef
993084.0,3634040,python,[JIT],0x0000766aad59da26
993084.0,3634040,python,[JIT],0x0000766aad6ce9b4
993084.0,3634040,python,[JIT],0x0000766aade145bd
993084.0,3634084,python,[JIT],0x0000731ba2205ca6
993083.0,3634040,python,[JIT],0x0000766aad59efe8
993083.0,3634040,python,[JIT],0x0000766aad59f625
993083.0,3634040,python,[JIT],0x0000766aad5c4b7f
993082.0,3634062,python,[JIT],0x0000758d926c4227
993082.0,3634062,python,[JIT],0x0000758d922b412b
993081.0,3634040,python,[JIT],0x0000766aad59ef95
993081.0,3634040,python,[JIT],0x0000766aade1469f
993081.0,3634040,python,[JIT],0x0000766aade1507f
993080.0,3634029,python,[JIT],0x000077a02dcc83b2
993080.0,3634040,python,[JIT],0x0000766aad59ebaf
993080.0,3634040,python,[JIT],0x0000766aade140d5
993079.0,3634022,python,[JIT],0x000078e6154a1b89
993079.0,3634073,python,[JIT],0x00007373dd6134fc
993079.0,3634051,python,[JIT],0x00007a6d26c91269
993079.0,3634040,python,[JIT],0x0000766aad59e99b
993079.0,3634040,python,[JIT],0x0000766aade15376
993078.0,3634073,python,[JIT],0x00007373dd6130ea
993078.0,3634040,python,[JIT],0x0000766aad6ce6f5
993077.0,3634062,python,[JIT],0x0000758d922b40dc
993077.0,3634040,python,[JIT],0x0000766aad6ce326
993076.0,3634051,python,[JIT],0x00007a6d27089420
993076.0,3634040,python,[JIT],0x0000766aad59ef52
993076.0,3634040,python,[JIT],0x0000766aad5c47f6
993076.0,3634040,python,[JIT],0x0000766aade14fcd
993076.0,3634040,python,[JIT],0x0000766aade15406
993075.0,3634073,python,[JIT],0x00007373dd6130f8
993075.0,3634051,python,[JIT],0x00007a6d27087810
993075.0,3634040,python,[JIT],0x0000766aad59e547
993075.0,3634040,python,[JIT],0x0000766aade13368
993075.0,3634040,python,[JIT],0x0000766aade13642
993075.0,3634040,python,[JIT],0x0000766aade14a8e
993074.0,3634062,python,[JIT],0x0000758d922b5ed3
993074.0,3634062,python,[JIT],0x0000758d926c38df
993074.0,3634040,python,[JIT],0x0000766aad59d0a9
993074.0,3634040,python,[JIT],0x0000766aad59e3db
993074.0,3634040,python,[JIT],0x0000766aad59f007
993074.0,3634040,python,[JIT],0x0000766aad6ce2f9
993074.0,3634040,python,[JIT],0x0000766aade142b8
993073.0,3634051,python,[JIT],0x00007a6d27087966
993073.0,3634051,python,[JIT],0x00007a6d276eb887
993073.0,3634040,python,[JIT],0x0000766aad5c43e3
993073.0,3634040,python,[JIT],0x0000766aad6ce33c
993073.0,3634040,python,[JIT],0x0000766aad6ced47
993073.0,3634084,python,[JIT],0x0000731ba2201c32
993072.0,3634073,python,[JIT],0x00007373dc9a7449
993072.0,3634062,python,[JIT],0x0000758d927ce301
993072.0,3634040,python,[JIT],0x0000766aad59d8ab
993072.0,3634040,python,[JIT],0x0000766aad59e765
993072.0,3634040,python,[JIT],0x0000766aad59ee38
993072.0,3634040,python,[JIT],0x0000766aade136d7
993071.0,3634073,python,[JIT],0x00007373dcece076
993071.0,3634040,python,[JIT],0x0000766aad6ce73f
993070.0,3634040,python,[JIT],0x0000766aade13581
993070.0,3634040,python,[JIT],0x0000766aade154d2
993069.0,3634022,python,[JIT],0x000078e6150845d8
993069.0,3634040,python,[JIT],0x0000766aade134db
993069.0,3634084,python,[JIT],0x0000731ba22015c4
993068.0,3634073,python,[JIT],0x00007373dc9a5318
993068.0,3634062,python,[JIT],0x0000758d926c3afd
993067.0,3634022,python,[JIT],0x000078e615083266
993067.0,3634040,python,[JIT],0x0000766aade13aa3
993066.0,3634040,python,[JIT],0x0000766aad5c4915
993066.0,3634040,python,[JIT],0x0000766aade146b8
993066.0,3634040,python,[JIT],0x0000766aade14e57
993065.0,3634051,python,[JIT],0x00007a6d26c8f487
993065.0,3634040,python,[JIT],0x0000766aade13e72
993064.0,3634040,python,[JIT],0x0000766aad59e49d
993063.0,3634029,python,[JIT],0x000077a02dcc8b94
993063.0,3634062,python,[JIT],0x0000758d927ce548
993063.0,3634040,python,[JIT],0x0000766aad59d2a1
993063.0,3634040,python,[JIT],0x0000766aad59e7fe
993062.0,3634022,python,[JIT],0x000078e615082631
993062.0,3634022,python,[JIT],0x000078e61547c4ef
993062.0,3634040,python,[JIT],0x0000766aad59d672
993062.0,3634040,python,[JIT],0x0000766aad6ce42e
993062.0,3634040,python,[JIT],0x0000766aade13c74
993061.0,3634040,python,[JIT],0x0000766aad5c4d74
993061.0,3634073,python,[JIT],0x00007373dcd9d9f0
993060.0,3634051,python,[JIT],0x00007a6d26c8fd08
993060.0,3634040,python,[JIT],0x0000766aad59d78e
993060.0,3634040,python,[JIT],0x0000766aad59ecc5
993060.0,3634040,python,[JIT],0x0000766aad5c41ad
993060.0,3634040,python,[JIT],0x0000766aad6ce693
993060.0,3634040,python,[JIT],0x0000766aade13196
993058.0,3634022,python,[JIT],0x000078e6154a13e5
993058.0,3634029,python,[JIT],0x000077a02e638da3
993058.0,3634073,python,[JIT],0x00007373dc9a6a99
993058.0,3634051,python,[JIT],0x00007a6d27088b82
993057.0,3634040,python,[JIT],0x0000766aad59e326
993057.0,3634073,python,[JIT],0x00007373dc9a67bc
993056.0,3634029,python,[JIT],0x000077a02e613196
993056.0,3634029,python,[JIT],0x000077a02e613390
993056.0,3634040,python,[JIT],0x0000766aad59f41b
993055.0,3634029,python,[JIT],0x000077a02dcc857c
993055.0,3634040,python,[JIT],0x0000766aad59e176
993054.0,3634062,python,[JIT],0x0000758d926c3b13
993054.0,3634040,python,[JIT],0x0000766aad6ce935
993053.0,3634051,python,[JIT],0x00007a6d270875f1
993053.0,3634051,python,[JIT],0x00007a6d27088b8b
993053.0,3634040,python,[JIT],0x0000766aad6ce3da
993053.0,3634040,python,[JIT],0x0000766aade137df
993052.0,3634051,python,[JIT],0x00007a6d26c9158e
993050.0,3634022,python,[JIT],0x000078e6155bf127
993049.0,3634029,python,[JIT],0x000077a02e614dd4
993049.0,3634051,python,[JIT],0x00007a6d27087121
993049.0,3634084,python,[JIT],0x0000731ba220695e
993047.0,3634022,python,[JIT],0x000078e6155bfd87
993047.0,3634051,python,[JIT],0x00007a6d27087684
993045.0,3634073,python,[JIT],0x00007373dcd9f1b8
993045.0,3634040,python,[JIT],0x0000766aade1385f
993045.0,3634073,python,[JIT],0x00007373dd613238
993044.0,3634040,python,[JIT],0x0000766aad6ce0f4
993044.0,3634084,python,[JIT],0x0000731ba220561f
993043.0,3634051,python,[JIT],0x00007a6d26c90ecc
993043.0,3634040,python,[JIT],0x0000766aade136a7
993042.0,3634029,python,python,pow@plt
993042.0,3634084,python,[JIT],0x0000731ba22066b5
993040.0,3634073,python,[JIT],0x00007373dcd9f0e1
993038.0,3634084,python,[JIT],0x0000731ba2202edc
993037.0,3634040,python,[JIT],0x0000766aade1507c
993036.0,3634040,python,[JIT],0x0000766aad59d2ec
993035.0,3634040,python,[JIT],0x0000766aad59d962
993035.0,3634040,python,[JIT],0x0000766aad6ce5c5
993035.0,3634040,python,[JIT],0x0000766aad6ce98f
993034.0,3634029,python,[JIT],0x000077a02e613361
993034.0,3634051,python,[JIT],0x00007a6d26c90dd1
993034.0,3634051,python,[JIT],0x00007a6d2708777f
993034.0,3634040,python,[JIT],0x0000766aad59e7a4
993034.0,3634084,python,[JIT],0x0000731ba2e3a1c0
993033.0,3634062,python,[JIT],0x0000758d922b255c
993033.0,3634084,python,[JIT],0x0000731ba2202547
993033.0,3634073,python,[JIT],0x00007373dcd9d754
993031.0,3634062,python,[JIT],0x0000758d926c316b
993030.0,3634051,python,[JIT],0x00007a6d27087ed4
993030.0,3634073,python,[JIT],0x00007373dc9a6547
993030.0,3634073,python,[JIT],0x00007373dcd9e9bc
993029.0,3634073,python,[JIT],0x00007373dd6133ba
993029.0,3634073,python,[JIT],0x00007373dcecec27
993027.0,3634062,python,[JIT],0x0000758d931d605c
993026.0,3634062,python,[JIT],0x0000758d922b5dcb
993026.0,3634040,python,[JIT],0x0000766aade131e1
993026.0,3634040,python,[JIT],0x0000766aade13e7c
993025.0,3634040,python,[JIT],0x0000766aad59d111
993024.0,3634073,python,[JIT],0x00007373dcd9dd2d
993023.0,3634073,python,[JIT],0x00007373dcd9de6e
993021.0,3634029,python,[JIT],0x000077a02e613988
993020.0,3634073,python,[JIT],0x00007373dcd9dd39
993019.0,3634029,python,[JIT],0x000077a02dcc78eb
993019.0,3634051,python,[JIT],0x00007a6d26c9014e
993018.0,3634073,python,[JIT],0x00007373dd613dee
993017.0,3634040,python,[JIT],0x0000766aad6cede8
993016.0,3634022,python,[JIT],0x000078e6155bf368
993016.0,3634040,python,[JIT],0x0000766aad6ce23a
993016.0,3634040,python,[JIT],0x0000766aade137d7
993015.0,3634051,python,[JIT],0x00007a6d2708899a
993015.0,3634062,python,[JIT],0x0000758d926c5384
993014.0,3634051,python,[JIT],0x00007a6d26c9115e
993014.0,3634051,python,[JIT],0x00007a6d27088fe3
993014.0,3634040,python,[JIT],0x0000766aad5c4286
993014.0,3634040,python,[JIT],0x0000766aade140cb
993013.0,3634051,python,[JIT],0x00007a6d276eb397
993012.0,3634062,python,[JIT],0x0000758d922b6302
993012.0,3634040,python,[JIT],0x0000766aade1397d
993012.0,3634084,python,[JIT],0x0000731ba2205ad4
993010.0,3634062,python,[JIT],0x0000758d926c4858
993010.0,3634040,python,[JIT],0x0000766aad59d450
993009.0,3634029,python,[JIT],0x000077a02e614065
993008.0,3634040,python,[JIT],0x0000766aad6ce85a
993008.0,3634040,python,[JIT],0x0000766aad6ce8bb
993008.0,3634040,python,[JIT],0x0000766aade1348f
993007.0,3634051,python,[JIT],0x00007a6d270870a9
993007.0,3634051,python,[JIT],0x00007a6d270874c1
993007.0,3634084,python,[JIT],0x0000731ba2205e3f
993004.0,3634029,python,[JIT],0x000077a02e614287
993004.0,3634040,python,[JIT],0x0000766aade13cf7
993004.0,3634040,python,[JIT],0x0000766aade151bb
993004.0,3634084,python,[JIT],0x0000731ba22070cd
993002.0,3634040,python,[JIT],0x0000766aade1460e
993001.0,3634040,python,[JIT],0x0000766aad59f50a
993000.0,3634040,python,[JIT],0x0000766aad6ce83b
993000.0,3634040,python,[JIT],0x0000766aade13433
993000.0,3634040,python,[JIT],0x0000766aade136b4
992999.0,3634040,python,[JIT],0x0000766aade1327e
992997.0,3634040,python,[JIT],0x0000766aad5c4d59
992996.0,3634062,python,[kernel.kallsyms],hrtimer_interrupt
992996.0,3634040,python,[JIT],0x0000766aad6ce798
992996.0,3634040,python,[JIT],0x0000766aade138a6
992995.0,3634022,python,[JIT],0x000078e6150844ce
992995.0,3634040,python,[JIT],0x0000766aad6cec06
992995.0,3634040,python,[JIT],0x0000766aad6cec09
992994.0,3634029,python,[JIT],0x000077a02e61552e
992994.0,3634051,python,[JIT],0x00007a6d27087b57
992994.0,3634051,python,[JIT],0x00007a6d276eb7f6
992994.0,3634040,python,[JIT],0x0000766aade1359a
992994.0,3634040,python,[JIT],0x0000766aade14b72
992991.0,3634029,python,[JIT],0x000077a02dcc8c20
992991.0,3634062,python,[JIT],0x0000758d922b296f
992991.0,3634051,python,[JIT],0x00007a6d26c8f965
992991.0,3634040,python,[JIT],0x0000766aad59ecd9
992991.0,3634040,python,[JIT],0x0000766aade13779
992991.0,3634084,python,[JIT],0x0000731ba2206751
992990.0,3634029,python,[JIT],0x000077a02dcc899b
992990.0,3634073,python,[JIT],0x00007373dcd9e33b
992990.0,3634040,python,[JIT],0x0000766aade1377f
992990.0,3634040,python,[JIT],0x0000766aade149f8
992989.0,3634040,python,[JIT],0x0000766aad6cec37
992989.0,3634040,python,[JIT],0x0000766aade138b8
992989.0,3634040,python,[JIT],0x0000766aade14f20
992988.0,3634040,python,[JIT],0x0000766aade14e96
992987.0,3634040,python,[JIT],0x0000766aad59f1b0
992987.0,3634040,python,[JIT],0x0000766aad5c4247
992987.0,3634040,python,[JIT],0x0000766aad6ce1c6
992987.0,3634040,python,[JIT],0x0000766aad6ceabc
992987.0,3634084,python,[JIT],0x0000731ba2206efa
992986.0,3634073,python,[JIT],0x00007373dcd9d8b8
992986.0,3634040,python,[JIT],0x0000766aad59e1ca
992986.0,3634040,python,[JIT],0x0000766aad59f5ea
992986.0,3634040,python,[JIT],0x0000766aad6ce923
992985.0,3634029,python,[JIT],0x000077a02dcc8e60
992985.0,3634040,python,[JIT],0x0000766aad59f0a6
992985.0,3634040,python,[JIT],0x0000766aade13846
992985.0,3634040,python,[JIT],0x0000766aade14f45
992984.0,3634040,python,[JIT],0x0000766aad5c42bb
992984.0,3634040,python,[JIT],0x0000766aade13b79
992983.0,3634040,python,[JIT],0x0000766aad6ce30f
992982.0,3634040,python,[JIT],0x0000766aad59e99f
992982.0,3634040,python,[JIT],0x0000766aad59efc0
992982.0,3634040,python,[JIT],0x0000766aad6ce603
992982.0,3634040,python,[JIT],0x0000766aade13bdd
992982.0,3634040,python,[JIT],0x0000766aade1542a
992981.0,3634040,python,[JIT],0x0000766aad59eae9
992981.0,3634040,python,[JIT],0x0000766aad6ce2d2
992981.0,3634040,python,[JIT],0x0000766aade1383e
992980.0,3634073,python,[JIT],0x00007373dcd9d6dd
992980.0,3634051,python,[JIT],0x00007a6d270879e5
992980.0,3634040,python,[JIT],0x0000766aade143a6
992980.0,3634073,python,[JIT],0x00007373dcd9f085
992979.0,3634040,python,[JIT],0x0000766aad59ec6e
992979.0,3634040,python,[JIT],0x0000766aad59f4fa
992979.0,3634040,python,[JIT],0x0000766aad5c4bce
992979.0,3634040,python,[JIT],0x0000766aad6ce0a9
992978.0,3634022,python,[JIT],0x000078e61547a91d
992978.0,3634040,python,[JIT],0x0000766aad59e24b
992978.0,3634040,python,[JIT],0x0000766aad59ebb4
992978.0,3634040,python,[JIT],0x0000766aade14caf
992978.0,3634084,python,python,object_vacall
992977.0,3634040,python,[JIT],0x0000766aad59d64b
992977.0,3634040,python,[JIT],0x0000766aad59da65
992976.0,3634062,python,[JIT],0x0000758d926c54dc
992976.0,3634040,python,[JIT],0x0000766aad5c4201
992975.0,3634073,python,[JIT],0x00007373dc9a5f59
992975.0,3634040,python,[JIT],0x0000766aad59f1dd
992975.0,3634040,python,[JIT],0x0000766aad5c465b
992974.0,3634040,python,[JIT],0x0000766aad59ee1b
992974.0,3634040,python,[JIT],0x0000766aade13c46
992973.0,3634051,python,[JIT],0x00007a6d270886ce
992973.0,3634040,python,[JIT],0x0000766aad59d7dc
992973.0,3634040,python,[JIT],0x0000766aad5c4495
992973.0,3634040,python,[JIT],0x0000766aade13a74
992972.0,3634040,python,[JIT],0x0000766aad59d7c7
992972.0,3634040,python,[JIT],0x0000766aad59e9b6
992972.0,3634040,python,[JIT],0x0000766aade13754
992972.0,3634084,python,[JIT],0x0000731ba2205c7b
992971.0,3634029,python,[JIT],0x000077a02e638698
992971.0,3634040,python,[JIT],0x0000766aad5c4089
992971.0,3634084,python,[JIT],0x0000731ba220531c
992970.0,3634051,python,[JIT],0x00007a6d271c71eb
992969.0,3634040,python,[JIT],0x0000766aade151cf
992968.0,3634073,python,[JIT],0x00007373dc9a5b64
992967.0,3634022,python,[JIT],0x000078e615082c1c
992967.0,3634022,python,[JIT],0x000078e61547a328
992967.0,3634040,python,[JIT],0x0000766aade132ea
992965.0,3634022,python,[JIT],0x000078e615083703
992964.0,3634029,python,[JIT],0x000077a02e2ec78a
992964.0,3634040,python,[JIT],0x0000766aad59e099
992963.0,3634073,python,[JIT],0x00007373dcd9f4c4
992963.0,3634051,python,[JIT],0x00007a6d26c91501
992962.0,3634040,python,[JIT],0x0000766aade138bd
992961.0,3634040,python,[JIT],0x0000766aad59ec8a
992960.0,3634022,python,[JIT],0x000078e615084088
992960.0,3634040,python,[JIT],0x0000766aad5c4188
992960.0,3634040,python,[JIT],0x0000766aade133fe
992959.0,3634051,python,[JIT],0x00007a6d2708942a
992959.0,3634040,python,[JIT],0x0000766aad6ce913
992959.0,3634040,python,[JIT],0x0000766aad6ceb9f
992957.0,3634040,python,[JIT],0x0000766aad59f3f3
992957.0,3634040,python,[JIT],0x0000766aade15211
992956.0,3634040,python,[JIT],0x0000766aade1305c
992954.0,3634040,python,[JIT],0x0000766aad6ce646
992954.0,3634040,python,[JIT],0x0000766aade13854
992953.0,3634051,python,[JIT],0x00007a6d270872d8
992953.0,3634040,python,[JIT],0x0000766aad5c493c
992952.0,3634062,python,[JIT],0x0000758d922b47da
992952.0,3634040,python,[JIT],0x0000766aad59e2ab
992952.0,3634040,python,[JIT],0x0000766aade150cd
992951.0,3634040,python,[JIT],0x0000766aad59d626
992951.0,3634040,python,[JIT],0x0000766aade1374f
992951.0,3634084,python,[JIT],0x0000731ba220542d
992950.0,3634062,python,[JIT],0x0000758d931d6089
992950.0,3634051,python,[JIT],0x00007a6d27088fb6
992949.0,3634073,python,[JIT],0x00007373dcd9dd6b
992947.0,3634062,python,[JIT],0x0000758d922b59c2
992947.0,3634040,python,[JIT],0x0000766aad59e26b
992947.0,3634040,python,[JIT],0x0000766aade13da4
992946.0,3634084,python,[JIT],0x0000731ba21ff97f
992944.0,3634040,python,[JIT],0x0000766aade148a3
992944.0,3634040,python,[JIT],0x0000766aade15492
992943.0,3634073,python,[JIT],0x00007373dc9a571e
992943.0,3634051,python,[JIT],0x00007a6d26c8f601
992942.0,3634051,python,[JIT],0x00007a6d26c90dae
992942.0,3634040,python,[JIT],0x0000766aad6ceaa7
992941.0,3634062,python,[JIT],0x0000758d926c33de
992941.0,3634040,python,[JIT],0x0000766aade13a6c
992941.0,3634040,python,[JIT],0x0000766aade1516e
992940.0,3634051,python,[JIT],0x00007a6d26c9130e
992940.0,3634040,python,[JIT],0x0000766aad59df30
992940.0,3634040,python,[JIT],0x0000766aad59eb75
992940.0,3634040,python,[JIT],0x0000766aad5c4218
992940.0,3634040,python,[JIT],0x0000766aad6ce96a
992939.0,3634040,python,[JIT],0x0000766aad6ce8ad
992939.0,3634040,python,[JIT],0x0000766aade13d1f
992938.0,3634084,python,[JIT],0x0000731ba2205898
992937.0,3634040,python,[JIT],0x0000766aad59dbf7
992937.0,3634040,python,[JIT],0x0000766aade14d45
992936.0,3634029,python,[JIT],0x000077a02e613871
992936.0,3634029,python,[JIT],0x000077a02e6384c3
992936.0,3634051,python,[JIT],0x00007a6d27bb5087
992935.0,3634051,python,[JIT],0x00007a6d26c913ff
992935.0,3634040,python,[JIT],0x0000766aad59d933
992935.0,3634040,python,[JIT],0x0000766aad5c42af
992935.0,3634040,python,[JIT],0x0000766aade1455d
992934.0,3634062,python,[JIT],0x0000758d926c4253
992934.0,3634040,python,[JIT],0x0000766aad59df15
992934.0,3634040,python,[JIT],0x0000766aade1449a
992934.0,3634073,python,[JIT],0x00007373dcd9f2a4
992933.0,3634051,python,[JIT],0x00007a6d27088fe9
992933.0,3634062,python,[JIT],0x0000758d926c418d
992933.0,3634040,python,[JIT],0x0000766aad6ce7b8
992933.0,3634040,python,[JIT],0x0000766aade13003
992932.0,3634022,python,[JIT],0x000078e61547a71a
992932.0,3634040,python,[JIT],0x0000766aad6ce9be
992932.0,3634040,python,[JIT],0x0000766aad6cedda
992931.0,3634029,python,[JIT],0x000077a02e638845
992931.0,3634073,python,[JIT],0x00007373dcd9f20b
992930.0,3634029,python,[JIT],0x000077a02e6387a6
992930.0,3634029,python,[JIT],0x000077a02e2ec0fb
992930.0,3634051,python,[JIT],0x00007a6d26c90e29
992930.0,3634040,python,[JIT],0x0000766aad6ce7aa
992930.0,3634040,python,[JIT],0x0000766aade151c2
992929.0,3634040,python,[JIT],0x0000766aad5c4786
992929.0,3634040,python,[JIT],0x0000766aade13182
992929.0,3634040,python,[JIT],0x0000766aade13961
992928.0,3634073,python,[JIT],0x00007373dcd9d182
992928.0,3634062,python,[JIT],0x0000758d922b557c
992928.0,3634040,python,[JIT],0x0000766aade146f7
992927.0,3634040,python,[JIT],0x0000766aad59d70e
992927.0,3634040,python,[JIT],0x0000766aad59dc6c
992927.0,3634040,python,[JIT],0x0000766aad6ce63f
992927.0,3634040,python,[JIT],0x0000766aad6ced68
992926.0,3634073,python,[JIT],0x00007373dcd9db2b
992926.0,3634062,python,[JIT],0x0000758d926c3194
992926.0,3634040,python,[JIT],0x0000766aade14d06
992926.0,3634040,python,[JIT],0x0000766aade15667
992926.0,3634084,python,[JIT],0x0000731ba2e3a7be
992925.0,3634040,python,[JIT],0x0000766aad59e428
992925.0,3634040,python,[JIT],0x0000766aad6ceca6
992924.0,3634029,python,[JIT],0x000077a02dcc7be0
992924.0,3634051,python,[JIT],0x00007a6d27087e4c
992924.0,3634040,python,[JIT],0x0000766aad5c47b6
992924.0,3634040,python,[JIT],0x0000766aad6ce2ba
992924.0,3634040,python,[JIT],0x0000766aade13256
992924.0,3634040,python,[JIT],0x0000766aade14a84
992924.0,3634073,python,libc.so.6,__errno_location
992923.0,3634040,python,[JIT],0x0000766aad5c42b6
992923.0,3634040,python,[JIT],0x0000766aad5c4d48
992923.0,3634040,python,[JIT],0x0000766aade13487
992922.0,3634062,python,[JIT],0x0000758d926c482f
992922.0,3634062,python,[JIT],0x0000758d926c39cf
992922.0,3634040,python,[JIT],0x0000766aad59dcc6
992922.0,3634040,python,[JIT],0x0000766aad59f316
992922.0,3634040,python,[JIT],0x0000766aad5c4342
992922.0,3634040,python,[JIT],0x0000766aad6ce45d
992922.0,3634040,python,[JIT],0x0000766aad6cea70
992922.0,3634084,python,[JIT],0x0000731ba220671f
992921.0,3634040,python,[JIT],0x0000766aade13259
992920.0,3634022,python,[JIT],0x000078e615083a59
992920.0,3634073,python,[JIT],0x00007373dc9a511c
992920.0,3634062,python,[JIT],0x0000758d927ce000
992920.0,3634040,python,[JIT],0x0000766aad5c4101
992920.0,3634040,python,[JIT],0x0000766aade1390c
992920.0,3634040,python,[JIT],0x0000766aade1394e
992919.0,3634040,python,[JIT],0x0000766aade13afa
992919.0,3634040,python,[JIT],0x0000766aade13bf3
992919.0,3634040,python,[JIT],0x0000766aade1480e
992918.0,3634040,python,[JIT],0x0000766aad6cece0
992918.0,3634040,python,[JIT],0x0000766aade14bb7
992917.0,3634029,python,[JIT],0x000077a02dcc7d1e
992917.0,3634073,python,[JIT],0x00007373dcece89b
992917.0,3634062,python,[JIT],0x0000758d922b5fa0
992917.0,3634040,python,[JIT],0x0000766aad6ce838
992915.0,3634040,python,[JIT],0x0000766aad59f099
992915.0,3634040,python,[JIT],0x0000766aade146bd
992914.0,3634062,python,[JIT],0x0000758d926c3c8b
992914.0,3634040,python,[JIT],0x0000766aad6ce232
992914.0,3634040,python,[JIT],0x0000766aade133dc
992913.0,3634073,python,[JIT],0x00007373dc9a6a1d
992913.0,3634051,python,[JIT],0x00007a6d276ebae4
992913.0,3634040,python,[JIT],0x0000766aad59dfcc
992913.0,3634040,python,[JIT],0x0000766aad5c48c5
992913.0,3634040,python,[JIT],0x0000766aade13441
992912.0,3634040,python,[JIT],0x0000766aade131a6
992912.0,3634084,python,[JIT],0x0000731ba2206a2f
992911.0,3634040,python,[JIT],0x0000766aad6ce139
992910.0,3634062,python,[JIT],0x0000758d926c3e5a
992910.0,3634040,python,[JIT],0x0000766aad59e0fc
992909.0,3634040,python,[JIT],0x0000766aade14784
992909.0,3634040,python,[JIT],0x0000766aade14951
992909.0,3634084,python,[JIT],0x0000731ba22051e7
992908.0,3634022,python,[JIT],0x000078e61547a7ec
992908.0,3634040,python,[JIT],0x0000766aade1329a
992907.0,3634040,python,[JIT],0x0000766aad6ce805
992907.0,3634040,python,[JIT],0x0000766aad6ce95c
992907.0,3634040,python,[JIT],0x0000766aade14b54
992906.0,3634062,python,[JIT],0x0000758d926c41d2
992906.0,3634040,python,[JIT],0x0000766aad5c432d
992906.0,3634040,python,[JIT],0x0000766aade13d26
992905.0,3634084,python,[JIT],0x0000731ba22029b6
992904.0,3634051,python,[JIT],0x00007a6d26c913f9
992902.0,3634040,python,[JIT],0x0000766aad59f5d5
992901.0,3634073,python,[JIT],0x00007373dd613382
992901.0,3634062,python,[JIT],0x0000758d922b4794
992901.0,3634040,python,[JIT],0x0000766aade13590
992900.0,3634062,python,[JIT],0x0000758d922b417d
992900.0,3634040,python,[JIT],0x0000766aad59dcf9
992900.0,3634040,python,[JIT],0x0000766aade13cf4
992899.0,3634029,python,[JIT],0x000077a02dcc8a9f
992899.0,3634051,python,[JIT],0x00007a6d26c8fbf7
992898.0,3634022,python,[JIT],0x000078e6155bf783
992898.0,3634040,python,[JIT],0x0000766aad6ceb5c
992897.0,3634040,python,[JIT],0x0000766aad6ce86b
992896.0,3634051,python,[JIT],0x00007a6d27087c09
992896.0,3634051,python,[JIT],0x00007a6d27bb5076
992896.0,3634040,python,[JIT],0x0000766aad59e782
992896.0,3634040,python,[JIT],0x0000766aad5c425c
992895.0,3634062,python,[kernel.kallsyms],lapic_next_deadline
992895.0,3634040,python,[JIT],0x0000766aad6ce4f3
992891.0,3634051,python,[JIT],0x00007a6d27089420
992889.0,3634040,python,[JIT],0x0000766aade154c4
992888.0,3634073,python,[JIT],0x00007373dcece834
992888.0,3634040,python,[JIT],0x0000766aade13219
992888.0,3634040,python,[JIT],0x0000766aade15200
992887.0,3634073,python,[JIT],0x00007373dcd9d92a
992886.0,3634040,python,[JIT],0x0000766aad59d689
992885.0,3634029,python,[JIT],0x000077a02e613532
992885.0,3634040,python,[JIT],0x0000766aad59ee60
992885.0,3634084,python,[JIT],0x0000731ba2205319
992883.0,3634051,python,[JIT],0x00007a6d276eb34d
992883.0,3634040,python,[JIT],0x0000766aad6ce7e3
992881.0,3634051,python,[JIT],0x00007a6d27088637
992881.0,3634040,python,[JIT],0x0000766aade1333a
992880.0,3634084,python,[JIT],0x0000731ba2e3aa44
992879.0,3634062,python,[JIT],0x0000758d922b41fe
992878.0,3634051,python,[JIT],0x00007a6d27088598
992872.0,3634084,python,[JIT],0x0000731ba2205a78
992870.0,3634073,python,[JIT],0x00007373dc9a6d34
992870.0,3634084,python,[JIT],0x0000731ba2e3ac9c
992869.0,3634051,python,[JIT],0x00007a6d271c7a96
992869.0,3634040,python,[JIT],0x0000766aad6ce698
992868.0,3634040,python,[JIT],0x0000766aad59f635
992867.0,3634040,python,[JIT],0x0000766aade14d65
992861.0,3634073,python,[JIT],0x00007373dcd9dba0
992858.0,3634073,python,[kernel.kallsyms],fpregs_assert_state_consistent
992858.0,3634040,python,[JIT],0x0000766aad59d2a5
992854.0,3634029,python,[JIT],0x000077a02e613e43
992852.0,3634040,python,[JIT],0x0000766aade146ed
992851.0,3634040,python,[JIT],0x0000766aad6cea15
992850.0,3634073,python,[JIT],0x00007373dc9a64b3
992849.0,3634029,python,[JIT],0x000077a02e638dcb
992849.0,3634040,python,[JIT],0x0000766aad6cecbe
992847.0,3634022,python,[JIT],0x000078e6154a1865
992847.0,3634051,python,[JIT],0x00007a6d276ebce0
992844.0,3634040,python,[JIT],0x0000766aade14e82
992838.0,3634040,python,[JIT],0x0000766aade14cd0
992837.0,3634062,python,[JIT],0x0000758d926c5033
992837.0,3634040,python,[JIT],0x0000766aad59e352
992836.0,3634051,python,[JIT],0x00007a6d27087684
992836.0,3634062,python,[JIT],0x0000758d926c311f
992835.0,3634022,python,[JIT],0x000078e6154a12df
992834.0,3634084,python,[JIT],0x0000731ba220511f
992832.0,3634040,python,[JIT],0x0000766aad59eee1
992831.0,3634084,python,[JIT],0x0000731ba22073cf
992830.0,3634040,python,[JIT],0x0000766aad5c4a24
992830.0,3634084,python,[JIT],0x0000731ba22011a4
992829.0,3634084,python,[JIT],0x0000731ba21ffaaa
992828.0,3634029,python,[JIT],0x000077a02dcc7cf2
992827.0,3634029,python,[JIT],0x000077a02e615199
992827.0,3634029,python,[JIT],0x000077a02e61374f
992826.0,3634084,python,[JIT],0x0000731ba22058d5
992825.0,3634062,python,[JIT],0x0000758d926c4b82
992823.0,3634062,python,[JIT],0x0000758d922b2d27
992823.0,3634040,python,[JIT],0x0000766aade15223
992822.0,3634040,python,[JIT],0x0000766aad6ce724
992821.0,3634040,python,[JIT],0x0000766aade14d73
992820.0,3634084,python,[JIT],0x0000731ba2206585
992818.0,3634073,python,[JIT],0x00007373dd613a70
992817.0,3634084,python,[JIT],0x0000731ba220217b
992816.0,3634051,python,[JIT],0x00007a6d270873a7
992816.0,3634062,python,[JIT],0x0000758d922b637d
992816.0,3634040,python,[JIT],0x0000766aad5c46d1
992816.0,3634073,python,[JIT],0x00007373dcd9f0f9
992815.0,3634029,python,[JIT],0x000077a02e638a63
992815.0,3634062,python,[JIT],0x0000758d926c4cca
992813.0,3634051,python,[JIT],0x00007a6d26c90b67
992811.0,3634040,python,[JIT],0x0000766aade15415
992808.0,3634073,python,[JIT],0x00007373dcd9d5c4
992806.0,3634073,python,[JIT],0x00007373dd613734
992805.0,3634084,python,[JIT],0x0000731ba2e3aa48
992804.0,3634029,python,[JIT],0x000077a02e638179
992804.0,3634073,python,[JIT],0x00007373dcece994
992804.0,3634062,python,[JIT],0x0000758d926c3060
992803.0,3634073,python,[JIT],0x00007373dcd9d4f4
992803.0,3634051,python,[JIT],0x00007a6d26c8fa7c
992802.0,3634073,python,[JIT],0x00007373dc9a5467
992802.0,3634040,python,[JIT],0x0000766aad59db33
992799.0,3634029,python,python,PyLong_FromLong
992799.0,3634073,python,[JIT],0x00007373dcd9d7cb
992799.0,3634062,python,[JIT],0x0000758d926c39cf
992798.0,3634022,python,[JIT],0x000078e6155bf4cd
992798.0,3634051,python,[JIT],0x00007a6d270888af
992795.0,3634040,python,[JIT],0x0000766aade14541
992795.0,3634084,python,[JIT],0x0000731ba220181f
992793.0,3634022,python,[JIT],0x000078e61547b80a
992793.0,3634040,python,[JIT],0x0000766aade14618
992792.0,3634062,python,[JIT],0x0000758d927cec32
992792.0,3634084,python,[JIT],0x0000731ba22052bd
992791.0,3634029,python,[JIT],0x000077a02e63869a
992789.0,3634040,python,[JIT],0x0000766aad6cea66
992788.0,3634029,python,[JIT],0x000077a02e61554e
992788.0,3634022,python,[JIT],0x000078e61547bcca
992788.0,3634062,python,[JIT],0x0000758d926c369b
992788.0,3634084,python,[JIT],0x0000731ba22034f4
992787.0,3634029,python,[JIT],0x000077a02e6146da
992786.0,3634022,python,[JIT],0x000078e615083a27
992786.0,3634073,python,[JIT],0x00007373dcd9e487
992785.0,3634040,python,[JIT],0x0000766aad59f28b
992785.0,3634084,python,[JIT],0x0000731ba2203269
992784.0,3634029,python,[JIT],0x000077a02e638c09
992783.0,3634029,python,[JIT],0x000077a02e2ecb83
992779.0,3634022,python,[JIT],0x000078e61547b6fc
992778.0,3634051,python,[JIT],0x00007a6d2708938f
992771.0,3634062,python,[JIT],0x0000758d926c3444
992770.0,3634029,python,[JIT],0x000077a02e638611
992770.0,3634022,python,[JIT],0x000078e6155bf30f
992769.0,3634040,python,[JIT],0x0000766aad59ef92
992764.0,3634022,python,[JIT],0x000078e6150829cb
992764.0,3634051,python,[JIT],0x00007a6d26c8fc4f
992762.0,3634062,python,[JIT],0x0000758d926c4f12
992762.0,3634051,python,[JIT],0x00007a6d26c90c7b
992761.0,3634073,python,[JIT],0x00007373dc9a6fbc
992761.0,3634040,python,[JIT],0x0000766aad5c4c2e
992759.0,3634073,python,[JIT],0x00007373dc9a7457
992758.0,3634073,python,[JIT],0x00007373dcd9f648
992758.0,3634051,python,[JIT],0x00007a6d276eb5c5
992757.0,3634040,python,[JIT],0x0000766aad59db6b
992756.0,3634040,python,[JIT],0x0000766aad59efff
992756.0,3634084,python,[JIT],0x0000731ba220692f
992755.0,3634084,python,[JIT],0x0000731ba21ff25c
992754.0,3634022,python,[JIT],0x000078e61547a927
992754.0,3634022,python,[JIT],0x000078e6155bf149
992754.0,3634084,python,[JIT],0x0000731ba2201823
992751.0,3634022,python,[JIT],0x000078e6154a1586
992749.0,3634073,python,[JIT],0x00007373dd6137ec
992746.0,3634029,python,[JIT],0x000077a02e615396
992744.0,3634029,python,[JIT],0x000077a02e613837
992742.0,3634029,python,[JIT],0x000077a02e61374a
992740.0,3634084,python,[JIT],0x0000731ba2201c94
992738.0,3634040,python,[JIT],0x0000766aad5c4790
992737.0,3634062,python,[JIT],0x0000758d926c3898
992736.0,3634022,python,[JIT],0x000078e615fa8060
992734.0,3634040,python,[JIT],0x0000766aade13298
992733.0,3634062,python,[JIT],0x0000758d926c39b9
992732.0,3634051,python,[JIT],0x00007a6d270876dd
992732.0,3634084,python,[JIT],0x0000731ba22055c7
992727.0,3634040,python,[JIT],0x0000766aad6ce37e
992726.0,3634029,python,[JIT],0x000077a02e613e72
992726.0,3634051,python,[JIT],0x00007a6d27087731
992726.0,3634040,python,[JIT],0x0000766aad5c42aa
992725.0,3634084,python,[JIT],0x0000731ba2202e55
992724.0,3634084,python,[JIT],0x0000731ba21ff1a6
992723.0,3634084,python,[JIT],0x0000731ba2201b25
992721.0,3634051,python,[JIT],0x00007a6d27087d23
992720.0,3634062,python,[JIT],0x0000758d926c4fa7
992718.0,3634062,python,[JIT],0x0000758d922b52ab
992718.0,3634040,python,[JIT],0x0000766aad5c44dc
992716.0,3634084,python,[JIT],0x0000731ba2201495
992715.0,3634084,python,[JIT],0x0000731ba2205e47
992713.0,3634073,python,[JIT],0x00007373dd61369a
992710.0,3634062,python,[JIT],0x0000758d927ce11b
992710.0,3634084,python,[JIT],0x0000731ba2205b7e
992708.0,3634062,python,[JIT],0x0000758d922b5c75
992708.0,3634062,python,[JIT],0x0000758d926c3315
992708.0,3634062,python,[JIT],0x0000758d926c43f6
992707.0,3634062,python,[JIT],0x0000758d927ce2ca
992706.0,3634073,python,[JIT],0x00007373dcd9de66
992705.0,3634062,python,[JIT],0x0000758d926c52fa
992704.0,3634022,python,[JIT],0x000078e6155bf6ff
992703.0,3634062,python,[JIT],0x0000758d926c54d6
992703.0,3634051,python,[JIT],0x00007a6d270875dd
992701.0,3634022,python,[JIT],0x000078e6155bf57c
992700.0,3634051,python,python,_PyLong_FromMedium
992700.0,3634051,python,[JIT],0x00007a6d27088cd2
992698.0,3634029,python,[JIT],0x000077a02e615517
992694.0,3634051,python,[JIT],0x00007a6d26c914f4
992692.0,3634062,python,[JIT],0x0000758d926c3622
992691.0,3634051,python,[JIT],0x00007a6d27088ea4
992687.0,3634022,python,[JIT],0x000078e61547a1bb
992687.0,3634084,python,[JIT],0x0000731ba2205590
992684.0,3634062,python,[JIT],0x0000758d926c3010
992684.0,3634051,python,[JIT],0x00007a6d270894d2
992683.0,3634022,python,[JIT],0x000078e6155bf2d2
992682.0,3634022,python,[JIT],0x000078e615083bb4
992682.0,3634051,python,[JIT],0x00007a6d276eb87f
992680.0,3634029,python,[JIT],0x000077a02e614d2a
992680.0,3634022,python,[JIT],0x000078e6154a15f1
992678.0,3634022,python,[JIT],0x000078e6155bf290
992676.0,3634029,python,[JIT],0x000077a02e6141ef
992674.0,3634029,python,[JIT],0x000077a02e613673
992672.0,3634029,python,[JIT],0x000077a02e614eab
992671.0,3634062,python,[JIT],0x0000758d926c3b83
992670.0,3634040,python,[JIT],0x0000766aade14d39
992669.0,3634022,python,[JIT],0x000078e6155bfb3a
992667.0,3634029,python,[JIT],0x000077a02e613537
992665.0,3634062,python,[JIT],0x0000758d922b5057
992659.0,3634051,python,[JIT],0x00007a6d27088bd6
992658.0,3634029,python,[JIT],0x000077a02e2ec1c4
992658.0,3634084,python,[JIT],0x0000731ba22058bd
992657.0,3634022,python,[JIT],0x000078e61508300f
992656.0,3634029,python,[JIT],0x000077a02e638787
992651.0,3634022,python,[JIT],0x000078e6155bfb6c
992650.0,3634051,python,[JIT],0x00007a6d270882d2
992648.0,3634029,python,[JIT],0x000077a02dcc91f8
992648.0,3634051,python,[JIT],0x00007a6d26c90f74
992637.0,3634062,python,[JIT],0x0000758d926c391d
992637.0,3634040,python,[JIT],0x0000766aade137f5
992634.0,3634062,python,[JIT],0x0000758d926c3b03
992634.0,3634084,python,[JIT],0x0000731ba22055fe
992633.0,3634040,python,[JIT],0x0000766aad5c45be
992623.0,3634051,python,[JIT],0x00007a6d26c8f2f6
992620.0,3634073,python,[JIT],0x00007373dc9a57b8
992619.0,3634051,python,[JIT],0x00007a6d2708862d
992616.0,3634062,python,[JIT],0x0000758d922b53d1
992616.0,3634040,python,[JIT],0x0000766aad59e909
992612.0,3634040,python,[JIT],0x0000766aad59f208
992611.0,3634051,python,[JIT],0x00007a6d26c90d5a
992607.0,3634040,python,[JIT],0x0000766aad59f298
992606.0,3634073,python,[JIT],0x00007373dd6132a2
992606.0,3634073,python,[JIT],0x00007373dcd9ddab
992605.0,3634040,python,[JIT],0x0000766aade1390f
992600.0,3634073,python,[JIT],0x00007373dcd9ebda
992591.0,3634029,python,[JIT],0x000077a02e6134bf
992591.0,3634084,python,[JIT],0x0000731ba2206189
992585.0,3634029,python,[JIT],0x000077a02e2ec65b
992581.0,3634062,python,[JIT],0x0000758d926c3188
992581.0,3634084,python,[JIT],0x0000731ba2e3a43a
992579.0,3634084,python,[JIT],0x0000731ba22051e7
992574.0,3634040,python,[JIT],0x0000766aade13927
992572.0,3634022,python,[JIT],0x000078e615084070
992572.0,3634062,python,[JIT],0x0000758d926c3a3e
992571.0,3634073,python,[JIT],0x00007373dc9a537d
992561.0,3634040,python,[JIT],0x0000766aade13b9b
992559.0,3634062,python,[JIT],0x0000758d926c4b7f
992555.0,3634029,python,[JIT],0x000077a02e614329
992554.0,3634029,python,[JIT],0x000077a02e6383ba
992554.0,3634040,python,[JIT],0x0000766aad6ceb41
992549.0,3634051,python,[JIT],0x00007a6d271c772c
992547.0,3634022,python,[JIT],0x000078e6155bf33c
992547.0,3634084,python,[JIT],0x0000731ba22051f7
992546.0,3634029,python,[JIT],0x000077a02e61517b
992543.0,3634040,python,[JIT],0x0000766aad59f63f
992541.0,3634022,python,[JIT],0x000078e6150845ea
992538.0,3634040,python,[JIT],0x0000766aade13202
992538.0,3634084,python,[JIT],0x0000731ba220349b
992537.0,3634084,python,[JIT],0x0000731ba2201fd3
992535.0,3634062,python,[JIT],0x0000758d926c4a68
992535.0,3634040,python,[JIT],0x0000766aade13220
992534.0,3634029,python,[JIT],0x000077a02dcc727c
992533.0,3634022,python,[JIT],0x000078e61547b79e
992533.0,3634022,python,[JIT],0x000078e6155bf2c7
992533.0,3634029,python,[JIT],0x000077a02e61321d
992533.0,3634084,python,[JIT],0x0000731ba2202706
992531.0,3634022,python,[JIT],0x000078e6155bf850
992531.0,3634051,python,[JIT],0x00007a6d26c91328
992526.0,3634073,python,[JIT],0x00007373dcd9f3d6
992525.0,3634073,python,[JIT],0x00007373dd8cc06c
992518.0,3634029,python,[JIT],0x000077a02dcc7372
992518.0,3634040,python,[JIT],0x0000766aade1364d
992514.0,3634029,python,[JIT],0x000077a02dcc8817
992514.0,3634062,python,[JIT],0x0000758d927cecd8
992510.0,3634062,python,[JIT],0x0000758d927ce4f3
992510.0,3634062,python,[JIT],0x0000758d926c36ca
992510.0,3634084,python,[JIT],0x0000731ba220569b
992508.0,3634073,python,[JIT],0x00007373dc9a5bfc
992506.0,3634073,python,[JIT],0x00007373dd613ba5
992501.0,3634029,python,[JIT],0x000077a02e2ecd19
992500.0,3634073,python,[JIT],0x00007373dcd9d866
992499.0,3634022,python,[JIT],0x000078e61547b287
992499.0,3634073,python,[JIT],0x00007373dcd9d95d
992499.0,3634073,python,[JIT],0x00007373dcd9da34
992497.0,3634040,python,[JIT],0x0000766aade1378d
992496.0,3634084,python,[JIT],0x0000731ba220534b
992495.0,3634029,python,[JIT],0x000077a02e61491e
992494.0,3634062,python,[JIT],0x0000758d922b46d8
992493.0,3634051,python,[JIT],0x00007a6d27087606
992488.0,3634022,python,[JIT],0x000078e61547ada0
992487.0,3634051,python,[JIT],0x00007a6d26c8f295
992484.0,3634040,python,[JIT],0x0000766aad59d238
992484.0,3634073,python,python,long_dealloc
992482.0,3634051,python,[JIT],0x00007a6d271c74b4
992480.0,3634073,python,[JIT],0x00007373dd613731
992478.0,3634029,python,[JIT],0x000077a02dcc8c71
992476.0,3634029,python,[JIT],0x000077a02dcc93cc
992475.0,3634040,python,[JIT],0x0000766aad6cea73
992472.0,3634051,python,[JIT],0x00007a6d26c8f7d2
992471.0,3634073,python,[JIT],0x00007373dcece867
992470.0,3634022,python,[JIT],0x000078e61547c16e
992469.0,3634029,python,[JIT],0x000077a02e613315
992467.0,3634073,python,[JIT],0x00007373dc9a6917
992463.0,3634029,python,[JIT],0x000077a02e614b43
992463.0,3634084,python,[JIT],0x0000731ba2e3a83b
992454.0,3634029,python,[JIT],0x000077a02e2ecc86
992449.0,3634040,python,[JIT],0x0000766aade13ad0
992448.0,3634084,python,[JIT],0x0000731ba2206683
992446.0,3634040,python,[JIT],0x0000766aade14f89
992445.0,3634029,python,[JIT],0x000077a02e6137c9
992441.0,3634062,python,[JIT],0x0000758d922b4429
992441.0,3634051,python,[JIT],0x00007a6d27088cc6
992433.0,3634029,python,[JIT],0x000077a02e614df5
992429.0,3634040,python,[JIT],0x0000766aad5c4bf7
992423.0,3634040,python,[JIT],0x0000766aad6ce149
992423.0,3634073,python,[JIT],0x00007373dcd9e120
992418.0,3634073,python,[JIT],0x00007373dcd9dc00
992405.0,3634040,python,[JIT],0x0000766aade134e6
992404.0,3634040,python,[JIT],0x0000766aad59d3a4
992399.0,3634084,python,[JIT],0x0000731ba22066bd
992398.0,3634040,python,[JIT],0x0000766aad59d96b
992391.0,3634051,python,[JIT],0x00007a6d26c8f626
992384.0,3634029,python,[JIT],0x000077a02e614dc0
992378.0,3634029,python,[JIT],0x000077a02dcc785d
992378.0,3634084,python,[JIT],0x0000731ba22058c4
992377.0,3634073,python,[JIT],0x00007373dcd9eb79
992376.0,3634084,python,[JIT],0x0000731ba2e3a816
992375.0,3634029,python,[JIT],0x000077a02e2ec2af
992375.0,3634084,python,[JIT],0x0000731ba220358e
992374.0,3634051,python,[JIT],0x00007a6d276eb930
992373.0,3634073,python,[JIT],0x00007373dcd9e3f6
992371.0,3634062,python,[JIT],0x0000758d926c34c5
992371.0,3634073,python,[JIT],0x00007373dcd9d8ca
992369.0,3634029,python,[JIT],0x000077a02e638881
992369.0,3634062,python,[JIT],0x0000758d927ced47
992367.0,3634062,python,[kernel.kallsyms],perf_pmu_nop_void
992364.0,3634062,python,[JIT],0x0000758d922b5bc7
992364.0,3634062,python,[JIT],0x0000758d927ce60c
992360.0,3634084,python,[JIT],0x0000731ba21ffdc6
992357.0,3634029,python,[JIT],0x000077a02e613bd4
992356.0,3634062,python,[JIT],0x0000758d926c4082
992351.0,3634062,python,[JIT],0x0000758d922b43e1
992351.0,3634084,python,[JIT],0x0000731ba2206994
992347.0,3634051,python,[JIT],0x00007a6d276ebc80
992346.0,3634051,python,[JIT],0x00007a6d276eb82b
992346.0,3634084,python,[JIT],0x0000731ba2205a5d
992343.0,3634084,python,[JIT],0x0000731ba2205b69
992342.0,3634062,python,[JIT],0x0000758d927cee06
992340.0,3634029,python,[JIT],0x000077a02e6135a5
992339.0,3634022,python,[JIT],0x000078e61547c0cd
992339.0,3634062,python,[JIT],0x0000758d926c43d9
992335.0,3634029,python,[JIT],0x000077a02e2ec201
992335.0,3634029,python,[JIT],0x000077a02e638a70
992332.0,3634073,python,[JIT],0x00007373dceced19
992331.0,3634073,python,[JIT],0x00007373dcd9efb2
992331.0,3634040,python,[JIT],0x0000766aad6ce89a
992329.0,3634022,python,[JIT],0x000078e61547c406
992329.0,3634073,python,[JIT],0x00007373dcd9e0cb
992328.0,3634022,python,[JIT],0x000078e61547c04d
992327.0,3634029,python,[JIT],0x000077a02e61338c
992326.0,3634029,python,[JIT],0x000077a02dcc78da
992324.0,3634073,python,[JIT],0x00007373dcd9edfc
992323.0,3634062,python,[JIT],0x0000758d922b2994
992321.0,3634029,python,[JIT],0x000077a02e6130ea
992321.0,3634051,python,[JIT],0x00007a6d27088f38
992311.0,3634062,python,[JIT],0x0000758d922b5b75
992310.0,3634051,python,[JIT],0x00007a6d270877ac
992309.0,3634062,python,[JIT],0x0000758d926c36d7
992309.0,3634062,python,[JIT],0x0000758d926c4bd0
992309.0,3634073,python,[JIT],0x00007373dd6131cd
992308.0,3634029,python,[JIT],0x000077a02dcc763d
992308.0,3634062,python,[JIT],0x0000758d926c3f78
992307.0,3634084,python,[JIT],0x0000731ba21ff5ec
992305.0,3634051,python,[JIT],0x00007a6d26c9012a
992304.0,3634051,python,[JIT],0x00007a6d276eb45b
992303.0,3634084,python,[JIT],0x0000731ba2e3a98c
992300.0,3634029,python,[JIT],0x000077a02e613733
992300.0,3634084,python,[JIT],0x0000731ba2e3a5e3
992299.0,3634062,python,[JIT],0x0000758d926c3d04
992297.0,3634073,python,[JIT],0x00007373dc9a6898
992296.0,3634084,python,[JIT],0x0000731ba2e3a8d8
992296.0,3634073,python,[JIT],0x00007373dcd9e448
992293.0,3634073,python,[JIT],0x00007373dcd9f10c
992290.0,3634051,python,[JIT],0x00007a6d2708955a
992290.0,3634040,python,[JIT],0x0000766aad59f612
992289.0,3634029,python,[JIT],0x000077a02e6138c4
992289.0,3634022,python,[JIT],0x000078e61547a709
992288.0,3634051,python,[JIT],0x00007a6d270893d6
992287.0,3634022,python,[JIT],0x000078e6154a10f4
992286.0,3634073,python,[JIT],0x00007373dcd9ee96
992285.0,3634022,python,[JIT],0x000078e6155bfafa
992285.0,3634062,python,[JIT],0x0000758d926c422c
992281.0,3634084,python,[JIT],0x0000731ba2206905
992279.0,3634062,python,[JIT],0x0000758d927ce913
992278.0,3634022,python,[JIT],0x000078e6155bfd79
992276.0,3634084,python,[JIT],0x0000731ba21ff2aa
992274.0,3634073,python,[JIT],0x00007373dcd9e8c9
992272.0,3634051,python,[JIT],0x00007a6d276eb57f
992271.0,3634051,python,[JIT],0x00007a6d271c7a50
992270.0,3634084,python,[JIT],0x0000731ba2e3ac06
992270.0,3634073,python,[JIT],0x00007373dcd9ef20
992268.0,3634029,python,[JIT],0x000077a02e613e6e
992262.0,3634073,python,[JIT],0x00007373dcd9d343
992260.0,3634062,python,[JIT],0x0000758d926c3e24
992254.0,3634062,python,[JIT],0x0000758d922b60b5
992251.0,3634073,python,[JIT],0x00007373dcd9db57
992249.0,3634029,python,[JIT],0x000077a02e638ae2
992249.0,3634073,python,[JIT],0x00007373dc9a6edc
992248.0,3634040,python,[JIT],0x0000766aae0d306c
992248.0,3634084,python,[JIT],0x0000731ba21ff1c6
992245.0,3634051,python,[JIT],0x00007a6d27087bc7
992242.0,3634062,python,[JIT],0x0000758d926c4bd6
992241.0,3634073,python,[JIT],0x00007373dcece722
992239.0,3634022,python,[JIT],0x000078e615083938
992237.0,3634029,python,[JIT],0x000077a02e614478
992236.0,3634073,python,[JIT],0x00007373dd8cc012
992228.0,3634051,python,[JIT],0x00007a6d270873de
992223.0,3634062,python,[JIT],0x0000758d926c3d1a
992223.0,3634040,python,[JIT],0x0000766aade141c7
992216.0,3634084,python,[JIT],0x0000731ba21ff197
992213.0,3634084,python,[JIT],0x0000731ba2206598
992202.0,3634029,python,[JIT],0x000077a02e6139e3
992200.0,3634062,python,[JIT],0x0000758d922b62c4
992197.0,3634029,python,[JIT],0x000077a02e614f9a
992191.0,3634084,python,[JIT],0x0000731ba2205ae6
992190.0,3634029,python,[JIT],0x000077a02dcc741b
992188.0,3634084,python,[JIT],0x0000731ba2206858
992180.0,3634040,python,[JIT],0x0000766aad59d65b
992177.0,3634040,python,[JIT],0x0000766aad6ceb4f
992164.0,3634062,python,[JIT],0x0000758d927ce963
992158.0,3634062,python,[JIT],0x0000758d922b22aa
992156.0,3634040,python,[JIT],0x0000766aade14905
992154.0,3634084,python,[JIT],0x0000731ba2e3a424
992152.0,3634040,python,[JIT],0x0000766aad59f1f3
992151.0,3634084,python,[JIT],0x0000731ba220763e
992146.0,3634084,python,[JIT],0x0000731ba22025f2
992143.0,3634073,python,[JIT],0x00007373dcd9edcd
992138.0,3634029,python,[JIT],0x000077a02dcc94d5
992133.0,3634062,python,[JIT],0x0000758d922b27f6
992132.0,3634084,python,[JIT],0x0000731ba2206079
992125.0,3634062,python,[JIT],0x0000758d926c3927
992124.0,3634051,python,[JIT],0x00007a6d271c7660
992119.0,3634073,python,[JIT],0x00007373dcd9db92
992117.0,3634022,python,[JIT],0x000078e61547c423
992108.0,3634029,python,[kernel.kallsyms],tick_nohz_highres_handler
992107.0,3634051,python,[JIT],0x00007a6d26c911f3
992107.0,3634051,python,[JIT],0x00007a6d26c9096e
992091.0,3634051,python,[JIT],0x00007a6d27087ceb
992088.0,3634022,python,[JIT],0x000078e615084472
992079.0,3634073,python,[JIT],0x00007373dcd9e285
992067.0,3634040,python,[JIT],0x0000766aad59d95e
992061.0,3634051,python,[JIT],0x00007a6d276ebd5b
992055.0,3634073,python,[JIT],0x00007373dcd9e0aa
992053.0,3634022,python,[JIT],0x000078e61547a2ce
992050.0,3634051,python,[JIT],0x00007a6d276eb8e5
992050.0,3634073,python,[JIT],0x00007373dcd9e5ee
992044.0,3634022,python,[JIT],0x000078e61547c0b1
992044.0,3634029,python,[JIT],0x000077a02e613b92
992039.0,3634040,python,[JIT],0x0000766aade14405
992037.0,3634073,python,[JIT],0x00007373dcd9d927
992034.0,3634051,python,[JIT],0x00007a6d270878df
992033.0,3634040,python,[JIT],0x0000766aad5c44e9
992027.0,3634040,python,[JIT],0x0000766aade14e78
992025.0,3634040,python,[JIT],0x0000766aade13946
992016.0,3634084,python,[JIT],0x0000731ba22057a7
992012.0,3634073,python,[JIT],0x00007373dd6135cf
992012.0,3634040,python,[JIT],0x0000766aad5c4767
992012.0,3634040,python,[JIT],0x0000766aad6ced87
992005.0,3634040,python,[JIT],0x0000766aad59e9be
992000.0,3634084,python,[JIT],0x0000731ba2205946
991996.0,3634022,python,[JIT],0x000078e61547ae24
991992.0,3634062,python,[JIT],0x0000758d926c3d17
991985.0,3634040,python,[JIT],0x0000766aad59e178
991982.0,3634040,python,[JIT],0x0000766aad5c489b
991982.0,3634040,python,[JIT],0x0000766aade13722
991976.0,3634084,python,[JIT],0x0000731ba2e3a3ab
991975.0,3634040,python,[JIT],0x0000766aad59d557
991965.0,3634062,python,[JIT],0x0000758d926c3a4f
991965.0,3634040,python,[JIT],0x0000766aade132f4
991960.0,3634040,python,[JIT],0x0000766aad59e746
991957.0,3634073,python,[JIT],0x00007373dd61387b
991953.0,3634073,python,[JIT],0x00007373dd613511
991951.0,3634029,python,[JIT],0x000077a02e2ec22d
991945.0,3634084,python,[JIT],0x0000731ba2206944
991943.0,3634073,python,[JIT],0x00007373dcd9d2d8
991941.0,3634029,python,[JIT],0x000077a02e6137b0
991939.0,3634029,python,[JIT],0x000077a02e6136d7
991938.0,3634029,python,[JIT],0x000077a02e6385de
991938.0,3634062,python,[JIT],0x0000758d922b4c5d
991934.0,3634022,python,[JIT],0x000078e615082164
991933.0,3634051,python,[JIT],0x00007a6d270889ea
991931.0,3634022,python,[JIT],0x000078e6155bf533
991928.0,3634022,python,[JIT],0x000078e61547a29c
991925.0,3634084,python,[JIT],0x0000731ba220699a
991923.0,3634029,python,[JIT],0x000077a02e6381af
991920.0,3634073,python,[JIT],0x00007373dcd9db41
991919.0,3634051,python,[JIT],0x00007a6d27087569
991918.0,3634084,python,[JIT],0x0000731ba2207423
991917.0,3634029,python,[JIT],0x000077a02e63830f
991917.0,3634062,python,[JIT],0x0000758d926c3739
991916.0,3634022,python,[JIT],0x000078e6155bfc13
991916.0,3634062,python,[JIT],0x0000758d926c34c1
991913.0,3634062,python,[JIT],0x0000758d922b4b5c
991911.0,3634040,python,[JIT],0x0000766aade1349c
991910.0,3634084,python,[JIT],0x0000731ba2205a17
991909.0,3634029,python,[JIT],0x000077a02e61369d
991907.0,3634084,python,[JIT],0x0000731ba22067b3
991904.0,3634051,python,[JIT],0x00007a6d27087380
991898.0,3634062,python,[JIT],0x0000758d926c36f3
991894.0,3634022,python,[JIT],0x000078e61547ab5a
991891.0,3634073,python,[JIT],0x00007373dcecede3
991891.0,3634062,python,[JIT],0x0000758d926c54a6
991884.0,3634073,python,[JIT],0x00007373dd6135ef
991883.0,3634029,python,[JIT],0x000077a02e61383a
991883.0,3634040,python,[JIT],0x0000766aad59ecdf
991882.0,3634062,python,[JIT],0x0000758d922b54d0
991882.0,3634051,python,[JIT],0x00007a6d26c8f85d
991880.0,3634022,python,[JIT],0x000078e6154a1840
991879.0,3634022,python,[JIT],0x000078e615083d8b
991879.0,3634073,python,[JIT],0x00007373dcecec2e
991879.0,3634084,python,[JIT],0x0000731ba220734a
991876.0,3634029,python,[JIT],0x000077a02e2ec188
991875.0,3634084,python,[JIT],0x0000731ba22056e3
991874.0,3634051,python,[JIT],0x00007a6d27088818
991872.0,3634051,python,[JIT],0x00007a6d26c8f674
991870.0,3634062,python,[JIT],0x0000758d927ce51e
991870.0,3634051,python,[JIT],0x00007a6d26c90447
991866.0,3634084,python,[JIT],0x0000731ba2e3ab29
991864.0,3634073,python,[JIT],0x00007373dcd9de7c
991851.0,3634022,python,[JIT],0x000078e61547a1f7
991850.0,3634062,python,[JIT],0x0000758d926c4758
991849.0,3634040,python,[JIT],0x0000766aad59e9c2
991845.0,3634040,python,[JIT],0x0000766aad59f2d3
991840.0,3634062,python,[JIT],0x0000758d926c41ac
991833.0,3634029,python,[JIT],0x000077a02e63879e
991831.0,3634029,python,[JIT],0x000077a02e61480e
991828.0,3634029,python,[JIT],0x000077a02e613cbe
991823.0,3634062,python,[JIT],0x0000758d926c4ea1
991814.0,3634022,python,[JIT],0x000078e61547c229
991807.0,3634073,python,[JIT],0x00007373dd61357c
991793.0,3634062,python,[JIT],0x0000758d922b63cc
991792.0,3634022,python,[JIT],0x000078e6155bf2e1
991792.0,3634029,python,[JIT],0x000077a02e613f78
991790.0,3634084,python,[JIT],0x0000731ba21ffdbe
991786.0,3634073,python,[JIT],0x00007373dcd9e36a
991785.0,3634051,python,[JIT],0x00007a6d26c8fb7c
991784.0,3634029,python,[JIT],0x000077a02e61333a
991783.0,3634022,python,[JIT],0x000078e6155bf963
991781.0,3634073,python,[JIT],0x00007373dcd9eaa2
991778.0,3634040,python,[JIT],0x0000766aad6ce24d
991778.0,3634040,python,[JIT],0x0000766aade13c1b
991777.0,3634029,python,[JIT],0x000077a02e613908
991765.0,3634040,python,[JIT],0x0000766aade137db
991764.0,3634051,python,[JIT],0x00007a6d270877a7
991763.0,3634084,python,[JIT],0x0000731ba2206f97
991760.0,3634029,python,[JIT],0x000077a02e2ec2af
991758.0,3634073,python,[JIT],0x00007373dd6137a2
991755.0,3634051,python,[JIT],0x00007a6d276ebd47
991749.0,3634029,python,[JIT],0x000077a02e63875b
991747.0,3634040,python,[JIT],0x0000766aade1481b
991741.0,3634062,python,[JIT],0x0000758d926c484d
991724.0,3634062,python,[JIT],0x0000758d922b2cb8
991714.0,3634029,python,[JIT],0x000077a02e2ec010
991712.0,3634040,python,[JIT],0x0000766aade13630
991707.0,3634073,python,[kernel.kallsyms],irq_exit_rcu
991689.0,3634029,python,[JIT],0x000077a02e614b61
991671.0,3634084,python,[JIT],0x0000731ba2e3a564
991646.0,3634073,python,[JIT],0x00007373dc9a7077
991638.0,3634062,python,[JIT],0x0000758d922b4293
991621.0,3634084,python,[JIT],0x0000731ba2205f78
991619.0,3634051,python,[JIT],0x00007a6d27087b03
991608.0,3634022,python,[JIT],0x000078e615083ba1
991603.0,3634084,python,[JIT],0x0000731ba2202660
991599.0,3634029,python,[JIT],0x000077a02e613117
991596.0,3634029,python,[JIT],0x000077a02dcc7423
991591.0,3634022,python,[JIT],0x000078e61547ab57
991590.0,3634022,python,[JIT],0x000078e615083883
991587.0,3634062,python,[JIT],0x0000758d926c3a0d
991579.0,3634029,python,[JIT],0x000077a02e613739
991576.0,3634084,python,[JIT],0x0000731ba22027bc
991575.0,3634029,python,[JIT],0x000077a02dcc899f
991575.0,3634084,python,[JIT],0x0000731ba2e3a34d
991573.0,3634022,python,[JIT],0x000078e615084463
991573.0,3634062,python,[JIT],0x0000758d922b4195
991571.0,3634073,python,[JIT],0x00007373dcece2af
991570.0,3634029,python,[JIT],0x000077a02e613c3b
991570.0,3634051,python,[JIT],0x00007a6d26c8f06a
991570.0,3634073,python,[JIT],0x00007373dcd9d84a
991567.0,3634022,python,[JIT],0x000078e6150837dd
991566.0,3634084,python,[JIT],0x0000731ba2205368
991565.0,3634029,python,[JIT],0x000077a02e613cf4
991563.0,3634084,python,[JIT],0x0000731ba2205c3b
991562.0,3634029,python,[JIT],0x000077a02e6138d5
991560.0,3634029,python,[JIT],0x000077a02dcc8a50
991560.0,3634062,python,[JIT],0x0000758d922b664d
991560.0,3634040,python,[JIT],0x0000766aad6cee08
991557.0,3634062,python,[JIT],0x0000758d922b5ec6
991557.0,3634062,python,[JIT],0x0000758d926c34c1
991556.0,3634073,python,[JIT],0x00007373dc9a5cf2
991552.0,3634073,python,[JIT],0x00007373dcd9d1b7
991551.0,3634029,python,[JIT],0x000077a02e638838
991551.0,3634062,python,[JIT],0x0000758d922b2786
991549.0,3634051,python,[JIT],0x00007a6d270886d3
991548.0,3634084,python,[JIT],0x0000731ba2205d23
991544.0,3634051,python,[JIT],0x00007a6d27088718
991543.0,3634051,python,[JIT],0x00007a6d26c915ea
991539.0,3634022,python,[JIT],0x000078e61547a563
991538.0,3634029,python,[JIT],0x000077a02e613b13
991531.0,3634040,python,[JIT],0x0000766aade13b33
991529.0,3634073,python,[JIT],0x00007373dcd9ea8e
991529.0,3634084,python,[JIT],0x0000731ba22050c7
991524.0,3634073,python,[JIT],0x00007373dcd9dd3c
991520.0,3634029,python,[JIT],0x000077a02e613202
991519.0,3634051,python,[JIT],0x00007a6d276ebdcf
991507.0,3634040,python,[JIT],0x0000766aade1383a
991501.0,3634084,python,[JIT],0x0000731ba22031f3
991495.0,3634073,python,[JIT],0x00007373dc9a5497
991494.0,3634084,python,[JIT],0x0000731ba2202bbf
991493.0,3634073,python,[JIT],0x00007373dd6133f4
991490.0,3634029,python,[JIT],0x000077a02e6383ab
991489.0,3634062,python,[JIT],0x0000758d926c31a2
991488.0,3634062,python,[JIT],0x0000758d927ce7a6
991478.0,3634022,python,[JIT],0x000078e6155bf3ef
991477.0,3634084,python,[JIT],0x0000731ba2e3a4ae
991474.0,3634022,python,[JIT],0x000078e61547a27e
991471.0,3634062,python,[JIT],0x0000758d922b2867
991453.0,3634073,python,[JIT],0x00007373dcd9de5a
991446.0,3634062,python,[JIT],0x0000758d922b49e4
991445.0,3634040,python,[JIT],0x0000766aade148a0
991444.0,3634022,python,[JIT],0x000078e6155bf8ca
991437.0,3634051,python,[JIT],0x00007a6d271c718f
991432.0,3634073,python,[JIT],0x00007373dd613548
991427.0,3634073,python,[JIT],0x00007373dc9a627f
991415.0,3634040,python,[JIT],0x0000766aad59f37d
991411.0,3634051,python,[JIT],0x00007a6d26c8f109
991404.0,3634029,python,[JIT],0x000077a02e615402
991384.0,3634029,python,[JIT],0x000077a02e2ecca3
991376.0,3634084,python,[JIT],0x0000731ba22074e2
991375.0,3634022,python,[JIT],0x000078e61508327f
991373.0,3634051,python,[JIT],0x00007a6d26c90cd9
991366.0,3634062,python,[JIT],0x0000758d922b6310
991360.0,3634022,python,[JIT],0x000078e61547b3e8
991351.0,3634040,python,[JIT],0x0000766aade141d2
991337.0,3634029,python,[JIT],0x000077a02e613150
991336.0,3634062,python,[JIT],0x0000758d926c37f8
991333.0,3634051,python,[JIT],0x00007a6d26c8fc74
991331.0,3634084,python,[JIT],0x0000731ba2202699
991317.0,3634029,python,[JIT],0x000077a02e6149a0
991309.0,3634084,python,[JIT],0x0000731ba220684a
991307.0,3634062,python,[JIT],0x0000758d926c4dc0
991303.0,3634029,python,[JIT],0x000077a02e613e61
991299.0,3634051,python,[JIT],0x00007a6d270893cf
991288.0,3634029,python,[JIT],0x000077a02e614a68
991282.0,3634084,python,[JIT],0x0000731ba2205d09
991272.0,3634084,python,[JIT],0x0000731ba2207526
991271.0,3634022,python,[JIT],0x000078e6154a12e1
991264.0,3634084,python,[JIT],0x0000731ba21ffa43
991260.0,3634022,python,[JIT],0x000078e61547a97a
991246.0,3634062,python,[JIT],0x0000758d922b48fb
991244.0,3634029,python,[JIT],0x000077a02e614117
991241.0,3634084,python,[JIT],0x0000731ba220338e
991239.0,3634029,python,[JIT],0x000077a02e2ec197
991235.0,3634022,python,[JIT],0x000078e61547bc76
991227.0,3634040,python,[JIT],0x0000766aade152fa
991220.0,3634073,python,[JIT],0x00007373dcd9f1c5
991219.0,3634029,python,[JIT],0x000077a02e2ec5ec
991214.0,3634022,python,[JIT],0x000078e6155bf51b
991213.0,3634084,python,[JIT],0x0000731ba2202829
991211.0,3634062,python,[JIT],0x0000758d926c3773
991209.0,3634051,python,[JIT],0x00007a6d2708814c
991209.0,3634062,python,[JIT],0x0000758d922b60dc
991206.0,3634084,python,[JIT],0x0000731ba2205f20
991204.0,3634029,python,[JIT],0x000077a02e613f33
991204.0,3634051,python,[JIT],0x00007a6d27bb509c
991204.0,3634084,python,[JIT],0x0000731ba2202c24
991202.0,3634084,python,[JIT],0x0000731ba2206183
991199.0,3634062,python,[JIT],0x0000758d927ce5aa
991198.0,3634022,python,[JIT],0x000078e61547b1f9
991197.0,3634062,python,[JIT],0x0000758d926c48b1
991195.0,3634062,python,[JIT],0x0000758d922b5717
991193.0,3634029,python,[JIT],0x000077a02dcc734c
991193.0,3634062,python,[JIT],0x0000758d927ce1bb
991192.0,3634062,python,[JIT],0x0000758d927ce805
991190.0,3634073,python,[JIT],0x00007373dc9a6fad
991190.0,3634062,python,[JIT],0x0000758d922b630e
991188.0,3634029,python,[JIT],0x000077a02e6138f6
991187.0,3634073,python,[JIT],0x00007373dd6135de
991180.0,3634062,python,[JIT],0x0000758d922b59aa
991180.0,3634040,python,[JIT],0x0000766aade1329f
991175.0,3634029,python,[JIT],0x000077a02dcc752e
991175.0,3634084,python,[JIT],0x0000731ba2e3a845
991170.0,3634022,python,[JIT],0x000078e61547ad1f
991170.0,3634040,python,[JIT],0x0000766aade14c46
991165.0,3634073,python,[JIT],0x00007373dcd9d6c8
991163.0,3634062,python,[JIT],0x0000758d922b471e
991159.0,3634040,python,[JIT],0x0000766aade13a78
991159.0,3634084,python,[JIT],0x0000731ba2e3a397
991148.0,3634022,python,[JIT],0x000078e61547a3dc
991146.0,3634051,python,[JIT],0x00007a6d276eb9a4
991143.0,3634029,python,[JIT],0x000077a02e638a23
991142.0,3634084,python,[JIT],0x0000731ba2207393
991138.0,3634084,python,[JIT],0x0000731ba2e3a808
991137.0,3634029,python,[JIT],0x000077a02e614b2f
991128.0,3634029,python,[JIT],0x000077a02dcc7674
991125.0,3634051,python,[JIT],0x00007a6d2708807c
991125.0,3634073,python,[JIT],0x00007373dcd9efa7
991114.0,3634029,python,[JIT],0x000077a02dcc758a
991109.0,3634084,python,[JIT],0x0000731ba2e3a2db
991100.0,3634084,python,[JIT],0x0000731ba22061ef
991099.0,3634062,python,[JIT],0x0000758d922b5d1b
991097.0,3634062,python,[JIT],0x0000758d926c5528
991093.0,3634062,python,[JIT],0x0000758d926c501d
991093.0,3634040,python,[JIT],0x0000766aad5c4466
991092.0,3634084,python,[JIT],0x0000731ba2e3a4fc
991087.0,3634084,python,[JIT],0x0000731ba22024df
991085.0,3634084,python,[JIT],0x0000731ba2205b6d
991081.0,3634022,python,[JIT],0x000078e61547a1aa
991077.0,3634022,python,[JIT],0x000078e61547b11a
991077.0,3634022,python,[JIT],0x000078e6155bf394
991074.0,3634073,python,[JIT],0x00007373dcece1c4
991071.0,3634022,python,[JIT],0x000078e61547a41c
991070.0,3634040,python,[JIT],0x0000766aade1344e
991061.0,3634029,python,[JIT],0x000077a02e2ecd48
991049.0,3634073,python,[JIT],0x00007373dcd9f40b
991047.0,3634062,python,[JIT],0x0000758d926c4f71
991043.0,3634062,python,[JIT],0x0000758d926c4585
991040.0,3634073,python,[JIT],0x00007373dc9a5878
991039.0,3634029,python,[JIT],0x000077a02e614fbc
991037.0,3634051,python,[JIT],0x00007a6d276ebc8e
991031.0,3634084,python,[JIT],0x0000731ba2205a8d
991027.0,3634029,python,[JIT],0x000077a02e613e3f
991026.0,3634051,python,[JIT],0x00007a6d26c914e3
991025.0,3634073,python,[JIT],0x00007373dcd9d53e
991025.0,3634073,python,[JIT],0x00007373dcd9dc8b
991024.0,3634029,python,[JIT],0x000077a02e2ec825
991022.0,3634022,python,[JIT],0x000078e61547c0bf
991021.0,3634029,python,[JIT],0x000077a02e6154df
991020.0,3634062,python,[JIT],0x0000758d927ce724
991017.0,3634029,python,[JIT],0x000077a02e2eca9c
991016.0,3634062,python,[JIT],0x0000758d926c31df
991014.0,3634029,python,[JIT],0x000077a02e61519d
991013.0,3634073,python,[JIT],0x00007373dcecee15
991013.0,3634084,python,[JIT],0x0000731ba22052ab
991011.0,3634062,python,[JIT],0x0000758d927ce930
991010.0,3634022,python,[JIT],0x000078e61547ba36
991010.0,3634051,python,[JIT],0x00007a6d276eb787
991009.0,3634051,python,[JIT],0x00007a6d270876c8
991008.0,3634062,python,[JIT],0x0000758d926c30a9
991005.0,3634029,python,[JIT],0x000077a02dcc8ae9
991003.0,3634062,python,[JIT],0x0000758d927ce45b
991001.0,3634073,python,[JIT],0x00007373dcd9d510
991000.0,3634022,python,[JIT],0x000078e615084454
990993.0,3634084,python,[JIT],0x0000731ba22012a1
990991.0,3634051,python,[JIT],0x00007a6d27088227
990991.0,3634084,python,[JIT],0x0000731ba2e3a2ba
990984.0,3634073,python,[JIT],0x00007373dcece32d
990982.0,3634051,python,[JIT],0x00007a6d27089078
990981.0,3634084,python,[JIT],0x0000731ba21ffb2f
990975.0,3634084,python,[JIT],0x0000731ba220766c
990970.0,3634073,python,[JIT],0x00007373dc9a70b5
990960.0,3634040,python,[JIT],0x0000766aad59e893
990955.0,3634084,python,[JIT],0x0000731ba2206522
990951.0,3634051,python,[JIT],0x00007a6d27089237
990946.0,3634040,python,[JIT],0x0000766aade13353
990944.0,3634073,python,[JIT],0x00007373dcd9e647
990941.0,3634029,python,[JIT],0x000077a02e613d64
990941.0,3634062,python,[JIT],0x0000758d927ce3ba
990937.0,3634084,python,[JIT],0x0000731ba2202b23
990926.0,3634029,python,[JIT],0x000077a02dcc8e55
990922.0,3634022,python,[JIT],0x000078e6154a1469
990918.0,3634084,python,[JIT],0x0000731ba2e3a36e
990910.0,3634062,python,[JIT],0x0000758d926c310c
990906.0,3634051,python,[JIT],0x00007a6d270885ac
990898.0,3634062,python,[JIT],0x0000758d926c45a0
990897.0,3634084,python,[JIT],0x0000731ba2206c06
990895.0,3634051,python,[JIT],0x00007a6d271c72aa
990885.0,3634062,python,[JIT],0x0000758d926c43ca
990882.0,3634029,python,[JIT],0x000077a02e6134aa
990873.0,3634051,python,[JIT],0x00007a6d276eb2db
990864.0,3634022,python,[JIT],0x000078e61547abfa
990859.0,3634022,python,[JIT],0x000078e6154a138b
990853.0,3634051,python,[JIT],0x00007a6d27087324
990853.0,3634062,python,[JIT],0x0000758d927ce0d2
990848.0,3634062,python,[JIT],0x0000758d922b50a3
990844.0,3634073,python,[JIT],0x00007373dcd9e79e
990839.0,3634029,python,[JIT],0x000077a02e6137df
990839.0,3634073,python,[JIT],0x00007373dcd9f4d2
990839.0,3634040,python,[JIT],0x0000766aade13273
990834.0,3634040,python,[JIT],0x0000766aad6ce267
990823.0,3634062,python,[JIT],0x0000758d922b58a8
990821.0,3634040,python,[JIT],0x0000766aad6ceaab
990821.0,3634040,python,[JIT],0x0000766aade139cf
990820.0,3634073,python,[JIT],0x00007373dc9a53a4
990819.0,3634040,python,[JIT],0x0000766aad59d0e3
990810.0,3634073,python,[JIT],0x00007373dcd9db50
990806.0,3634040,python,[JIT],0x0000766aad59ef74
990804.0,3634040,python,[JIT],0x0000766aade13c38
990800.0,3634040,python,[JIT],0x0000766aade1483d
990798.0,3634062,python,[JIT],0x0000758d926c3f78
990794.0,3634022,python,[kernel.kallsyms],native_write_msr
990776.0,3634084,python,[JIT],0x0000731ba2e3a902
990759.0,3634051,python,[JIT],0x00007a6d27087537
990748.0,3634029,python,[JIT],0x000077a02e63898f
990744.0,3634084,python,[JIT],0x0000731ba22058cf
990739.0,3634029,python,[JIT],0x000077a02e6149f8
990738.0,3634073,python,[JIT],0x00007373dd6132d8
990731.0,3634062,python,[JIT],0x0000758d922b4238
990715.0,3634029,python,[JIT],0x000077a02e614561
990715.0,3634040,python,[JIT],0x0000766aad59f475
990714.0,3634051,python,[JIT],0x00007a6d276eb2ca
990704.0,3634084,python,[JIT],0x0000731ba2203627
990697.0,3634029,python,[JIT],0x000077a02e6387e8
990691.0,3634084,python,[JIT],0x0000731ba2207200
990687.0,3634062,python,[JIT],0x0000758d926c5667
990669.0,3634084,python,[JIT],0x0000731ba2205f2d
990668.0,3634040,python,[JIT],0x0000766aade143d9
990646.0,3634029,python,[JIT],0x000077a02dcc8baa
990645.0,3634073,python,[JIT],0x00007373dc9a66d7
990645.0,3634040,python,[JIT],0x0000766aade14504
990633.0,3634062,python,[JIT],0x0000758d922b5c60
990632.0,3634062,python,[JIT],0x0000758d926c45ac
990632.0,3634084,python,[JIT],0x0000731ba21ff2bb
990623.0,3634040,python,[JIT],0x0000766aade139e3
990622.0,3634029,python,[JIT],0x000077a02dcc748f
990621.0,3634040,python,[JIT],0x0000766aad6ce731
990609.0,3634040,python,[JIT],0x0000766aad59e824
990586.0,3634073,python,[JIT],0x00007373dcd9e6ff
990564.0,3634040,python,[JIT],0x0000766aade14294
990562.0,3634073,python,[JIT],0x00007373dd613d94
990546.0,3634084,python,[JIT],0x0000731ba2e3a92a
990534.0,3634073,python,[JIT],0x00007373dc9a55af
990519.0,3634022,python,[JIT],0x000078e61547bf4a
990516.0,3634084,python,[JIT],0x0000731ba2205a5d
990513.0,3634073,python,[JIT],0x00007373dcd9d3fe
990481.0,3634084,python,[JIT],0x0000731ba2205817
990473.0,3634040,python,[JIT],0x0000766aade14b7f
990471.0,3634040,python,[JIT],0x0000766aade14183
990469.0,3634040,python,[JIT],0x0000766aad6ce414
990460.0,3634051,python,[JIT],0x00007a6d27087d71
990453.0,3634040,python,[JIT],0x0000766aade13afd
990444.0,3634022,python,[kernel.kallsyms],account_user_time
990442.0,3634062,python,[JIT],0x0000758d926c3581
990442.0,3634084,python,[JIT],0x0000731ba220554c
990440.0,3634022,python,[JIT],0x000078e6155bf000
990418.0,3634040,python,[JIT],0x0000766aad5c44cf
990405.0,3634029,python,[JIT],0x000077a02dcc8ba1
990397.0,3634029,python,[kernel.kallsyms],error_entry
990396.0,3634073,python,[JIT],0x00007373dd6132db
990371.0,3634029,python,[JIT],0x000077a02e614d01
990368.0,3634073,python,[JIT],0x00007373dcece8c5
990346.0,3634029,python,[JIT],0x000077a02e61505f
990342.0,3634084,python,[JIT],0x0000731ba2e3a150
990329.0,3634029,python,[JIT],0x000077a02e61497d
990322.0,3634084,python,[JIT],0x0000731ba22030e2
990290.0,3634029,python,[JIT],0x000077a02e6138f6
990290.0,3634040,python,[JIT],0x0000766aade131b3
990272.0,3634084,python,[JIT],0x0000731ba220572f
990266.0,3634084,python,[JIT],0x0000731ba220584f
990255.0,3634022,python,[JIT],0x000078e6155bf7b0
990253.0,3634073,python,[JIT],0x00007373dcece159
990244.0,3634040,python,[JIT],0x0000766aad59de67
990234.0,3634029,python,[JIT],0x000077a02e615005
990221.0,3634022,python,[JIT],0x000078e61547a532
990212.0,3634022,python,[JIT],0x000078e6155bfc06
990208.0,3634084,python,[JIT],0x0000731ba2205988
990186.0,3634084,python,[JIT],0x0000731ba22057fc
990184.0,3634084,python,[JIT],0x0000731ba2e3a805
990183.0,3634051,python,[JIT],0x00007a6d27088c06
990180.0,3634040,python,[JIT],0x0000766aad6ce5ef
990173.0,3634062,python,[JIT],0x0000758d922b23f2
990172.0,3634073,python,[JIT],0x00007373dcd9f1bf
990170.0,3634022,python,[JIT],0x000078e61547c39c
990154.0,3634084,python,[JIT],0x0000731ba2201f34
990142.0,3634022,python,[JIT],0x000078e6155bf7aa
990139.0,3634029,python,[JIT],0x000077a02e6381f4
990136.0,3634084,python,[JIT],0x0000731ba22066de
990132.0,3634084,python,[JIT],0x0000731ba22059f0
990129.0,3634029,python,[JIT],0x000077a02dcc94fa
990126.0,3634029,python,[JIT],0x000077a02e61518c
990122.0,3634022,python,[JIT],0x000078e61547b20f
990120.0,3634051,python,[JIT],0x00007a6d26c8f04c
990119.0,3634029,python,[JIT],0x000077a02e6381b7
990118.0,3634062,python,[JIT],0x0000758d926c3380
990117.0,3634029,python,[JIT],0x000077a02e6139fc
990114.0,3634062,python,[JIT],0x0000758d926c35b3
990110.0,3634062,python,[JIT],0x0000758d926c3543
990110.0,3634084,python,[JIT],0x0000731ba2206fc2
990105.0,3634040,python,[JIT],0x0000766aade131df
990100.0,3634084,python,[JIT],0x0000731ba2201f59
990100.0,3634084,python,[JIT],0x0000731ba2207223
990096.0,3634051,python,python,pow@plt
990088.0,3634029,python,[JIT],0x000077a02e6134cb
990086.0,3634029,python,[JIT],0x000077a02e613e47
990084.0,3634029,python,[JIT],0x000077a02dcc8086
990084.0,3634073,python,[JIT],0x00007373dc9a700b
990080.0,3634073,python,[JIT],0x00007373dcd9e994
990067.0,3634051,python,[JIT],0x00007a6d276eb2a2
990067.0,3634084,python,[JIT],0x0000731ba2205380
990064.0,3634073,python,[JIT],0x00007373dcd9db75
990057.0,3634029,python,[JIT],0x000077a02dcc7387
990053.0,3634084,python,[JIT],0x0000731ba22053fe
990051.0,3634062,python,[JIT],0x0000758d926c3dd2
990029.0,3634040,python,[JIT],0x0000766aad5c473b
990024.0,3634051,python,[JIT],0x00007a6d276eb3ad
990016.0,3634062,python,[JIT],0x0000758d926c3502
990006.0,3634073,python,[JIT],0x00007373dcece818
989996.0,3634073,python,[JIT],0x00007373dcd9ebee
989993.0,3634051,python,[JIT],0x00007a6d276eb45d
989987.0,3634029,python,[JIT],0x000077a02e6383de
989983.0,3634073,python,[JIT],0x00007373dc9a74f4
989962.0,3634062,python,[JIT],0x0000758d926c4777
989922.0,3634062,python,[JIT],0x0000758d926c4bc8
989900.0,3634040,python,[JIT],0x0000766aad59e0bb
989886.0,3634022,python,[JIT],0x000078e61547ac41
989885.0,3634022,python,[JIT],0x000078e61547bf64
989885.0,3634051,python,[JIT],0x00007a6d2708858c
989872.0,3634084,python,[JIT],0x0000731ba2205270
989869.0,3634029,python,[JIT],0x000077a02dcc7432
989867.0,3634084,python,[JIT],0x0000731ba2206dd4
989863.0,3634062,python,[JIT],0x0000758d922b4ed1
989850.0,3634073,python,[kernel.kallsyms],native_sched_clock
989842.0,3634022,python,[JIT],0x000078e61508263d
989831.0,3634084,python,[JIT],0x0000731ba2205473
989801.0,3634022,python,[JIT],0x000078e6150826f0
989799.0,3634029,python,[JIT],0x000077a02e2ec528
989795.0,3634051,python,[JIT],0x00007a6d26c8fab8
989789.0,3634084,python,[JIT],0x0000731ba220170e
989782.0,3634073,python,[JIT],0x00007373dc9a6973
989775.0,3634062,python,[JIT],0x0000758d926c5033
989774.0,3634029,python,[JIT],0x000077a02dcc846b
989767.0,3634029,python,[JIT],0x000077a02dcc86d7
989760.0,3634040,python,[JIT],0x0000766aade13f2d
989757.0,3634062,python,[JIT],0x0000758d922b5898
989756.0,3634040,python,[JIT],0x0000766aad6ce168
989751.0,3634040,python,[JIT],0x0000766aade1407b
989750.0,3634040,python,[kernel.kallsyms],entry_SYSCALL_64_after_hwframe
989744.0,3634029,python,[JIT],0x000077a02e613bf3
989720.0,3634040,python,[JIT],0x0000766aade136d9
989718.0,3634084,python,[JIT],0x0000731ba220361d
989717.0,3634040,python,[JIT],0x0000766aade14db6
989715.0,3634073,python,[JIT],0x00007373dd613003
989701.0,3634051,python,[JIT],0x00007a6d270879e6
989690.0,3634029,python,[JIT],0x000077a02e613060
989681.0,3634040,python,[JIT],0x0000766aade134aa
989680.0,3634040,python,[JIT],0x0000766aad5c46f3
989656.0,3634040,python,[JIT],0x0000766aad59e3cd
989633.0,3634022,python,[JIT],0x000078e61547a235
989627.0,3634040,python,[JIT],0x0000766aad59eed3
989626.0,3634073,python,[JIT],0x00007373dc9a560f
989624.0,3634084,python,[JIT],0x0000731ba22072be
989623.0,3634040,python,[JIT],0x0000766aad6ce368
989617.0,3634084,python,[JIT],0x0000731ba2201783
989612.0,3634073,python,[JIT],0x00007373dcd9ecc2
989610.0,3634084,python,[JIT],0x0000731ba220285e
989596.0,3634062,python,[JIT],0x0000758d926c4034
989595.0,3634029,python,[JIT],0x000077a02e614533
989583.0,3634073,python,[JIT],0x00007373dd6134ae
989580.0,3634073,python,[JIT],0x00007373dcece0a1
989569.0,3634084,python,[JIT],0x0000731ba2207033
989555.0,3634022,python,[JIT],0x000078e61547c42a
989555.0,3634084,python,[JIT],0x0000731ba220292b
989551.0,3634022,python,[JIT],0x000078e6154a1678
989545.0,3634062,python,[JIT],0x0000758d926c477e
989543.0,3634073,python,[JIT],0x00007373dcd9f4c1
989539.0,3634073,python,[JIT],0x00007373dcd9d555
989501.0,3634022,python,[JIT],0x000078e615083893
989501.0,3634051,python,[JIT],0x00007a6d276eb364
989492.0,3634022,python,[JIT],0x000078e6155bfcbe
989491.0,3634029,python,[JIT],0x000077a02e613127
989490.0,3634051,python,[JIT],0x00007a6d27088467
989489.0,3634062,python,[JIT],0x0000758d927ceab6
989488.0,3634029,python,[JIT],0x000077a02e61510c
989484.0,3634029,python,[JIT],0x000077a02e638c3c
989480.0,3634062,python,[JIT],0x0000758d926c3284
989478.0,3634029,python,[JIT],0x000077a02e61538f
989471.0,3634029,python,[JIT],0x000077a02dcc869f
989471.0,3634062,python,[JIT],0x0000758d922b600b
989470.0,3634029,python,[JIT],0x000077a02dcc8a7c
989465.0,3634029,python,[JIT],0x000077a02e2ec18f
989460.0,3634051,python,[kernel.kallsyms],ext4_fill_raw_inode
989459.0,3634029,python,[JIT],0x000077a02e614e96
989456.0,3634062,python,[JIT],0x0000758d926c5492
989453.0,3634084,python,[JIT],0x0000731ba21ffa17
989446.0,3634029,python,[JIT],0x000077a02e615664
989446.0,3634084,python,[JIT],0x0000731ba2e3aa83
989442.0,3634022,python,[JIT],0x000078e6155bf8e9
989432.0,3634051,python,[JIT],0x00007a6d27088d6e
989429.0,3634084,python,[JIT],0x0000731ba21ff544
989428.0,3634073,python,[JIT],0x00007373dcd9d77f
989427.0,3634051,python,[JIT],0x00007a6d27088d9a
989423.0,3634051,python,[JIT],0x00007a6d27088662
989413.0,3634073,python,[JIT],0x00007373dc9a5cdc
989405.0,3634073,python,[JIT],0x00007373dcd9e80a
989403.0,3634051,python,[JIT],0x00007a6d2708940b
989397.0,3634051,python,[JIT],0x00007a6d27089033
989370.0,3634040,python,[JIT],0x0000766aade13452
989365.0,3634040,python,[JIT],0x0000766aad59ed8f
989365.0,3634084,python,[JIT],0x0000731ba2e3a63f
989364.0,3634029,python,[JIT],0x000077a02e61360d
989364.0,3634062,python,[JIT],0x0000758d927ce45b
989360.0,3634040,python,[JIT],0x0000766aade14515
989334.0,3634073,python,[JIT],0x00007373dcd9e060
989318.0,3634051,python,[JIT],0x00007a6d2708796b
989308.0,3634062,python,[JIT],0x0000758d926c439e
989264.0,3634084,python,[JIT],0x0000731ba22014cf
989253.0,3634073,python,[JIT],0x00007373dd613414
989229.0,3634062,python,[JIT],0x0000758d926c40a5
989224.0,3634084,python,python,pow@plt
989213.0,3634022,python,[JIT],0x000078e61508317b
989211.0,3634084,python,[JIT],0x0000731ba21ff488
989197.0,3634029,python,[JIT],0x000077a02e6384ef
989193.0,3634022,python,[JIT],0x000078e61547bbd2
989188.0,3634022,python,[JIT],0x000078e6155bfd7f
989186.0,3634062,python,[JIT],0x0000758d922b2366
989157.0,3634040,python,[JIT],0x0000766aad6ce4d4
989148.0,3634073,python,[JIT],0x00007373dcd9da17
989121.0,3634084,python,[JIT],0x0000731ba2e3a7b8
989120.0,3634040,python,[JIT],0x0000766aade13b21
989108.0,3634051,python,[JIT],0x00007a6d270882fe
989104.0,3634022,python,[JIT],0x000078e61547b81b
989099.0,3634029,python,[JIT],0x000077a02e63875b
989091.0,3634051,python,[JIT],0x00007a6d26c9162d
989090.0,3634040,python,[JIT],0x0000766aade13235
989084.0,3634084,python,[JIT],0x0000731ba22061d2
989076.0,3634084,python,[JIT],0x0000731ba2206337
989066.0,3634040,python,[JIT],0x0000766aad59d52e
989061.0,3634029,python,[JIT],0x000077a02e6150eb
989060.0,3634051,python,[JIT],0x00007a6d27089485
989054.0,3634040,python,[JIT],0x0000766aad59ecb2
989051.0,3634073,python,[JIT],0x00007373dc9a5010
989049.0,3634084,python,[JIT],0x0000731ba2201bfc
989029.0,3634051,python,[JIT],0x00007a6d276eb5e3
989006.0,3634051,python,[JIT],0x00007a6d276eb5cf
988999.0,3634040,python,[JIT],0x0000766aad5c434e
988997.0,3634022,python,[JIT],0x000078e615082c94
988988.0,3634073,python,[JIT],0x00007373dcd9ec06
988978.0,3634029,python,[JIT],0x000077a02e638ce0
988969.0,3634051,python,[JIT],0x00007a6d26c9038f
988947.0,3634040,python,[JIT],0x0000766aad6ceb29
988917.0,3634029,python,[JIT],0x000077a02e61355c
988894.0,3634084,python,[JIT],0x0000731ba2205192
988869.0,3634073,python,[JIT],0x00007373dc9a6170
988850.0,3634029,python,[JIT],0x000077a02e613fe8
988849.0,3634084,python,[JIT],0x0000731ba2e3a918
988845.0,3634073,python,[JIT],0x00007373dd613cc8
988836.0,3634022,python,[JIT],0x000078e61547b8b9
988834.0,3634040,python,[JIT],0x0000766aade139ec
988818.0,3634022,python,[JIT],0x000078e6154a1af0
988817.0,3634073,python,[JIT],0x00007373dc9a5627
988788.0,3634051,python,[JIT],0x00007a6d276ebc17
988785.0,3634062,python,[JIT],0x0000758d927ce8a3
988778.0,3634062,python,[JIT],0x0000758d926c48a3
988768.0,3634062,python,[JIT],0x0000758d922b51ca
988757.0,3634022,python,[JIT],0x000078e6154a1de3
988750.0,3634029,python,[JIT],0x000077a02dcc8893
988749.0,3634062,python,[JIT],0x0000758d922b4da1
988746.0,3634029,python,[JIT],0x000077a02e2ec2c8
988741.0,3634084,python,[JIT],0x0000731ba2205b2b
988741.0,3634073,python,[JIT],0x00007373dcd9ea8e
988739.0,3634062,python,[JIT],0x0000758d926c3e10
988729.0,3634029,python,[JIT],0x000077a02e614b21
988727.0,3634029,python,[JIT],0x000077a02e613e56
988718.0,3634022,python,[JIT],0x000078e6150820e0
988705.0,3634029,python,[JIT],0x000077a02e6148c3
988696.0,3634073,python,[JIT],0x00007373dd613b8f
988695.0,3634051,python,[JIT],0x00007a6d271c7cc0
988683.0,3634062,python,[JIT],0x0000758d926c3837
988680.0,3634084,python,[JIT],0x0000731ba22070fe
988672.0,3634073,python,[JIT],0x00007373dcd9ed45
988664.0,3634051,python,[JIT],0x00007a6d2708754f
988642.0,3634051,python,[JIT],0x00007a6d271c7c6e
988641.0,3634073,python,[JIT],0x00007373dcd9d196
988640.0,3634051,python,[JIT],0x00007a6d27087e98
988633.0,3634022,python,[JIT],0x000078e61547b6ed
988620.0,3634029,python,[JIT],0x000077a02e6135a2
988617.0,3634084,python,[JIT],0x0000731ba2202ff9
988615.0,3634051,python,[JIT],0x00007a6d26c910c5
988591.0,3634073,python,[JIT],0x00007373dcececa8
988588.0,3634084,python,[JIT],0x0000731ba2201d85
988583.0,3634073,python,[JIT],0x00007373dcd9e14c
988580.0,3634084,python,[JIT],0x0000731ba2e3a18f
988554.0,3634040,python,[JIT],0x0000766aade136c8
988544.0,3634029,python,[JIT],0x000077a02e2ec7cc
988523.0,3634062,python,[JIT],0x0000758d927ce5a6
988518.0,3634062,python,[JIT],0x0000758d926c49ea
988515.0,3634084,python,[JIT],0x0000731ba2e3a548
988497.0,3634062,python,[JIT],0x0000758d926c470d
988462.0,3634084,python,[JIT],0x0000731ba2e3aafa
988450.0,3634062,python,[JIT],0x0000758d926c3636
988440.0,3634084,python,[JIT],0x0000731ba22072f8
988433.0,3634084,python,[JIT],0x0000731ba2202ff3
988433.0,3634084,python,[JIT],0x0000731ba220748f
988411.0,3634084,python,[JIT],0x0000731ba2206495
988403.0,3634022,python,[JIT],0x000078e6154a1c6e
988403.0,3634084,python,[JIT],0x0000731ba22060bb
988393.0,3634073,python,[JIT],0x00007373dcd9e49c
988388.0,3634073,python,[JIT],0x00007373dcd9e75f
988387.0,3634022,python,[JIT],0x000078e6154a12fc
988386.0,3634040,python,[JIT],0x0000766aade152dd
988383.0,3634022,python,[JIT],0x000078e61547b951
988326.0,3634040,python,[JIT],0x0000766aade13565
988325.0,3634022,python,[JIT],0x000078e61547bb76
988309.0,3634029,python,[JIT],0x000077a02e6145bd
988307.0,3634084,python,[JIT],0x0000731ba2202a50
988302.0,3634084,python,[JIT],0x0000731ba2205f7b
988296.0,3634029,python,[JIT],0x000077a02e613b0d
988281.0,3634073,python,[JIT],0x00007373dcd9ee64
988275.0,3634084,python,[JIT],0x0000731ba2206533
988273.0,3634051,python,[JIT],0x00007a6d26c90389
988268.0,3634040,python,[JIT],0x0000766aade14781
988249.0,3634029,python,[JIT],0x000077a02e615178
988246.0,3634062,python,[JIT],0x0000758d922b6007
988235.0,3634029,python,[JIT],0x000077a02e6143b4
988208.0,3634062,python,[JIT],0x0000758d926c492f
988199.0,3634051,python,[JIT],0x00007a6d27088bd6
988183.0,3634073,python,[JIT],0x00007373dcece825
988170.0,3634022,python,[JIT],0x000078e61547a469
988167.0,3634022,python,[JIT],0x000078e6150844ed
988159.0,3634022,python,[JIT],0x000078e61547a402
988157.0,3634073,python,[JIT],0x00007373dcd9ec6c
988114.0,3634062,python,[JIT],0x0000758d922b4f69
988109.0,3634022,python,[JIT],0x000078e61547bde2
988103.0,3634084,python,[JIT],0x0000731ba2206eab
988096.0,3634029,python,[JIT],0x000077a02e614ea4
988095.0,3634022,python,[JIT],0x000078e6155bf796
988095.0,3634084,python,[JIT],0x0000731ba2206de7
988088.0,3634084,python,[JIT],0x0000731ba2e3aa3a
988084.0,3634029,python,[JIT],0x000077a02e613444
988082.0,3634062,python,[JIT],0x0000758d927ce7c0
988079.0,3634029,python,[JIT],0x000077a02e614611
988071.0,3634084,python,[JIT],0x0000731ba2202d75
988068.0,3634084,python,[JIT],0x0000731ba220348e
988061.0,3634062,python,[JIT],0x0000758d926c36c8
988060.0,3634062,python,[JIT],0x0000758d927cecc8
988047.0,3634029,python,[JIT],0x000077a02dcc7682
988041.0,3634029,python,[JIT],0x000077a02e61564f
988037.0,3634051,python,[JIT],0x00007a6d2708784a
988034.0,3634062,python,[JIT],0x0000758d922b4c12
988034.0,3634084,python,[JIT],0x0000731ba22051ed
988019.0,3634040,python,[JIT],0x0000766aad6ce720
988014.0,3634051,python,[JIT],0x00007a6d2708884a
988008.0,3634029,python,[JIT],0x000077a02e638c8e
988008.0,3634022,python,[JIT],0x000078e6154a14a3
988008.0,3634084,python,[JIT],0x0000731ba2e3a84c
987998.0,3634073,python,[JIT],0x00007373dcd9eef4
987996.0,3634029,python,[JIT],0x000077a02e613821
987996.0,3634051,python,[JIT],0x00007a6d276eb6ff
987979.0,3634051,python,[JIT],0x00007a6d26c909aa
987957.0,3634051,python,[JIT],0x00007a6d2708741c
987955.0,3634029,python,[JIT],0x000077a02e613e4c
987954.0,3634051,python,[JIT],0x00007a6d271c7aa2
987953.0,3634051,python,[JIT],0x00007a6d276eb87b
987948.0,3634040,python,[JIT],0x0000766aad59d2be
987917.0,3634073,python,[JIT],0x00007373dcd9d810
987898.0,3634073,python,[JIT],0x00007373dcd9f0b1
987893.0,3634073,python,[JIT],0x00007373dcd9ea16
987888.0,3634051,python,[JIT],0x00007a6d26c90500
987867.0,3634029,python,[JIT],0x000077a02e614337
987852.0,3634073,python,[JIT],0x00007373dc9a6fc0
987829.0,3634062,python,[JIT],0x0000758d926c3368
987809.0,3634029,python,[JIT],0x000077a02dcc94ed
987802.0,3634062,python,[JIT],0x0000758d926c4193
987801.0,3634062,python,[JIT],0x0000758d926c50b1
987764.0,3634084,python,[JIT],0x0000731ba2e3a86b
987756.0,3634073,python,[JIT],0x00007373dd613638
987739.0,3634040,python,[JIT],0x0000766aade15420
987714.0,3634029,python,[JIT],0x000077a02dcc83ec
987699.0,3634073,python,[JIT],0x00007373dcd9e2df
987687.0,3634029,python,[JIT],0x000077a02e613773
987673.0,3634022,python,[JIT],0x000078e6154a1d67
987665.0,3634022,python,[JIT],0x000078e6155bf1d6
987661.0,3634051,python,[JIT],0x00007a6d270890f4
987660.0,3634073,python,[JIT],0x00007373dcd9e5ea
987647.0,3634040,python,[JIT],0x0000766aad59f26d
987625.0,3634073,python,[JIT],0x00007373dcd9f2a4
987622.0,3634022,python,[JIT],0x000078e6155bfc3c
987615.0,3634029,python,[JIT],0x000077a02e6133a9
987599.0,3634084,python,[JIT],0x0000731ba220315e
987589.0,3634073,python,[JIT],0x00007373dcece00a
987588.0,3634073,python,[JIT],0x00007373dcd9d6b1
987575.0,3634040,python,[JIT],0x0000766aad6ce2e8
987567.0,3634022,python,[JIT],0x000078e6150839c8
987561.0,3634022,python,[JIT],0x000078e615083b75
987560.0,3634040,python,[JIT],0x0000766aade13665
987542.0,3634029,python,[JIT],0x000077a02e6387e3
987521.0,3634084,python,[JIT],0x0000731ba2205499
987520.0,3634084,python,[JIT],0x0000731ba2e3acc8
987505.0,3634073,python,[JIT],0x00007373dd6133a5
987495.0,3634029,python,[JIT],0x000077a02e6387a2
987490.0,3634051,python,[JIT],0x00007a6d27087cf4
987475.0,3634040,python,[JIT],0x0000766aade151c8
987458.0,3634022,python,[JIT],0x000078e615083917
987436.0,3634029,python,[JIT],0x000077a02e638603
987412.0,3634073,python,[JIT],0x00007373dcece790
987399.0,3634062,python,[JIT],0x0000758d922b2af0
987386.0,3634051,python,[JIT],0x00007a6d27088522
987382.0,3634084,python,[JIT],0x0000731ba2206b6f
987321.0,3634040,python,[JIT],0x0000766aade1328e
987282.0,3634062,python,[JIT],0x0000758d922b4962
987250.0,3634073,python,[JIT],0x00007373dd613301
987247.0,3634073,python,[JIT],0x00007373dd613e06
987154.0,3634073,python,[JIT],0x00007373dcd9e113
987140.0,3634062,python,[JIT],0x0000758d927ce82e
987096.0,3634062,python,[JIT],0x0000758d926c489c
987094.0,3634062,python,[JIT],0x0000758d926c30b9
987089.0,3634029,python,[JIT],0x000077a02e61411a
987088.0,3634040,python,[JIT],0x0000766aade1478f
987086.0,3634022,python,[JIT],0x000078e6154a1209
987082.0,3634073,python,[JIT],0x00007373dcd9dff0
987066.0,3634029,python,[JIT],0x000077a02e61365d
987049.0,3634022,python,[JIT],0x000078e6155bf63f
987032.0,3634029,python,[JIT],0x000077a02e6142dc
987029.0,3634040,python,[JIT],0x0000766aade133c1
987007.0,3634029,python,[JIT],0x000077a02e613601
986986.0,3634040,python,[JIT],0x0000766aad5c4d3b
986945.0,3634029,python,[JIT],0x000077a02e2ecc9e
986861.0,3634051,python,[JIT],0x00007a6d270879b9
986849.0,3634084,python,[JIT],0x0000731ba2e3a3e2
986822.0,3634084,python,[JIT],0x0000731ba2205b1d
986818.0,3634029,python,[JIT],0x000077a02e614a24
986796.0,3634062,python,[JIT],0x0000758d926c460e
986776.0,3634051,python,[JIT],0x00007a6d270872ab
986757.0,3634062,python,[JIT],0x0000758d926c4666
986743.0,3634084,python,[JIT],0x0000731ba22015c4
986741.0,3634051,python,[JIT],0x00007a6d27089428
986712.0,3634084,python,[JIT],0x0000731ba22056f7
986704.0,3634073,python,[JIT],0x00007373dcece618
986699.0,3634029,python,[JIT],0x000077a02e61311f
986682.0,3634040,python,[JIT],0x0000766aade13789
986671.0,3634084,python,[JIT],0x0000731ba2205866
986665.0,3634084,python,[JIT],0x0000731ba22062b3
986661.0,3634029,python,[JIT],0x000077a02e6389b4
986609.0,3634073,python,[JIT],0x00007373dc9a74ed
986573.0,3634051,python,[JIT],0x00007a6d270870a9
986563.0,3634073,python,[JIT],0x00007373dcd9e67d
986558.0,3634029,python,[JIT],0x000077a02dcc7c9a
986521.0,3634029,python,[JIT],0x000077a02e613908
986516.0,3634051,python,[JIT],0x00007a6d26c8fc94
986511.0,3634084,python,[JIT],0x0000731ba2205646
986508.0,3634073,python,[JIT],0x00007373dd613665
986462.0,3634084,python,[JIT],0x0000731ba2202ad3
986447.0,3634022,python,[JIT],0x000078e61547af58
986419.0,3634051,python,[JIT],0x00007a6d26c8f619
986388.0,3634029,python,[JIT],0x000077a02e613ea2
986388.0,3634084,python,[JIT],0x0000731ba22070b8
986364.0,3634029,python,[JIT],0x000077a02e61430c
986362.0,3634084,python,[JIT],0x0000731ba2205aeb
986358.0,3634051,python,[JIT],0x00007a6d26c8fda3
986352.0,3634022,python,[JIT],0x000078e6155bf2d6
986339.0,3634040,python,[JIT],0x0000766aad59ec4f
986333.0,3634051,python,[JIT],0x00007a6d27087c3b
986332.0,3634073,python,[JIT],0x00007373dcd9d32d
986321.0,3634073,python,[JIT],0x00007373dd613864
986314.0,3634051,python,[JIT],0x00007a6d27087573
986308.0,3634073,python,[JIT],0x00007373dcd9e674
986255.0,3634062,python,[JIT],0x0000758d922b2b7f
986249.0,3634022,python,[JIT],0x000078e61547a747
986249.0,3634051,python,[JIT],0x00007a6d27087b0b
986246.0,3634062,python,[JIT],0x0000758d926c39ec
986227.0,3634040,python,[JIT],0x0000766aad5c48e2
986205.0,3634029,python,[JIT],0x000077a02dcc8cc5
986201.0,3634084,python,[JIT],0x0000731ba21ff342
986200.0,3634040,python,[JIT],0x0000766aade1368c
986194.0,3634062,python,[JIT],0x0000758d926c43ec
986191.0,3634040,python,[JIT],0x0000766aade13d39
986188.0,3634062,python,[JIT],0x0000758d926c3b5e
986179.0,3634062,python,[JIT],0x0000758d926c3b92
986163.0,3634029,python,[JIT],0x000077a02e63805c
986162.0,3634062,python,[JIT],0x0000758d926c4618
986143.0,3634084,python,[JIT],0x0000731ba21ffd27
986121.0,3634040,python,[JIT],0x0000766aad59f3f9
986111.0,3634029,python,[JIT],0x000077a02e6148ab
986105.0,3634029,python,[JIT],0x000077a02e6388c3
986103.0,3634029,python,[JIT],0x000077a02e2ec678
986082.0,3634051,python,[JIT],0x00007a6d270888b1
986077.0,3634084,python,[JIT],0x0000731ba22029c8
986073.0,3634073,python,[JIT],0x00007373dd613540
986064.0,3634073,python,[JIT],0x00007373dd613ae2
986064.0,3634073,python,[JIT],0x00007373dcd9d528
986057.0,3634073,python,[JIT],0x00007373dcd9f3e4
986038.0,3634029,python,[JIT],0x000077a02e6146b8
986038.0,3634073,python,[JIT],0x00007373dcd9f200
986038.0,3634073,python,[JIT],0x00007373dd613cb3
986029.0,3634051,python,[JIT],0x00007a6d276ebce0
986020.0,3634073,python,[JIT],0x00007373dc9a59d8
986013.0,3634051,python,[JIT],0x00007a6d271c7c60
986009.0,3634051,python,[JIT],0x00007a6d27087946
986007.0,3634062,python,[JIT],0x0000758d926c53d6
986005.0,3634073,python,[JIT],0x00007373dcd9f109
985980.0,3634062,python,[JIT],0x0000758d922b231c
985978.0,3634040,python,[JIT],0x0000766aad5c45f1
985967.0,3634040,python,[JIT],0x0000766aad5c4107
985964.0,3634073,python,[JIT],0x00007373dcd9d863
985952.0,3634029,python,[JIT],0x000077a02e613fbc
985912.0,3634051,python,[JIT],0x00007a6d271c7247
985908.0,3634062,python,[JIT],0x0000758d926c4905
985899.0,3634022,python,[JIT],0x000078e6155bf98f
985850.0,3634040,python,[JIT],0x0000766aad59ec8e
985848.0,3634040,python,[JIT],0x0000766aad59e566
985814.0,3634051,python,[JIT],0x00007a6d276eb32a
985811.0,3634062,python,[JIT],0x0000758d922b2d83
985808.0,3634073,python,[JIT],0x00007373dc9a5c12
985786.0,3634062,python,[JIT],0x0000758d926c39bd
985785.0,3634040,python,[JIT],0x0000766aade13336
985757.0,3634051,python,[JIT],0x00007a6d26c91627
985754.0,3634084,python,[JIT],0x0000731ba22071d8
985747.0,3634029,python,[JIT],0x000077a02e638521
985685.0,3634040,python,[JIT],0x0000766aade13d2a
985673.0,3634084,python,[JIT],0x0000731ba220683d
985672.0,3634084,python,[JIT],0x0000731ba2e3a49c
985597.0,3634029,python,[JIT],0x000077a02e6143a6
985590.0,3634029,python,[JIT],0x000077a02e613938
985585.0,3634073,python,[JIT],0x00007373dcd9d499
985583.0,3634051,python,[JIT],0x00007a6d271c7068
985580.0,3634022,python,[JIT],0x000078e6155bf298
985575.0,3634040,python,[JIT],0x0000766aad5c4348
985554.0,3634051,python,[JIT],0x00007a6d26c8f334
985528.0,3634029,python,[JIT],0x000077a02e613e5a
985527.0,3634040,python,[JIT],0x0000766aade15485
985523.0,3634062,python,[JIT],0x0000758d926c47b3
985515.0,3634040,python,[JIT],0x0000766aad59e4f5
985483.0,3634073,python,[JIT],0x00007373dcd9ed17
985474.0,3634084,python,[JIT],0x0000731ba2205976
985470.0,3634084,python,[JIT],0x0000731ba2206687
985446.0,3634040,python,[JIT],0x0000766aade14533
985445.0,3634084,python,[JIT],0x0000731ba22058c4
985412.0,3634040,python,[JIT],0x0000766aade14071
985406.0,3634029,python,[JIT],0x000077a02e63857c
985360.0,3634073,python,[JIT],0x00007373dcd9ed39
985340.0,3634051,python,[JIT],0x00007a6d27088dc7
985327.0,3634029,python,[JIT],0x000077a02e6150e1
985310.0,3634022,python,[JIT],0x000078e61547a5e6
985293.0,3634084,python,[JIT],0x0000731ba220151e
985291.0,3634022,python,[JIT],0x000078e61508205c
985288.0,3634029,python,[JIT],0x000077a02dcc8850
985276.0,3634062,python,[JIT],0x0000758d926c4405
985234.0,3634084,python,[JIT],0x0000731ba2e3a7ec
985202.0,3634029,python,[JIT],0x000077a02e6143f1
985166.0,3634062,python,[JIT],0x0000758d926c4629
985145.0,3634051,python,[JIT],0x00007a6d270871ed
985116.0,3634051,python,[JIT],0x00007a6d270883bc
985075.0,3634062,python,[JIT],0x0000758d926c551a
985063.0,3634051,python,[JIT],0x00007a6d26c90393
985039.0,3634073,python,[JIT],0x00007373dd613dcf
985026.0,3634073,python,[JIT],0x00007373dc9a7156
985005.0,3634084,python,[JIT],0x0000731ba2e3ade8
985001.0,3634073,python,[JIT],0x00007373dd613424
984997.0,3634029,python,[JIT],0x000077a02e615041
984988.0,3634062,python,[JIT],0x0000758d927cedf2
984963.0,3634040,python,[JIT],0x0000766aad6ce444
984949.0,3634062,python,[JIT],0x0000758d922b572c
984948.0,3634084,python,[JIT],0x0000731ba2206fb6
984945.0,3634062,python,[JIT],0x0000758d926c53f5
984938.0,3634073,python,[JIT],0x00007373dcd9e474
984924.0,3634029,python,[JIT],0x000077a02e61328e
984918.0,3634062,python,[JIT],0x0000758d922b4452
984913.0,3634062,python,[JIT],0x0000758d922b4eb1
984902.0,3634022,python,[JIT],0x000078e6155bf221
984895.0,3634084,python,[JIT],0x0000731ba2202b3b
984893.0,3634022,python,[JIT],0x000078e6150834e7
984878.0,3634029,python,[JIT],0x000077a02e6133f6
984877.0,3634062,python,[JIT],0x0000758d922b478e
984875.0,3634062,python,[JIT],0x0000758d922b451e
984875.0,3634062,python,[JIT],0x0000758d926c4495
984869.0,3634084,python,[JIT],0x0000731ba2206aa6
984868.0,3634022,python,[JIT],0x000078e61508428b
984867.0,3634029,python,[JIT],0x000077a02e63886b
984865.0,3634084,python,[JIT],0x0000731ba21ff3e8
984859.0,3634073,python,[JIT],0x00007373dcd9d77f
984857.0,3634029,python,[JIT],0x000077a02e613a41
984844.0,3634062,python,[JIT],0x0000758d926c3223
984801.0,3634051,python,[JIT],0x00007a6d276eb4f3
984791.0,3634029,python,[JIT],0x000077a02e638a3a
984790.0,3634073,python,[JIT],0x00007373dcd9dbea
984774.0,3634073,python,[JIT],0x00007373dcd9d351
984749.0,3634084,python,[JIT],0x0000731ba21ff2cb
984729.0,3634029,python,[JIT],0x000077a02e614cee
984720.0,3634073,python,[JIT],0x00007373dc9a5ed5
984716.0,3634062,python,[JIT],0x0000758d926c4561
984692.0,3634029,python,[JIT],0x000077a02e63826e
984687.0,3634051,python,[JIT],0x00007a6d276ebac2
984682.0,3634051,python,[JIT],0x00007a6d27087351
984669.0,3634073,python,[JIT],0x00007373dcd9e21e
984658.0,3634062,python,[JIT],0x0000758d922b5ff3
984614.0,3634062,python,[JIT],0x0000758d926c36f7
984610.0,3634029,python,[JIT],0x000077a02dcc841c
984610.0,3634073,python,[JIT],0x00007373dcd9e16c
984606.0,3634073,python,[JIT],0x00007373dcd9e6b8
984595.0,3634040,python,[JIT],0x0000766aade13573
984555.0,3634022,python,[JIT],0x000078e61547bf02
984545.0,3634051,python,[JIT],0x00007a6d27088868
984544.0,3634029,python,[JIT],0x000077a02dcc9310
984471.0,3634040,python,[JIT],0x0000766aad59d35d
984466.0,3634040,python,[JIT],0x0000766aad59ea93
984449.0,3634040,python,[JIT],0x0000766aade1357f
984444.0,3634062,python,[JIT],0x0000758d926c4de2
984433.0,3634051,python,[JIT],0x00007a6d26c90973
984411.0,3634051,python,[JIT],0x00007a6d276eb326
984405.0,3634062,python,[JIT],0x0000758d922b2d27
984394.0,3634051,python,[JIT],0x00007a6d27088868
984360.0,3634040,python,[JIT],0x0000766aad6cea37
984344.0,3634073,python,[JIT],0x00007373dcd9d747
984309.0,3634040,python,[JIT],0x0000766aade13290
984296.0,3634040,python,[JIT],0x0000766aad6ceb2c
984294.0,3634084,python,[JIT],0x0000731ba21ff2a7
984271.0,3634084,python,[JIT],0x0000731ba22072d9
984262.0,3634029,python,[JIT],0x000077a02e61408c
984256.0,3634040,python,[JIT],0x0000766aad6ce742
984249.0,3634073,python,[JIT],0x00007373dcd9f52e
984221.0,3634022,python,[JIT],0x000078e61508263a
984219.0,3634073,python,[JIT],0x00007373dc9a75c0
984217.0,3634040,python,[JIT],0x0000766aade13955
984213.0,3634051,python,[JIT],0x00007a6d270871a0
984181.0,3634084,python,[JIT],0x0000731ba22067a9
984180.0,3634084,python,[JIT],0x0000731ba220575e
984164.0,3634062,python,[JIT],0x0000758d926c446d
984156.0,3634029,python,[JIT],0x000077a02e6138d5
984156.0,3634084,python,[kernel.kallsyms],check_cpu_stall
984133.0,3634022,python,[JIT],0x000078e61547a0ad
984100.0,3634051,python,[JIT],0x00007a6d26c913f3
984065.0,3634022,python,[JIT],0x000078e6154a1b7b
984061.0,3634040,python,[JIT],0x0000766aad59f0b5
984024.0,3634022,python,[JIT],0x000078e615082821
983926.0,3634084,python,[JIT],0x0000731ba2201477
983923.0,3634051,python,[JIT],0x00007a6d270878e5
983872.0,3634062,python,[JIT],0x0000758d926c53fb
983861.0,3634051,python,[JIT],0x00007a6d27088474
983859.0,3634022,python,[JIT],0x000078e61547bd48
983833.0,3634073,python,[JIT],0x00007373dcd9de52
983827.0,3634084,python,[JIT],0x0000731ba2e3a6f1
983816.0,3634084,python,[JIT],0x0000731ba2201f97
983814.0,3634051,python,[JIT],0x00007a6d27087192
983791.0,3634073,python,[JIT],0x00007373dc9a5ddf
983780.0,3634073,python,[JIT],0x00007373dcece3ba
983763.0,3634084,python,[JIT],0x0000731ba2205dee
983700.0,3634084,python,[JIT],0x0000731ba22057c9
983689.0,3634040,python,[JIT],0x0000766aad59e938
983670.0,3634062,python,[JIT],0x0000758d922b662d
983641.0,3634051,python,[JIT],0x00007a6d27087821
983639.0,3634022,python,[JIT],0x000078e6155bf82b
983632.0,3634062,python,[JIT],0x0000758d922b5ef9
983594.0,3634073,python,[JIT],0x00007373dcd9db8e
983568.0,3634084,python,[JIT],0x0000731ba2205af2
983564.0,3634022,python,[JIT],0x000078e61547b394
983563.0,3634022,python,[JIT],0x000078e6155bfcc8
983563.0,3634029,python,[JIT],0x000077a02e638841
983532.0,3634073,python,[JIT],0x00007373dc9a6ad3
983526.0,3634084,python,[JIT],0x0000731ba22024f0
983518.0,3634073,python,[JIT],0x00007373dc9a572f
983515.0,3634022,python,[JIT],0x000078e61547c26f
983503.0,3634062,python,[JIT],0x0000758d926c54a3
983499.0,3634062,python,[JIT],0x0000758d926c3311
983495.0,3634062,python,[JIT],0x0000758d926c5420
983472.0,3634022,python,[JIT],0x000078e61508346b
983457.0,3634073,python,[JIT],0x00007373dcd9f211
983454.0,3634062,python,[JIT],0x0000758d926c3754
983432.0,3634062,python,[JIT],0x0000758d926c4a41
983423.0,3634084,python,[kernel.kallsyms],__ext4_get_inode_loc
983420.0,3634084,python,[JIT],0x0000731ba22073e4
983413.0,3634084,python,[JIT],0x0000731ba2e3a451
983397.0,3634029,python,[JIT],0x000077a02dcc7c40
983388.0,3634062,python,[JIT],0x0000758d922b611c
983378.0,3634073,python,[JIT],0x00007373dd613368
983347.0,3634084,python,[JIT],0x0000731ba220604f
983336.0,3634084,python,[JIT],0x0000731ba22026ed
983316.0,3634073,python,[JIT],0x00007373dcd9f078
983302.0,3634073,python,[JIT],0x00007373dcd9f540
983278.0,3634029,python,[JIT],0x000077a02e2ec4e9
983254.0,3634073,python,[JIT],0x00007373dcd9d444
983250.0,3634073,python,[JIT],0x00007373dcecedbe
983244.0,3634073,python,[JIT],0x00007373dcd9d8c4
983225.0,3634073,python,[JIT],0x00007373dc9a520f
983213.0,3634051,python,libm.so.6,__pow_finite@GLIBC_2.15@plt
983212.0,3634051,python,[JIT],0x00007a6d27087b6d
983211.0,3634084,python,[JIT],0x0000731ba22052b5
983200.0,3634051,python,[JIT],0x00007a6d26c913b0
983184.0,3634029,python,[JIT],0x000077a02e2ecd59
983182.0,3634029,python,[JIT],0x000077a02e613735
983174.0,3634062,python,[JIT],0x0000758d926c537a
983158.0,3634022,python,[JIT],0x000078e61547b372
983151.0,3634022,python,[JIT],0x000078e615083710
983144.0,3634073,python,[JIT],0x00007373dcd9ef89
983119.0,3634062,python,[JIT],0x0000758d926c4467
983111.0,3634062,python,[JIT],0x0000758d927ce509
983106.0,3634084,python,[JIT],0x0000731ba2e3a9b7
983105.0,3634022,python,[JIT],0x000078e6154a193c
983100.0,3634084,python,[JIT],0x0000731ba2205c46
983083.0,3634022,python,[JIT],0x000078e61547a74a
983071.0,3634084,python,[JIT],0x0000731ba2206125
983065.0,3634062,python,[JIT],0x0000758d927cec09
983060.0,3634062,python,[JIT],0x0000758d926c4e78
983044.0,3634029,python,[JIT],0x000077a02dcc93bd
983038.0,3634062,python,[JIT],0x0000758d926c518c
983005.0,3634062,python,[JIT],0x0000758d927ce4ef
982995.0,3634062,python,[JIT],0x0000758d926c4d6e
982993.0,3634084,python,[JIT],0x0000731ba2205a6c
982988.0,3634062,python,[JIT],0x0000758d922b4be0
982986.0,3634084,python,[JIT],0x0000731ba2201e70
982984.0,3634040,python,[JIT],0x0000766aade150d7
982982.0,3634084,python,[JIT],0x0000731ba2201604
982979.0,3634084,python,[JIT],0x0000731ba2206839
982976.0,3634084,python,[JIT],0x0000731ba2206dcd
982972.0,3634040,python,[JIT],0x0000766aad5c418f
982965.0,3634029,python,[JIT],0x000077a02dcc700a
982963.0,3634029,python,[JIT],0x000077a02e613e89
982946.0,3634040,python,[JIT],0x0000766aad6ce511
982945.0,3634022,python,[JIT],0x000078e6150830ae
982934.0,3634029,python,[JIT],0x000077a02dcc9639
982914.0,3634022,python,[JIT],0x000078e615082106
982907.0,3634029,python,[JIT],0x000077a02e6143c3
982894.0,3634084,python,[JIT],0x0000731ba220626e
982893.0,3634084,python,[JIT],0x0000731ba2201c7d
982893.0,3634084,python,[JIT],0x0000731ba22034c7
982889.0,3634022,python,[JIT],0x000078e6155bf5f4
982877.0,3634040,python,[JIT],0x0000766aade14193
982872.0,3634022,python,[JIT],0x000078e615082c74
982872.0,3634073,python,[JIT],0x00007373dc9a60ae
982856.0,3634073,python,[JIT],0x00007373dcd9da5d
982834.0,3634062,python,[JIT],0x0000758d927ce7ec
982828.0,3634084,python,[JIT],0x0000731ba2e3a87b
982827.0,3634084,python,[JIT],0x0000731ba22053ba
982821.0,3634073,python,[JIT],0x00007373dcd9ea9b
982808.0,3634073,python,[JIT],0x00007373dd613a63
982808.0,3634040,python,[JIT],0x0000766aade1454e
982798.0,3634051,python,[JIT],0x00007a6d27087d34
982787.0,3634084,python,[JIT],0x0000731ba220538c
982786.0,3634029,python,[JIT],0x000077a02dcc8ef1
982711.0,3634051,python,[JIT],0x00007a6d26c913a3
982703.0,3634051,python,[JIT],0x00007a6d270886d3
982701.0,3634073,python,[JIT],0x00007373dc9a687d
982689.0,3634022,python,[JIT],0x000078e6154a1010
982687.0,3634062,python,[JIT],0x0000758d926c3e20
982669.0,3634073,python,[JIT],0x00007373dcd9d55c
982666.0,3634084,python,[JIT],0x0000731ba2201a7c
982650.0,3634040,python,[JIT],0x0000766aad6ce680
982627.0,3634062,python,[JIT],0x0000758d922b47da
982606.0,3634040,python,[JIT],0x0000766aad59f00b
982597.0,3634062,python,[JIT],0x0000758d926c329f
982590.0,3634022,python,[JIT],0x000078e6155bf2f1
982564.0,3634051,python,[JIT],0x00007a6d276eb8f3
982541.0,3634062,python,[JIT],0x0000758d927ce26e
982522.0,3634062,python,[JIT],0x0000758d926c35bd
982515.0,3634051,python,[JIT],0x00007a6d27087638
982504.0,3634084,python,[JIT],0x0000731ba2e3a1af
982495.0,3634022,python,[JIT],0x000078e615083591
982495.0,3634022,python,[JIT],0x000078e6150845db
982488.0,3634062,python,[JIT],0x0000758d926c4f0c
982478.0,3634029,python,[JIT],0x000077a02e61496d
982472.0,3634022,python,[JIT],0x000078e61547a0a7
982470.0,3634062,python,[JIT],0x0000758d926c5522
982470.0,3634084,python,[JIT],0x0000731ba22064f3
982460.0,3634062,python,[JIT],0x0000758d927ceb78
982453.0,3634051,python,[kernel.kallsyms],sched_clock_cpu
982444.0,3634051,python,[JIT],0x00007a6d27087c74
982443.0,3634062,python,[JIT],0x0000758d926c48d7
982440.0,3634084,python,[JIT],0x0000731ba2205e5a
982401.0,3634029,python,[JIT],0x000077a02dcc8a97
982390.0,3634040,python,[JIT],0x0000766aade14fe3
982385.0,3634040,python,[JIT],0x0000766aade1435d
982383.0,3634062,python,[JIT],0x0000758d926c3227
982376.0,3634062,python,[JIT],0x0000758d926c368c
982374.0,3634029,python,[JIT],0x000077a02dcc8dcb
982360.0,3634062,python,[JIT],0x0000758d926c3afa
982358.0,3634084,python,[JIT],0x0000731ba2205871
982357.0,3634029,python,[JIT],0x000077a02dcc8a5d
982341.0,3634022,python,[JIT],0x000078e61547a590
982332.0,3634022,python,[JIT],0x000078e61547a441
982308.0,3634062,python,[JIT],0x0000758d922b4532
982306.0,3634073,python,[JIT],0x00007373dd61327c
982301.0,3634084,python,[JIT],0x0000731ba22018e8
982255.0,3634084,python,[JIT],0x0000731ba2202c81
982253.0,3634029,python,[JIT],0x000077a02dcc95d8
982245.0,3634029,python,[JIT],0x000077a02e6140bb
982243.0,3634051,python,[JIT],0x00007a6d2708782b
982230.0,3634051,python,[JIT],0x00007a6d271c748b
982229.0,3634084,python,[JIT],0x0000731ba21ffaa2
982218.0,3634029,python,[JIT],0x000077a02e613d4f
982216.0,3634029,python,[JIT],0x000077a02dcc88a8
982213.0,3634051,python,[JIT],0x00007a6d27087220
982208.0,3634051,python,[JIT],0x00007a6d27087458
982205.0,3634022,python,[JIT],0x000078e61547bd51
982198.0,3634051,python,[JIT],0x00007a6d26c911ea
982180.0,3634073,python,[JIT],0x00007373dcd9d84a
982172.0,3634073,python,[JIT],0x00007373dcd9e600
982162.0,3634029,python,[JIT],0x000077a02e2ec90a
982135.0,3634084,python,[JIT],0x0000731ba21ffb83
982132.0,3634029,python,[JIT],0x000077a02e613502
982127.0,3634062,python,[JIT],0x0000758d927ce5e3
982123.0,3634084,python,[JIT],0x0000731ba2e3a6f1
982120.0,3634051,python,[JIT],0x00007a6d27087bd4
982118.0,3634062,python,[JIT],0x0000758d926c4f00
982108.0,3634051,python,[JIT],0x00007a6d27087ea2
982096.0,3634051,python,[JIT],0x00007a6d276eb139
982093.0,3634040,python,[JIT],0x0000766aade1422c
982078.0,3634073,python,[JIT],0x00007373dcd9ec76
982064.0,3634073,python,[JIT],0x00007373dcd9ecca
982030.0,3634029,python,[JIT],0x000077a02e638c1c
982019.0,3634073,python,[JIT],0x00007373dcd9ebc6
982013.0,3634073,python,[JIT],0x00007373dcece1b6
982001.0,3634073,python,[JIT],0x00007373dcd9d259
981985.0,3634051,python,[JIT],0x00007a6d26c900ae
981973.0,3634022,python,[JIT],0x000078e6154a109b
981950.0,3634029,python,[JIT],0x000077a02e61542a
981945.0,3634051,python,[JIT],0x00007a6d26c8f6bc
981911.0,3634073,python,[JIT],0x00007373dcd9e034
981903.0,3634022,python,[JIT],0x000078e615083432
981902.0,3634051,python,[JIT],0x00007a6d2708776d
981876.0,3634040,python,[JIT],0x0000766aade13b0d
981873.0,3634040,python,[JIT],0x0000766aade1318e
981856.0,3634051,python,[JIT],0x00007a6d27088652
981852.0,3634051,python,[JIT],0x00007a6d2708716b
981828.0,3634051,python,[JIT],0x00007a6d2708754c
981822.0,3634022,python,[JIT],0x000078e615082cd3
981811.0,3634073,python,[JIT],0x00007373dcd9ecc2
981751.0,3634022,python,[JIT],0x000078e61547adab
981731.0,3634040,python,[JIT],0x0000766aad6ce930
981729.0,3634073,python,[JIT],0x00007373dcd9d5b3
981718.0,3634040,python,[JIT],0x0000766aade15393
981700.0,3634084,python,[JIT],0x0000731ba21ff30e
981697.0,3634022,python,[JIT],0x000078e6154a143d
981679.0,3634040,python,[JIT],0x0000766aade1476d
981665.0,3634084,python,[JIT],0x0000731ba22018eb
981664.0,3634084,python,[JIT],0x0000731ba220542f
981663.0,3634040,python,[JIT],0x0000766aad5c4dd8
981622.0,3634084,python,[JIT],0x0000731ba22070ef
981617.0,3634073,python,[JIT],0x00007373dcd9f4a6
981605.0,3634051,python,[JIT],0x00007a6d26c8fe03
981602.0,3634022,python,[JIT],0x000078e6150837ec
981591.0,3634029,python,[JIT],0x000077a02e613378
981587.0,3634040,python,[JIT],0x0000766aade13341
981583.0,3634051,python,[JIT],0x00007a6d27087a5d
981560.0,3634073,python,[JIT],0x00007373dcd9df7b
981540.0,3634073,python,[JIT],0x00007373dcd9da5d
981532.0,3634022,python,[JIT],0x000078e61547a9af
981524.0,3634022,python,[JIT],0x000078e61547bce5
981504.0,3634062,python,[JIT],0x0000758d926c4818
981499.0,3634062,python,[JIT],0x0000758d922b44df
981478.0,3634062,python,[JIT],0x0000758d922b56ab
981476.0,3634073,python,[JIT],0x00007373dcd9d353
981469.0,3634062,python,[JIT],0x0000758d926c3c34
981458.0,3634022,python,[JIT],0x000078e61547a483
981454.0,3634073,python,[JIT],0x00007373dcd9f4cf
981448.0,3634029,python,[JIT],0x000077a02dcc7d85
981443.0,3634062,python,[JIT],0x0000758d926c3d3f
981439.0,3634029,python,[JIT],0x000077a02dcc7d0e
981437.0,3634051,python,[JIT],0x00007a6d27088320
981436.0,3634029,python,[JIT],0x000077a02dcc78d6
981431.0,3634022,python,[JIT],0x000078e6155bfcb0
981426.0,3634062,python,[JIT],0x0000758d922b4bea
981425.0,3634062,python,python,_PyEval_EvalFrameDefault
981421.0,3634062,python,[JIT],0x0000758d926c4fa7
981408.0,3634029,python,[JIT],0x000077a02e6381e6
981406.0,3634062,python,[JIT],0x0000758d927cede0
981390.0,3634084,python,[JIT],0x0000731ba2206e61
981389.0,3634062,python,[JIT],0x0000758d927ce816
981387.0,3634022,python,[JIT],0x000078e6154a13e8
981387.0,3634051,python,[JIT],0x00007a6d271c77f6
981385.0,3634022,python,[JIT],0x000078e6150822be
981382.0,3634029,python,[JIT],0x000077a02dcc8964
981380.0,3634022,python,[JIT],0x000078e615083898
981372.0,3634029,python,[JIT],0x000077a02e6154d6
981369.0,3634084,python,[JIT],0x0000731ba220567b
981368.0,3634084,python,[JIT],0x0000731ba2202ef1
981367.0,3634029,python,[JIT],0x000077a02dcc7a4d
981367.0,3634084,python,[JIT],0x0000731ba2201598
981352.0,3634062,python,[JIT],0x0000758d922b565c
981333.0,3634084,python,[JIT],0x0000731ba2e3a99f
981330.0,3634022,python,[JIT],0x000078e61547b99a
981328.0,3634029,python,[JIT],0x000077a02e2ecba7
981312.0,3634084,python,[JIT],0x0000731ba2e3a87f
981308.0,3634062,python,[JIT],0x0000758d922b4f71
981302.0,3634051,python,[JIT],0x00007a6d270878f6
981288.0,3634062,python,[JIT],0x0000758d926c3d1f
981287.0,3634073,python,[JIT],0x00007373dcd9e20a
981279.0,3634029,python,[JIT],0x000077a02e613f2d
981279.0,3634073,python,[JIT],0x00007373dcd9d5dd
981275.0,3634022,python,[JIT],0x000078e61547a409
981269.0,3634084,python,[JIT],0x0000731ba22052c0
981252.0,3634062,python,[JIT],0x0000758d926c3bd4
981246.0,3634051,python,[JIT],0x00007a6d276eb548
981245.0,3634073,python,[JIT],0x00007373dc9a54df
981241.0,3634051,python,[JIT],0x00007a6d270873ec
981238.0,3634029,python,[JIT],0x000077a02dcc941b
981232.0,3634073,python,[JIT],0x00007373dcd9ddb2
981219.0,3634029,python,[JIT],0x000077a02dcc7477
981219.0,3634051,python,[JIT],0x00007a6d27087351
981217.0,3634073,python,[JIT],0x00007373dcd9d82f
981211.0,3634029,python,[JIT],0x000077a02e613188
981199.0,3634073,python,[JIT],0x00007373dc9a5548
981191.0,3634051,python,[JIT],0x00007a6d27087f7b
981191.0,3634084,python,[JIT],0x0000731ba220171e
981190.0,3634073,python,[JIT],0x00007373dc9a5293
981188.0,3634073,python,[JIT],0x00007373dcd9d94e
981187.0,3634051,python,[JIT],0x00007a6d276eb98f
981176.0,3634029,python,[kernel.kallsyms],native_write_msr
981170.0,3634051,python,[JIT],0x00007a6d26c9151f
981167.0,3634051,python,[JIT],0x00007a6d26c90a5d
981159.0,3634051,python,[JIT],0x00007a6d270871dc
981153.0,3634051,python,[JIT],0x00007a6d270881ef
981146.0,3634051,python,[JIT],0x00007a6d276eb79c
981142.0,3634022,python,[JIT],0x000078e61547b89c
981131.0,3634029,python,[JIT],0x000077a02e6143b4
981125.0,3634084,python,[JIT],0x0000731ba22021ba
981116.0,3634051,python,[JIT],0x00007a6d276ebcd8
981116.0,3634084,python,[JIT],0x0000731ba2205d3f
981093.0,3634051,python,[JIT],0x00007a6d27088c5b
981092.0,3634051,python,[JIT],0x00007a6d271c7a87
981077.0,3634073,python,[JIT],0x00007373dcd9dc86
981067.0,3634073,python,[JIT],0x00007373dc9a6706
981052.0,3634084,python,[JIT],0x0000731ba2206944
981045.0,3634051,python,[JIT],0x00007a6d27087f2d
981019.0,3634029,python,[JIT],0x000077a02e61306a
981010.0,3634073,python,[JIT],0x00007373dcd9d467
980987.0,3634029,python,[JIT],0x000077a02e614f20
980987.0,3634084,python,[JIT],0x0000731ba2206ebd
980977.0,3634040,python,[JIT],0x0000766aad59f0c5
980964.0,3634051,python,[JIT],0x00007a6d276eb2d8
980941.0,3634022,python,[JIT],0x000078e61547b3b4
980940.0,3634073,python,[JIT],0x00007373dcd9d8cc
980937.0,3634040,python,[JIT],0x0000766aad5c4af0
980929.0,3634051,python,[JIT],0x00007a6d2708892f
980927.0,3634084,python,[JIT],0x0000731ba22011fa
980893.0,3634040,python,[kernel.kallsyms],__update_load_avg_cfs_rq
980876.0,3634040,python,[JIT],0x0000766aad59eabb
980867.0,3634040,python,[JIT],0x0000766aade15528
980867.0,3634084,python,[JIT],0x0000731ba220331e
980857.0,3634029,python,[JIT],0x000077a02dcc885e
980846.0,3634062,python,[JIT],0x0000758d926c4337
980846.0,3634084,python,[JIT],0x0000731ba21ffc8d
980844.0,3634022,python,[JIT],0x000078e615084316
980837.0,3634029,python,[JIT],0x000077a02e2ecdbe
980833.0,3634084,python,[JIT],0x0000731ba21ff22d
980827.0,3634084,python,[JIT],0x0000731ba21ff5af
980815.0,3634040,python,[JIT],0x0000766aade14ef4
980764.0,3634073,python,[JIT],0x00007373dd6137a6
980760.0,3634040,python,[JIT],0x0000766aade1459a
980725.0,3634040,python,[JIT],0x0000766aad59d003
980721.0,3634062,python,[JIT],0x0000758d927ce3a1
980718.0,3634051,python,[JIT],0x00007a6d26c8f4aa
980718.0,3634084,python,[JIT],0x0000731ba2206818
980713.0,3634040,python,[JIT],0x0000766aad6ce58f
980709.0,3634084,python,[JIT],0x0000731ba2e3a54a
980700.0,3634073,python,[JIT],0x00007373dcd9df1b
980697.0,3634051,python,[JIT],0x00007a6d26c8f4df
980665.0,3634084,python,[JIT],0x0000731ba21ffa46
980657.0,3634084,python,[JIT],0x0000731ba2e3a1bd
980652.0,3634084,python,python,emit__CHECK_VALIDITY_r00
980596.0,3634073,python,[JIT],0x00007373dcd9e117
980594.0,3634051,python,[JIT],0x00007a6d26c900fc
980533.0,3634029,python,[JIT],0x000077a02dcc7bfc
980516.0,3634073,python,[JIT],0x00007373dc9a6484
980500.0,3634062,python,[JIT],0x0000758d926c434b
980485.0,3634084,python,[JIT],0x0000731ba2201970
980472.0,3634062,python,[JIT],0x0000758d926c528f
980439.0,3634062,python,[JIT],0x0000758d926c4f4e
980415.0,3634084,python,[JIT],0x0000731ba2206d51
980361.0,3634062,python,[JIT],0x0000758d926c36e3
980353.0,3634062,python,[JIT],0x0000758d927ce2bf
980331.0,3634073,python,[JIT],0x00007373dcd9e777
980318.0,3634029,python,[JIT],0x000077a02e6153f5
980297.0,3634073,python,[JIT],0x00007373dd61342e
980292.0,3634040,python,[JIT],0x0000766aade13388
980258.0,3634051,python,[JIT],0x00007a6d270870f8
980230.0,3634029,python,[JIT],0x000077a02e614689
980176.0,3634073,python,[JIT],0x00007373dcd9eaab
980130.0,3634051,python,[JIT],0x00007a6d27087563
980115.0,3634062,python,[JIT],0x0000758d926c346b
980111.0,3634029,python,[JIT],0x000077a02e6151c5
980073.0,3634051,python,[JIT],0x00007a6d27088878
980052.0,3634029,python,[JIT],0x000077a02dcc9298
980040.0,3634051,python,[JIT],0x00007a6d26c8fb7c
980035.0,3634029,python,[JIT],0x000077a02e638ca6
980018.0,3634022,python,[JIT],0x000078e615082832
980009.0,3634029,python,[JIT],0x000077a02dcc7b8c
979997.0,3634084,python,[JIT],0x0000731ba2202cd5
979989.0,3634051,python,[JIT],0x00007a6d27087d59
979946.0,3634073,python,[JIT],0x00007373dcd9f2dd
979932.0,3634084,python,[JIT],0x0000731ba2205821
979931.0,3634040,python,[JIT],0x0000766aad5c4270
979926.0,3634073,python,[JIT],0x00007373dc9a5423
979888.0,3634073,python,[JIT],0x00007373dc9a73a3
979887.0,3634051,python,[JIT],0x00007a6d27088e93
979851.0,3634073,python,[JIT],0x00007373dd613d68
979826.0,3634062,python,[JIT],0x0000758d922b464b
979815.0,3634073,python,[JIT],0x00007373dcd9eab0
979803.0,3634040,python,[JIT],0x0000766aade134b2
979775.0,3634022,python,[JIT],0x000078e6155bfe06
979759.0,3634040,python,[JIT],0x0000766aad5c45cf
979642.0,3634062,python,[JIT],0x0000758d926c4536
979641.0,3634062,python,[JIT],0x0000758d926c4a3c
979632.0,3634029,python,[JIT],0x000077a02e6385cf
979606.0,3634051,python,[JIT],0x00007a6d27088b61
979603.0,3634029,python,[JIT],0x000077a02e614bb7
979592.0,3634084,python,[JIT],0x0000731ba220616c
979589.0,3634051,python,[JIT],0x00007a6d271c77f6
979544.0,3634040,python,[JIT],0x0000766aade14fbc
979540.0,3634073,python,[JIT],0x00007373dc9a71e3
979536.0,3634051,python,[JIT],0x00007a6d276eb58b
979511.0,3634062,python,[JIT],0x0000758d922b58b0
979446.0,3634051,python,[JIT],0x00007a6d26c90967
979443.0,3634029,python,[JIT],0x000077a02e614ee5
979386.0,3634029,python,[JIT],0x000077a02e613d54
979373.0,3634051,python,[JIT],0x00007a6d27088ac8
979360.0,3634051,python,[JIT],0x00007a6d26c90319
979340.0,3634062,python,[JIT],0x0000758d922b4d17
979332.0,3634029,python,[JIT],0x000077a02dcc7708
979321.0,3634084,python,[JIT],0x0000731ba21ffb68
979300.0,3634029,python,[JIT],0x000077a02e61449c
979246.0,3634051,python,[JIT],0x00007a6d276eb611
979205.0,3634029,python,[JIT],0x000077a02dcc71fe
979201.0,3634084,python,[JIT],0x0000731ba2202212
979194.0,3634051,python,[JIT],0x00007a6d270878c4
979161.0,3634022,python,[JIT],0x000078e6154a18aa
979154.0,3634029,python,[JIT],0x000077a02e6383a5
979111.0,3634022,python,[JIT],0x000078e6155bf85a
979108.0,3634051,python,[JIT],0x00007a6d27087b92
979106.0,3634022,python,[JIT],0x000078e61547a5d9
979077.0,3634084,python,[JIT],0x0000731ba2e3a127
979074.0,3634040,python,[JIT],0x0000766aad59ebaa
979043.0,3634029,python,[JIT],0x000077a02e823023
979011.0,3634084,python,[JIT],0x0000731ba22052f4
978996.0,3634084,python,[JIT],0x0000731ba2207396
978996.0,3634084,python,[JIT],0x0000731ba2207376
978962.0,3634022,python,[JIT],0x000078e61547a83a
978948.0,3634022,python,[JIT],0x000078e61547ad09
978914.0,3634040,python,[JIT],0x0000766aad59ddbd
978909.0,3634022,python,[JIT],0x000078e61547bdcd
978871.0,3634051,python,[JIT],0x00007a6d276ebd68
978841.0,3634022,python,[JIT],0x000078e6155bfdf2
978798.0,3634073,python,[JIT],0x00007373dcd9d0dc
978749.0,3634029,python,[JIT],0x000077a02e615223
978718.0,3634062,python,[JIT],0x0000758d926c467d
978615.0,3634029,python,[JIT],0x000077a02e6152fa
978601.0,3634029,python,[JIT],0x000077a02dcc7c4c
978406.0,3634073,python,[JIT],0x00007373dcd9e045
978380.0,3634084,python,[JIT],0x0000731ba21ff915
978339.0,3634029,python,[JIT],0x000077a02dcc7b0c
978327.0,3634073,python,[JIT],0x00007373dcd9f1fc
978272.0,3634022,python,[JIT],0x000078e615082a4d
978231.0,3634029,python,[JIT],0x000077a02e6150d7
978154.0,3634062,python,[JIT],0x0000758d927ce2e1
978119.0,3634051,python,[JIT],0x00007a6d270877f8
978117.0,3634062,python,[JIT],0x0000758d926c3c0f
978093.0,3634073,python,[JIT],0x00007373dceced59
978058.0,3634062,python,[JIT],0x0000758d927cecb3
978056.0,3634084,python,[JIT],0x0000731ba2202a97
978032.0,3634051,python,[JIT],0x00007a6d27087555
978003.0,3634084,python,[JIT],0x0000731ba2205e6e
977964.0,3634084,python,[JIT],0x0000731ba21ff7f6
977916.0,3634051,python,[JIT],0x00007a6d271c72b8
977866.0,3634029,python,[JIT],0x000077a02e6139fc
977815.0,3634084,python,[JIT],0x0000731ba2203104
977808.0,3634073,python,[JIT],0x00007373dc9a5519
977787.0,3634073,python,[JIT],0x00007373dcd9d846
977636.0,3634084,python,[JIT],0x0000731ba220728f
977620.0,3634029,python,[JIT],0x000077a02e61368c
977617.0,3634040,python,[JIT],0x0000766aad6ce8e5
977419.0,3634040,python,[JIT],0x0000766aad6cec54
977408.0,3634062,python,[JIT],0x0000758d926c4348
977201.0,3634073,python,[JIT],0x00007373dd613930
977194.0,3634062,python,[JIT],0x0000758d926c3414
977146.0,3634040,python,[JIT],0x0000766aad59d9ff
976992.0,3634051,python,[JIT],0x00007a6d26c8f8c8
976966.0,3634084,python,[JIT],0x0000731ba21ff85f
976953.0,3634051,python,[JIT],0x00007a6d26c9150f
976858.0,3634040,python,[JIT],0x0000766aad59de2f
976787.0,3634062,python,[JIT],0x0000758d927ce1c6
976641.0,3634022,python,[JIT],0x000078e6150821d3
976459.0,3634084,python,[JIT],0x0000731ba22059e6
976333.0,3634022,python,[JIT],0x000078e6155bf8a3
976328.0,3634062,python,[JIT],0x0000758d927ce9b4
976325.0,3634022,python,[JIT],0x000078e61547bd23
976302.0,3634073,python,[JIT],0x00007373dcd9ebb3
976245.0,3634073,python,[JIT],0x00007373dcecec6e
976224.0,3634084,python,[JIT],0x0000731ba22069d4
975999.0,3634029,python,[JIT],0x000077a02e61555a
975989.0,3634073,python,[JIT],0x00007373dcd9e4f3
975922.0,3634084,python,[JIT],0x0000731ba2e3a53c
975891.0,3634029,python,[JIT],0x000077a02e615217
975849.0,3634084,python,[JIT],0x0000731ba2207113
975823.0,3634073,python,[JIT],0x00007373dcd9f21f
975755.0,3634029,python,[JIT],0x000077a02e613270
975691.0,3634029,python,[JIT],0x000077a02dcc8447
975690.0,3634029,python,[JIT],0x000077a02e613b8e
975589.0,3634073,python,[JIT],0x00007373dd613aba
975587.0,3634084,python,[JIT],0x0000731ba220526a
975489.0,3634022,python,[JIT],0x000078e6154a1790
975474.0,3634022,python,[JIT],0x000078e61547b6f0
975439.0,3634022,python,[JIT],0x000078e61547ac13
975425.0,3634084,python,[JIT],0x0000731ba220754e
975400.0,3634062,python,[JIT],0x0000758d926c53a1
975379.0,3634029,python,[JIT],0x000077a02dcc80bb
975330.0,3634073,python,[JIT],0x00007373dcd9db21
975322.0,3634084,python,[JIT],0x0000731ba220592a
975315.0,3634084,python,[JIT],0x0000731ba2e3ae06
975314.0,3634029,python,[JIT],0x000077a02e614002
975252.0,3634062,python,[JIT],0x0000758d922b4ad3
975232.0,3634062,python,[JIT],0x0000758d926c318e
975227.0,3634051,python,[JIT],0x00007a6d26c90782
974989.0,3634029,python,[JIT],0x000077a02e61349c
974772.0,3634029,python,[JIT],0x000077a02e6381b4
974768.0,3634062,python,[JIT],0x0000758d927cebc7
974756.0,3634040,python,[JIT],0x0000766aad6ceb3a
974631.0,3634029,python,[JIT],0x000077a02e614c06
974400.0,3634073,python,[JIT],0x00007373dcd9e092
974237.0,3634051,python,[JIT],0x00007a6d276ebc1c
974215.0,3634051,python,[JIT],0x00007a6d27087da4
974176.0,3634084,python,[JIT],0x0000731ba2201700
974075.0,3634073,python,[JIT],0x00007373dcd9f07c
974068.0,3634051,python,[JIT],0x00007a6d27089085
974053.0,3634073,python,[JIT],0x00007373dcd9dfbc
974049.0,3634084,python,[JIT],0x0000731ba2206183
973941.0,3634062,python,[JIT],0x0000758d922b5ced
973867.0,3634051,python,[JIT],0x00007a6d26c90c53
973860.0,3634073,python,[JIT],0x00007373dcd9f51a
973847.0,3634029,python,[JIT],0x000077a02e61415a
973827.0,3634073,python,[JIT],0x00007373dcd9da0d
973825.0,3634040,python,[JIT],0x0000766aade14868
973712.0,3634073,python,[JIT],0x00007373dcd9e3bc
973648.0,3634022,python,[JIT],0x000078e615083788
973564.0,3634084,python,[JIT],0x0000731ba22057ac
973559.0,3634051,python,[JIT],0x00007a6d27087499
973350.0,3634040,python,[JIT],0x0000766aad6cebdf
973319.0,3634029,python,[JIT],0x000077a02e6134b0
973224.0,3634051,python,[JIT],0x00007a6d2708865f
973205.0,3634084,python,[JIT],0x0000731ba2201487
972947.0,3634062,python,[JIT],0x0000758d927ce845
972920.0,3634051,python,[JIT],0x00007a6d26c8f645
972782.0,3634073,python,[JIT],0x00007373dcd9d684
972598.0,3634029,python,[JIT],0x000077a02e613898
972579.0,3634062,python,[JIT],0x0000758d922b4708
972517.0,3634062,python,[JIT],0x0000758d922b256b
972421.0,3634029,python,[JIT],0x000077a02dcc8c63
972338.0,3634029,python,[JIT],0x000077a02e613483
972259.0,3634029,python,[JIT],0x000077a02e63890a
972259.0,3634073,python,[JIT],0x00007373dc9a5824
972149.0,3634022,python,[JIT],0x000078e61508292e
972031.0,3634073,python,[JIT],0x00007373dcece94a
972009.0,3634073,python,[JIT],0x00007373dcd9ebda
971984.0,3634073,python,[JIT],0x00007373dcd9d90f
971804.0,3634073,python,[JIT],0x00007373dc9a59de
971706.0,3634022,python,[JIT],0x000078e615082b81
971678.0,3634084,python,[JIT],0x0000731ba22063f6
971640.0,3634073,python,[JIT],0x00007373dcd9d54c
971602.0,3634040,python,[JIT],0x0000766aad59d71e
971574.0,3634040,python,[JIT],0x0000766aad5c4867
971556.0,3634073,python,[JIT],0x00007373dcd9e253
971539.0,3634022,python,[JIT],0x000078e615083292
971521.0,3634040,python,[JIT],0x0000766aade134df
971366.0,3634062,python,[JIT],0x0000758d927ce99a
971358.0,3634073,python,[JIT],0x00007373dcd9d29e
971268.0,3634073,python,[JIT],0x00007373dcd9d6f3
971118.0,3634029,python,[JIT],0x000077a02dcc8b15
970982.0,3634040,python,[JIT],0x0000766aade14bba
970962.0,3634073,python,[JIT],0x00007373dcd9ec1c
970945.0,3634029,python,[JIT],0x000077a02e638d39
970917.0,3634084,python,[JIT],0x0000731ba2205f87
970898.0,3634062,python,[JIT],0x0000758d926c4541
970889.0,3634073,python,[JIT],0x00007373dcd9d72f
970882.0,3634040,python,[JIT],0x0000766aad59ded1
970848.0,3634084,python,[JIT],0x0000731ba2207229
970776.0,3634029,python,[JIT],0x000077a02dcc84c2
970759.0,3634073,python,[JIT],0x00007373dcd9f4b4
970665.0,3634073,python,[JIT],0x00007373dcd9f63e
970487.0,3634062,python,[JIT],0x0000758d926c4a36
970400.0,3634073,python,[JIT],0x00007373dcd9de6a
970398.0,3634051,python,[JIT],0x00007a6d270879f6
970303.0,3634022,python,[JIT],0x000078e61547b6bd
970044.0,3634040,python,[JIT],0x0000766aade1432c
970017.0,3634029,python,[JIT],0x000077a02e6131b3
969791.0,3634029,python,[JIT],0x000077a02dcc8cdf
969721.0,3634022,python,[JIT],0x000078e61547ab0b
969575.0,3634073,python,[JIT],0x00007373dcd9d4b0
969571.0,3634022,python,[JIT],0x000078e6155bf173
969553.0,3634073,python,[JIT],0x00007373dcd9d31c
969345.0,3634062,python,[JIT],0x0000758d926c482c
969343.0,3634073,python,[JIT],0x00007373dcd9d758
969160.0,3634084,python,[JIT],0x0000731ba220565d
969095.0,3634040,python,[JIT],0x0000766aade150e4
969062.0,3634051,python,[JIT],0x00007a6d270882ce
969019.0,3634029,python,[JIT],0x000077a02e6388fb
968965.0,3634073,python,[JIT],0x00007373dcd9ef8d
968954.0,3634040,python,[JIT],0x0000766aad59f58e
968817.0,3634073,python,[JIT],0x00007373dcd9e193
968780.0,3634051,python,[JIT],0x00007a6d2708902e
968765.0,3634051,python,[kernel.kallsyms],update_deadline
968764.0,3634029,python,[JIT],0x000077a02e613630
968757.0,3634040,python,[JIT],0x0000766aade13a9f
968704.0,3634040,python,[JIT],0x0000766aad6ce1de
968686.0,3634073,python,[JIT],0x00007373dcd9eda1
968657.0,3634022,python,[JIT],0x000078e6154a1520
968639.0,3634040,python,[JIT],0x0000766aad59f616
968559.0,3634040,python,[JIT],0x0000766aad59d2e6
968555.0,3634073,python,[JIT],0x00007373dcd9d636
968542.0,3634073,python,[JIT],0x00007373dcd9d139
968469.0,3634051,python,[kernel.kallsyms],__update_load_avg_se
968103.0,3634051,python,[kernel.kallsyms],cgroup_rstat_updated
968101.0,3634040,python,[JIT],0x0000766aade137d1
968038.0,3634073,python,[kernel.kallsyms],__irqentry_text_end
968028.0,3634029,python,[JIT],0x000077a02e61482f
967762.0,3634084,python,[JIT],0x0000731ba2205402
967478.0,3634040,python,[JIT],0x0000766aad6ce74c
967399.0,3634084,python,[JIT],0x0000731ba2e3a51b
967354.0,3634051,python,[JIT],0x00007a6d27088dcd
967244.0,3634073,python,[kernel.kallsyms],perf_adjust_freq_unthr_context
967241.0,3634051,python,[JIT],0x00007a6d270871c7
967210.0,3634051,python,[JIT],0x00007a6d27087d39
967160.0,3634029,python,[JIT],0x000077a02e6142df
967150.0,3634084,python,[JIT],0x0000731ba2207005
967027.0,3634040,python,[JIT],0x0000766aad59d1a0
966592.0,3634073,python,[JIT],0x00007373dcd9ed65
966573.0,3634084,python,[JIT],0x0000731ba220205b
966525.0,3634051,python,[kernel.kallsyms],__sysvec_apic_timer_interrupt
966040.0,3634051,python,[JIT],0x00007a6d276eb010
965950.0,3634022,python,[JIT],0x000078e6154a13a0
965877.0,3634084,python,[JIT],0x0000731ba2202964
965745.0,3634051,python,[JIT],0x00007a6d270879e1
965551.0,3634051,python,[JIT],0x00007a6d2708928f
965458.0,3634084,python,[JIT],0x0000731ba2205673
965364.0,3634084,python,[JIT],0x0000731ba22035c0
965195.0,3634073,python,[JIT],0x00007373dcd9f199
965189.0,3634062,python,[JIT],0x0000758d922b5594
965162.0,3634051,python,[JIT],0x00007a6d2708754a
965157.0,3634051,python,[JIT],0x00007a6d276eb838
965140.0,3634029,python,[JIT],0x000077a02e63899a
964973.0,3634051,python,[JIT],0x00007a6d27087961
964830.0,3634073,python,[JIT],0x00007373dcd9eb21
964783.0,3634051,python,[JIT],0x00007a6d276eb48e
964666.0,3634040,python,[JIT],0x0000766aade14b25
964662.0,3634040,python,[JIT],0x0000766aad5c419d
964640.0,3634073,python,[JIT],0x00007373dcd9f2b1
964554.0,3634073,python,[JIT],0x00007373dd613d94
964345.0,3634051,python,[JIT],0x00007a6d271c756b
964341.0,3634084,python,[JIT],0x0000731ba22050ea
964226.0,3634040,python,[JIT],0x0000766aade143ca
964136.0,3634051,python,[JIT],0x00007a6d270891d8
964128.0,3634073,python,[JIT],0x00007373dc9a54b9
964031.0,3634073,python,[JIT],0x00007373dd613403
964016.0,3634051,python,[JIT],0x00007a6d276ebc8e
963756.0,3634022,python,[JIT],0x000078e61547a9bd
963476.0,3634084,python,[JIT],0x0000731ba2206643
963472.0,3634073,python,[JIT],0x00007373dcd9d6db
963100.0,3634073,python,[JIT],0x00007373dcd9e666
963013.0,3634022,python,[JIT],0x000078e6154a15e6
963005.0,3634073,python,[JIT],0x00007373dc9a6fa0
962873.0,3634073,python,[JIT],0x00007373dc9a6850
962869.0,3634084,python,[JIT],0x0000731ba2205609
962739.0,3634084,python,[JIT],0x0000731ba21ff212
962678.0,3634084,python,[JIT],0x0000731ba22051b3
962632.0,3634051,python,[JIT],0x00007a6d276ebb3a
962345.0,3634073,python,[JIT],0x00007373dcd9db21
962332.0,3634040,python,[JIT],0x0000766aad5c479e
962135.0,3634040,python,[JIT],0x0000766aade13673
962105.0,3634073,python,[JIT],0x00007373dcd9eab5
961951.0,3634040,python,[JIT],0x0000766aad6ce672
961936.0,3634040,python,[JIT],0x0000766aade13e6e
961264.0,3634051,python,[JIT],0x00007a6d26c908a8
961069.0,3634062,python,[JIT],0x0000758d926c4eec
960977.0,3634051,python,[JIT],0x00007a6d270873b3
960589.0,3634040,python,[JIT],0x0000766aad5c451c
959845.0,3634051,python,[JIT],0x00007a6d27087433
959096.0,3634051,python,[JIT],0x00007a6d276ebd79
958971.0,3634022,python,[JIT],0x000078e61547bee5
958950.0,3634073,python,[JIT],0x00007373dcd9eee5
958512.0,3634040,python,[JIT],0x0000766aad6ce33f
958145.0,3634029,python,[JIT],0x000077a02e613b0b
957495.0,3634051,python,[JIT],0x00007a6d270885d8
957327.0,3634022,python,[JIT],0x000078e6155bf5a6
956701.0,3634022,python,[JIT],0x000078e6150842d3
953370.0,3634029,python,[JIT],0x000077a02e614a2f
953087.0,3634040,python,[JIT],0x0000766aad6ce98c
951978.0,3634029,python,[JIT],0x000077a02e614a84
951882.0,3634051,python,[JIT],0x00007a6d26c9085e
951065.0,3634073,python,[JIT],0x00007373dcd9f300
951041.0,3634051,python,[JIT],0x00007a6d276eb26e
949815.0,3634051,python,[JIT],0x00007a6d2708954e
949637.0,3634040,python,[JIT],0x0000766aad6ce263
948023.0,3634073,python,[JIT],0x00007373dcd9d060
945124.0,3634062,python,[JIT],0x0000758d926c379f
944258.0,3634029,python,[JIT],0x000077a02e615200
942309.0,3634051,python,[JIT],0x00007a6d270894d2
940694.0,3634040,python,[JIT],0x0000766aad59ea1d
940178.0,3634040,python,[JIT],0x0000766aade14647
937385.0,3634022,python,[JIT],0x000078e6154a1a03
936977.0,3634084,python,[JIT],0x0000731ba220330e
936616.0,3634029,python,[JIT],0x000077a02e2ec4f5
936428.0,3634051,python,[JIT],0x00007a6d271c771f
936070.0,3634022,python,[JIT],0x000078e6150828d0
933157.0,3634062,python,[JIT],0x0000758d926c37b8
932352.0,3634051,python,python,optimize_uops.isra.0
931800.0,3634029,python,[kernel.kallsyms],try_charge_memcg
930928.0,3634051,python,[JIT],0x00007a6d27087c38
928665.0,3634029,python,[JIT],0x000077a02e613259
927055.0,3634062,python,[JIT],0x0000758d926c4ab0
926273.0,3634073,python,[JIT],0x00007373dcecedab
926268.0,3634084,python,[JIT],0x0000731ba2202f56
924212.0,3634084,python,python,_PyJit_translate_single_bytecode_to_trace
921101.0,3634029,python,[JIT],0x000077a02e61417e
921073.0,3634073,python,[JIT],0x00007373dcd9ebee
916659.0,3634040,python,[JIT],0x0000766aade137a2
916188.0,3634022,python,[JIT],0x000078e61547b49c
914866.0,3634073,python,[JIT],0x00007373dd613cd8
912654.0,3634084,python,[JIT],0x0000731ba22033bd
912633.0,3634051,python,[JIT],0x00007a6d271c7a17
911885.0,3634073,python,[kernel.kallsyms],rmqueue_bulk
911842.0,3634051,python,[JIT],0x00007a6d26c8fb4e
908725.0,3634029,python,[JIT],0x000077a02e613590
907034.0,3634022,python,[JIT],0x000078e615082e63
905257.0,3634062,python,python,_PyJIT_Compile
904083.0,3634040,python,[JIT],0x0000766aad59ec57
904067.0,3634040,python,[JIT],0x0000766aad59efa0
902186.0,3634062,python,[JIT],0x0000758d926c41fe
902186.0,3634040,python,[JIT],0x0000766aad5c4834
901218.0,3634051,python,[JIT],0x00007a6d276eb1fb
899361.0,3634040,python,[JIT],0x0000766aad6ce238
891076.0,3634062,python,[JIT],0x0000758d926c3e4c
889860.0,3634073,python,[JIT],0x00007373dcd9dc29
870372.0,3634062,python,[JIT],0x0000758d926c54d2
869744.0,3634073,python,[JIT],0x00007373dc9a6cb2
866338.0,3634073,python,[JIT],0x00007373dcd9d1a6
865372.0,3634051,python,[JIT],0x00007a6d26c90c42
862427.0,3634022,python,[JIT],0x000078e6155bfb9f
860994.0,3634029,python,[JIT],0x000077a02dcc70dc
856415.0,3634073,python,[JIT],0x00007373dcd9d188
852352.0,3634040,python,[JIT],0x0000766aade13988
850152.0,3634062,python,[JIT],0x0000758d927ce27c
849883.0,3634062,python,[JIT],0x0000758d926c3414
848549.0,3634022,python,[JIT],0x000078e61547a7d7
847755.0,3634073,python,[JIT],0x00007373dd613693
847111.0,3634051,python,[JIT],0x00007a6d2708951a
841184.0,3634029,python,[JIT],0x000077a02e63898c
838786.0,3634073,python,[JIT],0x00007373dcd9d5cb
836510.0,3634084,python,[JIT],0x0000731ba22067ac
833751.0,3634029,python,[JIT],0x000077a02e61390f
811586.0,3634073,python,[JIT],0x00007373dcece374
806376.0,3634029,python,[JIT],0x000077a02dcc7c8d
793827.0,3634051,python,[kernel.kallsyms],error_entry
791262.0,3634040,python,[JIT],0x0000766aad5c4324
597761.0,3634029,python,[JIT],0x000077a02dcc8693
423444.0,3634051,python,[JIT],0x00007a6d26c90083
231803.0,3634084,python,[JIT],0x0000731ba22070cd
124999.0,3634029,python,python,_PyDict_LoadGlobalStackRef
124999.0,3634029,python,python,_PyFrame_ClearExceptCode
124999.0,3634022,python,python,dictiter_dealloc
124999.0,3634022,python,python,listiter_next
124999.0,3634029,python,python,dictiter_iternextvalue
124999.0,3634073,python,python,_PyEval_EvalFrameDefault
124999.0,3634051,python,python,_PyFrame_ClearExceptCode
124999.0,3634051,python,python,range_iter
124999.0,3634062,python,python,deque_append
124999.0,3634062,python,python,float_div
124999.0,3634062,python,python,dictiter_dealloc
124999.0,3634051,python,[JIT],0x00007a6d27088708
124999.0,3634040,python,python,_PyEval_EvalFrameDefault
124999.0,3634084,python,python,dictiter_iternextvalue
124999.0,3634084,python,python,_PyObject_GetAttrStackRef
124999.0,3634084,python,python,range_dealloc
124999.0,3634073,python,python,_PyDict_LoadGlobalStackRef
124999.0,3634073,python,python,deque_append
