self,pid,command,shared_obj,symbol
34506360349.0,554498,python,python,unicodekeys_lookup_unicode
31403800437.0,554520,python,python,unicodekeys_lookup_unicode
31230460555.0,554532,python,python,unicodekeys_lookup_unicode
31145022665.0,554572,python,python,unicodekeys_lookup_unicode
30962905942.0,554508,python,python,unicodekeys_lookup_unicode
30843444841.0,554559,python,python,unicodekeys_lookup_unicode
7137700027.0,554498,python,python,list_remove
6283122772.0,554559,python,python,list_remove
6221376516.0,554532,python,python,list_remove
6156256109.0,554508,python,python,list_remove
6084397145.0,554572,python,python,list_remove
6050901968.0,554520,python,python,list_remove
5204268455.0,554498,python,python,_PyDict_Subscript
4959054281.0,554532,python,python,_PyDict_Subscript
4816633082.0,554508,python,python,_PyDict_Subscript
4809685167.0,554559,python,python,_PyDict_Subscript
4780133306.0,554520,python,python,_PyDict_Subscript
4710484331.0,554572,python,python,_PyDict_Subscript
3408573902.0,554498,python,python,visit_decref
3374309893.0,554498,python,python,dictiter_iternextkey
3173475338.0,554545,python,python,unicodekeys_lookup_unicode
3118856566.0,554520,python,python,unicodekeys_lookup_unicode
3112658795.0,554532,python,python,unicodekeys_lookup_unicode
3103598534.0,554572,python,python,unicodekeys_lookup_unicode
3101510946.0,554520,python,python,dictiter_iternextkey
3098880835.0,554559,python,python,dictiter_iternextkey
3092887181.0,554508,python,python,unicodekeys_lookup_unicode
3090246710.0,554572,python,python,dictiter_iternextkey
3083633915.0,554559,python,python,unicodekeys_lookup_unicode
3081320034.0,554498,python,python,visit_reachable
3070159022.0,554508,python,python,dictiter_iternextkey
3056972270.0,554532,python,python,visit_decref
3037958560.0,554498,python,python,_Py_dict_lookup
3035940025.0,554559,python,python,visit_decref
3031781681.0,554532,python,python,dictiter_iternextkey
2979615088.0,554572,python,python,visit_decref
2979552430.0,554508,python,python,visit_decref
2975155004.0,554520,python,python,visit_decref
2746550457.0,554508,python,python,_Py_dict_lookup
2727691646.0,554532,python,python,_Py_dict_lookup
2707863377.0,554559,python,python,visit_reachable
2696317638.0,554559,python,python,_Py_dict_lookup
2683476988.0,554520,python,python,_Py_dict_lookup
2683018354.0,554572,python,python,visit_reachable
2681956435.0,554508,python,python,visit_reachable
2678099251.0,554572,python,python,_Py_dict_lookup
2671447272.0,554532,python,python,visit_reachable
2663842617.0,554520,python,python,visit_reachable
1599969443.0,554498,python,libc.so.6,__memcmp_avx2_movbe
1526277858.0,554498,python,python,gc_collect_main
1437561818.0,554508,python,libc.so.6,__memcmp_avx2_movbe
1437307203.0,554498,python,python,build_indices_unicode
1419486283.0,554572,python,libc.so.6,__memcmp_avx2_movbe
1397259959.0,554559,python,libc.so.6,__memcmp_avx2_movbe
1386352398.0,554498,python,[JIT],0x00007a47e2838ccd
1364783985.0,554532,python,libc.so.6,__memcmp_avx2_movbe
1332400427.0,554520,python,libc.so.6,__memcmp_avx2_movbe
1326480370.0,554532,python,python,build_indices_unicode
1313291712.0,554572,python,python,build_indices_unicode
1311997641.0,554520,python,python,build_indices_unicode
1304895723.0,554532,python,python,gc_collect_main
1302437780.0,554508,python,python,build_indices_unicode
1299319408.0,554520,python,python,gc_collect_main
1298348147.0,554498,python,python,dict_traverse
1297676063.0,554559,python,python,gc_collect_main
1284571275.0,554559,python,python,build_indices_unicode
1278561967.0,554572,python,python,gc_collect_main
1272198722.0,554520,python,[JIT],0x00007bae9855cccd
1271478256.0,554572,python,[JIT],0x000071d3e604bccd
1267685366.0,554498,python,python,PyUnicode_RichCompare
1266167546.0,554508,python,python,gc_collect_main
1250851851.0,554508,python,[JIT],0x000074d163219ccd
1237446366.0,554559,python,python,PyUnicode_RichCompare
1229031744.0,554559,python,[JIT],0x000074472c095ccd
1226292229.0,554532,python,[JIT],0x00007f3be24b3ccd
1220150764.0,554498,python,python,list_dealloc
1175666109.0,554520,python,python,PyUnicode_RichCompare
1140278828.0,554520,python,python,dict_traverse
1133006584.0,554559,python,python,list_dealloc
1115422416.0,554572,python,python,dict_traverse
1103935527.0,554572,python,python,list_dealloc
1103488724.0,554508,python,python,dict_traverse
1101448143.0,554532,python,python,list_dealloc
1100670546.0,554572,python,python,PyUnicode_RichCompare
1095196884.0,554532,python,python,PyUnicode_RichCompare
1093863257.0,554532,python,python,dict_traverse
1092356213.0,554520,python,python,list_dealloc
1090276329.0,554559,python,python,dict_traverse
1087579642.0,554508,python,python,list_dealloc
1086460635.0,554508,python,python,PyUnicode_RichCompare
1078421174.0,554498,python,python,PyObject_RichCompareBool
1016297882.0,554572,python,python,PyObject_RichCompareBool
993398739.0,554508,python,python,PyObject_RichCompareBool
992570756.0,554559,python,python,PyObject_RichCompareBool
937436890.0,554532,python,python,PyObject_RichCompareBool
933535603.0,554520,python,python,PyObject_RichCompareBool
931082351.0,554498,python,python,insertdict
908726541.0,554532,python,python,insertdict
887552096.0,554508,python,python,insertdict
884760839.0,554498,python,python,listiter_next
876699898.0,554572,python,python,insertdict
827804407.0,554508,python,python,listiter_next
827414053.0,554559,python,python,listiter_next
824888522.0,554559,python,python,insertdict
817738193.0,554520,python,python,insertdict
807006492.0,554520,python,python,listiter_next
804645900.0,554572,python,python,listiter_next
789304470.0,554498,python,[JIT],0x00007a47e283b11f
763650435.0,554532,python,python,listiter_next
754813178.0,554520,python,[JIT],0x00007bae9855f11f
741937618.0,554572,python,[JIT],0x000071d3e604e11f
732948485.0,554508,python,[JIT],0x000074d16321c11f
682593827.0,554559,python,[JIT],0x000074472c09811f
673707850.0,554532,python,[JIT],0x00007f3be24b611f
655106309.0,554559,python,python,list_remove
636560672.0,554508,python,python,list_remove
626653461.0,554532,python,python,list_remove
612908474.0,554572,python,python,list_remove
601070595.0,554498,python,python,dictkeys_decref.part.0.constprop.0
588031943.0,554545,python,python,list_remove
569017406.0,554520,python,python,list_remove
554381778.0,554498,python,[JIT],0x00007a47e283b2b6
552708970.0,554508,python,python,dictkeys_decref.part.0.constprop.0
552603560.0,554572,python,python,dictkeys_decref.part.0.constprop.0
552554033.0,554520,python,python,dictkeys_decref.part.0.constprop.0
544699947.0,554532,python,python,dictkeys_decref.part.0.constprop.0
531266766.0,554532,python,python,_PyDict_Subscript
530791963.0,554559,python,python,dictkeys_decref.part.0.constprop.0
522872500.0,554520,python,[JIT],0x00007bae9855c11f
522360824.0,554498,python,[JIT],0x00007a47e283811f
521276776.0,554559,python,[JIT],0x000074472c0982b6
510563729.0,554572,python,[JIT],0x000071d3e604ee49
510349293.0,554498,python,libc.so.6,__memmove_avx_unaligned_erms
501365394.0,554572,python,python,_PyDict_Subscript
491006356.0,554498,python,[JIT],0x00007a47e283b2b2
490750592.0,554508,python,[JIT],0x000074d16321c2b6
487128480.0,554559,python,[JIT],0x000074472c09511f
483572501.0,554508,python,[JIT],0x000074d16321ce49
482800030.0,554498,python,[JIT],0x00007a47e283be49
482506305.0,554532,python,[JIT],0x00007f3be24b6e49
481466393.0,554520,python,[JIT],0x00007bae9855f2b6
480070773.0,554520,python,[JIT],0x00007bae9855fe49
475947699.0,554572,python,[JIT],0x000071d3e604e2b6
475368998.0,554532,python,[JIT],0x00007f3be24b311f
474776464.0,554559,python,python,_PyDict_Subscript
471830168.0,554572,python,libc.so.6,__memmove_avx_unaligned_erms
467449920.0,554508,python,libc.so.6,__memmove_avx_unaligned_erms
464803074.0,554532,python,[JIT],0x00007f3be24b62b2
462931448.0,554520,python,python,_PyDict_Subscript
460303073.0,554545,python,python,_PyDict_Subscript
452870745.0,554532,python,[JIT],0x00007f3be24b62b6
452140006.0,554508,python,python,_PyDict_Subscript
451779817.0,554532,python,libc.so.6,__memmove_avx_unaligned_erms
450406962.0,554559,python,[JIT],0x000074472c0982b2
442257132.0,554572,python,[JIT],0x000071d3e604b11f
441268399.0,554559,python,libc.so.6,__memmove_avx_unaligned_erms
440141560.0,554520,python,[JIT],0x00007bae9855f2b2
437899227.0,554572,python,[JIT],0x000071d3e604e2b2
436613833.0,554559,python,[JIT],0x000074472c098e49
424823349.0,554508,python,[JIT],0x000074d16321911f
423735790.0,554498,python,python,list_traverse
422756264.0,554508,python,[JIT],0x000074d16321c2b2
420644437.0,554498,python,python,_PyObject_Malloc
410336592.0,554545,python,python,visit_decref
406261427.0,554532,python,python,list_traverse
401981513.0,554572,python,python,visit_decref
397170319.0,554508,python,python,visit_decref
395278463.0,554520,python,libc.so.6,__memmove_avx_unaligned_erms
394664995.0,554532,python,python,visit_decref
393337317.0,554520,python,python,visit_decref
392012230.0,554532,python,python,_PyObject_Malloc
382025760.0,554572,python,python,list_traverse
378637928.0,554545,python,python,visit_reachable
377910231.0,554559,python,python,visit_reachable
377464531.0,554532,python,python,visit_reachable
375276608.0,554572,python,python,visit_reachable
372531877.0,554559,python,python,_PyObject_Malloc
371995874.0,554559,python,python,visit_decref
371670680.0,554508,python,python,_PyObject_Malloc
361877664.0,554508,python,python,list_traverse
360622653.0,554508,python,python,visit_reachable
357943296.0,554498,python,[JIT],0x00007a47e2838e56
357531441.0,554520,python,python,list_traverse
354650004.0,554520,python,python,visit_reachable
350431536.0,554572,python,[JIT],0x000071d3e604be56
348210573.0,554520,python,[JIT],0x00007bae9855ce56
340108174.0,554520,python,python,_PyObject_Malloc
338905482.0,554559,python,python,list_traverse
338381443.0,554508,python,[JIT],0x000074d163219e56
337586773.0,554559,python,[JIT],0x000074472c095e56
336419777.0,554532,python,[JIT],0x00007f3be24b3e56
330202230.0,554572,python,python,_PyObject_Malloc
326179590.0,554532,python,python,dictiter_iternextkey
316573018.0,554545,python,python,dictiter_iternextkey
314091234.0,554520,python,python,dictiter_iternextkey
310601110.0,554498,python,[JIT],0x00007a47e283011f
309673330.0,554498,python,python,list_sort_impl
309618911.0,554508,python,python,dictiter_iternextkey
301807554.0,554572,python,python,dictiter_iternextkey
294682135.0,554559,python,python,dictiter_iternextkey
289712001.0,554572,python,python,_Py_dict_lookup
287722412.0,554498,python,python,list_ass_slice_lock_held
286375060.0,554498,python,python,_PyEval_EvalFrameDefault
283897327.0,554559,python,python,_Py_dict_lookup
282887216.0,554559,python,python,list_ass_slice_lock_held
282820787.0,554508,python,python,list_ass_slice_lock_held
279423244.0,554520,python,python,_Py_dict_lookup
279012127.0,554520,python,python,list_sort_impl
276999509.0,554572,python,python,list_ass_slice_lock_held
274710950.0,554508,python,[JIT],0x000074d16321211f
271358821.0,554559,python,python,list_sort_impl
270616161.0,554532,python,python,_Py_dict_lookup
268498990.0,554520,python,python,_PyEval_EvalFrameDefault
265625035.0,554508,python,python,list_sort_impl
265031881.0,554532,python,python,list_ass_slice_lock_held
263608985.0,554508,python,python,_Py_dict_lookup
262427082.0,554532,python,python,list_sort_impl
262254776.0,554532,python,[JIT],0x00007f3be24ac11f
260217140.0,554545,python,python,_Py_dict_lookup
259278864.0,554572,python,[JIT],0x000071d3e604311f
258311807.0,554520,python,[JIT],0x00007bae9855411f
257542570.0,554508,python,python,_PyEval_EvalFrameDefault
255246917.0,554572,python,python,list_sort_impl
253682120.0,554532,python,python,_PyEval_EvalFrameDefault
248353998.0,554572,python,python,_PyEval_EvalFrameDefault
247080927.0,554559,python,[JIT],0x000074472c08e11f
239483031.0,554559,python,python,_PyEval_EvalFrameDefault
238193237.0,554498,python,python,_PyDict_SetItem_Take2
236201858.0,554498,python,python,_PyDict_Next
235899919.0,554520,python,python,list_ass_slice_lock_held
234821899.0,554508,python,python,_PyDict_SetItem_Take2
232461594.0,554572,python,python,_PyDict_SetItem_Take2
229900531.0,554532,python,python,dictiter_iternextitem
229696553.0,554559,python,python,dictiter_iternextitem
229449363.0,554520,python,python,_PyDict_SetItem_Take2
226330219.0,554532,python,python,_PyDict_SetItem_Take2
222718992.0,554508,python,python,_PyDict_Next
220401713.0,554498,python,python,_PyObject_Free
220278691.0,554559,python,python,_PyDict_Next
219731301.0,554572,python,python,_PyDict_Next
218870204.0,554498,python,python,_Py_Dealloc
218629552.0,554532,python,python,_PyDict_Next
216935610.0,554508,python,python,dictiter_iternextitem
216190497.0,554498,python,python,dictiter_iternextitem
215204912.0,554559,python,python,_PyDict_SetItem_Take2
214517826.0,554532,python,python,gc_collect_main
212693264.0,554520,python,python,_PyDict_Next
208832159.0,554508,python,python,gc_collect_main
208375689.0,554520,python,python,dictiter_iternextitem
207889591.0,554508,python,python,_PyObject_Free
206097275.0,554508,python,python,_Py_Dealloc
204019537.0,554498,python,python,dict_get
203077814.0,554559,python,python,gc_collect_main
202893310.0,554520,python,python,gc_collect_main
202023404.0,554532,python,python,unsafe_long_compare
199817496.0,554498,python,python,_PyTypeCache_Lookup
199684425.0,554572,python,python,gc_collect_main
196941920.0,554545,python,python,gc_collect_main
195002711.0,554508,python,python,dict_traverse
194964666.0,554559,python,python,_PyObject_Free
194787051.0,554498,python,[kernel.kallsyms],__irqentry_text_end
193986674.0,554559,python,python,_Py_Dealloc
193178647.0,554532,python,python,dict_get
192290483.0,554572,python,python,dictiter_iternextitem
192049533.0,554520,python,python,dict_traverse
191316218.0,554532,python,python,_Py_Dealloc
186476382.0,554520,python,python,_Py_Dealloc
184658254.0,554572,python,python,_Py_Dealloc
183860376.0,554532,python,python,_PyObject_Free
183004733.0,554572,python,python,dict_traverse
177255260.0,554498,python,python,unsafe_long_compare
176968306.0,554498,python,[JIT],0x00007a47e283bfd2
176258643.0,554532,python,python,dict_traverse
176170504.0,554572,python,python,_PyObject_Free
176032115.0,554545,python,python,dict_traverse
175570136.0,554520,python,python,_PyFrame_ClearExceptCode
171632862.0,554508,python,[JIT],0x000074d16321311f
171338035.0,554498,python,python,_list_extend
171025836.0,554559,python,[JIT],0x000074472c08fccd
170181397.0,554520,python,[JIT],0x00007bae98555ccd
169274435.0,554572,python,[JIT],0x000071d3e6044ccd
168335028.0,554572,python,python,unsafe_long_compare
167117195.0,554532,python,python,_PyTypeCache_Lookup
165209600.0,554559,python,python,dict_traverse
164704767.0,554520,python,[kernel.kallsyms],__irqentry_text_end
164452209.0,554520,python,python,_PyObject_Free
163660265.0,554498,python,python,_PyFrame_ClearExceptCode
162354765.0,554532,python,[JIT],0x00007f3be24ad11f
161925076.0,554559,python,python,dict_get
161091875.0,554498,python,[JIT],0x00007a47e2831ccd
160601410.0,554508,python,python,unsafe_long_compare
160469910.0,554559,python,python,unsafe_long_compare
158784988.0,554520,python,python,long_dealloc
157823745.0,554498,python,python,long_dealloc
157359384.0,554508,python,python,dict_get
157232156.0,554520,python,python,dict_get
156626608.0,554520,python,python,_list_extend
155735432.0,554508,python,[kernel.kallsyms],__irqentry_text_end
155322354.0,554532,python,[JIT],0x00007f3be24adccd
154948540.0,554532,python,[JIT],0x00007f3be24b6fd2
154624664.0,554572,python,python,_PyFrame_ClearExceptCode
153870736.0,554572,python,[kernel.kallsyms],__irqentry_text_end
153539136.0,554572,python,python,dict_get
153372536.0,554572,python,python,_PyTypeCache_Lookup
151820151.0,554520,python,python,_PyTypeCache_Lookup
151689019.0,554559,python,[kernel.kallsyms],__irqentry_text_end
151105624.0,554532,python,python,long_dealloc
150272791.0,554532,python,[kernel.kallsyms],__irqentry_text_end
149425106.0,554520,python,python,unsafe_long_compare
148962102.0,554532,python,python,_list_extend
147459695.0,554559,python,python,_list_extend
147246987.0,554520,python,[JIT],0x00007bae9855511f
145379903.0,554572,python,[JIT],0x000071d3e604efd2
145127482.0,554508,python,[JIT],0x000074d163213ccd
144814832.0,554559,python,python,long_dealloc
144548652.0,554559,python,[JIT],0x000074472c098fd2
144165371.0,554508,python,[JIT],0x000074d163219cc9
144027677.0,554508,python,python,long_dealloc
141120572.0,554498,python,libc.so.6,__memset_avx2_unaligned_erms
140486037.0,554559,python,[JIT],0x000074472c08f11f
138583492.0,554572,python,libc.so.6,__memcmp_avx2_movbe
138023922.0,554508,python,python,_PyFrame_ClearExceptCode
137420141.0,554498,python,[JIT],0x00007a47e283111f
136407635.0,554508,python,[JIT],0x000074d16321cfd2
135655966.0,554532,python,libc.so.6,__memcmp_avx2_movbe
135171877.0,554545,python,python,build_indices_unicode
133820582.0,554508,python,python,build_indices_unicode
133126441.0,554520,python,[JIT],0x00007bae9855ffd2
132820618.0,554532,python,python,build_indices_unicode
132257240.0,554520,python,python,build_indices_unicode
131941167.0,554559,python,python,_PyTypeCache_Lookup
131570531.0,554559,python,python,build_indices_unicode
131232283.0,554572,python,python,long_dealloc
130907766.0,554508,python,python,_PyTypeCache_Lookup
130892069.0,554572,python,python,build_indices_unicode
129712793.0,554532,python,[JIT],0x00007f3be24b3cc9
129686477.0,554572,python,[JIT],0x000071d3e604411f
129555817.0,554508,python,libc.so.6,__memcmp_avx2_movbe
128880122.0,554559,python,python,_PyFrame_ClearExceptCode
128638426.0,554498,python,[JIT],0x00007a47e2838cc9
128191826.0,554559,python,[JIT],0x000074472c095ccd
127576325.0,554572,python,[JIT],0x000071d3e604bcc9
127172835.0,554520,python,[JIT],0x00007bae9855ccc9
124897696.0,554559,python,libc.so.6,__memcmp_avx2_movbe
124166960.0,554508,python,python,_PyEval_FrameClearAndPop
123840127.0,554520,python,libc.so.6,__memcmp_avx2_movbe
123784255.0,554532,python,[JIT],0x00007f3be24b3ccd
123713576.0,554572,python,[JIT],0x000071d3e604bccd
123695915.0,554545,python,libc.so.6,__memcmp_avx2_movbe
122937864.0,554532,python,python,_PyFrame_ClearExceptCode
121714404.0,554532,python,python,PyUnicode_RichCompare
121638460.0,554532,python,python,PyBool_FromLong
121173487.0,554572,python,python,_PyEval_FrameClearAndPop
120811868.0,554545,python,python,PyUnicode_RichCompare
120785665.0,554559,python,python,PyBool_FromLong
120738262.0,554508,python,[JIT],0x000074d163219ccd
119265303.0,554572,python,python,_list_extend
118762046.0,554520,python,python,PyUnicode_RichCompare
118653572.0,554572,python,libc.so.6,__memset_avx2_unaligned_erms
118254106.0,554508,python,python,_list_extend
117814838.0,554545,python,[JIT],0x00007b13c67ebccd
117355088.0,554545,python,python,list_dealloc
117049434.0,554498,python,[JIT],0x00007a47e282e877
116300884.0,554559,python,python,list_dealloc
115465058.0,554508,python,python,list_dealloc
115439462.0,554498,python,[kernel.kallsyms],error_entry
114764310.0,554572,python,[JIT],0x000071d3e6041877
114507456.0,554498,python,[JIT],0x00007a47e2834ccd
114073530.0,554498,python,python,PyCMethod_New
113457018.0,554508,python,[JIT],0x000074d163210877
112931098.0,554559,python,[JIT],0x000074472c09511b
112115814.0,554572,python,python,list_dealloc
111892872.0,554520,python,[JIT],0x00007bae9855cccd
111196532.0,554559,python,python,PyUnicode_RichCompare
110767034.0,554508,python,python,PyBool_FromLong
110592969.0,554508,python,python,_PyCompactLong_Add
110090995.0,554520,python,python,list_dealloc
108780305.0,554498,python,python,PyBool_FromLong
108735643.0,554498,python,python,enum_next
107855967.0,554498,python,[JIT],0x00007a47e28389fc
107266102.0,554532,python,python,list_dealloc
106863167.0,554520,python,[JIT],0x00007bae98552877
105885442.0,554520,python,python,PyBool_FromLong
105873268.0,554559,python,[JIT],0x000074472c095cc9
105870742.0,554559,python,[JIT],0x000074472c08c877
105864337.0,554532,python,python,memcmp@plt
103911016.0,554572,python,python,PyObject_RichCompareBool
103800403.0,554559,python,python,_PyObject_Realloc
103714317.0,554559,python,libc.so.6,__memset_avx2_unaligned_erms
102865071.0,554532,python,python,_PyCompactLong_Add
101921930.0,554520,python,python,PyObject_RichCompareBool
101671825.0,554520,python,[JIT],0x00007bae9855c9fc
101626713.0,554559,python,python,PyObject_RichCompareBool
100937590.0,554532,python,python,PyObject_RichCompareBool
100891857.0,554532,python,[JIT],0x00007f3be24aa877
100796296.0,554532,python,libc.so.6,__memset_avx2_unaligned_erms
99967854.0,554545,python,python,PyObject_RichCompareBool
99766721.0,554572,python,[JIT],0x000071d3e604b9fc
97990018.0,554508,python,python,PyObject_RichCompareBool
97984792.0,554498,python,python,_PyObject_Realloc
97950049.0,554520,python,python,_PyCompactLong_Add
97896398.0,554508,python,[JIT],0x000074d163216ccd
97042894.0,554532,python,[JIT],0x00007f3be24b011f
96991230.0,554508,python,python,PyUnicode_RichCompare
96985731.0,554572,python,python,_PyObject_Realloc
96960844.0,554559,python,[JIT],0x000074472c09211f
96833713.0,554532,python,[JIT],0x00007f3be24b39fc
96583995.0,554545,python,python,listiter_next
95936998.0,554508,python,libc.so.6,__memset_avx2_unaligned_erms
95036714.0,554572,python,python,PyUnicode_RichCompare
95022698.0,554520,python,python,_PyObject_Realloc
95019960.0,554559,python,python,memcmp@plt
95014841.0,554508,python,python,_PyObject_Realloc
94890096.0,554545,python,python,insertdict
93926581.0,554532,python,python,enum_next
93920895.0,554520,python,libc.so.6,__memset_avx2_unaligned_erms
93029486.0,554559,python,python,_PyCompactLong_Add
92985602.0,554498,python,python,_PyCompactLong_Add
92043336.0,554520,python,python,enum_next
92030091.0,554520,python,python,memcmp@plt
92013053.0,554572,python,[JIT],0x000071d3e6047ccd
91983451.0,554520,python,[JIT],0x00007bae98558ccd
91969900.0,554572,python,[JIT],0x000071d3e604711f
91733634.0,554532,python,[JIT],0x00007f3be24b311b
91711899.0,554520,python,python,listiter_next
91420724.0,554498,python,python,PyObject_LengthHint
90902817.0,554572,python,python,_PyCompactLong_Add
90897575.0,554520,python,python,list_resize
90831536.0,554508,python,[JIT],0x000074d16321611f
90743346.0,554508,python,[JIT],0x000074d16321911b
90563107.0,554572,python,[kernel.kallsyms],error_entry
90023335.0,554532,python,python,_PyObject_Realloc
89886080.0,554508,python,[JIT],0x000074d1632199fc
89451697.0,554498,python,python,_PyObject_GenericGetAttrWithDict
89437590.0,554532,python,python,_PyEval_FrameClearAndPop
89055398.0,554572,python,python,PyBool_FromLong
89033014.0,554559,python,python,_PyCompactLong_Subtract
88741825.0,554520,python,python,_PyEval_FrameClearAndPop
88039396.0,554559,python,python,enum_next
87896276.0,554572,python,[JIT],0x000071d3e604b11b
87553013.0,554498,python,[JIT],0x00007a47e283411f
87104885.0,554520,python,[JIT],0x00007bae9855811f
86850152.0,554498,python,python,_PyEval_FrameClearAndPop
86583007.0,554508,python,[kernel.kallsyms],error_entry
86559076.0,554508,python,python,PyObject_LengthHint
85946670.0,554532,python,python,listiter_next
84934107.0,554498,python,python,list_resize
84787761.0,554498,python,[JIT],0x00007a47e283811b
84179658.0,554572,python,python,enum_next
83948882.0,554508,python,python,memcmp@plt
82750826.0,554520,python,python,_PyObject_GenericGetAttrWithDict
82703773.0,554572,python,python,_PyType_LookupStackRefAndVersion
80109261.0,554532,python,python,_PyCompactLong_Subtract
80081082.0,554532,python,[JIT],0x00007f3be24b0ccd
79978845.0,554498,python,python,memcmp@plt
79848282.0,554498,python,python,_PyCompactLong_Subtract
79036041.0,554559,python,python,list_resize
78077339.0,554498,python,python,PyDict_Contains
78043110.0,554520,python,[JIT],0x00007bae9855c11b
77180113.0,554532,python,python,PyDict_Contains
76844130.0,554559,python,python,listiter_next
76214435.0,554559,python,[JIT],0x000074472c0959fc
76008841.0,554559,python,[kernel.kallsyms],error_entry
75929818.0,554520,python,python,_PyCompactLong_Subtract
75905422.0,554508,python,python,listiter_next
75902454.0,554508,python,python,_PyObject_GetAttrStackRef
75728559.0,554520,python,python,PyObject_LengthHint
74925618.0,554520,python,[kernel.kallsyms],error_entry
74702171.0,554559,python,python,_PyObject_GenericGetAttrWithDict
74258701.0,554559,python,[JIT],0x000074472c092ccd
74243152.0,554508,python,python,list_resize
73905387.0,554559,python,python,dict_iter
73288819.0,554572,python,python,list_resize
73265396.0,554508,python,python,enum_next
72961087.0,554532,python,[kernel.kallsyms],error_entry
72883278.0,554498,python,[kernel.kallsyms],clear_page_erms
71987714.0,554559,python,python,find_empty_slot
71816552.0,554559,python,python,_PyType_LookupStackRefAndVersion
71316372.0,554520,python,[JIT],0x00007bae9855f11f
70967302.0,554559,python,python,PyObject_LengthHint
70165501.0,554532,python,python,find_empty_slot
69156517.0,554559,python,[JIT],0x000074472c09811f
69120726.0,554559,python,python,insertdict
68970081.0,554520,python,python,dictiter_iternextvalue
68562474.0,554498,python,python,dictiter_iternextvalue
68304032.0,554508,python,[JIT],0x000074d16321c11f
68217166.0,554520,python,python,find_empty_slot
68175471.0,554520,python,python,PyDict_Contains
67932776.0,554508,python,python,_PyType_LookupStackRefAndVersion
67922996.0,554572,python,python,PyObject_LengthHint
67207270.0,554532,python,python,list_resize
67152530.0,554572,python,python,listiter_next
66897998.0,554508,python,python,PyDict_Contains
66807723.0,554572,python,python,_PyObject_GenericGetAttrWithDict
66571629.0,554532,python,python,PyObject_LengthHint
66135073.0,554572,python,python,find_empty_slot
66093694.0,554508,python,python,_PyCompactLong_Subtract
65358320.0,554572,python,python,_PyCompactLong_Subtract
65318666.0,554572,python,python,memcmp@plt
65202730.0,554520,python,python,insertdict
64387948.0,554572,python,[JIT],0x000071d3e604e11f
64288987.0,554498,python,python,_PyLong_FromMedium
63922858.0,554559,python,python,_PyType_AllocNoTrack
63747464.0,554532,python,python,_PyObject_GenericGetAttrWithDict
63728280.0,554508,python,python,_PyEval_EvalFrameDefault
63665445.0,554559,python,python,dictiter_iternextvalue
63647291.0,554532,python,python,PyCMethod_New
63189478.0,554498,python,python,find_empty_slot
63076110.0,554508,python,python,_PyObject_GenericGetAttrWithDict
63072898.0,554498,python,python,method_get
62983198.0,554498,python,python,_PyObject_GetAttrStackRef
62939462.0,554572,python,python,dictiter_iternextvalue
62832090.0,554532,python,python,_PyType_LookupStackRefAndVersion
62363429.0,554545,python,[JIT],0x00007b13c67f311f
62310107.0,554508,python,python,find_empty_slot
62165567.0,554508,python,[kernel.kallsyms],clear_page_erms
62103657.0,554545,python,python,_PyEval_EvalFrameDefault
61999726.0,554498,python,python,_PyType_AllocNoTrack
61826996.0,554508,python,python,dictiter_iternextvalue
61140573.0,554520,python,[kernel.kallsyms],clear_page_erms
61127631.0,554498,python,python,_PyType_LookupStackRefAndVersion
61032308.0,554520,python,python,_PyType_LookupStackRefAndVersion
60338295.0,554520,python,python,_PyEval_EvalFrameDefault
60037674.0,554498,python,python,_PyObject_LookupSpecial
59379655.0,554532,python,[JIT],0x00007f3be24b611f
59331065.0,554532,python,python,insertdict
59139462.0,554559,python,python,_PyEval_FrameClearAndPop
58977701.0,554572,python,[kernel.kallsyms],sync_regs
58958042.0,554532,python,[kernel.kallsyms],clear_page_erms
58281478.0,554520,python,[JIT],0x00007bae9855fe45
58214504.0,554572,python,[kernel.kallsyms],clear_page_erms
58037836.0,554532,python,python,dictiter_iternextvalue
57940013.0,554532,python,python,_PyType_AllocNoTrack
57441890.0,554520,python,python,_PyLong_FromMedium
57386478.0,554572,python,[JIT],0x000071d3e604ee45
57301029.0,554498,python,[JIT],0x00007a47e283b11b
57268685.0,554559,python,[kernel.kallsyms],clear_page_erms
57232321.0,554559,python,[kernel.kallsyms],sync_regs
57216739.0,554508,python,python,_PyThreadState_PopFrame
57182332.0,554572,python,python,_PyEval_EvalFrameDefault
57107405.0,554520,python,python,PyCMethod_New
57104146.0,554498,python,[kernel.kallsyms],native_irq_return_iret
56404343.0,554572,python,python,PyDict_Contains
56331490.0,554559,python,python,merge_from_seq2_lock_held
56274535.0,554559,python,python,_PyEval_EvalFrameDefault
56167420.0,554572,python,python,dictkeys_decref.part.0.constprop.0
56159659.0,554532,python,python,dictkeys_decref.part.0.constprop.0
56154982.0,554520,python,python,_PyType_AllocNoTrack
56144305.0,554508,python,python,PyCMethod_New
56064494.0,554498,python,python,_Py_BuiltinCallFastWithKeywords_StackRef
55417844.0,554572,python,python,gallop_left
55159750.0,554559,python,python,PyCMethod_New
54479812.0,554520,python,libc.so.6,__memmove_avx_unaligned_erms
54163372.0,554520,python,python,dictkeys_decref.part.0.constprop.0
53951857.0,554532,python,[kernel.kallsyms],native_irq_return_iret
53727349.0,554532,python,python,_PyObject_GetAttrStackRef
53388913.0,554498,python,python,_PyJIT_Entry
53347200.0,554559,python,python,PyDict_Contains
53137986.0,554508,python,[JIT],0x000074d16321ce45
52792102.0,554532,python,python,_PyEval_EvalFrameDefault
52516836.0,554508,python,[JIT],0x000074d16321911f
52508737.0,554532,python,[JIT],0x00007f3be24b62b6
52388087.0,554559,python,[JIT],0x000074472c098e45
52215127.0,554572,python,python,PyCMethod_New
51880245.0,554559,python,libc.so.6,__memmove_avx_unaligned_erms
51487366.0,554508,python,libc.so.6,__memmove_avx_unaligned_erms
51468258.0,554532,python,[JIT],0x00007f3be24b6e49
51438221.0,554572,python,libc.so.6,__memmove_avx_unaligned_erms
51217265.0,554508,python,python,_PyObject_LookupSpecial
51217147.0,554520,python,python,_PyObject_LookupSpecial
51143972.0,554508,python,python,dictkeys_decref.part.0.constprop.0
50916934.0,554532,python,python,_Py_NewReference
50791785.0,554559,python,[kernel.kallsyms],native_irq_return_iret
50484224.0,554508,python,python,insertdict
50404410.0,554572,python,python,_Py_NewReference
50267853.0,554559,python,python,_PyThreadState_PopFrame
50257533.0,554559,python,[JIT],0x000074472c0982b2
49541538.0,554498,python,python,gallop_right
49528484.0,554508,python,python,merge_at
49528276.0,554559,python,python,gallop_left
49523976.0,554508,python,[JIT],0x000074d16321c2b2
49512988.0,554532,python,python,PyLong_FromSsize_t
49495484.0,554572,python,[JIT],0x000071d3e604b11f
49489555.0,554559,python,python,tuple_dealloc
49487370.0,554559,python,[JIT],0x000074472c09811b
49481296.0,554520,python,[JIT],0x00007bae9855f2b6
49461379.0,554520,python,python,merge_from_seq2_lock_held
49450564.0,554559,python,python,gen_iternext
49349345.0,554508,python,[JIT],0x000074d16321c11b
49325126.0,554520,python,python,list_traverse
49229400.0,554559,python,python,_Py_BuiltinCallFastWithKeywords_StackRef
49167622.0,554508,python,python,_Py_BuiltinCallFastWithKeywords_StackRef
48527390.0,554520,python,python,merge_at
48517119.0,554532,python,[JIT],0x00007f3be24b62b2
48505720.0,554498,python,[JIT],0x00007a47e283be45
48499790.0,554572,python,[JIT],0x000071d3e604e2b6
48485866.0,554508,python,[JIT],0x000074d16321c2b6
48479314.0,554508,python,python,gen_iternext
48461553.0,554520,python,python,gallop_right
48454247.0,554545,python,[JIT],0x00007b13c67eb11f
48440978.0,554572,python,python,insertdict
48365311.0,554559,python,python,_PyLong_FromMedium
48334714.0,554508,python,python,_PyType_AllocNoTrack
48242567.0,554559,python,python,dictkeys_decref.part.0.constprop.0
48191819.0,554498,python,python,PyObject_GC_UnTrack
48170821.0,554508,python,[kernel.kallsyms],native_irq_return_iret
48169769.0,554498,python,python,list_vectorcall
47532618.0,554520,python,[JIT],0x00007bae9855ce56
47421637.0,554508,python,python,_Py_NewReference
47293618.0,554520,python,python,_PyThreadState_PopFrame
47153227.0,554559,python,python,_PyObject_LookupSpecial
46899712.0,554545,python,python,dictkeys_decref.part.0.constprop.0
46483150.0,554559,python,python,_PyJIT_Entry
46302135.0,554498,python,[kernel.kallsyms],sync_regs
46265475.0,554498,python,python,PyType_GenericAlloc
46255346.0,554572,python,python,_PyObject_LookupSpecial
45834713.0,554559,python,[JIT],0x000074472c098e49
45625851.0,554532,python,python,merge_at
45611877.0,554572,python,python,gen_iternext
45585936.0,554508,python,python,gallop_left
45569013.0,554520,python,python,gallop_left
45568225.0,554559,python,python,_PyTuple_FromStackRefStealOnSuccess
45513188.0,554572,python,[JIT],0x000071d3e604e11b
45462856.0,554532,python,libc.so.6,__memmove_avx_unaligned_erms
45412096.0,554572,python,python,_PyObject_Malloc
45384175.0,554572,python,[kernel.kallsyms],native_irq_return_iret
45354639.0,554498,python,python,_PyObject_TryGetInstanceAttribute
45347652.0,554498,python,python,_PyThreadState_PopFrame
45139257.0,554572,python,python,_PyType_AllocNoTrack
44590863.0,554532,python,python,gallop_left
44586296.0,554498,python,python,PyObject_Size
44579824.0,554508,python,python,gallop_right
44573530.0,554572,python,python,PyLong_FromSsize_t
44540811.0,554572,python,python,_PyLong_FromMedium
44535295.0,554520,python,python,PyLong_FromSsize_t
44530176.0,554572,python,python,_PyJIT_Entry
44523703.0,554520,python,[JIT],0x00007bae9855f11b
44519542.0,554532,python,python,_PyLong_FromMedium
44510064.0,554532,python,[JIT],0x00007f3be24b311f
44474314.0,554532,python,python,_PyJIT_Entry
44437811.0,554559,python,python,PyLong_FromSsize_t
44435929.0,554559,python,python,list_traverse
44410261.0,554498,python,python,_Py_NewReference
44341246.0,554498,python,python,PyObject_GetIter
44274724.0,554498,python,python,_Py_CallBuiltinClass_StackRef
44156302.0,554532,python,python,_PyObject_LookupSpecial
43565451.0,554520,python,[JIT],0x00007bae9855fe49
43551768.0,554498,python,python,_PyTuple_FromStackRefStealOnSuccess
43543257.0,554498,python,python,merge_from_seq2_lock_held
43539807.0,554532,python,python,merge_from_seq2_lock_held
43445366.0,554559,python,[JIT],0x000074472c0982b6
43414410.0,554520,python,[kernel.kallsyms],native_irq_return_iret
43411976.0,554508,python,[kernel.kallsyms],sync_regs
43379611.0,554572,python,python,list_traverse
43324516.0,554508,python,python,_Py_CallBuiltinClass_StackRef
43302341.0,554532,python,python,_PyThreadState_PopFrame
42645719.0,554532,python,python,tuple_dealloc
42595659.0,554545,python,libc.so.6,__memmove_avx_unaligned_erms
42567624.0,554559,python,python,merge_at
42567287.0,554498,python,[JIT],0x00007a47e283bb78
42557809.0,554532,python,python,_PyTuple_FromStackRefStealOnSuccess
42538463.0,554559,python,[JIT],0x000074472c09511f
42490690.0,554508,python,python,_PyJIT_Entry
42370280.0,554508,python,python,list_traverse
41646391.0,554572,python,python,merge_from_seq2_lock_held
41620111.0,554572,python,python,merge_at
41608716.0,554520,python,python,tuple_dealloc
41605280.0,554498,python,python,gallop_left
41599340.0,554572,python,[JIT],0x000071d3e604e2b2
41598932.0,554532,python,python,long_add_method
41591374.0,554498,python,python,tuple_dealloc
41535879.0,554559,python,python,long_add_method
41531645.0,554532,python,[JIT],0x00007f3be24b6e45
41493862.0,554532,python,[JIT],0x00007f3be24b611b
41430126.0,554520,python,[kernel.kallsyms],sync_regs
41368959.0,554498,python,python,builtin_iter
41352637.0,554498,python,python,meth_dealloc
41347449.0,554572,python,python,PyObject_GetIter
41337053.0,554572,python,python,_PyThreadState_PopFrame
41292216.0,554532,python,python,list_traverse
40571503.0,554532,python,python,gallop_right
40402244.0,554520,python,python,PyObject_GC_UnTrack
40377248.0,554545,python,python,list_traverse
40349059.0,554572,python,python,dict_iter
39631748.0,554520,python,[JIT],0x00007bae9855f2b2
39599623.0,554508,python,python,merge_from_seq2_lock_held
39561454.0,554559,python,python,gallop_right
39497703.0,554559,python,python,_PyObject_TryGetInstanceAttribute
39496328.0,554520,python,python,_Py_NewReference
39453003.0,554508,python,[JIT],0x000074d16321f385
39377316.0,554520,python,python,dict_iter
39363387.0,554559,python,python,PyObject_GC_UnTrack
39219205.0,554559,python,python,PyObject_GC_Del
39011886.0,554532,python,python,list_vectorcall
38638105.0,554498,python,python,merge_at
38605396.0,554508,python,[JIT],0x000074d16321ce49
38600582.0,554572,python,python,_PyTuple_FromStackRefStealOnSuccess
38587030.0,554545,python,[JIT],0x00007b13c67f32b6
38560883.0,554520,python,python,_PyJIT_Entry
38537852.0,554498,python,python,long_add_method
38426594.0,554508,python,python,_PyObject_GC_New
38403927.0,554508,python,python,_PyObject_Malloc
38223774.0,554498,python,python,PyObject_GC_Del
37664357.0,554572,python,python,tuple_dealloc
37623266.0,554545,python,[JIT],0x00007b13c67f3e49
37610964.0,554498,python,python,gen_iternext
37608888.0,554572,python,python,gallop_right
37461010.0,554520,python,python,PyType_GenericAlloc
37444151.0,554559,python,python,_PyObject_GC_New
37436142.0,554559,python,python,_PyObject_Malloc
37421837.0,554572,python,python,_Py_CallBuiltinClass_StackRef
37416997.0,554572,python,python,_PyObject_TryGetInstanceAttribute
37404492.0,554520,python,python,_Py_CallBuiltinClass_StackRef
36683791.0,554508,python,python,_PyTuple_FromStackRefStealOnSuccess
36603075.0,554520,python,[JIT],0x00007bae9855c11f
36601265.0,554572,python,python,long_add_method
36505830.0,554508,python,python,_PyObject_TryGetInstanceAttribute
36501156.0,554498,python,[JIT],0x00007a47e2838e5a
36450949.0,554520,python,python,PyObject_GC_Del
36424398.0,554498,python,python,_PyObject_GC_New
36306984.0,554532,python,[JIT],0x00007f3be24bfe57
36297905.0,554572,python,python,_Py_BuiltinCallFastWithKeywords_StackRef
36256319.0,554532,python,python,dict_iter
35670296.0,554559,python,python,tuple_alloc
35667899.0,554520,python,python,_PyTuple_FromStackRefStealOnSuccess
35643086.0,554520,python,python,memcpy@plt
35612216.0,554559,python,python,list_ass_slice_lock_held
35607454.0,554520,python,python,tuple_alloc
35546355.0,554559,python,[JIT],0x000074472c0955a6
35429713.0,554559,python,python,builtin_iter
35422673.0,554559,python,python,PyObject_GetIter
35335197.0,554572,python,python,meth_dealloc
34622160.0,554520,python,[JIT],0x00007bae9855fb78
34518610.0,554532,python,[kernel.kallsyms],sync_regs
34471928.0,554520,python,python,_PyObject_GetAttrStackRef
34429145.0,554508,python,python,dict_iter
34375550.0,554532,python,python,meth_dealloc
34360895.0,554559,python,[JIT],0x000074472c095e56
34324236.0,554572,python,python,_PyObject_GetAttrStackRef
33833980.0,554498,python,python,PyObject_CallOneArg
33691393.0,554508,python,python,tuple_dealloc
33689100.0,554508,python,python,PyLong_FromSsize_t
33662888.0,554572,python,[JIT],0x000071d3e604be56
33639680.0,554520,python,python,gen_iternext
33575906.0,554532,python,[JIT],0x00007f3be24ac11b
33470544.0,554520,python,python,_PyObject_Malloc
33462974.0,554498,python,python,memset@plt
33453432.0,554508,python,[JIT],0x000074d16321f8bb
33451338.0,554532,python,python,PyObject_GC_UnTrack
33444933.0,554508,python,python,PyType_GenericAlloc
33400189.0,554532,python,python,_Py_CallBuiltinClass_StackRef
33386453.0,554532,python,python,_Py_BuiltinCallFastWithKeywords_StackRef
33368750.0,554559,python,python,_PyObject_GetAttrStackRef
32681402.0,554545,python,[JIT],0x00007b13c67f32b2
32669374.0,554572,python,[JIT],0x000071d3e604ee49
32657272.0,554508,python,python,list_ass_slice_lock_held
32656821.0,554572,python,python,list_ass_slice_lock_held
32656128.0,554520,python,[JIT],0x00007bae9855411f
32521552.0,554532,python,python,_PyObject_Malloc
32508335.0,554559,python,python,_Py_CallBuiltinClass_StackRef
32506965.0,554545,python,python,_PyObject_Malloc
32491063.0,554508,python,python,PyObject_GC_UnTrack
32480262.0,554508,python,python,long_richcompare
32476420.0,554498,python,python,dict_iter
32261414.0,554559,python,python,long_richcompare
32073917.0,554572,python,python,_PyObject_GC_New
31722836.0,554498,python,python,PyLong_FromSsize_t
31716492.0,554508,python,python,_PyLong_FromMedium
31694671.0,554572,python,python,PyObject_CallOneArg
31669361.0,554508,python,python,PyNumber_Add
31662438.0,554498,python,[JIT],0x00007a47e2831e56
31654099.0,554532,python,python,gen_iternext
31589591.0,554559,python,python,meth_dealloc
31538459.0,554520,python,python,list_vectorcall
31508026.0,554520,python,python,PyObject_GetIter
31435450.0,554572,python,python,PyType_GenericAlloc
31361819.0,554532,python,python,long_richcompare
30703478.0,554532,python,python,PyNumber_Add
30702645.0,554520,python,python,long_add_method
30698973.0,554498,python,python,PyNumber_Add
30682102.0,554508,python,[JIT],0x000074d16321cb78
30679215.0,554572,python,python,PyObject_Size
30644374.0,554572,python,[JIT],0x000071d3e604311b
30624946.0,554498,python,python,allocate_from_new_pool
30600298.0,554520,python,python,_PyObject_GC_New
30586541.0,554572,python,python,PyObject_GC_UnTrack
30577356.0,554508,python,[JIT],0x000074d163216e56
30541857.0,554508,python,python,list_vectorcall
30490234.0,554532,python,python,PyObject_GC_Del
30454584.0,554572,python,python,allocate_from_new_pool
29751340.0,554508,python,python,setitem_take2_lock_held
29738846.0,554508,python,python,long_add_method
29733161.0,554545,python,python,list_ass_slice_lock_held
29675796.0,554508,python,[JIT],0x000074d16321211f
29663543.0,554532,python,[JIT],0x00007f3be24b35a6
29626414.0,554572,python,[JIT],0x000071d3e6041a00
29564543.0,554559,python,[JIT],0x000074472c09be33
29559783.0,554559,python,[kernel.kallsyms],__irqentry_text_end
29554035.0,554520,python,python,_PyObject_TryGetInstanceAttribute
29536942.0,554559,python,python,PyType_GenericAlloc
29529368.0,554532,python,python,_PyObject_TryGetInstanceAttribute
29523123.0,554520,python,python,PyObject_CallOneArg
29518710.0,554520,python,[kernel.kallsyms],mas_walk
29383846.0,554532,python,python,builtin_iter
29356175.0,554532,python,python,_PyObject_GC_New
28749038.0,554545,python,python,list_sort_impl
28743321.0,554520,python,python,list_ass_slice_lock_held
28731913.0,554532,python,[JIT],0x00007f3be24ade56
28721875.0,554508,python,[JIT],0x000074d163219e56
28703461.0,554545,python,[JIT],0x00007b13c67ebe56
28680377.0,554559,python,[JIT],0x000074472c098b78
28659576.0,554520,python,python,PyIter_Next
28596673.0,554498,python,python,cfunction_vectorcall_NOARGS
28535285.0,554559,python,[kernel.kallsyms],mas_walk
28485498.0,554508,python,python,PyObject_GetIter
28482445.0,554520,python,python,_Py_BuiltinCallFastWithKeywords_StackRef
28441325.0,554559,python,python,_Py_NewReference
28434658.0,554532,python,python,PyType_GenericAlloc
28380223.0,554532,python,python,PyObject_GetIter
28112965.0,554559,python,python,list_sort_impl
27772548.0,554520,python,python,list_sort_impl
27706566.0,554532,python,[JIT],0x00007f3be24b3e56
27690073.0,554520,python,python,PyNumber_Add
27684339.0,554508,python,[kernel.kallsyms],mas_walk
27669514.0,554559,python,python,_PyDict_SetItem_Take2
27644231.0,554498,python,python,tuple_alloc
27583234.0,554508,python,python,builtin_iter
27577047.0,554508,python,[JIT],0x000074d1632195a6
27358334.0,554572,python,python,_PyStaticType_GetState
26789597.0,554572,python,python,list_sort_impl
26737055.0,554572,python,[JIT],0x000071d3e604eb78
26725603.0,554508,python,python,list_sort_impl
26719905.0,554508,python,python,tuple_alloc
26713264.0,554559,python,python,PyNumber_Add
26704697.0,554508,python,[JIT],0x000074d1632199f8
26682221.0,554572,python,[JIT],0x000071d3e6044e56
26666580.0,554572,python,[kernel.kallsyms],perf_adjust_freq_unthr_context
26620212.0,554498,python,python,PyIter_Next
26606923.0,554559,python,python,dictiter_dealloc
26602769.0,554498,python,[JIT],0x00007a47e28385a6
26581794.0,554572,python,[JIT],0x000071d3e6051e57
26578443.0,554559,python,python,list_vectorcall
26546572.0,554572,python,[kernel.kallsyms],zap_pte_range
26444703.0,554498,python,python,long_richcompare
25755291.0,554545,python,[JIT],0x00007b13c67e311f
25752254.0,554532,python,python,PyObject_CallOneArg
25735435.0,554572,python,[JIT],0x000071d3e604be5a
25730869.0,554508,python,python,PyObject_CallOneArg
25719438.0,554572,python,python,PyNumber_Add
25655077.0,554520,python,[kernel.kallsyms],__handle_mm_fault
25645615.0,554508,python,python,meth_dealloc
25616991.0,554508,python,python,dictiter_dealloc
25613480.0,554572,python,python,dictiter_dealloc
25611583.0,554572,python,python,PyObject_GC_Del
25610096.0,554520,python,[kernel.kallsyms],zap_pte_range
25605965.0,554559,python,python,allocate_from_new_pool
25575262.0,554572,python,python,dictiter_iternextitem
25547728.0,554572,python,python,long_richcompare
25498571.0,554559,python,python,PyMem_Malloc
25446290.0,554532,python,python,cfunction_vectorcall_NOARGS
25429307.0,554559,python,python,_Py_Dealloc
25427700.0,554532,python,python,dictiter_iternextitem
24759685.0,554532,python,[JIT],0x00007f3be24aaa00
24732928.0,554572,python,[JIT],0x000071d3e6044ccd
24670190.0,554508,python,[JIT],0x000074d163213e56
24670082.0,554532,python,[JIT],0x00007f3be24b0e56
24668881.0,554520,python,[JIT],0x00007bae9855ce5a
24639623.0,554520,python,python,builtin_iter
24638810.0,554498,python,[kernel.kallsyms],mas_walk
24622741.0,554572,python,python,method_get
24610751.0,554572,python,python,builtin_iter
24529640.0,554532,python,[kernel.kallsyms],get_mem_cgroup_from_mm
23787020.0,554559,python,[JIT],0x000074472c092e56
23779155.0,554520,python,[JIT],0x00007bae9855c5a6
23764518.0,554559,python,[kernel.kallsyms],perf_adjust_freq_unthr_context
23759810.0,554520,python,python,PyObject_Size
23758658.0,554572,python,[JIT],0x000071d3e6044cc9
23749366.0,554508,python,[JIT],0x000074d16321a8be
23708335.0,554508,python,[JIT],0x000074d163219e5a
23696193.0,554520,python,[JIT],0x00007bae985628bb
23671474.0,554532,python,python,PyIter_Next
23649938.0,554532,python,[kernel.kallsyms],__handle_mm_fault
23599970.0,554520,python,python,meth_dealloc
23590958.0,554532,python,[kernel.kallsyms],__irqentry_text_end
23578900.0,554508,python,python,_PyObject_GC_Link
23568073.0,554532,python,[kernel.kallsyms],zap_pte_range
23542399.0,554559,python,python,dictiter_iternextitem
22782163.0,554532,python,python,_PyDict_Next
22776761.0,554498,python,[JIT],0x00007a47e28380dc
22774803.0,554532,python,python,list_ass_slice_lock_held
22751484.0,554559,python,python,setitem_take2_lock_held
22751319.0,554559,python,[JIT],0x000074472c08e11b
22750952.0,554572,python,[JIT],0x000071d3e604c8be
22729918.0,554520,python,[JIT],0x00007bae985559fc
22727225.0,554498,python,[JIT],0x00007a47e283bfd6
22725714.0,554532,python,[JIT],0x00007f3be24adcc9
22724561.0,554572,python,python,tuple_alloc
22719891.0,554532,python,[JIT],0x00007f3be24b3e5a
22718152.0,554559,python,[JIT],0x000074472c0968be
22691882.0,554508,python,[kernel.kallsyms],__handle_mm_fault
22684263.0,554508,python,[JIT],0x000074d16321a8e7
22680947.0,554545,python,python,dictiter_iternextitem
22678581.0,554532,python,[JIT],0x00007f3be24b6b78
22675630.0,554520,python,python,_PyObject_GC_Link
22667435.0,554572,python,[kernel.kallsyms],get_mem_cgroup_from_mm
22661218.0,554559,python,python,_PyObject_Free
22659311.0,554498,python,python,PyLong_AsSsize_t
22645284.0,554559,python,python,_PyObject_GC_Link
22637442.0,554508,python,[JIT],0x000074d16321fe61
22636894.0,554498,python,[JIT],0x00007a47e28398e7
22628085.0,554498,python,python,dictiter_dealloc
22627776.0,554508,python,python,cfunction_vectorcall_NOARGS
22627167.0,554545,python,[kernel.kallsyms],__irqentry_text_end
22626569.0,554572,python,python,min_max
22556970.0,554508,python,python,min_max
22428044.0,554559,python,[kernel.kallsyms],zap_pte_range
22408544.0,554498,python,[kernel.kallsyms],zap_pte_range
21792091.0,554532,python,python,setitem_take2_lock_held
21788964.0,554559,python,python,PySequence_Fast
21788539.0,554532,python,python,PySequence_Fast
21786222.0,554572,python,python,_PyDict_SetItem_Take2
21773174.0,554498,python,[JIT],0x00007a47e2834e56
21769849.0,554559,python,[JIT],0x000074472c08e11f
21765704.0,554545,python,python,_PyDict_Next
21745324.0,554508,python,python,_PyDict_SetItem_Take2
21734842.0,554498,python,[JIT],0x00007a47e282ea00
21733547.0,554520,python,[JIT],0x00007bae98555e56
21733321.0,554508,python,python,method_get
21721277.0,554520,python,python,long_dealloc
21717443.0,554498,python,[kernel.kallsyms],__count_memcg_events
21712460.0,554508,python,python,dictiter_iternextitem
21706870.0,554508,python,python,PyObject_GC_Del
21702975.0,554572,python,[kernel.kallsyms],__irqentry_text_end
21690022.0,554498,python,[kernel.kallsyms],get_mem_cgroup_from_mm
21685763.0,554508,python,[JIT],0x000074d16321211b
21674389.0,554572,python,python,_list_extend
21662036.0,554520,python,[kernel.kallsyms],__rcu_read_unlock
21657905.0,554559,python,python,PyIter_Next
21653153.0,554520,python,python,long_richcompare
21648082.0,554508,python,python,_PyTypeCache_Lookup
21634219.0,554520,python,python,min_max
21627154.0,554520,python,[JIT],0x00007bae9855c9f8
21617289.0,554520,python,[kernel.kallsyms],__irqentry_text_end
21561920.0,554559,python,python,cfunction_vectorcall_NOARGS
21550286.0,554532,python,[JIT],0x00007f3be24bfe33
21538871.0,554532,python,python,min_max
21500793.0,554532,python,python,_PyStaticType_GetState
21446811.0,554532,python,python,dictiter_dealloc
20811684.0,554572,python,python,setitem_take2_lock_held
20810077.0,554559,python,python,_PyTypeCache_Lookup
20807893.0,554498,python,python,memcpy@plt
20802161.0,554532,python,python,unsafe_long_compare
20801226.0,554508,python,python,dict_get
20795290.0,554498,python,[JIT],0x00007a47e283011b
20795063.0,554508,python,python,PyObject_Size
20786261.0,554520,python,[JIT],0x00007bae9855d8be
20776661.0,554520,python,[JIT],0x00007bae9855ffd6
20772734.0,554508,python,python,_PyDict_Next
20768978.0,554572,python,[JIT],0x000071d3e604b9f8
20768971.0,554572,python,[JIT],0x000071d3e604b0dc
20762198.0,554498,python,[JIT],0x00007a47e28392a9
20757519.0,554498,python,[JIT],0x00007a47e2838711
20746450.0,554559,python,python,PyObject_CallOneArg
20742405.0,554572,python,[JIT],0x000071d3e6047e56
20739943.0,554559,python,[kernel.kallsyms],__handle_mm_fault
20709574.0,554572,python,python,PyIter_Next
20704921.0,554532,python,python,_PyTypeCache_Lookup
20702628.0,554498,python,[kernel.kallsyms],__rcu_read_unlock
20700754.0,554559,python,python,_list_extend
20696690.0,554508,python,[JIT],0x000074d1632139fc
20686958.0,554520,python,python,method_get
20680760.0,554532,python,[kernel.kallsyms],mas_walk
20680660.0,554532,python,[kernel.kallsyms],perf_adjust_freq_unthr_context
20671357.0,554498,python,[JIT],0x00007a47e2843e57
20670082.0,554520,python,python,cfunction_vectorcall_NOARGS
20665759.0,554520,python,python,_PyObject_Free
20658228.0,554498,python,python,_Py_CheckFunctionResult
20607045.0,554532,python,python,method_get
20527542.0,554520,python,python,dictiter_iternextitem
20214807.0,554559,python,python,method_get
19837253.0,554498,python,python,setitem_take2_lock_held
19833157.0,554520,python,python,_PyDict_Next
19827164.0,554572,python,python,_PyDict_Next
19816068.0,554559,python,[JIT],0x000074472c08f11f
19811860.0,554572,python,[JIT],0x000071d3e604bcc9
19809282.0,554559,python,[JIT],0x000074472c0950dc
19805629.0,554545,python,python,dict_get
19803038.0,554572,python,[JIT],0x000071d3e604b5a6
19800864.0,554532,python,[JIT],0x00007f3be24be0a9
19796103.0,554520,python,[JIT],0x00007bae9855411b
19790026.0,554532,python,python,memmove@plt
19789253.0,554532,python,python,list_sort_impl
19787904.0,554559,python,[JIT],0x000074472c095e5a
19787246.0,554572,python,python,dict_get
19786759.0,554532,python,python,_PyDict_SetItem_Take2
19782441.0,554508,python,python,PyIter_Next
19759212.0,554572,python,[JIT],0x000071d3e604efd6
19759205.0,554532,python,[JIT],0x00007f3be24b3681
19745191.0,554498,python,python,PyLong_FromSize_t
19739587.0,554520,python,python,_PyTypeCache_Lookup
19736334.0,554545,python,python,_PyDict_SetItem_Take2
19735860.0,554508,python,python,allocate_from_new_pool
19706800.0,554498,python,python,_PyStaticType_GetState
19703992.0,554508,python,[kernel.kallsyms],get_mem_cgroup_from_mm
19692030.0,554545,python,python,_PyObject_Free
19686626.0,554508,python,python,_Py_Dealloc
19680224.0,554498,python,[kernel.kallsyms],release_pages
19660268.0,554498,python,[JIT],0x00007a47e2843385
19657365.0,554532,python,python,allocate_from_new_pool
19651727.0,554559,python,python,PyLong_FromSize_t
19576199.0,554572,python,python,PyMem_Malloc
19551743.0,554532,python,[JIT],0x00007f3be24bfe61
19432016.0,554532,python,python,_Py_CheckFunctionResult
18850766.0,554532,python,python,dict_get
18843733.0,554559,python,python,_PyDict_Next
18828505.0,554498,python,[JIT],0x00007a47e28319fc
18824731.0,554532,python,python,tuple_alloc
18824306.0,554532,python,python,PyObject_Size
18816962.0,554559,python,python,dict_get
18816899.0,554532,python,[JIT],0x00007f3be24b48be
18813888.0,554508,python,[JIT],0x000074d16321cfd2
18811296.0,554520,python,[JIT],0x00007bae98558e56
18810848.0,554508,python,[JIT],0x000074d16321cfd6
18809656.0,554532,python,[JIT],0x00007f3be24ad11f
18798200.0,554532,python,[JIT],0x00007f3be24b4b47
18789497.0,554520,python,python,_PyDict_SetItem_Take2
18779325.0,554532,python,[JIT],0x00007f3be24b011b
18771002.0,554508,python,python,_PyObject_Free
18765154.0,554508,python,[kernel.kallsyms],do_anonymous_page
18755284.0,554520,python,[JIT],0x00007bae98562e57
18749911.0,554559,python,[kernel.kallsyms],get_mem_cgroup_from_mm
18748735.0,554559,python,[JIT],0x000074472c08fcc9
18747404.0,554572,python,python,list_vectorcall
18745983.0,554572,python,python,_PyObject_Free
18735111.0,554559,python,[JIT],0x000074472c09be61
18729240.0,554572,python,[kernel.kallsyms],__alloc_pages
18726099.0,554520,python,python,PyLong_FromSize_t
18724537.0,554498,python,[kernel.kallsyms],__alloc_pages
18723681.0,554498,python,[JIT],0x00007a47e2838c53
18706556.0,554520,python,[JIT],0x00007bae98562e61
18621313.0,554572,python,python,cfunction_vectorcall_NOARGS
18598897.0,554532,python,python,_PyObject_GC_Link
17835076.0,554532,python,[JIT],0x00007f3be24b48e7
17829987.0,554559,python,[JIT],0x000074472c08f9fc
17826305.0,554559,python,[JIT],0x000074472c098fd6
17826054.0,554508,python,[JIT],0x000074d163213cc9
17824178.0,554498,python,[JIT],0x00007a47e2838681
17815324.0,554520,python,[kernel.kallsyms],perf_adjust_freq_unthr_context
17810989.0,554532,python,[JIT],0x00007f3be24ac11f
17810448.0,554559,python,[JIT],0x000074472c098722
17808908.0,554572,python,[JIT],0x000071d3e604b598
17802941.0,554559,python,[JIT],0x000074472c08fccd
17798125.0,554559,python,[JIT],0x000074472c0a20a9
17797878.0,554572,python,[JIT],0x000071d3e604711b
17797369.0,554532,python,[JIT],0x00007f3be24ad9fc
17762591.0,554498,python,[kernel.kallsyms],__handle_mm_fault
17754924.0,554532,python,python,_Py_Dealloc
17753298.0,554572,python,python,_PyTypeCache_Lookup
17747172.0,554520,python,[kernel.kallsyms],get_mem_cgroup_from_mm
17746079.0,554508,python,python,memmove@plt
17742307.0,554572,python,[kernel.kallsyms],__handle_mm_fault
17741690.0,554520,python,[JIT],0x00007bae98562e33
17735836.0,554508,python,[JIT],0x000074d163210a00
17728901.0,554508,python,[kernel.kallsyms],__mod_memcg_lruvec_state
17728734.0,554572,python,python,PyLong_FromSize_t
17724367.0,554572,python,[kernel.kallsyms],error_entry
17717089.0,554508,python,[JIT],0x000074d16321ab47
17715052.0,554572,python,python,_PyObject_GC_Link
17711521.0,554508,python,[JIT],0x000074d163219711
17707193.0,554508,python,[JIT],0x000074d1632190dc
17695197.0,554498,python,python,_PyObject_GC_Link
17692685.0,554498,python,[kernel.kallsyms],__mod_node_page_state
17423710.0,554572,python,python,long_dealloc
16850142.0,554532,python,[JIT],0x00007f3be24b6fd6
16848900.0,554532,python,[JIT],0x00007f3be24adccd
16836571.0,554498,python,[JIT],0x00007a47e283cedc
16835300.0,554572,python,[JIT],0x000071d3e604cb47
16830736.0,554559,python,[JIT],0x000074472c095711
16825558.0,554572,python,python,PySequence_Fast
16824959.0,554520,python,python,PySequence_Fast
16811454.0,554559,python,[JIT],0x000074472c08fe56
16810258.0,554508,python,[JIT],0x000074d163213ccd
16807652.0,554508,python,python,long_dealloc
16796968.0,554532,python,[JIT],0x00007f3be24b3711
16791514.0,554520,python,[JIT],0x00007bae985651cf
16785903.0,554498,python,[JIT],0x00007a47e2838598
16785744.0,554498,python,[JIT],0x00007a47e2839b47
16776261.0,554520,python,[kernel.kallsyms],__lruvec_stat_mod_folio
16772025.0,554559,python,python,PyLong_AsSsize_t
16768454.0,554520,python,python,_PyStaticType_GetState
16767517.0,554498,python,[kernel.kallsyms],do_anonymous_page
16763676.0,554520,python,python,cfunction_vectorcall_FASTCALL
16762883.0,554559,python,python,PyObject_Size
16761021.0,554508,python,[kernel.kallsyms],__mod_node_page_state
16754067.0,554520,python,python,_list_extend
16753156.0,554508,python,[JIT],0x000074d16321f8b7
16749689.0,554559,python,python,_PyStaticType_GetState
16747618.0,554559,python,[kernel.kallsyms],__lruvec_stat_mod_folio
16745757.0,554532,python,python,_PyFrame_ClearExceptCode
16743787.0,554520,python,python,allocate_from_new_pool
16740517.0,554498,python,[JIT],0x00007a47e28398be
16738154.0,554532,python,python,PyLong_AsSsize_t
16722670.0,554508,python,[kernel.kallsyms],zap_pte_range
16721338.0,554545,python,[kernel.kallsyms],error_entry
16601582.0,554498,python,python,min_max
15875933.0,554572,python,python,unsafe_long_compare
15864812.0,554572,python,[JIT],0x000071d3e60449fc
15860152.0,554520,python,[JIT],0x00007bae98555ccd
15859286.0,554520,python,[JIT],0x00007bae9855811b
15859131.0,554545,python,[JIT],0x00007b13c67e4ccd
15855845.0,554520,python,[JIT],0x00007bae98552a00
15850624.0,554520,python,[JIT],0x00007bae9855d8e7
15841542.0,554532,python,python,memcpy@plt
15830267.0,554559,python,python,_PyCompactLong_Add
15823972.0,554545,python,python,_Py_Dealloc
15814217.0,554520,python,[JIT],0x00007bae9855b0a9
15812253.0,554520,python,[kernel.kallsyms],lru_gen_add_folio
15809434.0,554508,python,python,cfunction_vectorcall_FASTCALL
15808526.0,554572,python,[JIT],0x000071d3e604a0a9
15808524.0,554520,python,python,dictiter_dealloc
15806109.0,554545,python,[JIT],0x00007b13c67f3fd2
15792581.0,554508,python,[JIT],0x000074d16321611b
15788509.0,554532,python,python,long_dealloc
15777259.0,554572,python,[kernel.kallsyms],__rcu_read_unlock
15772217.0,554572,python,[kernel.kallsyms],mas_walk
15771358.0,554520,python,python,memmove@plt
15763114.0,554508,python,[JIT],0x000074d16321f36a
15760846.0,554532,python,[kernel.kallsyms],__mod_memcg_lruvec_state
15755381.0,554508,python,[kernel.kallsyms],__alloc_pages
15750253.0,554520,python,python,PyLong_AsSsize_t
15735609.0,554572,python,python,_Py_Dealloc
15732264.0,554498,python,[kernel.kallsyms],__lruvec_stat_mod_folio
15729372.0,554572,python,[JIT],0x000071d3e604e722
15723434.0,554532,python,python,_list_extend
15710845.0,554508,python,[kernel.kallsyms],error_entry
15702007.0,554532,python,[kernel.kallsyms],lru_gen_add_folio
15666841.0,554508,python,[JIT],0x000074d16321ab29
15641028.0,554532,python,[JIT],0x00007f3be24b39f8
15501091.0,554559,python,[kernel.kallsyms],__count_memcg_events
14875585.0,554559,python,[JIT],0x000074472c096b29
14874307.0,554532,python,python,_PyObject_Realloc
14874239.0,554508,python,[JIT],0x000074d163219cc9
14870230.0,554508,python,python,unsafe_long_compare
14867982.0,554498,python,python,PySequence_Fast
14867086.0,554532,python,[JIT],0x00007f3be24b30dc
14863309.0,554520,python,[JIT],0x00007bae9855511f
14856721.0,554532,python,[JIT],0x00007f3be24b3c53
14852096.0,554498,python,[JIT],0x00007a47e28370a9
14848918.0,554532,python,[JIT],0x00007f3be24b4b29
14845193.0,554532,python,[JIT],0x00007f3be24b3127
14844818.0,554572,python,[JIT],0x000071d3e604bc53
14842220.0,554559,python,python,long_dealloc
14839911.0,554559,python,[JIT],0x000074472c0a200a
14838732.0,554559,python,[kernel.kallsyms],percpu_counter_add_batch
14838192.0,554572,python,[JIT],0x000071d3e604311f
14837519.0,554520,python,[kernel.kallsyms],handle_mm_fault
14831492.0,554520,python,python,PyBool_FromLong
14827570.0,554508,python,[JIT],0x000074d163212830
14824992.0,554508,python,[kernel.kallsyms],__count_memcg_events
14819828.0,554559,python,[JIT],0x000074472c09211b
14810320.0,554559,python,[JIT],0x000074472c09be57
14808027.0,554520,python,[kernel.kallsyms],__count_memcg_events
14801105.0,554498,python,[kernel.kallsyms],handle_mm_fault
14799855.0,554520,python,[JIT],0x00007bae9855c681
14793160.0,554498,python,[JIT],0x00007a47e2843e61
14788669.0,554498,python,[kernel.kallsyms],lru_gen_add_folio
14788520.0,554559,python,[JIT],0x000074472c09b8bb
14784098.0,554545,python,python,long_dealloc
14783947.0,554508,python,python,PyLong_AsSsize_t
14781942.0,554572,python,[JIT],0x000071d3e60518bb
14779289.0,554572,python,libc.so.6,__memset_avx2_unaligned_erms
14775022.0,554532,python,[kernel.kallsyms],__count_memcg_events
14772761.0,554520,python,[JIT],0x00007bae98562e25
14771196.0,554572,python,python,PyLong_AsSsize_t
14766735.0,554532,python,[kernel.kallsyms],error_entry
14763912.0,554498,python,[JIT],0x00007a47e2831cc9
14760321.0,554559,python,[kernel.kallsyms],release_pages
14759865.0,554572,python,[JIT],0x000071d3e6051e61
14752442.0,554520,python,libc.so.6,__memset_avx2_unaligned_erms
14746279.0,554559,python,python,_Py_CheckFunctionResult
14733874.0,554498,python,[kernel.kallsyms],__mod_memcg_lruvec_state
14729769.0,554508,python,[kernel.kallsyms],__irqentry_text_end
14713254.0,554508,python,[JIT],0x000074d163219127
14710777.0,554532,python,[kernel.kallsyms],do_anonymous_page
14704310.0,554508,python,[kernel.kallsyms],perf_adjust_freq_unthr_context
14681805.0,554498,python,[JIT],0x00007a47e28389f8
14602238.0,554559,python,python,unsafe_long_compare
13881874.0,554559,python,[JIT],0x000074472c095127
13881169.0,554520,python,[JIT],0x00007bae98552877
13880524.0,554508,python,python,PySequence_Fast
13880368.0,554520,python,[JIT],0x00007bae9855c0dc
13875819.0,554559,python,[JIT],0x000074472c095e08
13873000.0,554520,python,[JIT],0x00007bae98555cc9
13870747.0,554498,python,[JIT],0x00007a47e2838334
13869496.0,554545,python,python,unsafe_long_compare
13867089.0,554545,python,[JIT],0x00007b13c67e7ccd
13866918.0,554572,python,python,memcpy@plt
13865220.0,554508,python,[JIT],0x000074d16322600a
13846831.0,554532,python,[JIT],0x00007f3be24b6fd2
13828997.0,554520,python,[kernel.kallsyms],_raw_spin_lock
13826329.0,554545,python,python,_list_extend
13825703.0,554559,python,[JIT],0x000074472c09be25
13816280.0,554572,python,[kernel.kallsyms],__lruvec_stat_mod_folio
13810548.0,554508,python,python,_list_extend
13808608.0,554532,python,[kernel.kallsyms],__rcu_read_unlock
13807787.0,554508,python,python,_PyStaticType_GetState
13803185.0,554520,python,[kernel.kallsyms],__alloc_pages
13799052.0,554498,python,[JIT],0x00007a47e2843e33
13797272.0,554559,python,[kernel.kallsyms],handle_mm_fault
13791163.0,554572,python,[kernel.kallsyms],__mod_zone_page_state
13786086.0,554520,python,[kernel.kallsyms],__mod_node_page_state
13780199.0,554498,python,python,PyMem_Malloc
13761320.0,554532,python,python,_PyObject_Free
13759632.0,554498,python,[JIT],0x00007a47e28441c2
13717975.0,554508,python,[kernel.kallsyms],__rcu_read_unlock
13708375.0,554572,python,python,PyErr_Occurred
13669877.0,554559,python,python,min_max
12909567.0,554498,python,[kernel.kallsyms],native_write_msr
12900348.0,554572,python,[kernel.kallsyms],rb_next
12892777.0,554572,python,python,cfunction_vectorcall_FASTCALL
12886748.0,554545,python,python,PyBool_FromLong
12881750.0,554559,python,[JIT],0x000074472c0959f8
12879276.0,554545,python,[JIT],0x00007b13c67e411f
12877124.0,554572,python,python,_PyCompactLong_Add
12872816.0,554498,python,[JIT],0x00007a47e2838cd5
12872574.0,554559,python,[JIT],0x000074472c08c877
12872484.0,554559,python,python,memmove@plt
12870170.0,554508,python,[kernel.kallsyms],lru_add_fn
12869483.0,554508,python,[JIT],0x000074d16321c722
12869344.0,554498,python,[kernel.kallsyms],perf_adjust_freq_unthr_context
12868194.0,554572,python,[JIT],0x000071d3e604b127
12864761.0,554532,python,[JIT],0x00007f3be24b3b8e
12862936.0,554520,python,[JIT],0x00007bae9855ffd2
12862865.0,554520,python,[JIT],0x00007bae9855b00a
12861974.0,554559,python,[JIT],0x000074472c08d39f
12848750.0,554508,python,[kernel.kallsyms],lru_gen_add_folio
12848027.0,554520,python,[JIT],0x00007bae9855db29
12845191.0,554559,python,[kernel.kallsyms],__rcu_read_unlock
12843825.0,554520,python,python,PyMem_Realloc
12843674.0,554572,python,[kernel.kallsyms],lru_gen_add_folio
12841070.0,554498,python,[JIT],0x00007a47e283411b
12840435.0,554498,python,python,cfunction_vectorcall_FASTCALL
12827834.0,554520,python,[kernel.kallsyms],percpu_counter_add_batch
12827752.0,554508,python,[kernel.kallsyms],_raw_spin_lock
12827576.0,554498,python,[JIT],0x00007a47e2830830
12824842.0,554572,python,[kernel.kallsyms],lru_add_fn
12823612.0,554508,python,[JIT],0x000074d16321fe57
12821939.0,554572,python,[kernel.kallsyms],__count_memcg_events
12819655.0,554559,python,python,dict_iter
12817813.0,554559,python,[kernel.kallsyms],__alloc_pages
12815769.0,554498,python,[JIT],0x00007a47e283700a
12811564.0,554498,python,[kernel.kallsyms],_raw_spin_lock
12808126.0,554559,python,[JIT],0x000074472c096b47
12805507.0,554508,python,[JIT],0x000074d16321fe33
12802131.0,554520,python,[kernel.kallsyms],__rmqueue_pcplist
12800378.0,554520,python,python,_Py_CheckFunctionResult
12793384.0,554572,python,[kernel.kallsyms],__mod_memcg_lruvec_state
12753187.0,554532,python,[kernel.kallsyms],__alloc_pages
12749818.0,554572,python,[JIT],0x000071d3e604c4c0
12733866.0,554572,python,python,_Py_CheckFunctionResult
12729503.0,554532,python,[JIT],0x00007f3be24b42a9
12721587.0,554572,python,[JIT],0x000071d3e604be08
12642629.0,554498,python,[JIT],0x00007a47e283cefa
11905699.0,554559,python,[JIT],0x000074472c08c873
11903415.0,554520,python,[JIT],0x00007bae9855c233
11898204.0,554559,python,[JIT],0x000074472c096b44
11896951.0,554559,python,[JIT],0x000074472c095c53
11896150.0,554508,python,[JIT],0x000074d1632135a6
11895651.0,554498,python,[JIT],0x00007a47e28394c0
11894413.0,554520,python,python,dict_get
11887171.0,554508,python,python,_PyObject_Realloc
11884887.0,554498,python,[JIT],0x00007a47e2839b29
11884852.0,554498,python,[JIT],0x00007a47e2838127
11884096.0,554572,python,[JIT],0x000071d3e6040777
11879223.0,554498,python,[JIT],0x00007a47e283b65a
11874941.0,554559,python,python,_PyJIT_Entry
11870838.0,554532,python,[JIT],0x00007f3be24b3e08
11869846.0,554508,python,python,PyMem_Realloc
11869753.0,554559,python,[JIT],0x000074472c095681
11865682.0,554572,python,[JIT],0x000071d3e604cb29
11863141.0,554545,python,python,_PyObject_LookupSpecial
11862771.0,554498,python,[JIT],0x00007a47e28392ad
11859833.0,554498,python,[JIT],0x00007a47e283b722
11859368.0,554559,python,[kernel.kallsyms],do_anonymous_page
11858894.0,554559,python,python,PyBool_FromLong
11856361.0,554520,python,python,list_resize
11856225.0,554508,python,python,enum_next
11852033.0,554498,python,[JIT],0x00007a47e2834cc9
11846133.0,554559,python,[kernel.kallsyms],lru_gen_add_folio
11834553.0,554559,python,[JIT],0x000074472c08ca00
11833216.0,554498,python,[kernel.kallsyms],percpu_counter_add_batch
11829921.0,554532,python,[JIT],0x00007f3be24b3598
11828555.0,554559,python,[JIT],0x000074472c095cc9
11823103.0,554520,python,python,_Py_Dealloc
11816039.0,554508,python,[kernel.kallsyms],release_pages
11810648.0,554520,python,[JIT],0x00007bae9855db47
11809261.0,554508,python,[kernel.kallsyms],handle_mm_fault
11806080.0,554520,python,[JIT],0x00007bae9855cc53
11805554.0,554572,python,python,_PyFrame_ClearExceptCode
11799062.0,554498,python,[kernel.kallsyms],alloc_anon_folio
11798546.0,554498,python,python,memmove@plt
11797607.0,554532,python,[JIT],0x00007f3be24bf8bb
11796542.0,554559,python,[kernel.kallsyms],down_read_trylock
11795942.0,554572,python,[kernel.kallsyms],do_anonymous_page
11792028.0,554498,python,[kernel.kallsyms],__rcu_read_lock
11791021.0,554532,python,python,PyLong_FromSize_t
11787640.0,554508,python,[kernel.kallsyms],__lruvec_stat_mod_folio
11777629.0,554532,python,python,PyObject_Free
11776651.0,554559,python,[kernel.kallsyms],__rcu_read_lock
11353111.0,554520,python,[i915],gen8_irq_handler
11295254.0,554572,python,[i915],gen8_irq_handler
10915205.0,554520,python,python,setitem_take2_lock_held
10910588.0,554532,python,[JIT],0x00007f3be24b67f3
10910513.0,554508,python,[JIT],0x000074d16321a2a9
10909651.0,554572,python,[JIT],0x000071d3e604b052
10908925.0,554532,python,python,cfunction_vectorcall_FASTCALL
10907080.0,554508,python,python,PyBool_FromLong
10904133.0,554508,python,[JIT],0x000074d163219c53
10902381.0,554508,python,[JIT],0x000074d1632169fc
10901707.0,554520,python,[JIT],0x00007bae98552873
10901196.0,554520,python,[JIT],0x00007bae9855c11b
10899989.0,554520,python,[JIT],0x00007bae9855ccd5
10899759.0,554532,python,python,memcmp@plt
10897798.0,554572,python,python,list_resize
10897107.0,554572,python,python,memmove@plt
10896379.0,554520,python,[JIT],0x00007bae9855c50e
10895357.0,554559,python,[JIT],0x000074472c09200a
10894638.0,554572,python,[JIT],0x000071d3e604b677
10894513.0,554572,python,[JIT],0x000071d3e604b11b
10893249.0,554508,python,[JIT],0x000074d1632260a9
10892467.0,554520,python,python,_PyCompactLong_Subtract
10891749.0,554532,python,[JIT],0x00007f3be24b6722
10890647.0,554572,python,[JIT],0x000071d3e604c2a9
10887097.0,554498,python,[JIT],0x00007a47e28398c8
10886670.0,554520,python,[JIT],0x00007bae9855ccc9
10886283.0,554508,python,python,_PyCompactLong_Add
10881475.0,554572,python,[kernel.kallsyms],_raw_spin_lock
10881264.0,554572,python,[JIT],0x000071d3e604efd2
10880015.0,554572,python,python,PyMem_Realloc
10879741.0,554520,python,[kernel.kallsyms],do_user_addr_fault
10878518.0,554559,python,[JIT],0x000074472c095334
10877362.0,554572,python,[JIT],0x000071d3e604b681
10876111.0,554498,python,[JIT],0x00007a47e28382f2
10874033.0,554520,python,python,enum_next
10871526.0,554559,python,[JIT],0x000074472c0968e7
10869747.0,554559,python,[JIT],0x000074472c0959fc
10868594.0,554572,python,[JIT],0x000071d3e604a00a
10867823.0,554532,python,[kernel.kallsyms],__lruvec_stat_mod_folio
10861356.0,554532,python,[kernel.kallsyms],folio_batch_move_lru
10856941.0,554572,python,[kernel.kallsyms],account_user_time
10855083.0,554520,python,[JIT],0x00007bae98554830
10848641.0,554572,python,[kernel.kallsyms],cgroup_rstat_updated
10846503.0,554559,python,[JIT],0x000074472c099efa
10845365.0,554559,python,python,cfunction_vectorcall_FASTCALL
10844811.0,554520,python,python,_PyFrame_ClearExceptCode
10843505.0,554508,python,[kernel.kallsyms],__rcu_read_lock
10842258.0,554532,python,[JIT],0x00007f3be24b390a
10841968.0,554508,python,python,PyLong_FromSize_t
10840329.0,554572,python,[kernel.kallsyms],handle_mm_fault
10839681.0,554572,python,[kernel.kallsyms],percpu_counter_add_batch
10836304.0,554520,python,[JIT],0x00007bae9855c711
10831756.0,554498,python,[JIT],0x00007a47e2838a04
10824206.0,554532,python,[JIT],0x00007f3be24b09fc
10821691.0,554520,python,[kernel.kallsyms],release_pages
10813917.0,554532,python,[kernel.kallsyms],arch_exit_to_user_mode_prepare.isra.0
10812771.0,554532,python,[kernel.kallsyms],clear_page_erms
10807584.0,554508,python,python,_Py_CheckFunctionResult
10803182.0,554532,python,[kernel.kallsyms],release_pages
10800466.0,554508,python,python,PyErr_Occurred
10799377.0,554498,python,[kernel.kallsyms],folio_add_lru
10789419.0,554532,python,python,PyMem_Malloc
10763329.0,554532,python,[JIT],0x00007f3be24bf865
10761321.0,554572,python,python,PyObject_Malloc
10633614.0,554532,python,python,PyErr_Occurred
9920789.0,554508,python,[JIT],0x000074d163210873
9920596.0,554572,python,[JIT],0x000071d3e604b121
9917811.0,554532,python,[JIT],0x00007f3be24ac00a
9914402.0,554572,python,[JIT],0x000071d3e604b711
9912354.0,554532,python,[JIT],0x00007f3be24b011f
9912271.0,554498,python,[JIT],0x00007a47e2838233
9910830.0,554520,python,python,memcmp@plt
9906527.0,554532,python,[JIT],0x00007f3be24b3cd5
9906367.0,554532,python,[kernel.kallsyms],__pte_offset_map_lock
9906298.0,554498,python,[JIT],0x00007a47e28397a1
9904228.0,554532,python,[JIT],0x00007f3be24aa873
9901761.0,554532,python,[JIT],0x00007f3be24b323d
9900958.0,554520,python,[JIT],0x00007bae9855c9fc
9900650.0,554508,python,[JIT],0x000074d16321911b
9899297.0,554572,python,python,_PyObject_Realloc
9894356.0,554572,python,[JIT],0x000071d3e6041873
9892938.0,554498,python,[JIT],0x00007a47e2838139
9892842.0,554532,python,[JIT],0x00007f3be24be00a
9887700.0,554508,python,[JIT],0x000074d163219a04
9887313.0,554532,python,python,PyMem_Realloc
9886703.0,554572,python,[JIT],0x000071d3e604711f
9886428.0,554532,python,python,enum_next
9881065.0,554572,python,[kernel.kallsyms],do_user_addr_fault
9881020.0,554508,python,python,PyObject_Malloc
9880976.0,554559,python,[JIT],0x000074472c0952c5
9880725.0,554520,python,[JIT],0x00007bae9855c598
9878989.0,554508,python,[kernel.kallsyms],cgroup_rstat_updated
9877097.0,554498,python,python,dictiter_len
9876404.0,554559,python,[JIT],0x000074472c09800a
9875987.0,554498,python,[kernel.kallsyms],blk_cgroup_congested
9875623.0,554545,python,python,_PyObject_GC_New
9875127.0,554508,python,[JIT],0x000074d16321311f
9870802.0,554498,python,[kernel.kallsyms],cgroup_rstat_updated
9868743.0,554559,python,[kernel.kallsyms],native_irq_return_iret
9868265.0,554520,python,[kernel.kallsyms],folio_batch_move_lru
9867897.0,554572,python,[JIT],0x000071d3e604b192
9867445.0,554559,python,[JIT],0x000074472c0962a9
9864538.0,554532,python,[kernel.kallsyms],lru_gen_del_folio.constprop.0
9864198.0,554508,python,[kernel.kallsyms],folio_add_lru
9862406.0,554520,python,python,PyObject_Free
9857694.0,554572,python,[JIT],0x000071d3e604411f
9857566.0,554572,python,[JIT],0x000071d3e604a010
9857449.0,554498,python,python,PyMem_Realloc
9855823.0,554508,python,python,PyMem_Malloc
9854702.0,554559,python,python,_PyFrame_ClearExceptCode
9852592.0,554508,python,[JIT],0x000074d16321950e
9852091.0,554559,python,[kernel.kallsyms],asm_exc_page_fault
9850917.0,554508,python,python,_PyFrame_ClearExceptCode
9848356.0,554520,python,[JIT],0x00007bae9855d40c
9847798.0,554508,python,[JIT],0x000074d16321fe25
9845465.0,554572,python,python,dictiter_iternextvalue
9842108.0,554498,python,[kernel.kallsyms],rmqueue
9839235.0,554520,python,[kernel.kallsyms],lru_add_fn
9838769.0,554559,python,[kernel.kallsyms],__mod_memcg_lruvec_state
9837692.0,554508,python,[JIT],0x000074d16321900a
9837479.0,554572,python,python,PyDict_Contains
9836654.0,554532,python,[JIT],0x00007f3be24b350e
9831720.0,554508,python,[JIT],0x000074d16321defa
9829945.0,554508,python,[kernel.kallsyms],lru_gen_del_folio.constprop.0
9826878.0,554508,python,[kernel.kallsyms],__pte_offset_map
9826152.0,554532,python,[kernel.kallsyms],__mod_node_page_state
9824634.0,554508,python,libc.so.6,__memset_avx2_unaligned_erms
9822155.0,554520,python,[kernel.kallsyms],cgroup_rstat_updated
9811796.0,554508,python,python,PyObject_Free
9811375.0,554559,python,[kernel.kallsyms],error_entry
9810040.0,554559,python,python,dictiter_iternextvalue
9803873.0,554572,python,[kernel.kallsyms],lru_gen_del_folio.constprop.0
9801654.0,554520,python,[JIT],0x00007bae98560edc
9793403.0,554520,python,[kernel.kallsyms],lru_gen_del_folio.constprop.0
9782193.0,554498,python,[JIT],0x00007a47e283838d
9780204.0,554498,python,[kernel.kallsyms],lru_gen_del_folio.constprop.0
9760881.0,554498,python,[kernel.kallsyms],__free_one_page
9713839.0,554532,python,[JIT],0x00007f3be24c01c2
9687499.0,554532,python,[kernel.kallsyms],cgroup_rstat_updated
9637535.0,554498,python,[kernel.kallsyms],__rmqueue_pcplist
8929858.0,554498,python,[JIT],0x00007a47e28319f8
8928624.0,554498,python,[JIT],0x00007a47e2ad6138
8928175.0,554532,python,python,merge_from_seq2_lock_held
8928135.0,554520,python,python,unsafe_long_compare
8927271.0,554508,python,[JIT],0x000074d16321a4c0
8924996.0,554520,python,[JIT],0x00007bae98558ccd
8924886.0,554572,python,[JIT],0x000071d3e604e88d
8924592.0,554559,python,[JIT],0x000074472c0960dc
8924044.0,554498,python,[JIT],0x00007a47e283b26b
8922799.0,554545,python,python,list_resize
8922043.0,554508,python,[JIT],0x000074d163219cd5
8921733.0,554508,python,[JIT],0x000074d16321a2ad
8921527.0,554572,python,[JIT],0x000071d3e6047ccd
8921352.0,554498,python,[JIT],0x00007a47e2838ded
8921281.0,554520,python,[kernel.kallsyms],exc_page_fault
8921213.0,554520,python,[JIT],0x00007bae9855f682
8920877.0,554572,python,[kernel.kallsyms],irq_enter_rcu
8918850.0,554498,python,[JIT],0x00007a47e2838677
8918648.0,554559,python,[JIT],0x000074472c0952b6
8918620.0,554508,python,[JIT],0x000074d16321611f
8918333.0,554532,python,[JIT],0x00007f3be24b3cf1
8916826.0,554520,python,[JIT],0x00007bae9855d1bc
8915964.0,554545,python,python,_PyObject_Realloc
8915741.0,554520,python,[JIT],0x00007bae9855c68f
8914619.0,554498,python,[JIT],0x00007a47e2838923
8914454.0,554572,python,[JIT],0x000071d3e604fedc
8914176.0,554520,python,python,_PyCompactLong_Add
8914168.0,554520,python,[JIT],0x00007bae9855ce08
8913758.0,554498,python,[JIT],0x00007a47e28381aa
8912375.0,554572,python,[JIT],0x000071d3e60449f8
8911857.0,554559,python,[JIT],0x000074472c096b33
8911617.0,554532,python,[JIT],0x00007f3be24b0224
8909280.0,554559,python,[kernel.kallsyms],__mod_node_page_state
8908375.0,554508,python,[JIT],0x000074d163210135
8907868.0,554572,python,[JIT],0x000071d3e604bcd5
8907801.0,554545,python,[JIT],0x00007b13c67e1877
8906512.0,554532,python,[JIT],0x00007f3be24b688d
8906409.0,554572,python,[JIT],0x000071d3e604eb74
8906401.0,554520,python,[JIT],0x00007bae9855d4c0
8906058.0,554498,python,[JIT],0x00007a47e2838121
8904703.0,554520,python,[JIT],0x00007bae9855f4cb
8903604.0,554559,python,[JIT],0x000074472c09550e
8902746.0,554559,python,python,_PyTuple_FromStackRefStealOnSuccess
8902239.0,554572,python,[JIT],0x000071d3e604b233
8901381.0,554532,python,[JIT],0x00007f3be24b3a04
8901223.0,554498,python,[JIT],0x00007a47e283850e
8900258.0,554498,python,[JIT],0x00007a47e282d0ad
8899470.0,554532,python,python,_PyCompactLong_Add
8896528.0,554559,python,[JIT],0x000074472c09865a
8893067.0,554559,python,[JIT],0x000074472c098fd2
8891888.0,554498,python,[kernel.kallsyms],rmqueue_bulk
8891250.0,554559,python,python,memcmp@plt
8890170.0,554572,python,python,_Py_NewReference
8887754.0,554559,python,[kernel.kallsyms],__rmqueue_pcplist
8886297.0,554572,python,[kernel.kallsyms],alloc_anon_folio
8886197.0,554572,python,[JIT],0x000071d3e6051b9c
8882531.0,554508,python,[kernel.kallsyms],percpu_counter_add_batch
8882248.0,554498,python,[JIT],0x00007a47e2838bc3
8882059.0,554532,python,python,_PyObject_LookupSpecial
8882006.0,554559,python,[JIT],0x000074472c095601
8881930.0,554532,python,[kernel.kallsyms],handle_mm_fault
8881712.0,554559,python,[JIT],0x000074472c096593
8881088.0,554572,python,[JIT],0x000071d3e604c0dc
8880811.0,554508,python,[JIT],0x000074d163219121
8880433.0,554498,python,[JIT],0x00007a47e283b00a
8878833.0,554545,python,python,_PyFrame_ClearExceptCode
8878315.0,554532,python,[kernel.kallsyms],native_irq_return_iret
8878090.0,554572,python,[kernel.kallsyms],folio_add_lru
8877714.0,554520,python,[kernel.kallsyms],ktime_get_update_offsets_now
8877334.0,554532,python,[kernel.kallsyms],native_write_msr
8877141.0,554508,python,[JIT],0x000074d16321f6bd
8876055.0,554498,python,[kernel.kallsyms],arch_exit_to_user_mode_prepare.isra.0
8872754.0,554498,python,[kernel.kallsyms],get_page_from_freelist
8870545.0,554498,python,[JIT],0x00007a47e2843ffb
8870431.0,554520,python,python,PyObject_Malloc
8870411.0,554532,python,[kernel.kallsyms],_raw_spin_lock
8866453.0,554532,python,[JIT],0x00007f3be24b32c5
8866248.0,554508,python,[kernel.kallsyms],down_read_trylock
8862232.0,554545,python,python,_PyType_AllocNoTrack
8861456.0,554498,python,python,PyErr_Occurred
8859497.0,554508,python,[kernel.kallsyms],native_irq_return_iret
8856436.0,554532,python,python,_PyObject_GenericGetAttrWithDict
8854651.0,554559,python,python,PyObject_Malloc
8854184.0,554498,python,[JIT],0x00007a47e2843b9c
8853968.0,554520,python,python,PyErr_Occurred
8853674.0,554559,python,libc.so.6,__memset_avx2_unaligned_erms
8853645.0,554572,python,python,memcmp@plt
8852652.0,554545,python,[kernel.kallsyms],native_irq_return_iret
8852274.0,554572,python,python,enum_next
8851772.0,554520,python,python,PyMem_Malloc
8849454.0,554559,python,[JIT],0x000074472c09bf9e
8847866.0,554559,python,[JIT],0x000074472c09bcac
8845616.0,554532,python,[JIT],0x00007f3be24b30c7
8844001.0,554532,python,[JIT],0x00007f3be24b3c6f
8842578.0,554572,python,[JIT],0x000071d3e6051e25
8841995.0,554532,python,[JIT],0x00007f3be24bfb9c
8841615.0,554508,python,[JIT],0x000074d163219847
8839778.0,554498,python,[JIT],0x00007a47e28395a4
8837799.0,554559,python,python,PyDict_Contains
8828153.0,554508,python,[JIT],0x000074d16321c88d
8824702.0,554545,python,libc.so.6,__memset_avx2_unaligned_erms
8822950.0,554572,python,[kernel.kallsyms],__mod_node_page_state
8818994.0,554559,python,[kernel.kallsyms],lru_gen_del_folio.constprop.0
8813188.0,554545,python,python,PyDict_Contains
8813149.0,554498,python,[kernel.kallsyms],account_user_time
8795609.0,554572,python,[kernel.kallsyms],get_vma_policy
8793752.0,554572,python,[JIT],0x000071d3e605117a
8768732.0,554532,python,[JIT],0x00007f3be24bfe25
7938184.0,554498,python,[JIT],0x00007a47e2839474
7938119.0,554532,python,[JIT],0x00007f3be24b4685
7937825.0,554559,python,[JIT],0x000074472c0951c0
7937347.0,554559,python,[JIT],0x000074472c095677
7937320.0,554498,python,[JIT],0x00007a47e283831d
7937294.0,554532,python,[JIT],0x00007f3be24b6b74
7936883.0,554498,python,[JIT],0x00007a47e2835b67
7936008.0,554508,python,[JIT],0x000074d16321c26b
7935974.0,554520,python,[JIT],0x00007bae985533a2
7935478.0,554532,python,[JIT],0x00007f3be24b476d
7935319.0,554532,python,[JIT],0x00007f3be24b7efa
7935120.0,554498,python,[JIT],0x00007a47e2ad6316
7934506.0,554532,python,[JIT],0x00007f3be24b0cc9
7934355.0,554520,python,[JIT],0x00007bae9855db33
7933980.0,554559,python,[JIT],0x000074472c096585
7933959.0,554559,python,[JIT],0x000074472c0986c3
7933726.0,554520,python,[JIT],0x00007bae9855c3b7
7933690.0,554498,python,[JIT],0x00007a47e283886b
7933332.0,554498,python,[JIT],0x00007a47e2ad65b1
7933233.0,554572,python,[JIT],0x000071d3e604cb33
7932522.0,554545,python,python,_PyCompactLong_Subtract
7932489.0,554532,python,[JIT],0x00007f3be24b45a4
7932127.0,554559,python,[JIT],0x000074472c096649
7931697.0,554520,python,[JIT],0x00007bae985525a6
7931599.0,554572,python,[JIT],0x000071d3e604e26b
7930728.0,554572,python,[JIT],0x000071d3e604c144
7930663.0,554532,python,[JIT],0x00007f3be24b3334
7930439.0,554498,python,[JIT],0x00007a47e2838636
7929883.0,554572,python,[JIT],0x000071d3e6047cc9
7929767.0,554532,python,[JIT],0x00007f3be24b3280
7929519.0,554498,python,[JIT],0x00007a47e283817f
7929106.0,554572,python,[JIT],0x000071d3e604c2b5
7928881.0,554572,python,[JIT],0x000071d3e604b9fc
7928254.0,554532,python,[JIT],0x00007f3be24b3677
7928121.0,554508,python,[JIT],0x000074d163217907
7927876.0,554520,python,[JIT],0x00007bae98560efa
7927385.0,554532,python,[JIT],0x00007f3be24b37b6
7926927.0,554508,python,[JIT],0x000074d16321dedc
7926872.0,554498,python,[JIT],0x00007a47e284332b
7926613.0,554508,python,[JIT],0x000074d1632190ff
7926105.0,554532,python,[JIT],0x00007f3be24b1b67
7926056.0,554508,python,[JIT],0x000074d16321a710
7925991.0,554520,python,[JIT],0x00007bae9855c334
7925288.0,554559,python,[JIT],0x000074472c096214
7925165.0,554572,python,python,PyBool_FromLong
7925110.0,554572,python,[JIT],0x000071d3e604b2f2
7924805.0,554520,python,python,PyDict_Contains
7924593.0,554572,python,[JIT],0x000071d3e60590ad
7924582.0,554545,python,[JIT],0x00007b13c67ebcc9
7924456.0,554559,python,[JIT],0x000074472c096788
7924154.0,554508,python,[JIT],0x000074d16321a0b8
7924109.0,554508,python,[JIT],0x000074d163216ccd
7923492.0,554559,python,[JIT],0x000074472c08fe5a
7923263.0,554498,python,[JIT],0x00007a47e283bb74
7923098.0,554498,python,[JIT],0x00007a47e28382c5
7922987.0,554520,python,[JIT],0x00007bae9855f26b
7922423.0,554498,python,[JIT],0x00007a47e283400a
7921653.0,554508,python,python,memcpy@plt
7920727.0,554520,python,[JIT],0x00007bae9855f139
7920450.0,554532,python,[JIT],0x00007f3be24b311b
7920421.0,554520,python,[JIT],0x00007bae9855c7b6
7920008.0,554498,python,[JIT],0x00007a47e2834224
7919408.0,554572,python,[JIT],0x000071d3e604b1eb
7919379.0,554498,python,[JIT],0x00007a47e28380f1
7918727.0,554532,python,[JIT],0x00007f3be24ad9f8
7918550.0,554532,python,[JIT],0x00007f3be24b471f
7917645.0,554532,python,[JIT],0x00007f3be24b317f
7917437.0,554532,python,[kernel.kallsyms],handle_pte_fault
7915757.0,554532,python,python,PyBool_FromLong
7913014.0,554508,python,[JIT],0x000074d163210877
7912849.0,554559,python,[JIT],0x000074472c0a32fa
7912826.0,554572,python,[JIT],0x000071d3e604b280
7912818.0,554520,python,[JIT],0x00007bae9856546e
7912767.0,554572,python,[JIT],0x000071d3e6048b67
7912550.0,554498,python,[JIT],0x00007a47e28380ad
7912118.0,554508,python,[JIT],0x000074d16321c1ed
7911967.0,554520,python,[kernel.kallsyms],folio_add_lru
7911930.0,554559,python,[JIT],0x000074472c0962b5
7910759.0,554498,python,[JIT],0x00007a47e28386c9
7910669.0,554520,python,[JIT],0x00007bae9855d649
7910449.0,554572,python,[JIT],0x000071d3e604b110
7910144.0,554572,python,[JIT],0x000071d3e6041877
7909903.0,554572,python,[JIT],0x000071d3e604b7b6
7909140.0,554508,python,[kernel.kallsyms],blk_cgroup_congested
7908389.0,554520,python,[JIT],0x00007bae9855fdcf
7908273.0,554572,python,[JIT],0x000071d3e6043830
7908184.0,554498,python,[kernel.kallsyms],exc_page_fault
7906270.0,554498,python,python,set_lookkey
7906125.0,554498,python,[JIT],0x00007a47e283c425
7905671.0,554559,python,python,dictiter_len
7905190.0,554559,python,[kernel.kallsyms],lru_add_fn
7904840.0,554508,python,[kernel.kallsyms],arch_exit_to_user_mode_prepare.isra.0
7904791.0,554532,python,[JIT],0x00007f3be24b39fc
7904624.0,554559,python,[JIT],0x000074472c0953d0
7904529.0,554508,python,[JIT],0x000074d163219334
7903269.0,554532,python,[JIT],0x00007f3be24ad5a6
7902532.0,554508,python,[JIT],0x000074d16321a273
7902473.0,554572,python,[JIT],0x000071d3e605a654
7901201.0,554572,python,[JIT],0x000071d3e60407a0
7900391.0,554532,python,[kernel.kallsyms],up_read
7900350.0,554559,python,python,PyCMethod_New
7900081.0,554508,python,[JIT],0x000074d163216cc9
7898768.0,554532,python,[kernel.kallsyms],__update_load_avg_se
7898726.0,554498,python,[JIT],0x00007a47e2831e5a
7898110.0,554498,python,[JIT],0x00007a47e28395c8
7897270.0,554520,python,[JIT],0x00007bae9855d2a9
7897114.0,554572,python,[JIT],0x000071d3e6051845
7896657.0,554532,python,[JIT],0x00007f3be24b40dc
7896588.0,554559,python,[JIT],0x000074472c096378
7896444.0,554559,python,[JIT],0x000074472c08e830
7896220.0,554559,python,[JIT],0x000074472c0962ad
7895105.0,554559,python,[JIT],0x000074472c090b49
7894652.0,554520,python,[kernel.kallsyms],error_entry
7894310.0,554520,python,python,PyObject_Size
7893383.0,554498,python,[JIT],0x00007a47e2838462
7892742.0,554572,python,[JIT],0x000071d3e604fefa
7892532.0,554520,python,[kernel.kallsyms],do_anonymous_page
7892354.0,554508,python,[JIT],0x000074d163219c0e
7891979.0,554508,python,[JIT],0x000074d16321cb74
7890497.0,554559,python,[kernel.kallsyms],arch_exit_to_user_mode_prepare.isra.0
7890439.0,554508,python,[kernel.kallsyms],exc_page_fault
7889702.0,554508,python,[JIT],0x000074d16321f41f
7889038.0,554572,python,[kernel.kallsyms],native_irq_return_iret
7888961.0,554508,python,[JIT],0x000074d163219d72
7888675.0,554572,python,python,_PyObject_GenericGetAttrWithDict
7888483.0,554559,python,python,_PyThreadState_PopFrame
7888434.0,554572,python,[kernel.kallsyms],clear_page_erms
7887653.0,554532,python,[JIT],0x00007f3be24b331d
7887502.0,554572,python,[JIT],0x000071d3e6045b49
7886787.0,554508,python,[JIT],0x000074d16321fe41
7885942.0,554532,python,[kernel.kallsyms],mas_walk
7885470.0,554559,python,[JIT],0x000074472c095a04
7884927.0,554572,python,[JIT],0x000071d3e60519af
7884691.0,554572,python,python,_PyCompactLong_Subtract
7883919.0,554532,python,python,dictiter_iternextvalue
7883756.0,554559,python,python,_PyEval_FrameClearAndPop
7881710.0,554520,python,[kernel.kallsyms],blk_cgroup_congested
7881650.0,554498,python,[JIT],0x00007a47e283b88d
7881350.0,554532,python,[JIT],0x00007f3be24b7258
7880820.0,554520,python,[JIT],0x00007bae98562ae2
7880647.0,554572,python,[JIT],0x000071d3e6051216
7879951.0,554508,python,[JIT],0x000074d16321f27a
7879949.0,554532,python,python,PyObject_LengthHint
7879796.0,554508,python,python,PyObject_LengthHint
7879289.0,554532,python,[kernel.kallsyms],folio_remove_rmap_ptes
7878451.0,554532,python,[kernel.kallsyms],alloc_anon_folio
7878151.0,554520,python,[JIT],0x00007bae9855c201
7874607.0,554572,python,python,_PyThreadState_PopFrame
7872785.0,554572,python,python,_PyEval_FrameClearAndPop
7872760.0,554520,python,[JIT],0x00007bae98555e5a
7872533.0,554508,python,[kernel.kallsyms],folio_remove_rmap_ptes
7871837.0,554572,python,[kernel.kallsyms],native_write_msr
7870806.0,554572,python,python,dict_iter
7870198.0,554520,python,python,_PyType_LookupStackRefAndVersion
7869739.0,554572,python,[kernel.kallsyms],__rcu_read_lock
7868900.0,554559,python,[JIT],0x000074472c09b05e
7868267.0,554559,python,[kernel.kallsyms],alloc_anon_folio
7868036.0,554572,python,[kernel.kallsyms],free_unref_page_prepare
7867258.0,554520,python,[JIT],0x00007bae98562930
7866357.0,554545,python,python,_PyTypeCache_Lookup
7865419.0,554508,python,[kernel.kallsyms],folio_batch_move_lru
7864011.0,554559,python,[kernel.kallsyms],__count_memcg_events
7863917.0,554520,python,[JIT],0x00007bae9855fb74
7863844.0,554532,python,[kernel.kallsyms],__rcu_read_lock
7863686.0,554532,python,[JIT],0x00007f3be24bfaba
7862203.0,554520,python,python,dict_iter
7861295.0,554508,python,[kernel.kallsyms],get_page_from_freelist
7860499.0,554520,python,[JIT],0x00007bae9856271b
7860027.0,554520,python,[JIT],0x00007bae98562e41
7859884.0,554498,python,[JIT],0x00007a47e283b7fd
7859757.0,554520,python,python,_PyEval_FrameClearAndPop
7858799.0,554498,python,[JIT],0x00007a47e28438bb
7853124.0,554508,python,[JIT],0x000074d163219669
7852684.0,554545,python,python,enum_next
7852535.0,554572,python,[kernel.kallsyms],free_unref_page_list
7850136.0,554532,python,[kernel.kallsyms],down_read_trylock
7841908.0,554498,python,[JIT],0x00007a47e28382d5
7834450.0,554532,python,[JIT],0x00007f3be24bfcac
7833154.0,554559,python,[kernel.kallsyms],get_vma_policy
7800542.0,554559,python,python,PyObject_Free
7797158.0,554498,python,[JIT],0x00007a47e2838299
7734325.0,554532,python,[kernel.kallsyms],get_vma_policy
7684674.0,554508,python,[JIT],0x000074d163219965
7318272.0,554559,python,python,_PyObject_Realloc
6950023.0,554559,python,[JIT],0x000074472c08b0dc
6948087.0,554532,python,[JIT],0x00007f3be2d6573c
6945914.0,554498,python,[JIT],0x00007a47e2ad6517
6945821.0,554508,python,[JIT],0x000074d163219299
6945764.0,554532,python,python,_PyCompactLong_Subtract
6945640.0,554559,python,[JIT],0x000074472c0960b8
6945397.0,554498,python,[JIT],0x00007a47e2838919
6945088.0,554572,python,python,gen_iternext
6944971.0,554520,python,[JIT],0x00007bae9855db44
6944969.0,554572,python,[JIT],0x000071d3e604e127
6944969.0,554498,python,[JIT],0x00007a47e28394b0
6944896.0,554572,python,[JIT],0x000071d3e604c632
6944862.0,554498,python,[JIT],0x00007a47e28382b6
6944837.0,554572,python,[JIT],0x000071d3e605b1e9
6944354.0,554572,python,[JIT],0x000071d3e604b06a
6944313.0,554559,python,[JIT],0x000074472c09826b
6944307.0,554532,python,[JIT],0x00007f3be24b39be
6943993.0,554559,python,[JIT],0x000074472c0967d6
6943943.0,554532,python,[JIT],0x00007f3be24b3d08
6943911.0,554532,python,[JIT],0x00007f3be24b337a
6943803.0,554545,python,python,merge_at
6943610.0,554572,python,[JIT],0x000071d3e604cb44
6943596.0,554559,python,[JIT],0x000074472c096206
6943472.0,554532,python,[JIT],0x00007f3be24b3847
6943364.0,554520,python,[JIT],0x00007bae9855d5e6
6942977.0,554532,python,[JIT],0x00007f3be24b33dd
6942781.0,554532,python,[JIT],0x00007f3be24b368f
6942107.0,554559,python,[JIT],0x000074472c0957fa
6942083.0,554559,python,[JIT],0x000074472c9344a9
6941959.0,554559,python,python,_PyCompactLong_Subtract
6941693.0,554508,python,python,list_resize
6941235.0,554572,python,[kernel.kallsyms],timekeeping_update
6941184.0,554572,python,[JIT],0x000071d3e604e11b
6941040.0,554508,python,[JIT],0x000074d163219139
6940762.0,554572,python,[JIT],0x000071d3e604b6bc
6940226.0,554532,python,[JIT],0x00007f3be24a9828
6939086.0,554572,python,[JIT],0x000071d3e604bc6f
6939022.0,554572,python,[JIT],0x000071d3e60488de
6938516.0,554532,python,[JIT],0x00007f3be24a9777
6938496.0,554545,python,python,_PyTuple_FromStackRefStealOnSuccess
6938233.0,554559,python,python,PyMem_Realloc
6937982.0,554559,python,[JIT],0x000074472c08e5d0
6937891.0,554532,python,[JIT],0x00007f3be24ac830
6937373.0,554508,python,[JIT],0x000074d16321231d
6937289.0,554572,python,[JIT],0x000071d3e604e165
6936976.0,554520,python,[JIT],0x00007bae9855d685
6936941.0,554508,python,[JIT],0x000074d1632193d0
6936328.0,554508,python,[JIT],0x000074d163213c53
6936118.0,554559,python,[JIT],0x000074472c095d25
6935878.0,554498,python,[JIT],0x00007a47e28395e6
6935764.0,554572,python,[JIT],0x000071d3e60593c1
6935733.0,554559,python,[JIT],0x000074472c092ccd
6935527.0,554508,python,[JIT],0x000074d16321923d
6934905.0,554559,python,[JIT],0x000074472c096349
6934743.0,554532,python,[JIT],0x00007f3be24b4632
6934422.0,554498,python,[JIT],0x00007a47e28358de
6933524.0,554559,python,[JIT],0x000074472c09211f
6933245.0,554508,python,[JIT],0x000074d163219109
6933213.0,554572,python,[JIT],0x000071d3e604b50e
6932799.0,554572,python,[JIT],0x000071d3e604b220
6932410.0,554498,python,[JIT],0x00007a47e283867e
6932225.0,554559,python,[JIT],0x000074472c095280
6932113.0,554532,python,[JIT],0x00007f3be24b42ad
6932004.0,554572,python,[JIT],0x000071d3e604bcf1
6931730.0,554532,python,[JIT],0x00007f3be2d663c1
6931620.0,554559,python,[JIT],0x000074472c09551c
6931540.0,554498,python,[JIT],0x00007a47e282e5a6
6931298.0,554572,python,[JIT],0x000071d3e604b175
6931228.0,554508,python,[JIT],0x000074d163228134
6931181.0,554559,python,[JIT],0x000074472c093b67
6931097.0,554520,python,[JIT],0x00007bae9855d2d1
6930883.0,554532,python,[JIT],0x00007f3be24b39b2
6930631.0,554532,python,python,gallop_right
6930261.0,554498,python,[JIT],0x00007a47e28392b5
6930219.0,554559,python,[JIT],0x000074472c0958db
6929629.0,554520,python,[JIT],0x00007bae9855d5d6
6929519.0,554520,python,[JIT],0x00007bae9855c06a
6928961.0,554508,python,[JIT],0x000074d163219c21
6928418.0,554572,python,[JIT],0x000071d3e604e382
6928327.0,554498,python,[JIT],0x00007a47e283b3b7
6928292.0,554532,python,[JIT],0x00007f3be24b000a
6926790.0,554498,python,[JIT],0x00007a47e283800a
6926769.0,554520,python,[JIT],0x00007bae9856427b
6926491.0,554572,python,[JIT],0x000071d3e605927b
6925775.0,554498,python,[JIT],0x00007a47e28385c3
6925714.0,554559,python,[JIT],0x000074472c0984cb
6925472.0,554520,python,[JIT],0x00007bae9855f2be
6925254.0,554559,python,[JIT],0x000074472c096740
6925247.0,554520,python,[kernel.kallsyms],__pte_offset_map
6924713.0,554532,python,[JIT],0x00007f3be24b62be
6924571.0,554559,python,[JIT],0x000074472c095e62
6923242.0,554559,python,[JIT],0x000074472c0950ff
6923227.0,554572,python,[JIT],0x000071d3e604b68f
6923166.0,554508,python,[JIT],0x000074d16321a5c8
6923133.0,554559,python,[JIT],0x000074472c0965b9
6922302.0,554572,python,[JIT],0x000071d3e604bf04
6921655.0,554559,python,[JIT],0x000074472c095923
6921423.0,554508,python,[JIT],0x000074d163219e4d
6921421.0,554572,python,[JIT],0x000071d3e60531e5
6920775.0,554498,python,[kernel.kallsyms],__raw_spin_lock_irqsave
6920516.0,554532,python,[JIT],0x00007f3be24aa5a6
6920217.0,554508,python,[JIT],0x000074d16321a2d1
6920057.0,554532,python,[JIT],0x00007f3be24b4381
6919907.0,554520,python,[JIT],0x00007bae9855c1eb
6919541.0,554532,python,[kernel.kallsyms],_raw_spin_trylock
6918762.0,554520,python,[JIT],0x00007bae9855c965
6918656.0,554545,python,python,find_empty_slot
6918176.0,554532,python,[kernel.kallsyms],__rmqueue_pcplist
6917898.0,554520,python,[JIT],0x00007bae985631c2
6917889.0,554559,python,[JIT],0x000074472c934003
6917877.0,554520,python,[JIT],0x00007bae9855c121
6917852.0,554532,python,[JIT],0x00007f3be24b4649
6917843.0,554572,python,[JIT],0x000071d3e6040124
6917607.0,554508,python,python,_PyObject_GenericGetAttrWithDict
6917597.0,554498,python,[JIT],0x00007a47e2838e4d
6917320.0,554520,python,[kernel.kallsyms],up_read
6917282.0,554508,python,[JIT],0x000074d16321a0dc
6917245.0,554498,python,[JIT],0x00007a47e2838052
6917136.0,554508,python,[JIT],0x000074d16321f57d
6916706.0,554498,python,[JIT],0x00007a47e28451fa
6916323.0,554508,python,python,_PyThreadState_PopFrame
6916201.0,554532,python,[JIT],0x00007f3be24aeb67
6915889.0,554559,python,[JIT],0x000074472c0a30ad
6915706.0,554520,python,[JIT],0x00007bae9855d0dc
6915075.0,554498,python,[JIT],0x00007a47e283940c
6914709.0,554545,python,python,_PyEval_FrameClearAndPop
6914157.0,554545,python,[JIT],0x00007b13c67e711f
6913291.0,554520,python,[JIT],0x00007bae9855f65a
6912557.0,554508,python,[kernel.kallsyms],pte_offset_map_nolock
6912025.0,554532,python,[kernel.kallsyms],post_alloc_hook
6911921.0,554572,python,[JIT],0x000071d3e604b2b6
6911709.0,554559,python,python,PyErr_Occurred
6911328.0,554498,python,[JIT],0x00007a47e28381c0
6910103.0,554559,python,python,_PyType_AllocNoTrack
6910082.0,554572,python,[JIT],0x000071d3e604239f
6909236.0,554559,python,[kernel.kallsyms],clear_page_erms
6908969.0,554532,python,[kernel.kallsyms],__pte_offset_map
6908850.0,554498,python,[JIT],0x00007a47e28392d1
6908803.0,554508,python,[JIT],0x000074d163219a83
6908163.0,554532,python,[JIT],0x00007f3be24b39cd
6907539.0,554520,python,[kernel.kallsyms],__mod_memcg_lruvec_state
6906921.0,554559,python,python,_PyType_LookupStackRefAndVersion
6906720.0,554559,python,[JIT],0x000074472c09b94e
6905413.0,554559,python,[kernel.kallsyms],cgroup_rstat_updated
6905191.0,554508,python,[kernel.kallsyms],get_vma_policy
6905135.0,554559,python,[JIT],0x000074472c09c260
6905036.0,554532,python,[kernel.kallsyms],__free_one_page
6904693.0,554532,python,[JIT],0x00007f3be24bf57d
6903401.0,554559,python,[JIT],0x000074472c09bae2
6903242.0,554532,python,python,builtin_iter
6903002.0,554508,python,[JIT],0x000074d16321f052
6902405.0,554545,python,python,_PyObject_GenericGetAttrWithDict
6901594.0,554508,python,[JIT],0x000074d163219677
6901290.0,554572,python,[JIT],0x000071d3e6052260
6900969.0,554520,python,python,dictiter_iternextvalue
6900614.0,554498,python,[kernel.kallsyms],__mod_zone_page_state
6900566.0,554532,python,[JIT],0x00007f3be24bf2df
6900346.0,554508,python,[JIT],0x000074d16321fcac
6900335.0,554508,python,python,memcmp@plt
6899831.0,554559,python,[JIT],0x000074472c09bf96
6899671.0,554520,python,[JIT],0x00007bae9855d09b
6898915.0,554498,python,[JIT],0x00007a47e283878e
6898498.0,554559,python,[JIT],0x000074472c09500a
6898223.0,554520,python,[JIT],0x00007bae9855d72b
6897416.0,554520,python,python,PyObject_LengthHint
6896023.0,554508,python,[JIT],0x000074d1632178de
6895672.0,554498,python,[JIT],0x00007a47e28390dc
6895649.0,554508,python,[JIT],0x000074d163219be9
6895279.0,554508,python,[JIT],0x000074d16321a459
6895095.0,554520,python,[kernel.kallsyms],get_vma_policy
6895093.0,554572,python,[JIT],0x000071d3e6051f96
6894550.0,554532,python,[kernel.kallsyms],do_user_addr_fault
6893897.0,554520,python,[JIT],0x00007bae98562385
6893376.0,554498,python,[JIT],0x00007a47e284361f
6893344.0,554498,python,[JIT],0x00007a47e2839607
6892707.0,554559,python,[JIT],0x000074472c09511b
6891810.0,554498,python,python,PyObject_Malloc
6891481.0,554532,python,[kernel.kallsyms],rmqueue_bulk
6891419.0,554508,python,[JIT],0x000074d163219681
6891243.0,554572,python,[JIT],0x000071d3e6051385
6890548.0,554520,python,python,dictiter_len
6889941.0,554498,python,[kernel.kallsyms],read_tsc
6889308.0,554559,python,[JIT],0x000074472c09b385
6888850.0,554508,python,[JIT],0x000074d16321fa94
6888644.0,554532,python,[kernel.kallsyms],percpu_counter_add_batch
6888000.0,554498,python,[kernel.kallsyms],__pte_offset_map
6887886.0,554532,python,[kernel.kallsyms],read_tsc
6886453.0,554572,python,[kernel.kallsyms],folio_remove_rmap_ptes
6886336.0,554545,python,python,dictiter_iternextvalue
6886102.0,554498,python,[JIT],0x00007a47e282d777
6885939.0,554520,python,[JIT],0x00007bae98559b67
6885888.0,554520,python,[kernel.kallsyms],rmqueue
6885412.0,554520,python,[JIT],0x00007bae98558cc9
6884435.0,554508,python,[JIT],0x000074d16321f4ee
6884147.0,554572,python,[JIT],0x000071d3e604b552
6883764.0,554508,python,python,dictiter_iternextvalue
6883561.0,554508,python,[kernel.kallsyms],free_unref_page_prepare
6883283.0,554559,python,[JIT],0x000074472c099ee6
6882910.0,554520,python,[JIT],0x00007bae9855ca20
6882860.0,554498,python,[kernel.kallsyms],_raw_spin_trylock
6882341.0,554559,python,[kernel.kallsyms],_raw_spin_lock
6881917.0,554498,python,python,PyObject_GenericGetAttr
6881331.0,554572,python,[kernel.kallsyms],release_pages
6880818.0,554520,python,[JIT],0x00007bae985622f2
6880394.0,554532,python,[JIT],0x00007f3be24b626b
6879512.0,554498,python,[kernel.kallsyms],lock_vma_under_rcu
6879206.0,554559,python,[JIT],0x000074472c09b67a
6879166.0,554559,python,[JIT],0x000074472c099edc
6878603.0,554559,python,[kernel.kallsyms],irqentry_exit
6877274.0,554559,python,python,PyType_GenericAlloc
6875341.0,554532,python,[kernel.kallsyms],blk_cgroup_congested
6874469.0,554572,python,[kernel.kallsyms],lock_vma_under_rcu
6873675.0,554520,python,[JIT],0x00007bae9855c804
6873584.0,554498,python,[kernel.kallsyms],free_unref_page_prepare
6873103.0,554532,python,[JIT],0x00007f3be24b3dd6
6871204.0,554520,python,[kernel.kallsyms],native_irq_return_iret
6870510.0,554559,python,[JIT],0x000074472c095db1
6869915.0,554508,python,[kernel.kallsyms],native_write_msr
6868815.0,554532,python,[JIT],0x00007f3be24bf8c2
6866830.0,554520,python,[kernel.kallsyms],alloc_anon_folio
6859847.0,554532,python,python,PyObject_Malloc
6858280.0,554532,python,[JIT],0x00007f3be24c113e
6854867.0,554498,python,[kernel.kallsyms],get_vma_policy
6844215.0,554532,python,[kernel.kallsyms],exc_page_fault
6837979.0,554508,python,[JIT],0x000074d163212812
6811296.0,554508,python,[kernel.kallsyms],free_unref_page_list
6796870.0,554532,python,[JIT],0x00007f3be24b3233
6790566.0,554559,python,[kernel.kallsyms],folio_remove_rmap_ptes
6782104.0,554508,python,[JIT],0x000074d16321c417
6779398.0,554572,python,[JIT],0x000071d3e604c5d6
6776911.0,554520,python,[JIT],0x00007bae9855d3ba
6756422.0,554559,python,python,gallop_left
6753608.0,554520,python,[JIT],0x00007bae9855f722
6641458.0,554532,python,[JIT],0x00007f3be24bf74d
6014016.0,554520,python,python,_PyObject_GetAttrStackRef
5955139.0,554508,python,[JIT],0x000074d16322806a
5954501.0,554532,python,[JIT],0x00007f3be24c1261
5954151.0,554559,python,[JIT],0x000074472c0983ff
5954052.0,554508,python,[JIT],0x000074d16321c00a
5953747.0,554532,python,[JIT],0x00007f3be24b3b70
5953691.0,554532,python,[JIT],0x00007f3be24ab39f
5953647.0,554498,python,[JIT],0x00007a47e28463d2
5953496.0,554532,python,python,list_resize
5953486.0,554572,python,[JIT],0x000071d3e605b324
5953445.0,554532,python,[JIT],0x00007f3be24b3167
5953386.0,554498,python,[JIT],0x00007a47e2ad6654
5953309.0,554532,python,[JIT],0x00007f3be24b4b33
5953255.0,554498,python,[JIT],0x00007a47e2839427
5953179.0,554520,python,[JIT],0x00007bae98560425
5953087.0,554498,python,[JIT],0x00007a47e2838f7c
5953049.0,554498,python,[JIT],0x00007a47e2838aaf
5953035.0,554520,python,[JIT],0x00007bae9855d6ad
5953001.0,554498,python,[JIT],0x00007a47e28381eb
5952964.0,554508,python,[JIT],0x000074d16321c11b
5952935.0,554572,python,[JIT],0x000071d3e604bd56
5952863.0,554498,python,[JIT],0x00007a47e2839685
5952823.0,554508,python,[JIT],0x000074d16321a117
5952783.0,554508,python,[JIT],0x000074d1632190c7
5952748.0,554532,python,[JIT],0x00007f3be24aeb49
5952692.0,554572,python,[JIT],0x000071d3e604b982
5952647.0,554520,python,[JIT],0x00007bae9855c585
5952543.0,554520,python,[JIT],0x00007bae98554334
5952534.0,554532,python,[JIT],0x00007f3be24b40b8
5952476.0,554572,python,[JIT],0x000071d3e604c555
5952464.0,554520,python,[JIT],0x00007bae9855c9cd
5952433.0,554520,python,[JIT],0x00007bae98565333
5952421.0,554508,python,[JIT],0x000074d1632192f2
5952345.0,554532,python,[JIT],0x00007f3be24b6127
5952341.0,554508,python,[JIT],0x000074d16321a12f
5952328.0,554508,python,[JIT],0x000074d16320f843
5952281.0,554498,python,[JIT],0x00007a47e2839555
5952257.0,554532,python,[JIT],0x00007f3be24b665a
5952250.0,554498,python,[JIT],0x00007a47e28389cd
5952204.0,554559,python,[JIT],0x000074472c098b74
5952089.0,554520,python,[JIT],0x00007bae9855c8a1
5952078.0,554508,python,[JIT],0x000074d1632195f2
5952077.0,554520,python,[JIT],0x00007bae9855caf9
5951986.0,554532,python,[JIT],0x00007f3be2d65316
5951964.0,554572,python,[JIT],0x000071d3e604e430
5951942.0,554532,python,[JIT],0x00007f3be24b3e5c
5951909.0,554520,python,[JIT],0x00007bae9855811f
5951890.0,554498,python,[JIT],0x00007a47e28383ca
5951840.0,554508,python,[JIT],0x000074d16321223d
5951807.0,554520,python,[JIT],0x00007bae9855cc6f
5951714.0,554559,python,[JIT],0x000074472c0a446e
5951536.0,554508,python,[JIT],0x000074d16321906a
5951520.0,554498,python,[JIT],0x00007a47e2ad6663
5951319.0,554520,python,[JIT],0x00007bae9855c8f9
5951263.0,554498,python,[JIT],0x00007a47e2845315
5951261.0,554508,python,[JIT],0x000074d16321a740
5951259.0,554520,python,[JIT],0x00007bae9855c9dd
5951258.0,554498,python,[JIT],0x00007a47e28386da
5951116.0,554508,python,[JIT],0x000074d16322968b
5951077.0,554520,python,[JIT],0x00007bae9855c0ad
5950975.0,554508,python,[JIT],0x000074d16321a368
5950871.0,554532,python,[JIT],0x00007f3be2d6548b
5950845.0,554572,python,[JIT],0x000071d3e60593d2
5950674.0,554572,python,[JIT],0x000071d3e604b8f9
5950610.0,554532,python,[JIT],0x00007f3be24b77c5
5950551.0,554520,python,[JIT],0x00007bae9855d41b
5950436.0,554520,python,[JIT],0x00007bae9855d5c8
5950356.0,554572,python,python,_PyTuple_FromStackRefStealOnSuccess
5950306.0,554508,python,[JIT],0x000074d163229548
5950269.0,554498,python,[JIT],0x00007a47e2839788
5950148.0,554572,python,[JIT],0x000071d3e604bc21
5950123.0,554572,python,python,merge_at
5950031.0,554508,python,[JIT],0x000074d1632100d6
5949824.0,554572,python,[JIT],0x000071d3e604b86b
5949789.0,554498,python,[JIT],0x00007a47e283944a
5949758.0,554508,python,[JIT],0x000074d16321a0eb
5949538.0,554498,python,[JIT],0x00007a47e282d052
5949507.0,554520,python,[JIT],0x00007bae985598de
5949476.0,554532,python,[JIT],0x00007f3be2d6546e
5949459.0,554520,python,[JIT],0x00007bae985642fa
5949431.0,554532,python,[JIT],0x00007f3be24b7edc
5949384.0,554498,python,[JIT],0x00007a47e28393a9
5949372.0,554520,python,[JIT],0x00007bae9855c8ce
5948976.0,554572,python,[JIT],0x000071d3e604bbe9
5948796.0,554508,python,[JIT],0x000074d1632197a5
5948706.0,554572,python,[JIT],0x000071d3e604b7de
5948665.0,554532,python,[JIT],0x00007f3be24b3be9
5948518.0,554520,python,[JIT],0x00007bae98559b49
5948470.0,554559,python,[JIT],0x000074472c0995e4
5948324.0,554520,python,[JIT],0x00007bae9855d3a9
5948316.0,554508,python,[JIT],0x000074d163229316
5948248.0,554572,python,[JIT],0x000071d3e604ee51
5948166.0,554559,python,[JIT],0x000074472c095c49
5947826.0,554559,python,[JIT],0x000074472c092cc9
5947548.0,554572,python,[JIT],0x000071d3e604e2be
5947053.0,554498,python,[JIT],0x00007a47e2838e62
5946970.0,554532,python,[JIT],0x00007f3be24a90c7
5946926.0,554520,python,[JIT],0x00007bae985670dc
5946592.0,554532,python,[JIT],0x00007f3be24a95d7
5946572.0,554559,python,[JIT],0x000074472c095157
5946551.0,554508,python,[JIT],0x000074d163219c65
5946525.0,554559,python,[JIT],0x000074472c095ec6
5945795.0,554498,python,[kernel.kallsyms],__pte_offset_map_lock
5945473.0,554498,python,[JIT],0x00007a47e2839593
5945308.0,554520,python,[JIT],0x00007bae9855c361
5944854.0,554532,python,[JIT],0x00007f3be24b3e19
5944714.0,554532,python,[JIT],0x00007f3be24b1907
5944454.0,554520,python,[JIT],0x00007bae9855c220
5944382.0,554559,python,[JIT],0x000074472c09888d
5944277.0,554559,python,[JIT],0x000074472c095175
5944218.0,554545,python,python,memcmp@plt
5944100.0,554520,python,[JIT],0x00007bae98551124
5944090.0,554572,python,[JIT],0x000071d3e604b1d6
5943877.0,554532,python,[JIT],0x00007f3be24b3d25
5943799.0,554498,python,[JIT],0x00007a47e28383a9
5943723.0,554508,python,[JIT],0x000074d163219543
5943473.0,554572,python,[JIT],0x000071d3e6040727
5943210.0,554498,python,[JIT],0x00007a47e2838ff2
5943087.0,554498,python,[JIT],0x00007a47e283b2be
5942974.0,554508,python,[JIT],0x000074d16322846e
5942964.0,554498,python,[JIT],0x00007a47e284631a
5942801.0,554532,python,[JIT],0x00007f3be24b45e6
5942774.0,554559,python,[JIT],0x000074472c09506a
5942349.0,554559,python,[JIT],0x000074472c0959dd
5942290.0,554532,python,[JIT],0x00007f3be2d66111
5942231.0,554532,python,[JIT],0x00007f3be2ceb1fa
5942201.0,554532,python,[JIT],0x00007f3be2d655b1
5942066.0,554498,python,[JIT],0x00007a47e2839b33
5941948.0,554572,python,[JIT],0x000071d3e604c5c8
5941774.0,554508,python,[JIT],0x000074d16321a632
5941698.0,554559,python,[JIT],0x000074472c0950c7
5941611.0,554559,python,[JIT],0x000074472c09523d
5941546.0,554498,python,[JIT],0x00007a47e283b4cb
5941544.0,554532,python,python,long_add_method
5941329.0,554532,python,[JIT],0x00007f3be24b4710
5941310.0,554572,python,[JIT],0x000071d3e604b0ff
5940863.0,554498,python,[JIT],0x00007a47e283b7f3
5940790.0,554508,python,[kernel.kallsyms],native_read_msr
5940634.0,554559,python,[JIT],0x000074472c095cf1
5940359.0,554520,python,[JIT],0x00007bae9855d214
5940300.0,554572,python,[JIT],0x000071d3e604bd18
5940047.0,554498,python,[JIT],0x00007a47e2830139
5940027.0,554532,python,[JIT],0x00007f3be24b6ed2
5939904.0,554508,python,[JIT],0x000074d1632199fc
5939898.0,554532,python,[JIT],0x00007f3be24b4b44
5939489.0,554508,python,[JIT],0x000074d1632191c0
5938943.0,554559,python,[JIT],0x000074472c93410c
5938849.0,554520,python,[JIT],0x00007bae9855d76d
5938585.0,554572,python,[JIT],0x000071d3e6051cac
5938571.0,554498,python,[JIT],0x00007a47e2ad6572
5938334.0,554572,python,python,_PyJIT_Entry
5938271.0,554559,python,[JIT],0x000074472c0965a4
5938120.0,554532,python,[kernel.kallsyms],__update_load_avg_cfs_rq
5938001.0,554559,python,[JIT],0x000074472c09582d
5937719.0,554572,python,[JIT],0x000071d3e604b8a1
5937567.0,554520,python,[JIT],0x00007bae9855cc49
5937341.0,554498,python,[JIT],0x00007a47e2846102
5937274.0,554532,python,[JIT],0x00007f3be24b3380
5937182.0,554532,python,[JIT],0x00007f3be24c12a9
5937152.0,554532,python,[JIT],0x00007f3be24b3052
5937134.0,554559,python,[JIT],0x000074472c08f9f8
5937063.0,554520,python,[JIT],0x00007bae9855d15a
5936949.0,554508,python,[JIT],0x000074d1632191d6
5936832.0,554498,python,[JIT],0x00007a47e28389b2
5936671.0,554508,python,[JIT],0x000074d16320f5ce
5936602.0,554559,python,[JIT],0x000074472c93438c
5936516.0,554572,python,[kernel.kallsyms],ktime_get
5936478.0,554545,python,python,allocate_from_new_pool
5936226.0,554498,python,[JIT],0x00007a47e283c429
5936062.0,554508,python,[JIT],0x000074d16321f5d9
5936050.0,554532,python,[JIT],0x00007f3be24b677d
5935983.0,554520,python,[JIT],0x00007bae98554175
5935959.0,554572,python,[JIT],0x000071d3e604c17e
5935744.0,554498,python,[JIT],0x00007a47e283972b
5935435.0,554532,python,[JIT],0x00007f3be24b3210
5934731.0,554520,python,[JIT],0x00007bae9855d1c6
5934666.0,554520,python,[JIT],0x00007bae9855d5b9
5934330.0,554572,python,[JIT],0x000071d3e6043812
5934093.0,554520,python,[JIT],0x00007bae9855f4b4
5934088.0,554572,python,[JIT],0x000071d3e60530ad
5933991.0,554572,python,[JIT],0x000071d3e605946e
5933864.0,554508,python,[JIT],0x000074d16321a799
5933722.0,554498,python,[JIT],0x00007a47e2839259
5933700.0,554498,python,[JIT],0x00007a47e28462f3
5933672.0,554520,python,python,PyObject_GC_UnTrack
5933469.0,554559,python,[kernel.kallsyms],update_curr
5933027.0,554520,python,[kernel.kallsyms],update_curr
5932920.0,554508,python,[JIT],0x000074d16322837d
5932865.0,554559,python,[kernel.kallsyms],folio_batch_move_lru
5932766.0,554532,python,[JIT],0x00007f3be24bf41f
5932234.0,554572,python,[JIT],0x000071d3e604b157
5931659.0,554572,python,[JIT],0x000071d3e604b4c3
5931539.0,554498,python,[JIT],0x00007a47e28441ab
5930798.0,554572,python,[JIT],0x000071d3e605947b
5929550.0,554559,python,[JIT],0x000074472c0a31fa
5929462.0,554572,python,[JIT],0x000071d3e60441c0
5929448.0,554559,python,[JIT],0x000074472c08f5a6
5929384.0,554532,python,[JIT],0x00007f3be24b30f1
5929360.0,554498,python,[JIT],0x00007a47e2ad655d
5929341.0,554520,python,[JIT],0x00007bae9855f127
5929261.0,554559,python,[JIT],0x000074472c08b5ce
5929078.0,554559,python,[kernel.kallsyms],__mem_cgroup_charge
5928831.0,554559,python,[kernel.kallsyms],__sysvec_apic_timer_interrupt
5928366.0,554532,python,[kernel.kallsyms],rmqueue
5928353.0,554508,python,[kernel.kallsyms],folio_add_new_anon_rmap
5928203.0,554559,python,[JIT],0x000074472c09b692
5927791.0,554572,python,python,PyMem_Malloc
5927771.0,554532,python,[kernel.kallsyms],account_user_time
5927428.0,554532,python,[kernel.kallsyms],count_memcg_events.constprop.0
5927289.0,554532,python,[kernel.kallsyms],task_tick_fair
5927159.0,554498,python,[kernel.kallsyms],folio_add_new_anon_rmap
5927046.0,554520,python,[JIT],0x00007bae9855c7c0
5926531.0,554498,python,[JIT],0x00007a47e28383d0
5926488.0,554559,python,[JIT],0x000074472c098567
5926386.0,554559,python,python,merge_from_seq2_lock_held
5926268.0,554572,python,[JIT],0x000071d3e604c225
5926085.0,554520,python,[JIT],0x00007bae985545b1
5925958.0,554572,python,[kernel.kallsyms],__update_load_avg_cfs_rq
5925817.0,554532,python,[JIT],0x00007f3be24b3c49
5925814.0,554508,python,python,_PyObject_LookupSpecial
5925722.0,554520,python,[kernel.kallsyms],pte_offset_map_nolock
5925569.0,554532,python,[JIT],0x00007f3be24b3919
5925517.0,554559,python,[JIT],0x000074472c09b9cf
5925166.0,554532,python,[JIT],0x00007f3be24ac812
5924806.0,554520,python,[JIT],0x00007bae9855176c
5924286.0,554508,python,[JIT],0x000074d16321fae2
5924029.0,554520,python,[JIT],0x00007bae98562cac
5923901.0,554532,python,[JIT],0x00007f3be24b3ae3
5923805.0,554559,python,[kernel.kallsyms],rmqueue
5923496.0,554508,python,[JIT],0x000074d16321964c
5923484.0,554572,python,python,find_empty_slot
5923397.0,554520,python,[kernel.kallsyms],rmqueue_bulk
5923322.0,554559,python,[kernel.kallsyms],pte_offset_map_nolock
5923246.0,554572,python,[JIT],0x000071d3e6043157
5923041.0,554532,python,[JIT],0x00007f3be24ab3a2
5923028.0,554559,python,[JIT],0x000074472c093907
5922989.0,554498,python,[kernel.kallsyms],post_alloc_hook
5922606.0,554559,python,[JIT],0x000074472c09bde0
5922331.0,554520,python,[kernel.kallsyms],count_memcg_events.constprop.0
5922093.0,554559,python,[JIT],0x000074472c09b2cc
5921487.0,554520,python,[JIT],0x00007bae985627df
5921325.0,554559,python,[JIT],0x000074472c09be38
5921175.0,554520,python,[JIT],0x00007bae9855c3be
5920697.0,554559,python,python,_Py_NewReference
5920541.0,554572,python,python,merge_from_seq2_lock_held
5920531.0,554559,python,[JIT],0x000074472c0961bc
5920477.0,554520,python,[kernel.kallsyms],sync_regs
5920468.0,554572,python,[JIT],0x000071d3e604c259
5920213.0,554532,python,python,tuple_alloc
5919940.0,554520,python,[kernel.kallsyms],free_unref_page_prepare
5919781.0,554559,python,[JIT],0x000074472c09c1c2
5919618.0,554498,python,[JIT],0x00007a47e283bcf7
5919581.0,554532,python,[JIT],0x00007f3be24b3c38
5919458.0,554559,python,[JIT],0x000074472c0952f2
5918852.0,554498,python,[JIT],0x00007a47e284366e
5918680.0,554508,python,[kernel.kallsyms],sync_regs
5918268.0,554520,python,[kernel.kallsyms],handle_pte_fault
5918241.0,554572,python,[JIT],0x000071d3e605323c
5918107.0,554508,python,[JIT],0x000074d16321f6da
5917856.0,554532,python,[kernel.kallsyms],arch_scale_freq_tick
5917273.0,554572,python,[kernel.kallsyms],__rmqueue_pcplist
5917177.0,554508,python,[JIT],0x000074d16321f7eb
5917171.0,554572,python,[kernel.kallsyms],__update_load_avg_se
5916913.0,554545,python,python,_PyThreadState_PopFrame
5916486.0,554508,python,[JIT],0x000074d163219598
5916424.0,554532,python,[JIT],0x00007f3be24b644d
5916385.0,554572,python,python,PyObject_Free
5916117.0,554520,python,python,_Py_CallBuiltinClass_StackRef
5916115.0,554520,python,[JIT],0x00007bae9855c82d
5914886.0,554572,python,[kernel.kallsyms],__pte_offset_map_lock
5914662.0,554559,python,[kernel.kallsyms],_raw_spin_trylock
5914613.0,554572,python,[kernel.kallsyms],update_load_avg
5914468.0,554508,python,[JIT],0x000074d16321a292
5914440.0,554532,python,[JIT],0x00007f3be24b676e
5914022.0,554572,python,python,PyObject_SelfIter
5913818.0,554520,python,[JIT],0x00007bae9855c127
5913701.0,554532,python,[JIT],0x00007f3be24ae7f8
5913420.0,554545,python,[kernel.kallsyms],sync_regs
5912692.0,554520,python,[JIT],0x00007bae9855c4e3
5912679.0,554508,python,[kernel.kallsyms],handle_pte_fault
5912633.0,554498,python,[JIT],0x00007a47e283c63c
5912258.0,554508,python,[JIT],0x000074d16321f9cf
5911933.0,554520,python,[JIT],0x00007bae98562fb6
5911279.0,554532,python,[JIT],0x00007f3be24bf67a
5910499.0,554559,python,[JIT],0x000074472c09b35c
5910467.0,554520,python,[JIT],0x00007bae98562f87
5910329.0,554498,python,[JIT],0x00007a47e2843a58
5909780.0,554498,python,[JIT],0x00007a47e2843a9c
5909418.0,554532,python,[JIT],0x00007f3be2d6510c
5908950.0,554532,python,[kernel.kallsyms],get_page_from_freelist
5908050.0,554572,python,python,PyLong_FromSsize_t
5907765.0,554559,python,[JIT],0x000074472c09ba4a
5907635.0,554559,python,[JIT],0x000074472c0a43c1
5907515.0,554520,python,[JIT],0x00007bae98562a58
5907441.0,554559,python,[JIT],0x000074472c096282
5907251.0,554498,python,[kernel.kallsyms],lapic_next_deadline
5906911.0,554520,python,python,_PyThreadState_PopFrame
5906593.0,554572,python,[JIT],0x000071d3e6051d44
5906245.0,554498,python,[JIT],0x00007a47e284409e
5905906.0,554559,python,python,enum_next
5905366.0,554520,python,python,PyCMethod_New
5904908.0,554572,python,[JIT],0x000071d3e604edcf
5904384.0,554559,python,[JIT],0x000074472c09b134
5904280.0,554532,python,[JIT],0x00007f3be24bf9e6
5904252.0,554498,python,[JIT],0x00007a47e284357d
5904164.0,554559,python,[kernel.kallsyms],exc_page_fault
5903705.0,554508,python,[JIT],0x000074d16321fd75
5903593.0,554508,python,[JIT],0x000074d16321c65a
5903396.0,554532,python,[JIT],0x00007f3be24b48c8
5903327.0,554508,python,[JIT],0x000074d163219673
5903189.0,554559,python,[kernel.kallsyms],handle_pte_fault
5903067.0,554498,python,[JIT],0x00007a47e2838552
5902834.0,554532,python,python,_PyEval_FrameClearAndPop
5902822.0,554520,python,[JIT],0x00007bae98560621
5902568.0,554508,python,[JIT],0x000074d16321fd52
5901680.0,554520,python,[JIT],0x00007bae9855c51c
5900674.0,554545,python,python,PyCMethod_New
5900619.0,554508,python,[JIT],0x000074d16321f7f4
5900430.0,554532,python,[JIT],0x00007f3be24bf919
5900383.0,554520,python,[JIT],0x00007bae98562291
5900348.0,554508,python,[kernel.kallsyms],__mod_zone_page_state
5899678.0,554532,python,[JIT],0x00007f3be24bf66e
5898987.0,554532,python,[JIT],0x00007f3be24bf17a
5898874.0,554508,python,python,dictiter_len
5898621.0,554498,python,[JIT],0x00007a47e2843343
5898198.0,554559,python,python,_PyObject_GenericGetAttrWithDict
5898182.0,554520,python,python,PyObject_GC_Del
5898069.0,554498,python,[JIT],0x00007a47e2846244
5897995.0,554498,python,[kernel.kallsyms],ktime_get
5897753.0,554520,python,[kernel.kallsyms],clear_page_erms
5897566.0,554559,python,[JIT],0x000074472c09b27a
5897168.0,554508,python,python,PyObject_GenericGetAttr
5897158.0,554572,python,[JIT],0x000071d3e60517eb
5896695.0,554508,python,[JIT],0x000074d163219d56
5896481.0,554508,python,[JIT],0x000074d16321c932
5896019.0,554508,python,python,PyObject_SelfIter
5895029.0,554545,python,python,PyObject_LengthHint
5894925.0,554559,python,[JIT],0x000074472c08c135
5893840.0,554508,python,[JIT],0x000074d163220070
5893754.0,554508,python,[JIT],0x000074d16321a259
5893702.0,554532,python,[JIT],0x00007f3be24bf636
5893218.0,554498,python,[JIT],0x00007a47e2838c21
5893113.0,554508,python,[JIT],0x000074d16321c4cb
5892983.0,554572,python,[JIT],0x000071d3e604c8e7
5892042.0,554532,python,[JIT],0x00007f3be24bf9af
5891692.0,554520,python,python,list_vectorcall
5891332.0,554532,python,python,PyMem_Free
5889984.0,554532,python,[kernel.kallsyms],vma_alloc_folio
5889775.0,554532,python,[JIT],0x00007f3be24bfb69
5889413.0,554572,python,[kernel.kallsyms],__pte_offset_map
5888646.0,554559,python,[kernel.kallsyms],sync_regs
5887681.0,554520,python,[kernel.kallsyms],native_write_msr
5886354.0,554498,python,[JIT],0x00007a47e282e135
5884980.0,554498,python,[JIT],0x00007a47e283b3ca
5884933.0,554532,python,[JIT],0x00007f3be24b41ad
5883248.0,554508,python,[JIT],0x000074d16321200a
5883046.0,554559,python,[JIT],0x000074472c08b47a
5882854.0,554498,python,[JIT],0x00007a47e2839468
5882831.0,554520,python,[kernel.kallsyms],__rcu_read_lock
5882311.0,554520,python,[JIT],0x00007bae985631ab
5882050.0,554572,python,[JIT],0x000071d3e6051b54
5881777.0,554532,python,python,_PyThreadState_PopFrame
5881660.0,554498,python,[kernel.kallsyms],lru_add_fn
5881636.0,554559,python,[JIT],0x000074472c095cd5
5879341.0,554498,python,[JIT],0x00007a47e283bf84
5879046.0,554508,python,python,_PyObject_GetAttrStackRef
5878274.0,554532,python,python,_PyObject_TryGetInstanceAttribute
5877819.0,554572,python,[JIT],0x000071d3e6051e69
5877538.0,554572,python,[JIT],0x000071d3e6051233
5875605.0,554508,python,[JIT],0x000074d163219e62
5874233.0,554508,python,[kernel.kallsyms],rmqueue
5874203.0,554545,python,[kernel.kallsyms],clear_page_erms
5872637.0,554572,python,[JIT],0x000071d3e605188d
5866416.0,554559,python,[JIT],0x000074472c09be7e
5866057.0,554532,python,[JIT],0x00007f3be24bfa58
5864570.0,554498,python,[JIT],0x00007a47e282d124
5862678.0,554532,python,[JIT],0x00007f3be24bf052
5859769.0,554508,python,[JIT],0x000074d16321f134
5856727.0,554572,python,[JIT],0x000071d3e6051e33
5856588.0,554508,python,[JIT],0x000074d16321f66e
5854746.0,554498,python,[JIT],0x00007a47e28437af
5837309.0,554508,python,[JIT],0x000074d163216224
5821845.0,554508,python,[JIT],0x000074d16321d4c5
5818298.0,554508,python,[JIT],0x000074d16321a666
5812795.0,554508,python,[JIT],0x000074d16321a8c8
5809018.0,554508,python,[JIT],0x000074d1634c3111
5796438.0,554498,python,[JIT],0x00007a47e283938b
5788179.0,554532,python,[kernel.kallsyms],update_cfs_group
5780136.0,554559,python,python,merge_at
5757735.0,554508,python,[JIT],0x000074d1632147f8
5714775.0,554498,python,[JIT],0x00007a47e28388f9
4995917.0,554498,python,[JIT],0x00007a47e2838ccf
4990788.0,554572,python,[JIT],0x000071d3e60479fc
4964074.0,554498,python,[kernel.kallsyms],__mem_cgroup_charge
4962860.0,554572,python,[JIT],0x000071d3e604bd72
4962695.0,554508,python,python,gallop_left
4962557.0,554545,python,python,tuple_alloc
4962355.0,554520,python,[JIT],0x00007bae985665c2
4962097.0,554559,python,[JIT],0x000074472c93505c
4962036.0,554532,python,[JIT],0x00007f3be2ceb34e
4961948.0,554572,python,[JIT],0x000071d3e60533ae
4961943.0,554520,python,[JIT],0x00007bae9856547b
4961817.0,554559,python,[JIT],0x000074472c0a3129
4961806.0,554508,python,[JIT],0x000074d16322847b
4961732.0,554559,python,[JIT],0x000074472c0953be
4961684.0,554572,python,[JIT],0x000071d3e60594f7
4961668.0,554498,python,[JIT],0x00007a47e2ad624a
4961654.0,554508,python,[JIT],0x000074d16321dee6
4961637.0,554508,python,[JIT],0x000074d1632137b6
4961634.0,554520,python,python,gallop_left
4961633.0,554498,python,[JIT],0x00007a47e2839266
4961538.0,554508,python,[JIT],0x000074d163214b67
4961533.0,554559,python,[JIT],0x000074472c08b0ad
4961523.0,554508,python,[JIT],0x000074d163219353
4961515.0,554532,python,[JIT],0x00007f3be24b387c
4961493.0,554508,python,[JIT],0x000074d163219552
4961461.0,554572,python,[JIT],0x000071d3e6053369
4961451.0,554532,python,[JIT],0x00007f3be24b37fa
4961429.0,554559,python,[JIT],0x000074472c09536c
4961422.0,554508,python,[JIT],0x000074d1632139f8
4961422.0,554508,python,[JIT],0x000074d1632192a7
4961420.0,554559,python,[JIT],0x000074472c0952e8
4961395.0,554532,python,[JIT],0x00007f3be24b46ad
4961349.0,554572,python,[JIT],0x000071d3e6059134
4961331.0,554498,python,[JIT],0x00007a47e283b225
4961329.0,554559,python,[JIT],0x000074472c095361
4961287.0,554532,python,python,PyObject_CallOneArg
4961286.0,554498,python,[JIT],0x00007a47e28388ea
4961239.0,554532,python,[JIT],0x00007f3be24b3110
4961236.0,554559,python,[JIT],0x000074472c099962
4961227.0,554508,python,[JIT],0x000074d16321ca57
4961196.0,554498,python,[JIT],0x00007a47e2839282
4961188.0,554498,python,[JIT],0x00007a47e283b4ea
4961176.0,554532,python,[JIT],0x00007f3be24b0ccd
4961169.0,554520,python,[JIT],0x00007bae985661f7
4961164.0,554498,python,[JIT],0x00007a47e2838982
4961097.0,554508,python,[JIT],0x000074d16321d234
4961096.0,554559,python,[JIT],0x000074472c0987f3
4961061.0,554498,python,[JIT],0x00007a47e283919c
4961052.0,554532,python,[JIT],0x00007f3be24b4111
4961034.0,554545,python,[JIT],0x00007b13c67e1a00
4960932.0,554532,python,[JIT],0x00007f3be24b4427
4960927.0,554559,python,[JIT],0x000074472c098701
4960907.0,554520,python,[JIT],0x00007bae985604fd
4960857.0,554498,python,[JIT],0x00007a47e282f3a2
4960842.0,554559,python,[JIT],0x000074472c0964c0
4960823.0,554520,python,[JIT],0x00007bae9855fb80
4960808.0,554508,python,[JIT],0x000074d16321c976
4960792.0,554559,python,[JIT],0x000074472c095a83
4960761.0,554520,python,[JIT],0x00007bae9856523c
4960739.0,554559,python,[JIT],0x000074472c0957de
4960732.0,554572,python,[JIT],0x000071d3e604b78e
4960628.0,554508,python,[JIT],0x000074d163229517
4960603.0,554532,python,python,gallop_left
4960593.0,554520,python,python,merge_at
4960582.0,554520,python,[JIT],0x00007bae9855c224
4960539.0,554572,python,[JIT],0x000071d3e604bccf
4960537.0,554508,python,[JIT],0x000074d163219533
4960532.0,554498,python,[JIT],0x00007a47e283b44d
4960501.0,554532,python,[JIT],0x00007f3be24b776a
4960496.0,554498,python,[JIT],0x00007a47e28385f2
4960455.0,554532,python,[JIT],0x00007f3be24b300a
4960444.0,554572,python,[JIT],0x000071d3e604bded
4960440.0,554532,python,[JIT],0x00007f3be24b355c
4960425.0,554520,python,[JIT],0x00007bae9855fdeb
4960366.0,554508,python,[JIT],0x000074d16322838c
4960361.0,554532,python,[JIT],0x00007f3be24b6eee
4960349.0,554572,python,[JIT],0x000071d3e6043233
4960308.0,554520,python,[JIT],0x00007bae98551777
4960305.0,554508,python,[JIT],0x000074d163219f6f
4960271.0,554572,python,[JIT],0x000071d3e604c649
4960264.0,554520,python,[JIT],0x00007bae9855d8e4
4960260.0,554572,python,[JIT],0x000071d3e604b923
4960248.0,554520,python,[JIT],0x00007bae9855cc38
4960243.0,554498,python,[JIT],0x00007a47e283823d
4960241.0,554559,python,[JIT],0x000074472c0980ff
4960196.0,554520,python,[JIT],0x00007bae9855d5fd
4960151.0,554559,python,[JIT],0x000074472c0953ff
4960133.0,554508,python,[JIT],0x000074d1632193ff
4960104.0,554508,python,python,PyObject_CallOneArg
4960070.0,554520,python,[JIT],0x00007bae9855c75f
4960058.0,554572,python,[JIT],0x000071d3e604e00a
4960038.0,554572,python,[JIT],0x000071d3e604b0ad
4960005.0,554498,python,[JIT],0x00007a47e283978c
4959945.0,554520,python,[JIT],0x00007bae9855c734
4959924.0,554572,python,[JIT],0x000071d3e604c8c8
4959907.0,554572,python,[JIT],0x000071d3e6048907
4959889.0,554559,python,[JIT],0x000074472c095847
4959805.0,554559,python,[JIT],0x000074472c0983ca
4959789.0,554532,python,[JIT],0x00007f3be24a9114
4959764.0,554498,python,[JIT],0x00007a47e28391f1
4959710.0,554532,python,[JIT],0x00007f3be24b3b43
4959696.0,554572,python,[JIT],0x000071d3e604b0f1
4959678.0,554559,python,[JIT],0x000074472c096076
4959606.0,554559,python,python,memcpy@plt
4959561.0,554559,python,[JIT],0x000074472c0a4261
4959559.0,554508,python,[JIT],0x000074d16322938c
4959550.0,554572,python,[JIT],0x000071d3e604ba20
4959463.0,554559,python,[JIT],0x000074472c0968e4
4959444.0,554498,python,[JIT],0x00007a47e28397d6
4959424.0,554572,python,[JIT],0x000071d3e604c5ee
4959377.0,554572,python,[JIT],0x000071d3e604ba04
4959188.0,554572,python,[JIT],0x000071d3e604e0dc
4959146.0,554572,python,[JIT],0x000071d3e604b3a9
4959144.0,554508,python,[JIT],0x000074d16321cd0a
4959096.0,554508,python,[JIT],0x000074d1632272c5
4958953.0,554559,python,[JIT],0x000074472c935212
4958939.0,554532,python,[JIT],0x00007f3be24aa877
4958911.0,554498,python,[JIT],0x00007a47e283b1a9
4958734.0,554545,python,python,_PyCompactLong_Add
4958725.0,554559,python,[JIT],0x000074472c0955d4
4958672.0,554559,python,[JIT],0x000074472c09847f
4958645.0,554498,python,[JIT],0x00007a47e2ad6620
4958626.0,554559,python,[JIT],0x000074472c09638b
4958601.0,554559,python,[JIT],0x000074472c095233
4958590.0,554520,python,[JIT],0x00007bae9855ff84
4958583.0,554572,python,[JIT],0x000071d3e604e540
4958579.0,554559,python,[kernel.kallsyms],perf_adjust_freq_unthr_context
4958475.0,554559,python,[JIT],0x000074472c934768
4958397.0,554572,python,[JIT],0x000071d3e604b268
4958388.0,554559,python,[JIT],0x000074472c08b0c7
4958388.0,554498,python,[JIT],0x00007a47e282d406
4958328.0,554532,python,[JIT],0x00007f3be24b3734
4958317.0,554508,python,[JIT],0x000074d163219c38
4958302.0,554572,python,[JIT],0x000071d3e604bc83
4958240.0,554498,python,[JIT],0x00007a47e28315a6
4958072.0,554572,python,[JIT],0x000071d3e604b919
4957974.0,554572,python,[JIT],0x000071d3e604c0a8
4957960.0,554520,python,[JIT],0x00007bae9855d8e7
4957928.0,554572,python,[JIT],0x000071d3e604b127
4957810.0,554572,python,[JIT],0x000071d3e604bb86
4957732.0,554572,python,[JIT],0x000071d3e605a42a
4957732.0,554508,python,python,func_traverse
4957715.0,554508,python,[JIT],0x000074d163219681
4957514.0,554520,python,[JIT],0x00007bae9855106a
4957435.0,554520,python,[JIT],0x00007bae9855c9be
4957352.0,554559,python,[JIT],0x000074472c095ded
4957315.0,554532,python,[JIT],0x00007f3be24b3268
4957285.0,554508,python,[JIT],0x000074d16320f828
4957238.0,554498,python,[JIT],0x00007a47e28398e4
4957221.0,554572,python,[JIT],0x000071d3e6040114
4957172.0,554520,python,[JIT],0x00007bae98554812
4957142.0,554532,python,[JIT],0x00007f3be24b3a83
4957076.0,554498,python,[JIT],0x00007a47e2838bd3
4956932.0,554532,python,[JIT],0x00007f3be2d651e9
4956849.0,554508,python,[JIT],0x000074d163229235
4956485.0,554520,python,[JIT],0x00007bae9855c052
4956432.0,554572,python,[JIT],0x000071d3e604f88c
4956393.0,554532,python,[JIT],0x00007f3be24b32d5
4956384.0,554498,python,[JIT],0x00007a47e283b185
4956380.0,554559,python,[JIT],0x000074472c095efc
4956377.0,554520,python,[JIT],0x00007bae9855d0b8
4956243.0,554508,python,[JIT],0x000074d16321a4b0
4956185.0,554498,python,[JIT],0x00007a47e284638c
4956148.0,554559,python,[JIT],0x000074472c0958ce
4956072.0,554532,python,[JIT],0x00007f3be2d65270
4955984.0,554520,python,[JIT],0x00007bae98556b67
4955950.0,554520,python,[JIT],0x00007bae9855c6c9
4955935.0,554572,python,[JIT],0x000071d3e605a316
4955899.0,554520,python,[JIT],0x00007bae98564356
4955876.0,554559,python,[JIT],0x000074472c095299
4955876.0,554532,python,[JIT],0x00007f3be2ceb433
4955869.0,554498,python,[JIT],0x00007a47e28450c7
4955802.0,554559,python,[JIT],0x000074472c0925a6
4955750.0,554559,python,[JIT],0x000074472c08e1c0
4955728.0,554508,python,[JIT],0x000074d16321ab44
4955661.0,554498,python,[JIT],0x00007a47e282e873
4955616.0,554545,python,[JIT],0x00007b13c67eb11b
4955611.0,554498,python,[JIT],0x00007a47e2ad668b
4955557.0,554572,python,[JIT],0x000071d3e604c468
4955537.0,554572,python,[JIT],0x000071d3e604b299
4955436.0,554508,python,[JIT],0x000074d16321a56b
4955418.0,554572,python,[JIT],0x000071d3e604b37a
4955394.0,554572,python,[JIT],0x000071d3e6053309
4955394.0,554559,python,[JIT],0x000074472c099431
4955236.0,554572,python,[JIT],0x000071d3e604b114
4955078.0,554508,python,[JIT],0x000074d16321a585
4955054.0,554559,python,[JIT],0x000074472c095aaf
4954870.0,554532,python,[JIT],0x00007f3be24be068
4954546.0,554572,python,[JIT],0x000071d3e60406f8
4954383.0,554572,python,[JIT],0x000071d3e604b9be
4954330.0,554559,python,[JIT],0x000074472c096292
4954283.0,554520,python,[kernel.kallsyms],asm_exc_page_fault
4954232.0,554498,python,[JIT],0x00007a47e2838500
4954228.0,554572,python,[JIT],0x000071d3e604e750
4954197.0,554520,python,[JIT],0x00007bae9856420f
4954143.0,554572,python,[JIT],0x000071d3e60432c5
4953982.0,554498,python,[JIT],0x00007a47e2838d18
4953843.0,554532,python,[JIT],0x00007f3be24b0201
4953189.0,554520,python,[JIT],0x00007bae98560234
4953065.0,554508,python,[JIT],0x000074d1632193ac
4952998.0,554508,python,python,_Py_VectorCall_StackRefSteal
4952947.0,554520,python,[JIT],0x00007bae98552a04
4952747.0,554532,python,[JIT],0x00007f3be24b30ff
4952679.0,554520,python,[JIT],0x00007bae9855c139
4952524.0,554532,python,[JIT],0x00007f3be24b3121
4952511.0,554559,python,python,_PyEvalFramePushAndInit
4952487.0,554508,python,[JIT],0x000074d1632197b6
4952474.0,554498,python,[JIT],0x00007a47e28395b9
4952462.0,554559,python,[JIT],0x000074472c0951aa
4952454.0,554572,python,python,_Py_BuiltinCallFastWithKeywords_StackRef
4952454.0,554508,python,python,_PyJIT_Entry
4952425.0,554508,python,[JIT],0x000074d16321a349
4952383.0,554532,python,[JIT],0x00007f3be24c10dc
4952378.0,554508,python,[JIT],0x000074d163219210
4952291.0,554572,python,[JIT],0x000071d3e604c4f2
4952285.0,554559,python,[JIT],0x000074472c0938de
4952261.0,554498,python,[JIT],0x00007a47e2838210
4952224.0,554532,python,[JIT],0x00007f3be2d6568b
4952220.0,554532,python,[JIT],0x00007f3be24b3ded
4952203.0,554498,python,[JIT],0x00007a47e2838fb7
4952169.0,554498,python,[JIT],0x00007a47e2838734
4952146.0,554572,python,[kernel.kallsyms],cpuacct_charge
4951962.0,554498,python,[JIT],0x00007a47e283836c
4951915.0,554545,python,python,gen_iternext
4951863.0,554508,python,[JIT],0x000074d163212127
4951821.0,554572,python,[kernel.kallsyms],task_tick_fair
4951746.0,554508,python,[JIT],0x000074d16321c1c2
4951444.0,554559,python,[JIT],0x000074472c09811b
4951332.0,554508,python,[JIT],0x000074d163219cf1
4951226.0,554498,python,[JIT],0x00007a47e28387cf
4951198.0,554559,python,[JIT],0x000074472c096381
4951165.0,554572,python,[JIT],0x000071d3e604f425
4951053.0,554508,python,[JIT],0x000074d16321a7a1
4951015.0,554559,python,[JIT],0x000074472c935297
4950923.0,554532,python,[JIT],0x00007f3be24b45b9
4950865.0,554498,python,[JIT],0x00007a47e28389be
4950794.0,554572,python,[JIT],0x000071d3e605a3a6
4950778.0,554559,python,[JIT],0x000074472c08d3a2
4950444.0,554572,python,[JIT],0x000071d3e604c368
4950429.0,554520,python,[JIT],0x00007bae9855cb86
4950408.0,554532,python,[JIT],0x00007f3be24b18de
4950402.0,554508,python,[JIT],0x000074d163219e7e
4950366.0,554520,python,[JIT],0x00007bae9855f7f3
4950350.0,554572,python,[kernel.kallsyms],blk_cgroup_congested
4950347.0,554559,python,[kernel.kallsyms],notifier_call_chain
4950196.0,554508,python,[JIT],0x000074d163226068
4950190.0,554498,python,[JIT],0x00007a47e2838353
4950177.0,554508,python,[JIT],0x000074d163227261
4950073.0,554532,python,python,PyNumber_Add
4950043.0,554508,python,[JIT],0x000074d1632280dc
4950037.0,554532,python,[JIT],0x00007f3be24b3064
4950008.0,554532,python,[JIT],0x00007f3be24b32a7
4949909.0,554572,python,[JIT],0x000071d3e604bd25
4949837.0,554572,python,[JIT],0x000071d3e605a0a9
4949738.0,554572,python,[JIT],0x000071d3e604c38b
4949576.0,554572,python,[JIT],0x000071d3e60405d7
4949465.0,554498,python,[JIT],0x00007a47e28387a5
4949440.0,554559,python,[JIT],0x000074472c095ab7
4949424.0,554520,python,[JIT],0x00007bae9855d77b
4949424.0,554559,python,[kernel.kallsyms],ktime_get_update_offsets_now
4949277.0,554498,python,[JIT],0x00007a47e28302b6
4949203.0,554532,python,[JIT],0x00007f3be24b3139
4949173.0,554559,python,[JIT],0x000074472c0a40ad
4949154.0,554498,python,[JIT],0x00007a47e283943b
4949102.0,554508,python,[JIT],0x000074d163220260
4949093.0,554498,python,[kernel.kallsyms],irqentry_exit
4949063.0,554498,python,[JIT],0x00007a47e28390b8
4949058.0,554508,python,[JIT],0x000074d16321a171
4949023.0,554520,python,[JIT],0x00007bae98566517
4948996.0,554572,python,[JIT],0x000071d3e605313e
4948989.0,554532,python,[JIT],0x00007f3be24b7720
4948970.0,554520,python,[JIT],0x00007bae985589fc
4948963.0,554572,python,[JIT],0x000071d3e604ee45
4948955.0,554520,python,[JIT],0x00007bae9855d2ad
4948813.0,554508,python,[JIT],0x000074d163219280
4948773.0,554520,python,python,find_empty_slot
4948713.0,554498,python,[JIT],0x00007a47e284647b
4948708.0,554532,python,[JIT],0x00007f3be24b740e
4948654.0,554559,python,python,func_traverse
4948639.0,554572,python,[JIT],0x000071d3e604c05a
4948594.0,554508,python,[JIT],0x000074d16321934c
4948588.0,554559,python,[JIT],0x000074472c096710
4948578.0,554520,python,[JIT],0x00007bae985624e0
4948577.0,554572,python,[JIT],0x000071d3e605a3e7
4948483.0,554559,python,[JIT],0x000074472c095109
4948443.0,554498,python,[JIT],0x00007a47e283b932
4948438.0,554559,python,[JIT],0x000074472c0964dd
4948373.0,554520,python,[JIT],0x00007bae985661e9
4948351.0,554572,python,[JIT],0x000071d3e604c78c
4948266.0,554532,python,[JIT],0x00007f3be24b38ea
4948214.0,554520,python,[JIT],0x00007bae9855c0c7
4948211.0,554532,python,[JIT],0x00007f3be24b3201
4948099.0,554572,python,[JIT],0x000071d3e604bb70
4947884.0,554520,python,[JIT],0x00007bae9855c2e8
4947835.0,554520,python,[JIT],0x00007bae98563260
4947757.0,554572,python,[JIT],0x000071d3e604c1c6
4947693.0,554498,python,[JIT],0x00007a47e2ad72a5
4947687.0,554532,python,[JIT],0x00007f3be24b375f
4947686.0,554532,python,python,_PyLong_FromMedium
4947638.0,554532,python,[JIT],0x00007f3be24b6714
4947574.0,554559,python,[JIT],0x000074472c096685
4947541.0,554520,python,[JIT],0x00007bae9855c677
4947098.0,554520,python,[JIT],0x00007bae9855cd56
4946844.0,554508,python,python,merge_from_seq2_lock_held
4946836.0,554532,python,[JIT],0x00007f3be24b3dc1
4946795.0,554508,python,python,_PyEval_FrameClearAndPop
4946717.0,554532,python,[JIT],0x00007f3be24c10f1
4946623.0,554508,python,[JIT],0x000074d1634c32df
4946496.0,554498,python,[JIT],0x00007a47e282d828
4946482.0,554572,python,[JIT],0x000071d3e604c378
4946337.0,554520,python,[JIT],0x00007bae985672b6
4946318.0,554498,python,[JIT],0x00007a47e2835907
4946222.0,554520,python,[JIT],0x00007bae985643df
4946003.0,554520,python,[JIT],0x00007bae9855d740
4945934.0,554520,python,[JIT],0x00007bae9855f88d
4945833.0,554508,python,[JIT],0x000074d16321a5d6
4945802.0,554520,python,[JIT],0x00007bae9855fb78
4945652.0,554572,python,[JIT],0x000071d3e604b614
4945652.0,554532,python,[JIT],0x00007f3be24b42b5
4945499.0,554532,python,python,find_empty_slot
4945450.0,554508,python,[JIT],0x000074d1632147f5
4945347.0,554572,python,[JIT],0x000071d3e604073c
4945308.0,554498,python,[JIT],0x00007a47e2843919
4945121.0,554508,python,[kernel.kallsyms],up_read
4944996.0,554520,python,[JIT],0x00007bae9855cfc3
4944984.0,554498,python,[kernel.kallsyms],down_read_trylock
4944915.0,554559,python,[JIT],0x000074472c0a3396
4944805.0,554520,python,[JIT],0x00007bae9855c380
4944796.0,554498,python,[JIT],0x00007a47e2838010
4944733.0,554508,python,[JIT],0x000074d1634c3224
4944731.0,554572,python,[JIT],0x000071d3e604b334
4944712.0,554559,python,[JIT],0x000074472c935120
4944628.0,554520,python,[kernel.kallsyms],get_page_from_freelist
4944545.0,554532,python,python,_Py_VectorCall_StackRefSteal
4944317.0,554498,python,[JIT],0x00007a47e28396ad
4944294.0,554532,python,python,PyObject_GC_UnTrack
4944193.0,554572,python,[JIT],0x000071d3e60533df
4944174.0,554559,python,[JIT],0x000074472c0952d5
4944163.0,554532,python,[JIT],0x00007f3be24b64cb
4944157.0,554508,python,[JIT],0x000074d16321f96a
4943977.0,554498,python,[kernel.kallsyms],update_cfs_group
4943961.0,554532,python,[kernel.kallsyms],sync_regs
4943804.0,554520,python,[JIT],0x00007bae9855c210
4943734.0,554559,python,[JIT],0x000074472c0958ea
4943501.0,554520,python,python,func_traverse
4943339.0,554559,python,[JIT],0x000074472c0950f1
4943312.0,554520,python,[JIT],0x00007bae9856204c
4943246.0,554532,python,[JIT],0x00007f3be24a90ad
4943231.0,554572,python,[kernel.kallsyms],arch_exit_to_user_mode_prepare.isra.0
4943174.0,554559,python,[JIT],0x000074472c09617e
4943005.0,554532,python,[JIT],0x00007f3be24b32e8
4943005.0,554508,python,[JIT],0x000074d163219e9e
4942999.0,554520,python,python,_Py_NewReference
4942958.0,554572,python,[JIT],0x000071d3e6041135
4942920.0,554572,python,[kernel.kallsyms],down_read_trylock
4942909.0,554559,python,[JIT],0x000074472c096468
4942862.0,554498,python,[JIT],0x00007a47e28395ee
4942849.0,554532,python,[JIT],0x00007f3be24b365c
4942809.0,554559,python,[JIT],0x000074472c0964a5
4942797.0,554532,python,[JIT],0x00007f3be24b3cc9
4942622.0,554520,python,[JIT],0x00007bae9855cccf
4942241.0,554508,python,[JIT],0x000074d163219eac
4942143.0,554520,python,[JIT],0x00007bae9856266e
4942124.0,554559,python,[JIT],0x000074472c09c149
4941867.0,554520,python,[JIT],0x00007bae9855cb8e
4941422.0,554508,python,[JIT],0x000074d16321ff11
4941380.0,554532,python,[JIT],0x00007f3be24bf9bd
4941301.0,554508,python,python,_PyLong_FromMedium
4941264.0,554532,python,[JIT],0x00007f3be24b364c
4940779.0,554559,python,[JIT],0x000074472c09b5c6
4940680.0,554559,python,[JIT],0x000074472c095d56
4940636.0,554520,python,[JIT],0x00007bae98562f96
4940560.0,554559,python,[JIT],0x000074472c0967a1
4940367.0,554520,python,[JIT],0x00007bae9855c2c5
4940238.0,554508,python,[JIT],0x000074d16321fb90
4940235.0,554508,python,[kernel.kallsyms],alloc_anon_folio
4940181.0,554532,python,[kernel.kallsyms],free_pcppages_bulk
4939741.0,554572,python,[JIT],0x000071d3e604e121
4939717.0,554520,python,[JIT],0x00007bae9855fe45
4939577.0,554508,python,libc.so.6,_int_malloc
4939521.0,554520,python,[JIT],0x00007bae98565244
4939486.0,554508,python,[JIT],0x000074d16321cb78
4939483.0,554508,python,[JIT],0x000074d16320f777
4939394.0,554520,python,[kernel.kallsyms],account_user_time
4939158.0,554520,python,[JIT],0x00007bae9856649b
4939155.0,554508,python,[JIT],0x000074d16321ab3a
4939060.0,554520,python,[JIT],0x00007bae98562d44
4939029.0,554520,python,[JIT],0x00007bae9855c268
4938857.0,554572,python,[kernel.kallsyms],handle_pte_fault
4938736.0,554572,python,[JIT],0x000071d3e6040812
4938709.0,554572,python,[JIT],0x000071d3e604c459
4938588.0,554508,python,python,long_add_method
4938584.0,554572,python,python,method_get
4938551.0,554572,python,[JIT],0x000071d3e605a536
4938549.0,554572,python,[JIT],0x000071d3e604f7c5
4938543.0,554572,python,[JIT],0x000071d3e605b05c
4938516.0,554508,python,[kernel.kallsyms],lock_vma_under_rcu
4938506.0,554508,python,[JIT],0x000074d16322947f
4938370.0,554559,python,[JIT],0x000074472c0959f4
4938367.0,554508,python,[JIT],0x000074d16321fa29
4938060.0,554572,python,[JIT],0x000071d3e6051b3f
4938052.0,554508,python,[JIT],0x000074d16321fa4a
4937964.0,554572,python,[JIT],0x000071d3e60435d0
4937915.0,554498,python,[JIT],0x00007a47e2846433
4937757.0,554508,python,[JIT],0x000074d1632198a1
4937639.0,554532,python,[JIT],0x00007f3be24b3ccf
4937366.0,554520,python,[JIT],0x00007bae98563190
4937267.0,554559,python,[JIT],0x000074472c0a42eb
4937218.0,554559,python,[JIT],0x000074472c095121
4937217.0,554532,python,[JIT],0x00007f3be24bf2f2
4937038.0,554559,python,[JIT],0x000074472c09bd52
4936981.0,554498,python,[JIT],0x00007a47e2838db1
4936898.0,554532,python,[JIT],0x00007f3be24b3fae
4936782.0,554520,python,[JIT],0x00007bae985545d0
4936549.0,554532,python,[kernel.kallsyms],lru_add_fn
4936361.0,554532,python,[JIT],0x00007f3be24b4171
4936257.0,554532,python,[JIT],0x00007f3be24bf172
4936243.0,554508,python,[JIT],0x000074d163219fa8
4936187.0,554508,python,[JIT],0x000074d16321a38b
4936148.0,554520,python,[JIT],0x00007bae9855c5d4
4936105.0,554532,python,python,_Py_BuiltinCallFastWithKeywords_StackRef
4936011.0,554572,python,python,_PyType_LookupStackRefAndVersion
4935982.0,554498,python,[JIT],0x00007a47e2839292
4935879.0,554508,python,python,allocate_from_new_pool
4935794.0,554532,python,[JIT],0x00007f3be24bfe69
4935721.0,554520,python,[JIT],0x00007bae9855c00a
4935718.0,554572,python,[JIT],0x000071d3e60510fd
4935606.0,554498,python,[JIT],0x00007a47e2838e5c
4935550.0,554520,python,[JIT],0x00007bae9856313d
4935157.0,554520,python,[JIT],0x00007bae9855cc21
4935143.0,554559,python,python,list_resize
4935017.0,554572,python,[JIT],0x000071d3e604e701
4934979.0,554498,python,[JIT],0x00007a47e28392af
4934898.0,554498,python,[JIT],0x00007a47e28387de
4934854.0,554508,python,[JIT],0x000074d16321d258
4934839.0,554520,python,[JIT],0x00007bae9855d71f
4934760.0,554508,python,[JIT],0x000074d16321f0fd
4934491.0,554559,python,[kernel.kallsyms],lock_vma_under_rcu
4934291.0,554508,python,[JIT],0x000074d163212280
4934175.0,554498,python,[JIT],0x00007a47e2843aba
4934119.0,554520,python,[JIT],0x00007bae9855c17f
4934075.0,554559,python,[kernel.kallsyms],native_write_msr
4934023.0,554559,python,[JIT],0x000074472c09c1d0
4933903.0,554559,python,[JIT],0x000074472c09b117
4933845.0,554532,python,[JIT],0x00007f3be24bf1b0
4933778.0,554545,python,python,min_max
4933484.0,554520,python,[JIT],0x00007bae98562aca
4933448.0,554498,python,[JIT],0x00007a47e2843726
4933390.0,554545,python,python,_PyLong_FromMedium
4933308.0,554532,python,[JIT],0x00007f3be24b3e96
4933300.0,554520,python,[JIT],0x00007bae98566316
4933275.0,554559,python,[kernel.kallsyms],error_return
4933274.0,554520,python,[JIT],0x00007bae98564244
4933212.0,554572,python,[JIT],0x000071d3e6051a3e
4933189.0,554520,python,[JIT],0x00007bae9855caaf
4933163.0,554559,python,[JIT],0x000074472c934124
4933115.0,554520,python,[JIT],0x00007bae9855c3f9
4932629.0,554545,python,python,_PyObject_TryGetInstanceAttribute
4932625.0,554532,python,python,PyLong_FromSsize_t
4932619.0,554520,python,[kernel.kallsyms],__pte_offset_map_lock
4932561.0,554498,python,[JIT],0x00007a47e2843052
4932530.0,554572,python,[JIT],0x000071d3e60519aa
4932502.0,554498,python,[JIT],0x00007a47e28434e0
4932475.0,554559,python,[JIT],0x000074472c09b973
4932363.0,554545,python,python,PyObject_GetIter
4932309.0,554498,python,[JIT],0x00007a47e284343e
4932291.0,554572,python,[JIT],0x000071d3e604f234
4932135.0,554572,python,[JIT],0x000071d3e604b65c
4932090.0,554520,python,[JIT],0x00007bae9856281b
4932003.0,554520,python,[JIT],0x00007bae9856317d
4931781.0,554559,python,[JIT],0x000074472c0a31e5
4931651.0,554498,python,[JIT],0x00007a47e2ad72e7
4931614.0,554508,python,[JIT],0x000074d16321cfc9
4931568.0,554532,python,[JIT],0x00007f3be24b3299
4931560.0,554572,python,[JIT],0x000071d3e6051f9e
4931446.0,554508,python,python,_Py_BuiltinCallFastWithKeywords_StackRef
4931172.0,554532,python,[JIT],0x00007f3be24b306a
4931090.0,554498,python,[kernel.kallsyms],__update_load_avg_se
4931073.0,554498,python,[kernel.kallsyms],native_read_msr
4930979.0,554508,python,[JIT],0x000074d163219110
4930809.0,554532,python,[JIT],0x00007f3be24b44c0
4930642.0,554520,python,[JIT],0x00007bae9855cd72
4930478.0,554559,python,[JIT],0x000074472c09bfad
4930298.0,554532,python,python,PyObject_SelfIter
4930239.0,554520,python,[JIT],0x00007bae9855b0ae
4930221.0,554532,python,[JIT],0x00007f3be24b382d
4929630.0,554559,python,python,PyObject_SelfIter
4929523.0,554498,python,[JIT],0x00007a47e2843cac
4929517.0,554532,python,[JIT],0x00007f3be24bf641
4929448.0,554520,python,[JIT],0x00007bae9855f88d
4929291.0,554572,python,[JIT],0x000071d3e604c75e
4929273.0,554508,python,[JIT],0x000074d16321f9b5
4929226.0,554559,python,[JIT],0x000074472c09be69
4929152.0,554532,python,[JIT],0x00007f3be24b6f84
4929057.0,554572,python,[JIT],0x000071d3e604b4e3
4928897.0,554572,python,[JIT],0x000071d3e6051d5e
4928893.0,554572,python,[JIT],0x000071d3e60520b5
4928809.0,554508,python,python,_PyObject_TryGetInstanceAttribute
4928778.0,554508,python,[JIT],0x000074d16321a0f7
4928753.0,554572,python,[JIT],0x000071d3e60532e2
4928743.0,554559,python,[JIT],0x000074472c08b777
4928704.0,554520,python,[JIT],0x00007bae98562524
4928543.0,554520,python,[JIT],0x00007bae9855cb0f
4928515.0,554508,python,[JIT],0x000074d163220190
4928470.0,554498,python,[JIT],0x00007a47e28380ff
4928331.0,554520,python,[kernel.kallsyms],_raw_spin_trylock
4928325.0,554572,python,[JIT],0x000071d3e6051f87
4928243.0,554498,python,[JIT],0x00007a47e284374d
4928057.0,554532,python,[JIT],0x00007f3be24ac127
4928018.0,554520,python,[kernel.kallsyms],__mod_zone_page_state
4927761.0,554572,python,[JIT],0x000071d3e60517af
4927732.0,554508,python,[JIT],0x000074d16321c567
4927503.0,554498,python,[JIT],0x00007a47e2843500
4927416.0,554508,python,python,_PyType_LookupStackRefAndVersion
4927036.0,554559,python,[JIT],0x000074472c9340ce
4926397.0,554559,python,python,dictiter_dealloc
4926352.0,554559,python,[JIT],0x000074472c09bfb6
4925902.0,554508,python,[JIT],0x000074d16321fe63
4925841.0,554508,python,[JIT],0x000074d16321ce45
4925589.0,554532,python,[JIT],0x00007f3be24bf134
4925568.0,554572,python,[JIT],0x000071d3e604b39d
4925525.0,554498,python,[JIT],0x00007a47e28439b5
4925502.0,554532,python,[JIT],0x00007f3be24bf687
4925458.0,554520,python,[JIT],0x00007bae9855c677
4925145.0,554532,python,[JIT],0x00007f3be24b3e62
4925023.0,554498,python,[JIT],0x00007a47e2838965
4924979.0,554532,python,[JIT],0x00007f3be24b4799
4924971.0,554508,python,[kernel.kallsyms],__handle_mm_fault
4924946.0,554532,python,[JIT],0x00007f3be24b3d56
4924869.0,554508,python,python,_PyType_AllocNoTrack
4924829.0,554532,python,[JIT],0x00007f3be2d653b9
4924693.0,554498,python,[JIT],0x00007a47e2838d56
4924435.0,554508,python,python,_Py_NewReference
4924303.0,554520,python,[JIT],0x00007bae985629cf
4924219.0,554498,python,[JIT],0x00007a47e284317f
4924213.0,554520,python,python,long_richcompare
4924148.0,554520,python,[JIT],0x00007bae9856205a
4923842.0,554559,python,[JIT],0x000074472c09821b
4923805.0,554532,python,[JIT],0x00007f3be24b6430
4923716.0,554498,python,[JIT],0x00007a47e2832b67
4923630.0,554559,python,[kernel.kallsyms],folio_add_lru
4923422.0,554532,python,[JIT],0x00007f3be24b38a1
4923274.0,554508,python,[JIT],0x000074d16321f05e
4923217.0,554572,python,[JIT],0x000071d3e604f8ca
4923152.0,554520,python,[JIT],0x00007bae9855d459
4922988.0,554559,python,[JIT],0x000074472c09bb69
4922498.0,554559,python,[JIT],0x000074472c935111
4922464.0,554572,python,[JIT],0x000071d3e604b3cd
4922170.0,554559,python,[JIT],0x000074472c09b865
4922135.0,554572,python,[kernel.kallsyms],vma_alloc_folio
4921641.0,554498,python,[kernel.kallsyms],pte_offset_map_nolock
4921278.0,554559,python,python,_PyObject_TryGetInstanceAttribute
4921265.0,554520,python,[JIT],0x00007bae9855c6bc
4921003.0,554508,python,[JIT],0x000074d16321fdae
4920696.0,554559,python,[JIT],0x000074472c09bd69
4920551.0,554508,python,[JIT],0x000074d1632294a9
4920237.0,554508,python,[JIT],0x000074d16321d77f
4919805.0,554508,python,[JIT],0x000074d16321f78f
4919385.0,554559,python,[JIT],0x000074472c096607
4919381.0,554520,python,[JIT],0x00007bae985626bd
4918405.0,554508,python,[JIT],0x000074d1634c3257
4918346.0,554572,python,[JIT],0x000071d3e6051758
4918339.0,554508,python,[kernel.kallsyms],free_swap_cache
4917930.0,554532,python,[JIT],0x00007f3be24bf5f3
4917928.0,554508,python,[JIT],0x000074d16321f3b5
4917630.0,554520,python,[JIT],0x00007bae985631cd
4917628.0,554572,python,[JIT],0x000071d3e6051096
4917516.0,554559,python,[kernel.kallsyms],__pte_offset_map_lock
4917396.0,554572,python,python,_PyType_AllocNoTrack
4917249.0,554508,python,[JIT],0x000074d16321f76c
4917170.0,554559,python,[JIT],0x000074472c08b338
4916980.0,554572,python,[JIT],0x000071d3e605176c
4916795.0,554545,python,[kernel.kallsyms],__alloc_pages
4916654.0,554532,python,[JIT],0x00007f3be24b43ba
4916463.0,554559,python,[kernel.kallsyms],get_mem_cgroup_from_mm
4916300.0,554572,python,[kernel.kallsyms],__alloc_pages
4916195.0,554532,python,[JIT],0x00007f3be24bf4e0
4916162.0,554498,python,[JIT],0x00007a47e2843d52
4916160.0,554520,python,[JIT],0x00007bae98562f11
4915878.0,554572,python,[kernel.kallsyms],sync_regs
4915064.0,554498,python,[kernel.kallsyms],ktime_get_update_offsets_now
4914787.0,554498,python,[JIT],0x00007a47e28430d6
4914495.0,554572,python,[JIT],0x000071d3e6051fb6
4914271.0,554520,python,[JIT],0x00007bae98562343
4914242.0,554572,python,[JIT],0x000071d3e604c0af
4914220.0,554545,python,python,_PyType_LookupStackRefAndVersion
4914219.0,554532,python,[kernel.kallsyms],free_unref_page_prepare
4914108.0,554572,python,[kernel.kallsyms],irqentry_exit
4914107.0,554572,python,[JIT],0x000071d3e6051865
4913606.0,554559,python,[kernel.kallsyms],__mod_lruvec_state
4913427.0,554545,python,[kernel.kallsyms],__handle_mm_fault
4913305.0,554532,python,python,_Py_CallBuiltinClass_StackRef
4912835.0,554498,python,[JIT],0x00007a47e28384c3
4912299.0,554532,python,[kernel.kallsyms],__handle_mm_fault
4911979.0,554498,python,[JIT],0x00007a47e284623c
4911786.0,554508,python,python,PyCMethod_New
4911654.0,554532,python,[JIT],0x00007f3be24b6574
4911642.0,554559,python,[JIT],0x000074472c09bc84
4911364.0,554520,python,[JIT],0x00007bae98562e38
4911220.0,554532,python,[JIT],0x00007f3be24bf9ff
4911056.0,554520,python,[JIT],0x00007bae9855ccc0
4910822.0,554498,python,[JIT],0x00007a47e2843ed5
4910588.0,554559,python,python,_PyObject_LookupSpecial
4910158.0,554508,python,[JIT],0x000074d163219c49
4910102.0,554508,python,[JIT],0x000074d16321c1d7
4910074.0,554498,python,[JIT],0x00007a47e283010c
4910041.0,554508,python,[JIT],0x000074d16321a607
4909900.0,554572,python,[JIT],0x000071d3e60517fc
4909782.0,554498,python,[JIT],0x00007a47e28441cd
4909763.0,554572,python,[JIT],0x000071d3e605a292
4909692.0,554532,python,[JIT],0x00007f3be24b4666
4909546.0,554520,python,[JIT],0x00007bae98562e0b
4909377.0,554532,python,[JIT],0x00007f3be24b3b0f
4909291.0,554508,python,[kernel.kallsyms],ktime_get_update_offsets_now
4908980.0,554559,python,[JIT],0x000074472c08f127
4908643.0,554498,python,python,func_traverse
4908139.0,554520,python,[JIT],0x00007bae9855c110
4907866.0,554572,python,[JIT],0x000071d3e604baaf
4907102.0,554532,python,[kernel.kallsyms],nohz_balancer_kick
4907053.0,554508,python,[JIT],0x000074d16321f216
4906868.0,554572,python,[kernel.kallsyms],get_pfnblock_flags_mask
4906380.0,554572,python,[kernel.kallsyms],rmqueue_bulk
4906051.0,554559,python,[JIT],0x000074472c09b524
4905819.0,554520,python,[kernel.kallsyms],lock_vma_under_rcu
4905568.0,554520,python,[JIT],0x00007bae9855d678
4905090.0,554520,python,[JIT],0x00007bae98562deb
4905028.0,554520,python,[kernel.kallsyms],update_load_avg
4904798.0,554532,python,[JIT],0x00007f3be24bfe8c
4903306.0,554572,python,python,PyObject_GC_Del
4903085.0,554508,python,[JIT],0x000074d1632199dd
4902620.0,554498,python,[JIT],0x00007a47e28439aa
4902283.0,554532,python,[kernel.kallsyms],pte_offset_map_nolock
4900707.0,554520,python,[JIT],0x00007bae9855ca9e
4900672.0,554520,python,python,_PyObject_GenericGetAttrWithDict
4900593.0,554532,python,[JIT],0x00007f3be24bfb54
4900059.0,554572,python,[JIT],0x000071d3e604bb33
4898851.0,554532,python,[JIT],0x00007f3be24bf338
4898766.0,554559,python,[JIT],0x000074472c08e175
4898545.0,554508,python,[kernel.kallsyms],__update_load_avg_cfs_rq
4897850.0,554508,python,[JIT],0x000074d16321fb9c
4896739.0,554572,python,[JIT],0x000071d3e605180d
4896616.0,554532,python,[JIT],0x00007f3be24bfd91
4896276.0,554532,python,libc.so.6,__memset_avx2_unaligned_erms
4895266.0,554520,python,[kernel.kallsyms],__handle_mm_fault
4894875.0,554520,python,[JIT],0x00007bae9855cb51
4894850.0,554559,python,[JIT],0x000074472c09ba3e
4894544.0,554520,python,python,_PyLong_FromMedium
4894446.0,554498,python,[JIT],0x00007a47e2838d7c
4894233.0,554532,python,[JIT],0x00007f3be24bf1ec
4892949.0,554498,python,[JIT],0x00007a47e2839799
4892439.0,554532,python,[JIT],0x00007f3be24b31c0
4890384.0,554498,python,[JIT],0x00007a47e28435be
4889343.0,554572,python,[JIT],0x000071d3e6040843
4886904.0,554520,python,[kernel.kallsyms],folio_remove_rmap_ptes
4886611.0,554498,python,[kernel.kallsyms],irqentry_exit_to_user_mode
4886604.0,554559,python,[JIT],0x000074472c09b93f
4884805.0,554559,python,[kernel.kallsyms],free_unref_page_list
4884020.0,554572,python,[JIT],0x000071d3e604700a
4876440.0,554559,python,[kernel.kallsyms],rmqueue_bulk
4875448.0,554508,python,[JIT],0x000074d16321f374
4872547.0,554559,python,[kernel.kallsyms],get_page_from_freelist
4871016.0,554498,python,[JIT],0x00007a47e2ad712d
4869285.0,554520,python,[JIT],0x00007bae9855c85e
4860436.0,554559,python,[JIT],0x000074472c08b052
4860330.0,554532,python,[JIT],0x00007f3be24c00e4
4857570.0,554559,python,[JIT],0x000074472c09b74d
4855853.0,554520,python,[JIT],0x00007bae98566585
4852807.0,554532,python,[JIT],0x00007f3be24b3bd3
4845036.0,554508,python,[JIT],0x000074d163219e08
4839367.0,554572,python,[kernel.kallsyms],free_unref_page_commit
4837278.0,554498,python,[JIT],0x00007a47e284375f
4835207.0,554532,python,[kernel.kallsyms],folio_add_lru
4832066.0,554520,python,[JIT],0x00007bae9855c2a7
4826161.0,554508,python,[JIT],0x000074d163219cab
4825055.0,554520,python,[JIT],0x00007bae9855cb26
4820034.0,554508,python,[JIT],0x000074d16321139f
4817313.0,554498,python,[JIT],0x00007a47e283b165
4813986.0,554508,python,[JIT],0x000074d1632198f9
4807616.0,554508,python,[JIT],0x000074d16321cedf
4803537.0,554559,python,[JIT],0x000074472c096266
4791235.0,554498,python,[JIT],0x00007a47e2838a83
4787333.0,554508,python,[JIT],0x000074d16321a266
4785296.0,554532,python,[JIT],0x00007f3be24bf8e9
4756571.0,554498,python,[JIT],0x00007a47e2838d37
4752325.0,554498,python,[JIT],0x00007a47e2838ee5
4671348.0,554572,python,[JIT],0x000071d3e6051142
4643346.0,554559,python,[JIT],0x000074472c08fe56
4630127.0,554508,python,[JIT],0x000074d1634c3339
4541250.0,554520,python,python,PyObject_GetIter
3980030.0,554498,python,[kernel.kallsyms],handle_pte_fault
3971022.0,554508,python,python,merge_at
3970380.0,554508,python,[JIT],0x000074d16321cb80
3970320.0,554532,python,[JIT],0x00007f3be2d6569d
3970280.0,554545,python,python,long_add_method
3970127.0,554532,python,[JIT],0x00007f3be2ceb447
3970083.0,554572,python,[JIT],0x000071d3e605b1cf
3970082.0,554532,python,[JIT],0x00007f3be24c122e
3970023.0,554572,python,[JIT],0x000071d3e6040828
3969805.0,554520,python,[JIT],0x00007bae985662a8
3969731.0,554559,python,[JIT],0x000074472c934316
3969713.0,554532,python,[JIT],0x00007f3be24b4206
3969687.0,554572,python,[JIT],0x000071d3e605b257
3969683.0,554508,python,[JIT],0x000074d16321a23a
3969654.0,554508,python,[JIT],0x000074d16320f30d
3969590.0,554508,python,[JIT],0x000074d16321c574
3969583.0,554559,python,[JIT],0x000074472c095343
3969550.0,554572,python,[JIT],0x000071d3e60592cb
3969539.0,554508,python,[JIT],0x000074d16321d425
3969537.0,554532,python,[JIT],0x00007f3be24c121e
3969509.0,554559,python,[JIT],0x000074472c0922a7
3969488.0,554559,python,[JIT],0x000074472c095eb3
3969476.0,554572,python,[JIT],0x000071d3e605927d
3969475.0,554498,python,[JIT],0x00007a47e2846306
3969428.0,554498,python,[JIT],0x00007a47e284621e
3969389.0,554508,python,[JIT],0x000074d16321a1c6
3969373.0,554532,python,[JIT],0x00007f3be2ceb2b6
3969331.0,554508,python,[JIT],0x000074d163228129
3969321.0,554508,python,[JIT],0x000074d163219127
3969311.0,554572,python,[JIT],0x000071d3e605906a
3969304.0,554508,python,[JIT],0x000074d1632193dd
3969303.0,554498,python,[JIT],0x00007a47e2ad650a
3969298.0,554532,python,[JIT],0x00007f3be24b3992
3969207.0,554532,python,[JIT],0x00007f3be24b36c9
3969207.0,554532,python,[JIT],0x00007f3be24b4214
3969191.0,554520,python,[JIT],0x00007bae98551800
3969180.0,554532,python,[JIT],0x00007f3be24b3fa2
3969179.0,554508,python,[JIT],0x000074d16321a2b5
3969176.0,554532,python,[JIT],0x00007f3be24b75f0
3969176.0,554498,python,[JIT],0x00007a47e283bf52
3969154.0,554532,python,[JIT],0x00007f3be24c106a
3969131.0,554559,python,[JIT],0x000074472c0a42be
3969114.0,554520,python,python,dict_length
3969114.0,554508,python,[JIT],0x000074d163219052
3969101.0,554559,python,[JIT],0x000074472c08b76c
3969098.0,554508,python,python,tuple_alloc
3969089.0,554532,python,[JIT],0x00007f3be24b3bc3
3969082.0,554559,python,[JIT],0x000074472c096799
3969076.0,554508,python,[JIT],0x000074d16321c3b7
3969054.0,554532,python,[JIT],0x00007f3be24b4349
3969048.0,554559,python,[JIT],0x000074472c095705
3969047.0,554559,python,[JIT],0x000074472c0955c3
3969030.0,554532,python,[JIT],0x00007f3be24b443b
3969029.0,554572,python,[JIT],0x000071d3e60475a6
3969014.0,554559,python,[JIT],0x000074472c0959b2
3969009.0,554508,python,[JIT],0x000074d16321a8e4
3969007.0,554498,python,[JIT],0x00007a47e2ad6528
3968992.0,554520,python,[JIT],0x00007bae985652cb
3968978.0,554559,python,[JIT],0x000074472c0959be
3968960.0,554508,python,[JIT],0x000074d16321c36d
3968924.0,554559,python,[JIT],0x000074472c095b70
3968924.0,554508,python,[JIT],0x000074d163219e19
3968919.0,554572,python,[JIT],0x000071d3e604c4b0
3968883.0,554508,python,[JIT],0x000074d163219b0f
3968878.0,554559,python,[JIT],0x000074472c0960af
3968874.0,554520,python,[JIT],0x00007bae9855f24e
3968873.0,554559,python,[JIT],0x000074472c095552
3968870.0,554559,python,[JIT],0x000074472c095ccf
3968851.0,554559,python,[JIT],0x000074472c0957ef
3968848.0,554508,python,[JIT],0x000074d163212139
3968848.0,554508,python,[JIT],0x000074d16321a1ad
3968841.0,554559,python,[JIT],0x000074472c095e38
3968839.0,554508,python,[JIT],0x000074d1632194eb
3968838.0,554520,python,[JIT],0x00007bae9855c175
3968831.0,554559,python,[JIT],0x000074472c09677b
3968830.0,554532,python,[JIT],0x00007f3be2d654a9
3968826.0,554559,python,[JIT],0x000074472c095982
3968821.0,554498,python,[JIT],0x00007a47e2839649
3968811.0,554508,python,[JIT],0x000074d16322939c
3968796.0,554572,python,[JIT],0x000071d3e604c6ad
3968794.0,554532,python,[JIT],0x00007f3be24b41c6
3968791.0,554559,python,[JIT],0x000074472c09567e
3968782.0,554520,python,[JIT],0x00007bae9855f7fd
3968756.0,554520,python,[JIT],0x00007bae9855ffde
3968750.0,554520,python,[JIT],0x00007bae9855c280
3968747.0,554532,python,[JIT],0x00007f3be24c1052
3968744.0,554508,python,[JIT],0x000074d16321a18d
3968736.0,554508,python,[JIT],0x000074d163219c53
3968716.0,554520,python,[JIT],0x00007bae9855f00a
3968715.0,554508,python,[JIT],0x000074d16321c489
3968712.0,554532,python,[JIT],0x00007f3be24b3cc0
3968707.0,554508,python,[JIT],0x000074d163219380
3968699.0,554508,python,[JIT],0x000074d16321a72b
3968692.0,554572,python,[JIT],0x000071d3e60431aa
3968671.0,554498,python,[JIT],0x00007a47e2838c9a
3968664.0,554532,python,[JIT],0x00007f3be24b667d
3968662.0,554559,python,[JIT],0x000074472c0960f7
3968648.0,554572,python,[JIT],0x000071d3e604c76d
3968648.0,554520,python,[JIT],0x00007bae9855d206
3968640.0,554532,python,[JIT],0x00007f3be24b6114
3968623.0,554559,python,[JIT],0x000074472c09656b
3968618.0,554508,python,[JIT],0x000074d16321a4dd
3968614.0,554559,python,[JIT],0x000074472c098714
3968610.0,554532,python,[JIT],0x00007f3be24aa135
3968595.0,554520,python,[JIT],0x00007bae9856536c
3968585.0,554520,python,[JIT],0x00007bae9855f4ea
3968581.0,554520,python,[JIT],0x00007bae9856514e
3968581.0,554498,python,[JIT],0x00007a47e283b67d
3968579.0,554572,python,[JIT],0x000071d3e604c7d6
3968578.0,554498,python,[JIT],0x00007a47e2838cc5
3968575.0,554520,python,[JIT],0x00007bae9855c4b9
3968572.0,554498,python,[JIT],0x00007a47e2838cf1
3968568.0,554498,python,[JIT],0x00007a47e2ad7212
3968564.0,554520,python,[JIT],0x00007bae9855f932
3968558.0,554532,python,[JIT],0x00007f3be2d6550a
3968540.0,554532,python,[JIT],0x00007f3be24b45ee
3968534.0,554572,python,[JIT],0x000071d3e604c5a4
3968531.0,554520,python,[JIT],0x00007bae985522a0
3968506.0,554572,python,[JIT],0x000071d3e604b75f
3968506.0,554498,python,[JIT],0x00007a47e2830395
3968498.0,554572,python,[JIT],0x000071d3e604e0ff
3968491.0,554520,python,[JIT],0x00007bae9855c629
3968491.0,554520,python,[JIT],0x00007bae9855c9f8
3968488.0,554559,python,[JIT],0x000074472c934663
3968470.0,554498,python,[JIT],0x00007a47e282f39f
3968467.0,554532,python,[JIT],0x00007f3be24b4068
3968466.0,554498,python,[JIT],0x00007a47e2832b49
3968449.0,554572,python,[JIT],0x000071d3e604c23a
3968441.0,554498,python,[JIT],0x00007a47e283b1ed
3968439.0,554520,python,[JIT],0x00007bae9855fcbf
3968434.0,554498,python,[JIT],0x00007a47e283956b
3968423.0,554498,python,[JIT],0x00007a47e282d5ce
3968403.0,554572,python,[kernel.kallsyms],__cgroup_account_cputime_field
3968373.0,554532,python,[JIT],0x00007f3be2d65284
3968370.0,554559,python,[JIT],0x000074472c09668f
3968368.0,554520,python,[JIT],0x00007bae9855d378
3968361.0,554520,python,[JIT],0x00007bae9855ce19
3968335.0,554572,python,[JIT],0x000071d3e604c7a1
3968332.0,554520,python,[JIT],0x00007bae9855fa95
3968327.0,554572,python,[JIT],0x000071d3e604c2d1
3968316.0,554572,python,[JIT],0x000071d3e604c3ba
3968309.0,554498,python,[JIT],0x00007a47e2832b64
3968304.0,554572,python,[JIT],0x000071d3e604e139
3968291.0,554572,python,[JIT],0x000071d3e604bc80
3968289.0,554572,python,[JIT],0x000071d3e604c593
3968289.0,554520,python,[JIT],0x00007bae9855fae1
3968284.0,554520,python,[JIT],0x00007bae9855cbc3
3968282.0,554520,python,[JIT],0x00007bae9855ce4d
3968272.0,554559,python,[JIT],0x000074472c095919
3968254.0,554520,python,[JIT],0x00007bae9855c670
3968253.0,554520,python,[JIT],0x00007bae98554052
3968253.0,554498,python,[JIT],0x00007a47e283bfde
3968245.0,554520,python,python,_PyTuple_FromStackRefStealOnSuccess
3968244.0,554559,python,[JIT],0x000074472c9353c1
3968233.0,554520,python,[JIT],0x00007bae9855d195
3968224.0,554532,python,[JIT],0x00007f3be24b3c9a
3968217.0,554532,python,[JIT],0x00007f3be24a9843
3968210.0,554532,python,[JIT],0x00007f3be24b33af
3968206.0,554559,python,[JIT],0x000074472c0993d5
3968194.0,554572,python,[JIT],0x000071d3e604067e
3968179.0,554559,python,[kernel.kallsyms],account_user_time
3968144.0,554498,python,[JIT],0x00007a47e2839349
3968142.0,554498,python,[JIT],0x00007a47e283976d
3968139.0,554559,python,[JIT],0x000074472c09676d
3968107.0,554508,python,[JIT],0x000074d1632292d2
3968106.0,554572,python,[JIT],0x000071d3e6040819
3968103.0,554572,python,[JIT],0x000071d3e6043121
3968099.0,554520,python,[JIT],0x00007bae9855f2b8
3968098.0,554508,python,[JIT],0x000074d163219233
3968096.0,554532,python,[JIT],0x00007f3be24a95c9
3968090.0,554572,python,[JIT],0x000071d3e604b7c0
3968073.0,554498,python,[JIT],0x00007a47e2838ab7
3968068.0,554559,python,[JIT],0x000074472c0961f1
3968067.0,554520,python,[JIT],0x00007bae98554127
3968066.0,554572,python,[JIT],0x000071d3e604e316
3968053.0,554572,python,[JIT],0x000071d3e604b380
3968049.0,554572,python,[JIT],0x000071d3e6045b67
3968049.0,554572,python,[JIT],0x000071d3e604e1c2
3968035.0,554572,python,[JIT],0x000071d3e604b636
3968025.0,554559,python,[JIT],0x000074472c08e109
3968007.0,554572,python,[JIT],0x000071d3e604bae3
3967991.0,554508,python,[JIT],0x000074d1632293e7
3967982.0,554559,python,[JIT],0x000074472c095598
3967978.0,554559,python,[JIT],0x000074472c095e19
3967967.0,554532,python,[JIT],0x00007f3be24b66ab
3967962.0,554520,python,[JIT],0x00007bae9855cfea
3967962.0,554508,python,[JIT],0x000074d16321a4ba
3967932.0,554532,python,[JIT],0x00007f3be24b4585
3967931.0,554559,python,[JIT],0x000074472c095804
3967916.0,554508,python,[JIT],0x000074d16321990a
3967911.0,554559,python,[JIT],0x000074472c0980f1
3967877.0,554532,python,[JIT],0x00007f3be24aeb64
3967869.0,554559,python,[JIT],0x000074472c098d9d
3967864.0,554508,python,python,gen_iternext
3967861.0,554572,python,[JIT],0x000071d3e604310c
3967858.0,554508,python,[JIT],0x000074d163213e08
3967817.0,554520,python,[JIT],0x00007bae9855c673
3967814.0,554572,python,[JIT],0x000071d3e604069f
3967814.0,554532,python,[JIT],0x00007f3be24ac201
3967775.0,554520,python,[JIT],0x00007bae9855d076
3967769.0,554508,python,[JIT],0x000074d16321a08d
3967739.0,554520,python,python,_PyObject_Realloc
3967677.0,554559,python,[JIT],0x000074472c0994fd
3967671.0,554572,python,[JIT],0x000071d3e605327b
3967656.0,554520,python,[JIT],0x00007bae985559f8
3967654.0,554559,python,[kernel.kallsyms],nohz_balancer_kick
3967631.0,554572,python,[JIT],0x000071d3e604c40c
3967628.0,554572,python,[JIT],0x000071d3e604beac
3967628.0,554559,python,[JIT],0x000074472c09555c
3967618.0,554559,python,[JIT],0x000074472c0957c0
3967609.0,554572,python,[JIT],0x000071d3e604b361
3967581.0,554559,python,[kernel.kallsyms],hrtimer_interrupt
3967577.0,554532,python,[JIT],0x00007f3be24b6567
3967547.0,554559,python,[JIT],0x000074472c090600
3967529.0,554572,python,[JIT],0x000071d3e604b9f4
3967513.0,554532,python,[JIT],0x00007f3be24b4607
3967491.0,554520,python,[JIT],0x00007bae985642d6
3967476.0,554508,python,[JIT],0x000074d163219db1
3967469.0,554498,python,[JIT],0x00007a47e28463c1
3967461.0,554520,python,[JIT],0x00007bae9855523d
3967445.0,554572,python,[JIT],0x000071d3e604c2ad
3967419.0,554508,python,[JIT],0x000074d163219268
3967401.0,554545,python,python,merge_from_seq2_lock_held
3967376.0,554508,python,[JIT],0x000074d163219d25
3967315.0,554532,python,[JIT],0x00007f3be24b6fd6
3967291.0,554520,python,python,tuple_dealloc
3967277.0,554559,python,[JIT],0x000074472c08e5a7
3967208.0,554520,python,[JIT],0x00007bae985542e8
3967208.0,554532,python,[JIT],0x00007f3be24b472b
3967202.0,554498,python,[JIT],0x00007a47e2838af9
3967186.0,554532,python,[JIT],0x00007f3be24b4459
3967122.0,554520,python,[JIT],0x00007bae9855d8c8
3967109.0,554520,python,[JIT],0x00007bae9855d4b0
3967070.0,554559,python,[JIT],0x000074472c095167
3967061.0,554508,python,[JIT],0x000074d163219734
3967058.0,554532,python,[JIT],0x00007f3be24b4282
3967050.0,554532,python,[JIT],0x00007f3be24b33ff
3967023.0,554498,python,[JIT],0x00007a47e2ad6649
3967009.0,554508,python,[JIT],0x000074d163227244
3966967.0,554498,python,[JIT],0x00007a47e283bae1
3966959.0,554498,python,[JIT],0x00007a47e28311d6
3966938.0,554520,python,libc.so.6,unlink_chunk.isra.0
3966935.0,554508,python,[kernel.kallsyms],arch_scale_freq_tick
3966904.0,554532,python,[JIT],0x00007f3be24c12e2
3966866.0,554498,python,[JIT],0x00007a47e2838b86
3966852.0,554532,python,[JIT],0x00007f3be24b33b7
3966834.0,554572,python,[JIT],0x000071d3e605a24a
3966824.0,554520,python,[JIT],0x00007bae985516db
3966747.0,554520,python,python,dict_dealloc
3966746.0,554508,python,[JIT],0x000074d16321c7fd
3966709.0,554498,python,[JIT],0x00007a47e28452a9
3966707.0,554532,python,[JIT],0x00007f3be24b444a
3966697.0,554508,python,[JIT],0x000074d163219aaf
3966680.0,554520,python,[kernel.kallsyms],post_alloc_hook
3966677.0,554520,python,[JIT],0x00007bae98566768
3966648.0,554572,python,[JIT],0x000071d3e6047224
3966646.0,554498,python,[JIT],0x00007a47e2838dc1
3966626.0,554508,python,[JIT],0x000074d163219fe3
3966587.0,554572,python,[JIT],0x000071d3e604e94b
3966573.0,554520,python,[JIT],0x00007bae9855f2d0
3966510.0,554508,python,[JIT],0x000074d163219e38
3966507.0,554520,python,[JIT],0x00007bae9855cb33
3966497.0,554559,python,[JIT],0x000074472c095bd3
3966416.0,554532,python,[JIT],0x00007f3be2d65548
3966402.0,554572,python,[JIT],0x000071d3e604c1bc
3966390.0,554532,python,[JIT],0x00007f3be24b3157
3966377.0,554520,python,[JIT],0x00007bae9855f1a9
3966366.0,554498,python,[JIT],0x00007a47e283cef7
3966362.0,554559,python,[kernel.kallsyms],__update_load_avg_cfs_rq
3966334.0,554498,python,[JIT],0x00007a47e2838f61
3966320.0,554559,python,[JIT],0x000074472c098e45
3966308.0,554508,python,[JIT],0x000074d163219500
3966301.0,554572,python,[JIT],0x000071d3e604b1aa
3966299.0,554572,python,[JIT],0x000071d3e604e6ab
3966291.0,554520,python,[JIT],0x00007bae9855c3a9
3966264.0,554498,python,[JIT],0x00007a47e283887c
3966248.0,554520,python,[JIT],0x00007bae9856063c
3966232.0,554532,python,[JIT],0x00007f3be24b7762
3966223.0,554572,python,[JIT],0x000071d3e604c5fd
3966204.0,554559,python,[JIT],0x000074472c08e10c
3966168.0,554532,python,[JIT],0x00007f3be24b7234
3966168.0,554532,python,[JIT],0x00007f3be2d65221
3966153.0,554572,python,[JIT],0x000071d3e6053396
3966151.0,554498,python,[JIT],0x00007a47e283875f
3966125.0,554532,python,[JIT],0x00007f3be24ac3ca
3966104.0,554520,python,[JIT],0x00007bae9855cdc1
3966071.0,554532,python,[JIT],0x00007f3be24c127b
3965940.0,554520,python,[JIT],0x00007bae9855c5f2
3965925.0,554572,python,[kernel.kallsyms],timekeeping_advance
3965896.0,554508,python,[JIT],0x000074d1634c3230
3965865.0,554572,python,[JIT],0x000071d3e604b3b7
3965812.0,554572,python,[JIT],0x000071d3e605a38c
3965680.0,554498,python,[JIT],0x00007a47e28393ba
3965636.0,554508,python,[JIT],0x000074d163216e5a
3965595.0,554532,python,[JIT],0x00007f3be24b3748
3965576.0,554498,python,[JIT],0x00007a47e2ad65f7
3965342.0,554532,python,[JIT],0x00007f3be24b3c8c
3965269.0,554532,python,[JIT],0x00007f3be2d65138
3965263.0,554508,python,[JIT],0x000074d163228293
3965178.0,554532,python,[JIT],0x00007f3be24ade5a
3965170.0,554498,python,[JIT],0x00007a47e28381d6
3965166.0,554532,python,[JIT],0x00007f3be24b3f36
3965164.0,554520,python,python,_Py_VectorCall_StackRefSteal
3965139.0,554532,python,[JIT],0x00007f3be24ac5a7
3965126.0,554520,python,python,merge_from_seq2_lock_held
3965085.0,554532,python,[kernel.kallsyms],mem_cgroup_commit_charge
3965079.0,554520,python,[JIT],0x00007bae9855411b
3965057.0,554559,python,[JIT],0x000074472c0a43d2
3965052.0,554520,python,[JIT],0x00007bae98562a29
3965025.0,554498,python,[JIT],0x00007a47e2831598
3964968.0,554508,python,[JIT],0x000074d16321c191
3964957.0,554520,python,[JIT],0x00007bae9855339f
3964907.0,554572,python,python,dict_length
3964858.0,554520,python,[JIT],0x00007bae9855d56b
3964827.0,554572,python,[JIT],0x000071d3e6040784
3964821.0,554559,python,[JIT],0x000074472c098dcf
3964795.0,554520,python,[JIT],0x00007bae985510fd
3964786.0,554498,python,[JIT],0x00007a47e283000a
3964768.0,554532,python,[JIT],0x00007f3be24b415a
3964674.0,554520,python,[JIT],0x00007bae98564375
3964611.0,554572,python,[JIT],0x000071d3e6044192
3964587.0,554532,python,[JIT],0x00007f3be24ac2f2
3964481.0,554508,python,[JIT],0x000074d1632122f2
3964456.0,554520,python,[JIT],0x00007bae9855c0f1
3964420.0,554520,python,[JIT],0x00007bae9855c9b2
3964404.0,554520,python,[JIT],0x00007bae9855c923
3964381.0,554520,python,[JIT],0x00007bae9855c614
3964342.0,554498,python,[JIT],0x00007a47e283b714
3964325.0,554508,python,[JIT],0x000074d163229372
3964313.0,554520,python,[JIT],0x00007bae9856535d
3964303.0,554572,python,[JIT],0x000071d3e604bbc3
3964228.0,554508,python,[JIT],0x000074d163226076
3964227.0,554572,python,[JIT],0x000071d3e6040771
3964195.0,554572,python,[JIT],0x000071d3e604f752
3964192.0,554572,python,[JIT],0x000071d3e604b3dd
3964191.0,554508,python,[JIT],0x000074d163229735
3964166.0,554520,python,[JIT],0x00007bae98556b49
3964145.0,554520,python,[JIT],0x00007bae985642e2
3964109.0,554498,python,[JIT],0x00007a47e283918d
3964102.0,554498,python,[kernel.kallsyms],try_charge_memcg
3964072.0,554545,python,[JIT],0x00007b13c67e4e56
3964044.0,554532,python,[JIT],0x00007f3be24b4555
3964035.0,554559,python,[JIT],0x000074472c08e157
3964021.0,554559,python,[JIT],0x000074472c08e233
3963986.0,554498,python,[kernel.kallsyms],do_user_addr_fault
3963947.0,554572,python,[JIT],0x000071d3e604f915
3963933.0,554532,python,[JIT],0x00007f3be24b6398
3963932.0,554532,python,[JIT],0x00007f3be24aa345
3963913.0,554520,python,[JIT],0x00007bae9855d5ee
3963899.0,554532,python,python,PyCMethod_New
3963873.0,554545,python,python,gallop_left
3963831.0,554532,python,[JIT],0x00007f3be24b6288
3963760.0,554498,python,[JIT],0x00007a47e2838103
3963713.0,554572,python,[JIT],0x000071d3e604e341
3963712.0,554559,python,[JIT],0x000074472c0968c8
3963692.0,554545,python,[JIT],0x00007b13c67ec8e7
3963615.0,554559,python,[JIT],0x000074472c095500
3963605.0,554572,python,[JIT],0x000071d3e604c56b
3963596.0,554520,python,[JIT],0x00007bae9855d292
3963562.0,554559,python,[JIT],0x000074472c0953ca
3963560.0,554572,python,[JIT],0x000071d3e604c0b8
3963535.0,554559,python,[JIT],0x000074472c08b750
3963472.0,554508,python,[JIT],0x000074d163219b33
3963463.0,554572,python,[JIT],0x000071d3e604c607
3963459.0,554532,python,[JIT],0x00007f3be24b6881
3963425.0,554532,python,[JIT],0x00007f3be24b3585
3963421.0,554572,python,[JIT],0x000071d3e604bcc0
3963389.0,554498,python,[JIT],0x00007a47e283c908
3963359.0,554532,python,[JIT],0x00007f3be2d65674
3963344.0,554572,python,[JIT],0x000071d3e604bf84
3963213.0,554572,python,[JIT],0x000071d3e604b31d
3963159.0,554532,python,[JIT],0x00007f3be24b339d
3963145.0,554508,python,[JIT],0x000074d16321f9aa
3963141.0,554559,python,[JIT],0x000074472c095b86
3963138.0,554498,python,[JIT],0x00007a47e2839273
3963088.0,554559,python,[JIT],0x000074472c9352cf
3963086.0,554559,python,[JIT],0x000074472c095462
3963072.0,554520,python,[JIT],0x00007bae9855f654
3963072.0,554498,python,[JIT],0x00007a47e2838e38
3963034.0,554559,python,[JIT],0x000074472c095d63
3962899.0,554559,python,[kernel.kallsyms],post_alloc_hook
3962894.0,554559,python,[JIT],0x000074472c0a3309
3962873.0,554508,python,[kernel.kallsyms],__cgroup_account_cputime_field
3962866.0,554520,python,[JIT],0x00007bae98555e56
3962708.0,554559,python,[JIT],0x000074472c08b56c
3962669.0,554508,python,[JIT],0x000074d1634c3204
3962589.0,554508,python,[JIT],0x000074d16320f5d7
3962504.0,554572,python,[JIT],0x000071d3e6044e56
3962440.0,554508,python,[JIT],0x000074d16321f75f
3962357.0,554559,python,[kernel.kallsyms],mem_cgroup_commit_charge
3962291.0,554572,python,[JIT],0x000071d3e604b847
3962187.0,554498,python,[JIT],0x00007a47e284364d
3962160.0,554508,python,[JIT],0x000074d16321950e
3962037.0,554508,python,[JIT],0x000074d16321d338
3962030.0,554520,python,[JIT],0x00007bae98562aba
3962008.0,554559,python,[kernel.kallsyms],native_write_msr
3961986.0,554559,python,[JIT],0x000074472c09b25d
3961951.0,554559,python,[JIT],0x000074472c095139
3961918.0,554559,python,[JIT],0x000074472c0984ea
3961872.0,554520,python,[JIT],0x00007bae9855cfae
3961849.0,554498,python,[JIT],0x00007a47e28432f2
3961848.0,554508,python,[JIT],0x000074d16320f06a
3961839.0,554572,python,[JIT],0x000071d3e604bb26
3961736.0,554559,python,[JIT],0x000074472c096481
3961708.0,554572,python,[kernel.kallsyms],nohz_balancer_kick
3961638.0,554559,python,[JIT],0x000074472c095636
3961615.0,554520,python,[JIT],0x00007bae9856650a
3961576.0,554520,python,[JIT],0x00007bae9855c1c0
3961502.0,554520,python,[JIT],0x00007bae9855c7fa
3961491.0,554508,python,[JIT],0x000074d16320f124
3961424.0,554532,python,[JIT],0x00007f3be24c1253
3961301.0,554498,python,[JIT],0x00007a47e283834c
3961253.0,554572,python,[kernel.kallsyms],_raw_spin_trylock
3961104.0,554572,python,[JIT],0x000071d3e60457f8
3960985.0,554508,python,[JIT],0x000074d1632293a6
3960971.0,554508,python,[JIT],0x000074d1632122d5
3960947.0,554498,python,[JIT],0x00007a47e2838f2e
3960910.0,554508,python,[JIT],0x000074d163227375
3960893.0,554559,python,[JIT],0x000074472c0955f2
3960812.0,554532,python,[JIT],0x00007f3be24b31eb
3960763.0,554572,python,[JIT],0x000071d3e60590dc
3960726.0,554498,python,[JIT],0x00007a47e2838b8e
3960623.0,554520,python,[JIT],0x00007bae9855ccf1
3960514.0,554508,python,[JIT],0x000074d16321982d
3960464.0,554572,python,[JIT],0x000071d3e604e4cb
3960451.0,554532,python,[JIT],0x00007f3be2d6543c
3960404.0,554532,python,[JIT],0x00007f3be24b3ab7
3960343.0,554520,python,[kernel.kallsyms],__mem_cgroup_charge
3960342.0,554559,python,[JIT],0x000074472c0907f8
3960256.0,554508,python,[JIT],0x000074d16321936c
3960222.0,554572,python,[JIT],0x000071d3e604e225
3960181.0,554508,python,[JIT],0x000074d1632273c1
3960164.0,554572,python,python,set_lookkey
3960100.0,554508,python,[JIT],0x000074d16321f306
3960094.0,554498,python,[JIT],0x00007a47e28385d4
3960033.0,554508,python,[JIT],0x000074d16321d962
3960002.0,554498,python,[JIT],0x00007a47e2838bff
3959946.0,554498,python,[JIT],0x00007a47e2838e96
3959849.0,554498,python,[JIT],0x00007a47e28322ad
3959816.0,554572,python,[JIT],0x000071d3e604b2c5
3959814.0,554520,python,[JIT],0x00007bae9856520f
3959806.0,554572,python,[JIT],0x000071d3e604b2a7
3959771.0,554508,python,[JIT],0x000074d16320f686
3959738.0,554508,python,[JIT],0x000074d16320f4e1
3959694.0,554520,python,[JIT],0x00007bae985604c5
3959693.0,554532,python,[JIT],0x00007f3be24b3ec0
3959622.0,554498,python,[JIT],0x00007a47e2ad6265
3959523.0,554520,python,[JIT],0x00007bae98551221
3959522.0,554520,python,[JIT],0x00007bae985652d5
3959499.0,554559,python,[JIT],0x000074472c934349
3959422.0,554508,python,[JIT],0x000074d1632273a1
3959389.0,554520,python,[JIT],0x00007bae985541aa
3958890.0,554572,python,[JIT],0x000071d3e604b5c3
3958885.0,554532,python,[JIT],0x00007f3be24b3601
3958785.0,554498,python,[JIT],0x00007a47e283b341
3958757.0,554559,python,[JIT],0x000074472c0a41fa
3958741.0,554572,python,[JIT],0x000071d3e604bdb1
3958680.0,554520,python,[JIT],0x00007bae9855d75e
3958641.0,554572,python,[JIT],0x000071d3e605914e
3958554.0,554508,python,[JIT],0x000074d1632193cd
3958466.0,554532,python,[JIT],0x00007f3be24b6722
3958463.0,554498,python,[JIT],0x00007a47e28450dc
3958430.0,554498,python,[JIT],0x00007a47e2838343
3958264.0,554559,python,[JIT],0x000074472c93444a
3958186.0,554520,python,[JIT],0x00007bae98562c8c
3958098.0,554572,python,[JIT],0x000071d3e604ec33
3958090.0,554532,python,[JIT],0x00007f3be24a91f1
3957984.0,554559,python,[JIT],0x000074472c098417
3957980.0,554532,python,[JIT],0x00007f3be24b4593
3957978.0,554572,python,[JIT],0x000071d3e604b85e
3957968.0,554508,python,[JIT],0x000074d16321cd9d
3957961.0,554572,python,libc.so.6,_int_malloc
3957903.0,554498,python,[JIT],0x00007a47e2846261
3957862.0,554498,python,[JIT],0x00007a47e2839094
3957775.0,554498,python,[JIT],0x00007a47e28383ac
3957701.0,554508,python,[JIT],0x000074d16322841e
3957652.0,554532,python,[JIT],0x00007f3be24bff96
3957650.0,554508,python,[JIT],0x000074d16321ffad
3957645.0,554520,python,[JIT],0x00007bae9855f417
3957568.0,554559,python,[JIT],0x000074472c0957cf
3957562.0,554508,python,[JIT],0x000074d163219ecd
3957559.0,554520,python,[JIT],0x00007bae9855c6da
3957537.0,554559,python,[JIT],0x000074472c08b543
3957526.0,554559,python,[JIT],0x000074472c93448b
3957501.0,554520,python,[JIT],0x00007bae98551828
3957496.0,554572,python,[kernel.kallsyms],native_read_msr
3957423.0,554572,python,[JIT],0x000071d3e604e398
3957417.0,554498,python,[JIT],0x00007a47e2ad62a8
3957379.0,554508,python,[JIT],0x000074d16322835d
3957369.0,554520,python,[JIT],0x00007bae985515ce
3957357.0,554508,python,[JIT],0x000074d16320f727
3957300.0,554572,python,[JIT],0x000071d3e6059447
3957300.0,554498,python,[JIT],0x00007a47e2838268
3957261.0,554520,python,[JIT],0x00007bae9855f667
3957228.0,554572,python,[JIT],0x000071d3e60400c7
3957198.0,554498,python,[JIT],0x00007a47e282ee53
3957182.0,554498,python,[JIT],0x00007a47e2839061
3957159.0,554559,python,[JIT],0x000074472c0907d6
3957097.0,554559,python,[kernel.kallsyms],__update_load_avg_se
3957035.0,554559,python,[JIT],0x000074472c08f31d
3956995.0,554559,python,[JIT],0x000074472c0981d7
3956994.0,554532,python,[JIT],0x00007f3be2ceb47b
3956982.0,554508,python,[JIT],0x000074d16321c67d
3956958.0,554559,python,[JIT],0x000074472c0956e6
3956906.0,554559,python,[JIT],0x000074472c09538d
3956898.0,554572,python,[JIT],0x000071d3e60530f1
3956880.0,554559,python,[JIT],0x000074472c0989c3
3956865.0,554572,python,[JIT],0x000071d3e605164d
3956783.0,554532,python,[JIT],0x00007f3be24b42d1
3956772.0,554498,python,[JIT],0x00007a47e2839225
3956769.0,554559,python,[JIT],0x000074472c0a43ef
3956762.0,554520,python,[JIT],0x00007bae9855c7de
3956693.0,554498,python,[JIT],0x00007a47e2830268
3956674.0,554545,python,[JIT],0x00007b13c67f3567
3956620.0,554559,python,[JIT],0x000074472c095965
3956606.0,554508,python,[JIT],0x000074d1632192c5
3956603.0,554572,python,[JIT],0x000071d3e604b7cf
3956510.0,554520,python,[JIT],0x00007bae9855c87c
3956504.0,554559,python,[JIT],0x000074472c0950dc
3956490.0,554559,python,[JIT],0x000074472c08e812
3956469.0,554498,python,[JIT],0x00007a47e284635d
3956399.0,554532,python,[JIT],0x00007f3be2ceb2f3
3956393.0,554508,python,[kernel.kallsyms],rmqueue_bulk
3956298.0,554508,python,python,initialize_locals
3956294.0,554532,python,[JIT],0x00007f3be24ab380
3956255.0,554559,python,[JIT],0x000074472c096117
3956225.0,554520,python,[kernel.kallsyms],down_read_trylock
3956191.0,554559,python,[JIT],0x000074472c098503
3956172.0,554572,python,[JIT],0x000071d3e604450e
3956097.0,554559,python,[JIT],0x000074472c9340b9
3956095.0,554559,python,[JIT],0x000074472c09bd44
3956087.0,554532,python,[JIT],0x00007f3be24b33f1
3956059.0,554520,python,[JIT],0x00007bae98551500
3955999.0,554532,python,[JIT],0x00007f3be24b7952
3955977.0,554520,python,[JIT],0x00007bae985512d0
3955977.0,554498,python,[JIT],0x00007a47e283b127
3955936.0,554572,python,[JIT],0x000071d3e604f049
3955821.0,554498,python,[JIT],0x00007a47e283ba95
3955700.0,554508,python,[kernel.kallsyms],fpregs_assert_state_consistent
3955684.0,554572,python,[JIT],0x000071d3e604bdfe
3955646.0,554532,python,[JIT],0x00007f3be24b45fd
3955641.0,554508,python,[JIT],0x000074d1634c3400
3955631.0,554520,python,[JIT],0x00007bae985604b0
3955532.0,554559,python,[JIT],0x000074472c09b306
3955496.0,554498,python,[JIT],0x00007a47e2ad6693
3955488.0,554532,python,[JIT],0x00007f3be24b78da
3955469.0,554520,python,[JIT],0x00007bae98560507
3955466.0,554559,python,[JIT],0x000074472c09b7d3
3955285.0,554572,python,[kernel.kallsyms],asm_exc_page_fault
3955255.0,554572,python,[JIT],0x000071d3e604e417
3955246.0,554559,python,python,tuple_alloc
3955220.0,554532,python,python,initialize_locals
3955161.0,554559,python,[JIT],0x000074472c098750
3955140.0,554559,python,[JIT],0x000074472c09c10d
3955125.0,554532,python,[JIT],0x00007f3be2d651cf
3955003.0,554545,python,[JIT],0x00007b13c67eb677
3954979.0,554532,python,[JIT],0x00007f3be24c10c7
3954948.0,554508,python,[JIT],0x000074d16322831a
3954893.0,554572,python,python,PyCMethod_New
3954869.0,554520,python,[JIT],0x00007bae9855f30c
3954829.0,554559,python,[JIT],0x000074472c0921aa
3954736.0,554498,python,[JIT],0x00007a47e2839368
3954724.0,554508,python,[JIT],0x000074d163219bd3
3954722.0,554559,python,[JIT],0x000074472c08b06a
3954697.0,554532,python,[JIT],0x00007f3be24bf832
3954696.0,554572,python,[JIT],0x000071d3e604c381
3954691.0,554559,python,[JIT],0x000074472c09c0d6
3954667.0,554520,python,[JIT],0x00007bae985510f1
3954605.0,554508,python,[JIT],0x000074d163228333
3954585.0,554498,python,[JIT],0x00007a47e283968f
3954561.0,554572,python,[JIT],0x000071d3e604c349
3954547.0,554498,python,[JIT],0x00007a47e2843777
3954539.0,554559,python,[JIT],0x000074472c0a3052
3954461.0,554508,python,[JIT],0x000074d163219361
3954386.0,554559,python,[JIT],0x000074472c09585e
3954380.0,554508,python,[JIT],0x000074d163228396
3954365.0,554559,python,[JIT],0x000074472c0986ce
3954357.0,554559,python,[JIT],0x000074472c09bd91
3954324.0,554572,python,[JIT],0x000071d3e604bdc1
3954314.0,554498,python,[JIT],0x00007a47e2ad65c2
3954210.0,554498,python,[JIT],0x00007a47e283806a
3954206.0,554572,python,[JIT],0x000071d3e604bedf
3954190.0,554520,python,[JIT],0x00007bae985626da
3954129.0,554532,python,[JIT],0x00007f3be24bfd52
3954092.0,554508,python,[JIT],0x000074d16321a1bc
3954068.0,554532,python,[JIT],0x00007f3be24adc53
3954048.0,554520,python,[kernel.kallsyms],mas_walk
3954028.0,554532,python,[JIT],0x00007f3be24b61c2
3954020.0,554572,python,[JIT],0x000071d3e604cb47
3954019.0,554508,python,[JIT],0x000074d16321c43e
3953999.0,554532,python,[JIT],0x00007f3be24a9530
3953992.0,554559,python,[JIT],0x000074472c0964b8
3953965.0,554508,python,[JIT],0x000074d16321fed5
3953925.0,554520,python,[JIT],0x00007bae9855cffc
3953904.0,554532,python,[JIT],0x00007f3be24bffad
3953873.0,554508,python,[kernel.kallsyms],kmem_cache_alloc
3953635.0,554572,python,[JIT],0x000071d3e604fee6
3953626.0,554572,python,[kernel.kallsyms],__raw_spin_lock_irqsave
3953613.0,554498,python,[JIT],0x00007a47e2838110
3953465.0,554508,python,[JIT],0x000074d163219670
3953448.0,554559,python,[JIT],0x000074472c934138
3953273.0,554572,python,[JIT],0x000071d3e605157d
3953255.0,554572,python,[JIT],0x000071d3e604c036
3953083.0,554508,python,[JIT],0x000074d163219157
3952934.0,554498,python,[JIT],0x00007a47e2843291
3952810.0,554559,python,[JIT],0x000074472c096555
3952807.0,554508,python,[JIT],0x000074d16321939d
3952783.0,554532,python,[JIT],0x00007f3be24b45c8
3952748.0,554520,python,[JIT],0x00007bae9855f567
3952619.0,554498,python,[JIT],0x00007a47e28462eb
3952618.0,554498,python,[JIT],0x00007a47e2845396
3952598.0,554559,python,[kernel.kallsyms],__handle_mm_fault
3952583.0,554559,python,[JIT],0x000074472c09b65c
3952547.0,554508,python,[JIT],0x000074d16321a474
3952503.0,554508,python,[JIT],0x000074d16321fb54
3952362.0,554532,python,[JIT],0x00007f3be24bfa94
3952335.0,554520,python,[JIT],0x00007bae9855169f
3952204.0,554508,python,[JIT],0x000074d1632145ee
3952109.0,554559,python,[JIT],0x000074472c095bc3
3951949.0,554508,python,[JIT],0x000074d16321c21b
3951927.0,554572,python,[JIT],0x000071d3e604076c
3951870.0,554559,python,[JIT],0x000074472c08d380
3951855.0,554508,python,[JIT],0x000074d163212334
3951851.0,554532,python,[JIT],0x00007f3be24b44b8
3951812.0,554559,python,[JIT],0x000074472c0963ba
3951788.0,554520,python,[JIT],0x00007bae985515d7
3951737.0,554520,python,[JIT],0x00007bae9855d593
3951626.0,554498,python,[JIT],0x00007a47e284342f
3951555.0,554572,python,[JIT],0x000071d3e605b230
3951532.0,554520,python,[JIT],0x00007bae9856066e
3951506.0,554508,python,[JIT],0x000074d16321f15f
3951505.0,554572,python,[JIT],0x000071d3e6043268
3951470.0,554532,python,[JIT],0x00007f3be2ceb2d5
3951447.0,554498,python,[JIT],0x00007a47e2843fcc
3951426.0,554520,python,[JIT],0x00007bae9856232b
3951410.0,554559,python,[JIT],0x000074472c098185
3951355.0,554508,python,[JIT],0x000074d16321f1a2
3951199.0,554498,python,[JIT],0x00007a47e284506a
3951072.0,554559,python,[JIT],0x000074472c09b636
3951017.0,554498,python,[JIT],0x00007a47e28383dd
3951001.0,554532,python,[JIT],0x00007f3be24b45c3
3950990.0,554498,python,[JIT],0x00007a47e28389f4
3950954.0,554572,python,[JIT],0x000071d3e604c214
3950893.0,554545,python,[JIT],0x00007b13c67eb0dc
3950807.0,554498,python,[JIT],0x00007a47e2845346
3950758.0,554498,python,[JIT],0x00007a47e283c258
3950458.0,554572,python,[kernel.kallsyms],exc_page_fault
3950423.0,554508,python,[JIT],0x000074d1634c3212
3950312.0,554508,python,[JIT],0x000074d163229654
3950242.0,554498,python,[JIT],0x00007a47e2843f11
3950214.0,554508,python,[JIT],0x000074d163229003
3950108.0,554532,python,[JIT],0x00007f3be24bf6da
3950081.0,554520,python,[JIT],0x00007bae98564102
3950030.0,554559,python,[kernel.kallsyms],folio_add_lru
3949919.0,554508,python,[JIT],0x000074d16321f0a1
3949900.0,554498,python,[JIT],0x00007a47e2843a29
3949859.0,554498,python,[JIT],0x00007a47e2838224
3949851.0,554498,python,[JIT],0x00007a47e283be6d
3949756.0,554498,python,[JIT],0x00007a47e284634e
3949722.0,554508,python,[JIT],0x000074d16321f29a
3949620.0,554498,python,[JIT],0x00007a47e28430b8
3949579.0,554532,python,python,type_is_gc
3949495.0,554532,python,[JIT],0x00007f3be24c1293
3949439.0,554572,python,[kernel.kallsyms],count_memcg_events.constprop.0
3949435.0,554572,python,[JIT],0x000071d3e604bcc5
3949400.0,554559,python,[JIT],0x000074472c09b0fd
3949395.0,554498,python,[kernel.kallsyms],__mod_lruvec_state
3949361.0,554520,python,[JIT],0x00007bae9855d74e
3949306.0,554498,python,[kernel.kallsyms],free_unref_page_commit
3949230.0,554498,python,[JIT],0x00007a47e2845102
3949199.0,554559,python,[JIT],0x000074472c09b172
3949156.0,554508,python,[JIT],0x000074d16321f5c6
3949109.0,554572,python,[JIT],0x000071d3e6053261
3949094.0,554572,python,[JIT],0x000071d3e604b3d0
3949054.0,554572,python,python,allocate_from_new_pool
3948997.0,554572,python,[kernel.kallsyms],__mem_cgroup_uncharge_list
3948774.0,554572,python,[kernel.kallsyms],exc_page_fault
3948682.0,554532,python,[kernel.kallsyms],update_curr
3948572.0,554520,python,[JIT],0x00007bae98563089
3948476.0,554559,python,[JIT],0x000074472c09b44e
3948292.0,554559,python,python,PyLong_FromSsize_t
3947990.0,554572,python,[JIT],0x000071d3e605217d
3947943.0,554498,python,[JIT],0x00007a47e284521e
3947819.0,554559,python,[JIT],0x000074472c09bfb0
3947772.0,554508,python,[kernel.kallsyms],acct_account_cputime
3947761.0,554532,python,[JIT],0x00007f3be24b32f2
3947596.0,554520,python,[JIT],0x00007bae985562b5
3947579.0,554520,python,[JIT],0x00007bae98562134
3947578.0,554572,python,[JIT],0x000071d3e604c585
3947424.0,554532,python,[JIT],0x00007f3be2d6547f
3947153.0,554559,python,[JIT],0x000074472c09c043
3947139.0,554532,python,[JIT],0x00007f3be24bfa4a
3947106.0,554498,python,[JIT],0x00007a47e2843e94
3947063.0,554520,python,python,PyType_GenericAlloc
3947061.0,554559,python,[JIT],0x000074472c09b2f2
3946997.0,554559,python,[JIT],0x000074472c0957b6
3946735.0,554532,python,[kernel.kallsyms],lapic_next_deadline
3946735.0,554532,python,[JIT],0x00007f3be24b3e38
3946698.0,554572,python,[JIT],0x000071d3e604b778
3946675.0,554508,python,[JIT],0x000074d16321fa79
3946640.0,554498,python,[JIT],0x00007a47e28464f7
3946517.0,554532,python,[JIT],0x00007f3be24bf524
3946515.0,554559,python,python,PyIter_Next
3946467.0,554520,python,[JIT],0x00007bae985627af
3946453.0,554520,python,[JIT],0x00007bae9856257d
3946397.0,554559,python,[JIT],0x000074472c09b2df
3946322.0,554532,python,[JIT],0x00007f3be24bf7d3
3946297.0,554520,python,[kernel.kallsyms],arch_exit_to_user_mode_prepare.isra.0
3946279.0,554532,python,[JIT],0x00007f3be24b44be
3946267.0,554545,python,python,dict_iter
3946129.0,554532,python,[kernel.kallsyms],folio_add_new_anon_rmap
3946103.0,554508,python,[kernel.kallsyms],clear_page_erms
3946083.0,554498,python,[kvm],pvclock_gtod_notify
3946019.0,554559,python,[JIT],0x000074472c09b641
3946007.0,554559,python,[JIT],0x000074472c09bdc7
3945927.0,554508,python,[JIT],0x000074d1632283ef
3945870.0,554508,python,[JIT],0x000074d16321c430
3945748.0,554572,python,[JIT],0x000071d3e605142f
3945733.0,554532,python,[JIT],0x00007f3be24b315f
3945648.0,554572,python,[kernel.kallsyms],__handle_mm_fault
3945615.0,554559,python,[JIT],0x000074472c09b052
3945554.0,554545,python,python,_PyObject_GC_Link
3945534.0,554572,python,[JIT],0x000071d3e604b210
3945475.0,554559,python,[JIT],0x000074472c098127
3945211.0,554559,python,[JIT],0x000074472c09b416
3945133.0,554498,python,[JIT],0x00007a47e2838c38
3945114.0,554572,python,[JIT],0x000071d3e604b94e
3945068.0,554508,python,[kernel.kallsyms],__free_one_page
3945027.0,554498,python,python,set_traverse
3944943.0,554559,python,[JIT],0x000074472c09bdd8
3944911.0,554498,python,[JIT],0x00007a47e2ad7392
3944896.0,554520,python,[JIT],0x00007bae98566265
3944815.0,554508,python,[JIT],0x000074d16322949b
3944719.0,554532,python,[JIT],0x00007f3be24b3395
3944689.0,554572,python,[kernel.kallsyms],alloc_pages_mpol
3944647.0,554532,python,[JIT],0x00007f3be24ad299
3944642.0,554559,python,[JIT],0x000074472c09b78f
3944634.0,554508,python,[JIT],0x000074d16321f459
3944604.0,554572,python,[JIT],0x000071d3e605314e
3944571.0,554532,python,[JIT],0x00007f3be24bfb25
3944444.0,554532,python,[JIT],0x00007f3be24b4259
3944401.0,554520,python,[JIT],0x00007bae9855c353
3944386.0,554508,python,[JIT],0x000074d16322943c
3944256.0,554498,python,[kernel.kallsyms],update_curr
3944190.0,554498,python,[kernel.kallsyms],__cond_resched
3944132.0,554532,python,[JIT],0x00007f3be24b6932
3944115.0,554520,python,[JIT],0x00007bae985625b0
3944054.0,554520,python,[JIT],0x00007bae98562dd8
3944038.0,554559,python,[JIT],0x000074472c095778
3943967.0,554559,python,[JIT],0x000074472c09b9ff
3943961.0,554520,python,[JIT],0x00007bae9855d2b5
3943935.0,554498,python,[JIT],0x00007a47e2843f96
3943897.0,554508,python,[JIT],0x000074d16322713e
3943886.0,554572,python,[JIT],0x000071d3e604c206
3943865.0,554559,python,[JIT],0x000074472c0a30c7
3943767.0,554520,python,[JIT],0x00007bae9856631a
3943746.0,554572,python,[JIT],0x000071d3e6047e56
3943720.0,554520,python,[kernel.kallsyms],try_charge_memcg
3943642.0,554532,python,[JIT],0x00007f3be24b690a
3943578.0,554559,python,[JIT],0x000074472c098b78
3943551.0,554559,python,[JIT],0x000074472c09594e
3943534.0,554572,python,[JIT],0x000071d3e60521f3
3943527.0,554572,python,[JIT],0x000071d3e6051516
3943502.0,554520,python,[JIT],0x00007bae9855c23d
3943419.0,554498,python,[JIT],0x00007a47e2ad60ab
3943370.0,554520,python,[JIT],0x00007bae985589f8
3943346.0,554508,python,[JIT],0x000074d16321fd44
3943285.0,554498,python,[JIT],0x00007a47e28383cd
3943234.0,554508,python,[JIT],0x000074d16321a685
3943206.0,554508,python,[JIT],0x000074d16321f543
3943151.0,554520,python,[JIT],0x00007bae9855cd7c
3943095.0,554572,python,[JIT],0x000071d3e604eeee
3943089.0,554520,python,[JIT],0x00007bae9855d427
3943036.0,554520,python,[JIT],0x00007bae9855f43e
3943035.0,554532,python,[JIT],0x00007f3be24c0260
3943015.0,554508,python,[JIT],0x000074d16321f28d
3943006.0,554508,python,[JIT],0x000074d163219c6f
3942748.0,554532,python,[kernel.kallsyms],acct_account_cputime
3942707.0,554532,python,[JIT],0x00007f3be24b62ab
3942685.0,554520,python,[JIT],0x00007bae98565406
3942678.0,554532,python,[JIT],0x00007f3be24bf306
3942639.0,554508,python,[JIT],0x000074d16321f3a3
3942592.0,554508,python,[JIT],0x000074d16321ff87
3942586.0,554520,python,[JIT],0x00007bae9855c992
3942407.0,554572,python,[JIT],0x000071d3e60532fa
3942396.0,554498,python,[JIT],0x00007a47e2843cf3
3942377.0,554508,python,[kernel.kallsyms],_raw_spin_unlock
3942369.0,554508,python,[JIT],0x000074d16321fbac
3942278.0,554572,python,python,setitem_take2_lock_held
3942138.0,554520,python,[JIT],0x00007bae9855cd25
3942106.0,554498,python,[JIT],0x00007a47e2838f04
3941980.0,554520,python,[JIT],0x00007bae9856648b
3941922.0,554508,python,python,PyMem_Malloc
3941913.0,554572,python,[kernel.kallsyms],ktime_get_update_offsets_now
3941793.0,554559,python,[JIT],0x000074472c0a4497
3941790.0,554498,python,[JIT],0x00007a47e2843079
3941755.0,554508,python,[JIT],0x000074d1632196c9
3941603.0,554559,python,[JIT],0x000074472c09bfe8
3941496.0,554559,python,[kernel.kallsyms],timekeeping_advance
3941349.0,554520,python,[JIT],0x00007bae98563031
3941267.0,554532,python,[kernel.kallsyms],free_unref_page_list
3941259.0,554559,python,[JIT],0x000074472c09be41
3941221.0,554559,python,[JIT],0x000074472c0929fc
3941179.0,554572,python,[JIT],0x000071d3e604e714
3941129.0,554559,python,[JIT],0x000074472c09b66e
3941107.0,554520,python,[JIT],0x00007bae9855d607
3941065.0,554508,python,[JIT],0x000074d16321f9b6
3941047.0,554498,python,[JIT],0x00007a47e28433c6
3940964.0,554498,python,[JIT],0x00007a47e283b567
3940921.0,554520,python,[JIT],0x00007bae985624ee
3940896.0,554559,python,[JIT],0x000074472c09b954
3940873.0,554559,python,[JIT],0x000074472c09b445
3940869.0,554572,python,[JIT],0x000071d3e60435b1
3940783.0,554559,python,[JIT],0x000074472c09b6e8
3940607.0,554532,python,[kernel.kallsyms],free_unref_page_commit
3940542.0,554498,python,[JIT],0x00007a47e28431b0
3940348.0,554559,python,[JIT],0x000074472c08b69f
3940318.0,554498,python,[JIT],0x00007a47e2839632
3940252.0,554520,python,[JIT],0x00007bae985628a2
3940087.0,554572,python,[JIT],0x000071d3e604b3ca
3939969.0,554559,python,[JIT],0x000074472c09b5b0
3939833.0,554559,python,[JIT],0x000074472c09bf87
3939791.0,554498,python,[JIT],0x00007a47e284614e
3939747.0,554559,python,[JIT],0x000074472c09b76c
3939475.0,554572,python,[JIT],0x000071d3e6051636
3939329.0,554559,python,python,PyObject_LengthHint
3939245.0,554520,python,[JIT],0x00007bae985601d6
3939052.0,554520,python,[JIT],0x00007bae985562af
3938775.0,554572,python,[JIT],0x000071d3e60515be
3938754.0,554520,python,[JIT],0x00007bae9855cfa2
3938742.0,554498,python,[JIT],0x00007a47e2ad6320
3938601.0,554572,python,[JIT],0x000071d3e6051d52
3938432.0,554532,python,[JIT],0x00007f3be24bf552
3938410.0,554508,python,python,cfunction_vectorcall_NOARGS
3938399.0,554508,python,[JIT],0x000074d1632192e8
3938334.0,554508,python,[JIT],0x000074d16321c94b
3938174.0,554559,python,[JIT],0x000074472c09be21
3938138.0,554520,python,[JIT],0x00007bae985627bb
3938097.0,554508,python,[JIT],0x000074d1632282b6
3938040.0,554532,python,[JIT],0x00007f3be24bf7eb
3937741.0,554498,python,[JIT],0x00007a47e28438d6
3937669.0,554498,python,[JIT],0x00007a47e2831677
3937656.0,554508,python,[JIT],0x000074d163229585
3937643.0,554532,python,python,method_get
3937609.0,554508,python,[JIT],0x000074d163219b70
3937566.0,554498,python,[JIT],0x00007a47e28437df
3937099.0,554498,python,[JIT],0x00007a47e284522e
3937081.0,554532,python,[JIT],0x00007f3be24b3d72
3937031.0,554498,python,[JIT],0x00007a47e28437bb
3936976.0,554532,python,[JIT],0x00007f3be24bf9cf
3936696.0,554508,python,[JIT],0x000074d1632272b8
3936661.0,554520,python,[JIT],0x00007bae985640ad
3936593.0,554559,python,[JIT],0x000074472c09b726
3936251.0,554572,python,[kvm],pvclock_gtod_notify
3936169.0,554532,python,[JIT],0x00007f3be24b31d6
3936169.0,554532,python,[JIT],0x00007f3be24b34f9
3935734.0,554498,python,[JIT],0x00007a47e2831268
3935594.0,554559,python,[JIT],0x000074472c09c0f8
3935323.0,554520,python,[kernel.kallsyms],folio_batch_move_lru
3935189.0,554520,python,[JIT],0x00007bae9855d38b
3935179.0,554572,python,[JIT],0x000071d3e605a649
3935142.0,554572,python,[JIT],0x000071d3e6051930
3935133.0,554572,python,[JIT],0x000071d3e605141f
3935094.0,554520,python,[JIT],0x00007bae98562e21
3935038.0,554508,python,python,unicode_from_format
3934988.0,554498,python,[JIT],0x00007a47e28431a2
3934916.0,554498,python,[JIT],0x00007a47e2843954
3934877.0,554572,python,python,_PyObject_LookupSpecial
3934875.0,554520,python,[JIT],0x00007bae9855c8b7
3934772.0,554559,python,[JIT],0x000074472c09b7bb
3934741.0,554532,python,[JIT],0x00007f3be24bf5d9
3934664.0,554508,python,[JIT],0x000074d16321def7
3934658.0,554572,python,[kernel.kallsyms],up_read
3934540.0,554532,python,[JIT],0x00007f3be24bfa19
3934459.0,554520,python,[JIT],0x00007bae985626e8
3934089.0,554532,python,[JIT],0x00007f3be24bf29a
3934065.0,554572,python,[JIT],0x000071d3e60405ba
3933969.0,554498,python,[JIT],0x00007a47e2838e7e
3933957.0,554532,python,[JIT],0x00007f3be24b4044
3933924.0,554559,python,python,_PyLong_FromMedium
3933897.0,554532,python,[kernel.kallsyms],__mod_zone_page_state
3933855.0,554572,python,[JIT],0x000071d3e60516da
3933817.0,554572,python,[JIT],0x000071d3e605b30e
3933736.0,554520,python,[JIT],0x00007bae98566548
3933683.0,554498,python,[JIT],0x00007a47e284341f
3933633.0,554508,python,[JIT],0x000074d16320f50a
3933593.0,554572,python,[JIT],0x000071d3e60512bc
3933564.0,554572,python,[JIT],0x000071d3e6051083
3933493.0,554559,python,[JIT],0x000074472c09b9aa
3933454.0,554532,python,[JIT],0x00007f3be24b3c80
3933254.0,554508,python,[kernel.kallsyms],folio_lruvec_lock_irqsave
3932805.0,554498,python,[JIT],0x00007a47e284328d
3932528.0,554572,python,[JIT],0x000071d3e6051e0b
3932437.0,554559,python,[JIT],0x000074472c9350dc
3932229.0,554508,python,[kernel.kallsyms],down_write
3932115.0,554498,python,[JIT],0x00007a47e2843b54
3932114.0,554520,python,python,dictiter_dealloc
3932101.0,554508,python,[JIT],0x000074d16321f5f3
3931878.0,554498,python,[kernel.kallsyms],__folio_throttle_swaprate
3931793.0,554498,python,[JIT],0x00007a47e2843e25
3931552.0,554559,python,[JIT],0x000074472c09b0d6
3931475.0,554532,python,python,_Py_NewReference
3930902.0,554508,python,[JIT],0x000074d16321f1c5
3930632.0,554559,python,[JIT],0x000074472c9353ce
3930598.0,554508,python,[kernel.kallsyms],_raw_spin_trylock
3930592.0,554508,python,[kernel.kallsyms],uncharge_folio
3930564.0,554498,python,[JIT],0x00007a47e2843233
3930352.0,554520,python,[JIT],0x00007bae98567224
3930255.0,554498,python,[kernel.kallsyms],uncharge_folio
3930225.0,554508,python,[JIT],0x000074d1634c3261
3929427.0,554545,python,python,_Py_BuiltinCallFastWithKeywords_StackRef
3929051.0,554520,python,[JIT],0x00007bae98562f9a
3928483.0,554532,python,[JIT],0x00007f3be24bf6c7
3928408.0,554520,python,[JIT],0x00007bae985622bc
3928405.0,554559,python,[JIT],0x000074472c09ba94
3928159.0,554572,python,[JIT],0x000071d3e6051cbe
3928147.0,554545,python,python,tuple_dealloc
3928118.0,554498,python,[JIT],0x00007a47e283b1d7
3928025.0,554572,python,[JIT],0x000071d3e60530dc
3927955.0,554520,python,[JIT],0x00007bae98562606
3927918.0,554572,python,[JIT],0x000071d3e60515f3
3927567.0,554498,python,[JIT],0x00007a47e2843629
3926919.0,554520,python,[JIT],0x00007bae98562500
3926591.0,554508,python,[JIT],0x000074d163219175
3926453.0,554508,python,[kernel.kallsyms],__update_load_avg_se
3925949.0,554520,python,[JIT],0x00007bae98562a19
3925778.0,554520,python,[JIT],0x00007bae98562378
3925778.0,554498,python,[JIT],0x00007a47e2843195
3925480.0,554559,python,python,PyMem_Free
3925396.0,554572,python,[JIT],0x000071d3e60512ad
3925325.0,554532,python,python,_PyObject_GC_Link
3925260.0,554498,python,[JIT],0x00007a47e2843641
3925174.0,554498,python,[JIT],0x00007a47e2843e63
3925138.0,554532,python,[JIT],0x00007f3be24bf117
3925024.0,554532,python,python,_PyType_AllocNoTrack
3924514.0,554520,python,[JIT],0x00007bae9855d225
3924448.0,554520,python,python,meth_dealloc
3924319.0,554559,python,[JIT],0x000074472c095c21
3924253.0,554559,python,[JIT],0x000074472c09b3ef
3924147.0,554498,python,[JIT],0x00007a47e283b430
3923930.0,554532,python,[JIT],0x00007f3be24bf3e3
3923721.0,554498,python,[JIT],0x00007a47e2838c49
3923666.0,554508,python,python,_PyObject_GC_New
3923629.0,554508,python,python,find_empty_slot
3923450.0,554498,python,[JIT],0x00007a47e2843ebc
3923294.0,554508,python,[JIT],0x000074d16321a44a
3923179.0,554520,python,[JIT],0x00007bae9855c3ca
3923168.0,554559,python,[JIT],0x000074472c09bb25
3922275.0,554572,python,[JIT],0x000071d3e6051825
3922225.0,554520,python,[JIT],0x00007bae98562df9
3922214.0,554532,python,[JIT],0x00007f3be24c005d
3921877.0,554498,python,[JIT],0x00007a47e2839459
3921717.0,554520,python,[JIT],0x00007bae985625d9
3921684.0,554532,python,python,tuple_dealloc
3921253.0,554559,python,[kernel.kallsyms],__free_one_page
3921221.0,554498,python,[kernel.kallsyms],up_read
3921034.0,554520,python,[JIT],0x00007bae9856293f
3920807.0,554545,python,python,_Py_CallBuiltinClass_StackRef
3920725.0,554559,python,[JIT],0x000074472c0a42f3
3920605.0,554508,python,[JIT],0x000074d163219b8e
3919922.0,554498,python,[kernel.kallsyms],pud_val
3919737.0,554520,python,[JIT],0x00007bae98563074
3919665.0,554508,python,[JIT],0x000074d16321ab33
3919419.0,554498,python,[JIT],0x00007a47e28388ce
3919023.0,554498,python,[JIT],0x00007a47e2839381
3918982.0,554545,python,[kernel.kallsyms],get_page_from_freelist
3918956.0,554508,python,[JIT],0x000074d16321c3ff
3918921.0,554572,python,[JIT],0x000071d3e604b673
3918867.0,554559,python,[JIT],0x000074472c096459
3918865.0,554508,python,[JIT],0x000074d163213711
3918640.0,554520,python,[JIT],0x00007bae985585a6
3918510.0,554520,python,[JIT],0x00007bae9856265c
3918196.0,554559,python,[JIT],0x000074472c08e1eb
3917472.0,554508,python,[JIT],0x000074d16321a555
3917354.0,554559,python,[kernel.kallsyms],free_pcppages_bulk
3917337.0,554572,python,[JIT],0x000071d3e60518b3
3917100.0,554508,python,[JIT],0x000074d16321c2be
3916633.0,554520,python,libc.so.6,malloc
3916576.0,554520,python,[JIT],0x00007bae9855d7d6
3916364.0,554498,python,[JIT],0x00007a47e28350b8
3916321.0,554559,python,[JIT],0x000074472c0907f5
3916260.0,554498,python,[JIT],0x00007a47e2830812
3916095.0,554559,python,[kernel.kallsyms],__pte_offset_map
3915903.0,554498,python,[JIT],0x00007a47e282d784
3915855.0,554520,python,[JIT],0x00007bae98560752
3915328.0,554508,python,python,PyDict_Contains
3914896.0,554559,python,[kernel.kallsyms],kmem_cache_free
3914274.0,554559,python,[JIT],0x000074472c08b114
3914000.0,554498,python,python,PyObject_SelfIter
3913950.0,554498,python,[JIT],0x00007a47e28441af
3913888.0,554572,python,[JIT],0x000071d3e6052241
3913789.0,554498,python,[JIT],0x00007a47e2843524
3913730.0,554572,python,[JIT],0x000071d3e604c076
3913563.0,554498,python,[JIT],0x00007a47e2831c53
3912909.0,554532,python,[JIT],0x00007f3be24c13b5
3912509.0,554572,python,[JIT],0x000071d3e604f382
3912130.0,554559,python,[JIT],0x000074472c08b26f
3911569.0,554559,python,[JIT],0x000074472c0953c5
3910939.0,554572,python,[JIT],0x000071d3e60517f4
3910691.0,554498,python,[JIT],0x00007a47e2843ba1
3909888.0,554532,python,[JIT],0x00007f3be24b64b4
3909145.0,554532,python,[JIT],0x00007f3be24b61ed
3908637.0,554532,python,[JIT],0x00007f3be24c01c5
3907816.0,554520,python,[JIT],0x00007bae9855c847
3907248.0,554520,python,[JIT],0x00007bae9856639c
3907177.0,554508,python,[JIT],0x000074d16321ce51
3905699.0,554508,python,[JIT],0x000074d16321d5e0
3904881.0,554559,python,[JIT],0x000074472c095dc1
3904805.0,554498,python,[JIT],0x00007a47e2843b90
3904291.0,554508,python,python,builtin_iter
3902471.0,554520,python,[JIT],0x00007bae9855c636
3901827.0,554498,python,[JIT],0x00007a47e282e2a0
3901474.0,554508,python,[JIT],0x000074d16321f172
3901022.0,554572,python,[JIT],0x000071d3e605b0ea
3900822.0,554559,python,[JIT],0x000074472c095bff
3900691.0,554498,python,[JIT],0x00007a47e28437d3
3898978.0,554498,python,[JIT],0x00007a47e2838c8c
3898303.0,554572,python,[JIT],0x000071d3e604ba9e
3897602.0,554498,python,[JIT],0x00007a47e283853b
3897085.0,554508,python,[JIT],0x000074d16321a427
3896465.0,554532,python,[kernel.kallsyms],__cgroup_account_cputime_field
3894011.0,554520,python,[JIT],0x00007bae9855d468
3893888.0,554532,python,[JIT],0x00007f3be24bf9aa
3892827.0,554559,python,[kernel.kallsyms],uncharge_folio
3892571.0,554532,python,[JIT],0x00007f3be24b412f
3889478.0,554572,python,[kernel.kallsyms],folio_batch_move_lru
3881635.0,554572,python,[JIT],0x000071d3e605b246
3879680.0,554572,python,[JIT],0x000071d3e604effa
3879288.0,554520,python,python,_PyObject_GC_Link
3870360.0,554559,python,[JIT],0x000074472c9351e9
3868815.0,554559,python,[JIT],0x000074472c9352b6
3866102.0,554572,python,[JIT],0x000071d3e605b111
3854009.0,554532,python,[JIT],0x00007f3be24b3f04
3839096.0,554498,python,[JIT],0x00007a47e2ad7111
3834310.0,554532,python,[JIT],0x00007f3be2d661cf
3833792.0,554498,python,[JIT],0x00007a47e28380f4
3833740.0,554532,python,[JIT],0x00007f3be24bf25d
3832205.0,554572,python,[JIT],0x000071d3e604bbff
3831438.0,554508,python,[JIT],0x000074d1632190f1
3826069.0,554532,python,[JIT],0x00007f3be24b304c
3821714.0,554520,python,[JIT],0x00007bae9855c94e
3819025.0,554498,python,[JIT],0x00007a47e2ad73c1
3550597.0,554498,python,[kernel.kallsyms],__update_load_avg_cfs_rq
2981622.0,554508,python,[JIT],0x000074d16321cfb4
2978032.0,554572,python,[JIT],0x000071d3e605a372
2977971.0,554508,python,python,gallop_right
2977951.0,554532,python,[JIT],0x00007f3be2d655db
2977906.0,554508,python,[JIT],0x000074d163228447
2977900.0,554508,python,[JIT],0x000074d16322836c
2977809.0,554572,python,[JIT],0x000071d3e605a3cb
2977708.0,554559,python,[kernel.kallsyms],irq_enter_rcu
2977676.0,554498,python,[JIT],0x00007a47e2ad620e
2977644.0,554508,python,python,PyNumber_Add
2977641.0,554508,python,[JIT],0x000074d16322727b
2977639.0,554532,python,[JIT],0x00007f3be2ceb13e
2977634.0,554508,python,[JIT],0x000074d16322827b
2977617.0,554532,python,python,_PyTuple_FromStackRefStealOnSuccess
2977598.0,554559,python,[JIT],0x000074472c098398
2977598.0,554559,python,[JIT],0x000074472c0a3369
2977571.0,554532,python,[JIT],0x00007f3be2ceb2eb
2977550.0,554532,python,[JIT],0x00007f3be2d652ab
2977541.0,554508,python,[JIT],0x000074d1632293b9
2977503.0,554532,python,[JIT],0x00007f3be24c13ae
2977501.0,554532,python,[JIT],0x00007f3be24b394e
2977492.0,554508,python,[JIT],0x000074d163227253
2977486.0,554532,python,[JIT],0x00007f3be2d65372
2977478.0,554532,python,[JIT],0x00007f3be2d65292
2977467.0,554572,python,[JIT],0x000071d3e60591fa
2977465.0,554498,python,[JIT],0x00007a47e2ad612d
2977449.0,554520,python,[JIT],0x00007bae9856423c
2977437.0,554532,python,[JIT],0x00007f3be24a9124
2977434.0,554559,python,[JIT],0x000074472c9352c5
2977419.0,554508,python,[JIT],0x000074d1632291cf
2977406.0,554508,python,[JIT],0x000074d16321210c
2977386.0,554559,python,[JIT],0x000074472c08b62e
2977385.0,554508,python,[JIT],0x000074d16320f0c7
2977378.0,554498,python,[JIT],0x00007a47e282d643
2977362.0,554508,python,[JIT],0x000074d163219a20
2977360.0,554532,python,[JIT],0x00007f3be24a920e
2977359.0,554545,python,python,setitem_take2_lock_held
2977311.0,554508,python,[JIT],0x000074d163213e56
2977303.0,554532,python,[JIT],0x00007f3be2ceb333
2977300.0,554572,python,[JIT],0x000071d3e604032b
2977295.0,554508,python,[JIT],0x000074d163210873
2977294.0,554508,python,[JIT],0x000074d1632281fa
2977278.0,554532,python,[JIT],0x00007f3be24c114e
2977266.0,554498,python,[JIT],0x00007a47e2ad674b
2977263.0,554520,python,[JIT],0x00007bae98564253
2977259.0,554572,python,[JIT],0x000071d3e6059472
2977258.0,554559,python,[JIT],0x000074472c08c5a6
2977255.0,554508,python,[JIT],0x000074d16321d99a
2977242.0,554520,python,[JIT],0x00007bae98566668
2977241.0,554559,python,[JIT],0x000074472c935143
2977241.0,554532,python,[JIT],0x00007f3be24a93b9
2977232.0,554508,python,[JIT],0x000074d16321c682
2977218.0,554532,python,[JIT],0x00007f3be2ceb2cb
2977215.0,554559,python,[JIT],0x000074472c08b66e
2977209.0,554532,python,[JIT],0x00007f3be2ceb261
2977203.0,554508,python,[JIT],0x000074d16321d4e4
2977202.0,554532,python,[JIT],0x00007f3be24b414d
2977201.0,554520,python,python,_PyJIT_Entry
2977199.0,554532,python,[JIT],0x00007f3be2ceb2c1
2977187.0,554559,python,[JIT],0x000074472c099258
2977178.0,554508,python,[JIT],0x000074d16321cdcf
2977174.0,554520,python,[JIT],0x00007bae98564129
2977173.0,554559,python,[JIT],0x000074472c93468b
2977170.0,554508,python,[JIT],0x000074d163219982
2977169.0,554532,python,[JIT],0x00007f3be24b6052
2977165.0,554559,python,[JIT],0x000074472c0a209c
2977164.0,554559,python,[JIT],0x000074472c08b53b
2977151.0,554508,python,[JIT],0x000074d16321d5e4
2977144.0,554508,python,[JIT],0x000074d16320f342
2977138.0,554559,python,[JIT],0x000074472c0965d6
2977135.0,554508,python,[JIT],0x000074d1632130dc
2977131.0,554532,python,[JIT],0x00007f3be2ceb118
2977129.0,554508,python,[JIT],0x000074d1632196bc
2977123.0,554559,python,[JIT],0x000074472c0960eb
2977123.0,554508,python,[JIT],0x000074d1632273b9
2977120.0,554559,python,[JIT],0x000074472c095ed5
2977103.0,554559,python,[JIT],0x000074472c9345c2
2977089.0,554532,python,[JIT],0x00007f3be24b38f9
2977085.0,554520,python,[JIT],0x00007bae9856674b
2977077.0,554508,python,[JIT],0x000074d1632105a6
2977072.0,554508,python,[JIT],0x000074d16321ca08
2977068.0,554508,python,[JIT],0x000074d16321a43b
2977066.0,554559,python,[JIT],0x000074472c08f00a
2977063.0,554559,python,[JIT],0x000074472c0929f8
2977056.0,554559,python,[JIT],0x000074472c095f04
2977053.0,554508,python,[JIT],0x000074d163210a04
2977052.0,554572,python,[JIT],0x000071d3e605b0dc
2977048.0,554559,python,[JIT],0x000074472c095ffc
2977047.0,554508,python,[JIT],0x000074d163219103
2977041.0,554572,python,[JIT],0x000071d3e60592d5
2977041.0,554559,python,[JIT],0x000074472c096427
2977035.0,554559,python,[JIT],0x000074472c935230
2977031.0,554532,python,[JIT],0x00007f3be24ac11b
2977022.0,554508,python,[JIT],0x000074d163219f8d
2977017.0,554572,python,[JIT],0x000071d3e605931a
2977011.0,554508,python,[JIT],0x000074d16321d8ca
2977006.0,554559,python,[JIT],0x000074472c09641b
2977004.0,554532,python,[JIT],0x00007f3be24a95de
2976993.0,554508,python,[JIT],0x000074d16321ce6d
2976990.0,554498,python,[JIT],0x00007a47e2839710
2976988.0,554559,python,[JIT],0x000074472c09615a
2976985.0,554508,python,[JIT],0x000074d16321975f
2976979.0,554508,python,[JIT],0x000074d16321cf84
2976972.0,554520,python,[JIT],0x00007bae9855126f
2976971.0,554559,python,[JIT],0x000074472c0953dd
2976969.0,554498,python,[JIT],0x00007a47e2831703
2976962.0,554559,python,[JIT],0x000074472c095210
2976962.0,554559,python,[JIT],0x000074472c095c0e
2976959.0,554508,python,[JIT],0x000074d1632193ca
2976959.0,554498,python,[JIT],0x00007a47e28382e8
2976958.0,554498,python,[JIT],0x00007a47e2ad668e
2976948.0,554559,python,[JIT],0x000074472c095e27
2976948.0,554532,python,[JIT],0x00007f3be24b3fea
2976933.0,554508,python,[JIT],0x000074d163219b51
2976932.0,554532,python,[JIT],0x00007f3be24b763c
2976926.0,554532,python,[JIT],0x00007f3be24b6fd8
2976926.0,554508,python,[JIT],0x000074d1632197fa
2976924.0,554498,python,[JIT],0x00007a47e2ad6134
2976923.0,554559,python,[JIT],0x000074472c092a04
2976920.0,554520,python,[JIT],0x00007bae98551138
2976912.0,554532,python,[JIT],0x00007f3be24b35f2
2976909.0,554498,python,[JIT],0x00007a47e28391b8
2976907.0,554559,python,[JIT],0x000074472c0985f0
2976905.0,554508,python,[JIT],0x000074d16321c714
2976901.0,554498,python,[JIT],0x00007a47e28304c3
2976900.0,554572,python,[JIT],0x000071d3e605a235
2976893.0,554520,python,[JIT],0x00007bae9855ca04
2976892.0,554559,python,[JIT],0x000074472c09836d
2976891.0,554532,python,[JIT],0x00007f3be24b706c
2976886.0,554532,python,python,cfunction_vectorcall_FASTCALL
2976885.0,554559,python,[JIT],0x000074472c096632
2976882.0,554532,python,[JIT],0x00007f3be24b6c46
2976881.0,554508,python,[JIT],0x000074d1632113a2
2976881.0,554508,python,[JIT],0x000074d16321a8d2
2976880.0,554508,python,[JIT],0x000074d16321a14d
2976879.0,554498,python,[JIT],0x00007a47e28305d0
2976878.0,554559,python,[JIT],0x000074472c095ff2
2976878.0,554508,python,[JIT],0x000074d16321d7c5
2976874.0,554520,python,[JIT],0x00007bae9855287f
2976873.0,554559,python,[JIT],0x000074472c095cae
2976871.0,554498,python,[JIT],0x00007a47e283901a
2976866.0,554498,python,[JIT],0x00007a47e2845309
2976861.0,554559,python,[JIT],0x000074472c095e9e
2976857.0,554498,python,[JIT],0x00007a47e2839076
2976856.0,554508,python,[JIT],0x000074d16321a7d6
2976855.0,554559,python,[JIT],0x000074472c096474
2976852.0,554498,python,[JIT],0x00007a47e2ad64c6
2976851.0,554508,python,[JIT],0x000074d1632125d0
2976847.0,554520,python,[JIT],0x00007bae98566658
2976846.0,554559,python,[JIT],0x000074472c08b5fa
2976844.0,554559,python,[JIT],0x000074472c09991d
2976835.0,554498,python,[JIT],0x00007a47e283926f
2976829.0,554572,python,[JIT],0x000071d3e604c3a9
2976828.0,554559,python,[JIT],0x000074472c08f268
2976827.0,554559,python,[JIT],0x000074472c098654
2976823.0,554520,python,[JIT],0x00007bae9855c1c8
2976822.0,554559,python,[JIT],0x000074472c095aca
2976820.0,554498,python,[JIT],0x00007a47e2839b44
2976819.0,554532,python,[JIT],0x00007f3be24b36da
2976818.0,554532,python,[JIT],0x00007f3be24b3bff
2976815.0,554559,python,[JIT],0x000074472c096244
2976810.0,554559,python,[JIT],0x000074472c098aca
2976809.0,554508,python,[JIT],0x000074d163212224
2976807.0,554559,python,[kernel.kallsyms],nohz_balancer_kick
2976807.0,554508,python,[JIT],0x000074d16321c0c7
2976801.0,554520,python,[JIT],0x00007bae9855ce5c
2976800.0,554559,python,[JIT],0x000074472c098b49
2976800.0,554508,python,[JIT],0x000074d163212157
2976793.0,554559,python,[JIT],0x000074472c09590a
2976791.0,554508,python,[JIT],0x000074d16321d536
2976789.0,554532,python,[JIT],0x00007f3be24a9666
2976788.0,554520,python,[JIT],0x00007bae985652be
2976787.0,554508,python,[JIT],0x000074d16321c316
2976784.0,554520,python,[JIT],0x00007bae985671cf
2976781.0,554559,python,[JIT],0x000074472c08f7c0
2976775.0,554520,python,[JIT],0x00007bae98566320
2976775.0,554532,python,[JIT],0x00007f3be24b630c
2976774.0,554559,python,[JIT],0x000074472c092e5a
2976774.0,554508,python,[JIT],0x000074d163219ee5
2976773.0,554559,python,[JIT],0x000074472c0902a9
2976773.0,554532,python,[JIT],0x00007f3be24b1b49
2976768.0,554532,python,[JIT],0x00007f3be24ad175
2976763.0,554532,python,[JIT],0x00007f3be24ac299
2976762.0,554508,python,[JIT],0x000074d16321d431
2976755.0,554532,python,[JIT],0x00007f3be24b477b
2976745.0,554520,python,[JIT],0x00007bae9855170f
2976744.0,554559,python,[JIT],0x000074472c092334
2976744.0,554508,python,[JIT],0x000074d163219f04
2976741.0,554498,python,[JIT],0x00007a47e283b7e5
2976740.0,554508,python,[JIT],0x000074d163219664
2976740.0,554498,python,[JIT],0x00007a47e283bc1a
2976739.0,554520,python,[JIT],0x00007bae9855ce88
2976738.0,554532,python,[JIT],0x00007f3be24b3220
2976738.0,554508,python,[JIT],0x000074d1632194c3
2976737.0,554559,python,[JIT],0x000074472c095dd6
2976736.0,554559,python,[JIT],0x000074472c095be9
2976733.0,554532,python,[JIT],0x00007f3be24ac82d
2976728.0,554572,python,[JIT],0x000071d3e604ee4b
2976726.0,554559,python,[JIT],0x000074472c935246
2976725.0,554532,python,[JIT],0x00007f3be24b6185
2976725.0,554498,python,[JIT],0x00007a47e2830224
2976725.0,554498,python,[JIT],0x00007a47e2838614
2976724.0,554520,python,[JIT],0x00007bae9855d1ad
2976724.0,554559,python,[JIT],0x000074472c0982be
2976720.0,554559,python,[JIT],0x000074472c09820c
2976717.0,554559,python,[JIT],0x000074472c090710
2976717.0,554532,python,[JIT],0x00007f3be24b3192
2976711.0,554532,python,[JIT],0x00007f3be24ac334
2976705.0,554559,python,[JIT],0x000074472c0956c9
2976702.0,554532,python,[JIT],0x00007f3be24b687f
2976702.0,554498,python,[JIT],0x00007a47e283c89b
2976701.0,554520,python,[JIT],0x00007bae9855cff8
2976701.0,554532,python,[JIT],0x00007f3be24b39f4
2976697.0,554520,python,[JIT],0x00007bae9855f838
2976691.0,554559,python,[JIT],0x000074472c0950ad
2976691.0,554559,python,[JIT],0x000074472c09845c
2976691.0,554559,python,[JIT],0x000074472c09895a
2976677.0,554532,python,[JIT],0x00007f3be24b3f93
2976677.0,554498,python,[JIT],0x00007a47e2839678
2976673.0,554508,python,[JIT],0x000074d1632199be
2976672.0,554572,python,[JIT],0x000071d3e604be38
2976671.0,554532,python,[JIT],0x00007f3be24b3cc5
2976670.0,554520,python,[JIT],0x00007bae9855c65c
2976665.0,554559,python,[JIT],0x000074472c09824e
2976662.0,554498,python,[JIT],0x00007a47e2838fe3
2976659.0,554498,python,[JIT],0x00007a47e2838d08
2976656.0,554520,python,[JIT],0x00007bae9856644a
2976652.0,554559,python,[JIT],0x000074472c93420e
2976652.0,554532,python,[JIT],0x00007f3be24aa0d6
2976649.0,554545,python,[JIT],0x00007b13c67eba20
2976646.0,554532,python,[JIT],0x00007f3be24b41bc
2976643.0,554532,python,[JIT],0x00007f3be2d66138
2976637.0,554520,python,[JIT],0x00007bae98565293
2976635.0,554508,python,[JIT],0x000074d163219ec0
2976631.0,554498,python,[JIT],0x00007a47e284637d
2976627.0,554520,python,[JIT],0x00007bae9855c34c
2976622.0,554508,python,[JIT],0x000074d163219b43
2976621.0,554559,python,[JIT],0x000074472c095dfe
2976618.0,554520,python,[JIT],0x00007bae9855cff2
2976616.0,554520,python,[JIT],0x00007bae9855cb43
2976614.0,554508,python,[JIT],0x000074d1632192b6
2976612.0,554559,python,[JIT],0x000074472c0a32b8
2976606.0,554532,python,[JIT],0x00007f3be24ac10c
2976605.0,554520,python,[JIT],0x00007bae9855c064
2976598.0,554520,python,[JIT],0x00007bae9855c37a
2976595.0,554520,python,[JIT],0x00007bae985567f8
2976594.0,554508,python,[JIT],0x000074d163229674
2976593.0,554572,python,[JIT],0x000071d3e604e574
2976590.0,554520,python,[JIT],0x00007bae985542c5
2976585.0,554559,python,[JIT],0x000074472c095353
2976581.0,554532,python,[JIT],0x00007f3be24b086b
2976581.0,554498,python,[JIT],0x00007a47e2835b49
2976579.0,554508,python,[JIT],0x000074d1632132b6
2976577.0,554572,python,[JIT],0x000071d3e604c1f1
2976569.0,554545,python,python,_PyJIT_Entry
2976563.0,554508,python,[JIT],0x000074d16321955c
2976561.0,554520,python,[JIT],0x00007bae98555127
2976557.0,554498,python,[JIT],0x00007a47e2838601
2976554.0,554520,python,[JIT],0x00007bae9855cdd6
2976554.0,554532,python,[JIT],0x00007f3be24b7915
2976553.0,554572,python,[JIT],0x000071d3e604e73f
2976552.0,554498,python,[JIT],0x00007a47e282d5f6
2976548.0,554572,python,[JIT],0x000071d3e6041a04
2976541.0,554520,python,[JIT],0x00007bae9855c9f4
2976540.0,554508,python,[JIT],0x000074d16321cc46
2976539.0,554572,python,[JIT],0x000071d3e604f429
2976539.0,554508,python,[JIT],0x000074d16321ab44
2976538.0,554572,python,[JIT],0x000071d3e604323d
2976530.0,554498,python,[JIT],0x00007a47e28312f2
2976529.0,554520,python,[JIT],0x00007bae9855ccc5
2976528.0,554532,python,[JIT],0x00007f3be24b3669
2976526.0,554520,python,[JIT],0x00007bae985650c7
2976526.0,554498,python,[JIT],0x00007a47e28301eb
2976524.0,554508,python,[JIT],0x000074d163219175
2976524.0,554508,python,[JIT],0x000074d16321c46c
2976522.0,554559,python,[JIT],0x000074472c09587c
2976521.0,554508,python,[JIT],0x000074d16321d5b7
2976518.0,554532,python,[JIT],0x00007f3be24b63d4
2976512.0,554508,python,[JIT],0x000074d163219cae
2976507.0,554508,python,[JIT],0x000074d16321a468
2976506.0,554572,python,[JIT],0x000071d3e604b9fe
2976506.0,554572,python,[JIT],0x000071d3e604f588
2976506.0,554532,python,[JIT],0x00007f3be24a92f7
2976503.0,554498,python,[JIT],0x00007a47e28310a9
2976500.0,554520,python,[JIT],0x00007bae9855f845
2976496.0,554520,python,[JIT],0x00007bae98551784
2976496.0,554498,python,[JIT],0x00007a47e2838f8d
2976492.0,554508,python,[JIT],0x000074d16321a02c
2976491.0,554498,python,[JIT],0x00007a47e283c829
2976490.0,554572,python,[JIT],0x000071d3e604edc5
2976488.0,554559,python,[JIT],0x000074472c0a431a
2976488.0,554532,python,[JIT],0x00007f3be24ad167
2976485.0,554572,python,[JIT],0x000071d3e6043343
2976483.0,554559,python,[JIT],0x000074472c095268
2976476.0,554532,python,[JIT],0x00007f3be24b4600
2976476.0,554532,python,[JIT],0x00007f3be24b63a7
2976475.0,554508,python,[JIT],0x000074d16321600a
2976474.0,554559,python,[JIT],0x000074472c0957a5
2976471.0,554572,python,[JIT],0x000071d3e604c44a
2976470.0,554498,python,[JIT],0x00007a47e2ad730e
2976466.0,554545,python,[JIT],0x00007b13c67ebc49
2976464.0,554508,python,[JIT],0x000074d16321300a
2976461.0,554520,python,[JIT],0x00007bae98554192
2976459.0,554559,python,[JIT],0x000074472c096259
2976457.0,554520,python,[JIT],0x00007bae9855410c
2976455.0,554520,python,[JIT],0x00007bae985540ea
2976455.0,554498,python,[JIT],0x00007a47e283b7ec
2976454.0,554532,python,[JIT],0x00007f3be24b36bc
2976453.0,554498,python,[JIT],0x00007a47e283017f
2976452.0,554572,python,[JIT],0x000071d3e604b462
2976450.0,554508,python,[JIT],0x000074d1632280c7
2976444.0,554559,python,[JIT],0x000074472c095b22
2976439.0,554532,python,[JIT],0x00007f3be24b42af
2976434.0,554559,python,[JIT],0x000074472c099338
2976433.0,554572,python,[JIT],0x000071d3e604bfa8
2976433.0,554572,python,[JIT],0x000071d3e604ef3d
2976433.0,554498,python,[JIT],0x00007a47e283b503
2976431.0,554572,python,[JIT],0x000071d3e604b7fa
2976431.0,554520,python,[JIT],0x00007bae985582a7
2976431.0,554498,python,[JIT],0x00007a47e2838e19
2976423.0,554572,python,[JIT],0x000071d3e604b992
2976421.0,554532,python,[JIT],0x00007f3be24b75a3
2976418.0,554498,python,[JIT],0x00007a47e283b357
2976417.0,554572,python,[JIT],0x000071d3e604e2d0
2976417.0,554532,python,[JIT],0x00007f3be24b3b86
2976411.0,554498,python,[JIT],0x00007a47e283b54e
2976409.0,554520,python,[JIT],0x00007bae98566572
2976406.0,554532,python,[JIT],0x00007f3be2d65320
2976406.0,554508,python,[JIT],0x000074d16321a649
2976405.0,554572,python,[JIT],0x000071d3e604b53b
2976405.0,554572,python,[JIT],0x000071d3e604e2fe
2976402.0,554572,python,[JIT],0x000071d3e604e2ee
2976399.0,554559,python,[JIT],0x000074472c0995fd
2976398.0,554572,python,[JIT],0x000071d3e605a43c
2976398.0,554572,python,[JIT],0x000071d3e605b143
2976397.0,554520,python,[JIT],0x00007bae98555a04
2976397.0,554532,python,[JIT],0x00007f3be24b6dc5
2976392.0,554572,python,[JIT],0x000071d3e604eca2
2976389.0,554498,python,[JIT],0x00007a47e284644d
2976383.0,554572,python,[JIT],0x000071d3e604e329
2976383.0,554498,python,[JIT],0x00007a47e283c2c9
2976378.0,554520,python,[JIT],0x00007bae98551525
2976371.0,554520,python,[JIT],0x00007bae9855c4c3
2976370.0,554498,python,[JIT],0x00007a47e2ad6060
2976366.0,554572,python,[JIT],0x000071d3e604e3b7
2976364.0,554559,python,[JIT],0x000074472c0904c0
2976363.0,554520,python,[JIT],0x00007bae985540ce
2976361.0,554508,python,[JIT],0x000074d163219804
2976360.0,554572,python,[JIT],0x000071d3e604bac8
2976356.0,554508,python,[JIT],0x000074d163229697
2976355.0,554559,python,[JIT],0x000074472c0981fc
2976352.0,554498,python,[JIT],0x00007a47e283278c
2976349.0,554532,python,[JIT],0x00007f3be24be0ae
2976348.0,554572,python,[JIT],0x000071d3e604478e
2976346.0,554532,python,[JIT],0x00007f3be24b70aa
2976343.0,554520,python,[JIT],0x00007bae9855f570
2976343.0,554520,python,[JIT],0x00007bae98564346
2976343.0,554532,python,[JIT],0x00007f3be24b6921
2976343.0,554508,python,[JIT],0x000074d16321cd8a
2976340.0,554532,python,libc.so.6,_int_free
2976337.0,554559,python,[JIT],0x000074472c9341e9
2976334.0,554559,python,[JIT],0x000074472c0981c2
2976334.0,554559,python,[JIT],0x000074472c934548
2976331.0,554508,python,[JIT],0x000074d163212395
2976323.0,554572,python,[JIT],0x000071d3e604ea08
2976323.0,554520,python,[kernel.kallsyms],update_cfs_group
2976323.0,554508,python,[JIT],0x000074d163216201
2976322.0,554559,python,[JIT],0x000074472c09517f
2976321.0,554532,python,[JIT],0x00007f3be24b3175
2976316.0,554572,python,[JIT],0x000071d3e604b55c
2976316.0,554520,python,[JIT],0x00007bae9855cbff
2976311.0,554532,python,[JIT],0x00007f3be24b3d63
2976310.0,554559,python,[JIT],0x000074472c0902ad
2976305.0,554572,python,[JIT],0x000071d3e604c41b
2976303.0,554498,python,[JIT],0x00007a47e2846134
2976299.0,554572,python,[JIT],0x000071d3e604e24e
2976297.0,554559,python,[JIT],0x000074472c095c6f
2976294.0,554572,python,[JIT],0x000071d3e60449fc
2976293.0,554520,python,[JIT],0x00007bae9855cedf
2976283.0,554520,python,[JIT],0x00007bae9856521e
2976281.0,554572,python,[JIT],0x000071d3e604c0f1
2976273.0,554572,python,[JIT],0x000071d3e604bab5
2976271.0,554532,python,[JIT],0x00007f3be24b62ee
2976267.0,554572,python,[JIT],0x000071d3e604e7f3
2976266.0,554520,python,[JIT],0x00007bae98560293
2976265.0,554532,python,[JIT],0x00007f3be24ad00a
2976258.0,554532,python,[JIT],0x00007f3be24b34d0
2976256.0,554572,python,[JIT],0x000071d3e6044598
2976255.0,554520,python,[JIT],0x00007bae9855c3af
2976255.0,554498,python,[JIT],0x00007a47e283b7c8
2976252.0,554572,python,[JIT],0x000071d3e604c299
2976249.0,554572,python,[JIT],0x000071d3e604f042
2976248.0,554508,python,[JIT],0x000074d16321dedc
2976241.0,554520,python,[JIT],0x00007bae9855c38d
2976237.0,554532,python,[JIT],0x00007f3be24b37ef
2976218.0,554508,python,[JIT],0x000074d16321c503
2976210.0,554498,python,[JIT],0x00007a47e2845134
2976203.0,554520,python,[JIT],0x00007bae98559907
2976202.0,554520,python,[JIT],0x00007bae9855c395
2976197.0,554559,python,[JIT],0x000074472c096489
2976194.0,554572,python,[JIT],0x000071d3e604c09b
2976186.0,554572,python,[JIT],0x000071d3e604bee5
2976183.0,554520,python,[JIT],0x00007bae98551756
2976183.0,554520,python,[JIT],0x00007bae9855ce96
2976169.0,554572,python,[JIT],0x000071d3e604a04c
2976166.0,554559,python,[JIT],0x000074472c098fde
2976164.0,554559,python,[JIT],0x000074472c9350a7
2976164.0,554532,python,[JIT],0x00007f3be24b611b
2976162.0,554520,python,[JIT],0x00007bae9855c3f1
2976158.0,554498,python,[JIT],0x00007a47e2831669
2976156.0,554532,python,[JIT],0x00007f3be24ab1f3
2976155.0,554498,python,[JIT],0x00007a47e283b570
2976147.0,554559,python,[JIT],0x000074472c9343e7
2976137.0,554572,python,[JIT],0x000071d3e605b3a5
2976137.0,554498,python,[JIT],0x00007a47e2839378
2976131.0,554559,python,[JIT],0x000074472c08e1d6
2976126.0,554559,python,[JIT],0x000074472c09843e
2976104.0,554520,python,[JIT],0x00007bae98560382
2976103.0,554572,python,[JIT],0x000071d3e604b00a
2976103.0,554520,python,[JIT],0x00007bae9855c90a
2976103.0,554559,python,[JIT],0x000074472c0954eb
2976096.0,554572,python,[JIT],0x000071d3e604b353
2976089.0,554532,python,[JIT],0x00007f3be2ceb134
2976087.0,554532,python,[JIT],0x00007f3be24b33a9
2976083.0,554498,python,[JIT],0x00007a47e283c3cf
2976077.0,554520,python,[JIT],0x00007bae9855d555
2976074.0,554559,python,[JIT],0x000074472c0956bc
2976073.0,554498,python,[JIT],0x00007a47e2838b33
2976071.0,554520,python,[JIT],0x00007bae9855d0b8
2976067.0,554532,python,[JIT],0x00007f3be24b4b3a
2976066.0,554508,python,[JIT],0x000074d16321a094
2976064.0,554559,python,[JIT],0x000074472c098109
2976051.0,554498,python,[JIT],0x00007a47e2838c65
2976050.0,554498,python,[JIT],0x00007a47e2838cab
2976047.0,554498,python,[JIT],0x00007a47e2839b4c
2976043.0,554498,python,[JIT],0x00007a47e2834462
2976039.0,554532,python,[JIT],0x00007f3be24b33d6
2976038.0,554508,python,python,memcpy@plt
2976028.0,554520,python,python,memmove@plt
2976027.0,554532,python,[JIT],0x00007f3be24ad0b9
2976023.0,554520,python,[JIT],0x00007bae9855c39d
2976017.0,554572,python,[JIT],0x000071d3e6043109
2976016.0,554520,python,[JIT],0x00007bae985554c3
2976013.0,554559,python,[JIT],0x000074472c095f22
2976004.0,554520,python,[JIT],0x00007bae9855c7c4
2976004.0,554498,python,[JIT],0x00007a47e2838dd6
2975995.0,554545,python,[JIT],0x00007b13c67ecb33
2975984.0,554532,python,[JIT],0x00007f3be24b6dcf
2975979.0,554520,python,[JIT],0x00007bae9855c552
2975973.0,554559,python,[JIT],0x000074472c0964b0
2975969.0,554532,python,[JIT],0x00007f3be24aa00a
2975968.0,554532,python,python,PyDict_Contains
2975967.0,554559,python,[JIT],0x000074472c08fe08
2975967.0,554545,python,python,PyObject_CallOneArg
2975962.0,554559,python,[JIT],0x000074472c09678c
2975958.0,554498,python,[JIT],0x00007a47e2834010
2975949.0,554572,python,[JIT],0x000071d3e604567c
2975946.0,554498,python,[JIT],0x00007a47e283c234
2975945.0,554498,python,[JIT],0x00007a47e2846463
2975930.0,554532,python,[JIT],0x00007f3be24b3636
2975925.0,554498,python,[JIT],0x00007a47e28358e8
2975921.0,554498,python,[JIT],0x00007a47e2837068
2975906.0,554532,python,[JIT],0x00007f3be24a93dd
2975903.0,554508,python,[JIT],0x000074d163212175
2975894.0,554508,python,[JIT],0x000074d163216268
2975891.0,554498,python,[JIT],0x00007a47e2838c0e
2975889.0,554498,python,[JIT],0x00007a47e283bfb4
2975883.0,554520,python,[JIT],0x00007bae98555dfe
2975882.0,554532,python,[JIT],0x00007f3be24b6191
2975881.0,554572,python,[JIT],0x000071d3e604c0f7
2975876.0,554572,python,[JIT],0x000071d3e604e21b
2975869.0,554572,python,python,tuple_alloc
2975867.0,554559,python,[JIT],0x000074472c096368
2975862.0,554559,python,[JIT],0x000074472c934401
2975857.0,554572,python,[JIT],0x000071d3e604731d
2975847.0,554559,python,[JIT],0x000074472c08e139
2975846.0,554572,python,[JIT],0x000071d3e6053118
2975844.0,554572,python,[JIT],0x000071d3e604b734
2975831.0,554498,python,[JIT],0x00007a47e282d3c7
2975828.0,554520,python,[JIT],0x00007bae985664a9
2975824.0,554520,python,[JIT],0x00007bae98556b53
2975817.0,554508,python,[JIT],0x000074d16321423a
2975810.0,554572,python,[JIT],0x000071d3e60442b6
2975800.0,554520,python,python,gallop_right
2975788.0,554520,python,[JIT],0x00007bae9855cc65
2975784.0,554498,python,[JIT],0x00007a47e2ad6768
2975783.0,554498,python,[JIT],0x00007a47e282d2fe
2975782.0,554520,python,[JIT],0x00007bae98552a00
2975779.0,554520,python,[JIT],0x00007bae9855f714
2975778.0,554520,python,[JIT],0x00007bae98554299
2975760.0,554508,python,[JIT],0x000074d163219e27
2975739.0,554572,python,python,_PyUnicodeWriter_WriteASCIIString
2975739.0,554559,python,[JIT],0x000074472c08f299
2975735.0,554498,python,[JIT],0x00007a47e282f13d
2975728.0,554520,python,[JIT],0x00007bae9856612d
2975721.0,554572,python,python,gallop_left
2975718.0,554532,python,[JIT],0x00007f3be24b33ca
2975715.0,554559,python,[JIT],0x000074472c095ae3
2975711.0,554572,python,[JIT],0x000071d3e60593ef
2975695.0,554559,python,[JIT],0x000074472c095d18
2975692.0,554572,python,[JIT],0x000071d3e604062e
2975688.0,554572,python,[JIT],0x000071d3e604e517
2975688.0,554498,python,[JIT],0x00007a47e2ad6273
2975687.0,554520,python,[JIT],0x00007bae9855d2ad
2975685.0,554520,python,[JIT],0x00007bae985545a7
2975684.0,554572,python,[JIT],0x000071d3e604317f
2975683.0,554498,python,[JIT],0x00007a47e2838192
2975673.0,554508,python,[JIT],0x000074d1634c33ea
2975669.0,554520,python,[JIT],0x00007bae98560004
2975666.0,554520,python,[JIT],0x00007bae9855db47
2975660.0,554572,python,[JIT],0x000071d3e60592eb
2975658.0,554559,python,[JIT],0x000074472c092224
2975656.0,554572,python,[JIT],0x000071d3e60400dc
2975652.0,554520,python,[JIT],0x00007bae98554121
2975651.0,554520,python,[JIT],0x00007bae9855f398
2975627.0,554508,python,[JIT],0x000074d163219585
2975626.0,554559,python,[JIT],0x000074472c08d1d6
2975612.0,554498,python,[JIT],0x00007a47e283c0c7
2975610.0,554532,python,[JIT],0x00007f3be24b6701
2975606.0,554498,python,[JIT],0x00007a47e2838f6f
2975604.0,554532,python,[JIT],0x00007f3be24b33d0
2975602.0,554572,python,[JIT],0x000071d3e60474c3
2975598.0,554498,python,[JIT],0x00007a47e2838a20
2975597.0,554508,python,[JIT],0x000074d16321d4fd
2975595.0,554572,python,[JIT],0x000071d3e605937d
2975593.0,554520,python,[JIT],0x00007bae9855f165
2975577.0,554532,python,[JIT],0x00007f3be24a9276
2975572.0,554498,python,[JIT],0x00007a47e282d5d7
2975570.0,554508,python,[JIT],0x000074d16320f517
2975537.0,554572,python,[JIT],0x000071d3e604c5d6
2975535.0,554498,python,[JIT],0x00007a47e283868f
2975521.0,554559,python,python,set_lookkey
2975512.0,554559,python,[JIT],0x000074472c08e0ce
2975499.0,554532,python,[JIT],0x00007f3be2d65401
2975482.0,554520,python,[JIT],0x00007bae9855c500
2975480.0,554498,python,[JIT],0x00007a47e2ad65a3
2975477.0,554498,python,[JIT],0x00007a47e2ad727d
2975476.0,554520,python,[JIT],0x00007bae9855cf04
2975473.0,554508,python,[JIT],0x000074d16321c6ce
2975462.0,554559,python,[JIT],0x000074472c095edf
2975461.0,554545,python,python,_PyObject_GetAttrStackRef
2975454.0,554498,python,[JIT],0x00007a47e283b5f9
2975450.0,554520,python,[JIT],0x00007bae9855f185
2975443.0,554520,python,[JIT],0x00007bae9855c7cf
2975426.0,554508,python,[JIT],0x000074d1632199f4
2975410.0,554520,python,[JIT],0x00007bae9855423d
2975407.0,554520,python,[JIT],0x00007bae985640f1
2975406.0,554572,python,[JIT],0x000071d3e605a77e
2975402.0,554532,python,[JIT],0x00007f3be24b69f8
2975401.0,554508,python,[JIT],0x000074d1632194f9
2975392.0,554520,python,[JIT],0x00007bae985559fc
2975367.0,554520,python,[JIT],0x00007bae985643ae
2975365.0,554559,python,[JIT],0x000074472c09223d
2975362.0,554520,python,python,tuple_alloc
2975361.0,554572,python,[JIT],0x000071d3e6044711
2975347.0,554572,python,[JIT],0x000071d3e604c43b
2975342.0,554572,python,[JIT],0x000071d3e604ea95
2975335.0,554572,python,[JIT],0x000071d3e604b585
2975330.0,554532,python,[JIT],0x00007f3be24b48e4
2975321.0,554508,python,[JIT],0x000074d163214481
2975314.0,554520,python,[JIT],0x00007bae9855500a
2975306.0,554520,python,[JIT],0x00007bae9856647f
2975305.0,554520,python,[JIT],0x00007bae9855fd7b
2975300.0,554520,python,[JIT],0x00007bae9855f154
2975290.0,554559,python,[JIT],0x000074472c098c2b
2975278.0,554572,python,[kernel.kallsyms],free_pcppages_bulk
2975262.0,554559,python,[JIT],0x000074472c09567b
2975256.0,554520,python,[JIT],0x00007bae9855d632
2975238.0,554572,python,[JIT],0x000071d3e604e0c7
2975238.0,554508,python,[JIT],0x000074d16322820f
2975236.0,554520,python,[JIT],0x00007bae98554167
2975236.0,554559,python,[JIT],0x000074472c098cdd
2975234.0,554508,python,[JIT],0x000074d163228406
2975228.0,554520,python,[JIT],0x00007bae9855c5a6
2975226.0,554498,python,[JIT],0x00007a47e2838e9e
2975208.0,554520,python,[JIT],0x00007bae9855ce3b
2975208.0,554532,python,[JIT],0x00007f3be2d652d2
2975207.0,554572,python,[kernel.kallsyms],percpu_counter_add_batch
2975187.0,554520,python,[JIT],0x00007bae9855cec6
2975183.0,554498,python,[JIT],0x00007a47e28300c7
2975180.0,554572,python,[JIT],0x000071d3e604c666
2975179.0,554498,python,[JIT],0x00007a47e28380c7
2975176.0,554498,python,[JIT],0x00007a47e283839d
2975163.0,554498,python,[JIT],0x00007a47e283819a
2975162.0,554532,python,[JIT],0x00007f3be24ae7d6
2975145.0,554508,python,[JIT],0x000074d163213cc9
2975130.0,554532,python,[JIT],0x00007f3be24b7431
2975122.0,554572,python,[JIT],0x000071d3e604e2b8
2975098.0,554572,python,[JIT],0x000071d3e604b82d
2975083.0,554508,python,[JIT],0x000074d16321cccd
2975065.0,554559,python,[JIT],0x000074472c0982ab
2975059.0,554520,python,[JIT],0x00007bae9855f329
2975057.0,554498,python,[JIT],0x00007a47e283852b
2975045.0,554508,python,[JIT],0x000074d163227330
2975027.0,554532,python,[JIT],0x00007f3be24b0109
2975022.0,554559,python,[JIT],0x000074472c098ae1
2975015.0,554508,python,[JIT],0x000074d16321281c
2974999.0,554532,python,[JIT],0x00007f3be24a970f
2974963.0,554520,python,[JIT],0x00007bae98553336
2974960.0,554572,python,[JIT],0x000071d3e604a00a
2974957.0,554532,python,[JIT],0x00007f3be2d655a3
2974950.0,554559,python,[JIT],0x000074472c08b784
2974949.0,554508,python,[JIT],0x000074d163219b26
2974947.0,554508,python,[JIT],0x000074d16321968f
2974918.0,554559,python,[JIT],0x000074472c092e56
2974894.0,554572,python,[JIT],0x000071d3e60532b8
2974877.0,554532,python,[JIT],0x00007f3be24b44b0
2974860.0,554520,python,[JIT],0x00007bae9855f47f
2974860.0,554532,python,[JIT],0x00007f3be24b34c3
2974851.0,554508,python,[JIT],0x000074d16321c4b4
2974848.0,554532,python,[JIT],0x00007f3be24b3552
2974840.0,554559,python,[JIT],0x000074472c08b499
2974830.0,554508,python,python,type_traverse
2974830.0,554532,python,[JIT],0x00007f3be24adcc9
2974774.0,554532,python,[JIT],0x00007f3be24a9206
2974774.0,554532,python,[JIT],0x00007f3be24c1375
2974764.0,554498,python,[JIT],0x00007a47e2838d25
2974747.0,554572,python,[JIT],0x000071d3e60473d0
2974730.0,554520,python,[JIT],0x00007bae9855d0eb
2974725.0,554572,python,[JIT],0x000071d3e604bc49
2974703.0,554520,python,[JIT],0x00007bae9855f1c2
2974702.0,554508,python,[JIT],0x000074d1632280ad
2974699.0,554498,python,[JIT],0x00007a47e2834127
2974690.0,554520,python,[JIT],0x00007bae9855d19c
2974663.0,554572,python,[JIT],0x000071d3e604e698
2974661.0,554559,python,[JIT],0x000074472c09568f
2974660.0,554572,python,[JIT],0x000071d3e604ec8b
2974654.0,554508,python,[JIT],0x000074d1632133dd
2974652.0,554520,python,[JIT],0x00007bae985557b6
2974652.0,554559,python,[JIT],0x000074472c0a4433
2974637.0,554572,python,[JIT],0x000071d3e604f536
2974613.0,554498,python,[JIT],0x00007a47e28388a1
2974612.0,554520,python,[JIT],0x00007bae98554139
2974588.0,554508,python,[JIT],0x000074d163229138
2974567.0,554572,python,libc.so.6,_int_free
2974550.0,554508,python,[JIT],0x000074d1632191fe
2974541.0,554572,python,python,gallop_right
2974524.0,554559,python,[JIT],0x000074472c095b30
2974517.0,554508,python,[kernel.kallsyms],update_cfs_group
2974513.0,554559,python,[JIT],0x000074472c08e3ca
2974481.0,554572,python,[JIT],0x000071d3e6045468
2974476.0,554508,python,python,memset@plt
2974473.0,554532,python,[JIT],0x00007f3be24ac0f1
2974467.0,554520,python,[JIT],0x00007bae9855f3d4
2974466.0,554498,python,[kernel.kallsyms],tick_program_event
2974455.0,554520,python,python,subtype_dealloc
2974453.0,554498,python,[JIT],0x00007a47e283139d
2974434.0,554520,python,[JIT],0x00007bae9855fd3f
2974422.0,554498,python,[JIT],0x00007a47e283100a
2974415.0,554572,python,[JIT],0x000071d3e605b2df
2974408.0,554498,python,[JIT],0x00007a47e283864c
2974377.0,554520,python,[JIT],0x00007bae98554157
2974376.0,554572,python,[JIT],0x000071d3e604c282
2974346.0,554532,python,[JIT],0x00007f3be24b006a
2974342.0,554572,python,python,func_traverse
2974332.0,554532,python,[kernel.kallsyms],__hrtimer_run_queues
2974325.0,554532,python,[JIT],0x00007f3be24b37a5
2974321.0,554520,python,[JIT],0x00007bae98566357
2974303.0,554520,python,[JIT],0x00007bae98554110
2974298.0,554498,python,[JIT],0x00007a47e282f201
2974269.0,554572,python,[JIT],0x000071d3e604b67e
2974266.0,554520,python,[JIT],0x00007bae9856642a
2974261.0,554520,python,[JIT],0x00007bae985660b9
2974204.0,554559,python,[JIT],0x000074472c0982d0
2974191.0,554559,python,[JIT],0x000074472c08e334
2974133.0,554520,python,[JIT],0x00007bae985562a9
2974123.0,554520,python,python,setitem_take2_lock_held
2974116.0,554520,python,[JIT],0x00007bae9855587c
2974111.0,554572,python,[JIT],0x000071d3e604e489
2974099.0,554498,python,[JIT],0x00007a47e284606a
2974098.0,554572,python,[JIT],0x000071d3e604c266
2974082.0,554520,python,[JIT],0x00007bae9855f430
2974065.0,554520,python,[JIT],0x00007bae9855cded
2974062.0,554532,python,[JIT],0x00007f3be24b6980
2974047.0,554532,python,[JIT],0x00007f3be24b03f5
2974041.0,554572,python,[JIT],0x000071d3e6053315
2974040.0,554532,python,[JIT],0x00007f3be24c1129
2974023.0,554572,python,[JIT],0x000071d3e604c273
2974011.0,554572,python,[JIT],0x000071d3e604e357
2973998.0,554520,python,[JIT],0x00007bae9855fd8a
2973996.0,554520,python,[JIT],0x00007bae985666d2
2973990.0,554532,python,[JIT],0x00007f3be24b6654
2973975.0,554498,python,[JIT],0x00007a47e2ad639c
2973940.0,554559,python,[JIT],0x000074472c098845
2973925.0,554508,python,[JIT],0x000074d16320f750
2973924.0,554498,python,[JIT],0x00007a47e2838ffc
2973922.0,554572,python,[JIT],0x000071d3e604f7e2
2973867.0,554532,python,[JIT],0x00007f3be2d65235
2973851.0,554498,python,[JIT],0x00007a47e2ad6003
2973845.0,554508,python,[JIT],0x000074d16321a5fd
2973832.0,554498,python,[JIT],0x00007a47e283274e
2973826.0,554572,python,python,long_add_method
2973820.0,554559,python,[JIT],0x000074472c095fea
2973814.0,554498,python,[JIT],0x00007a47e2837076
2973808.0,554520,python,[JIT],0x00007bae985525a2
2973807.0,554572,python,[JIT],0x000071d3e6043334
2973765.0,554572,python,[JIT],0x000071d3e605b3c1
2973762.0,554498,python,[JIT],0x00007a47e2839178
2973742.0,554508,python,[JIT],0x000074d16321a282
2973714.0,554572,python,[JIT],0x000071d3e604e114
2973713.0,554498,python,[JIT],0x00007a47e28437eb
2973709.0,554498,python,[JIT],0x00007a47e284520f
2973669.0,554559,python,[JIT],0x000074472c092711
2973634.0,554508,python,[JIT],0x000074d16321a1f1
2973633.0,554532,python,[JIT],0x00007f3be2d656ad
2973614.0,554559,python,[JIT],0x000074472c08f673
2973537.0,554559,python,[kernel.kallsyms],count_memcg_events.constprop.0
2973501.0,554559,python,[JIT],0x000074472c095cc0
2973454.0,554498,python,[JIT],0x00007a47e2ad621b
2973450.0,554498,python,[JIT],0x00007a47e284523c
2973398.0,554520,python,[JIT],0x00007bae9855cc9a
2973395.0,554545,python,[JIT],0x00007b13c67eb9fc
2973394.0,554532,python,[JIT],0x00007f3be24b680b
2973393.0,554572,python,[JIT],0x000071d3e604b7ef
2973392.0,554572,python,[JIT],0x000071d3e60403fc
2973385.0,554508,python,python,tuple_dealloc
2973364.0,554559,python,[JIT],0x000074472c0958b7
2973359.0,554559,python,[JIT],0x000074472c08e353
2973358.0,554572,python,[JIT],0x000071d3e604ea57
2973326.0,554498,python,[JIT],0x00007a47e2846333
2973317.0,554508,python,[JIT],0x000074d1632282c1
2973266.0,554559,python,[JIT],0x000074472c0954c3
2973250.0,554520,python,[JIT],0x00007bae9855c299
2973231.0,554520,python,[JIT],0x00007bae9855f80b
2973221.0,554498,python,[JIT],0x00007a47e2ad6261
2973211.0,554508,python,[JIT],0x000074d163219f7c
2973208.0,554572,python,[JIT],0x000071d3e604e06a
2973203.0,554508,python,[JIT],0x000074d16322912d
2973175.0,554559,python,[JIT],0x000074472c09578e
2973160.0,554498,python,[JIT],0x00007a47e28385c9
2973147.0,554520,python,[JIT],0x00007bae98564384
2973130.0,554508,python,[JIT],0x000074d163214b49
2973099.0,554508,python,[JIT],0x000074d1632194b9
2973095.0,554532,python,[JIT],0x00007f3be24b6f95
2973030.0,554532,python,[JIT],0x00007f3be24b4273
2972985.0,554559,python,[JIT],0x000074472c099425
2972972.0,554508,python,[JIT],0x000074d1632198ce
2972910.0,554498,python,[JIT],0x00007a47e28302a7
2972886.0,554559,python,[JIT],0x000074472c095b51
2972852.0,554498,python,[JIT],0x00007a47e283b398
2972833.0,554508,python,[JIT],0x000074d163229420
2972784.0,554572,python,[JIT],0x000071d3e60454a5
2972743.0,554559,python,[JIT],0x000074472c09675e
2972631.0,554498,python,[JIT],0x00007a47e283906f
2972616.0,554498,python,[JIT],0x00007a47e2ad61e9
2972584.0,554559,python,[JIT],0x000074472c093904
2972533.0,554532,python,[JIT],0x00007f3be24b4b29
2972482.0,554572,python,[JIT],0x000071d3e604300a
2972465.0,554559,python,[JIT],0x000074472c09c031
2972462.0,554532,python,[JIT],0x00007f3be24b60ad
2972431.0,554559,python,[JIT],0x000074472c934585
2972428.0,554559,python,[JIT],0x000074472c098225
2972408.0,554498,python,[kernel.kallsyms],notifier_call_chain
2972382.0,554520,python,[JIT],0x00007bae9855cc49
2972369.0,554498,python,[JIT],0x00007a47e28383b7
2972361.0,554498,python,[JIT],0x00007a47e2839253
2972337.0,554572,python,[JIT],0x000071d3e60445a6
2972336.0,554520,python,[JIT],0x00007bae985651e5
2972319.0,554520,python,[JIT],0x00007bae985608ca
2972258.0,554498,python,[JIT],0x00007a47e2ad669a
2972233.0,554498,python,[JIT],0x00007a47e2ad7261
2972218.0,554559,python,[JIT],0x000074472c095fa8
2972178.0,554520,python,[JIT],0x00007bae9856610c
2972133.0,554559,python,[JIT],0x000074472c0a420f
2972107.0,554559,python,[kernel.kallsyms],update_load_avg
2972106.0,554572,python,[JIT],0x000071d3e6044e5a
2972094.0,554520,python,[JIT],0x00007bae98551686
2971955.0,554520,python,[JIT],0x00007bae98567230
2971951.0,554559,python,[JIT],0x000074472c0a3293
2971921.0,554559,python,[JIT],0x000074472c0993ef
2971913.0,554498,python,[JIT],0x00007a47e283202c
2971863.0,554572,python,[JIT],0x000071d3e604311b
2971862.0,554508,python,python,PyObject_IS_GC
2971860.0,554532,python,[JIT],0x00007f3be24b409b
2971856.0,554572,python,[JIT],0x000071d3e60512cc
2971833.0,554559,python,[JIT],0x000074472c090b53
2971823.0,554559,python,[kernel.kallsyms],timerqueue_add
2971806.0,554532,python,[JIT],0x00007f3be24a95ce
2971795.0,554532,python,[JIT],0x00007f3be24b33be
2971786.0,554532,python,[JIT],0x00007f3be24b3614
2971778.0,554498,python,[JIT],0x00007a47e2838748
2971766.0,554498,python,[JIT],0x00007a47e283890a
2971764.0,554572,python,[JIT],0x000071d3e60433f1
2971762.0,554498,python,[JIT],0x00007a47e283cee6
2971758.0,554572,python,[JIT],0x000071d3e6040574
2971736.0,554520,python,[JIT],0x00007bae985670b3
2971708.0,554572,python,[JIT],0x000071d3e604fef7
2971702.0,554572,python,[JIT],0x000071d3e604e8db
2971696.0,554508,python,[JIT],0x000074d16322005d
2971691.0,554572,python,[JIT],0x000071d3e604e185
2971691.0,554498,python,[JIT],0x00007a47e283b052
2971636.0,554520,python,[kernel.kallsyms],alloc_pages_mpol
2971632.0,554532,python,[JIT],0x00007f3be24ad711
2971606.0,554498,python,[JIT],0x00007a47e28382a7
2971595.0,554532,python,[JIT],0x00007f3be24ac38d
2971560.0,554508,python,[JIT],0x000074d16321d3fe
2971548.0,554559,python,[JIT],0x000074472c0951eb
2971527.0,554508,python,[JIT],0x000074d16321f629
2971525.0,554559,python,[kernel.kallsyms],update_vsyscall
2971501.0,554508,python,[JIT],0x000074d1632295c2
2971487.0,554559,python,[JIT],0x000074472c095a02
2971469.0,554572,python,[JIT],0x000071d3e605a596
2971443.0,554532,python,[JIT],0x00007f3be2d65654
2971434.0,554508,python,[JIT],0x000074d16321c0dc
2971388.0,554532,python,[JIT],0x00007f3be24a9660
2971309.0,554532,python,[JIT],0x00007f3be24b3b33
2971256.0,554559,python,[JIT],0x000074472c0a4406
2971247.0,554520,python,[JIT],0x00007bae98560ef7
2971242.0,554559,python,[kernel.kallsyms],timerqueue_add
2971236.0,554498,python,[JIT],0x00007a47e2838175
2971225.0,554520,python,[JIT],0x00007bae98565261
2971134.0,554559,python,[JIT],0x000074472c934320
2971107.0,554498,python,[JIT],0x00007a47e283c4b0
2971095.0,554498,python,[JIT],0x00007a47e2844212
2971060.0,554520,python,[JIT],0x00007bae9855f9a9
2970991.0,554520,python,[JIT],0x00007bae9855fe51
2970973.0,554508,python,[JIT],0x000074d16321a4a5
2970972.0,554559,python,[JIT],0x000074472c096334
2970966.0,554508,python,[JIT],0x000074d163220043
2970938.0,554572,python,[JIT],0x000071d3e605a1f7
2970922.0,554508,python,[JIT],0x000074d1634c32a5
2970874.0,554508,python,[JIT],0x000074d1632201d0
2970873.0,554520,python,[JIT],0x00007bae9855c7a5
2970846.0,554520,python,[JIT],0x00007bae9855852b
2970804.0,554498,python,[JIT],0x00007a47e283b701
2970799.0,554508,python,[JIT],0x000074d16321f146
2970779.0,554545,python,[JIT],0x00007b13c6a8646e
2970753.0,554572,python,[JIT],0x000071d3e604c68f
2970709.0,554532,python,[JIT],0x00007f3be24bf44e
2970697.0,554545,python,[JIT],0x00007b13c67ecb47
2970667.0,554498,python,[JIT],0x00007a47e282e0d6
2970662.0,554572,python,[JIT],0x000071d3e604bef0
2970662.0,554520,python,[JIT],0x00007bae9855d18d
2970649.0,554508,python,[JIT],0x000074d16321a78c
2970640.0,554520,python,[JIT],0x00007bae98560525
2970638.0,554498,python,[JIT],0x00007a47e2834c6f
2970624.0,554532,python,[JIT],0x00007f3be24b32b6
2970620.0,554508,python,[JIT],0x000074d16320f5c1
2970603.0,554559,python,[JIT],0x000074472c9341f7
2970593.0,554572,python,[JIT],0x000071d3e605171b
2970568.0,554508,python,[JIT],0x000074d163219efc
2970549.0,554559,python,[JIT],0x000074472c095c65
2970521.0,554532,python,[JIT],0x00007f3be24a934c
2970494.0,554508,python,[JIT],0x000074d16321fcd6
2970493.0,554508,python,[JIT],0x000074d163219192
2970465.0,554532,python,python,set_lookkey
2970448.0,554520,python,[JIT],0x00007bae985602fa
2970409.0,554559,python,[JIT],0x000074472c0a4333
2970400.0,554532,python,[JIT],0x00007f3be24a926b
2970388.0,554508,python,[JIT],0x000074d16321fded
2970380.0,554520,python,[JIT],0x00007bae9855978c
2970361.0,554508,python,[JIT],0x000074d163229124
2970347.0,554572,python,[JIT],0x000071d3e6051a9c
2970339.0,554508,python,[JIT],0x000074d16321c154
2970335.0,554532,python,[JIT],0x00007f3be24ac157
2970289.0,554532,python,[JIT],0x00007f3be24b39dd
2970273.0,554498,python,[JIT],0x00007a47e284367a
2970271.0,554572,python,[JIT],0x000071d3e604e7fa
2970161.0,554508,python,[JIT],0x000074d163217904
2970122.0,554508,python,[JIT],0x000074d1632192d5
2970056.0,554559,python,[JIT],0x000074472c09b155
2969966.0,554520,python,[JIT],0x00007bae98562c4d
2969942.0,554508,python,[JIT],0x000074d16321f67a
2969855.0,554508,python,[JIT],0x000074d16320f114
2969816.0,554520,python,[JIT],0x00007bae9855cb30
2969806.0,554572,python,[kernel.kallsyms],rmqueue
2969784.0,554572,python,[JIT],0x000071d3e604c19c
2969772.0,554520,python,[JIT],0x00007bae9856229a
2969764.0,554498,python,[JIT],0x00007a47e2843f4e
2969720.0,554508,python,[JIT],0x000074d16321a244
2969702.0,554532,python,[JIT],0x00007f3be24b34e3
2969686.0,554498,python,[JIT],0x00007a47e282d0fd
2969673.0,554532,python,[JIT],0x00007f3be24b4468
2969654.0,554572,python,[JIT],0x000071d3e604e43e
2969645.0,554508,python,[JIT],0x000074d163219e5c
2969630.0,554532,python,[JIT],0x00007f3be2d662b6
2969628.0,554498,python,[kernel.kallsyms],nohz_balancer_kick
2969614.0,554498,python,[JIT],0x00007a47e2ad61f7
2969524.0,554532,python,[kernel.kallsyms],hrtimer_active
2969515.0,554508,python,[JIT],0x000074d16321c7f3
2969500.0,554520,python,[JIT],0x00007bae9855d334
2969500.0,554559,python,[JIT],0x000074472c0a4134
2969464.0,554559,python,[JIT],0x000074472c098f84
2969462.0,554572,python,[JIT],0x000071d3e604c685
2969460.0,554572,python,[JIT],0x000071d3e604c02c
2969460.0,554520,python,[JIT],0x00007bae98560962
2969435.0,554572,python,[JIT],0x000071d3e604b3ff
2969423.0,554572,python,[JIT],0x000071d3e604c171
2969416.0,554559,python,[JIT],0x000074472c08e280
2969410.0,554498,python,[JIT],0x00007a47e2830127
2969301.0,554532,python,[JIT],0x00007f3be24bfded
2969292.0,554498,python,[JIT],0x00007a47e283c4e4
2969285.0,554572,python,[JIT],0x000071d3e6044c6f
2969276.0,554498,python,[JIT],0x00007a47e2838b61
2969201.0,554498,python,[JIT],0x00007a47e284613e
2969178.0,554498,python,[JIT],0x00007a47e2ad645f
2969141.0,554532,python,[JIT],0x00007f3be24b023d
2969139.0,554520,python,[JIT],0x00007bae9855160d
2969100.0,554559,python,[JIT],0x000074472c09b814
2969077.0,554498,python,[kernel.kallsyms],update_load_avg
2969055.0,554532,python,[kernel.kallsyms],handle_mm_fault
2969054.0,554559,python,[JIT],0x000074472c090b67
2969010.0,554532,python,[JIT],0x00007f3be24b378e
2968962.0,554572,python,[JIT],0x000071d3e605167a
2968945.0,554520,python,[JIT],0x00007bae985631ef
2968923.0,554572,python,[JIT],0x000071d3e60405fe
2968898.0,554520,python,[JIT],0x00007bae9855d1f1
2968863.0,554572,python,[JIT],0x000071d3e6051ea7
2968858.0,554532,python,[JIT],0x00007f3be24be076
2968855.0,554559,python,[JIT],0x000074472c09b57d
2968822.0,554520,python,[JIT],0x00007bae98562e54
2968801.0,554572,python,[JIT],0x000071d3e604e667
2968801.0,554559,python,[JIT],0x000074472c0a4118
2968771.0,554559,python,[JIT],0x000074472c0988b0
2968762.0,554572,python,[kernel.kallsyms],update_curr
2968734.0,554572,python,[JIT],0x000071d3e6042380
2968714.0,554508,python,[JIT],0x000074d163219629
2968694.0,554532,python,[JIT],0x00007f3be24a90fd
2968682.0,554498,python,[JIT],0x00007a47e282f062
2968638.0,554559,python,[JIT],0x000074472c09674e
2968628.0,554498,python,[JIT],0x00007a47e2839163
2968584.0,554532,python,[JIT],0x00007f3be24ad3ca
2968583.0,554559,python,[JIT],0x000074472c9342d2
2968573.0,554532,python,[JIT],0x00007f3be24ad224
2968543.0,554559,python,[JIT],0x000074472c0982fe
2968517.0,554532,python,[JIT],0x00007f3be24bf5c6
2968505.0,554559,python,[JIT],0x000074472c098176
2968495.0,554520,python,[JIT],0x00007bae9856208b
2968493.0,554498,python,[JIT],0x00007a47e283b2b8
2968399.0,554498,python,[JIT],0x00007a47e2830233
2968369.0,554508,python,[JIT],0x000074d163219601
2968333.0,554508,python,[JIT],0x000074d16321a5ee
2968325.0,554572,python,[JIT],0x000071d3e604b9dd
2968310.0,554520,python,[JIT],0x00007bae9855fca2
2968308.0,554572,python,[JIT],0x000071d3e604c5a4
2968276.0,554508,python,python,set_lookkey
2968220.0,554498,python,[JIT],0x00007a47e2843268
2968214.0,554498,python,[JIT],0x00007a47e283b52c
2968180.0,554498,python,[JIT],0x00007a47e283b59c
2968166.0,554498,python,[JIT],0x00007a47e28440b5
2968159.0,554498,python,[JIT],0x00007a47e28302e8
2968145.0,554572,python,[JIT],0x000071d3e60510a1
2968140.0,554498,python,[JIT],0x00007a47e283b4da
2968074.0,554559,python,[JIT],0x000074472c095010
2968058.0,554498,python,[JIT],0x00007a47e28436bd
2968018.0,554498,python,[JIT],0x00007a47e2843d31
2968011.0,554498,python,[JIT],0x00007a47e2ad7297
2968009.0,554572,python,[JIT],0x000071d3e604417f
2967985.0,554559,python,[JIT],0x000074472c09b24a
2967935.0,554498,python,[JIT],0x00007a47e2838703
2967920.0,554498,python,[JIT],0x00007a47e28440b9
2967895.0,554532,python,[JIT],0x00007f3be24b67fd
2967863.0,554508,python,[JIT],0x000074d16321217f
2967842.0,554520,python,[JIT],0x00007bae9855b010
2967791.0,554508,python,[JIT],0x000074d16320f1cf
2967778.0,554532,python,python,_PyObject_VectorcallDictTstate
2967775.0,554520,python,[JIT],0x00007bae98565396
2967734.0,554559,python,[JIT],0x000074472c0a327b
2967653.0,554520,python,[JIT],0x00007bae9856406a
2967650.0,554498,python,[JIT],0x00007a47e28439b6
2967627.0,554532,python,[JIT],0x00007f3be24a96ca
2967619.0,554532,python,[JIT],0x00007f3be24b4117
2967616.0,554508,python,libc.so.6,malloc_consolidate
2967602.0,554508,python,[JIT],0x000074d16321a328
2967588.0,554545,python,python,PyObject_GC_UnTrack
2967585.0,554508,python,[JIT],0x000074d16320f510
2967564.0,554520,python,python,_PyEvalFramePushAndInit
2967563.0,554498,python,[JIT],0x00007a47e283bd4f
2967517.0,554559,python,[JIT],0x000074472c095d08
2967509.0,554498,python,[JIT],0x00007a47e2834c53
2967504.0,554520,python,[JIT],0x00007bae9855f176
2967486.0,554532,python,[JIT],0x00007f3be24b3e7e
2967394.0,554559,python,[JIT],0x000074472c0965c8
2967384.0,554508,python,[JIT],0x000074d16321f606
2967376.0,554508,python,[JIT],0x000074d16320f258
2967368.0,554498,python,[JIT],0x00007a47e283bb0e
2967330.0,554532,python,[JIT],0x00007f3be24bf65c
2967330.0,554508,python,python,_PyTuple_FromStackRefStealOnSuccess
2967283.0,554508,python,[JIT],0x000074d16322842b
2967213.0,554508,python,python,_PyObject_MakeTpCall
2967165.0,554572,python,[JIT],0x000071d3e6040206
2967109.0,554520,python,[JIT],0x00007bae9855f44d
2967088.0,554508,python,[kernel.kallsyms],update_curr
2967060.0,554520,python,[JIT],0x00007bae98552135
2967042.0,554520,python,[JIT],0x00007bae9856319c
2967028.0,554559,python,[JIT],0x000074472c095543
2966997.0,554559,python,[kernel.kallsyms],consume_stock
2966950.0,554532,python,[JIT],0x00007f3be24b33c5
2966937.0,554532,python,[JIT],0x00007f3be24bfd25
2966896.0,554508,python,[JIT],0x000074d16321c010
2966862.0,554559,python,[JIT],0x000074472c08fc53
2966789.0,554498,python,[JIT],0x00007a47e2838fc3
2966766.0,554508,python,[JIT],0x000074d163219220
2966766.0,554545,python,[JIT],0x00007b13c67f311b
2966715.0,554498,python,[JIT],0x00007a47e282d276
2966698.0,554520,python,[JIT],0x00007bae9855cb7b
2966695.0,554498,python,[JIT],0x00007a47e283bc75
2966692.0,554532,python,[JIT],0x00007f3be24a9248
2966672.0,554532,python,[JIT],0x00007f3be24b3804
2966670.0,554572,python,[kernel.kallsyms],perf_adjust_freq_unthr_context
2966656.0,554559,python,[JIT],0x000074472c0962d1
2966653.0,554508,python,[JIT],0x000074d1632198ea
2966652.0,554508,python,[JIT],0x000074d16322723c
2966608.0,554508,python,[JIT],0x000074d1632120f8
2966586.0,554520,python,[JIT],0x00007bae9855c547
2966569.0,554520,python,[JIT],0x00007bae98552135
2966524.0,554520,python,[JIT],0x00007bae9855cbd3
2966524.0,554498,python,[JIT],0x00007a47e283b43e
2966511.0,554532,python,[JIT],0x00007f3be24bf1a2
2966502.0,554508,python,[JIT],0x000074d16320f73c
2966490.0,554508,python,[JIT],0x000074d163212060
2966479.0,554572,python,[JIT],0x000071d3e605a134
2966424.0,554520,python,python,_Py_BuiltinCallFastWithKeywords_StackRef
2966409.0,554498,python,[JIT],0x00007a47e284646e
2966404.0,554498,python,[JIT],0x00007a47e282d4e1
2966391.0,554559,python,[kernel.kallsyms],alloc_pages_mpol
2966375.0,554572,python,[JIT],0x000071d3e604c28e
2966357.0,554498,python,[JIT],0x00007a47e2830175
2966347.0,554498,python,[JIT],0x00007a47e2838395
2966341.0,554508,python,[JIT],0x000074d163212167
2966321.0,554520,python,[JIT],0x00007bae98562c5d
2966318.0,554559,python,[JIT],0x000074472c09852c
2966311.0,554508,python,[JIT],0x000074d163226010
2966275.0,554520,python,[JIT],0x00007bae9855cc80
2966267.0,554508,python,[JIT],0x000074d1632272d6
2966260.0,554532,python,python,dict_length
2966244.0,554520,python,[JIT],0x00007bae98551812
2966243.0,554532,python,[JIT],0x00007f3be24b4061
2966219.0,554520,python,[JIT],0x00007bae98567143
2966168.0,554572,python,[JIT],0x000071d3e60430f8
2966161.0,554532,python,[JIT],0x00007f3be2d662cf
2966156.0,554520,python,[JIT],0x00007bae9855d8cf
2966140.0,554532,python,[JIT],0x00007f3be24b35c3
2966130.0,554559,python,[JIT],0x000074472c08b565
2966128.0,554559,python,[JIT],0x000074472c08b124
2966116.0,554572,python,[JIT],0x000071d3e60533c1
2966088.0,554559,python,[JIT],0x000074472c934654
2966044.0,554572,python,[JIT],0x000071d3e604a052
2966043.0,554572,python,[JIT],0x000071d3e6051e41
2966038.0,554508,python,[JIT],0x000074d1632282eb
2966031.0,554572,python,[JIT],0x000071d3e604f217
2966027.0,554520,python,[JIT],0x00007bae985605e4
2966019.0,554508,python,[JIT],0x000074d16320f70f
2966006.0,554520,python,[JIT],0x00007bae9855cf84
2965962.0,554532,python,[JIT],0x00007f3be24b3982
2965949.0,554559,python,[JIT],0x000074472c099234
2965926.0,554572,python,[JIT],0x000071d3e605b0a7
2965908.0,554520,python,[JIT],0x00007bae9856274d
2965907.0,554520,python,python,PyObject_GenericGetAttr
2965877.0,554532,python,[JIT],0x00007f3be24bf64d
2965863.0,554532,python,libc.so.6,_int_malloc
2965856.0,554559,python,[JIT],0x000074472c098b80
2965839.0,554532,python,[JIT],0x00007f3be24b39f8
2965828.0,554508,python,[JIT],0x000074d16321f5be
2965819.0,554508,python,[JIT],0x000074d16321d309
2965813.0,554559,python,[JIT],0x000074472c0a3375
2965784.0,554498,python,[JIT],0x00007a47e2843a79
2965767.0,554508,python,[kernel.kallsyms],irqentry_exit
2965752.0,554498,python,[JIT],0x00007a47e28398ec
2965742.0,554559,python,[JIT],0x000074472c098127
2965742.0,554498,python,[JIT],0x00007a47e283901c
2965709.0,554572,python,[JIT],0x000071d3e604be62
2965690.0,554559,python,[JIT],0x000074472c0a427b
2965664.0,554520,python,[JIT],0x00007bae9855c669
2965648.0,554572,python,[JIT],0x000071d3e604c08d
2965643.0,554559,python,[JIT],0x000074472c93477e
2965638.0,554498,python,[JIT],0x00007a47e28438e9
2965587.0,554572,python,[JIT],0x000071d3e604be5c
2965566.0,554520,python,[JIT],0x00007bae9855c78e
2965563.0,554572,python,[JIT],0x000071d3e604f962
2965559.0,554572,python,[JIT],0x000071d3e604eae1
2965552.0,554559,python,[JIT],0x000074472c08e1aa
2965534.0,554532,python,[JIT],0x00007f3be24b3fc3
2965533.0,554520,python,[JIT],0x00007bae985622ad
2965488.0,554508,python,[JIT],0x000074d16321fe38
2965465.0,554508,python,[kernel.kallsyms],__pte_offset_map_lock
2965460.0,554508,python,[JIT],0x000074d163228052
2965440.0,554520,python,[JIT],0x00007bae9856324f
2965416.0,554572,python,[kernel.kallsyms],irqentry_exit_to_user_mode
2965408.0,554572,python,[JIT],0x000071d3e604ed02
2965373.0,554498,python,[JIT],0x00007a47e2ad7224
2965369.0,554520,python,[JIT],0x00007bae9855fbff
2965344.0,554520,python,[JIT],0x00007bae9856522e
2965344.0,554532,python,[JIT],0x00007f3be24b478c
2965324.0,554508,python,[JIT],0x000074d1632196dc
2965312.0,554532,python,python,_PyObject_GetAttrStackRef
2965301.0,554559,python,python,PyObject_Vectorcall
2965274.0,554508,python,[JIT],0x000074d16321d5c6
2965219.0,554532,python,[JIT],0x00007f3be2d655f7
2965124.0,554508,python,[JIT],0x000074d16321d40a
2965116.0,554572,python,[JIT],0x000071d3e6041345
2965115.0,554498,python,[JIT],0x00007a47e283c5e4
2965100.0,554532,python,[JIT],0x00007f3be24b6b80
2965100.0,554532,python,[JIT],0x00007f3be2ceb36c
2965080.0,554498,python,[JIT],0x00007a47e2843587
2965026.0,554559,python,[JIT],0x000074472c095f3e
2964989.0,554559,python,[JIT],0x000074472c09befc
2964980.0,554520,python,[JIT],0x00007bae9855fe94
2964959.0,554520,python,[JIT],0x00007bae98566143
2964951.0,554508,python,[JIT],0x000074d163219f84
2964942.0,554572,python,[JIT],0x000071d3e6052149
2964895.0,554508,python,[JIT],0x000074d16321c261
2964895.0,554498,python,[JIT],0x00007a47e28390a8
2964882.0,554572,python,[JIT],0x000071d3e60592f3
2964880.0,554498,python,[JIT],0x00007a47e2ad648b
2964851.0,554559,python,[JIT],0x000074472c09609b
2964844.0,554572,python,[JIT],0x000071d3e604bf4b
2964834.0,554508,python,[JIT],0x000074d16321f8c2
2964796.0,554520,python,[JIT],0x00007bae9855d788
2964750.0,554532,python,[JIT],0x00007f3be24a9727
2964744.0,554508,python,[JIT],0x000074d163227118
2964740.0,554508,python,[JIT],0x000074d163229261
2964715.0,554532,python,[JIT],0x00007f3be24b6316
2964706.0,554508,python,[JIT],0x000074d16321c9a9
2964686.0,554532,python,[JIT],0x00007f3be24a92d4
2964670.0,554508,python,[JIT],0x000074d1632125a7
2964662.0,554559,python,[JIT],0x000074472c0998ca
2964661.0,554559,python,[JIT],0x000074472c0965ee
2964604.0,554532,python,[JIT],0x00007f3be24c123c
2964597.0,554572,python,[kernel.kallsyms],folio_add_new_anon_rmap
2964574.0,554532,python,[JIT],0x00007f3be24b3c0e
2964557.0,554572,python,[kernel.kallsyms],get_page_from_freelist
2964553.0,554508,python,[JIT],0x000074d163219e2b
2964542.0,554520,python,[JIT],0x00007bae9855f261
2964542.0,554559,python,[JIT],0x000074472c9343a6
2964530.0,554532,python,[JIT],0x00007f3be24ac224
2964462.0,554498,python,[JIT],0x00007a47e28436da
2964410.0,554572,python,[JIT],0x000071d3e604541b
2964407.0,554508,python,[JIT],0x000074d163219aca
2964396.0,554559,python,[JIT],0x000074472c0987a5
2964390.0,554532,python,[JIT],0x00007f3be2d65124
2964388.0,554498,python,[JIT],0x00007a47e283b47f
2964380.0,554532,python,[JIT],0x00007f3be24b3c21
2964367.0,554572,python,[JIT],0x000071d3e604be19
2964352.0,554508,python,[JIT],0x000074d163212201
2964342.0,554572,python,[JIT],0x000071d3e60415a6
2964317.0,554498,python,[JIT],0x00007a47e28327e4
2964311.0,554532,python,[JIT],0x00007f3be24b338d
2964304.0,554572,python,[JIT],0x000071d3e6051d95
2964304.0,554572,python,[JIT],0x000071d3e6051e38
2964299.0,554572,python,[JIT],0x000071d3e605321e
2964296.0,554532,python,[JIT],0x00007f3be24b33d9
2964290.0,554532,python,[kernel.kallsyms],kmem_cache_alloc
2964284.0,554532,python,[JIT],0x00007f3be24a95fe
2964276.0,554559,python,python,_Py_VectorCall_StackRefSteal
2964271.0,554572,python,python,PyObject_GenericGetAttr
2964268.0,554498,python,[JIT],0x00007a47e283bcaf
2964248.0,554520,python,[JIT],0x00007bae98562a9c
2964227.0,554508,python,[JIT],0x000074d163229604
2964221.0,554498,python,[JIT],0x00007a47e283c44d
2964210.0,554532,python,[JIT],0x00007f3be24b408d
2964189.0,554532,python,[kernel.kallsyms],irq_enter_rcu
2964187.0,554508,python,[JIT],0x000074d16320f1e9
2964140.0,554559,python,[JIT],0x000074472c09c0c4
2964096.0,554572,python,[JIT],0x000071d3e605a060
2964090.0,554508,python,[JIT],0x000074d1632199fe
2964064.0,554520,python,[JIT],0x00007bae9855d710
2964044.0,554508,python,[JIT],0x000074d16321c24e
2963943.0,554520,python,[JIT],0x00007bae98555361
2963907.0,554508,python,[JIT],0x000074d16321f3e6
2963897.0,554520,python,[JIT],0x00007bae98562b54
2963880.0,554572,python,[JIT],0x000071d3e6051fd8
2963878.0,554572,python,[JIT],0x000071d3e6042003
2963877.0,554559,python,[JIT],0x000074472c0a3346
2963841.0,554572,python,[JIT],0x000071d3e605a663
2963832.0,554532,python,[JIT],0x00007f3be24b61d7
2963829.0,554559,python,python,memcpy@plt
2963787.0,554532,python,[JIT],0x00007f3be24a973c
2963770.0,554572,python,[JIT],0x000071d3e6051b92
2963770.0,554532,python,[JIT],0x00007f3be24b3c6f
2963719.0,554559,python,[kernel.kallsyms],vma_alloc_folio
2963603.0,554545,python,[kernel.kallsyms],handle_mm_fault
2963596.0,554572,python,[JIT],0x000071d3e6051052
2963573.0,554498,python,[JIT],0x00007a47e283c100
2963548.0,554520,python,[JIT],0x00007bae9855cb6b
2963526.0,554520,python,[kernel.kallsyms],__raw_spin_lock_irqsave
2963490.0,554532,python,[JIT],0x00007f3be2d650b9
2963487.0,554559,python,[JIT],0x000074472c9341cf
2963474.0,554508,python,[JIT],0x000074d16321f64d
2963460.0,554520,python,[JIT],0x00007bae9855400a
2963452.0,554508,python,[JIT],0x000074d1634c312d
2963373.0,554498,python,[JIT],0x00007a47e2838d63
2963356.0,554572,python,[JIT],0x000071d3e6044cf1
2963255.0,554520,python,[JIT],0x00007bae98563059
2963175.0,554498,python,[JIT],0x00007a47e2843459
2963166.0,554572,python,python,dictiter_len
2963155.0,554508,python,[kernel.kallsyms],update_sd_lb_stats.constprop.0
2963136.0,554572,python,[JIT],0x000071d3e604381c
2963124.0,554520,python,[JIT],0x00007bae98552345
2963120.0,554572,python,[JIT],0x000071d3e60520f8
2963117.0,554498,python,[JIT],0x00007a47e2843d44
2963075.0,554520,python,[JIT],0x00007bae98564309
2963060.0,554559,python,[JIT],0x000074472c0953af
2963044.0,554508,python,[JIT],0x000074d16320f4eb
2963042.0,554498,python,[JIT],0x00007a47e2838847
2962994.0,554508,python,[JIT],0x000074d16321ffe8
2962985.0,554520,python,[JIT],0x00007bae985510c7
2962983.0,554520,python,[JIT],0x00007bae98567339
2962971.0,554572,python,[JIT],0x000071d3e605a55d
2962970.0,554508,python,[JIT],0x000074d16321938d
2962941.0,554532,python,[JIT],0x00007f3be24bf4b0
2962900.0,554498,python,[JIT],0x00007a47e283885e
2962872.0,554572,python,[JIT],0x000071d3e604c489
2962862.0,554572,python,[kernel.kallsyms],uncharge_folio
2962855.0,554498,python,[JIT],0x00007a47e28437f6
2962850.0,554498,python,[JIT],0x00007a47e283be51
2962825.0,554532,python,[JIT],0x00007f3be24b3e4d
2962815.0,554572,python,[JIT],0x000071d3e604b10c
2962788.0,554559,python,[kernel.kallsyms],free_unref_page_prepare
2962786.0,554572,python,[JIT],0x000071d3e605a47f
2962776.0,554532,python,[JIT],0x00007f3be24b37eb
2962756.0,554498,python,[JIT],0x00007a47e2830343
2962740.0,554498,python,[JIT],0x00007a47e2843973
2962695.0,554532,python,[JIT],0x00007f3be24bf726
2962692.0,554559,python,[JIT],0x000074472c0a32c5
2962678.0,554508,python,[JIT],0x000074d16320f59d
2962585.0,554520,python,[JIT],0x00007bae9855f010
2962584.0,554508,python,[JIT],0x000074d1632200f8
2962537.0,554559,python,[JIT],0x000074472c09b687
2962518.0,554520,python,[JIT],0x00007bae9855d44a
2962508.0,554508,python,[JIT],0x000074d163212299
2962441.0,554520,python,[JIT],0x00007bae985622cc
2962411.0,554508,python,[kernel.kallsyms],hrtimer_active
2962390.0,554498,python,[JIT],0x00007a47e28453b9
2962341.0,554572,python,[JIT],0x000071d3e604e4ea
2962313.0,554520,python,[JIT],0x00007bae98551342
2962309.0,554572,python,[JIT],0x000071d3e6052089
2962271.0,554498,python,[JIT],0x00007a47e2843d0b
2962227.0,554508,python,[JIT],0x000074d16320f0ad
2962205.0,554520,python,[JIT],0x00007bae9856309e
2962187.0,554520,python,[JIT],0x00007bae985653c1
2962168.0,554520,python,[JIT],0x00007bae98562801
2962079.0,554508,python,[kernel.kallsyms],mas_walk
2962072.0,554545,python,[kernel.kallsyms],__count_memcg_events
2962053.0,554508,python,[JIT],0x000074d1632201f7
2962042.0,554520,python,[JIT],0x00007bae9855c8db
2962002.0,554498,python,[kernel.kallsyms],asm_exc_page_fault
2961922.0,554559,python,[JIT],0x000074472c9340f5
2961905.0,554520,python,[kernel.kallsyms],mem_cgroup_commit_charge
2961884.0,554520,python,[JIT],0x00007bae9855c2b6
2961851.0,554508,python,[JIT],0x000074d16321f1b0
2961803.0,554498,python,[JIT],0x00007a47e28383d6
2961801.0,554520,python,[JIT],0x00007bae98562629
2961777.0,554572,python,python,subtype_traverse
2961754.0,554572,python,python,_PyObject_GC_Link
2961752.0,554498,python,[JIT],0x00007a47e28391bc
2961744.0,554572,python,[JIT],0x000071d3e604f7ae
2961727.0,554559,python,[kernel.kallsyms],mas_walk
2961669.0,554559,python,[JIT],0x000074472c09b2ad
2961620.0,554572,python,[JIT],0x000071d3e604b6ff
2961587.0,554508,python,[JIT],0x000074d16321a8e4
2961524.0,554520,python,[JIT],0x00007bae9856300e
2961519.0,554520,python,python,allocate_from_new_pool
2961498.0,554572,python,[JIT],0x000071d3e605b04c
2961472.0,554508,python,[kernel.kallsyms],mem_cgroup_commit_charge
2961415.0,554532,python,[JIT],0x00007f3be24b4017
2961410.0,554532,python,[JIT],0x00007f3be24b48d2
2961389.0,554532,python,[JIT],0x00007f3be24c11fa
2961323.0,554508,python,[JIT],0x000074d1632147f8
2961321.0,554532,python,[kernel.kallsyms],hrtimer_interrupt
2961248.0,554559,python,[JIT],0x000074472c0a204c
2961229.0,554532,python,python,_PyType_GetDict
2961179.0,554508,python,[JIT],0x000074d16321fbb0
2961157.0,554520,python,[JIT],0x00007bae9855f5f9
2961134.0,554498,python,[JIT],0x00007a47e2843ae2
2961016.0,554508,python,[JIT],0x000074d16320f6db
2961003.0,554498,python,[JIT],0x00007a47e283894e
2960972.0,554572,python,[JIT],0x000071d3e6043224
2960972.0,554559,python,[JIT],0x000074472c0a33df
2960943.0,554508,python,[kernel.kallsyms],__alloc_pages
2960925.0,554532,python,python,_PyObject_GC_New
2960899.0,554498,python,[JIT],0x00007a47e2843374
2960882.0,554532,python,[JIT],0x00007f3be24bfebc
2960876.0,554520,python,[JIT],0x00007bae9855f0dc
2960816.0,554532,python,[JIT],0x00007f3be24b3e27
2960792.0,554559,python,[JIT],0x000074472c09be8c
2960790.0,554532,python,[JIT],0x00007f3be24a9500
2960758.0,554498,python,[JIT],0x00007a47e28432bc
2960719.0,554559,python,[JIT],0x000074472c09b4ee
2960714.0,554572,python,[JIT],0x000071d3e6051c9d
2960698.0,554508,python,[kernel.kallsyms],__rmqueue_pcplist
2960681.0,554508,python,[JIT],0x000074d163219e5a
2960680.0,554498,python,[JIT],0x00007a47e2ad643c
2960670.0,554559,python,[JIT],0x000074472c09b9e6
2960615.0,554498,python,[JIT],0x00007a47e28391ad
2960606.0,554520,python,[JIT],0x00007bae98555965
2960598.0,554508,python,[JIT],0x000074d163220016
2960566.0,554532,python,[kernel.kallsyms],uncharge_folio
2960535.0,554559,python,[kernel.kallsyms],vm_normal_page
2960506.0,554520,python,[JIT],0x00007bae985631e0
2960492.0,554532,python,[JIT],0x00007f3be2d654c6
2960461.0,554508,python,python,_Py_CheckFunctionResult
2960453.0,554559,python,[JIT],0x000074472c09c19c
2960451.0,554559,python,[JIT],0x000074472c09b71b
2960434.0,554508,python,[JIT],0x000074d163219ded
2960414.0,554508,python,[JIT],0x000074d16321f834
2960391.0,554520,python,[JIT],0x00007bae9856227a
2960373.0,554572,python,[JIT],0x000071d3e604c06f
2960373.0,554498,python,[JIT],0x00007a47e2ad66d2
2960361.0,554532,python,[JIT],0x00007f3be2d660dc
2960342.0,554520,python,[JIT],0x00007bae98562d79
2960332.0,554559,python,[JIT],0x000074472c095f6f
2960291.0,554520,python,[JIT],0x00007bae9856227e
2960201.0,554520,python,python,PyLong_AsSsize_t
2960141.0,554498,python,[kernel.kallsyms],__cgroup_account_cputime_field
2960126.0,554508,python,[kernel.kallsyms],notifier_call_chain
2960122.0,554498,python,[JIT],0x00007a47e2ad6357
2960118.0,554572,python,[JIT],0x000071d3e6051d25
2960097.0,554508,python,[JIT],0x000074d16321ff55
2960095.0,554498,python,[JIT],0x00007a47e28300dc
2960074.0,554559,python,[JIT],0x000074472c93443c
2960028.0,554520,python,[JIT],0x00007bae9855c919
2960027.0,554508,python,[JIT],0x000074d16321f90c
2959962.0,554520,python,[kernel.kallsyms],folio_add_new_anon_rmap
2959950.0,554532,python,[JIT],0x00007f3be24bf801
2959936.0,554532,python,[JIT],0x00007f3be24bf195
2959934.0,554498,python,[JIT],0x00007a47e282e00a
2959870.0,554508,python,[kernel.kallsyms],consume_stock
2959804.0,554498,python,[kernel.kallsyms],folio_batch_move_lru
2959770.0,554532,python,[JIT],0x00007f3be24ae7e4
2959754.0,554559,python,[JIT],0x000074472c0952a7
2959716.0,554572,python,[JIT],0x000071d3e604f986
2959592.0,554520,python,[JIT],0x00007bae98562bc6
2959589.0,554498,python,[JIT],0x00007a47e2843ee4
2959579.0,554508,python,[JIT],0x000074d16321f6c7
2959532.0,554559,python,[JIT],0x000074472c0951fe
2959486.0,554498,python,[JIT],0x00007a47e283238b
2959481.0,554559,python,python,_PyForIter_VirtualIteratorNext
2959410.0,554559,python,[JIT],0x000074472c0953b7
2959401.0,554520,python,[JIT],0x00007bae98562294
2959373.0,554559,python,[JIT],0x000074472c09bd31
2959372.0,554508,python,[JIT],0x000074d16321f71b
2959354.0,554572,python,python,PyObject_LengthHint
2959331.0,554520,python,[JIT],0x00007bae9855f3b7
2959182.0,554559,python,[JIT],0x000074472c095c83
2959157.0,554572,python,[JIT],0x000071d3e6053293
2959149.0,554498,python,[JIT],0x00007a47e28383af
2959088.0,554559,python,[JIT],0x000074472c093b64
2959040.0,554520,python,[JIT],0x00007bae9855cf4b
2959038.0,554532,python,[JIT],0x00007f3be24bf516
2959030.0,554559,python,[JIT],0x000074472c09bd89
2959023.0,554508,python,[JIT],0x000074d16321f7af
2959005.0,554508,python,[JIT],0x000074d16321ff9e
2959003.0,554508,python,[JIT],0x000074d16321fa58
2958952.0,554498,python,[kernel.kallsyms],vma_alloc_folio
2958940.0,554520,python,libc.so.6,malloc_consolidate
2958852.0,554508,python,python,PyMem_Free
2958845.0,554520,python,[JIT],0x00007bae9855d017
2958774.0,554520,python,[kernel.kallsyms],alloc_anon_folio
2958736.0,554559,python,[JIT],0x000074472c0a40c7
2958729.0,554559,python,[JIT],0x000074472c09b1b0
2958691.0,554520,python,[JIT],0x00007bae98562b25
2958677.0,554520,python,[JIT],0x00007bae985640dc
2958668.0,554572,python,[JIT],0x000071d3e60511ec
2958643.0,554572,python,[JIT],0x000071d3e604f3ef
2958630.0,554498,python,python,PyMem_Free
2958585.0,554498,python,[JIT],0x00007a47e2ad72cf
2958569.0,554532,python,[JIT],0x00007f3be24b44dd
2958541.0,554498,python,[JIT],0x00007a47e283855c
2958531.0,554508,python,[kernel.kallsyms],do_anonymous_page
2958528.0,554559,python,[JIT],0x000074472c0a3244
2958463.0,554532,python,[JIT],0x00007f3be24b3f0e
2958362.0,554508,python,[JIT],0x000074d1632167b6
2958343.0,554532,python,[JIT],0x00007f3be24c00e7
2958334.0,554532,python,[JIT],0x00007f3be24c010d
2958322.0,554572,python,[JIT],0x000071d3e604486b
2958272.0,554508,python,[JIT],0x000074d16321fe0b
2958266.0,554572,python,[JIT],0x000071d3e604c788
2958223.0,554532,python,[JIT],0x00007f3be24bfd0f
2958216.0,554532,python,python,PyObject_GC_Del
2958145.0,554559,python,[JIT],0x000074472c09619c
2958100.0,554498,python,[JIT],0x00007a47e2843d25
2958091.0,554498,python,[JIT],0x00007a47e282d50a
2958085.0,554532,python,[JIT],0x00007f3be24b3b61
2958022.0,554520,python,python,PyObject_SelfIter
2957992.0,554532,python,[JIT],0x00007f3be24b6c8b
2957931.0,554498,python,[JIT],0x00007a47e28453df
2957697.0,554572,python,[JIT],0x000071d3e6051ed5
2957652.0,554572,python,[JIT],0x000071d3e60521e3
2957631.0,554498,python,[JIT],0x00007a47e2843117
2957600.0,554508,python,[JIT],0x000074d16321f973
2957598.0,554508,python,python,_PyObject_GC_Link
2957592.0,554532,python,[kernel.kallsyms],ktime_get_update_offsets_now
2957592.0,554498,python,[JIT],0x00007a47e2ad6124
2957589.0,554532,python,[JIT],0x00007f3be24bfd0b
2957503.0,554498,python,[JIT],0x00007a47e2ad7120
2957474.0,554498,python,[JIT],0x00007a47e2838c6f
2957415.0,554508,python,[JIT],0x000074d16322948b
2957330.0,554572,python,[JIT],0x000071d3e6051fad
2957255.0,554532,python,[kernel.kallsyms],release_pages
2957251.0,554498,python,[JIT],0x00007a47e2839244
2957218.0,554559,python,python,_Py_CallBuiltinClass_StackRef
2957188.0,554508,python,[JIT],0x000074d16321f516
2957158.0,554572,python,[JIT],0x000071d3e604c18d
2957145.0,554508,python,[JIT],0x000074d16321c329
2957129.0,554520,python,[JIT],0x00007bae9855f714
2957072.0,554572,python,[JIT],0x000071d3e6051b90
2957066.0,554520,python,[JIT],0x00007bae985623ef
2956970.0,554572,python,[JIT],0x000071d3e604f89b
2956957.0,554498,python,[JIT],0x00007a47e282d6ca
2956940.0,554508,python,[JIT],0x000074d16321ff4e
2956930.0,554559,python,[JIT],0x000074472c09b2bc
2956919.0,554508,python,[JIT],0x000074d16321d342
2956901.0,554508,python,[kernel.kallsyms],handle_mm_fault
2956811.0,554532,python,[JIT],0x00007f3be24bf0a1
2956810.0,554498,python,[JIT],0x00007a47e2ad6206
2956792.0,554559,python,[JIT],0x000074472c935204
2956780.0,554508,python,[kernel.kallsyms],__count_memcg_events
2956605.0,554572,python,python,_PyObject_TryGetInstanceAttribute
2956570.0,554520,python,python,PyObject_IS_GC
2956527.0,554545,python,[JIT],0x00007b13c67f3fd6
2956514.0,554559,python,[JIT],0x000074472c09b832
2956462.0,554520,python,[JIT],0x00007bae985559b2
2956385.0,554572,python,python,_PyObject_GetAttrStackRef
2956371.0,554532,python,[kernel.kallsyms],lock_vma_under_rcu
2956323.0,554532,python,[JIT],0x00007f3be24c0241
2956318.0,554520,python,[JIT],0x00007bae9856644a
2956171.0,554559,python,[JIT],0x000074472c096273
2955999.0,554520,python,[JIT],0x00007bae98562d67
2955986.0,554532,python,python,_PyType_LookupStackRefAndVersion
2955980.0,554498,python,[JIT],0x00007a47e284527b
2955979.0,554532,python,[JIT],0x00007f3be2ceb21e
2955978.0,554520,python,[JIT],0x00007bae985623b5
2955963.0,554498,python,[JIT],0x00007a47e2843172
2955921.0,554532,python,[JIT],0x00007f3be24bf692
2955916.0,554520,python,[JIT],0x00007bae98562a3e
2955888.0,554498,python,[JIT],0x00007a47e28433a3
2955754.0,554559,python,[kernel.kallsyms],native_read_msr
2955743.0,554532,python,[JIT],0x00007f3be24bf083
2955581.0,554572,python,[JIT],0x000071d3e6051b7a
2955544.0,554559,python,[JIT],0x000074472c08b4ce
2955439.0,554498,python,[JIT],0x00007a47e2ad60ea
2955428.0,554508,python,[JIT],0x000074d16321f692
2955414.0,554520,python,python,_PyType_AllocNoTrack
2955412.0,554508,python,[kernel.kallsyms],asm_exc_page_fault
2955339.0,554532,python,[JIT],0x00007f3be24b456b
2955336.0,554559,python,[JIT],0x000074472c09b9bd
2955321.0,554532,python,python,_PyObject_GetMethodStackRef
2955231.0,554559,python,[JIT],0x000074472c09c00e
2955228.0,554532,python,[JIT],0x00007f3be24bf36a
2955210.0,554520,python,[kernel.kallsyms],nohz_balancer_kick
2955195.0,554508,python,python,PyLong_AsSsize_t
2955181.0,554508,python,python,min_max
2955158.0,554532,python,[kernel.kallsyms],handle_softirqs
2955000.0,554498,python,[JIT],0x00007a47e2ad70ea
2954968.0,554559,python,[JIT],0x000074472c09bf9a
2954952.0,554532,python,[JIT],0x00007f3be24b3ff8
2954927.0,554508,python,[JIT],0x000074d16321fb7a
2954888.0,554559,python,python,PyObject_GC_Del
2954780.0,554572,python,[kernel.kallsyms],mem_cgroup_commit_charge
2954773.0,554520,python,[JIT],0x00007bae9856275f
2954764.0,554520,python,[JIT],0x00007bae985630c4
2954662.0,554559,python,[kernel.kallsyms],up_read
2954579.0,554559,python,[JIT],0x000074472c09b5f3
2954553.0,554508,python,[JIT],0x000074d16321fd91
2954465.0,554559,python,[JIT],0x000074472c09bba1
2954427.0,554520,python,[JIT],0x00007bae98562814
2954362.0,554532,python,[JIT],0x00007f3be24bf745
2954208.0,554508,python,[JIT],0x000074d16321f82a
2954158.0,554520,python,[JIT],0x00007bae98563025
2954152.0,554520,python,[kernel.kallsyms],uncharge_folio
2954139.0,554532,python,[JIT],0x00007f3be24c01a0
2954119.0,554532,python,[JIT],0x00007f3be24b7210
2954115.0,554520,python,[JIT],0x00007bae98562b9c
2954072.0,554559,python,[kernel.kallsyms],do_user_addr_fault
2954050.0,554572,python,[JIT],0x000071d3e605166e
2954016.0,554498,python,[JIT],0x00007a47e2ad6536
2953972.0,554520,python,[JIT],0x00007bae98563182
2953958.0,554498,python,[JIT],0x00007a47e28452c5
2953900.0,554532,python,[JIT],0x00007f3be24c1330
2953895.0,554559,python,libc.so.6,_int_malloc
2953882.0,554508,python,[JIT],0x000074d163217b67
2953840.0,554559,python,[JIT],0x000074472c0968d2
2953802.0,554498,python,[JIT],0x00007a47e2843a3e
2953800.0,554498,python,[JIT],0x00007a47e284620f
2953715.0,554498,python,[JIT],0x00007a47e2ad6235
2953713.0,554572,python,[JIT],0x000071d3e6053346
2953662.0,554572,python,[JIT],0x000071d3e6051919
2953660.0,554520,python,[JIT],0x00007bae98562b69
2953655.0,554508,python,[JIT],0x000074d16321fea7
2953425.0,554498,python,[JIT],0x00007a47e283bbff
2953421.0,554559,python,[kernel.kallsyms],handle_pte_fault
2953403.0,554520,python,[JIT],0x00007bae98562809
2953364.0,554508,python,[JIT],0x000074d16321a19c
2953354.0,554572,python,[JIT],0x000071d3e604c7a1
2953116.0,554532,python,[JIT],0x00007f3be24b6b7a
2953104.0,554532,python,[JIT],0x00007f3be2d662c5
2953064.0,554572,python,[JIT],0x000071d3e605b2e7
2952934.0,554508,python,[JIT],0x000074d163219dd6
2952926.0,554559,python,[JIT],0x000074472c095703
2952875.0,554559,python,[JIT],0x000074472c09b96a
2952873.0,554572,python,[JIT],0x000071d3e6051e07
2952799.0,554498,python,[JIT],0x00007a47e28461fa
2952764.0,554572,python,[JIT],0x000071d3e605124a
2952764.0,554559,python,[JIT],0x000074472c93439c
2952699.0,554559,python,[JIT],0x000074472c9346d2
2952690.0,554498,python,[JIT],0x00007a47e2843b83
2952681.0,554508,python,[JIT],0x000074d16321ff31
2952659.0,554572,python,[JIT],0x000071d3e605209e
2952651.0,554498,python,[JIT],0x00007a47e282d20c
2952605.0,554532,python,[JIT],0x00007f3be24bfe63
2952591.0,554572,python,python,_PyType_GetDict
2952548.0,554508,python,[JIT],0x000074d16321f930
2952540.0,554572,python,[JIT],0x000071d3e604e3d4
2952506.0,554572,python,[JIT],0x000071d3e60417f3
2952478.0,554559,python,[JIT],0x000074472c09b40e
2952451.0,554520,python,[kernel.kallsyms],native_read_msr
2952421.0,554498,python,[JIT],0x00007a47e2843efc
2952344.0,554498,python,[JIT],0x00007a47e283c5fd
2952282.0,554532,python,[JIT],0x00007f3be24bf500
2952229.0,554520,python,python,_PyObject_GC_New
2952194.0,554532,python,[JIT],0x00007f3be24bf8b7
2952178.0,554559,python,[JIT],0x000074472c095711
2952176.0,554559,python,[JIT],0x000074472c08b54b
2952002.0,554498,python,[JIT],0x00007a47e282d69f
2951995.0,554532,python,[JIT],0x00007f3be24b3a20
2951986.0,554520,python,[JIT],0x00007bae98562146
2951969.0,554508,python,[JIT],0x000074d163219d37
2951938.0,554508,python,[JIT],0x000074d16321f083
2951933.0,554520,python,[JIT],0x00007bae985628c2
2951892.0,554508,python,[JIT],0x000074d163219af9
2951881.0,554559,python,[JIT],0x000074472c0a32d6
2951874.0,554508,python,[JIT],0x000074d16321faca
2951841.0,554498,python,[JIT],0x00007a47e2831919
2951658.0,554532,python,[JIT],0x00007f3be24bff6a
2951656.0,554498,python,[JIT],0x00007a47e283bdcf
2951640.0,554532,python,[kernel.kallsyms],native_read_msr
2951625.0,554532,python,[JIT],0x00007f3be24c01ef
2951598.0,554520,python,[JIT],0x00007bae9855c36c
2951500.0,554520,python,[JIT],0x00007bae98562093
2951497.0,554559,python,python,dict_length
2951457.0,554508,python,[JIT],0x000074d163220241
2951373.0,554520,python,[JIT],0x00007bae98562850
2951329.0,554559,python,[JIT],0x000074472c0965fd
2951326.0,554559,python,[kernel.kallsyms],policy_nodemask
2951315.0,554498,python,[JIT],0x00007a47e2ad6596
2951300.0,554559,python,[JIT],0x000074472c935060
2951272.0,554532,python,[JIT],0x00007f3be24b468f
2951224.0,554498,python,[JIT],0x00007a47e283837a
2951191.0,554508,python,[JIT],0x000074d16321a76d
2951170.0,554532,python,[JIT],0x00007f3be24b4334
2951116.0,554532,python,python,long_richcompare
2951033.0,554520,python,[JIT],0x00007bae98558e5a
2950998.0,554520,python,[JIT],0x00007bae985621ec
2950924.0,554498,python,[JIT],0x00007a47e28389dd
2950898.0,554532,python,[JIT],0x00007f3be24b438b
2950896.0,554508,python,[kernel.kallsyms],__rcu_read_unlock
2950744.0,554572,python,[JIT],0x000071d3e6051954
2950717.0,554559,python,[JIT],0x000074472c09bb54
2950709.0,554572,python,[kernel.kallsyms],error_return
2950697.0,554520,python,[JIT],0x00007bae98562552
2950681.0,554520,python,[JIT],0x00007bae9855b076
2950673.0,554520,python,[JIT],0x00007bae98560ee6
2950644.0,554498,python,[JIT],0x00007a47e2843448
2950640.0,554572,python,[JIT],0x000071d3e605225c
2950476.0,554508,python,[JIT],0x000074d16321f777
2950465.0,554508,python,[JIT],0x000074d1632194d5
2950456.0,554520,python,[JIT],0x00007bae9856225d
2950327.0,554532,python,[JIT],0x00007f3be24b654e
2950300.0,554572,python,[JIT],0x000071d3e604e65a
2950297.0,554572,python,[JIT],0x000071d3e60518a2
2950196.0,554572,python,[JIT],0x000071d3e60512f2
2950196.0,554498,python,[JIT],0x00007a47e283882d
2950183.0,554520,python,python,memset@plt
2950136.0,554559,python,[JIT],0x000074472c0955a6
2950124.0,554532,python,[JIT],0x00007f3be24b75d5
2950091.0,554572,python,[JIT],0x000071d3e605182d
2950090.0,554559,python,python,_PyType_GetDict
2950037.0,554559,python,[JIT],0x000074472c09b0ae
2949966.0,554572,python,[JIT],0x000071d3e604bc0e
2949932.0,554498,python,[JIT],0x00007a47e284305e
2949929.0,554532,python,[JIT],0x00007f3be24b3f84
2949895.0,554508,python,[JIT],0x000074d16321c121
2949848.0,554572,python,[JIT],0x000071d3e6040666
2949777.0,554508,python,[JIT],0x000074d16321d744
2949763.0,554559,python,[JIT],0x000074472c09baca
2949713.0,554559,python,[JIT],0x000074472c09c21c
2949697.0,554572,python,[JIT],0x000071d3e60517bb
2949662.0,554508,python,[JIT],0x000074d163229206
2949629.0,554572,python,[JIT],0x000071d3e6044734
2949605.0,554532,python,[JIT],0x00007f3be24bf233
2949577.0,554572,python,[JIT],0x000071d3e60517f6
2949571.0,554520,python,[JIT],0x00007bae98562726
2949545.0,554545,python,python,PyType_GenericAlloc
2949530.0,554520,python,[JIT],0x00007bae9856310d
2949481.0,554559,python,[JIT],0x000074472c0a33c1
2949328.0,554559,python,[JIT],0x000074472c095673
2949316.0,554508,python,[JIT],0x000074d16321c7b2
2949306.0,554559,python,[JIT],0x000074472c0961ad
2949205.0,554520,python,[JIT],0x00007bae9855d0f7
2949166.0,554572,python,[kernel.kallsyms],handle_mm_fault
2949133.0,554498,python,[JIT],0x00007a47e2843705
2949020.0,554520,python,[kernel.kallsyms],irqentry_exit_to_user_mode
2949007.0,554532,python,[JIT],0x00007f3be24bf416
2948885.0,554520,python,[JIT],0x00007bae985621b0
2948851.0,554572,python,[JIT],0x000071d3e604e567
2948768.0,554532,python,[JIT],0x00007f3be24c0025
2948693.0,554559,python,[JIT],0x000074472c09b8c2
2948675.0,554559,python,[JIT],0x000074472c08b686
2948669.0,554508,python,[JIT],0x000074d16321a5b9
2948658.0,554559,python,python,find_empty_slot
2948625.0,554520,python,[kernel.kallsyms],timekeeping_advance
2948585.0,554508,python,[JIT],0x000074d1632292f7
2948423.0,554532,python,[JIT],0x00007f3be24add56
2948254.0,554572,python,[JIT],0x000071d3e60517d3
2948243.0,554559,python,[kernel.kallsyms],handle_mm_fault
2948137.0,554572,python,[JIT],0x000071d3e6059253
2948059.0,554532,python,[JIT],0x00007f3be24bfb3f
2947969.0,554498,python,[JIT],0x00007a47e2838533
2947859.0,554572,python,[JIT],0x000071d3e6051f11
2947823.0,554559,python,[JIT],0x000074472c935261
2947764.0,554532,python,[kernel.kallsyms],irqentry_exit
2947679.0,554520,python,[JIT],0x00007bae985555a6
2947655.0,554508,python,[JIT],0x000074d16321c30c
2947646.0,554498,python,[JIT],0x00007a47e28436c7
2947579.0,554559,python,python,cfunction_vectorcall_NOARGS
2947485.0,554572,python,[JIT],0x000071d3e605b2cf
2947385.0,554520,python,[JIT],0x00007bae9855800a
2947372.0,554559,python,[kernel.kallsyms],access_error
2947286.0,554559,python,[JIT],0x000074472c08b58f
2947217.0,554508,python,[JIT],0x000074d16320f517
2947144.0,554559,python,[JIT],0x000074472c09bd2e
2947133.0,554498,python,[JIT],0x00007a47e2843809
2946889.0,554559,python,python,_Py_BuiltinCallFastWithKeywords_StackRef
2946862.0,554572,python,[JIT],0x000071d3e6051d41
2946843.0,554498,python,[JIT],0x00007a47e2843687
2946731.0,554532,python,[JIT],0x00007f3be24b44f2
2946642.0,554520,python,[JIT],0x00007bae985631b3
2946636.0,554572,python,[JIT],0x000071d3e605b297
2946584.0,554532,python,[JIT],0x00007f3be24b32c1
2946450.0,554498,python,[JIT],0x00007a47e283b3ff
2946420.0,554572,python,[JIT],0x000071d3e604e288
2946371.0,554498,python,[JIT],0x00007a47e2ad6143
2946368.0,554498,python,[JIT],0x00007a47e283453b
2946315.0,554498,python,[JIT],0x00007a47e283b55c
2946247.0,554498,python,[JIT],0x00007a47e2ad6420
2946180.0,554572,python,[JIT],0x000071d3e6047711
2946153.0,554498,python,python,type_traverse
2946141.0,554508,python,[JIT],0x000074d16321f8e9
2946114.0,554559,python,[JIT],0x000074472c09b7af
2946101.0,554498,python,[JIT],0x00007a47e2843d69
2946042.0,554572,python,[JIT],0x000071d3e6051d91
2946004.0,554520,python,[JIT],0x00007bae9855126b
2945835.0,554520,python,[JIT],0x00007bae985603e2
2945762.0,554532,python,[JIT],0x00007f3be24aa5a2
2945706.0,554559,python,[JIT],0x000074472c09b47c
2945610.0,554520,python,[JIT],0x00007bae98562572
2945266.0,554559,python,[JIT],0x000074472c09b195
2945253.0,554508,python,[JIT],0x000074d16321f1ec
2945218.0,554559,python,[kernel.kallsyms],get_pfnblock_flags_mask
2945171.0,554532,python,[JIT],0x00007f3be24bf845
2945139.0,554508,python,[JIT],0x000074d163219f0e
2944928.0,554508,python,[JIT],0x000074d16321f61f
2944884.0,554532,python,libc.so.6,realloc
2944848.0,554545,python,python,meth_dealloc
2944463.0,554508,python,python,_PyStaticType_GetState
2944309.0,554498,python,[JIT],0x00007a47e283b45c
2944300.0,554498,python,[JIT],0x00007a47e2843c84
2944299.0,554532,python,python,dict_iter
2944270.0,554498,python,[JIT],0x00007a47e2838109
2944250.0,554508,python,[JIT],0x000074d16321fa19
2943723.0,554508,python,[JIT],0x000074d163220207
2943568.0,554520,python,python,_PyObject_LookupSpecial
2943548.0,554508,python,[JIT],0x000074d16321a085
2943509.0,554508,python,[JIT],0x000074d16321f924
2943391.0,554572,python,[JIT],0x000071d3e604b4d5
2943368.0,554508,python,[JIT],0x000074d16321f587
2943353.0,554559,python,[JIT],0x000074472c08b3a1
2943230.0,554559,python,[JIT],0x000074472c095ecd
2943055.0,554498,python,[kernel.kallsyms],folio_remove_rmap_ptes
2943013.0,554498,python,[JIT],0x00007a47e28394b8
2942965.0,554572,python,[JIT],0x000071d3e605190c
2942662.0,554508,python,[kernel.kallsyms],lru_gen_del_folio.constprop.0
2942490.0,554559,python,[JIT],0x000074472c09b552
2942431.0,554520,python,[JIT],0x00007bae9855d5a4
2942346.0,554508,python,[JIT],0x000074d16321323d
2942333.0,554508,python,[JIT],0x000074d163216711
2942277.0,554559,python,[JIT],0x000074472c0a441e
2942186.0,554498,python,[JIT],0x00007a47e28435b0
2942102.0,554508,python,[JIT],0x000074d1634c3120
2941899.0,554572,python,[JIT],0x000071d3e604e052
2941682.0,554508,python,[JIT],0x000074d16321f1da
2941598.0,554498,python,[JIT],0x00007a47e283117f
2941580.0,554532,python,[JIT],0x00007f3be24bf146
2941359.0,554532,python,[kernel.kallsyms],try_charge_memcg
2941345.0,554520,python,[JIT],0x00007bae9855d474
2941252.0,554498,python,[JIT],0x00007a47e283bd02
2941126.0,554572,python,[JIT],0x000071d3e6042201
2941095.0,554508,python,[JIT],0x000074d1632121aa
2941088.0,554498,python,[JIT],0x00007a47e283b191
2940905.0,554572,python,[JIT],0x000071d3e605143e
2940723.0,554520,python,[JIT],0x00007bae9855cf0e
2940645.0,554572,python,[JIT],0x000071d3e6051315
2940514.0,554532,python,[JIT],0x00007f3be24bf705
2940428.0,554532,python,[JIT],0x00007f3be2d6520e
2940403.0,554498,python,[kernel.kallsyms],arch_scale_freq_tick
2940316.0,554508,python,python,_Py_CallBuiltinClass_StackRef
2940281.0,554532,python,[JIT],0x00007f3be24bf385
2940255.0,554520,python,[JIT],0x00007bae98562117
2940245.0,554498,python,[JIT],0x00007a47e284381b
2940131.0,554559,python,[JIT],0x000074472c0981c2
2940077.0,554572,python,[kernel.kallsyms],notifier_call_chain
2940071.0,554520,python,[JIT],0x00007bae98562172
2939940.0,554559,python,[JIT],0x000074472c09b745
2939927.0,554532,python,[JIT],0x00007f3be24ae7fd
2939869.0,554508,python,[JIT],0x000074d1632290b9
2939827.0,554498,python,[JIT],0x00007a47e2843532
2939816.0,554532,python,[JIT],0x00007f3be24c1102
2939662.0,554498,python,[JIT],0x00007a47e28387b6
2939597.0,554572,python,[JIT],0x000071d3e6052022
2939486.0,554559,python,python,long_richcompare
2939370.0,554572,python,[JIT],0x000071d3e604becd
2939292.0,554498,python,[JIT],0x00007a47e28441b3
2939166.0,554532,python,python,PyLong_FromSize_t
2939165.0,554498,python,[kernel.kallsyms],hrtimer_interrupt
2938996.0,554572,python,[JIT],0x000071d3e6051687
2938887.0,554498,python,[JIT],0x00007a47e28441ff
2938618.0,554498,python,[JIT],0x00007a47e283c3f6
2938412.0,554559,python,[JIT],0x000074472c09bfd8
2938329.0,554508,python,[JIT],0x000074d163219ed5
2938309.0,554520,python,[JIT],0x00007bae98562777
2938201.0,554572,python,python,_Py_CallBuiltinClass_StackRef
2938191.0,554520,python,[JIT],0x00007bae98562f6a
2937857.0,554559,python,python,gallop_right
2937768.0,554532,python,[JIT],0x00007f3be24bf3af
2937571.0,554532,python,[JIT],0x00007f3be24b3462
2936969.0,554532,python,[kernel.kallsyms],__sysvec_apic_timer_interrupt
2936792.0,554572,python,[JIT],0x000071d3e605105e
2936689.0,554508,python,[JIT],0x000074d16321985e
2936203.0,554520,python,[kernel.kallsyms],get_pfnblock_flags_mask
2936086.0,554508,python,[JIT],0x000074d16321cd4f
2936021.0,554532,python,[JIT],0x00007f3be24c0035
2935671.0,554532,python,[kernel.kallsyms],fpregs_assert_state_consistent
2935412.0,554572,python,[JIT],0x000071d3e6051134
2935351.0,554508,python,[JIT],0x000074d1632201af
2935193.0,554508,python,[JIT],0x000074d163219919
2935127.0,554559,python,[JIT],0x000074472c095110
2934879.0,554520,python,[kernel.kallsyms],kmem_cache_free
2934720.0,554520,python,[JIT],0x00007bae9855f20c
2934611.0,554532,python,[JIT],0x00007f3be24bf6e8
2934558.0,554532,python,[JIT],0x00007f3be24b6deb
2934554.0,554498,python,[kernel.kallsyms],free_unref_page_list
2934443.0,554498,python,[JIT],0x00007a47e2843bb6
2934305.0,554532,python,[JIT],0x00007f3be24b7904
2933581.0,554572,python,[JIT],0x000071d3e604b7e3
2933072.0,554498,python,[JIT],0x00007a47e2ad70dc
2932817.0,554508,python,[JIT],0x000074d16321fa3e
2932411.0,554559,python,[JIT],0x000074472c09ba9c
2932404.0,554498,python,[JIT],0x00007a47e2834711
2932115.0,554572,python,[JIT],0x000071d3e6051bac
2932062.0,554545,python,[kernel.kallsyms],__mod_node_page_state
2932056.0,554559,python,[JIT],0x000074472c0987e5
2932011.0,554559,python,[JIT],0x000074472c0996d1
2931820.0,554508,python,[JIT],0x000074d1632294b3
2931719.0,554572,python,[JIT],0x000071d3e6051d0f
2931638.0,554498,python,[JIT],0x00007a47e2843e67
2931521.0,554572,python,[JIT],0x000071d3e605219c
2931158.0,554508,python,[JIT],0x000074d16321994e
2930830.0,554532,python,[JIT],0x00007f3be24b352b
2930753.0,554572,python,[JIT],0x000071d3e6051e63
2930583.0,554559,python,[JIT],0x000074472c934420
2929878.0,554508,python,[JIT],0x000074d1634c3369
2929798.0,554572,python,[kernel.kallsyms],fpregs_assert_state_consistent
2929656.0,554532,python,[JIT],0x00007f3be24bf315
2929639.0,554498,python,python,_PyEval_Vector
2929344.0,554559,python,[JIT],0x000074472c08b525
2929243.0,554508,python,[JIT],0x000074d16321f809
2928692.0,554498,python,[JIT],0x00007a47e28439af
2928563.0,554498,python,[JIT],0x00007a47e282d727
2928481.0,554498,python,[JIT],0x00007a47e283941b
2928264.0,554572,python,[JIT],0x000071d3e6051343
2928241.0,554532,python,[kernel.kallsyms],timekeeping_adjust.constprop.0
2927944.0,554498,python,[JIT],0x00007a47e28433db
2927943.0,554498,python,[JIT],0x00007a47e283c779
2927710.0,554508,python,[JIT],0x000074d163219703
2927133.0,554532,python,[kernel.kallsyms],__alloc_pages
2927082.0,554508,python,[JIT],0x000074d163217282
2927050.0,554498,python,[JIT],0x00007a47e28384f9
2927005.0,554508,python,[kernel.kallsyms],do_user_addr_fault
2926982.0,554498,python,[JIT],0x00007a47e282d34c
2926926.0,554498,python,[JIT],0x00007a47e2830052
2926920.0,554572,python,[JIT],0x000071d3e604bf0a
2926908.0,554520,python,[JIT],0x00007bae9855d7a1
2926874.0,554508,python,[JIT],0x000074d16321910c
2926838.0,554532,python,[JIT],0x00007f3be24b419c
2926589.0,554498,python,[JIT],0x00007a47e283be84
2926526.0,554498,python,[JIT],0x00007a47e283bdc5
2926344.0,554498,python,[JIT],0x00007a47e2838543
2926320.0,554498,python,[JIT],0x00007a47e283bd3f
2926169.0,554572,python,[JIT],0x000071d3e6051c99
2926055.0,554559,python,[JIT],0x000074472c098b3a
2926033.0,554508,python,[kernel.kallsyms],lru_gen_add_folio
2925989.0,554572,python,[JIT],0x000071d3e604f431
2925851.0,554508,python,[JIT],0x000074d16321a4be
2925796.0,554498,python,[kernel.kallsyms],timekeeping_adjust.constprop.0
2925638.0,554498,python,[JIT],0x00007a47e2838f3e
2925397.0,554520,python,[JIT],0x00007bae985516ca
2925249.0,554572,python,python,PyMem_Free
2925223.0,554520,python,[kernel.kallsyms],free_pcppages_bulk
2925174.0,554498,python,[JIT],0x00007a47e2ad61fb
2925010.0,554508,python,python,list_vectorcall
2924957.0,554559,python,[JIT],0x000074472c08f139
2924716.0,554559,python,[JIT],0x000074472c08e2b6
2924669.0,554520,python,[JIT],0x00007bae98567111
2924536.0,554572,python,[JIT],0x000071d3e604f3b6
2924169.0,554572,python,[JIT],0x000071d3e604eb70
2923002.0,554508,python,[kernel.kallsyms],zap_pte_range
2922995.0,554498,python,[kernel.kallsyms],get_pfnblock_flags_mask
2922964.0,554508,python,[JIT],0x000074d16321a381
2922793.0,554498,python,[JIT],0x00007a47e2839740
2922792.0,554498,python,[JIT],0x00007a47e2830157
2922759.0,554559,python,[JIT],0x000074472c08b14a
2922747.0,554532,python,[JIT],0x00007f3be24bfdda
2922739.0,554572,python,[JIT],0x000071d3e60431eb
2922097.0,554572,python,[kernel.kallsyms],free_swap_cache
2922081.0,554532,python,[JIT],0x00007f3be24b0e56
2921534.0,554559,python,[JIT],0x000074472c08b626
2921380.0,554498,python,[JIT],0x00007a47e28435f3
2921037.0,554508,python,[JIT],0x000074d1632123ca
2920983.0,554532,python,[JIT],0x00007f3be24c019c
2920751.0,554532,python,[JIT],0x00007f3be24bf7bb
2920380.0,554532,python,[kernel.kallsyms],kmem_cache_free
2919848.0,554532,python,[JIT],0x00007f3be24b3ef0
2919446.0,554498,python,[JIT],0x00007a47e28340dc
2919026.0,554508,python,[JIT],0x000074d16321f687
2918794.0,554508,python,[JIT],0x000074d16321000a
2918626.0,554498,python,[JIT],0x00007a47e2830201
2918244.0,554498,python,[JIT],0x00007a47e283bc46
2916905.0,554520,python,[JIT],0x00007bae9855d67c
2916553.0,554559,python,[JIT],0x000074472c08b463
2915256.0,554532,python,[JIT],0x00007f3be24bf6bd
2912544.0,554498,python,[JIT],0x00007a47e2ad72f4
2911526.0,554520,python,[JIT],0x00007bae9855d799
2910594.0,554520,python,[JIT],0x00007bae9855c2d5
2910376.0,554520,python,[kernel.kallsyms],free_unref_page_list
2910293.0,554532,python,[JIT],0x00007f3be24bfd75
2910281.0,554498,python,[JIT],0x00007a47e283b2ee
2909401.0,554572,python,[JIT],0x000071d3e60519b5
2908423.0,554508,python,libc.so.6,unlink_chunk.isra.0
2908086.0,554520,python,[JIT],0x00007bae9855c114
2906298.0,554498,python,[JIT],0x00007a47e283b36d
2905733.0,554532,python,[JIT],0x00007f3be24bfea7
2905601.0,554572,python,[JIT],0x000071d3e6051561
2905367.0,554572,python,[JIT],0x000071d3e6051ebc
2905194.0,554572,python,[JIT],0x000071d3e6051195
2903116.0,554559,python,[JIT],0x000074472c08b0fd
2902956.0,554498,python,[JIT],0x00007a47e28302d5
2902671.0,554498,python,[JIT],0x00007a47e282d59d
2901489.0,554572,python,[JIT],0x000071d3e60518c2
2901337.0,554498,python,[JIT],0x00007a47e283c10f
2901238.0,554559,python,[kernel.kallsyms],acct_account_cputime
2899140.0,554498,python,[JIT],0x00007a47e2839585
2899137.0,554532,python,[JIT],0x00007f3be24bf930
2899001.0,554559,python,[JIT],0x000074472c09c089
2898725.0,554520,python,[JIT],0x00007bae98567257
2896144.0,554532,python,[JIT],0x00007f3be24c01e0
2896105.0,554508,python,[JIT],0x000074d16321a4e0
2889159.0,554559,python,[JIT],0x000074472c096171
2887247.0,554508,python,[JIT],0x000074d1632190ad
2887096.0,554498,python,[JIT],0x00007a47e2843f7a
2883638.0,554572,python,[JIT],0x000071d3e605174d
2882773.0,554498,python,[JIT],0x00007a47e283c5b7
2878262.0,554498,python,[JIT],0x00007a47e284305a
2877405.0,554559,python,[JIT],0x000074472c08b488
2872507.0,554559,python,[kernel.kallsyms],free_unref_page_prepare
2868944.0,554498,python,[JIT],0x00007a47e283c588
2865189.0,554532,python,[JIT],0x00007f3be24bff9a
2864666.0,554532,python,[JIT],0x00007f3be24bfbac
2848924.0,554559,python,[JIT],0x000074472c08b1cf
2842930.0,554498,python,[JIT],0x00007a47e2831462
2842068.0,554498,python,[kernel.kallsyms],__sysvec_apic_timer_interrupt
2823037.0,554572,python,[JIT],0x000071d3e6051146
2818321.0,554498,python,[JIT],0x00007a47e2ad70d2
2808463.0,554532,python,[JIT],0x00007f3be2d662df
2806647.0,554498,python,[JIT],0x00007a47e283923a
2803454.0,554498,python,[JIT],0x00007a47e283c36d
2800687.0,554498,python,[JIT],0x00007a47e2831220
2795875.0,554520,python,[JIT],0x00007bae98567388
2794591.0,554572,python,[JIT],0x000071d3e604f952
2793179.0,554520,python,[JIT],0x00007bae9855d28e
2709928.0,554508,python,[JIT],0x000074d163219ccf
2673341.0,554520,python,[JIT],0x00007bae9856733c
2631384.0,554559,python,[JIT],0x000074472c098fd6
2098164.0,554520,python,python,initialize_locals
2082861.0,554559,python,python,_PyObject_GetAttrStackRef
1987512.0,554532,python,[JIT],0x00007f3be24ae5b2
1986896.0,554520,python,[JIT],0x00007bae985580f1
1986566.0,554559,python,[JIT],0x000074472c08b22d
1985673.0,554498,python,[JIT],0x00007a47e283b858
1985384.0,554559,python,[JIT],0x000074472c934528
1985369.0,554520,python,[JIT],0x00007bae98566674
1985343.0,554559,python,[JIT],0x000074472c9343b9
1985299.0,554508,python,[JIT],0x000074d1632290ce
1985299.0,554508,python,[JIT],0x000074d1632295cc
1985293.0,554572,python,[JIT],0x000071d3e6059261
1985284.0,554559,python,[JIT],0x000074472c0a4244
1985275.0,554508,python,[JIT],0x000074d16322969d
1985274.0,554559,python,[JIT],0x000074472c0a306a
1985240.0,554498,python,[JIT],0x00007a47e282d756
1985236.0,554572,python,[JIT],0x000071d3e605a69a
1985218.0,554508,python,[JIT],0x000074d16320f138
1985213.0,554532,python,[JIT],0x00007f3be2d65585
1985212.0,554498,python,[JIT],0x00007a47e2ad646e
1985206.0,554508,python,[JIT],0x000074d163228102
1985205.0,554508,python,[JIT],0x000074d163229768
1985203.0,554572,python,[kernel.kallsyms],set_ptes.isra.0
1985199.0,554559,python,[JIT],0x000074472c935378
1985177.0,554572,python,[JIT],0x000071d3e605a5c8
1985175.0,554508,python,[JIT],0x000074d163229015
1985173.0,554559,python,[JIT],0x000074472c9344b3
1985172.0,554508,python,[JIT],0x000074d1632290a9
1985163.0,554532,python,[JIT],0x00007f3be2ceb253
1985160.0,554498,python,[JIT],0x00007a47e2ad6764
1985156.0,554520,python,[JIT],0x00007bae985664c6
1985135.0,554572,python,[JIT],0x000071d3e605a0b9
1985134.0,554559,python,[JIT],0x000074472c0a33a1
1985131.0,554508,python,[JIT],0x000074d16321d7ae
1985127.0,554498,python,[JIT],0x00007a47e2ad649b
1985116.0,554532,python,[JIT],0x00007f3be24a9134
1985109.0,554508,python,[JIT],0x000074d163229620
1985105.0,554559,python,[JIT],0x000074472c9344c6
1985100.0,554559,python,[JIT],0x000074472c0a447b
1985096.0,554559,python,[JIT],0x000074472c08b406
1985096.0,554508,python,[JIT],0x000074d163219efc
1985095.0,554545,python,[JIT],0x00007b13c6a86663
1985081.0,554498,python,[JIT],0x00007a47e282d499
1985064.0,554520,python,[JIT],0x00007bae98566316
1985061.0,554572,python,[JIT],0x000071d3e605a064
1985059.0,554508,python,[JIT],0x000074d16320f3fc
1985057.0,554559,python,[JIT],0x000074472c098a95
1985057.0,554559,python,[JIT],0x000074472c934273
1985051.0,554532,python,[JIT],0x00007f3be24a93e5
1985049.0,554508,python,[JIT],0x000074d163219f61
1985045.0,554559,python,[JIT],0x000074472c93430b
1985045.0,554508,python,[JIT],0x000074d163228306
1985043.0,554572,python,[JIT],0x000071d3e6059118
1985041.0,554572,python,[JIT],0x000071d3e605945c
1985041.0,554508,python,[JIT],0x000074d16322924a
1985040.0,554559,python,[JIT],0x000074472c0a4493
1985040.0,554498,python,[JIT],0x00007a47e282d70f
1985027.0,554532,python,[JIT],0x00007f3be2ceb2be
1985022.0,554559,python,[JIT],0x000074472c0a3315
1985020.0,554498,python,[JIT],0x00007a47e282d510
1985018.0,554508,python,[JIT],0x000074d1632282cb
1985017.0,554532,python,[JIT],0x00007f3be2d653a6
1985014.0,554532,python,[JIT],0x00007f3be2d6577e
1985008.0,554559,python,[JIT],0x000074472c93449b
1984998.0,554508,python,[JIT],0x000074d1632296a4
1984997.0,554559,python,[JIT],0x000074472c0a435d
1984996.0,554532,python,[JIT],0x00007f3be24a969f
1984995.0,554508,python,[JIT],0x000074d16321cfa3
1984993.0,554532,python,[JIT],0x00007f3be24aa0be
1984991.0,554572,python,[JIT],0x000071d3e605a585
1984990.0,554572,python,[JIT],0x000071d3e605a5d9
1984985.0,554508,python,python,PyObject_Size
1984979.0,554520,python,[JIT],0x00007bae98567297
1984974.0,554498,python,[JIT],0x00007a47e282d565
1984973.0,554520,python,[JIT],0x00007bae9856545c
1984973.0,554508,python,[JIT],0x000074d16320f0f1
1984972.0,554559,python,[JIT],0x000074472c098dc5
1984969.0,554508,python,[JIT],0x000074d1632290f5
1984967.0,554532,python,[JIT],0x00007f3be24b7ee6
1984965.0,554520,python,[JIT],0x00007bae985650f1
1984965.0,554559,python,[JIT],0x000074472c9345cc
1984964.0,554508,python,[JIT],0x000074d16322827d
1984962.0,554559,python,[JIT],0x000074472c0961a5
1984960.0,554508,python,[JIT],0x000074d16321a1bc
1984957.0,554498,python,[JIT],0x00007a47e282d6f8
1984956.0,554520,python,[JIT],0x00007bae985661d5
1984956.0,554559,python,[JIT],0x000074472c0a42b6
1984955.0,554572,python,[JIT],0x000071d3e605a47b
1984950.0,554508,python,[JIT],0x000074d16320f54b
1984950.0,554498,python,[JIT],0x00007a47e2ad60b9
1984947.0,554498,python,[JIT],0x00007a47e282d517
1984945.0,554572,python,[JIT],0x000071d3e605a143
1984945.0,554508,python,[JIT],0x000074d16322822e
1984943.0,554572,python,[JIT],0x000071d3e605b378
1984942.0,554572,python,[JIT],0x000071d3e60531fa
1984941.0,554508,python,[JIT],0x000074d163229134
1984940.0,554508,python,[JIT],0x000074d16322714e
1984937.0,554572,python,[JIT],0x000071d3e6059102
1984934.0,554572,python,[JIT],0x000071d3e604053b
1984933.0,554520,python,[JIT],0x00007bae98564261
1984932.0,554559,python,[JIT],0x000074472c08b70f
1984931.0,554559,python,[JIT],0x000074472c0a43ef
1984929.0,554532,python,[JIT],0x00007f3be24b30ad
1984925.0,554559,python,[JIT],0x000074472c095d37
1984923.0,554572,python,python,tuple_dealloc
1984923.0,554572,python,[JIT],0x000071d3e604021b
1984922.0,554508,python,[JIT],0x000074d1632272a9
1984921.0,554508,python,[JIT],0x000074d163228261
1984914.0,554572,python,[JIT],0x000071d3e6040124
1984914.0,554559,python,[JIT],0x000074472c934697
1984909.0,554532,python,[JIT],0x00007f3be2d6542a
1984909.0,554498,python,[JIT],0x00007a47e283ba08
1984907.0,554508,python,[JIT],0x000074d16321a8e7
1984906.0,554559,python,[JIT],0x000074472c93424a
1984906.0,554559,python,[JIT],0x000074472c9342f7
1984904.0,554572,python,[JIT],0x000071d3e605a697
1984904.0,554559,python,[JIT],0x000074472c93446e
1984903.0,554532,python,[JIT],0x00007f3be2d650fd
1984902.0,554520,python,[JIT],0x00007bae98564293
1984901.0,554532,python,[JIT],0x00007f3be24adcc5
1984894.0,554532,python,[JIT],0x00007f3be2ceb0dc
1984892.0,554532,python,[JIT],0x00007f3be2d65060
1984888.0,554572,python,[JIT],0x000071d3e60590f1
1984886.0,554559,python,[JIT],0x000074472c9352c7
1984886.0,554508,python,[JIT],0x000074d163229645
1984885.0,554572,python,[JIT],0x000071d3e605a517
1984885.0,554520,python,[JIT],0x00007bae985660a9
1984885.0,554508,python,[JIT],0x000074d16320f26b
1984884.0,554559,python,[JIT],0x000074472c08e5b1
1984882.0,554559,python,[JIT],0x000074472c08c900
1984881.0,554498,python,[JIT],0x00007a47e2846468
1984880.0,554508,python,[JIT],0x000074d1632193d0
1984880.0,554508,python,[JIT],0x000074d16320f0dc
1984879.0,554508,python,[JIT],0x000074d1634c32e7
1984874.0,554532,python,[JIT],0x00007f3be2d6512d
1984871.0,554559,python,[JIT],0x000074472c098d7b
1984870.0,554572,python,[JIT],0x000071d3e60532a9
1984868.0,554498,python,[JIT],0x00007a47e2ad734c
1984867.0,554520,python,[JIT],0x00007bae9856643c
1984866.0,554508,python,[JIT],0x000074d163227102
1984862.0,554572,python,[JIT],0x000071d3e605b392
1984861.0,554559,python,[JIT],0x000074472c08d3a2
1984859.0,554520,python,[JIT],0x00007bae9856531a
1984858.0,554498,python,[JIT],0x00007a47e2ad73ce
1984857.0,554508,python,[JIT],0x000074d163216f0a
1984851.0,554508,python,[JIT],0x000074d16321d88c
1984848.0,554508,python,[JIT],0x000074d163213127
1984846.0,554559,python,[JIT],0x000074472c09534c
1984845.0,554532,python,[JIT],0x00007f3be24b7425
1984842.0,554532,python,[JIT],0x00007f3be2d65517
1984840.0,554532,python,[JIT],0x00007f3be24a9626
1984840.0,554508,python,[JIT],0x000074d1632282f3
1984835.0,554508,python,[JIT],0x000074d16321917f
1984834.0,554508,python,[JIT],0x000074d16321c654
1984834.0,554508,python,[JIT],0x000074d16321d1f2
1984833.0,554508,python,[JIT],0x000074d163210127
1984832.0,554559,python,[JIT],0x000074472c0962ad
1984828.0,554532,python,[JIT],0x00007f3be2d65265
1984825.0,554508,python,[JIT],0x000074d16322930b
1984824.0,554559,python,[JIT],0x000074472c934206
1984823.0,554572,python,[JIT],0x000071d3e6059293
1984822.0,554572,python,[JIT],0x000071d3e60530c7
1984821.0,554498,python,[JIT],0x00007a47e2835600
1984816.0,554498,python,[JIT],0x00007a47e282d221
1984813.0,554559,python,[JIT],0x000074472c095b33
1984809.0,554498,python,[JIT],0x00007a47e2ad611c
1984808.0,554559,python,[JIT],0x000074472c092299
1984807.0,554520,python,[JIT],0x00007bae985662d2
1984806.0,554559,python,[JIT],0x000074472c93450a
1984804.0,554508,python,[JIT],0x000074d16321978e
1984804.0,554508,python,[JIT],0x000074d1634c305c
1984803.0,554520,python,[JIT],0x00007bae985652c1
1984803.0,554559,python,[JIT],0x000074472c095f58
1984803.0,554559,python,[JIT],0x000074472c095fe3
1984803.0,554532,python,[JIT],0x00007f3be24b02a7
1984803.0,554508,python,[JIT],0x000074d16321a5e6
1984801.0,554532,python,[JIT],0x00007f3be2ceb468
1984801.0,554508,python,[JIT],0x000074d163212121
1984801.0,554508,python,[JIT],0x000074d1632144e0
1984801.0,554498,python,[JIT],0x00007a47e2ad7102
1984800.0,554572,python,[JIT],0x000071d3e605a5c2
1984798.0,554508,python,[JIT],0x000074d163219e5c
1984798.0,554498,python,[JIT],0x00007a47e2ad6227
1984797.0,554532,python,[JIT],0x00007f3be2ceb3ef
1984797.0,554508,python,[JIT],0x000074d163216c53
1984796.0,554508,python,[JIT],0x000074d163219dc1
1984796.0,554520,python,[JIT],0x00007bae985662ab
1984795.0,554532,python,[JIT],0x00007f3be24b3eb3
1984793.0,554508,python,[kernel.kallsyms],policy_nodemask
1984790.0,554532,python,[JIT],0x00007f3be24ac060
1984790.0,554532,python,[JIT],0x00007f3be2d660b3
1984786.0,554532,python,[JIT],0x00007f3be24b4244
1984784.0,554532,python,python,PyObject_Size
1984781.0,554559,python,[JIT],0x000074472c092e4d
1984778.0,554572,python,python,PySequence_Fast
1984778.0,554572,python,[JIT],0x000071d3e605a357
1984773.0,554532,python,[JIT],0x00007f3be24adbe0
1984773.0,554498,python,[JIT],0x00007a47e2ad7388
1984772.0,554545,python,[JIT],0x00007b13c67ebbc3
1984770.0,554532,python,[JIT],0x00007f3be24b73b6
1984770.0,554508,python,[JIT],0x000074d1632190c3
1984769.0,554508,python,[JIT],0x000074d16321337a
1984769.0,554508,python,[JIT],0x000074d163219ff2
1984767.0,554559,python,[JIT],0x000074472c0a30dc
1984765.0,554559,python,[JIT],0x000074472c08b143
1984764.0,554508,python,[JIT],0x000074d163216982
1984764.0,554520,python,[JIT],0x00007bae985653c1
1984763.0,554559,python,[JIT],0x000074472c0a4463
1984763.0,554532,python,[JIT],0x00007f3be24b7109
1984761.0,554572,python,[JIT],0x000071d3e605a6cc
1984761.0,554559,python,[JIT],0x000074472c0a434e
1984759.0,554559,python,[JIT],0x000074472c096678
1984758.0,554508,python,[JIT],0x000074d1632174c0
1984758.0,554508,python,[JIT],0x000074d16321c210
1984757.0,554572,python,[JIT],0x000071d3e6040492
1984757.0,554508,python,[JIT],0x000074d16321c398
1984754.0,554545,python,[JIT],0x00007b13c67ec459
1984752.0,554559,python,[JIT],0x000074472c0960a2
1984752.0,554498,python,[JIT],0x00007a47e283c0d4
1984751.0,554508,python,[JIT],0x000074d163219fb7
1984750.0,554532,python,[JIT],0x00007f3be24b73ef
1984749.0,554572,python,[JIT],0x000071d3e605a4a9
1984746.0,554532,python,[JIT],0x00007f3be24c120f
1984745.0,554532,python,[JIT],0x00007f3be2d66261
1984745.0,554508,python,[JIT],0x000074d1634c30b3
1984744.0,554572,python,[JIT],0x000071d3e604c1ad
1984744.0,554498,python,[kernel.kallsyms],hrtimer_update_next_event
1984743.0,554508,python,[JIT],0x000074d1632260a9
1984742.0,554508,python,[JIT],0x000074d163219f04
1984741.0,554508,python,[JIT],0x000074d1632270cb
1984741.0,554498,python,[JIT],0x00007a47e28388db
1984737.0,554508,python,[JIT],0x000074d163219aaf
1984737.0,554508,python,[JIT],0x000074d1634c32b6
1984736.0,554572,python,[JIT],0x000071d3e6053129
1984735.0,554498,python,[JIT],0x00007a47e283c3b6
1984733.0,554532,python,[JIT],0x00007f3be2d65735
1984731.0,554559,python,[JIT],0x000074472c092361
1984730.0,554559,python,[JIT],0x000074472c0932a9
1984729.0,554559,python,[JIT],0x000074472c0981a9
1984729.0,554520,python,[JIT],0x00007bae98565433
1984727.0,554532,python,[JIT],0x00007f3be2ceb497
1984727.0,554508,python,[JIT],0x000074d163219982
1984727.0,554498,python,[JIT],0x00007a47e2846396
1984723.0,554559,python,[JIT],0x000074472c0967cf
1984721.0,554532,python,[JIT],0x00007f3be24adbff
1984721.0,554508,python,[JIT],0x000074d16321a187
1984721.0,554508,python,[JIT],0x000074d16321d70f
1984720.0,554520,python,[JIT],0x00007bae985641e5
1984719.0,554498,python,[JIT],0x00007a47e283816e
1984717.0,554498,python,[JIT],0x00007a47e2839195
1984716.0,554498,python,[JIT],0x00007a47e2831a04
1984715.0,554508,python,[JIT],0x000074d163219778
1984713.0,554508,python,[JIT],0x000074d163219b22
1984711.0,554532,python,[JIT],0x00007f3be24b6f52
1984709.0,554508,python,[JIT],0x000074d16320f221
1984707.0,554559,python,[JIT],0x000074472c0987d8
1984707.0,554508,python,[JIT],0x000074d1632193dd
1984706.0,554508,python,[JIT],0x000074d16322920e
1984704.0,554508,python,python,memmove@plt
1984702.0,554572,python,[kernel.kallsyms],__sysvec_apic_timer_interrupt
1984700.0,554559,python,[JIT],0x000074472c0964f2
1984699.0,554498,python,[JIT],0x00007a47e283b329
1984698.0,554520,python,[JIT],0x00007bae98560783
1984698.0,554559,python,[JIT],0x000074472c9345c8
1984697.0,554508,python,[JIT],0x000074d163219923
1984694.0,554520,python,[JIT],0x00007bae9855f1d7
1984694.0,554508,python,[JIT],0x000074d16321c4ea
1984693.0,554508,python,[JIT],0x000074d1632193af
1984692.0,554508,python,[JIT],0x000074d1632196e6
1984690.0,554559,python,[JIT],0x000074472c0989a9
1984689.0,554559,python,[JIT],0x000074472c09966e
1984689.0,554508,python,[JIT],0x000074d1632144f2
1984688.0,554559,python,[JIT],0x000074472c08b258
1984687.0,554532,python,[JIT],0x00007f3be24b407d
1984686.0,554532,python,[JIT],0x00007f3be24b3543
1984685.0,554545,python,[JIT],0x00007b13c67eb5d4
1984684.0,554508,python,[JIT],0x000074d16320f622
1984682.0,554572,python,[JIT],0x000071d3e60415a2
1984680.0,554559,python,[JIT],0x000074472c095c38
1984680.0,554532,python,[JIT],0x00007f3be24b3598
1984679.0,554508,python,[JIT],0x000074d163219be0
1984679.0,554498,python,[JIT],0x00007a47e2ad65cc
1984678.0,554559,python,[JIT],0x000074472c0959cd
1984676.0,554508,python,[JIT],0x000074d16321ca75
1984675.0,554559,python,[JIT],0x000074472c9350ce
1984674.0,554498,python,[JIT],0x00007a47e2834923
1984673.0,554559,python,libc.so.6,realloc
1984673.0,554508,python,[JIT],0x000074d16320f3a9
1984672.0,554559,python,[JIT],0x000074472c095fc3
1984672.0,554559,python,[JIT],0x000074472c09887f
1984672.0,554508,python,[JIT],0x000074d1632195d4
1984669.0,554559,python,[JIT],0x000074472c095973
1984667.0,554572,python,[JIT],0x000071d3e605a20e
1984667.0,554545,python,[JIT],0x00007b13c67eb629
1984665.0,554520,python,[JIT],0x00007bae985652f3
1984665.0,554508,python,[JIT],0x000074d163219bc3
1984665.0,554508,python,[JIT],0x000074d16321d382
1984665.0,554498,python,[JIT],0x00007a47e28310dc
1984661.0,554559,python,python,cfunction_vectorcall_FASTCALL
1984659.0,554508,python,[JIT],0x000074d1632139a4
1984657.0,554520,python,python,_PyUnicodeWriter_WriteASCIIString
1984657.0,554559,python,[JIT],0x000074472c098316
1984655.0,554559,python,[JIT],0x000074472c098546
1984653.0,554559,python,[JIT],0x000074472c08ff2e
1984652.0,554532,python,[JIT],0x00007f3be24ae07d
1984651.0,554559,python,[JIT],0x000074472c098154
1984650.0,554559,python,[JIT],0x000074472c08b50a
1984649.0,554559,python,[JIT],0x000074472c09976a
1984649.0,554498,python,[JIT],0x00007a47e2830121
1984648.0,554532,python,[JIT],0x00007f3be24b06ff
1984646.0,554559,python,[JIT],0x000074472c08b56c
1984645.0,554532,python,[JIT],0x00007f3be24be052
1984644.0,554559,python,[JIT],0x000074472c098eb3
1984644.0,554532,python,[JIT],0x00007f3be24b61a9
1984643.0,554559,python,[JIT],0x000074472c09844d
1984643.0,554508,python,[JIT],0x000074d163214282
1984643.0,554508,python,[JIT],0x000074d16321c3d4
1984643.0,554532,python,python,_PyJIT_Entry
1984641.0,554532,python,[JIT],0x00007f3be2ceb14e
1984641.0,554532,python,[JIT],0x00007f3be2d66204
1984640.0,554572,python,[JIT],0x000071d3e604e1ed
1984640.0,554532,python,[JIT],0x00007f3be24a9306
1984639.0,554508,python,[JIT],0x000074d16320f2d4
1984639.0,554498,python,[JIT],0x00007a47e282d6db
1984638.0,554498,python,[JIT],0x00007a47e282d686
1984637.0,554532,python,[JIT],0x00007f3be24ac2f2
1984636.0,554520,python,[JIT],0x00007bae985602c0
1984636.0,554559,python,[JIT],0x000074472c934292
1984636.0,554508,python,[JIT],0x000074d163219c9a
1984635.0,554498,python,[JIT],0x00007a47e2838bc7
1984634.0,554532,python,[JIT],0x00007f3be24b3f22
1984633.0,554520,python,[JIT],0x00007bae98566693
1984633.0,554532,python,[JIT],0x00007f3be2d660cb
1984633.0,554498,python,[JIT],0x00007a47e2ad63b9
1984632.0,554532,python,[JIT],0x00007f3be2d66120
1984631.0,554572,python,[JIT],0x000071d3e60432e8
1984630.0,554498,python,[JIT],0x00007a47e28389a4
1984629.0,554532,python,[JIT],0x00007f3be24b37c0
1984629.0,554508,python,[JIT],0x000074d1632197ef
1984628.0,554508,python,[JIT],0x000074d163219a9e
1984627.0,554498,python,[JIT],0x00007a47e2ad71e9
1984626.0,554532,python,[JIT],0x00007f3be24ae381
1984626.0,554532,python,[JIT],0x00007f3be2d6567e
1984625.0,554559,python,[JIT],0x000074472c0a42d5
1984624.0,554520,python,[JIT],0x00007bae985605a3
1984624.0,554520,python,[JIT],0x00007bae9855ccab
1984623.0,554572,python,[JIT],0x000071d3e604bc38
1984623.0,554508,python,[JIT],0x000074d16321d7e2
1984622.0,554572,python,[JIT],0x000071d3e604f2d6
1984622.0,554508,python,[JIT],0x000074d16321d11e
1984621.0,554532,python,[JIT],0x00007f3be24b77be
1984621.0,554498,python,[JIT],0x00007a47e2ad72df
1984620.0,554520,python,[JIT],0x00007bae98566747
1984619.0,554559,python,[JIT],0x000074472c098517
1984618.0,554532,python,[JIT],0x00007f3be2d656d2
1984618.0,554508,python,[JIT],0x000074d163216500
1984618.0,554508,python,[JIT],0x000074d16321c185
1984618.0,554498,python,[JIT],0x00007a47e2831b7b
1984617.0,554532,python,[JIT],0x00007f3be24c13c1
1984617.0,554532,python,[JIT],0x00007f3be24b0cc9
1984616.0,554532,python,[JIT],0x00007f3be24ac0ea
1984615.0,554572,python,[JIT],0x000071d3e604c117
1984615.0,554572,python,[JIT],0x000071d3e6059455
1984614.0,554508,python,[JIT],0x000074d163219ae3
1984613.0,554520,python,[JIT],0x00007bae98566654
1984613.0,554559,python,[JIT],0x000074472c09963c
1984613.0,554508,python,[JIT],0x000074d163213462
1984613.0,554498,python,[JIT],0x00007a47e2831139
1984612.0,554559,python,[JIT],0x000074472c099952
1984611.0,554520,python,[JIT],0x00007bae9855f980
1984610.0,554532,python,[JIT],0x00007f3be24b600a
1984609.0,554559,python,[JIT],0x000074472c0950ee
1984609.0,554559,python,[JIT],0x000074472c09977f
1984606.0,554559,python,[JIT],0x000074472c098d3f
1984606.0,554498,python,[JIT],0x00007a47e283b574
1984604.0,554572,python,[JIT],0x000071d3e604f258
1984604.0,554508,python,[JIT],0x000074d16321c9f8
1984604.0,554498,python,[kernel.kallsyms],hrtimer_forward
1984603.0,554572,python,[JIT],0x000071d3e60412a0
1984603.0,554520,python,[JIT],0x00007bae98566649
1984602.0,554498,python,[JIT],0x00007a47e283410c
1984601.0,554559,python,[JIT],0x000074472c098b7a
1984601.0,554498,python,[JIT],0x00007a47e283b856
1984600.0,554532,python,[JIT],0x00007f3be24ac1eb
1984600.0,554532,python,[JIT],0x00007f3be24c12d6
1984598.0,554559,python,[JIT],0x000074472c095bfb
1984597.0,554559,python,[JIT],0x000074472c0986ab
1984597.0,554532,python,[JIT],0x00007f3be24ac268
1984597.0,554532,python,[JIT],0x00007f3be24b643e
1984596.0,554532,python,[JIT],0x00007f3be24b3aaf
1984596.0,554532,python,[JIT],0x00007f3be24b3b0c
1984596.0,554508,python,[JIT],0x000074d163217381
1984596.0,554508,python,[JIT],0x000074d1632270b9
1984594.0,554559,python,[JIT],0x000074472c095b0f
1984593.0,554559,python,[JIT],0x000074472c096b29
1984593.0,554572,python,[JIT],0x000071d3e604b34c
1984592.0,554532,python,[JIT],0x00007f3be24b680b
1984590.0,554559,python,[JIT],0x000074472c098a57
1984589.0,554508,python,[JIT],0x000074d1632103fa
1984587.0,554508,python,[JIT],0x000074d16321a593
1984587.0,554520,python,[JIT],0x00007bae98558e56
1984586.0,554532,python,[JIT],0x00007f3be24b67fa
1984585.0,554520,python,[JIT],0x00007bae985662eb
1984585.0,554559,python,[JIT],0x000074472c0981ed
1984584.0,554532,python,[JIT],0x00007f3be2d66224
1984584.0,554498,python,[JIT],0x00007a47e282d765
1984583.0,554498,python,[JIT],0x00007a47e282f2ea
1984582.0,554520,python,[JIT],0x00007bae985603c0
1984582.0,554532,python,[JIT],0x00007f3be24b418d
1984580.0,554498,python,[JIT],0x00007a47e28394a5
1984579.0,554520,python,[JIT],0x00007bae9855fd0a
1984579.0,554498,python,[JIT],0x00007a47e283b8db
1984578.0,554532,python,[JIT],0x00007f3be24b09f8
1984577.0,554559,python,[JIT],0x000074472c09901a
1984577.0,554532,python,[JIT],0x00007f3be2ceb27b
1984577.0,554498,python,[JIT],0x00007a47e2831210
1984575.0,554572,python,[JIT],0x000071d3e605913e
1984575.0,554520,python,[JIT],0x00007bae985670d2
1984575.0,554559,python,[JIT],0x000074472c09217f
1984575.0,554508,python,[JIT],0x000074d163213334
1984574.0,554532,python,[JIT],0x00007f3be24ad010
1984573.0,554559,python,[JIT],0x000074472c09608d
1984572.0,554559,python,libc.so.6,__strchr_avx2
1984572.0,554498,python,[JIT],0x00007a47e2831192
1984571.0,554508,python,[JIT],0x000074d163216280
1984570.0,554508,python,[JIT],0x000074d16320f1ff
1984570.0,554498,python,[JIT],0x00007a47e282d5e0
1984569.0,554572,python,[JIT],0x000071d3e604efa7
1984568.0,554559,python,[JIT],0x000074472c09536c
1984565.0,554520,python,[JIT],0x00007bae9855c2d9
1984565.0,554498,python,[JIT],0x00007a47e283c0aa
1984564.0,554508,python,[JIT],0x000074d16321cf2d
1984563.0,554572,python,[JIT],0x000071d3e605a2bd
1984563.0,554520,python,[JIT],0x00007bae9855cbfb
1984563.0,554532,python,[JIT],0x00007f3be24b4474
1984563.0,554508,python,libc.so.6,_int_malloc
1984563.0,554508,python,[JIT],0x000074d16321ccaf
1984561.0,554532,python,[JIT],0x00007f3be24be087
1984560.0,554508,python,[JIT],0x000074d16321a044
1984559.0,554572,python,python,memmove@plt
1984558.0,554572,python,[JIT],0x000071d3e6040488
1984557.0,554559,python,[JIT],0x000074472c0952f2
1984557.0,554559,python,[JIT],0x000074472c0951d6
1984557.0,554508,python,[JIT],0x000074d16321965c
1984556.0,554559,python,[JIT],0x000074472c08e5d5
1984556.0,554559,python,[JIT],0x000074472c095ff8
1984556.0,554532,python,[JIT],0x00007f3be2d6544a
1984554.0,554559,python,[JIT],0x000074472c08e3f9
1984553.0,554559,python,[kernel.kallsyms],perf_event_task_tick
1984552.0,554508,python,[JIT],0x000074d163219705
1984551.0,554559,python,[JIT],0x000074472c09988c
1984551.0,554532,python,[JIT],0x00007f3be24a96db
1984551.0,554532,python,[JIT],0x00007f3be24b38b7
1984551.0,554498,python,[JIT],0x00007a47e2838fa2
1984551.0,554498,python,[JIT],0x00007a47e283b114
1984550.0,554498,python,[JIT],0x00007a47e28390f1
1984547.0,554559,python,[JIT],0x000074472c08f0ea
1984547.0,554498,python,[JIT],0x00007a47e2830210
1984545.0,554559,python,[JIT],0x000074472c092d37
1984545.0,554532,python,[JIT],0x00007f3be24b7962
1984543.0,554508,python,[JIT],0x000074d16321982d
1984543.0,554508,python,[JIT],0x000074d1632177f8
1984542.0,554498,python,[JIT],0x00007a47e282d60d
1984541.0,554572,python,[JIT],0x000071d3e604bff2
1984541.0,554559,python,[JIT],0x000074472c092e7e
1984539.0,554572,python,[JIT],0x000071d3e604ba02
1984539.0,554532,python,[JIT],0x00007f3be24b77ae
1984538.0,554498,python,[JIT],0x00007a47e28322a9
1984537.0,554520,python,[JIT],0x00007bae9855c5c3
1984537.0,554559,python,[JIT],0x000074472c090678
1984537.0,554559,python,[JIT],0x000074472c098e51
1984537.0,554532,python,[JIT],0x00007f3be24b41a5
1984536.0,554545,python,[JIT],0x00007b13c67e33af
1984533.0,554532,python,[JIT],0x00007f3be24b72ab
1984532.0,554498,python,[JIT],0x00007a47e2830167
1984531.0,554572,python,[JIT],0x000071d3e60405c9
1984531.0,554532,python,[JIT],0x00007f3be24be0a9
1984530.0,554520,python,[JIT],0x00007bae98567102
1984528.0,554532,python,[JIT],0x00007f3be2d65604
1984525.0,554498,python,[JIT],0x00007a47e2ad642a
1984524.0,554520,python,[JIT],0x00007bae98555be9
1984524.0,554559,python,[JIT],0x000074472c08c87f
1984523.0,554508,python,[JIT],0x000074d16321c54e
1984523.0,554508,python,[JIT],0x000074d16321d801
1984521.0,554532,python,[JIT],0x00007f3be24b02b6
1984521.0,554532,python,[JIT],0x00007f3be2ceb22e
1984520.0,554498,python,[JIT],0x00007a47e28391a5
1984519.0,554508,python,[JIT],0x000074d163214788
1984518.0,554559,python,[JIT],0x000074472c099049
1984515.0,554572,python,[JIT],0x000071d3e604026f
1984515.0,554559,python,[JIT],0x000074472c09210c
1984514.0,554532,python,[JIT],0x00007f3be24b367b
1984513.0,554532,python,[JIT],0x00007f3be24be010
1984513.0,554508,python,[JIT],0x000074d16321350e
1984512.0,554508,python,[JIT],0x000074d1632198db
1984512.0,554520,python,[JIT],0x00007bae9855ca9e
1984511.0,554532,python,[JIT],0x00007f3be24aaa04
1984511.0,554508,python,[JIT],0x000074d16321d429
1984511.0,554498,python,[JIT],0x00007a47e28300f1
1984509.0,554520,python,[JIT],0x00007bae9855f701
1984509.0,554559,python,[JIT],0x000074472c098c5f
1984508.0,554508,python,[JIT],0x000074d16321a41b
1984507.0,554508,python,[JIT],0x000074d163216149
1984507.0,554508,python,[JIT],0x000074d16321a36c
1984507.0,554532,python,[JIT],0x00007f3be24b4585
1984506.0,554508,python,[JIT],0x000074d16321cd7b
1984505.0,554532,python,[JIT],0x00007f3be24ac0a7
1984504.0,554508,python,[JIT],0x000074d16321353b
1984503.0,554532,python,[JIT],0x00007f3be24ae2ad
1984503.0,554498,python,[JIT],0x00007a47e283c952
1984502.0,554532,python,[JIT],0x00007f3be24ad201
1984498.0,554559,python,[JIT],0x000074472c098edf
1984498.0,554508,python,[JIT],0x000074d163219c80
1984498.0,554498,python,[JIT],0x00007a47e282d338
1984496.0,554532,python,[JIT],0x00007f3be24aa2a0
1984495.0,554520,python,[JIT],0x00007bae985584e3
1984494.0,554572,python,[JIT],0x000071d3e60457cf
1984494.0,554508,python,[JIT],0x000074d16321a017
1984493.0,554508,python,[JIT],0x000074d1632123d6
1984492.0,554572,python,[JIT],0x000071d3e604e46c
1984492.0,554520,python,libc.so.6,realloc
1984490.0,554559,python,[JIT],0x000074472c0922b6
1984490.0,554532,python,[JIT],0x00007f3be24aa873
1984490.0,554498,python,[JIT],0x00007a47e28324be
1984488.0,554559,python,[JIT],0x000074472c08ca04
1984487.0,554559,python,[JIT],0x000074472c09012f
1984487.0,554532,python,[JIT],0x00007f3be24ac830
1984487.0,554532,python,[JIT],0x00007f3be24b30dc
1984486.0,554559,python,[JIT],0x000074472c0a42a8
1984485.0,554572,python,[JIT],0x000071d3e604b1c0
1984485.0,554498,python,[JIT],0x00007a47e283b382
1984480.0,554498,python,[JIT],0x00007a47e2838c3f
1984478.0,554559,python,[JIT],0x000074472c08e268
1984478.0,554532,python,[JIT],0x00007f3be24b3748
1984477.0,554572,python,[JIT],0x000071d3e6041ff4
1984477.0,554520,python,[JIT],0x00007bae9856422e
1984477.0,554532,python,[JIT],0x00007f3be24b34b9
1984475.0,554572,python,[JIT],0x000071d3e604e45c
1984475.0,554498,python,[JIT],0x00007a47e28384d5
1984474.0,554520,python,python,set_lookkey
1984473.0,554508,python,[JIT],0x000074d1632162d5
1984473.0,554532,python,[JIT],0x00007f3be24b468f
1984472.0,554572,python,[JIT],0x000071d3e604216d
1984472.0,554508,python,[JIT],0x000074d163229270
1984471.0,554572,python,[JIT],0x000071d3e60431f9
1984471.0,554559,python,[JIT],0x000074472c095eba
1984471.0,554559,python,[JIT],0x000074472c098f2d
1984471.0,554498,python,[JIT],0x00007a47e283b93c
1984470.0,554572,python,[JIT],0x000071d3e605936c
1984470.0,554532,python,[JIT],0x00007f3be24b624e
1984470.0,554498,python,[JIT],0x00007a47e28383f9
1984469.0,554498,python,[JIT],0x00007a47e2ad729b
1984467.0,554572,python,[JIT],0x000071d3e604b3d6
1984467.0,554532,python,[JIT],0x00007f3be24b403a
1984467.0,554498,python,[JIT],0x00007a47e2838f93
1984466.0,554559,python,[JIT],0x000074472c09623a
1984465.0,554520,python,[JIT],0x00007bae98551473
1984465.0,554508,python,[JIT],0x000074d163213c9e
1984465.0,554545,python,[JIT],0x00007b13c67eb2c5
1984463.0,554520,python,[JIT],0x00007bae9855ff7a
1984463.0,554508,python,[JIT],0x000074d163219b61
1984462.0,554559,python,[JIT],0x000074472c095f7c
1984460.0,554559,python,[JIT],0x000074472c08b32b
1984460.0,554508,python,[JIT],0x000074d16320f5f6
1984460.0,554498,python,[JIT],0x00007a47e2838efc
1984458.0,554572,python,[JIT],0x000071d3e604b6e6
1984457.0,554572,python,[JIT],0x000071d3e60592f3
1984457.0,554498,python,[JIT],0x00007a47e282d53b
1984457.0,554498,python,[JIT],0x00007a47e28303ca
1984456.0,554520,python,[JIT],0x00007bae9855cee5
1984454.0,554498,python,[JIT],0x00007a47e28326ad
1984453.0,554572,python,[JIT],0x000071d3e604a068
1984453.0,554559,python,[JIT],0x000074472c095e4d
1984453.0,554559,python,[JIT],0x000074472c0a20ae
1984453.0,554532,python,[JIT],0x00007f3be24ac167
1984453.0,554498,python,[JIT],0x00007a47e28386dc
1984452.0,554559,python,[JIT],0x000074472c0907cf
1984452.0,554498,python,[JIT],0x00007a47e282e96b
1984450.0,554532,python,[JIT],0x00007f3be24a9488
1984450.0,554508,python,[JIT],0x000074d16321378e
1984450.0,554498,python,[JIT],0x00007a47e28305b1
1984449.0,554532,python,[JIT],0x00007f3be24b4670
1984449.0,554520,python,[JIT],0x00007bae98565333
1984449.0,554498,python,[JIT],0x00007a47e2838f58
1984448.0,554498,python,[JIT],0x00007a47e283186b
1984446.0,554559,python,[JIT],0x000074472c08e39d
1984444.0,554572,python,[JIT],0x000071d3e604b664
1984444.0,554559,python,[JIT],0x000074472c0a406a
1984444.0,554532,python,[JIT],0x00007f3be24b6cf7
1984442.0,554532,python,[JIT],0x00007f3be24b47d6
1984442.0,554498,python,python,dict_length
1984441.0,554532,python,[JIT],0x00007f3be24ae27e
1984440.0,554559,python,[JIT],0x000074472c08e11b
1984440.0,554520,python,[JIT],0x00007bae9855886b
1984438.0,554520,python,[JIT],0x00007bae98560217
1984437.0,554532,python,[JIT],0x00007f3be24ac462
1984437.0,554498,python,[JIT],0x00007a47e2830459
1984436.0,554572,python,[JIT],0x000071d3e604c72b
1984436.0,554559,python,[JIT],0x000074472c095103
1984436.0,554508,python,[JIT],0x000074d16321478c
1984436.0,554498,python,[JIT],0x00007a47e2ad64b3
1984435.0,554532,python,[JIT],0x00007f3be24b78e9
1984434.0,554508,python,[JIT],0x000074d163210730
1984431.0,554572,python,[JIT],0x000071d3e604c04c
1984430.0,554498,python,[JIT],0x00007a47e28300f8
1984426.0,554572,python,python,PyMem_Realloc
1984426.0,554572,python,[JIT],0x000071d3e6040143
1984424.0,554572,python,[JIT],0x000071d3e604bfea
1984423.0,554520,python,[JIT],0x00007bae985544c3
1984423.0,554520,python,[JIT],0x00007bae9856413e
1984423.0,554532,python,[JIT],0x00007f3be24b694b
1984422.0,554572,python,[JIT],0x000071d3e604e932
1984422.0,554508,python,[JIT],0x000074d16321c921
1984422.0,554508,python,[JIT],0x000074d16321d3ef
1984421.0,554498,python,[JIT],0x00007a47e283bb9c
1984420.0,554508,python,[kernel.kallsyms],__mod_node_page_state
1984419.0,554532,python,[JIT],0x00007f3be24b710f
1984418.0,554520,python,[JIT],0x00007bae9855cf3e
1984416.0,554508,python,[JIT],0x000074d163216d18
1984415.0,554508,python,[JIT],0x000074d1632198b7
1984414.0,554520,python,[JIT],0x00007bae9855c103
1984413.0,554508,python,[JIT],0x000074d16321904c
1984412.0,554572,python,[JIT],0x000071d3e604f7f4
1984412.0,554498,python,[JIT],0x00007a47e283c13f
1984411.0,554498,python,[JIT],0x00007a47e2834f45
1984410.0,554559,python,[JIT],0x000074472c09618d
1984409.0,554532,python,[JIT],0x00007f3be2d655c2
1984409.0,554498,python,[JIT],0x00007a47e2830361
1984408.0,554498,python,[JIT],0x00007a47e2838b30
1984407.0,554498,python,[JIT],0x00007a47e2838fa8
1984406.0,554520,python,[JIT],0x00007bae98552b37
1984404.0,554559,python,[JIT],0x000074472c099525
1984404.0,554532,python,[JIT],0x00007f3be24b37ef
1984402.0,554572,python,[JIT],0x000071d3e6040838
1984402.0,554498,python,[JIT],0x00007a47e283b0fb
1984401.0,554572,python,[JIT],0x000071d3e604c5e6
1984400.0,554520,python,[JIT],0x00007bae9855c748
1984400.0,554559,python,[JIT],0x000074472c0920dc
1984400.0,554508,python,[JIT],0x000074d16321a079
1984399.0,554508,python,[JIT],0x000074d16321ab4c
1984399.0,554498,python,[JIT],0x00007a47e28357f8
1984399.0,554498,python,[JIT],0x00007a47e2838f45
1984398.0,554559,python,[JIT],0x000074472c09922b
1984398.0,554520,python,[JIT],0x00007bae9855cd56
1984397.0,554572,python,[JIT],0x000071d3e6047500
1984397.0,554498,python,[JIT],0x00007a47e2831aca
1984396.0,554572,python,[JIT],0x000071d3e604c15a
1984395.0,554520,python,[JIT],0x00007bae98556068
1984395.0,554559,python,[JIT],0x000074472c08e127
1984395.0,554498,python,[JIT],0x00007a47e282e7b8
1984395.0,554498,python,[JIT],0x00007a47e28325c3
1984394.0,554508,python,[JIT],0x000074d16321d0aa
1984392.0,554508,python,[JIT],0x000074d163211380
1984391.0,554559,python,[JIT],0x000074472c0982be
1984390.0,554520,python,[JIT],0x00007bae98555547
1984390.0,554498,python,[JIT],0x00007a47e28383f1
1984390.0,554498,python,[JIT],0x00007a47e2838f84
1984389.0,554498,python,[JIT],0x00007a47e2839489
1984389.0,554498,python,[JIT],0x00007a47e283c80b
1984388.0,554520,python,[JIT],0x00007bae9855ffd8
1984387.0,554572,python,[JIT],0x000071d3e604bf0c
1984387.0,554508,python,[JIT],0x000074d163219e3b
1984385.0,554559,python,[JIT],0x000074472c08f9fc
1984385.0,554532,python,[JIT],0x00007f3be24b33f9
1984384.0,554532,python,[JIT],0x00007f3be24b6690
1984384.0,554508,python,[JIT],0x000074d16321a3ba
1984383.0,554520,python,[JIT],0x00007bae9855c67b
1984383.0,554559,python,[JIT],0x000074472c093244
1984383.0,554559,python,[JIT],0x000074472c09539d
1984382.0,554572,python,[JIT],0x000071d3e6040800
1984382.0,554520,python,[JIT],0x00007bae9855b00a
1984380.0,554559,python,[JIT],0x000074472c0980b3
1984380.0,554532,python,[JIT],0x00007f3be24a9771
1984380.0,554498,python,[JIT],0x00007a47e2838b70
1984379.0,554520,python,[JIT],0x00007bae98552ba2
1984379.0,554520,python,[JIT],0x00007bae9855fc2b
1984379.0,554508,python,[JIT],0x000074d16321cd7f
1984378.0,554532,python,[JIT],0x00007f3be24c12fa
1984378.0,554498,python,[JIT],0x00007a47e2834343
1984377.0,554572,python,[JIT],0x000071d3e604b8ce
1984376.0,554559,python,[JIT],0x000074472c09200a
1984376.0,554508,python,[kernel.kallsyms],pud_val
1984376.0,554498,python,[JIT],0x00007a47e283bea1
1984375.0,554508,python,[JIT],0x000074d1632197eb
1984374.0,554559,python,[JIT],0x000074472c0966ad
1984374.0,554508,python,[JIT],0x000074d16320f5ba
1984373.0,554559,python,[JIT],0x000074472c08c51d
1984372.0,554520,python,[JIT],0x00007bae98558224
1984372.0,554532,python,[JIT],0x00007f3be24c1369
1984371.0,554572,python,[JIT],0x000071d3e604b748
1984371.0,554520,python,[JIT],0x00007bae98560744
1984371.0,554532,python,[JIT],0x00007f3be24b73ef
1984370.0,554508,python,[JIT],0x000074d163213c6f
1984369.0,554559,python,[JIT],0x000074472c095459
1984368.0,554532,python,[JIT],0x00007f3be24ac0b9
1984368.0,554532,python,[JIT],0x00007f3be24b6750
1984367.0,554572,python,[JIT],0x000071d3e604b5a6
1984367.0,554572,python,[JIT],0x000071d3e604f4e4
1984366.0,554572,python,[JIT],0x000071d3e60433af
1984365.0,554572,python,[JIT],0x000071d3e604bb30
1984365.0,554572,python,[JIT],0x000071d3e604c678
1984365.0,554532,python,[JIT],0x00007f3be24ac3f1
1984365.0,554508,python,[JIT],0x000074d16322821e
1984365.0,554498,python,[JIT],0x00007a47e283ba75
1984364.0,554498,python,[JIT],0x00007a47e2834e08
1984363.0,554520,python,[JIT],0x00007bae9855c598
1984362.0,554520,python,[JIT],0x00007bae985520d6
1984362.0,554520,python,[JIT],0x00007bae9855f52c
1984362.0,554498,python,[JIT],0x00007a47e28312c5
1984362.0,554498,python,[JIT],0x00007a47e283b296
1984361.0,554572,python,[kernel.kallsyms],update_curr_se
1984360.0,554532,python,[JIT],0x00007f3be24ac2c5
1984358.0,554508,python,[JIT],0x000074d16321905c
1984357.0,554498,python,[JIT],0x00007a47e28384bd
1984356.0,554520,python,[JIT],0x00007bae98552206
1984356.0,554559,python,[JIT],0x000074472c08f703
1984354.0,554559,python,[JIT],0x000074472c0a2087
1984353.0,554508,python,[JIT],0x000074d163210206
1984353.0,554532,python,[JIT],0x00007f3be24b0462
1984353.0,554498,python,[JIT],0x00007a47e2831ecd
1984352.0,554572,python,[JIT],0x000071d3e60402d0
1984352.0,554498,python,[JIT],0x00007a47e28320f7
1984351.0,554498,python,[JIT],0x00007a47e283c318
1984349.0,554572,python,[JIT],0x000071d3e604b21c
1984348.0,554559,python,[JIT],0x000074472c09672b
1984348.0,554498,python,[JIT],0x00007a47e28327d6
1984347.0,554572,python,[JIT],0x000071d3e604b8df
1984347.0,554520,python,[JIT],0x00007bae9856655d
1984347.0,554520,python,[JIT],0x00007bae9856705c
1984347.0,554498,python,[JIT],0x00007a47e28344c3
1984346.0,554572,python,[JIT],0x000071d3e6044459
1984346.0,554520,python,[JIT],0x00007bae98558c8c
1984345.0,554532,python,[JIT],0x00007f3be24b647f
1984345.0,554508,python,[JIT],0x000074d1632199cd
1984345.0,554508,python,[JIT],0x000074d16321d44d
1984345.0,554520,python,[JIT],0x00007bae9855cd25
1984344.0,554572,python,[JIT],0x000071d3e604012f
1984343.0,554572,python,[JIT],0x000071d3e604c07d
1984342.0,554520,python,[JIT],0x00007bae9855c982
1984342.0,554545,python,[JIT],0x00007b13c67ec8be
1984340.0,554572,python,[JIT],0x000071d3e6040551
1984338.0,554572,python,[JIT],0x000071d3e60430dc
1984338.0,554520,python,[JIT],0x00007bae98558e08
1984338.0,554559,python,[JIT],0x000074472c08f5d4
1984338.0,554559,python,[JIT],0x000074472c098288
1984338.0,554508,python,[JIT],0x000074d163219f0a
1984338.0,554498,python,[JIT],0x00007a47e282f380
1984337.0,554520,python,[JIT],0x00007bae98556b64
1984336.0,554520,python,[JIT],0x00007bae9855161e
1984336.0,554559,python,[JIT],0x000074472c0937f8
1984336.0,554498,python,[JIT],0x00007a47e28391c6
1984335.0,554572,python,[JIT],0x000071d3e604ecaf
1984335.0,554498,python,[JIT],0x00007a47e283b176
1984333.0,554508,python,[JIT],0x000074d16321cca2
1984332.0,554559,python,[JIT],0x000074472c0960a8
1984332.0,554559,python,[JIT],0x000074472c0a4060
1984331.0,554572,python,[kernel.kallsyms],update_deadline
1984331.0,554559,python,python,method_vectorcall_VARARGS_KEYWORDS
1984330.0,554520,python,[JIT],0x00007bae9855f2ee
1984330.0,554532,python,[JIT],0x00007f3be24ac3d0
1984329.0,554520,python,[JIT],0x00007bae9855c109
1984329.0,554559,python,[JIT],0x000074472c08fbc3
1984329.0,554498,python,[JIT],0x00007a47e2838585
1984329.0,554498,python,[JIT],0x00007a47e283c8ca
1984328.0,554532,python,[JIT],0x00007f3be24b6d3f
1984328.0,554520,python,[JIT],0x00007bae98555cc9
1984327.0,554559,python,[kernel.kallsyms],__update_load_avg_cfs_rq
1984327.0,554508,python,[JIT],0x000074d16321420d
1984327.0,554498,python,[JIT],0x00007a47e282d114
1984326.0,554559,python,[JIT],0x000074472c095fbb
1984326.0,554520,python,[JIT],0x00007bae9855f4f8
1984326.0,554498,python,[JIT],0x00007a47e2832133
1984325.0,554498,python,[JIT],0x00007a47e283b6d8
1984324.0,554520,python,[JIT],0x00007bae9855c334
1984324.0,554498,python,[JIT],0x00007a47e2830299
1984323.0,554559,python,[JIT],0x000074472c08d1f7
1984323.0,554559,python,[JIT],0x000074472c095c80
1984323.0,554559,python,[JIT],0x000074472c0a40f1
1984323.0,554508,python,[JIT],0x000074d16321a3a9
1984322.0,554559,python,[JIT],0x000074472c095c9a
1984321.0,554572,python,[JIT],0x000071d3e6047003
1984319.0,554559,python,[JIT],0x000074472c096017
1984317.0,554572,python,[JIT],0x000071d3e604e4b4
1984317.0,554520,python,[JIT],0x00007bae98551510
1984317.0,554559,python,[JIT],0x000074472c0987b2
1984316.0,554572,python,[JIT],0x000071d3e604f829
1984316.0,554520,python,[JIT],0x00007bae9855c459
1984316.0,554520,python,[JIT],0x00007bae9855f96b
1984312.0,554520,python,[JIT],0x00007bae98555cab
1984310.0,554498,python,[JIT],0x00007a47e2838459
1984309.0,554520,python,[JIT],0x00007bae9855c4bd
1984309.0,554520,python,[JIT],0x00007bae9855cf72
1984307.0,554572,python,[JIT],0x000071d3e605b0a9
1984307.0,554559,python,[JIT],0x000074472c08f677
1984307.0,554545,python,[JIT],0x00007b13c67e331d
1984306.0,554532,python,python,_PyObject_MakeTpCall
1984305.0,554498,python,[JIT],0x00007a47e282ea04
1984305.0,554498,python,[JIT],0x00007a47e28311aa
1984304.0,554532,python,[JIT],0x00007f3be24b3ac8
1984303.0,554508,python,[JIT],0x000074d163210210
1984303.0,554498,python,[JIT],0x00007a47e283b2d0
1984302.0,554508,python,[JIT],0x000074d16321a2a0
1984301.0,554572,python,[JIT],0x000071d3e60479f4
1984301.0,554532,python,[JIT],0x00007f3be24b45d6
1984299.0,554572,python,[JIT],0x000071d3e6040258
1984299.0,554572,python,[JIT],0x000071d3e604e93c
1984299.0,554532,python,[JIT],0x00007f3be24b3ec6
1984295.0,554559,python,[JIT],0x000074472c099382
1984295.0,554532,python,[JIT],0x00007f3be24ab1dc
1984292.0,554508,python,[JIT],0x000074d1634c30dc
1984291.0,554572,python,[JIT],0x000071d3e604f762
1984291.0,554508,python,[JIT],0x000074d163212462
1984290.0,554520,python,[JIT],0x00007bae98551819
1984288.0,554498,python,[JIT],0x00007a47e282f198
1984287.0,554508,python,[JIT],0x000074d163213669
1984284.0,554508,python,[JIT],0x000074d1632125cd
1984284.0,554520,python,[JIT],0x00007bae9855f127
1984283.0,554545,python,[JIT],0x00007b13c67e4cc9
1984283.0,554520,python,[JIT],0x00007bae9855c923
1984279.0,554520,python,[JIT],0x00007bae98566221
1984278.0,554572,python,[JIT],0x000071d3e604f4c5
1984277.0,554572,python,[JIT],0x000071d3e6047919
1984277.0,554498,python,[JIT],0x00007a47e282ebe0
1984276.0,554520,python,[JIT],0x00007bae98551574
1984276.0,554520,python,[JIT],0x00007bae9855404c
1984276.0,554520,python,[JIT],0x00007bae985600dd
1984276.0,554532,python,[kernel.kallsyms],tick_program_event
1984274.0,554572,python,[JIT],0x000071d3e604b201
1984274.0,554572,python,[JIT],0x000071d3e604b38d
1984274.0,554532,python,[JIT],0x00007f3be24b1649
1984273.0,554498,python,[JIT],0x00007a47e283c1f2
1984271.0,554498,python,[JIT],0x00007a47e2832585
1984270.0,554572,python,[JIT],0x000071d3e604f525
1984269.0,554572,python,[JIT],0x000071d3e604bc8c
1984267.0,554520,python,[JIT],0x00007bae98553317
1984267.0,554508,python,[JIT],0x000074d16321d72a
1984266.0,554559,python,[JIT],0x000074472c0987c8
1984265.0,554572,python,[JIT],0x000071d3e604f109
1984265.0,554532,python,[JIT],0x00007f3be24b6296
1984264.0,554559,python,[JIT],0x000074472c093459
1984264.0,554545,python,[JIT],0x00007b13c67ec0b8
1984263.0,554520,python,[JIT],0x00007bae9856537d
1984263.0,554508,python,[JIT],0x000074d1632120b3
1984262.0,554508,python,[kernel.kallsyms],pfn_pte
1984261.0,554559,python,[JIT],0x000074472c08c31d
1984260.0,554508,python,[JIT],0x000074d163219d63
1984258.0,554498,python,[JIT],0x00007a47e282d323
1984257.0,554520,python,[JIT],0x00007bae9855f698
1984256.0,554520,python,[JIT],0x00007bae985552e8
1984256.0,554559,python,[JIT],0x000074472c08f121
1984256.0,554559,python,[JIT],0x000074472c09940e
1984256.0,554508,python,[JIT],0x000074d163213280
1984255.0,554532,python,[JIT],0x00007f3be24b440c
1984254.0,554532,python,python,memcpy@plt
1984253.0,554520,python,[JIT],0x00007bae9856646a
1984252.0,554532,python,[JIT],0x00007f3be24b7389
1984252.0,554498,python,[JIT],0x00007a47e28390e3
1984250.0,554520,python,[JIT],0x00007bae9855c55c
1984249.0,554559,python,[JIT],0x000074472c0989e7
1984249.0,554498,python,[JIT],0x00007a47e2831127
1984247.0,554520,python,[JIT],0x00007bae985665cc
1984247.0,554532,python,[JIT],0x00007f3be24b44e0
1984246.0,554498,python,[JIT],0x00007a47e283c367
1984245.0,554559,python,[JIT],0x000074472c092010
1984245.0,554498,python,[JIT],0x00007a47e2831299
1984244.0,554520,python,[JIT],0x00007bae9855811b
1984244.0,554520,python,[JIT],0x00007bae9855c2c5
1984243.0,554498,python,[JIT],0x00007a47e283b010
1984242.0,554520,python,[JIT],0x00007bae9855d481
1984242.0,554520,python,[JIT],0x00007bae985670ce
1984242.0,554520,python,[JIT],0x00007bae9855c36c
1984241.0,554520,python,[JIT],0x00007bae98567261
1984239.0,554572,python,[JIT],0x000071d3e60470ad
1984235.0,554572,python,[JIT],0x000071d3e60442f2
1984235.0,554520,python,[JIT],0x00007bae9855d266
1984233.0,554532,python,[JIT],0x00007f3be24b3fe3
1984231.0,554572,python,[JIT],0x000071d3e604e6c3
1984231.0,554508,python,[JIT],0x000074d16321a225
1984230.0,554559,python,[JIT],0x000074472c08fd08
1984230.0,554498,python,[JIT],0x00007a47e283c7be
1984229.0,554572,python,[JIT],0x000071d3e6044c53
1984228.0,554520,python,[JIT],0x00007bae9855d085
1984228.0,554520,python,[JIT],0x00007bae9855fb49
1984227.0,554572,python,[kernel.kallsyms],timerqueue_add
1984225.0,554532,python,[JIT],0x00007f3be24b3a04
1984224.0,554520,python,[JIT],0x00007bae98556094
1984224.0,554508,python,[JIT],0x000074d1632123dd
1984224.0,554520,python,[JIT],0x00007bae9855d144
1984223.0,554559,python,[JIT],0x000074472c09671f
1984223.0,554498,python,[JIT],0x00007a47e2ad72fa
1984222.0,554572,python,[JIT],0x000071d3e6041334
1984222.0,554532,python,[JIT],0x00007f3be24ac5b1
1984222.0,554508,python,[JIT],0x000074d163212010
1984221.0,554498,python,[JIT],0x00007a47e2838705
1984220.0,554572,python,[JIT],0x000071d3e6044157
1984220.0,554559,python,[JIT],0x000074472c098ce7
1984220.0,554532,python,[JIT],0x00007f3be2d66230
1984220.0,554498,python,[JIT],0x00007a47e283b690
1984217.0,554532,python,[JIT],0x00007f3be24b40a2
1984217.0,554498,python,[JIT],0x00007a47e2838b6b
1984216.0,554520,python,[JIT],0x00007bae9855ce38
1984216.0,554520,python,[JIT],0x00007bae9855f341
1984216.0,554520,python,[JIT],0x00007bae9856538c
1984216.0,554532,python,[JIT],0x00007f3be24b6db4
1984215.0,554532,python,[JIT],0x00007f3be24b6b9c
1984212.0,554520,python,[JIT],0x00007bae9855ceb3
1984211.0,554498,python,[JIT],0x00007a47e28394be
1984210.0,554520,python,[JIT],0x00007bae9855d4a5
1984209.0,554520,python,[JIT],0x00007bae9855d259
1984208.0,554559,python,[JIT],0x000074472c0954f9
1984206.0,554532,python,[JIT],0x00007f3be24ac233
1984206.0,554508,python,[JIT],0x000074d163213052
1984205.0,554520,python,[JIT],0x00007bae9855ccab
1984205.0,554520,python,[JIT],0x00007bae98566138
1984204.0,554572,python,[JIT],0x000071d3e604ecdd
1984204.0,554520,python,[JIT],0x00007bae9855fd83
1984204.0,554559,python,[JIT],0x000074472c098ccd
1984203.0,554572,python,[JIT],0x000071d3e60474d0
1984203.0,554520,python,[JIT],0x00007bae9855f2fe
1984200.0,554520,python,[JIT],0x00007bae9855c664
1984197.0,554572,python,[JIT],0x000071d3e604b804
1984197.0,554572,python,[JIT],0x000071d3e604e948
1984196.0,554572,python,[JIT],0x000071d3e604e0d2
1984196.0,554508,python,[JIT],0x000074d163212353
1984196.0,554498,python,[JIT],0x00007a47e2831923
1984196.0,554498,python,[JIT],0x00007a47e283b9f8
1984193.0,554559,python,[JIT],0x000074472c0983a7
1984193.0,554532,python,[JIT],0x00007f3be24b3459
1984192.0,554532,python,[JIT],0x00007f3be24b60dc
1984192.0,554498,python,[JIT],0x00007a47e2830220
1984191.0,554572,python,[JIT],0x000071d3e605920f
1984191.0,554520,python,[JIT],0x00007bae9855b052
1984191.0,554498,python,[JIT],0x00007a47e283175f
1984190.0,554572,python,[JIT],0x000071d3e604b04c
1984190.0,554559,python,[JIT],0x000074472c934636
1984190.0,554508,python,[JIT],0x000074d16321a481
1984186.0,554572,python,[JIT],0x000071d3e60432b6
1984185.0,554520,python,[JIT],0x00007bae98555e3b
1984185.0,554498,python,[JIT],0x00007a47e28395fd
1984184.0,554520,python,[JIT],0x00007bae9855c78e
1984183.0,554520,python,[JIT],0x00007bae98555ecd
1984182.0,554572,python,[JIT],0x000071d3e60405ce
1984182.0,554520,python,[JIT],0x00007bae985661fb
1984181.0,554559,python,[JIT],0x000074472c9350fd
1984179.0,554532,python,[JIT],0x00007f3be24b4788
1984179.0,554532,python,[JIT],0x00007f3be24b7224
1984179.0,554498,python,[JIT],0x00007a47e283b1c2
1984177.0,554498,python,[JIT],0x00007a47e2839187
1984175.0,554572,python,[JIT],0x000071d3e6048171
1984174.0,554532,python,[JIT],0x00007f3be24b6856
1984174.0,554498,python,[JIT],0x00007a47e2ad63a6
1984173.0,554520,python,[JIT],0x00007bae9855c4eb
1984171.0,554572,python,[JIT],0x000071d3e604be62
1984171.0,554532,python,[JIT],0x00007f3be24ad82d
1984169.0,554520,python,[JIT],0x00007bae985543af
1984168.0,554572,python,[JIT],0x000071d3e604f8a7
1984168.0,554520,python,[JIT],0x00007bae98560100
1984167.0,554572,python,[JIT],0x000071d3e604187f
1984167.0,554572,python,[JIT],0x000071d3e6044c53
1984167.0,554520,python,[JIT],0x00007bae9855fcaf
1984166.0,554559,python,[JIT],0x000074472c08b34c
1984165.0,554572,python,[JIT],0x000071d3e604b3be
1984164.0,554559,python,[JIT],0x000074472c08c2a0
1984164.0,554520,python,[JIT],0x00007bae98554127
1984163.0,554498,python,[JIT],0x00007a47e282d1f1
1984163.0,554498,python,[JIT],0x00007a47e283bcbf
1984162.0,554559,python,[JIT],0x000074472c0a2076
1984161.0,554532,python,[JIT],0x00007f3be24ad121
1984161.0,554498,python,[JIT],0x00007a47e283915a
1984160.0,554498,python,[JIT],0x00007a47e2846497
1984157.0,554520,python,[JIT],0x00007bae98554224
1984155.0,554572,python,[JIT],0x000071d3e604ef69
1984154.0,554572,python,[JIT],0x000071d3e604e76e
1984152.0,554559,python,[JIT],0x000074472c08d062
1984152.0,554498,python,[JIT],0x00007a47e2832381
1984152.0,554498,python,[JIT],0x00007a47e2838ef0
1984151.0,554520,python,[JIT],0x00007bae98551565
1984151.0,554520,python,[JIT],0x00007bae9855c9fe
1984151.0,554498,python,[JIT],0x00007a47e2838f48
1984148.0,554508,python,[JIT],0x000074d16321c3a7
1984147.0,554520,python,[JIT],0x00007bae9855f517
1984146.0,554532,python,[JIT],0x00007f3be24b02c5
1984144.0,554572,python,[JIT],0x000071d3e604c0eb
1984144.0,554532,python,[JIT],0x00007f3be2d6638c
1984142.0,554520,python,[JIT],0x00007bae9855fcec
1984142.0,554520,python,[JIT],0x00007bae9855b087
1984141.0,554520,python,[JIT],0x00007bae9855f21b
1984141.0,554559,python,python,PyObject_VisitManagedDict
1984139.0,554520,python,libc.so.6,_int_malloc
1984136.0,554572,python,[JIT],0x000071d3e604ee84
1984136.0,554508,python,[JIT],0x000074d16321c4f8
1984136.0,554545,python,[JIT],0x00007b13c67ec649
1984134.0,554572,python,[JIT],0x000071d3e605a04c
1984134.0,554520,python,[JIT],0x00007bae98560036
1984133.0,554498,python,[JIT],0x00007a47e283b561
1984132.0,554572,python,[JIT],0x000071d3e604e88d
1984132.0,554572,python,[JIT],0x000071d3e6043114
1984131.0,554559,python,libc.so.6,_int_free
1984129.0,554508,python,[JIT],0x000074d16321675f
1984128.0,554508,python,[JIT],0x000074d163213948
1984124.0,554520,python,[JIT],0x00007bae9855d244
1984120.0,554520,python,[JIT],0x00007bae98555b33
1984120.0,554532,python,[JIT],0x00007f3be24adbbf
1984117.0,554572,python,[JIT],0x000071d3e604bf3e
1984117.0,554572,python,[JIT],0x000071d3e604ea75
1984116.0,554559,python,[JIT],0x000074472c0958f9
1984115.0,554559,python,[JIT],0x000074472c0937cf
1984114.0,554520,python,[JIT],0x00007bae9855d666
1984112.0,554498,python,[JIT],0x00007a47e2838060
1984110.0,554520,python,[JIT],0x00007bae9855caab
1984110.0,554532,python,[JIT],0x00007f3be24b3109
1984109.0,554572,python,[JIT],0x000071d3e604c481
1984109.0,554559,python,[kernel.kallsyms],task_tick_fair
1984107.0,554559,python,[JIT],0x000074472c096225
1984104.0,554520,python,[JIT],0x00007bae98559710
1984101.0,554572,python,[JIT],0x000071d3e6044a83
1984099.0,554508,python,[JIT],0x000074d163219000
1984097.0,554520,python,[JIT],0x00007bae98555919
1984096.0,554572,python,[JIT],0x000071d3e6041e2c
1984095.0,554572,python,[JIT],0x000071d3e604c1cb
1984095.0,554520,python,[JIT],0x00007bae9855f1fc
1984094.0,554520,python,[JIT],0x00007bae9855fb3a
1984094.0,554498,python,[JIT],0x00007a47e28347c4
1984092.0,554572,python,[JIT],0x000071d3e6044060
1984089.0,554520,python,[JIT],0x00007bae985540dc
1984089.0,554532,python,[JIT],0x00007f3be24b4740
1984086.0,554520,python,[JIT],0x00007bae9855f04c
1984085.0,554508,python,[JIT],0x000074d16321d224
1984082.0,554520,python,[JIT],0x00007bae9855fa08
1984080.0,554508,python,[JIT],0x000074d16321d049
1984080.0,554498,python,[JIT],0x00007a47e283520d
1984079.0,554498,python,[JIT],0x00007a47e28389fe
1984078.0,554572,python,[JIT],0x000071d3e604e524
1984078.0,554520,python,[JIT],0x00007bae9855c0ff
1984078.0,554508,python,[JIT],0x000074d16320f6f8
1984078.0,554508,python,[JIT],0x000074d163216ef0
1984072.0,554498,python,[JIT],0x00007a47e283c3ef
1984067.0,554508,python,python,method_vectorcall_VARARGS_KEYWORDS
1984066.0,554572,python,[JIT],0x000071d3e604e881
1984066.0,554520,python,[JIT],0x00007bae9855c3ff
1984065.0,554520,python,[JIT],0x00007bae985582f2
1984065.0,554520,python,[JIT],0x00007bae98564369
1984063.0,554559,python,[JIT],0x000074472c09602c
1984063.0,554508,python,[kernel.kallsyms],account_user_time
1984063.0,554498,python,[JIT],0x00007a47e2ad6307
1984062.0,554520,python,[JIT],0x00007bae985513c7
1984060.0,554572,python,[JIT],0x000071d3e6048474
1984059.0,554559,python,[JIT],0x000074472c095cc5
1984058.0,554520,python,[JIT],0x00007bae9855d68f
1984056.0,554520,python,[JIT],0x00007bae9855c778
1984056.0,554532,python,[JIT],0x00007f3be24b6329
1984055.0,554520,python,[JIT],0x00007bae9855f574
1984055.0,554508,python,[JIT],0x000074d1632124b9
1984054.0,554520,python,[JIT],0x00007bae985515fe
1984053.0,554520,python,[JIT],0x00007bae9855db3a
1984052.0,554572,python,[JIT],0x000071d3e604b87c
1984050.0,554572,python,[JIT],0x000071d3e604b103
1984050.0,554572,python,[JIT],0x000071d3e604f91d
1984050.0,554498,python,python,_PyObject_GetMethodStackRef
1984048.0,554572,python,[JIT],0x000071d3e604bed5
1984047.0,554520,python,[kernel.kallsyms],irq_enter_rcu
1984047.0,554559,python,[JIT],0x000074472c08b1f7
1984045.0,554559,python,[JIT],0x000074472c9342a8
1984043.0,554572,python,[JIT],0x000071d3e604c710
1984042.0,554572,python,[JIT],0x000071d3e604bb8e
1984037.0,554572,python,[JIT],0x000071d3e60422ea
1984037.0,554520,python,[JIT],0x00007bae9855fdd4
1984037.0,554532,python,[JIT],0x00007f3be24b0636
1984032.0,554520,python,[JIT],0x00007bae98551626
1984029.0,554559,python,[JIT],0x000074472c0962a9
1984028.0,554572,python,[JIT],0x000071d3e6041879
1984026.0,554559,python,[JIT],0x000074472c9345db
1984024.0,554559,python,[JIT],0x000074472c0a447b
1984023.0,554572,python,[JIT],0x000071d3e604b3f9
1984023.0,554572,python,[JIT],0x000071d3e604f76a
1984020.0,554572,python,libc.so.6,_int_free_merge_chunk
1984020.0,554498,python,[JIT],0x00007a47e283709c
1984018.0,554572,python,[JIT],0x000071d3e604b6da
1984016.0,554520,python,[JIT],0x00007bae985562ad
1984016.0,554520,python,[JIT],0x00007bae9856646e
1984016.0,554498,python,[JIT],0x00007a47e28303d0
1984015.0,554572,python,[JIT],0x000071d3e604c46e
1984015.0,554572,python,[JIT],0x000071d3e604f7be
1984013.0,554572,python,[JIT],0x000071d3e604b2e8
1984012.0,554559,python,[JIT],0x000074472c096666
1984010.0,554508,python,[JIT],0x000074d16321d0ba
1984009.0,554572,python,[JIT],0x000071d3e604be4d
1984008.0,554498,python,[JIT],0x00007a47e2838220
1984006.0,554572,python,[JIT],0x000071d3e604f783
1984003.0,554572,python,[JIT],0x000071d3e604e690
1984002.0,554559,python,[JIT],0x000074472c090638
1984001.0,554572,python,[JIT],0x000071d3e604bfae
1984001.0,554520,python,[JIT],0x00007bae9856421e
1983999.0,554520,python,[JIT],0x00007bae9855f06a
1983997.0,554532,python,[JIT],0x00007f3be2d66212
1983995.0,554572,python,[JIT],0x000071d3e604b601
1983994.0,554508,python,[JIT],0x000074d16321311b
1983989.0,554532,python,[JIT],0x00007f3be24ad0ce
1983988.0,554559,python,[JIT],0x000074472c08b5e0
1983987.0,554559,python,[JIT],0x000074472c095673
1983981.0,554572,python,[JIT],0x000071d3e604ea33
1983981.0,554572,python,[JIT],0x000071d3e604f36d
1983981.0,554532,python,[JIT],0x00007f3be24c13df
1983979.0,554520,python,[JIT],0x00007bae9855439d
1983979.0,554498,python,[JIT],0x00007a47e2ad735b
1983978.0,554498,python,[JIT],0x00007a47e283be3c
1983974.0,554532,python,[JIT],0x00007f3be24a9686
1983971.0,554498,python,[JIT],0x00007a47e28349fc
1983970.0,554498,python,[JIT],0x00007a47e2834218
1983969.0,554532,python,[kernel.kallsyms],irqentry_exit_to_user_mode
1983969.0,554508,python,[JIT],0x000074d16320f13e
1983968.0,554532,python,[JIT],0x00007f3be24b3ab5
1983967.0,554520,python,[JIT],0x00007bae9855ffc9
1983966.0,554532,python,[JIT],0x00007f3be24b33f5
1983965.0,554508,python,[JIT],0x000074d16321cf3d
1983965.0,554498,python,[JIT],0x00007a47e283c21e
1983963.0,554572,python,[JIT],0x000071d3e604b2c5
1983961.0,554559,python,[JIT],0x000074472c098489
1983961.0,554498,python,[JIT],0x00007a47e2830114
1983960.0,554572,python,[JIT],0x000071d3e60487cf
1983960.0,554572,python,[JIT],0x000071d3e604b1dd
1983960.0,554498,python,[JIT],0x00007a47e283006a
1983957.0,554498,python,[JIT],0x00007a47e2838b0f
1983955.0,554532,python,[JIT],0x00007f3be24ae593
1983954.0,554532,python,[JIT],0x00007f3be24b38ce
1983948.0,554572,python,[JIT],0x000071d3e604c8e4
1983947.0,554498,python,[JIT],0x00007a47e282d7a0
1983947.0,554498,python,[JIT],0x00007a47e2838673
1983943.0,554572,python,[JIT],0x000071d3e604bdd6
1983943.0,554520,python,[JIT],0x00007bae9855ce27
1983943.0,554508,python,[JIT],0x000074d16321c2b8
1983941.0,554532,python,[JIT],0x00007f3be24b3b22
1983940.0,554520,python,[JIT],0x00007bae98553012
1983938.0,554572,python,[JIT],0x000071d3e604e8f4
1983938.0,554498,python,[JIT],0x00007a47e283804c
1983937.0,554508,python,[JIT],0x000074d16322604c
1983935.0,554572,python,[JIT],0x000071d3e604be9e
1983932.0,554520,python,[JIT],0x00007bae9855d0af
1983927.0,554572,python,[JIT],0x000071d3e604c0b4
1983927.0,554520,python,[JIT],0x00007bae9855f7ec
1983927.0,554498,python,[JIT],0x00007a47e2831d56
1983924.0,554532,python,[JIT],0x00007f3be24b0734
1983923.0,554572,python,[JIT],0x000071d3e604e0fb
1983923.0,554520,python,[JIT],0x00007bae9855d4dd
1983922.0,554572,python,[JIT],0x000071d3e60402f7
1983922.0,554508,python,[JIT],0x000074d16321d76a
1983918.0,554520,python,[JIT],0x00007bae9855c94e
1983916.0,554532,python,[JIT],0x00007f3be2d6605c
1983916.0,554498,python,[JIT],0x00007a47e2838804
1983914.0,554572,python,[JIT],0x000071d3e604b533
1983914.0,554559,python,[JIT],0x000074472c098121
1983909.0,554559,python,[JIT],0x000074472c08b124
1983909.0,554559,python,[JIT],0x000074472c098ef8
1983908.0,554559,python,[JIT],0x000074472c08f175
1983906.0,554498,python,[JIT],0x00007a47e283c5f0
1983905.0,554572,python,[JIT],0x000071d3e604ba83
1983904.0,554559,python,[JIT],0x000074472c098590
1983904.0,554532,python,[JIT],0x00007f3be24b4137
1983903.0,554520,python,[JIT],0x00007bae9855f357
1983899.0,554572,python,[JIT],0x000071d3e604efc9
1983899.0,554498,python,[JIT],0x00007a47e28450f1
1983895.0,554532,python,[JIT],0x00007f3be24b3af9
1983894.0,554572,python,[JIT],0x000071d3e604b9b2
1983894.0,554520,python,[JIT],0x00007bae9855c992
1983886.0,554520,python,[JIT],0x00007bae9855d7cf
1983879.0,554520,python,[JIT],0x00007bae98555c6f
1983877.0,554520,python,[JIT],0x00007bae98560309
1983876.0,554532,python,[JIT],0x00007f3be24b62b8
1983874.0,554559,python,[JIT],0x000074472c08b643
1983873.0,554520,python,[JIT],0x00007bae98556459
1983873.0,554520,python,[JIT],0x00007bae9856513e
1983871.0,554572,python,[JIT],0x000071d3e604023b
1983867.0,554532,python,python,PyObject_SetAttr
1983863.0,554572,python,[JIT],0x000071d3e604bf61
1983861.0,554508,python,[JIT],0x000074d16321ab47
1983860.0,554520,python,[JIT],0x00007bae9855d17e
1983860.0,554498,python,[kernel.kallsyms],__hrtimer_run_queues
1983859.0,554498,python,[JIT],0x00007a47e282d3b9
1983855.0,554508,python,[JIT],0x000074d163227384
1983847.0,554572,python,[JIT],0x000071d3e604400a
1983847.0,554559,python,[JIT],0x000074472c099086
1983840.0,554572,python,[JIT],0x000071d3e6040499
1983837.0,554520,python,[JIT],0x00007bae9855cdb1
1983836.0,554572,python,[JIT],0x000071d3e604c068
1983833.0,554508,python,[JIT],0x000074d16321a4b4
1983833.0,554498,python,[JIT],0x00007a47e282d342
1983830.0,554520,python,[JIT],0x00007bae9855b04c
1983828.0,554572,python,[JIT],0x000071d3e6041127
1983828.0,554498,python,[JIT],0x00007a47e2844001
1983826.0,554559,python,python,type_is_gc
1983823.0,554508,python,[JIT],0x000074d16321a378
1983819.0,554498,python,[JIT],0x00007a47e2837010
1983815.0,554532,python,[kernel.kallsyms],policy_nodemask
1983813.0,554572,python,[JIT],0x000071d3e604410c
1983809.0,554520,python,[JIT],0x00007bae985652a8
1983799.0,554545,python,[JIT],0x00007b13c67ec38b
1983796.0,554508,python,[JIT],0x000074d16321237a
1983793.0,554572,python,[JIT],0x000071d3e60479f8
1983787.0,554572,python,[JIT],0x000071d3e6043167
1983787.0,554508,python,[JIT],0x000074d16320d00a
1983785.0,554520,python,[JIT],0x00007bae9855f8b0
1983783.0,554508,python,[JIT],0x000074d16321c341
1983782.0,554572,python,[JIT],0x000071d3e6044c49
1983782.0,554498,python,[JIT],0x00007a47e283b4f8
1983780.0,554572,python,[JIT],0x000071d3e6059052
1983780.0,554559,python,[JIT],0x000074472c09515f
1983780.0,554559,python,[JIT],0x000074472c0a3261
1983776.0,554498,python,[JIT],0x00007a47e2839085
1983775.0,554559,python,[kernel.kallsyms],irqentry_exit
1983774.0,554532,python,[JIT],0x00007f3be24a921d
1983770.0,554520,python,[JIT],0x00007bae98567392
1983770.0,554508,python,[JIT],0x000074d163219cc0
1983768.0,554508,python,[JIT],0x000074d163219703
1983765.0,554520,python,[JIT],0x00007bae9855d182
1983764.0,554559,python,[JIT],0x000074472c0a42cb
1983760.0,554532,python,[JIT],0x00007f3be24b6d9d
1983756.0,554545,python,[JIT],0x00007b13c67eb010
1983753.0,554498,python,[JIT],0x00007a47e2839032
1983749.0,554572,python,[JIT],0x000071d3e604020e
1983748.0,554532,python,[JIT],0x00007f3be24ac459
1983747.0,554508,python,[kernel.kallsyms],update_vsyscall
1983742.0,554508,python,[kernel.kallsyms],update_fast_timekeeper
1983740.0,554559,python,[JIT],0x000074472c08c5ae
1983738.0,554572,python,[JIT],0x000071d3e60592eb
1983736.0,554508,python,[JIT],0x000074d163219cc5
1983733.0,554559,python,[JIT],0x000074472c934645
1983730.0,554498,python,[JIT],0x00007a47e2ad7378
1983727.0,554559,python,[kernel.kallsyms],hrtimer_forward
1983726.0,554532,python,[JIT],0x00007f3be24b6f3d
1983725.0,554532,python,[JIT],0x00007f3be24a9052
1983718.0,554572,python,[JIT],0x000071d3e604bf5d
1983713.0,554572,python,[JIT],0x000071d3e605322e
1983708.0,554532,python,[JIT],0x00007f3be24ada9e
1983707.0,554545,python,[JIT],0x00007b13c67ebd25
1983703.0,554520,python,[kernel.kallsyms],hrtimer_interrupt
1983700.0,554520,python,[JIT],0x00007bae985550f8
1983699.0,554572,python,[JIT],0x000071d3e6048585
1983697.0,554508,python,[JIT],0x000074d163213210
1983690.0,554572,python,[JIT],0x000071d3e604c4a5
1983688.0,554520,python,[JIT],0x00007bae985670f1
1983688.0,554532,python,[JIT],0x00007f3be24b088c
1983687.0,554572,python,[kernel.kallsyms],read_tsc
1983683.0,554520,python,python,PySequence_Fast
1983679.0,554508,python,[JIT],0x000074d16321c9da
1983676.0,554559,python,[JIT],0x000074472c0992ab
1983676.0,554498,python,[JIT],0x00007a47e283b2ab
1983674.0,554520,python,[JIT],0x00007bae98551551
1983671.0,554520,python,[JIT],0x00007bae9855166e
1983669.0,554559,python,[JIT],0x000074472c08f6c9
1983667.0,554508,python,[JIT],0x000074d1632195c9
1983665.0,554559,python,[JIT],0x000074472c93435f
1983664.0,554559,python,[JIT],0x000074472c08ce5f
1983662.0,554508,python,[JIT],0x000074d1634c32a9
1983658.0,554572,python,[JIT],0x000071d3e6044334
1983657.0,554520,python,[JIT],0x00007bae9855c4cd
1983657.0,554520,python,[JIT],0x00007bae98566235
1983656.0,554532,python,[JIT],0x00007f3be24b696b
1983656.0,554508,python,[JIT],0x000074d163219fc3
1983655.0,554520,python,[JIT],0x00007bae985665f3
1983652.0,554508,python,[JIT],0x000074d16321a068
1983650.0,554520,python,[JIT],0x00007bae985564c0
1983649.0,554559,python,[JIT],0x000074472c08c206
1983649.0,554498,python,[JIT],0x00007a47e283b38c
1983646.0,554498,python,[JIT],0x00007a47e282e54e
1983644.0,554498,python,[JIT],0x00007a47e28395c3
1983642.0,554520,python,[JIT],0x00007bae98551838
1983642.0,554559,python,[JIT],0x000074472c08e00a
1983641.0,554559,python,[JIT],0x000074472c08c5a6
1983639.0,554559,python,[JIT],0x000074472c0932b5
1983638.0,554508,python,libc.so.6,malloc
1983637.0,554498,python,[JIT],0x00007a47e2832607
1983636.0,554498,python,[JIT],0x00007a47e28380c3
1983631.0,554559,python,[JIT],0x000074472c934401
1983624.0,554532,python,[JIT],0x00007f3be24b646c
1983623.0,554520,python,[JIT],0x00007bae985591ad
1983615.0,554520,python,[JIT],0x00007bae9855f65a
1983603.0,554572,python,[JIT],0x000071d3e604717f
1983600.0,554559,python,python,unicode_hash
1983595.0,554532,python,[JIT],0x00007f3be24b316e
1983592.0,554508,python,[JIT],0x000074d16321c77d
1983592.0,554498,python,[JIT],0x00007a47e28340c7
1983591.0,554532,python,[JIT],0x00007f3be2ceb293
1983591.0,554532,python,[JIT],0x00007f3be24b3c8f
1983588.0,554572,python,[JIT],0x000071d3e604b395
1983586.0,554508,python,[JIT],0x000074d16321a788
1983583.0,554508,python,[JIT],0x000074d163219f36
1983578.0,554532,python,[JIT],0x00007f3be2ceb23c
1983571.0,554532,python,[JIT],0x00007f3be24b44ba
1983566.0,554520,python,[JIT],0x00007bae98558bbf
1983565.0,554508,python,[JIT],0x000074d1632178e8
1983564.0,554545,python,[JIT],0x00007b13c67eb705
1983561.0,554498,python,[JIT],0x00007a47e28305a7
1983558.0,554532,python,[JIT],0x00007f3be24b351c
1983553.0,554572,python,[JIT],0x000071d3e605a658
1983546.0,554572,python,[JIT],0x000071d3e604ef89
1983545.0,554498,python,[JIT],0x00007a47e28387cc
1983541.0,554508,python,[JIT],0x000074d16321d16e
1983535.0,554520,python,[JIT],0x00007bae9855638b
1983535.0,554508,python,[JIT],0x000074d16320f574
1983534.0,554520,python,[JIT],0x00007bae98555598
1983532.0,554559,python,[kernel.kallsyms],__cgroup_account_cputime_field
1983532.0,554532,python,[JIT],0x00007f3be24a91cf
1983530.0,554520,python,python,subtype_traverse
1983529.0,554559,python,[JIT],0x000074472c934668
1983521.0,554520,python,[JIT],0x00007bae985672e7
1983518.0,554508,python,[JIT],0x000074d16321a77b
1983518.0,554498,python,[JIT],0x00007a47e283c4fd
1983512.0,554572,python,[JIT],0x000071d3e604b52b
1983508.0,554508,python,[JIT],0x000074d163219bff
1983505.0,554572,python,[JIT],0x000071d3e604bb7b
1983502.0,554559,python,[JIT],0x000074472c095585
1983494.0,554508,python,[JIT],0x000074d16322946e
1983492.0,554559,python,python,_PyObject_GetMethodStackRef
1983486.0,554532,python,[JIT],0x00007f3be24b40eb
1983486.0,554532,python,[JIT],0x00007f3be2ceb46e
1983483.0,554559,python,[JIT],0x000074472c098698
1983483.0,554545,python,[JIT],0x00007b13c67eb2f2
1983477.0,554559,python,[JIT],0x000074472c93534c
1983467.0,554520,python,[JIT],0x00007bae9855d4b8
1983460.0,554559,python,[JIT],0x000074472c9340a9
1983459.0,554559,python,[JIT],0x000074472c08b250
1983455.0,554520,python,[JIT],0x00007bae9855f650
1983448.0,554520,python,[JIT],0x00007bae9855482d
1983445.0,554532,python,[JIT],0x00007f3be24a9473
1983440.0,554520,python,[kernel.kallsyms],acct_account_cputime
1983434.0,554498,python,[JIT],0x00007a47e2839657
1983432.0,554559,python,[JIT],0x000074472c09565c
1983432.0,554532,python,[JIT],0x00007f3be2ceb1e5
1983419.0,554572,python,[JIT],0x000071d3e604c0a2
1983419.0,554520,python,[JIT],0x00007bae9855417f
1983418.0,554532,python,[JIT],0x00007f3be24a9574
1983414.0,554559,python,[JIT],0x000074472c08e5cd
1983410.0,554498,python,[JIT],0x00007a47e2838280
1983410.0,554498,python,[JIT],0x00007a47e2839068
1983408.0,554498,python,[JIT],0x00007a47e283c267
1983404.0,554572,python,[JIT],0x000071d3e6045b64
1983402.0,554508,python,[JIT],0x000074d16321952b
1983395.0,554572,python,[JIT],0x000071d3e60482ad
1983391.0,554572,python,[JIT],0x000071d3e60401d5
1983388.0,554572,python,[JIT],0x000071d3e604e9f8
1983388.0,554532,python,[JIT],0x00007f3be24bfd49
1983386.0,554532,python,[JIT],0x00007f3be24aa7fd
1983384.0,554572,python,[JIT],0x000071d3e604bd08
1983384.0,554508,python,[JIT],0x000074d16321d02f
1983379.0,554559,python,[JIT],0x000074472c0937cf
1983373.0,554520,python,[JIT],0x00007bae985580dc
1983371.0,554532,python,[JIT],0x00007f3be24a906a
1983368.0,554532,python,[JIT],0x00007f3be24bf459
1983365.0,554559,python,[JIT],0x000074472c0980dc
1983359.0,554508,python,[JIT],0x000074d16321f850
1983353.0,554498,python,python,PyObject_VisitManagedDict
1983346.0,554572,python,[JIT],0x000071d3e604be88
1983332.0,554532,python,[JIT],0x00007f3be24b3b7b
1983325.0,554498,python,[JIT],0x00007a47e283151c
1983321.0,554498,python,[JIT],0x00007a47e28313f1
1983315.0,554572,python,[JIT],0x000071d3e604b36c
1983314.0,554498,python,[JIT],0x00007a47e282d31a
1983313.0,554532,python,[JIT],0x00007f3be24b6e6d
1983311.0,554532,python,[JIT],0x00007f3be24b3a9e
1983295.0,554572,python,[JIT],0x000071d3e6044268
1983295.0,554572,python,[JIT],0x000071d3e604f63a
1983285.0,554572,python,[JIT],0x000071d3e604331d
1983278.0,554559,python,[JIT],0x000074472c098341
1983278.0,554559,python,[JIT],0x000074472c934572
1983268.0,554508,python,[JIT],0x000074d163219462
1983265.0,554559,python,[JIT],0x000074472c0954cd
1983265.0,554532,python,[JIT],0x00007f3be24adc6f
1983258.0,554572,python,[JIT],0x000071d3e6059468
1983256.0,554508,python,[JIT],0x000074d1632194cd
1983254.0,554532,python,[JIT],0x00007f3be24b441b
1983252.0,554520,python,[JIT],0x00007bae985672c5
1983247.0,554572,python,python,cfunction_vectorcall_FASTCALL
1983226.0,554572,python,[JIT],0x000071d3e604556b
1983225.0,554508,python,[JIT],0x000074d163213a9e
1983224.0,554532,python,[JIT],0x00007f3be2d6624c
1983219.0,554498,python,[JIT],0x00007a47e283bb2e
1983195.0,554532,python,[JIT],0x00007f3be24b6cec
1983188.0,554572,python,[JIT],0x000071d3e60453a9
1983188.0,554532,python,[JIT],0x00007f3be24a9143
1983186.0,554532,python,[JIT],0x00007f3be24ac3dd
1983185.0,554508,python,[JIT],0x000074d16321ca1d
1983184.0,554572,python,[JIT],0x000071d3e604c74e
1983178.0,554498,python,[JIT],0x00007a47e282d492
1983176.0,554559,python,[JIT],0x000074472c08b765
1983172.0,554559,python,[JIT],0x000074472c0960f1
1983170.0,554532,python,[JIT],0x00007f3be24b7329
1983170.0,554532,python,[JIT],0x00007f3be24bf777
1983160.0,554520,python,[JIT],0x00007bae9855c343
1983155.0,554559,python,[JIT],0x000074472c0934dd
1983152.0,554545,python,[JIT],0x00007b13c67eb343
1983151.0,554532,python,[JIT],0x00007f3be24b3103
1983151.0,554545,python,[JIT],0x00007b13c67ebe5a
1983149.0,554520,python,[JIT],0x00007bae9855c60a
1983144.0,554532,python,[JIT],0x00007f3be24a976c
1983143.0,554572,python,[JIT],0x000071d3e604e2ab
1983134.0,554572,python,[JIT],0x000071d3e605a2d2
1983129.0,554559,python,[JIT],0x000074472c095b8e
1983124.0,554508,python,[kernel.kallsyms],update_rq_clock
1983120.0,554520,python,[JIT],0x00007bae9855c8db
1983109.0,554520,python,[JIT],0x00007bae9855c705
1983108.0,554572,python,[JIT],0x000071d3e604f5e4
1983108.0,554559,python,[JIT],0x000074472c9350c3
1983107.0,554498,python,[JIT],0x00007a47e283217e
1983098.0,554559,python,[kernel.kallsyms],__alloc_pages
1983098.0,554520,python,[JIT],0x00007bae985552d5
1983096.0,554532,python,[JIT],0x00007f3be24b6b0e
1983089.0,554520,python,[JIT],0x00007bae9855d02c
1983081.0,554520,python,[JIT],0x00007bae9855c669
1983069.0,554532,python,[JIT],0x00007f3be24b62fe
1983066.0,554559,python,[JIT],0x000074472c095127
1983057.0,554498,python,[JIT],0x00007a47e2834cc0
1983045.0,554572,python,python,PyObject_GC_UnTrack
1983045.0,554559,python,[JIT],0x000074472c9353a5
1983043.0,554508,python,[JIT],0x000074d1632132d5
1983041.0,554508,python,[JIT],0x000074d16320f7a0
1983040.0,554508,python,[JIT],0x000074d1632283d2
1983028.0,554572,python,[JIT],0x000071d3e604beb3
1983023.0,554545,python,python,PyLong_FromSsize_t
1983019.0,554498,python,[JIT],0x00007a47e2838669
1983016.0,554532,python,[JIT],0x00007f3be2d6538c
1983014.0,554572,python,[JIT],0x000071d3e604502c
1983013.0,554572,python,[JIT],0x000071d3e604bb61
1983013.0,554498,python,[JIT],0x00007a47e283c621
1983011.0,554572,python,[JIT],0x000071d3e6045b67
1983004.0,554572,python,[JIT],0x000071d3e604e654
1982995.0,554532,python,[JIT],0x00007f3be2d65528
1982984.0,554532,python,[JIT],0x00007f3be24ade62
1982978.0,554508,python,[JIT],0x000074d163227315
1982976.0,554532,python,[JIT],0x00007f3be2ceb0c7
1982974.0,554572,python,[kernel.kallsyms],update_cfs_group
1982971.0,554572,python,[JIT],0x000071d3e604c799
1982964.0,554572,python,[JIT],0x000071d3e6047109
1982961.0,554572,python,[JIT],0x000071d3e6040756
1982958.0,554572,python,[JIT],0x000071d3e604b2d5
1982956.0,554559,python,[JIT],0x000074472c098f7a
1982949.0,554520,python,python,PyObject_CallOneArg
1982944.0,554559,python,[JIT],0x000074472c0981d7
1982937.0,554508,python,[JIT],0x000074d16321c176
1982935.0,554572,python,[JIT],0x000071d3e60400ad
1982920.0,554508,python,[JIT],0x000074d16322844d
1982914.0,554520,python,[JIT],0x00007bae9855f6c3
1982877.0,554508,python,[JIT],0x000074d1632164eb
1982873.0,554498,python,[JIT],0x00007a47e2834636
1982871.0,554498,python,[JIT],0x00007a47e283b0ab
1982853.0,554559,python,[JIT],0x000074472c09537a
1982837.0,554559,python,[JIT],0x000074472c08b530
1982833.0,554532,python,[JIT],0x00007f3be24b04c3
1982830.0,554508,python,[JIT],0x000074d16320f22d
1982828.0,554572,python,[JIT],0x000071d3e6044f4b
1982824.0,554559,python,[JIT],0x000074472c099036
1982824.0,554498,python,[kernel.kallsyms],__irq_exit_rcu
1982813.0,554559,python,[kernel.kallsyms],kthread_blkcg
1982812.0,554520,python,[JIT],0x00007bae98551258
1982812.0,554498,python,[JIT],0x00007a47e2ad6015
1982804.0,554559,python,[JIT],0x000074472c095a9b
1982802.0,554572,python,[JIT],0x000071d3e604e3ca
1982800.0,554559,python,[JIT],0x000074472c0988db
1982800.0,554532,python,[JIT],0x00007f3be24ad220
1982791.0,554498,python,[JIT],0x00007a47e2831b8e
1982789.0,554532,python,[JIT],0x00007f3be24b72fa
1982776.0,554572,python,[JIT],0x000071d3e6043060
1982774.0,554520,python,[JIT],0x00007bae98560109
1982763.0,554508,python,[JIT],0x000074d16321c114
1982758.0,554520,python,[JIT],0x00007bae98562459
1982753.0,554532,python,[JIT],0x00007f3be24a931a
1982752.0,554532,python,[JIT],0x00007f3be24b6cdd
1982744.0,554498,python,[JIT],0x00007a47e2845253
1982743.0,554572,python,[JIT],0x000071d3e604efde
1982740.0,554572,python,[JIT],0x000071d3e604ee1a
1982737.0,554498,python,[JIT],0x00007a47e283c390
1982733.0,554572,python,[JIT],0x000071d3e604bf2e
1982720.0,554572,python,[kernel.kallsyms],pte_offset_map_nolock
1982719.0,554498,python,[JIT],0x00007a47e2834280
1982710.0,554508,python,[JIT],0x000074d163219114
1982686.0,554532,python,[JIT],0x00007f3be24b6d8a
1982686.0,554508,python,[JIT],0x000074d163213598
1982682.0,554508,python,[JIT],0x000074d163229284
1982681.0,554520,python,[JIT],0x00007bae9855f540
1982679.0,554520,python,[JIT],0x00007bae9856436c
1982672.0,554520,python,[JIT],0x00007bae98554343
1982663.0,554498,python,[JIT],0x00007a47e28311eb
1982661.0,554520,python,[JIT],0x00007bae9855ff52
1982652.0,554498,python,[JIT],0x00007a47e28462a8
1982644.0,554572,python,[JIT],0x000071d3e605a44a
1982644.0,554498,python,[JIT],0x00007a47e2838ae3
1982643.0,554572,python,[JIT],0x000071d3e605b204
1982641.0,554520,python,[JIT],0x00007bae9855ca83
1982640.0,554559,python,[JIT],0x000074472c0a44f7
1982622.0,554520,python,[kernel.kallsyms],do_syscall_64
1982619.0,554520,python,[JIT],0x00007bae985513fc
1982611.0,554508,python,[JIT],0x000074d16321a07d
1982600.0,554572,python,[JIT],0x000071d3e604bbd3
1982600.0,554508,python,[JIT],0x000074d1632270dc
1982596.0,554508,python,[JIT],0x000074d1632295db
1982595.0,554520,python,[kernel.kallsyms],read_tsc
1982594.0,554498,python,[JIT],0x00007a47e2ad7230
1982592.0,554572,python,[JIT],0x000071d3e604058f
1982588.0,554520,python,[JIT],0x00007bae9855f3a7
1982579.0,554559,python,[JIT],0x000074472c0934f2
1982576.0,554532,python,[JIT],0x00007f3be24b385e
1982569.0,554559,python,[JIT],0x000074472c099209
1982569.0,554508,python,python,long_richcompare
1982561.0,554559,python,[JIT],0x000074472c08b843
1982546.0,554559,python,[JIT],0x000074472c0a42c1
1982544.0,554498,python,[JIT],0x00007a47e283bedf
1982541.0,554532,python,[JIT],0x00007f3be24b44a5
1982541.0,554532,python,[JIT],0x00007f3be24b6ff1
1982539.0,554572,python,[kernel.kallsyms],lru_add_fn
1982536.0,554559,python,[JIT],0x000074472c098165
1982534.0,554508,python,[JIT],0x000074d16321d904
1982531.0,554498,python,[JIT],0x00007a47e28352a9
1982520.0,554572,python,[JIT],0x000071d3e605b120
1982520.0,554520,python,[JIT],0x00007bae9855f7c8
1982519.0,554532,python,[JIT],0x00007f3be24a955d
1982500.0,554559,python,[JIT],0x000074472c090225
1982497.0,554498,python,[JIT],0x00007a47e283c201
1982493.0,554559,python,[JIT],0x000074472c095b0c
1982492.0,554572,python,[JIT],0x000071d3e604b201
1982484.0,554520,python,[JIT],0x00007bae985511cf
1982482.0,554532,python,[JIT],0x00007f3be24b3629
1982480.0,554520,python,[JIT],0x00007bae9855f856
1982478.0,554532,python,[JIT],0x00007f3be24ad233
1982469.0,554498,python,libc.so.6,unlink_chunk.isra.0
1982468.0,554520,python,[JIT],0x00007bae98558bc3
1982449.0,554498,python,[JIT],0x00007a47e2ad620c
1982445.0,554520,python,python,type_traverse
1982443.0,554559,python,[JIT],0x000074472c93523e
1982441.0,554498,python,[JIT],0x00007a47e284365c
1982436.0,554508,python,[JIT],0x000074d16321091c
1982435.0,554520,python,[JIT],0x00007bae985565b9
1982423.0,554532,python,[JIT],0x00007f3be24b68f4
1982419.0,554572,python,[JIT],0x000071d3e605a43c
1982410.0,554572,python,[JIT],0x000071d3e604c77b
1982406.0,554508,python,python,PyIter_Next
1982406.0,554508,python,[JIT],0x000074d1632106b9
1982400.0,554498,python,[JIT],0x00007a47e282d30d
1982396.0,554520,python,[JIT],0x00007bae9855c4d5
1982395.0,554498,python,[JIT],0x00007a47e28460fa
1982391.0,554572,python,[JIT],0x000071d3e60591e5
1982389.0,554498,python,[JIT],0x00007a47e2843f31
1982387.0,554559,python,[JIT],0x000074472c0a20a9
1982381.0,554532,python,python,PyObject_IS_GC
1982377.0,554498,python,[JIT],0x00007a47e283b04c
1982375.0,554572,python,[JIT],0x000071d3e605213d
1982359.0,554572,python,[JIT],0x000071d3e604b8ea
1982359.0,554532,python,[JIT],0x00007f3be24be09c
1982355.0,554508,python,[JIT],0x000074d16321a799
1982343.0,554520,python,python,_PyTuple_MaybeUntrack
1982336.0,554508,python,[JIT],0x000074d16321a8c8
1982332.0,554508,python,[JIT],0x000074d1632281e5
1982331.0,554498,python,[JIT],0x00007a47e283b30c
1982327.0,554508,python,[kernel.kallsyms],mas_empty_area_rev
1982308.0,554532,python,[JIT],0x00007f3be2d663ce
1982290.0,554572,python,[JIT],0x000071d3e605135c
1982288.0,554559,python,[JIT],0x000074472c08b60d
1982284.0,554572,python,[JIT],0x000071d3e60510ae
1982271.0,554520,python,[JIT],0x00007bae9855c1d6
1982267.0,554532,python,[JIT],0x00007f3be24b05a6
1982265.0,554532,python,[JIT],0x00007f3be24b3fb7
1982250.0,554559,python,[JIT],0x000074472c0a209c
1982238.0,554498,python,[JIT],0x00007a47e283c051
1982235.0,554532,python,[JIT],0x00007f3be24b7588
1982230.0,554520,python,[JIT],0x00007bae9855c524
1982226.0,554508,python,[JIT],0x000074d163229143
1982217.0,554559,python,[JIT],0x000074472c08f3dd
1982210.0,554572,python,[JIT],0x000071d3e604b6c9
1982207.0,554508,python,[JIT],0x000074d16321f7f6
1982197.0,554520,python,[kernel.kallsyms],kmem_cache_alloc
1982179.0,554559,python,[JIT],0x000074472c08e5a7
1982173.0,554559,python,[JIT],0x000074472c09b6bd
1982164.0,554532,python,[JIT],0x00007f3be24b404c
1982159.0,554520,python,[JIT],0x00007bae9855ff2d
1982150.0,554545,python,[JIT],0x00007b13c67e0114
1982145.0,554532,python,[JIT],0x00007f3be24b6489
1982141.0,554508,python,python,subtype_traverse
1982140.0,554520,python,[JIT],0x00007bae9855f9da
1982129.0,554520,python,[JIT],0x00007bae9855cb86
1982129.0,554498,python,[JIT],0x00007a47e2838ec6
1982123.0,554532,python,[JIT],0x00007f3be24a94bb
1982116.0,554508,python,[JIT],0x000074d16322977e
1982111.0,554559,python,[JIT],0x000074472c09b516
1982092.0,554532,python,[JIT],0x00007f3be2d65143
1982080.0,554532,python,[JIT],0x00007f3be24c01cd
1982077.0,554520,python,[JIT],0x00007bae9855d41b
1982072.0,554545,python,[kernel.kallsyms],kmem_cache_alloc
1982065.0,554520,python,[JIT],0x00007bae98562b8c
1982033.0,554498,python,[JIT],0x00007a47e2831cf1
1982017.0,554532,python,[JIT],0x00007f3be24c1384
1982017.0,554508,python,[JIT],0x000074d16322722e
1982012.0,554508,python,[JIT],0x000074d16321a353
1982010.0,554559,python,[JIT],0x000074472c098664
1981991.0,554498,python,[JIT],0x00007a47e282e738
1981990.0,554572,python,[JIT],0x000071d3e604bf8d
1981977.0,554498,python,[JIT],0x00007a47e2843801
1981976.0,554520,python,[JIT],0x00007bae9855fd65
1981964.0,554520,python,[JIT],0x00007bae9856527b
1981961.0,554559,python,[JIT],0x000074472c93455d
1981951.0,554532,python,python,PyIter_Next
1981949.0,554498,python,[JIT],0x00007a47e283b154
1981947.0,554508,python,[JIT],0x000074d16320f3dd
1981947.0,554508,python,[JIT],0x000074d1632122c5
1981938.0,554498,python,[JIT],0x00007a47e2838eac
1981936.0,554572,python,[JIT],0x000071d3e604eaca
1981935.0,554532,python,[JIT],0x00007f3be24a966e
1981934.0,554572,python,[JIT],0x000071d3e604b109
1981931.0,554520,python,[JIT],0x00007bae98566604
1981929.0,554498,python,libc.so.6,_int_free
1981920.0,554532,python,[JIT],0x00007f3be24c01ab
1981915.0,554532,python,[JIT],0x00007f3be24b3524
1981911.0,554508,python,[JIT],0x000074d16321f282
1981910.0,554532,python,[JIT],0x00007f3be24b447d
1981909.0,554508,python,python,PyErr_Occurred
1981884.0,554572,python,[JIT],0x000071d3e604bcae
1981863.0,554532,python,[JIT],0x00007f3be24b3d18
1981847.0,554532,python,[JIT],0x00007f3be24c1244
1981835.0,554559,python,[JIT],0x000074472c934536
1981832.0,554498,python,[JIT],0x00007a47e2834524
1981823.0,554572,python,[JIT],0x000071d3e605b23e
1981818.0,554572,python,[JIT],0x000071d3e604f597
1981804.0,554532,python,[JIT],0x00007f3be24b7318
1981793.0,554559,python,[JIT],0x000074472c0a3261
1981789.0,554532,python,[JIT],0x00007f3be2d652bd
1981785.0,554532,python,[JIT],0x00007f3be24b67b2
1981756.0,554508,python,[JIT],0x000074d163219d08
1981752.0,554520,python,[JIT],0x00007bae98562efc
1981751.0,554532,python,[JIT],0x00007f3be24bf427
1981747.0,554532,python,[JIT],0x00007f3be24c11e5
1981747.0,554508,python,[JIT],0x000074d1632294c6
1981743.0,554532,python,[JIT],0x00007f3be24b35a6
1981741.0,554520,python,[JIT],0x00007bae98554103
1981737.0,554498,python,[JIT],0x00007a47e28383d9
1981716.0,554572,python,[JIT],0x000071d3e604bab7
1981707.0,554508,python,[kernel.kallsyms],sched_clock_cpu
1981654.0,554532,python,[JIT],0x00007f3be24b6ffa
1981644.0,554559,python,[JIT],0x000074472c098a86
1981630.0,554559,python,[JIT],0x000074472c08e167
1981627.0,554532,python,[JIT],0x00007f3be24bf448
1981625.0,554520,python,[JIT],0x00007bae985521f8
1981619.0,554559,python,[JIT],0x000074472c096259
1981619.0,554520,python,python,memcpy@plt
1981597.0,554498,python,[JIT],0x00007a47e2843d5e
1981593.0,554559,python,[JIT],0x000074472c09c09e
1981583.0,554508,python,[JIT],0x000074d16321d31d
1981566.0,554572,python,[JIT],0x000071d3e6051113
1981563.0,554572,python,[JIT],0x000071d3e605934e
1981560.0,554508,python,[JIT],0x000074d163213459
1981557.0,554559,python,[JIT],0x000074472c098540
1981557.0,554508,python,[JIT],0x000074d163219cd5
1981524.0,554498,python,[JIT],0x00007a47e2843fec
1981516.0,554508,python,[JIT],0x000074d163219e88
1981516.0,554508,python,[JIT],0x000074d16321f195
1981508.0,554532,python,[JIT],0x00007f3be24b415a
1981506.0,554508,python,[JIT],0x000074d16320f63c
1981490.0,554572,python,[JIT],0x000071d3e6051deb
1981487.0,554508,python,[JIT],0x000074d16321a446
1981486.0,554498,python,[JIT],0x00007a47e283810c
1981485.0,554559,python,[JIT],0x000074472c09855c
1981482.0,554520,python,[JIT],0x00007bae98566428
1981476.0,554508,python,[JIT],0x000074d163219c83
1981473.0,554532,python,[JIT],0x00007f3be24b423a
1981465.0,554545,python,python,long_richcompare
1981464.0,554572,python,[JIT],0x000071d3e6040221
1981463.0,554559,python,[JIT],0x000074472c0954b9
1981463.0,554498,python,[JIT],0x00007a47e283c5c6
1981444.0,554559,python,[JIT],0x000074472c098eee
1981442.0,554559,python,[JIT],0x000074472c095965
1981442.0,554498,python,[JIT],0x00007a47e283c6d1
1981437.0,554520,python,[JIT],0x00007bae98558681
1981434.0,554559,python,[JIT],0x000074472c095734
1981410.0,554498,python,[JIT],0x00007a47e2843545
1981387.0,554520,python,python,slot_tp_call
1981364.0,554572,python,[JIT],0x000071d3e60519bd
1981332.0,554572,python,[JIT],0x000071d3e604cb29
1981329.0,554532,python,[JIT],0x00007f3be24c01b3
1981328.0,554520,python,[JIT],0x00007bae9855f862
1981328.0,554498,python,[JIT],0x00007a47e284402d
1981326.0,554520,python,[JIT],0x00007bae9856734c
1981324.0,554520,python,[JIT],0x00007bae985665f7
1981315.0,554572,python,[JIT],0x000071d3e60592a8
1981312.0,554532,python,[JIT],0x00007f3be24bf606
1981304.0,554498,python,[JIT],0x00007a47e282d0c7
1981303.0,554508,python,[JIT],0x000074d1632165f2
1981302.0,554498,python,[JIT],0x00007a47e282ecee
1981284.0,554532,python,[JIT],0x00007f3be24a92fe
1981282.0,554508,python,[JIT],0x000074d16321c165
1981271.0,554532,python,[JIT],0x00007f3be24a912f
1981269.0,554559,python,[JIT],0x000074472c08c5a2
1981261.0,554559,python,[JIT],0x000074472c0a4455
1981260.0,554532,python,[JIT],0x00007f3be24bf590
1981252.0,554498,python,[JIT],0x00007a47e283c11e
1981239.0,554520,python,[JIT],0x00007bae98562a7f
1981238.0,554498,python,[JIT],0x00007a47e282e8cf
1981232.0,554559,python,[JIT],0x000074472c09b9b5
1981220.0,554508,python,[JIT],0x000074d1632260ae
1981201.0,554520,python,[JIT],0x00007bae98562e5c
1981201.0,554559,python,[JIT],0x000074472c099720
1981197.0,554572,python,[JIT],0x000071d3e604baf6
1981180.0,554520,python,[kernel.kallsyms],__pte_offset_map
1981171.0,554545,python,[JIT],0x00007b13c67eb192
1981165.0,554532,python,[JIT],0x00007f3be24ac210
1981153.0,554572,python,python,set_traverse
1981153.0,554559,python,[JIT],0x000074472c095f36
1981146.0,554508,python,[JIT],0x000074d16321c47f
1981128.0,554498,python,[JIT],0x00007a47e28316c9
1981126.0,554559,python,[JIT],0x000074472c09b448
1981106.0,554498,python,[JIT],0x00007a47e2843e07
1981105.0,554532,python,[JIT],0x00007f3be24b64ea
1981100.0,554559,python,python,_PyObject_GC_New
1981097.0,554498,python,[JIT],0x00007a47e2843758
1981091.0,554532,python,[JIT],0x00007f3be24a91db
1981086.0,554572,python,[JIT],0x000071d3e6059244
1981048.0,554559,python,[kernel.kallsyms],rcu_sched_clock_irq
1981048.0,554508,python,[JIT],0x000074d16321a27e
1981047.0,554520,python,[JIT],0x00007bae985627f4
1981046.0,554572,python,python,PyObject_IS_GC
1981045.0,554508,python,[kernel.kallsyms],down_read_trylock
1981036.0,554498,python,[JIT],0x00007a47e2831673
1981033.0,554520,python,[kernel.kallsyms],free_unref_page_commit
1981032.0,554498,python,[JIT],0x00007a47e283971f
1981026.0,554498,python,[JIT],0x00007a47e2ad6674
1981017.0,554508,python,[JIT],0x000074d16320f31a
1981010.0,554559,python,[kernel.kallsyms],update_curr_se
1981007.0,554498,python,[JIT],0x00007a47e2843093
1980996.0,554532,python,[JIT],0x00007f3be24b334c
1980995.0,554520,python,[JIT],0x00007bae98566735
1980991.0,554498,python,[JIT],0x00007a47e2838157
1980981.0,554559,python,[JIT],0x000074472c08b83d
1980973.0,554520,python,[JIT],0x00007bae98556632
1980927.0,554498,python,[JIT],0x00007a47e2ad70b3
1980908.0,554520,python,[JIT],0x00007bae98551323
1980904.0,554520,python,[JIT],0x00007bae98566124
1980901.0,554520,python,[JIT],0x00007bae98552873
1980895.0,554559,python,[JIT],0x000074472c098329
1980893.0,554559,python,[JIT],0x000074472c095af9
1980893.0,554532,python,[JIT],0x00007f3be24b0343
1980878.0,554508,python,[JIT],0x000074d1632292bd
1980849.0,554508,python,[JIT],0x000074d16320f835
1980838.0,554520,python,[JIT],0x00007bae985670cb
1980837.0,554532,python,[JIT],0x00007f3be24bffc9
1980834.0,554498,python,[JIT],0x00007a47e283037a
1980832.0,554498,python,[JIT],0x00007a47e282d1f7
1980830.0,554498,python,[JIT],0x00007a47e2838b7b
1980816.0,554508,python,[JIT],0x000074d16321fde0
1980814.0,554559,python,[JIT],0x000074472c0990d9
1980811.0,554545,python,[kernel.kallsyms],release_pages
1980808.0,554498,python,[JIT],0x00007a47e282d5ba
1980788.0,554532,python,[JIT],0x00007f3be2d65645
1980776.0,554520,python,[JIT],0x00007bae9855f690
1980763.0,554559,python,[JIT],0x000074472c0982ee
1980746.0,554572,python,[JIT],0x000071d3e6045481
1980697.0,554520,python,python,_PyForIter_VirtualIteratorNext
1980688.0,554532,python,[JIT],0x00007f3be24a9800
1980686.0,554559,python,[JIT],0x000074472c0a446e
1980684.0,554520,python,[JIT],0x00007bae98562705
1980681.0,554508,python,[JIT],0x000074d16321f561
1980662.0,554559,python,[JIT],0x000074472c0a4102
1980657.0,554520,python,[JIT],0x00007bae9855156c
1980647.0,554508,python,[JIT],0x000074d16321f93f
1980642.0,554572,python,[JIT],0x000071d3e604e30c
1980625.0,554508,python,[kernel.kallsyms],__mem_cgroup_uncharge_list
1980622.0,554559,python,[JIT],0x000074472c09b083
1980616.0,554572,python,[JIT],0x000071d3e604be5a
1980596.0,554498,python,[JIT],0x00007a47e282e206
1980590.0,554532,python,[JIT],0x00007f3be24bf42f
1980580.0,554572,python,[JIT],0x000071d3e6051c8a
1980558.0,554508,python,[JIT],0x000074d16321fdde
1980553.0,554572,python,[JIT],0x000071d3e604bd37
1980541.0,554520,python,[JIT],0x00007bae9855cec0
1980526.0,554498,python,[JIT],0x00007a47e2838629
1980524.0,554508,python,[JIT],0x000074d163228433
1980524.0,554498,python,[JIT],0x00007a47e28314bd
1980521.0,554508,python,[JIT],0x000074d16321fe7e
1980520.0,554559,python,[JIT],0x000074472c09b8b3
1980508.0,554508,python,[JIT],0x000074d16321f954
1980507.0,554520,python,[JIT],0x00007bae98562e7c
1980495.0,554545,python,[JIT],0x00007b13c67e1a04
1980460.0,554520,python,[JIT],0x00007bae9856267a
1980457.0,554520,python,[JIT],0x00007bae9855cae3
1980447.0,554520,python,[JIT],0x00007bae9855fa1d
1980432.0,554572,python,[JIT],0x000071d3e604b3f1
1980426.0,554498,python,[JIT],0x00007a47e283b750
1980412.0,554572,python,[kernel.kallsyms],folio_add_new_anon_rmap
1980411.0,554559,python,[JIT],0x000074472c095e2b
1980411.0,554532,python,[JIT],0x00007f3be24b388c
1980409.0,554508,python,[JIT],0x000074d16321f7bb
1980394.0,554498,python,[JIT],0x00007a47e28462be
1980393.0,554498,python,[JIT],0x00007a47e283b96b
1980373.0,554520,python,python,dict_vectorcall
1980373.0,554508,python,python,PyObject_Vectorcall
1980366.0,554559,python,[JIT],0x000074472c09bbac
1980364.0,554520,python,[JIT],0x00007bae98565118
1980364.0,554532,python,[JIT],0x00007f3be2d655cc
1980330.0,554520,python,[JIT],0x00007bae9855c31d
1980319.0,554559,python,[JIT],0x000074472c08f2d5
1980314.0,554532,python,[JIT],0x00007f3be24bffb9
1980310.0,554508,python,[JIT],0x000074d16321faba
1980306.0,554508,python,[JIT],0x000074d163227052
1980303.0,554559,python,[JIT],0x000074472c098afe
1980275.0,554532,python,[JIT],0x00007f3be24bfbb6
1980274.0,554559,python,[JIT],0x000074472c08f06a
1980270.0,554508,python,[JIT],0x000074d16321f74d
1980246.0,554532,python,[JIT],0x00007f3be24b4378
1980224.0,554532,python,[JIT],0x00007f3be24b0220
1980222.0,554572,python,[JIT],0x000071d3e605127a
1980218.0,554520,python,[JIT],0x00007bae9855d01c
1980205.0,554520,python,[JIT],0x00007bae985622df
1980188.0,554572,python,[JIT],0x000071d3e604063c
1980183.0,554572,python,[JIT],0x000071d3e6051a29
1980175.0,554498,python,[JIT],0x00007a47e283c915
1980165.0,554559,python,python,PyObject_IS_GC
1980160.0,554508,python,[JIT],0x000074d16320f58f
1980155.0,554572,python,[JIT],0x000071d3e60487d6
1980154.0,554520,python,[JIT],0x00007bae985608bc
1980152.0,554498,python,[JIT],0x00007a47e283b417
1980150.0,554498,python,[JIT],0x00007a47e2843692
1980149.0,554559,python,python,tuple_dealloc
1980135.0,554532,python,[JIT],0x00007f3be24bfa79
1980126.0,554498,python,[JIT],0x00007a47e283b288
1980125.0,554572,python,[JIT],0x000071d3e6051e94
1980119.0,554508,python,[JIT],0x000074d16320f473
1980109.0,554508,python,python,PyObject_Free
1980105.0,554532,python,[JIT],0x00007f3be2d65599
1980096.0,554545,python,[JIT],0x00007b13c67e00ad
1980074.0,554572,python,[JIT],0x000071d3e6041e24
1980049.0,554559,python,[JIT],0x000074472c0993a1
1980044.0,554559,python,[JIT],0x000074472c0a321e
1980040.0,554572,python,[JIT],0x000071d3e6051ae2
1980029.0,554559,python,[JIT],0x000074472c09b629
1980022.0,554559,python,[JIT],0x000074472c08f0a9
1980002.0,554572,python,[JIT],0x000071d3e605b114
1980002.0,554508,python,[JIT],0x000074d16321617f
1979999.0,554520,python,[JIT],0x00007bae98566660
1979993.0,554559,python,[JIT],0x000074472c935360
1979977.0,554498,python,[JIT],0x00007a47e28345f2
1979974.0,554559,python,[JIT],0x000074472c095c53
1979937.0,554520,python,[kernel.kallsyms],access_error
1979930.0,554508,python,[JIT],0x000074d16321fcef
1979907.0,554520,python,[JIT],0x00007bae985629bd
1979906.0,554559,python,python,memset@plt
1979885.0,554572,python,[JIT],0x000071d3e60412c3
1979885.0,554508,python,[JIT],0x000074d1632194d0
1979877.0,554572,python,[JIT],0x000071d3e604e980
1979872.0,554508,python,[JIT],0x000074d1632295a3
1979870.0,554559,python,[JIT],0x000074472c096670
1979860.0,554520,python,[kernel.kallsyms],rb_next
1979853.0,554559,python,python,PyTuple_FromArray.part.0
1979843.0,554508,python,[JIT],0x000074d16321a01c
1979838.0,554498,python,[JIT],0x00007a47e282d4a7
1979811.0,554498,python,python,_PyFunction_Vectorcall
1979806.0,554532,python,[JIT],0x00007f3be24b03ff
1979790.0,554520,python,[kernel.kallsyms],_raw_spin_trylock
1979778.0,554498,python,[JIT],0x00007a47e2843cd6
1979772.0,554572,python,[JIT],0x000071d3e604b90a
1979772.0,554508,python,[JIT],0x000074d16321d66e
1979766.0,554545,python,python,cfunction_vectorcall_NOARGS
1979745.0,554508,python,[JIT],0x000074d1632193c5
1979720.0,554520,python,python,_PyType_GetDict
1979715.0,554532,python,[JIT],0x00007f3be24b35d4
1979706.0,554520,python,[JIT],0x00007bae98566296
1979705.0,554572,python,[JIT],0x000071d3e604bf45
1979702.0,554498,python,[JIT],0x00007a47e2839036
1979699.0,554520,python,[JIT],0x00007bae98566003
1979688.0,554572,python,[JIT],0x000071d3e60449a4
1979686.0,554572,python,[JIT],0x000071d3e6040138
1979668.0,554532,python,[JIT],0x00007f3be24aa2d7
1979650.0,554532,python,[JIT],0x00007f3be24b318e
1979649.0,554508,python,[JIT],0x000074d1632102a0
1979629.0,554532,python,[JIT],0x00007f3be24bf88e
1979625.0,554559,python,[JIT],0x000074472c095114
1979621.0,554545,python,[JIT],0x00007b13c67eb0ad
1979615.0,554520,python,[JIT],0x00007bae98562282
1979597.0,554508,python,[JIT],0x000074d16321987c
1979595.0,554508,python,[JIT],0x000074d16320f626
1979593.0,554559,python,[JIT],0x000074472c08f500
1979590.0,554572,python,[JIT],0x000071d3e6043003
1979589.0,554559,python,[JIT],0x000074472c098f69
1979582.0,554572,python,[JIT],0x000071d3e6040626
1979572.0,554572,python,[JIT],0x000071d3e60435a7
1979569.0,554498,python,[JIT],0x00007a47e28387ef
1979568.0,554520,python,[JIT],0x00007bae98558459
1979567.0,554532,python,[JIT],0x00007f3be24bffb6
1979528.0,554520,python,[JIT],0x00007bae98551695
1979521.0,554532,python,[JIT],0x00007f3be24b6e4b
1979520.0,554559,python,[JIT],0x000074472c08b5d7
1979514.0,554572,python,[JIT],0x000071d3e604b669
1979512.0,554520,python,[JIT],0x00007bae98555299
1979493.0,554559,python,[JIT],0x000074472c0964c0
1979491.0,554508,python,[kernel.kallsyms],irqentry_exit_to_user_mode
1979486.0,554520,python,[JIT],0x00007bae98566134
1979473.0,554498,python,[kernel.kallsyms],alloc_pages_mpol
1979464.0,554508,python,[JIT],0x000074d16320f62e
1979459.0,554520,python,[JIT],0x00007bae98551261
1979459.0,554498,python,[JIT],0x00007a47e2838915
1979452.0,554508,python,[JIT],0x000074d163219524
1979436.0,554508,python,python,set_add_entry_takeref
1979428.0,554532,python,[JIT],0x00007f3be24b41f1
1979426.0,554508,python,[JIT],0x000074d1632178fa
1979400.0,554532,python,python,_PyObject_Call_Prepend
1979391.0,554559,python,[JIT],0x000074472c08e0a7
1979390.0,554559,python,[JIT],0x000074472c93467e
1979381.0,554559,python,[JIT],0x000074472c09623a
1979375.0,554572,python,[JIT],0x000071d3e604c1b8
1979372.0,554520,python,[JIT],0x00007bae9855c000
1979354.0,554532,python,[JIT],0x00007f3be24b67ef
1979341.0,554572,python,[kernel.kallsyms],ntp_tick_length
1979341.0,554508,python,[JIT],0x000074d163219c8c
1979339.0,554508,python,[JIT],0x000074d16321fe00
1979313.0,554508,python,[JIT],0x000074d163219dfe
1979302.0,554559,python,python,initialize_locals
1979298.0,554508,python,[JIT],0x000074d16321c341
1979296.0,554508,python,[kernel.kallsyms],free_pcppages_bulk
1979286.0,554572,python,[JIT],0x000071d3e60520ce
1979282.0,554520,python,[JIT],0x00007bae98558395
1979279.0,554572,python,[JIT],0x000071d3e605a5b1
1979279.0,554520,python,[JIT],0x00007bae985623e6
1979276.0,554572,python,[JIT],0x000071d3e6053244
1979261.0,554520,python,[JIT],0x00007bae9855f4da
1979254.0,554572,python,python,PyObject_CallOneArg
1979252.0,554520,python,[JIT],0x00007bae98562543
1979250.0,554559,python,[JIT],0x000074472c09b04c
1979246.0,554572,python,[JIT],0x000071d3e604e1d7
1979228.0,554572,python,[JIT],0x000071d3e60511b0
1979218.0,554572,python,[JIT],0x000071d3e604e6a7
1979217.0,554498,python,[JIT],0x00007a47e2843d67
1979207.0,554520,python,[JIT],0x00007bae98562d5e
1979201.0,554520,python,[JIT],0x00007bae985564f2
1979194.0,554498,python,[JIT],0x00007a47e2839123
1979190.0,554508,python,[JIT],0x000074d163219f3e
1979185.0,554572,python,[JIT],0x000071d3e603a6aa
1979182.0,554559,python,[JIT],0x000074472c08e1d6
1979180.0,554572,python,[JIT],0x000071d3e604e0ad
1979176.0,554520,python,[kernel.kallsyms],_find_first_bit
1979172.0,554559,python,[JIT],0x000074472c08e36c
1979167.0,554532,python,[JIT],0x00007f3be24adb51
1979165.0,554498,python,[JIT],0x00007a47e2ad70ab
1979160.0,554498,python,[JIT],0x00007a47e283977e
1979145.0,554532,python,[JIT],0x00007f3be24b7636
1979139.0,554532,python,[JIT],0x00007f3be24b6fc9
1979129.0,554572,python,python,memcpy@plt
1979117.0,554498,python,[JIT],0x00007a47e283c8a7
1979116.0,554572,python,[JIT],0x000071d3e604ef2d
1979092.0,554520,python,[JIT],0x00007bae9856094b
1979062.0,554508,python,[JIT],0x000074d1632193a9
1979053.0,554559,python,[JIT],0x000074472c0993b6
1979051.0,554498,python,[JIT],0x00007a47e2839217
1979047.0,554532,python,[JIT],0x00007f3be24b0280
1979046.0,554559,python,[JIT],0x000074472c93504c
1979042.0,554559,python,[JIT],0x000074472c0a2010
1979037.0,554532,python,[JIT],0x00007f3be24a93c0
1979036.0,554508,python,[JIT],0x000074d16321388c
1979035.0,554532,python,[JIT],0x00007f3be24b7390
1979018.0,554572,python,[JIT],0x000071d3e6040052
1979018.0,554508,python,python,PyLong_FromSsize_t
1979017.0,554498,python,[JIT],0x00007a47e283b261
1978992.0,554508,python,[JIT],0x000074d163219334
1978969.0,554572,python,[JIT],0x000071d3e604e58c
1978966.0,554532,python,[JIT],0x00007f3be2d65420
1978959.0,554508,python,[JIT],0x000074d16321fd31
1978932.0,554572,python,[JIT],0x000071d3e60421f7
1978909.0,554498,python,[JIT],0x00007a47e283034c
1978897.0,554572,python,[JIT],0x000071d3e6047127
1978894.0,554498,python,[JIT],0x00007a47e283c91d
1978889.0,554572,python,[JIT],0x000071d3e604877b
1978879.0,554572,python,[JIT],0x000071d3e604b7a5
1978872.0,554572,python,[kernel.kallsyms],lru_gen_add_folio
1978862.0,554572,python,[JIT],0x000071d3e60454f2
1978859.0,554572,python,[kernel.kallsyms],kmem_cache_alloc
1978856.0,554559,python,[JIT],0x000074472c09b343
1978851.0,554572,python,[JIT],0x000071d3e605a735
1978843.0,554572,python,[JIT],0x000071d3e60516c7
1978838.0,554532,python,[JIT],0x00007f3be2d66297
1978833.0,554498,python,[JIT],0x00007a47e2ad7369
1978822.0,554572,python,[JIT],0x000071d3e6040695
1978817.0,554572,python,[JIT],0x000071d3e605200e
1978785.0,554508,python,python,subtype_traverse
1978776.0,554520,python,[JIT],0x00007bae98558c6f
1978775.0,554532,python,[JIT],0x00007f3be24bf343
1978762.0,554572,python,[JIT],0x000071d3e604b8ea
1978759.0,554508,python,[JIT],0x000074d16321c0ad
1978750.0,554520,python,[JIT],0x00007bae9855f11b
1978741.0,554572,python,[JIT],0x000071d3e604c368
1978741.0,554508,python,[JIT],0x000074d16320f052
1978729.0,554498,python,[JIT],0x00007a47e2845129
1978726.0,554520,python,python,PyLong_FromSsize_t
1978725.0,554572,python,python,unicode_from_format
1978718.0,554572,python,[JIT],0x000071d3e60400fd
1978712.0,554508,python,[JIT],0x000074d16321fb25
1978706.0,554559,python,[JIT],0x000074472c099273
1978683.0,554520,python,[JIT],0x00007bae98554220
1978659.0,554520,python,[kernel.kallsyms],__irq_exit_rcu
1978659.0,554520,python,[JIT],0x00007bae985515ba
1978658.0,554559,python,[JIT],0x000074472c08b819
1978655.0,554572,python,[JIT],0x000071d3e604c044
1978646.0,554545,python,[kernel.kallsyms],__mod_memcg_lruvec_state
1978638.0,554572,python,[JIT],0x000071d3e605a620
1978599.0,554572,python,[JIT],0x000071d3e60510b8
1978597.0,554520,python,[JIT],0x00007bae98554280
1978590.0,554572,python,[JIT],0x000071d3e604c4b8
1978589.0,554520,python,[JIT],0x00007bae9855c04c
1978581.0,554572,python,[JIT],0x000071d3e604e790
1978569.0,554532,python,[JIT],0x00007f3be24ad86b
1978546.0,554559,python,[JIT],0x000074472c095224
1978533.0,554559,python,[JIT],0x000074472c09bc75
1978522.0,554572,python,[JIT],0x000071d3e604bfc3
1978521.0,554572,python,[JIT],0x000071d3e604490a
1978492.0,554559,python,[JIT],0x000074472c09bb55
1978489.0,554572,python,[JIT],0x000071d3e6051749
1978485.0,554508,python,[JIT],0x000074d1634c32d3
1978464.0,554532,python,[kernel.kallsyms],lru_gen_del_folio.constprop.0
1978463.0,554572,python,[JIT],0x000071d3e6043127
1978460.0,554520,python,[kernel.kallsyms],perf_iterate_ctx
1978449.0,554532,python,python,PyLong_AsSsize_t
1978410.0,554559,python,[JIT],0x000074472c09bee4
1978395.0,554572,python,[JIT],0x000071d3e60521af
1978366.0,554508,python,[JIT],0x000074d163227129
1978358.0,554572,python,[JIT],0x000071d3e604e54e
1978357.0,554559,python,[JIT],0x000074472c0a313e
1978352.0,554508,python,[JIT],0x000074d16321a40c
1978346.0,554545,python,python,gallop_right
1978332.0,554572,python,[JIT],0x000071d3e6051155
1978294.0,554520,python,[JIT],0x00007bae98562a94
1978284.0,554559,python,[JIT],0x000074472c09b7eb
1978283.0,554508,python,[JIT],0x000074d16321f117
1978272.0,554572,python,[JIT],0x000071d3e6041e57
1978261.0,554520,python,[JIT],0x00007bae98562d56
1978227.0,554572,python,[JIT],0x000071d3e60479fc
1978226.0,554572,python,[JIT],0x000071d3e604c740
1978222.0,554508,python,[JIT],0x000074d163217b64
1978221.0,554508,python,[kernel.kallsyms],irq_exit_rcu
1978216.0,554498,python,[JIT],0x00007a47e283b698
1978170.0,554508,python,[JIT],0x000074d16321f552
1978170.0,554498,python,[JIT],0x00007a47e2843ce0
1978155.0,554545,python,python,PySequence_Fast
1978125.0,554572,python,[JIT],0x000071d3e6044c58
1978118.0,554520,python,[JIT],0x00007bae985514bb
1978039.0,554508,python,[JIT],0x000074d163229596
1978039.0,554498,python,[JIT],0x00007a47e283914d
1978029.0,554532,python,[JIT],0x00007f3be24b386b
1978016.0,554572,python,[JIT],0x000071d3e6051e5c
1978015.0,554520,python,[JIT],0x00007bae98564052
1977993.0,554532,python,[kernel.kallsyms],cpuacct_account_field
1977986.0,554572,python,python,long_richcompare
1977971.0,554508,python,[JIT],0x000074d16321ff07
1977956.0,554532,python,[JIT],0x00007f3be24ac1aa
1977948.0,554559,python,[JIT],0x000074472c09908a
1977933.0,554498,python,[JIT],0x00007a47e2830334
1977927.0,554498,python,[JIT],0x00007a47e28303ff
1977925.0,554532,python,[JIT],0x00007f3be24ae56b
1977890.0,554508,python,[JIT],0x000074d163220059
1977879.0,554520,python,[JIT],0x00007bae9855cfe3
1977876.0,554508,python,[JIT],0x000074d16321c20c
1977873.0,554508,python,[JIT],0x000074d16321a3a9
1977870.0,554508,python,[JIT],0x000074d16321f0b8
1977847.0,554572,python,[JIT],0x000071d3e604382d
1977829.0,554532,python,[JIT],0x00007f3be24c0046
1977803.0,554559,python,[JIT],0x000074472c098e51
1977774.0,554532,python,[JIT],0x00007f3be24bfe54
1977758.0,554559,python,[JIT],0x000074472c09ba29
1977709.0,554498,python,[JIT],0x00007a47e28453a1
1977692.0,554532,python,[JIT],0x00007f3be24ad11b
1977643.0,554508,python,[JIT],0x000074d16322921b
1977642.0,554559,python,[JIT],0x000074472c0a330b
1977640.0,554520,python,[JIT],0x00007bae9855f296
1977624.0,554508,python,[JIT],0x000074d16321768f
1977594.0,554545,python,python,PyNumber_Add
1977591.0,554572,python,[JIT],0x000071d3e6051338
1977578.0,554508,python,[JIT],0x000074d16320f3f6
1977563.0,554532,python,[JIT],0x00007f3be24b7051
1977536.0,554559,python,[kernel.kallsyms],folio_add_new_anon_rmap
1977526.0,554532,python,[JIT],0x00007f3be24bfa9c
1977502.0,554498,python,[kernel.kallsyms],hrtimer_active
1977473.0,554520,python,[JIT],0x00007bae98554060
1977462.0,554498,python,[JIT],0x00007a47e2834268
1977449.0,554508,python,[JIT],0x000074d16320f800
1977449.0,554545,python,[JIT],0x00007b13c67f33ca
1977421.0,554572,python,[JIT],0x000071d3e604f735
1977411.0,554559,python,[JIT],0x000074472c0a32e2
1977406.0,554559,python,[JIT],0x000074472c095064
1977398.0,554559,python,[JIT],0x000074472c092eba
1977391.0,554572,python,python,subtype_traverse
1977374.0,554520,python,[JIT],0x00007bae985665a3
1977365.0,554498,python,[JIT],0x00007a47e2843e92
1977348.0,554498,python,[JIT],0x00007a47e28310f1
1977337.0,554572,python,[JIT],0x000071d3e6044361
1977335.0,554532,python,[JIT],0x00007f3be24b31fe
1977322.0,554559,python,python,PyNumber_Add
1977313.0,554572,python,[JIT],0x000071d3e604c427
1977300.0,554532,python,[JIT],0x00007f3be24a91e9
1977278.0,554559,python,[JIT],0x000074472c095f93
1977272.0,554520,python,[kernel.kallsyms],__folio_throttle_swaprate
1977271.0,554498,python,[JIT],0x00007a47e28431da
1977252.0,554532,python,python,allocate_from_new_pool
1977242.0,554572,python,[JIT],0x000071d3e6041e3c
1977241.0,554508,python,[JIT],0x000074d16321d3b6
1977181.0,554532,python,[JIT],0x00007f3be24b32d5
1977144.0,554520,python,[JIT],0x00007bae98560390
1977106.0,554572,python,[JIT],0x000071d3e604be7e
1977099.0,554572,python,[JIT],0x000071d3e6040273
1977088.0,554559,python,[JIT],0x000074472c9352df
1977087.0,554572,python,[JIT],0x000071d3e604e7d8
1977084.0,554508,python,[JIT],0x000074d163212220
1977055.0,554559,python,[JIT],0x000074472c095220
1977037.0,554572,python,python,PyIter_Next
1977029.0,554559,python,[JIT],0x000074472c095524
1977021.0,554520,python,[JIT],0x00007bae98562636
1976986.0,554572,python,python,PyObject_Malloc
1976971.0,554559,python,[JIT],0x000074472c09b436
1976959.0,554572,python,[JIT],0x000071d3e604221a
1976948.0,554559,python,[JIT],0x000074472c0a200a
1976941.0,554498,python,[JIT],0x00007a47e282e9b2
1976922.0,554520,python,[JIT],0x00007bae98562db4
1976915.0,554572,python,[JIT],0x000071d3e605a45f
1976906.0,554532,python,[JIT],0x00007f3be24a9250
1976896.0,554572,python,[kernel.kallsyms],calc_global_load
1976891.0,554572,python,[JIT],0x000071d3e604eb59
1976862.0,554520,python,[JIT],0x00007bae985525ae
1976859.0,554532,python,[JIT],0x00007f3be24a947a
1976858.0,554572,python,[JIT],0x000071d3e60404eb
1976853.0,554508,python,[JIT],0x000074d16322813e
1976831.0,554520,python,[JIT],0x00007bae98562216
1976823.0,554559,python,[kernel.kallsyms],__rcu_read_lock
1976810.0,554572,python,[JIT],0x000071d3e60518e9
1976803.0,554508,python,[JIT],0x000074d16321f2cc
1976794.0,554508,python,python,PyType_GenericAlloc
1976786.0,554572,python,[JIT],0x000071d3e604b9cd
1976782.0,554572,python,[kernel.kallsyms],__count_memcg_events
1976770.0,554508,python,[JIT],0x000074d1632191aa
1976764.0,554572,python,python,memset@plt
1976750.0,554520,python,[JIT],0x00007bae9855151d
1976729.0,554520,python,[JIT],0x00007bae9855d144
1976719.0,554520,python,[JIT],0x00007bae9855810c
1976694.0,554498,python,[JIT],0x00007a47e28450ad
1976692.0,554520,python,[JIT],0x00007bae9856704c
1976688.0,554532,python,[JIT],0x00007f3be24b40a8
1976670.0,554532,python,[JIT],0x00007f3be2ceb47b
1976639.0,554508,python,[JIT],0x000074d1632201ab
1976637.0,554559,python,python,builtin_iter
1976636.0,554498,python,[kernel.kallsyms],timekeeping_advance
1976616.0,554559,python,[JIT],0x000074472c0992f4
1976564.0,554498,python,[JIT],0x00007a47e283b0ff
1976558.0,554508,python,[JIT],0x000074d1634c304c
1976542.0,554498,python,[JIT],0x00007a47e2ad60a9
1976538.0,554559,python,[JIT],0x000074472c09b99c
1976526.0,554559,python,[JIT],0x000074472c09b561
1976514.0,554532,python,[JIT],0x00007f3be24ad7b6
1976513.0,554498,python,[JIT],0x00007a47e2843dab
1976502.0,554572,python,[JIT],0x000071d3e604b064
1976500.0,554520,python,[JIT],0x00007bae985625f3
1976495.0,554498,python,[JIT],0x00007a47e28462b6
1976489.0,554520,python,[JIT],0x00007bae985553be
1976443.0,554508,python,[JIT],0x000074d16322910c
1976412.0,554572,python,[JIT],0x000071d3e605129a
1976402.0,554498,python,[JIT],0x00007a47e284308b
1976350.0,554559,python,[JIT],0x000074472c09b572
1976350.0,554498,python,[JIT],0x00007a47e282d812
1976346.0,554572,python,[JIT],0x000071d3e60532d6
1976336.0,554559,python,[JIT],0x000074472c934357
1976335.0,554520,python,[JIT],0x00007bae9855c157
1976334.0,554559,python,[JIT],0x000074472c0968e7
1976327.0,554559,python,[kernel.kallsyms],update_deadline
1976324.0,554508,python,[JIT],0x000074d1634c33c1
1976314.0,554532,python,[JIT],0x00007f3be24c12c5
1976292.0,554520,python,[JIT],0x00007bae985557c0
1976289.0,554508,python,[JIT],0x000074d163226052
1976282.0,554498,python,[JIT],0x00007a47e2838064
1976280.0,554508,python,[JIT],0x000074d16321f35c
1976266.0,554532,python,[kernel.kallsyms],update_vsyscall
1976252.0,554559,python,[JIT],0x000074472c095f84
1976250.0,554498,python,[JIT],0x00007a47e283b7fa
1976247.0,554508,python,[JIT],0x000074d16321fee4
1976232.0,554545,python,[JIT],0x00007b13c67eb39d
1976193.0,554520,python,python,method_get
1976192.0,554559,python,[JIT],0x000074472c095d7c
1976190.0,554508,python,[JIT],0x000074d163220061
1976131.0,554498,python,[JIT],0x00007a47e283bb80
1976128.0,554508,python,[JIT],0x000074d1632293cb
1976127.0,554572,python,[kernel.kallsyms],__mem_cgroup_charge
1976113.0,554532,python,[JIT],0x00007f3be24a94a7
1976099.0,554532,python,[JIT],0x00007f3be24ad3f1
1976091.0,554520,python,[JIT],0x00007bae98562268
1976078.0,554532,python,[kernel.kallsyms],timekeeping_update
1976060.0,554520,python,[JIT],0x00007bae985650ad
1976047.0,554572,python,python,subtype_dealloc
1976007.0,554508,python,python,PyObject_GetIter
1975997.0,554559,python,[JIT],0x000074472c09c1af
1975986.0,554498,python,[JIT],0x00007a47e2843572
1975984.0,554520,python,python,PyIter_Next
1975982.0,554520,python,[JIT],0x00007bae98551727
1975979.0,554520,python,[JIT],0x00007bae985521ff
1975955.0,554498,python,[JIT],0x00007a47e2844241
1975953.0,554532,python,[JIT],0x00007f3be24bf05a
1975942.0,554559,python,[JIT],0x000074472c098921
1975938.0,554559,python,[JIT],0x000074472c095f45
1975908.0,554508,python,[JIT],0x000074d1632161f9
1975891.0,554498,python,[JIT],0x00007a47e282e3fa
1975872.0,554572,python,python,_Py_VectorCall_StackRefSteal
1975843.0,554520,python,[kernel.kallsyms],page_counter_try_charge
1975842.0,554520,python,[JIT],0x00007bae9855d263
1975826.0,554508,python,[JIT],0x000074d16321351c
1975825.0,554520,python,[JIT],0x00007bae9855339f
1975823.0,554508,python,[JIT],0x000074d163219b0c
1975802.0,554508,python,[JIT],0x000074d16321f338
1975788.0,554498,python,[JIT],0x00007a47e28392a0
1975761.0,554532,python,[JIT],0x00007f3be24a9221
1975753.0,554559,python,[JIT],0x000074472c08e0ea
1975751.0,554520,python,[JIT],0x00007bae985515c1
1975748.0,554559,python,[JIT],0x000074472c09b28d
1975737.0,554508,python,[JIT],0x000074d16320f47a
1975718.0,554498,python,[JIT],0x00007a47e2843db4
1975694.0,554545,python,[kernel.kallsyms],rmqueue
1975673.0,554559,python,[JIT],0x000074472c095e7e
1975652.0,554498,python,[JIT],0x00007a47e2838167
1975644.0,554498,python,[JIT],0x00007a47e2843606
1975637.0,554508,python,[JIT],0x000074d163214076
1975604.0,554572,python,[JIT],0x000071d3e605a674
1975599.0,554532,python,[JIT],0x00007f3be24b6e45
1975588.0,554572,python,[JIT],0x000071d3e604ed0a
1975586.0,554520,python,[JIT],0x00007bae9855c8ea
1975577.0,554508,python,libc.so.6,clock_gettime@@GLIBC_2.17
1975569.0,554572,python,[JIT],0x000071d3e6051db4
1975561.0,554508,python,[JIT],0x000074d16321fba5
1975556.0,554520,python,[JIT],0x00007bae98562954
1975537.0,554498,python,python,_PyEvalFramePushAndInit
1975534.0,554508,python,[JIT],0x000074d1632284f7
1975504.0,554508,python,[JIT],0x000074d16321f500
1975480.0,554520,python,[JIT],0x00007bae98562c47
1975475.0,554508,python,[JIT],0x000074d1632292a8
1975462.0,554508,python,[JIT],0x000074d16321ffd1
1975460.0,554532,python,[JIT],0x00007f3be24ad139
1975456.0,554520,python,[JIT],0x00007bae9855f489
1975439.0,554572,python,[JIT],0x000071d3e60512d1
1975415.0,554520,python,[JIT],0x00007bae985672df
1975390.0,554498,python,[JIT],0x00007a47e283417f
1975373.0,554572,python,[JIT],0x000071d3e604eea1
1975370.0,554559,python,[JIT],0x000074472c095992
1975352.0,554508,python,[JIT],0x000074d1632177cf
1975336.0,554508,python,[kernel.kallsyms],folio_add_lru_vma
1975327.0,554532,python,[JIT],0x00007f3be24ac3af
1975288.0,554532,python,[JIT],0x00007f3be24bfc47
1975281.0,554520,python,[JIT],0x00007bae9855f3ff
1975278.0,554498,python,[JIT],0x00007a47e28438c2
1975276.0,554498,python,[kernel.kallsyms],fpregs_assert_state_consistent
1975251.0,554559,python,[JIT],0x000074472c08fd18
1975232.0,554572,python,[JIT],0x000071d3e604c061
1975218.0,554532,python,[JIT],0x00007f3be24b6845
1975209.0,554498,python,[JIT],0x00007a47e284376c
1975193.0,554559,python,[JIT],0x000074472c934000
1975175.0,554532,python,[JIT],0x00007f3be24bf90c
1975164.0,554520,python,[JIT],0x00007bae9856276c
1975138.0,554532,python,[JIT],0x00007f3be24b66d8
1975137.0,554572,python,[JIT],0x000071d3e60452ad
1975131.0,554572,python,[JIT],0x000071d3e604bb22
1975111.0,554498,python,[JIT],0x00007a47e28347fe
1975096.0,554520,python,[JIT],0x00007bae985665db
1975091.0,554532,python,[JIT],0x00007f3be24addc1
1975083.0,554508,python,[JIT],0x000074d16321931d
1975056.0,554508,python,[JIT],0x000074d1634c32c5
1975045.0,554498,python,[JIT],0x00007a47e284405d
1975003.0,554498,python,[JIT],0x00007a47e283b7a5
1975001.0,554559,python,python,PyObject_GC_UnTrack
1974990.0,554559,python,[JIT],0x000074472c098e4b
1974985.0,554572,python,[JIT],0x000071d3e6059253
1974963.0,554498,python,[kernel.kallsyms],mas_pop_node
1974956.0,554520,python,[JIT],0x00007bae98562d25
1974919.0,554572,python,[JIT],0x000071d3e604336c
1974908.0,554508,python,[JIT],0x000074d1634c3060
1974903.0,554498,python,[JIT],0x00007a47e28300ce
1974885.0,554520,python,python,gen_iternext
1974876.0,554572,python,[JIT],0x000071d3e605a284
1974856.0,554559,python,[JIT],0x000074472c0a444d
1974842.0,554572,python,[JIT],0x000071d3e604e3ff
1974797.0,554532,python,[JIT],0x00007f3be24bfd95
1974797.0,554520,python,python,PyNumber_Add
1974791.0,554498,python,[JIT],0x00007a47e282d666
1974779.0,554520,python,[JIT],0x00007bae98562052
1974766.0,554498,python,[JIT],0x00007a47e2843e5c
1974763.0,554532,python,[JIT],0x00007f3be24bf7df
1974763.0,554532,python,[JIT],0x00007f3be2d65572
1974737.0,554498,python,[JIT],0x00007a47e283b590
1974736.0,554520,python,[JIT],0x00007bae98562587
1974716.0,554559,python,[JIT],0x000074472c095aab
1974715.0,554559,python,[JIT],0x000074472c0997ae
1974683.0,554572,python,[kernel.kallsyms],swake_up_one
1974621.0,554498,python,python,_PyUnicodeWriter_WriteStr
1974555.0,554520,python,[JIT],0x00007bae98562cbe
1974551.0,554532,python,libc.so.6,malloc
1974549.0,554520,python,[JIT],0x00007bae98560986
1974549.0,554508,python,[JIT],0x000074d16322948b
1974547.0,554520,python,[JIT],0x00007bae9856010f
1974545.0,554572,python,python,PyTuple_FromArray
1974543.0,554559,python,[JIT],0x000074472c09b500
1974527.0,554559,python,[JIT],0x000074472c09be00
1974500.0,554532,python,[kernel.kallsyms],__memcg_slab_post_alloc_hook
1974483.0,554559,python,[JIT],0x000074472c09c254
1974483.0,554508,python,[JIT],0x000074d16321fc9f
1974479.0,554572,python,[JIT],0x000071d3e605b224
1974479.0,554508,python,[JIT],0x000074d16321f0ab
1974474.0,554572,python,[JIT],0x000071d3e605a48b
1974446.0,554520,python,[JIT],0x00007bae98562cf3
1974433.0,554508,python,[JIT],0x000074d16321204c
1974430.0,554508,python,[JIT],0x000074d163229227
1974425.0,554572,python,[JIT],0x000071d3e604b500
1974424.0,554559,python,[JIT],0x000074472c08f711
1974415.0,554520,python,[JIT],0x00007bae9855145b
1974414.0,554498,python,[JIT],0x00007a47e283b77d
1974410.0,554559,python,[JIT],0x000074472c09c11f
1974409.0,554520,python,[JIT],0x00007bae98554830
1974343.0,554498,python,[JIT],0x00007a47e2831224
1974342.0,554545,python,[JIT],0x00007b13c67ebc53
1974339.0,554572,python,[JIT],0x000071d3e60402e5
1974337.0,554508,python,[JIT],0x000074d163212192
1974315.0,554532,python,[JIT],0x00007f3be24ab38e
1974305.0,554572,python,[JIT],0x000071d3e605210d
1974282.0,554520,python,[JIT],0x00007bae9855d43b
1974275.0,554498,python,[JIT],0x00007a47e283b2fe
1974272.0,554559,python,[JIT],0x000074472c08f110
1974270.0,554520,python,[kernel.kallsyms],folio_lruvec_lock_irqsave
1974260.0,554508,python,[JIT],0x000074d1632272fa
1974251.0,554572,python,[JIT],0x000071d3e6047299
1974219.0,554520,python,[JIT],0x00007bae9855d368
1974219.0,554508,python,[JIT],0x000074d16321f0cb
1974189.0,554520,python,[JIT],0x00007bae9855f7e5
1974177.0,554572,python,[JIT],0x000071d3e605a3b9
1974177.0,554520,python,[JIT],0x00007bae985513dd
1974170.0,554532,python,[JIT],0x00007f3be24b3b8e
1974164.0,554520,python,[JIT],0x00007bae985542f2
1974159.0,554572,python,[JIT],0x000071d3e605199c
1974146.0,554532,python,[JIT],0x00007f3be2d6623e
1974139.0,554520,python,[JIT],0x00007bae985672cf
1974139.0,554508,python,[JIT],0x000074d163229256
1974131.0,554520,python,[kernel.kallsyms],task_tick_fair
1974125.0,554498,python,[JIT],0x00007a47e283b517
1974114.0,554508,python,[JIT],0x000074d163210d70
1974109.0,554520,python,[JIT],0x00007bae985604f4
1974108.0,554520,python,[kernel.kallsyms],_raw_spin_lock
1974097.0,554498,python,[JIT],0x00007a47e2843c5d
1974095.0,554520,python,[JIT],0x00007bae9855c3d0
1974091.0,554532,python,[JIT],0x00007f3be24bf629
1974075.0,554559,python,[kernel.kallsyms],uncharge_folio
1974046.0,554559,python,[JIT],0x000074472c0951c0
1974036.0,554520,python,[kernel.kallsyms],notifier_call_chain
1974019.0,554559,python,[JIT],0x000074472c09bdae
1974017.0,554508,python,[JIT],0x000074d1632190dc
1973995.0,554572,python,[JIT],0x000071d3e6051268
1973993.0,554559,python,[JIT],0x000074472c098052
1973981.0,554532,python,[kernel.kallsyms],__mem_cgroup_uncharge_list
1973979.0,554498,python,[JIT],0x00007a47e28453c1
1973977.0,554508,python,[JIT],0x000074d16320f55d
1973977.0,554508,python,[JIT],0x000074d16321339d
1973940.0,554532,python,[JIT],0x00007f3be24bf5d7
1973936.0,554520,python,[JIT],0x00007bae9856646e
1973935.0,554572,python,python,meth_dealloc
1973917.0,554508,python,[JIT],0x000074d16321c2ee
1973916.0,554508,python,[JIT],0x000074d1632201b3
1973912.0,554532,python,[JIT],0x00007f3be24b6b2e
1973893.0,554508,python,[JIT],0x000074d16321ffd8
1973888.0,554559,python,[JIT],0x000074472c08b75e
1973886.0,554545,python,python,memmove@plt
1973874.0,554572,python,[JIT],0x000071d3e605a768
1973863.0,554498,python,[JIT],0x00007a47e282d3a9
1973857.0,554520,python,[JIT],0x00007bae98555d63
1973850.0,554520,python,[JIT],0x00007bae9855d171
1973842.0,554572,python,[JIT],0x000071d3e604020c
1973842.0,554498,python,[JIT],0x00007a47e283b7ef
1973831.0,554498,python,[JIT],0x00007a47e2846129
1973829.0,554520,python,[JIT],0x00007bae9855163c
1973817.0,554520,python,[JIT],0x00007bae9855c53b
1973804.0,554520,python,[JIT],0x00007bae985641fa
1973802.0,554572,python,[JIT],0x000071d3e605b400
1973767.0,554520,python,[JIT],0x00007bae985604fd
1973764.0,554508,python,[JIT],0x000074d1634c30b9
1973760.0,554532,python,[JIT],0x00007f3be24b6698
1973756.0,554572,python,[JIT],0x000071d3e6051e67
1973754.0,554520,python,[JIT],0x00007bae98552e53
1973750.0,554559,python,[JIT],0x000074472c09b42f
1973749.0,554532,python,[kernel.kallsyms],rmqueue_bulk
1973743.0,554532,python,[kernel.kallsyms],__rmqueue_pcplist
1973741.0,554532,python,[JIT],0x00007f3be24bf7af
1973729.0,554508,python,[JIT],0x000074d16321a8be
1973725.0,554532,python,[JIT],0x00007f3be24bf99c
1973713.0,554572,python,[JIT],0x000071d3e6051dfd
1973710.0,554498,python,[JIT],0x00007a47e2839638
1973701.0,554532,python,[JIT],0x00007f3be24c1261
1973688.0,554532,python,[JIT],0x00007f3be24b6a4a
1973682.0,554498,python,[JIT],0x00007a47e282d51d
1973637.0,554508,python,python,_PyOptimizer_Optimize
1973635.0,554559,python,[JIT],0x000074472c08b55d
1973633.0,554559,python,[JIT],0x000074472c0a32ae
1973633.0,554508,python,[JIT],0x000074d16322935f
1973630.0,554520,python,[JIT],0x00007bae98551727
1973619.0,554532,python,[JIT],0x00007f3be2ceb41e
1973612.0,554559,python,[JIT],0x000074472c09640c
1973597.0,554532,python,[JIT],0x00007f3be24a9657
1973592.0,554520,python,[JIT],0x00007bae985620a1
1973581.0,554520,python,[JIT],0x00007bae985664b3
1973567.0,554532,python,[JIT],0x00007f3be2ceb396
1973560.0,554532,python,[JIT],0x00007f3be2ceb3d2
1973549.0,554572,python,[JIT],0x000071d3e6051cf3
1973546.0,554559,python,[JIT],0x000074472c09b75f
1973540.0,554498,python,[JIT],0x00007a47e28433e6
1973521.0,554498,python,[JIT],0x00007a47e283bef8
1973507.0,554559,python,[JIT],0x000074472c09b8cb
1973505.0,554520,python,[JIT],0x00007bae985625c6
1973496.0,554508,python,[JIT],0x000074d1632282a8
1973488.0,554559,python,[JIT],0x000074472c08c7fd
1973472.0,554508,python,[JIT],0x000074d16321f17a
1973448.0,554559,python,[JIT],0x000074472c09b543
1973426.0,554508,python,[JIT],0x000074d16321f17f
1973420.0,554498,python,[JIT],0x00007a47e283bccd
1973416.0,554520,python,[JIT],0x00007bae985630fc
1973413.0,554498,python,[JIT],0x00007a47e284394e
1973399.0,554508,python,[JIT],0x000074d16321336c
1973379.0,554508,python,[JIT],0x000074d16321fbbb
1973377.0,554532,python,[JIT],0x00007f3be24bfe7e
1973375.0,554498,python,[JIT],0x00007a47e2838361
1973374.0,554559,python,[JIT],0x000074472c095629
1973360.0,554498,python,[JIT],0x00007a47e282f180
1973354.0,554520,python,[JIT],0x00007bae98560829
1973352.0,554572,python,[JIT],0x000071d3e60410d6
1973322.0,554508,python,[JIT],0x000074d16321ffb0
1973320.0,554559,python,[JIT],0x000074472c099762
1973310.0,554572,python,python,_PyEvalFramePushAndInit
1973300.0,554508,python,[kernel.kallsyms],__raw_spin_lock_irqsave
1973300.0,554508,python,[JIT],0x000074d16321d8c2
1973280.0,554498,python,[JIT],0x00007a47e282d14a
1973272.0,554572,python,[JIT],0x000071d3e605a307
1973264.0,554572,python,[JIT],0x000071d3e6047598
1973250.0,554498,python,[JIT],0x00007a47e28340ad
1973246.0,554508,python,[JIT],0x000074d1632200d6
1973212.0,554520,python,[JIT],0x00007bae985643b9
1973212.0,554508,python,[kernel.kallsyms],__mem_cgroup_charge
1973210.0,554498,python,[JIT],0x00007a47e283b540
1973204.0,554520,python,python,PyTuple_FromArray.part.0
1973200.0,554520,python,[JIT],0x00007bae9855cd18
1973190.0,554572,python,[JIT],0x000071d3e60432d5
1973183.0,554520,python,[kernel.kallsyms],entry_SYSCALL_64
1973173.0,554559,python,[JIT],0x000074472c095e88
1973140.0,554559,python,[kernel.kallsyms],pmd_val
1973140.0,554498,python,python,dict_merge
1973115.0,554498,python,[JIT],0x00007a47e28452b8
1973109.0,554572,python,[JIT],0x000071d3e604eb80
1973108.0,554559,python,[JIT],0x000074472c096044
1973088.0,554498,python,[JIT],0x00007a47e28461e5
1973086.0,554559,python,[JIT],0x000074472c08b6db
1973084.0,554559,python,[JIT],0x000074472c934674
1973084.0,554532,python,[JIT],0x00007f3be2d652a8
1973072.0,554508,python,[JIT],0x000074d163219ec6
1973070.0,554520,python,[JIT],0x00007bae985517a0
1973058.0,554520,python,[JIT],0x00007bae98562e3b
1973047.0,554572,python,[JIT],0x000071d3e605a536
1973029.0,554532,python,[JIT],0x00007f3be24a956c
1973019.0,554532,python,[JIT],0x00007f3be24bf809
1973008.0,554532,python,[JIT],0x00007f3be24b6e84
1972989.0,554572,python,[JIT],0x000071d3e605a572
1972981.0,554520,python,[kernel.kallsyms],timekeeping_update
1972974.0,554532,python,python,PyObject_VisitManagedDict
1972946.0,554532,python,[JIT],0x00007f3be24b36e6
1972932.0,554572,python,[JIT],0x000071d3e6051b25
1972894.0,554532,python,[JIT],0x00007f3be24adeb3
1972868.0,554508,python,[JIT],0x000074d163219ff8
1972856.0,554508,python,[JIT],0x000074d163229528
1972850.0,554498,python,[JIT],0x00007a47e28343af
1972829.0,554498,python,[JIT],0x00007a47e2ad64a9
1972827.0,554532,python,[JIT],0x00007f3be24c105c
1972796.0,554572,python,[JIT],0x000071d3e605161f
1972773.0,554559,python,[JIT],0x000074472c09921b
1972767.0,554498,python,[JIT],0x00007a47e2843d2e
1972761.0,554498,python,[JIT],0x00007a47e2843a94
1972751.0,554545,python,[kernel.kallsyms],get_mem_cgroup_from_mm
1972748.0,554559,python,[kernel.kallsyms],exc_page_fault
1972744.0,554532,python,[JIT],0x00007f3be24c13b9
1972733.0,554520,python,[JIT],0x00007bae98551771
1972733.0,554508,python,[JIT],0x000074d163229292
1972710.0,554508,python,[JIT],0x000074d163216e56
1972708.0,554532,python,[JIT],0x00007f3be24adcd5
1972700.0,554520,python,[JIT],0x00007bae9856414e
1972683.0,554572,python,[JIT],0x000071d3e604f908
1972679.0,554559,python,[JIT],0x000074472c096061
1972679.0,554508,python,[JIT],0x000074d16321f919
1972632.0,554572,python,[JIT],0x000071d3e6059396
1972628.0,554520,python,[JIT],0x00007bae98566292
1972609.0,554559,python,[JIT],0x000074472c93535b
1972609.0,554532,python,[JIT],0x00007f3be24bfdab
1972576.0,554572,python,[JIT],0x000071d3e60457e4
1972568.0,554520,python,[JIT],0x00007bae9856243e
1972547.0,554532,python,[JIT],0x00007f3be24b1474
1972545.0,554508,python,[JIT],0x000074d1632195c3
1972537.0,554572,python,[JIT],0x000071d3e604b167
1972480.0,554559,python,[JIT],0x000074472c09601c
1972473.0,554508,python,[JIT],0x000074d1632125b1
1972466.0,554532,python,[JIT],0x00007f3be24c1315
1972465.0,554508,python,[JIT],0x000074d16320f71e
1972465.0,554532,python,[JIT],0x00007f3be24b42d1
1972455.0,554520,python,[kernel.kallsyms],pud_val
1972449.0,554572,python,[JIT],0x000071d3e6051ce0
1972448.0,554520,python,[JIT],0x00007bae9855d282
1972445.0,554532,python,[JIT],0x00007f3be24bf547
1972444.0,554520,python,[JIT],0x00007bae9855d0a8
1972431.0,554559,python,[JIT],0x000074472c0933a9
1972424.0,554498,python,[JIT],0x00007a47e282d3d4
1972419.0,554572,python,[JIT],0x000071d3e6051587
1972406.0,554498,python,[JIT],0x00007a47e28460dc
1972390.0,554520,python,[kernel.kallsyms],__update_load_avg_cfs_rq
1972383.0,554532,python,[JIT],0x00007f3be24b6b3a
1972382.0,554508,python,[JIT],0x000074d1632132e8
1972379.0,554498,python,[JIT],0x00007a47e28312a7
1972365.0,554498,python,[JIT],0x00007a47e2839111
1972363.0,554532,python,[JIT],0x00007f3be24b6b49
1972362.0,554559,python,[JIT],0x000074472c0993e2
1972361.0,554559,python,[JIT],0x000074472c09bea7
1972360.0,554520,python,[JIT],0x00007bae9855c7ef
1972350.0,554572,python,[JIT],0x000071d3e604050a
1972350.0,554520,python,[JIT],0x00007bae985642c5
1972348.0,554498,python,[JIT],0x00007a47e283b664
1972281.0,554572,python,[JIT],0x000071d3e6059406
1972278.0,554508,python,[JIT],0x000074d1632133be
1972273.0,554498,python,[JIT],0x00007a47e282d58f
1972272.0,554572,python,[JIT],0x000071d3e60517df
1972269.0,554559,python,[JIT],0x000074472c099752
1972265.0,554508,python,[JIT],0x000074d1634c33a5
1972251.0,554498,python,[JIT],0x00007a47e2ad704c
1972246.0,554572,python,[JIT],0x000071d3e604f347
1972245.0,554572,python,[JIT],0x000071d3e605a528
1972241.0,554532,python,[JIT],0x00007f3be24b6165
1972231.0,554559,python,[JIT],0x000074472c09bc9f
1972230.0,554520,python,[JIT],0x00007bae9855cae0
1972225.0,554572,python,[JIT],0x000071d3e6047f06
1972225.0,554545,python,[JIT],0x00007b13c67eb711
1972222.0,554520,python,[JIT],0x00007bae98558109
1972213.0,554572,python,[JIT],0x000071d3e604ee94
1972207.0,554520,python,[JIT],0x00007bae985543b7
1972193.0,554559,python,[JIT],0x000074472c090685
1972191.0,554498,python,[JIT],0x00007a47e2830380
1972183.0,554520,python,[JIT],0x00007bae985545bb
1972174.0,554559,python,[JIT],0x000074472c08f4c3
1972173.0,554532,python,[JIT],0x00007f3be24bfd1c
1972155.0,554508,python,[JIT],0x000074d16322010d
1972134.0,554572,python,[JIT],0x000071d3e604bcb9
1972115.0,554532,python,[JIT],0x00007f3be24b034c
1972112.0,554498,python,[JIT],0x00007a47e284408c
1972108.0,554508,python,[kernel.kallsyms],fpregs_assert_state_consistent
1972103.0,554572,python,[JIT],0x000071d3e6041f12
1972088.0,554520,python,[JIT],0x00007bae9855c6e6
1972086.0,554498,python,[JIT],0x00007a47e28383be
1972086.0,554498,python,[JIT],0x00007a47e283c8da
1972079.0,554572,python,[JIT],0x000071d3e604bc49
1972078.0,554532,python,[JIT],0x00007f3be24aa87f
1972077.0,554498,python,[JIT],0x00007a47e28460ad
1972060.0,554559,python,[JIT],0x000074472c09b3b5
1972057.0,554520,python,[JIT],0x00007bae98565455
1972040.0,554532,python,[JIT],0x00007f3be24b77e2
1972035.0,554498,python,[JIT],0x00007a47e283c7f4
1972033.0,554508,python,[JIT],0x000074d16321f319
1972004.0,554559,python,python,_PyObject_GC_Link
1972001.0,554532,python,[JIT],0x00007f3be2d6604c
1971999.0,554559,python,[JIT],0x000074472c08e361
1971975.0,554572,python,[JIT],0x000071d3e6051705
1971973.0,554520,python,[JIT],0x00007bae98567388
1971961.0,554532,python,[JIT],0x00007f3be24bfd69
1971958.0,554572,python,[JIT],0x000071d3e604f99a
1971954.0,554520,python,[JIT],0x00007bae9855f722
1971937.0,554508,python,[JIT],0x000074d1632200c4
1971920.0,554532,python,[JIT],0x00007f3be24a95ed
1971920.0,554498,python,[JIT],0x00007a47e2834bbf
1971906.0,554508,python,[JIT],0x000074d163213e88
1971888.0,554508,python,[JIT],0x000074d1632201a0
1971873.0,554572,python,[JIT],0x000071d3e6051db7
1971863.0,554508,python,[JIT],0x000074d1632125bb
1971838.0,554532,python,[JIT],0x00007f3be24bfd41
1971827.0,554532,python,[JIT],0x00007f3be24ad361
1971819.0,554559,python,[JIT],0x000074472c095fb7
1971808.0,554520,python,[JIT],0x00007bae985620ae
1971789.0,554559,python,[JIT],0x000074472c08f8b7
1971784.0,554508,python,[JIT],0x000074d16321a5ee
1971775.0,554532,python,[JIT],0x00007f3be24bfdc7
1971767.0,554520,python,[JIT],0x00007bae9856218f
1971766.0,554572,python,[JIT],0x000071d3e604e064
1971760.0,554532,python,[JIT],0x00007f3be24b3353
1971759.0,554498,python,[kernel.kallsyms],set_ptes.isra.0
1971757.0,554508,python,[JIT],0x000074d1632200b5
1971724.0,554498,python,[JIT],0x00007a47e2846111
1971720.0,554559,python,[JIT],0x000074472c0950c7
1971720.0,554572,python,[JIT],0x000071d3e6040686
1971717.0,554572,python,[JIT],0x000071d3e6051cba
1971714.0,554498,python,[JIT],0x00007a47e2832670
1971699.0,554520,python,[JIT],0x00007bae9855f87f
1971671.0,554572,python,[JIT],0x000071d3e604e5f0
1971658.0,554572,python,[JIT],0x000071d3e60432a7
1971643.0,554559,python,[JIT],0x000074472c09b1ec
1971641.0,554508,python,[JIT],0x000074d16321f142
1971603.0,554559,python,[JIT],0x000074472c09c059
1971595.0,554498,python,[JIT],0x00007a47e2ad71cf
1971589.0,554498,python,[JIT],0x00007a47e2843338
1971588.0,554559,python,[JIT],0x000074472c09bf7a
1971579.0,554508,python,[JIT],0x000074d1634c3388
1971577.0,554572,python,[JIT],0x000071d3e6051e54
1971572.0,554532,python,[JIT],0x00007f3be24b036c
1971569.0,554532,python,[JIT],0x00007f3be24bf406
1971553.0,554508,python,[JIT],0x000074d16321f3db
1971540.0,554559,python,[JIT],0x000074472c08fc6f
1971529.0,554520,python,[JIT],0x00007bae98562e8c
1971527.0,554572,python,[JIT],0x000071d3e6051d56
1971499.0,554498,python,[JIT],0x00007a47e2ad630b
1971493.0,554498,python,[JIT],0x00007a47e2835b64
1971488.0,554572,python,[JIT],0x000071d3e60417b8
1971481.0,554532,python,[JIT],0x00007f3be2d66396
1971471.0,554572,python,[JIT],0x000071d3e6051b69
1971471.0,554532,python,[JIT],0x00007f3be24bfdb9
1971458.0,554520,python,[JIT],0x00007bae9856288d
1971442.0,554559,python,[JIT],0x000074472c09b3e3
1971439.0,554559,python,[JIT],0x000074472c0a422e
1971435.0,554559,python,[JIT],0x000074472c098430
1971424.0,554520,python,[JIT],0x00007bae985628e9
1971418.0,554498,python,[JIT],0x00007a47e2843b25
1971417.0,554508,python,[JIT],0x000074d16321f4e0
1971414.0,554498,python,[JIT],0x00007a47e283bdfc
1971399.0,554572,python,[JIT],0x000071d3e6051902
1971392.0,554508,python,[JIT],0x000074d163213003
1971355.0,554498,python,[JIT],0x00007a47e282d26b
1971346.0,554532,python,[JIT],0x00007f3be24bfed5
1971344.0,554545,python,[JIT],0x00007b13c67f82fa
1971342.0,554508,python,[JIT],0x000074d16321f7fc
1971330.0,554572,python,[kernel.kallsyms],irqentry_exit_to_user_mode
1971327.0,554572,python,[JIT],0x000071d3e605320f
1971316.0,554508,python,[JIT],0x000074d16321fdda
1971296.0,554545,python,[kernel.kallsyms],post_alloc_hook
1971292.0,554498,python,[JIT],0x00007a47e282d1ff
1971267.0,554508,python,[JIT],0x000074d16321ff9a
1971263.0,554572,python,[JIT],0x000071d3e604b8b7
1971217.0,554559,python,[JIT],0x000074472c09b9a4
1971210.0,554572,python,[JIT],0x000071d3e604a076
1971199.0,554572,python,[JIT],0x000071d3e604b8db
1971188.0,554498,python,[JIT],0x00007a47e2843e3b
1971182.0,554559,python,[JIT],0x000074472c9345a3
1971171.0,554559,python,[JIT],0x000074472c09b0ad
1971171.0,554572,python,[JIT],0x000071d3e6040517
1971161.0,554532,python,[JIT],0x00007f3be24ad003
1971150.0,554498,python,python,PyTuple_FromArray.part.0
1971132.0,554532,python,[JIT],0x00007f3be24c1356
1971129.0,554532,python,[JIT],0x00007f3be24ac1aa
1971128.0,554498,python,[JIT],0x00007a47e2838f36
1971112.0,554498,python,[JIT],0x00007a47e2ad70a7
1971079.0,554508,python,[JIT],0x000074d16321f3c6
1971062.0,554498,python,[JIT],0x00007a47e283c66e
1971062.0,554498,python,[JIT],0x00007a47e28435c6
1971034.0,554559,python,[JIT],0x000074472c09b113
1971029.0,554498,python,[JIT],0x00007a47e283851c
1971017.0,554572,python,[JIT],0x000071d3e6051e3b
1971017.0,554559,python,[JIT],0x000074472c0a322e
1970941.0,554520,python,[JIT],0x00007bae98567120
1970941.0,554498,python,[JIT],0x00007a47e2831636
1970940.0,554572,python,python,slot_tp_call
1970939.0,554508,python,[JIT],0x000074d16321a468
1970918.0,554508,python,[JIT],0x000074d163219992
1970904.0,554498,python,[JIT],0x00007a47e28370ae
1970898.0,554532,python,[JIT],0x00007f3be24bf392
1970888.0,554520,python,python,_PyObject_GetMethodStackRef
1970870.0,554508,python,[JIT],0x000074d16321fb69
1970869.0,554572,python,[JIT],0x000071d3e6053102
1970821.0,554508,python,python,_PyType_GetDict
1970817.0,554559,python,[kernel.kallsyms],__mod_zone_page_state
1970817.0,554545,python,python,PyLong_AsSsize_t
1970811.0,554508,python,[JIT],0x000074d16321f08f
1970774.0,554559,python,[JIT],0x000074472c0a41e5
1970743.0,554498,python,[JIT],0x00007a47e283bf95
1970743.0,554498,python,[JIT],0x00007a47e2843096
1970734.0,554572,python,[JIT],0x000071d3e604b0c7
1970728.0,554572,python,[JIT],0x000071d3e60519ff
1970724.0,554498,python,[JIT],0x00007a47e2838ed5
1970721.0,554498,python,[JIT],0x00007a47e283975e
1970720.0,554572,python,[JIT],0x000071d3e604bb51
1970710.0,554520,python,[JIT],0x00007bae98562dab
1970702.0,554498,python,[kernel.kallsyms],acct_account_cputime
1970700.0,554498,python,[JIT],0x00007a47e284636c
1970693.0,554559,python,[JIT],0x000074472c09bce0
1970692.0,554520,python,[JIT],0x00007bae98562d52
1970685.0,554520,python,[JIT],0x00007bae9855d8d2
1970672.0,554520,python,[JIT],0x00007bae9855d05a
1970672.0,554508,python,python,PyObject_GC_UnTrack
1970653.0,554559,python,[JIT],0x000074472c09b8c2
1970647.0,554572,python,[JIT],0x000071d3e6051117
1970618.0,554572,python,[JIT],0x000071d3e6051294
1970615.0,554520,python,[JIT],0x00007bae98562306
1970614.0,554498,python,[JIT],0x00007a47e28303cd
1970607.0,554520,python,[JIT],0x00007bae985623f7
1970601.0,554559,python,[JIT],0x000074472c099701
1970601.0,554559,python,[JIT],0x000074472c09c212
1970594.0,554520,python,[JIT],0x00007bae98562448
1970588.0,554572,python,[JIT],0x000071d3e60516e8
1970586.0,554532,python,[JIT],0x00007f3be2d65307
1970578.0,554532,python,[JIT],0x00007f3be24bfdde
1970578.0,554498,python,[JIT],0x00007a47e2839481
1970554.0,554520,python,[JIT],0x00007bae985627d3
1970552.0,554508,python,[JIT],0x000074d163229357
1970551.0,554532,python,[JIT],0x00007f3be24bfdf9
1970548.0,554520,python,[JIT],0x00007bae98563212
1970545.0,554532,python,[JIT],0x00007f3be2d6627d
1970542.0,554508,python,[JIT],0x000074d16320f5ed
1970533.0,554508,python,[JIT],0x000074d16320f551
1970517.0,554572,python,[JIT],0x000071d3e604b5f2
1970511.0,554508,python,[JIT],0x000074d16321f9af
1970502.0,554559,python,[JIT],0x000074472c09c070
1970462.0,554508,python,[JIT],0x000074d163220025
1970457.0,554559,python,[JIT],0x000074472c09b828
1970424.0,554559,python,[JIT],0x000074472c08b5c9
1970407.0,554559,python,[JIT],0x000074472c09c166
1970404.0,554572,python,[JIT],0x000071d3e6051e8c
1970398.0,554532,python,[kernel.kallsyms],__mod_lruvec_state
1970375.0,554532,python,[JIT],0x00007f3be2d661e9
1970366.0,554508,python,[JIT],0x000074d1632134bd
1970359.0,554498,python,[JIT],0x00007a47e283b46c
1970342.0,554532,python,[JIT],0x00007f3be24bf55b
1970334.0,554520,python,[JIT],0x00007bae98562a79
1970314.0,554520,python,[JIT],0x00007bae98562e7e
1970300.0,554532,python,[JIT],0x00007f3be24b6154
1970292.0,554508,python,[JIT],0x000074d16321c225
1970279.0,554532,python,[JIT],0x00007f3be24bfd79
1970255.0,554498,python,[JIT],0x00007a47e2838e27
1970217.0,554572,python,[JIT],0x000071d3e605193f
1970211.0,554532,python,[kernel.kallsyms],lru_gen_add_folio
1970201.0,554508,python,[JIT],0x000074d16320f20c
1970180.0,554508,python,[JIT],0x000074d1632193b7
1970166.0,554532,python,[JIT],0x00007f3be24b721e
1970160.0,554532,python,[JIT],0x00007f3be24bf27a
1970131.0,554545,python,[JIT],0x00007b13c67f6f1a
1970130.0,554498,python,[JIT],0x00007a47e28324a5
1970119.0,554498,python,[JIT],0x00007a47e283c166
1970102.0,554508,python,[JIT],0x000074d16321c7e5
1970099.0,554508,python,[JIT],0x000074d16321cffa
1970094.0,554520,python,[JIT],0x00007bae98562d1c
1970065.0,554532,python,[JIT],0x00007f3be24aa258
1969993.0,554572,python,python,dictiter_len
1969988.0,554572,python,[JIT],0x000071d3e604b88c
1969972.0,554498,python,[JIT],0x00007a47e2843146
1969956.0,554572,python,[JIT],0x000071d3e60521c2
1969951.0,554572,python,[JIT],0x000071d3e604f915
1969950.0,554572,python,[JIT],0x000071d3e60532c5
1969934.0,554532,python,[JIT],0x00007f3be24b331d
1969931.0,554498,python,[JIT],0x00007a47e283b3a7
1969914.0,554532,python,[JIT],0x00007f3be2d65357
1969856.0,554520,python,[JIT],0x00007bae985628d6
1969816.0,554559,python,[JIT],0x000074472c09b809
1969793.0,554572,python,[JIT],0x000071d3e60515c6
1969779.0,554508,python,[JIT],0x000074d16321f99b
1969773.0,554498,python,[JIT],0x00007a47e283b1fc
1969772.0,554532,python,[JIT],0x00007f3be24bfef5
1969764.0,554520,python,[JIT],0x00007bae98562dda
1969762.0,554559,python,[JIT],0x000074472c096b47
1969740.0,554532,python,[kernel.kallsyms],__cond_resched
1969738.0,554508,python,[JIT],0x000074d16321fe94
1969729.0,554498,python,[JIT],0x00007a47e28314c3
1969724.0,554508,python,[JIT],0x000074d163220129
1969720.0,554559,python,[kernel.kallsyms],pte_mkwrite
1969691.0,554498,python,[JIT],0x00007a47e283bfa7
1969651.0,554559,python,[JIT],0x000074472c0954e3
1969635.0,554520,python,[JIT],0x00007bae98563043
1969606.0,554572,python,[JIT],0x000071d3e6051d1c
1969564.0,554520,python,[JIT],0x00007bae9856604c
1969540.0,554559,python,[JIT],0x000074472c0995d5
1969533.0,554508,python,[JIT],0x000074d16321f99c
1969483.0,554572,python,[JIT],0x000071d3e6048904
1969479.0,554559,python,[JIT],0x000074472c09bd28
1969452.0,554572,python,python,dictiter_dealloc
1969451.0,554498,python,[JIT],0x00007a47e284390c
1969415.0,554532,python,[JIT],0x00007f3be24bf814
1969395.0,554520,python,[JIT],0x00007bae98562151
1969390.0,554572,python,[kernel.kallsyms],x86_pmu_disable
1969380.0,554559,python,python,PyObject_GenericGetAttr
1969376.0,554572,python,[JIT],0x000071d3e604bf36
1969296.0,554508,python,[JIT],0x000074d16322011f
1969275.0,554508,python,[kernel.kallsyms],get_vma_policy
1969252.0,554498,python,[JIT],0x00007a47e283c893
1969235.0,554559,python,[kernel.kallsyms],kmem_cache_alloc
1969232.0,554498,python,[JIT],0x00007a47e284329a
1969227.0,554532,python,[JIT],0x00007f3be24a930d
1969222.0,554508,python,python,meth_dealloc
1969216.0,554520,python,[kernel.kallsyms],vma_alloc_folio
1969216.0,554498,python,[JIT],0x00007a47e28440d8
1969175.0,554508,python,[JIT],0x000074d163220089
1969159.0,554508,python,[JIT],0x000074d16321fc8c
1969127.0,554498,python,[JIT],0x00007a47e2ad6270
1969064.0,554572,python,[JIT],0x000071d3e604f0dd
1969036.0,554559,python,[JIT],0x000074472c08c127
1969013.0,554559,python,[JIT],0x000074472c0a32a9
1969012.0,554532,python,[kernel.kallsyms],__update_load_avg_se
1969003.0,554532,python,[JIT],0x00007f3be24b3673
1968953.0,554498,python,[JIT],0x00007a47e28439cf
1968895.0,554520,python,[JIT],0x00007bae985630d6
1968894.0,554520,python,[JIT],0x00007bae98562865
1968868.0,554498,python,[JIT],0x00007a47e2844199
1968855.0,554572,python,[JIT],0x000071d3e604e90a
1968838.0,554532,python,[JIT],0x00007f3be24b68b0
1968827.0,554520,python,[JIT],0x00007bae98562828
1968805.0,554520,python,[JIT],0x00007bae98562ebc
1968802.0,554498,python,[JIT],0x00007a47e2843b7a
1968771.0,554508,python,[JIT],0x000074d16322706a
1968762.0,554532,python,[JIT],0x00007f3be2d66388
1968716.0,554532,python,python,meth_dealloc
1968710.0,554520,python,[JIT],0x00007bae98551492
1968700.0,554559,python,[JIT],0x000074472c93404c
1968681.0,554520,python,[JIT],0x00007bae985630b9
1968656.0,554498,python,[JIT],0x00007a47e282d5fa
1968618.0,554498,python,[JIT],0x00007a47e28384e6
1968613.0,554508,python,[JIT],0x000074d1634c327d
1968585.0,554532,python,[JIT],0x00007f3be24bff55
1968569.0,554508,python,[JIT],0x000074d16321f2f2
1968538.0,554559,python,[kernel.kallsyms],zap_pte_range
1968537.0,554520,python,[kernel.kallsyms],percpu_counter_add_batch
1968510.0,554572,python,[JIT],0x000071d3e6051572
1968508.0,554559,python,[JIT],0x000074472c09b587
1968503.0,554532,python,[JIT],0x00007f3be24ad8ce
1968497.0,554508,python,[JIT],0x000074d1632123ff
1968477.0,554545,python,python,PyIter_Next
1968473.0,554520,python,[kernel.kallsyms],fpregs_assert_state_consistent
1968449.0,554532,python,[JIT],0x00007f3be24b6b59
1968444.0,554572,python,[JIT],0x000071d3e605136a
1968421.0,554572,python,python,_PyLong_FromMedium
1968418.0,554520,python,[JIT],0x00007bae9856278f
1968402.0,554532,python,[JIT],0x00007f3be24bf71b
1968375.0,554498,python,[JIT],0x00007a47e28439bd
1968357.0,554508,python,[JIT],0x000074d163213233
1968347.0,554559,python,[JIT],0x000074472c09b81b
1968342.0,554508,python,[JIT],0x000074d163216201
1968331.0,554532,python,[JIT],0x00007f3be24ac192
1968322.0,554498,python,[JIT],0x00007a47e283977b
1968314.0,554545,python,[JIT],0x00007b13c67ec68f
1968304.0,554508,python,[JIT],0x000074d163213be0
1968280.0,554520,python,[JIT],0x00007bae9856065c
1968255.0,554508,python,[JIT],0x000074d16322025c
1968238.0,554508,python,[kernel.kallsyms],uncharge_folio
1968231.0,554572,python,[JIT],0x000071d3e605b12d
1968227.0,554498,python,[JIT],0x00007a47e283b0d2
1968221.0,554572,python,[JIT],0x000071d3e605321e
1968217.0,554532,python,python,PyObject_GetIter
1968212.0,554508,python,[JIT],0x000074d16321fc99
1968195.0,554532,python,[JIT],0x00007f3be24bffb0
1968194.0,554508,python,[JIT],0x000074d16321f8d6
1968189.0,554532,python,[JIT],0x00007f3be24b3f2e
1968176.0,554532,python,[JIT],0x00007f3be2d66300
1968153.0,554559,python,[JIT],0x000074472c09b705
1968149.0,554559,python,[JIT],0x000074472c09b227
1968128.0,554572,python,[JIT],0x000071d3e6051bb6
1968110.0,554572,python,[JIT],0x000071d3e60433ff
1968090.0,554498,python,[JIT],0x00007a47e2843e54
1968084.0,554508,python,[kernel.kallsyms],post_alloc_hook
1968031.0,554508,python,[JIT],0x000074d16320f338
1967985.0,554559,python,[JIT],0x000074472c09b919
1967964.0,554572,python,[JIT],0x000071d3e60445c3
1967953.0,554508,python,[JIT],0x000074d163219167
1967946.0,554498,python,[JIT],0x00007a47e282e258
1967940.0,554520,python,[JIT],0x00007bae98567400
1967934.0,554572,python,[JIT],0x000071d3e604b847
1967924.0,554520,python,[JIT],0x00007bae98562e88
1967919.0,554520,python,[JIT],0x00007bae98562c9d
1967908.0,554532,python,[JIT],0x00007f3be24bfe97
1967904.0,554520,python,[JIT],0x00007bae985553a9
1967886.0,554520,python,[JIT],0x00007bae985630f8
1967869.0,554520,python,python,_Py_CheckFunctionResult
1967836.0,554520,python,[JIT],0x00007bae9855d4a5
1967833.0,554508,python,[JIT],0x000074d16321f572
1967824.0,554498,python,[JIT],0x00007a47e283b667
1967813.0,554532,python,[JIT],0x00007f3be24b0b86
1967813.0,554532,python,[JIT],0x00007f3be24bf8a2
1967800.0,554498,python,[JIT],0x00007a47e28452d8
1967781.0,554498,python,[kernel.kallsyms],x86_pmu_disable
1967779.0,554559,python,[JIT],0x000074472c095f9e
1967774.0,554520,python,[kernel.kallsyms],calc_global_load
1967774.0,554508,python,[JIT],0x000074d163219d08
1967726.0,554498,python,[JIT],0x00007a47e283c0ba
1967706.0,554498,python,[JIT],0x00007a47e2843cef
1967680.0,554559,python,[JIT],0x000074472c0a40dc
1967679.0,554559,python,[JIT],0x000074472c0981fc
1967672.0,554572,python,[JIT],0x000071d3e604b20c
1967648.0,554532,python,[kernel.kallsyms],get_pfnblock_flags_mask
1967582.0,554498,python,[JIT],0x00007a47e283168f
1967578.0,554559,python,[JIT],0x000074472c09b392
1967575.0,554498,python,[JIT],0x00007a47e283b0f1
1967565.0,554559,python,[JIT],0x000074472c0a3384
1967501.0,554498,python,[JIT],0x00007a47e283b4b4
1967478.0,554520,python,[JIT],0x00007bae98562979
1967473.0,554572,python,python,_PyStaticType_GetState
1967451.0,554532,python,[JIT],0x00007f3be24b3ee5
1967434.0,554508,python,[JIT],0x000074d16320f488
1967420.0,554572,python,[JIT],0x000071d3e60532fa
1967413.0,554559,python,[JIT],0x000074472c08e3f1
1967376.0,554508,python,[JIT],0x000074d16321fcf3
1967351.0,554520,python,[JIT],0x00007bae9855154e
1967351.0,554508,python,[JIT],0x000074d16321f745
1967346.0,554559,python,[JIT],0x000074472c098511
1967346.0,554559,python,[JIT],0x000074472c09c022
1967306.0,554508,python,[JIT],0x000074d16321fd69
1967284.0,554508,python,[JIT],0x000074d1632193f9
1967232.0,554498,python,[JIT],0x00007a47e284380b
1967204.0,554572,python,[JIT],0x000071d3e60518b3
1967131.0,554520,python,[JIT],0x00007bae98562ea7
1967097.0,554532,python,[JIT],0x00007f3be24c1118
1967056.0,554559,python,[JIT],0x000074472c0a4052
1967053.0,554498,python,[JIT],0x00007a47e28462d5
1967010.0,554545,python,[kernel.kallsyms],__lruvec_stat_mod_folio
1966946.0,554559,python,[kernel.kallsyms],mas_wr_walk
1966928.0,554532,python,[kernel.kallsyms],rb_next
1966907.0,554498,python,[JIT],0x00007a47e2843b55
1966905.0,554520,python,[JIT],0x00007bae9856294e
1966861.0,554520,python,[JIT],0x00007bae98562f25
1966823.0,554572,python,[JIT],0x000071d3e6051524
1966819.0,554572,python,[JIT],0x000071d3e604ed65
1966791.0,554508,python,[JIT],0x000074d1632200fc
1966787.0,554498,python,[JIT],0x00007a47e284396a
1966751.0,554559,python,[JIT],0x000074472c09bb90
1966712.0,554520,python,[kernel.kallsyms],rmqueue
1966685.0,554572,python,[kernel.kallsyms],zap_pte_range
1966684.0,554572,python,[kernel.kallsyms],do_anonymous_page
1966675.0,554572,python,[JIT],0x000071d3e60518c2
1966655.0,554498,python,[JIT],0x00007a47e2844254
1966641.0,554559,python,[JIT],0x000074472c09bc79
1966620.0,554559,python,[JIT],0x000074472c93447f
1966580.0,554572,python,[JIT],0x000071d3e6051f55
1966576.0,554559,python,[JIT],0x000074472c09b587
1966512.0,554532,python,[kernel.kallsyms],vm_normal_page
1966501.0,554520,python,[kernel.kallsyms],check_cpu_stall
1966498.0,554498,python,python,PyType_IsSubtype
1966492.0,554545,python,python,method_get
1966483.0,554559,python,[JIT],0x000074472c09bbc6
1966439.0,554572,python,[JIT],0x000071d3e6051aba
1966409.0,554508,python,[JIT],0x000074d163213923
1966383.0,554572,python,[JIT],0x000071d3e6059474
1966362.0,554532,python,[JIT],0x00007f3be24b30f4
1966356.0,554572,python,[JIT],0x000071d3e6051606
1966293.0,554520,python,[JIT],0x00007bae98562fe8
1966269.0,554520,python,[JIT],0x00007bae98566528
1966230.0,554572,python,[JIT],0x000071d3e60515b0
1966188.0,554520,python,[JIT],0x00007bae98562cef
1966173.0,554559,python,[JIT],0x000074472c095b5c
1966171.0,554498,python,[JIT],0x00007a47e284622e
1966166.0,554532,python,[kernel.kallsyms],try_charge_memcg
1966152.0,554508,python,[JIT],0x000074d16321fd19
1966139.0,554520,python,[JIT],0x00007bae98558060
1966139.0,554545,python,[kernel.kallsyms],folio_add_lru
1966097.0,554498,python,[JIT],0x00007a47e2838be9
1966032.0,554559,python,libc.so.6,malloc_consolidate
1966015.0,554508,python,[JIT],0x000074d16321a5a4
1965965.0,554572,python,[JIT],0x000071d3e6052212
1965839.0,554508,python,[JIT],0x000074d16321f2ad
1965816.0,554572,python,[JIT],0x000071d3e6051aca
1965759.0,554559,python,[JIT],0x000074472c09b41f
1965747.0,554572,python,[JIT],0x000071d3e605a31d
1965737.0,554508,python,[JIT],0x000074d16321f7df
1965723.0,554572,python,[JIT],0x000071d3e60520de
1965702.0,554559,python,[JIT],0x000074472c09b5be
1965689.0,554559,python,[JIT],0x000074472c09bd95
1965668.0,554572,python,[JIT],0x000071d3e6051809
1965651.0,554508,python,[kernel.kallsyms],error_return
1965650.0,554508,python,python,dict_length
1965543.0,554520,python,[JIT],0x00007bae9855c9a4
1965509.0,554508,python,[kernel.kallsyms],free_pcppages_bulk
1965461.0,554508,python,[JIT],0x000074d16321f72b
1965454.0,554508,python,[kernel.kallsyms],update_load_avg
1965448.0,554498,python,[JIT],0x00007a47e283be0b
1965439.0,554498,python,[JIT],0x00007a47e2843cbe
1965429.0,554520,python,[JIT],0x00007bae9856431b
1965428.0,554559,python,[kernel.kallsyms],blk_cgroup_congested
1965323.0,554498,python,[kernel.kallsyms],mas_topiary_replace
1965321.0,554498,python,[JIT],0x00007a47e2845369
1965304.0,554559,python,python,invoke_gc_callback.isra.0
1965287.0,554520,python,python,PyObject_IS_GC
1965189.0,554508,python,[kernel.kallsyms],alloc_anon_folio
1965127.0,554572,python,[kernel.kallsyms],up_read
1965011.0,554572,python,[JIT],0x000071d3e604c8be
1964959.0,554559,python,[JIT],0x000074472c09c0b5
1964959.0,554508,python,[JIT],0x000074d16321c0c7
1964923.0,554508,python,[JIT],0x000074d16322017d
1964906.0,554572,python,[JIT],0x000071d3e605306a
1964885.0,554508,python,[JIT],0x000074d1632201c2
1964873.0,554508,python,[JIT],0x000074d16320f69f
1964819.0,554498,python,[JIT],0x00007a47e283b7f7
1964801.0,554520,python,[JIT],0x00007bae9856088c
1964771.0,554498,python,[JIT],0x00007a47e2843e7c
1964767.0,554498,python,[JIT],0x00007a47e284387d
1964758.0,554572,python,[JIT],0x000071d3e6051d31
1964752.0,554532,python,[kernel.kallsyms],scheduler_tick
1964737.0,554559,python,[JIT],0x000074472c08b660
1964558.0,554498,python,[JIT],0x00007a47e284403e
1964520.0,554559,python,[kvm],pvclock_gtod_notify
1964515.0,554572,python,[JIT],0x000071d3e6051590
1964514.0,554572,python,[JIT],0x000071d3e604b64c
1964497.0,554572,python,[JIT],0x000071d3e60518d6
1964446.0,554532,python,[JIT],0x00007f3be24c008c
1964426.0,554572,python,[JIT],0x000071d3e604ec5f
1964411.0,554508,python,[JIT],0x000074d16321fe8c
1964388.0,554520,python,[JIT],0x00007bae98551750
1964367.0,554498,python,[JIT],0x00007a47e2843282
1964231.0,554498,python,[JIT],0x00007a47e282d0f1
1964167.0,554559,python,[JIT],0x000074472c09b6da
1964078.0,554572,python,[JIT],0x000071d3e6051176
1963974.0,554498,python,[JIT],0x00007a47e28430fd
1963938.0,554508,python,[JIT],0x000074d16321fd2e
1963700.0,554572,python,[JIT],0x000071d3e60521cd
1963698.0,554508,python,[JIT],0x000074d16321d133
1963664.0,554508,python,[JIT],0x000074d16321fc67
1963649.0,554498,python,[kernel.kallsyms],invoke_rcu_core
1963633.0,554572,python,[JIT],0x000071d3e6051a94
1963469.0,554532,python,[JIT],0x00007f3be2d6545f
1963449.0,554532,python,[JIT],0x00007f3be24c025c
1963406.0,554508,python,[JIT],0x000074d16321d273
1963362.0,554559,python,[JIT],0x000074472c09b606
1963354.0,554532,python,[JIT],0x00007f3be24b3738
1963309.0,554559,python,[JIT],0x000074472c09b291
1963258.0,554559,python,[JIT],0x000074472c09b6e3
1963251.0,554545,python,python,_PyStaticType_GetState
1963213.0,554498,python,[JIT],0x00007a47e282d4ce
1963207.0,554520,python,[JIT],0x00007bae98562eda
1963139.0,554532,python,[kernel.kallsyms],__mod_zone_page_state
1963126.0,554559,python,[JIT],0x000074472c09b0a1
1962974.0,554498,python,[kernel.kallsyms],folio_mapping
1962973.0,554532,python,[JIT],0x00007f3be24addb1
1962912.0,554498,python,[kernel.kallsyms],rb_next
1962788.0,554559,python,[kernel.kallsyms],__mod_node_page_state
1962668.0,554559,python,[JIT],0x000074472c09c1cd
1962618.0,554532,python,[kernel.kallsyms],account_user_time
1962602.0,554498,python,[JIT],0x00007a47e2845261
1962595.0,554559,python,[JIT],0x000074472c09b0b8
1962490.0,554498,python,[JIT],0x00007a47e28462c1
1962487.0,554532,python,[JIT],0x00007f3be24ac5d0
1962478.0,554498,python,[JIT],0x00007a47e2843ec4
1962435.0,554532,python,[JIT],0x00007f3be24bfb7a
1962433.0,554572,python,python,PyObject_SelfIter
1962433.0,554559,python,[JIT],0x000074472c09b64d
1962418.0,554559,python,[JIT],0x000074472c09b8d6
1962395.0,554508,python,[JIT],0x000074d1632193d9
1962347.0,554520,python,[kernel.kallsyms],__count_memcg_events
1962328.0,554532,python,[JIT],0x00007f3be24a9675
1962314.0,554559,python,[JIT],0x000074472c935339
1962308.0,554520,python,[kernel.kallsyms],error_return
1962290.0,554559,python,[JIT],0x000074472c08f67e
1962237.0,554532,python,[JIT],0x00007f3be2d66257
1962192.0,554559,python,[JIT],0x000074472c09bce3
1962181.0,554520,python,[JIT],0x00007bae9856308c
1962131.0,554498,python,python,dict_dealloc
1962022.0,554508,python,[kernel.kallsyms],__mod_lruvec_state
1962002.0,554520,python,[JIT],0x00007bae98562fb0
1962002.0,554545,python,python,PyMem_Malloc
1961980.0,554498,python,[JIT],0x00007a47e2843998
1961957.0,554532,python,[JIT],0x00007f3be24b7783
1961865.0,554498,python,[JIT],0x00007a47e2844260
1961781.0,554532,python,[kernel.kallsyms],__folio_throttle_swaprate
1961733.0,554520,python,[JIT],0x00007bae98562e69
1961731.0,554559,python,[JIT],0x000074472c0a314e
1961725.0,554559,python,python,meth_dealloc
1961725.0,554532,python,[kernel.kallsyms],__rcu_read_unlock
1961576.0,554559,python,[JIT],0x000074472c08e31d
1961541.0,554498,python,[JIT],0x00007a47e2843e21
1961492.0,554498,python,[JIT],0x00007a47e2843934
1961462.0,554559,python,[JIT],0x000074472c9352fa
1961451.0,554508,python,[JIT],0x000074d16321f758
1961443.0,554498,python,[JIT],0x00007a47e2843f9a
1961311.0,554532,python,[JIT],0x00007f3be24bf78f
1961262.0,554520,python,[JIT],0x00007bae9856290c
1961211.0,554572,python,[JIT],0x000071d3e6051212
1961200.0,554532,python,[JIT],0x00007f3be24bf378
1961072.0,554520,python,[JIT],0x00007bae98562392
1960990.0,554559,python,[JIT],0x000074472c08e4c3
1960964.0,554498,python,[JIT],0x00007a47e2834052
1960932.0,554572,python,[JIT],0x000071d3e604c77b
1960863.0,554508,python,[JIT],0x000074d16321f613
1960856.0,554498,python,[kernel.kallsyms],page_counter_try_charge
1960789.0,554532,python,[JIT],0x00007f3be24bf758
1960748.0,554520,python,[JIT],0x00007bae985621da
1960714.0,554508,python,[JIT],0x000074d1632270c7
1960698.0,554572,python,[JIT],0x000071d3e605b2fa
1960674.0,554559,python,[JIT],0x000074472c935138
1960672.0,554520,python,[kernel.kallsyms],policy_nodemask
1960572.0,554520,python,[JIT],0x00007bae98565228
1960570.0,554572,python,[kernel.kallsyms],pte_mkwrite
1960551.0,554508,python,[JIT],0x000074d163220002
1960458.0,554508,python,[JIT],0x000074d1632123af
1960410.0,554498,python,[kernel.kallsyms],pfn_pte
1960404.0,554572,python,[kernel.kallsyms],rcu_sched_clock_irq
1960381.0,554498,python,[JIT],0x00007a47e284344e
1960374.0,554572,python,[JIT],0x000071d3e60513f7
1960363.0,554520,python,[JIT],0x00007bae985543dd
1960323.0,554520,python,[JIT],0x00007bae98562561
1960296.0,554559,python,[JIT],0x000074472c0a30f1
1960163.0,554498,python,[JIT],0x00007a47e2843c61
1960142.0,554498,python,python,module_traverse
1960125.0,554559,python,[JIT],0x000074472c090793
1960120.0,554559,python,[JIT],0x000074472c08b221
1960071.0,554532,python,[JIT],0x00007f3be24a9819
1960066.0,554572,python,[JIT],0x000071d3e60516bd
1960063.0,554508,python,[JIT],0x000074d16321c701
1960059.0,554508,python,[JIT],0x000074d163219343
1960031.0,554498,python,[JIT],0x00007a47e2843134
1959943.0,554559,python,[JIT],0x000074472c08b812
1959928.0,554559,python,[JIT],0x000074472c93463a
1959920.0,554520,python,[JIT],0x00007bae98551675
1959916.0,554532,python,[JIT],0x00007f3be24b01c0
1959896.0,554498,python,[JIT],0x00007a47e2843c9f
1959894.0,554508,python,[JIT],0x000074d16321a489
1959876.0,554572,python,[JIT],0x000071d3e60518b7
1959871.0,554498,python,[JIT],0x00007a47e28391a9
1959830.0,554572,python,[JIT],0x000071d3e6051500
1959745.0,554498,python,[JIT],0x00007a47e282d143
1959730.0,554508,python,[JIT],0x000074d1634c330e
1959715.0,554572,python,[JIT],0x000071d3e604c07d
1959715.0,554498,python,[JIT],0x00007a47e2831380
1959713.0,554559,python,[JIT],0x000074472c0953f9
1959704.0,554532,python,[JIT],0x00007f3be24ad39d
1959653.0,554520,python,[JIT],0x00007bae98562641
1959643.0,554572,python,[JIT],0x000071d3e6051552
1959633.0,554532,python,[JIT],0x00007f3be24ac0f8
1959632.0,554532,python,[JIT],0x00007f3be24bf61f
1959596.0,554559,python,[JIT],0x000074472c0a4293
1959578.0,554520,python,[kernel.kallsyms],free_unref_page_list
1959576.0,554498,python,[JIT],0x00007a47e283820c
1959576.0,554498,python,[JIT],0x00007a47e283b8b0
1959508.0,554559,python,[JIT],0x000074472c09b338
1959501.0,554498,python,[JIT],0x00007a47e283b881
1959497.0,554498,python,[JIT],0x00007a47e283c3d5
1959476.0,554532,python,[JIT],0x00007f3be24ad192
1959475.0,554520,python,[JIT],0x00007bae985620b8
1959470.0,554559,python,[JIT],0x000074472c08e2d5
1959458.0,554498,python,[JIT],0x00007a47e2838b43
1959456.0,554572,python,[JIT],0x000071d3e6051dab
1959451.0,554532,python,[JIT],0x00007f3be24b48be
1959424.0,554508,python,[JIT],0x000074d16321a182
1959420.0,554559,python,[JIT],0x000074472c099915
1959418.0,554520,python,[JIT],0x00007bae9855f2ab
1959417.0,554498,python,[JIT],0x00007a47e283be4b
1959415.0,554508,python,[JIT],0x000074d163217b49
1959403.0,554532,python,[JIT],0x00007f3be24b4292
1959372.0,554532,python,[kernel.kallsyms],__mem_cgroup_charge
1959366.0,554520,python,[JIT],0x00007bae98552d31
1959340.0,554498,python,[JIT],0x00007a47e283bcec
1959337.0,554520,python,[JIT],0x00007bae9856224a
1959265.0,554532,python,[JIT],0x00007f3be24b428e
1959235.0,554520,python,[JIT],0x00007bae9855b068
1959226.0,554532,python,[kernel.kallsyms],do_anonymous_page
1959222.0,554520,python,[JIT],0x00007bae9856240e
1959209.0,554508,python,[JIT],0x000074d1632201c5
1959205.0,554520,python,[JIT],0x00007bae98562919
1959203.0,554520,python,[JIT],0x00007bae9855f45c
1959146.0,554572,python,[JIT],0x000071d3e6051f1a
1959106.0,554572,python,[JIT],0x000071d3e604e6b7
1959092.0,554532,python,[JIT],0x00007f3be24b39fe
1959091.0,554508,python,[JIT],0x000074d16321d7c5
1958995.0,554498,python,[kernel.kallsyms],free_swap_cache
1958972.0,554572,python,[JIT],0x000071d3e604c259
1958971.0,554559,python,[JIT],0x000074472c09b406
1958963.0,554532,python,[JIT],0x00007f3be24bfecb
1958873.0,554520,python,[JIT],0x00007bae98555c53
1958864.0,554520,python,[JIT],0x00007bae985607d3
1958862.0,554520,python,[JIT],0x00007bae9855f225
1958846.0,554498,python,[JIT],0x00007a47e283c2e9
1958836.0,554572,python,[JIT],0x000071d3e604f4fd
1958818.0,554498,python,[JIT],0x00007a47e283c735
1958811.0,554532,python,[JIT],0x00007f3be24bfa3e
1958785.0,554559,python,[JIT],0x000074472c08b276
1958751.0,554559,python,[JIT],0x000074472c098540
1958546.0,554545,python,python,list_vectorcall
1958531.0,554559,python,[JIT],0x000074472c09be54
1958505.0,554559,python,[JIT],0x000074472c934517
1958448.0,554572,python,[JIT],0x000071d3e604e96b
1958437.0,554520,python,[JIT],0x00007bae98566420
1958432.0,554572,python,[JIT],0x000071d3e604b67b
1958431.0,554572,python,[kernel.kallsyms],mas_walk
1958413.0,554532,python,[JIT],0x00007f3be24ade56
1958395.0,554559,python,[JIT],0x000074472c095b79
1958370.0,554559,python,[JIT],0x000074472c0981a9
1958328.0,554532,python,[JIT],0x00007f3be24c016d
1958319.0,554532,python,[JIT],0x00007f3be24b3b33
1958304.0,554532,python,[JIT],0x00007f3be2ceb0ad
1958293.0,554520,python,[JIT],0x00007bae985629aa
1958240.0,554498,python,[JIT],0x00007a47e2843d56
1958152.0,554532,python,[JIT],0x00007f3be24b1904
1958127.0,554520,python,[JIT],0x00007bae985620d6
1958111.0,554532,python,[JIT],0x00007f3be24bfc5d
1958083.0,554520,python,[JIT],0x00007bae9855d117
1958079.0,554508,python,[JIT],0x000074d16321f9e6
1958039.0,554572,python,[kernel.kallsyms],lru_gen_del_folio.constprop.0
1957999.0,554572,python,python,builtin_iter
1957998.0,554508,python,[kernel.kallsyms],free_unref_page_commit
1957983.0,554545,python,python,PyObject_Free
1957961.0,554508,python,[kernel.kallsyms],vma_alloc_folio
1957750.0,554559,python,[JIT],0x000074472c098b70
1957709.0,554498,python,[JIT],0x00007a47e2843dca
1957700.0,554498,python,[JIT],0x00007a47e28433b5
1957624.0,554559,python,[kernel.kallsyms],_raw_spin_unlock
1957599.0,554572,python,[JIT],0x000071d3e60520d6
1957597.0,554520,python,[JIT],0x00007bae985541c0
1957581.0,554508,python,libc.so.6,realloc
1957528.0,554498,python,[JIT],0x00007a47e2843eb8
1957445.0,554498,python,[JIT],0x00007a47e284371b
1957442.0,554532,python,[JIT],0x00007f3be24b6417
1957386.0,554532,python,[JIT],0x00007f3be24bfd44
1957375.0,554572,python,[JIT],0x000071d3e604ed7b
1957354.0,554498,python,[JIT],0x00007a47e2834d08
1957309.0,554572,python,python,PyObject_Size
1957278.0,554498,python,[JIT],0x00007a47e282d75e
1957210.0,554532,python,[JIT],0x00007f3be24ac3c5
1957119.0,554572,python,[JIT],0x000071d3e60423a2
1957105.0,554559,python,[JIT],0x000074472c099221
1956751.0,554572,python,[JIT],0x000071d3e604b3ac
1956693.0,554532,python,[JIT],0x00007f3be24b3b6b
1956671.0,554508,python,[JIT],0x000074d1632197b6
1956655.0,554559,python,[JIT],0x000074472c09bd41
1956648.0,554572,python,[JIT],0x000071d3e60512db
1956595.0,554532,python,[JIT],0x00007f3be2d65261
1956564.0,554508,python,[JIT],0x000074d1634c323e
1956563.0,554520,python,[JIT],0x00007bae98555543
1956553.0,554572,python,[kernel.kallsyms],try_charge_memcg
1956552.0,554498,python,[JIT],0x00007a47e28432cc
1956518.0,554508,python,[JIT],0x000074d16321f705
1956332.0,554520,python,[JIT],0x00007bae985631e8
1956329.0,554532,python,[JIT],0x00007f3be24b320c
1956314.0,554572,python,[JIT],0x000071d3e605205d
1956303.0,554559,python,[kernel.kallsyms],__raw_spin_lock_irqsave
1956139.0,554508,python,[JIT],0x000074d16322973c
1956115.0,554498,python,[JIT],0x00007a47e283c334
1956009.0,554532,python,[kernel.kallsyms],nohz_balancer_kick
1955987.0,554532,python,[JIT],0x00007f3be24b364c
1955977.0,554572,python,[JIT],0x000071d3e60519cf
1955973.0,554520,python,python,set_traverse
1955929.0,554559,python,[JIT],0x000074472c08b261
1955919.0,554508,python,[JIT],0x000074d16321a600
1955794.0,554520,python,[JIT],0x00007bae9855c7cc
1955731.0,554532,python,[kernel.kallsyms],__memcg_slab_free_hook
1955730.0,554532,python,[JIT],0x00007f3be24b7133
1955618.0,554498,python,[JIT],0x00007a47e2843845
1955572.0,554559,python,[JIT],0x000074472c0a3134
1955420.0,554532,python,[kernel.kallsyms],get_vma_policy
1955402.0,554559,python,[JIT],0x000074472c09b268
1955145.0,554520,python,python,builtin_iter
1955063.0,554508,python,[JIT],0x000074d16321417e
1954906.0,554508,python,python,PyObject_SelfIter
1954571.0,554532,python,[JIT],0x00007f3be2d65003
1954510.0,554559,python,[kernel.kallsyms],__memcg_slab_free_hook
1954498.0,554520,python,python,tuple_traverse
1954395.0,554532,python,[JIT],0x00007f3be24b6f69
1954221.0,554559,python,[kernel.kallsyms],rmqueue_bulk
1954220.0,554498,python,[JIT],0x00007a47e284382a
1954191.0,554532,python,[JIT],0x00007f3be24b64da
1954140.0,554508,python,[JIT],0x000074d16321f32b
1953996.0,554498,python,[kernel.kallsyms],sysvec_apic_timer_interrupt
1953893.0,554520,python,[JIT],0x00007bae9855cf9b
1953882.0,554572,python,[JIT],0x000071d3e605144e
1953825.0,554532,python,[JIT],0x00007f3be24bfdca
1953762.0,554532,python,[JIT],0x00007f3be2d654b3
1953724.0,554508,python,[JIT],0x000074d163229572
1953661.0,554508,python,[JIT],0x000074d16321304c
1953574.0,554508,python,[JIT],0x000074d16321a2af
1953465.0,554532,python,[JIT],0x00007f3be24a90c7
1953363.0,554520,python,[kernel.kallsyms],__rcu_read_unlock
1953121.0,554572,python,[JIT],0x000071d3e605b138
1953118.0,554498,python,[JIT],0x00007a47e2843979
1952880.0,554498,python,[JIT],0x00007a47e283c62c
1952871.0,554498,python,[JIT],0x00007a47e2843d1c
1952789.0,554559,python,[JIT],0x000074472c098430
1952754.0,554508,python,[kernel.kallsyms],count_memcg_events.constprop.0
1952737.0,554520,python,[JIT],0x00007bae9855d666
1952619.0,554498,python,[JIT],0x00007a47e283bf3d
1952534.0,554559,python,[JIT],0x000074472c095ac8
1952483.0,554572,python,[JIT],0x000071d3e605178f
1952408.0,554532,python,[JIT],0x00007f3be24ad210
1952319.0,554508,python,[JIT],0x000074d16321c9e7
1952166.0,554532,python,[JIT],0x00007f3be24bfd28
1951995.0,554559,python,[JIT],0x000074472c09b0cb
1951934.0,554559,python,[JIT],0x000074472c08e23d
1951806.0,554532,python,[kernel.kallsyms],__tlb_remove_page_size
1951761.0,554572,python,[JIT],0x000071d3e6051cef
1951606.0,554559,python,[JIT],0x000074472c095a04
1951286.0,554545,python,[kernel.kallsyms],do_anonymous_page
1951230.0,554559,python,[JIT],0x000074472c09b7df
1951214.0,554498,python,[kernel.kallsyms],asm_sysvec_apic_timer_interrupt
1951076.0,554532,python,python,func_traverse
1950989.0,554532,python,[JIT],0x00007f3be24bfba1
1950902.0,554508,python,[JIT],0x000074d16321a17e
1950869.0,554508,python,[kernel.kallsyms],__mod_lruvec_state
1950861.0,554559,python,[JIT],0x000074472c0900f7
1950776.0,554520,python,[kernel.kallsyms],__update_load_avg_se
1950543.0,554532,python,python,dictresize
1950286.0,554498,python,[JIT],0x00007a47e284327a
1950280.0,554520,python,[JIT],0x00007bae9855d78c
1950146.0,554520,python,python,PyMem_Malloc
1950122.0,554532,python,[JIT],0x00007f3be2d662a5
1949960.0,554520,python,[JIT],0x00007bae9855d2af
1949897.0,554532,python,[JIT],0x00007f3be24bfc9f
1949450.0,554508,python,[JIT],0x000074d16321f9bd
1948880.0,554545,python,python,dictiter_dealloc
1948737.0,554498,python,[kernel.kallsyms],free_pcppages_bulk
1948494.0,554572,python,python,method_vectorcall_VARARGS_KEYWORDS
1948353.0,554520,python,[JIT],0x00007bae98559b64
1948298.0,554498,python,[JIT],0x00007a47e2ad71ec
1948156.0,554508,python,[JIT],0x000074d16321d915
1948016.0,554498,python,[JIT],0x00007a47e284393f
1947780.0,554572,python,[JIT],0x000071d3e605b3f0
1947503.0,554520,python,[JIT],0x00007bae9856613b
1947268.0,554498,python,[JIT],0x00007a47e2843fad
1947217.0,554498,python,[JIT],0x00007a47e2830462
1946982.0,554559,python,[JIT],0x000074472c09be07
1946925.0,554532,python,python,slot_tp_call
1946919.0,554498,python,[JIT],0x00007a47e284317a
1946812.0,554532,python,[JIT],0x00007f3be24b636d
1946776.0,554498,python,[JIT],0x00007a47e282d574
1946764.0,554532,python,[JIT],0x00007f3be24b7915
1946676.0,554508,python,[JIT],0x000074d163216c49
1946671.0,554532,python,[JIT],0x00007f3be24b4489
1946338.0,554498,python,[JIT],0x00007a47e2843fb9
1946215.0,554559,python,[kernel.kallsyms],__mod_zone_page_state
1945572.0,554532,python,[JIT],0x00007f3be24ae2a9
1945570.0,554572,python,[JIT],0x000071d3e6052166
1944936.0,554520,python,[JIT],0x00007bae9855c18e
1944884.0,554520,python,[JIT],0x00007bae9855fb9c
1944870.0,554559,python,[JIT],0x000074472c09510c
1944747.0,554532,python,[JIT],0x00007f3be24c0074
1944735.0,554559,python,[kernel.kallsyms],post_alloc_hook
1944697.0,554508,python,[JIT],0x000074d163213eb3
1944688.0,554508,python,[JIT],0x000074d16321a15a
1944209.0,554498,python,[JIT],0x00007a47e28313d6
1943634.0,554559,python,[JIT],0x000074472c08f2e8
1943296.0,554572,python,[JIT],0x000071d3e6051ba1
1943288.0,554532,python,[JIT],0x00007f3be24bf3ad
1942983.0,554520,python,[JIT],0x00007bae9855ccae
1942872.0,554508,python,[JIT],0x000074d16321cdff
1942829.0,554520,python,[JIT],0x00007bae9855c62e
1942520.0,554572,python,[JIT],0x000071d3e60520c4
1942336.0,554498,python,[kernel.kallsyms],vm_normal_page
1942203.0,554508,python,[JIT],0x000074d16321f8ac
1942102.0,554508,python,[JIT],0x000074d16321a0ef
1942082.0,554532,python,[JIT],0x00007f3be24bfdeb
1942068.0,554572,python,[JIT],0x000071d3e605b2c7
1941999.0,554508,python,[JIT],0x000074d16321f636
1941988.0,554508,python,[JIT],0x000074d16321ca4a
1941760.0,554508,python,[JIT],0x000074d1632132c5
1941489.0,554508,python,[kernel.kallsyms],alloc_pages_mpol
1941257.0,554508,python,[JIT],0x000074d16321d028
1941237.0,554508,python,[JIT],0x000074d16321fdfd
1940912.0,554520,python,[JIT],0x00007bae985553d6
1940089.0,554508,python,[JIT],0x000074d16321a05a
1939989.0,554572,python,[kernel.kallsyms],vm_normal_page
1939665.0,554498,python,[JIT],0x00007a47e2831459
1939172.0,554520,python,[JIT],0x00007bae985673c1
1939030.0,554520,python,[JIT],0x00007bae9855fe27
1938665.0,554508,python,[JIT],0x000074d163216121
1936838.0,554532,python,[JIT],0x00007f3be24b3664
1936201.0,554532,python,[JIT],0x00007f3be24b3f0a
1935361.0,554520,python,[JIT],0x00007bae98560342
1935316.0,554559,python,[JIT],0x000074472c08b273
1934967.0,554559,python,[JIT],0x000074472c098570
1934925.0,554572,python,[JIT],0x000071d3e604571f
1934921.0,554508,python,[JIT],0x000074d163213d37
1934909.0,554508,python,[JIT],0x000074d16321d2df
1934885.0,554508,python,[JIT],0x000074d163219851
1934882.0,554559,python,[JIT],0x000074472c08b3c0
1934816.0,554508,python,[JIT],0x000074d16321cc75
1934765.0,554559,python,[JIT],0x000074472c098cbf
1934734.0,554532,python,[JIT],0x00007f3be24b652c
1934729.0,554559,python,[JIT],0x000074472c0994c5
1934712.0,554498,python,[JIT],0x00007a47e282d3dd
1934595.0,554559,python,[JIT],0x000074472c099908
1934579.0,554498,python,[JIT],0x00007a47e28384cd
1934487.0,554498,python,[JIT],0x00007a47e28397cf
1934470.0,554498,python,[JIT],0x00007a47e282e879
1934468.0,554508,python,[JIT],0x000074d163219224
1934459.0,554572,python,[JIT],0x000071d3e604c71f
1934435.0,554532,python,[JIT],0x00007f3be24b78bc
1934410.0,554508,python,[JIT],0x000074d1632111d6
1934350.0,554498,python,[JIT],0x00007a47e2834121
1934322.0,554498,python,[JIT],0x00007a47e283c109
1934224.0,554572,python,[JIT],0x000071d3e6043353
1934166.0,554520,python,[JIT],0x00007bae9855f121
1934128.0,554498,python,[JIT],0x00007a47e28349a4
1934104.0,554572,python,[JIT],0x000071d3e604f71d
1933644.0,554532,python,[JIT],0x00007f3be24b3010
1933188.0,554498,python,[JIT],0x00007a47e28382c8
1932954.0,554508,python,[JIT],0x000074d16321c58c
1932936.0,554508,python,[JIT],0x000074d163220182
1932651.0,554508,python,[JIT],0x000074d163216109
1932616.0,554532,python,[JIT],0x00007f3be24bfdd8
1932550.0,554559,python,[JIT],0x000074472c08b61e
1932323.0,554572,python,[JIT],0x000071d3e60430ad
1931905.0,554498,python,[JIT],0x00007a47e2838e88
1931877.0,554572,python,[JIT],0x000071d3e60430ff
1931465.0,554532,python,[JIT],0x00007f3be24c01ff
1931420.0,554520,python,[JIT],0x00007bae9855ceac
1930711.0,554520,python,[JIT],0x00007bae98560267
1930555.0,554520,python,[JIT],0x00007bae98566349
1929952.0,554532,python,[JIT],0x00007f3be24bf155
1929922.0,554532,python,[JIT],0x00007f3be24adb43
1929421.0,554508,python,[JIT],0x000074d163219d18
1929043.0,554559,python,[JIT],0x000074472c08b3f6
1928284.0,554532,python,[JIT],0x00007f3be24c01e8
1928045.0,554532,python,[JIT],0x00007f3be24b0d72
1927519.0,554520,python,[JIT],0x00007bae98556600
1926522.0,554520,python,[JIT],0x00007bae9855f0f1
1925974.0,554532,python,python,dictiter_len
1925214.0,554532,python,[JIT],0x00007f3be2d66312
1924067.0,554498,python,[JIT],0x00007a47e283be1a
1923881.0,554498,python,[JIT],0x00007a47e284326b
1922460.0,554559,python,[JIT],0x000074472c09858c
1922357.0,554520,python,[JIT],0x00007bae9855c77d
1921119.0,554498,python,[kernel.kallsyms],down_write
1920328.0,554520,python,[JIT],0x00007bae9855cfa8
1918567.0,554508,python,[JIT],0x000074d1632197c0
1918065.0,554520,python,[JIT],0x00007bae98560915
1917690.0,554532,python,[JIT],0x00007f3be24bf2ad
1917491.0,554559,python,[JIT],0x000074472c08b838
1917103.0,554520,python,[JIT],0x00007bae9856737b
1914012.0,554520,python,[JIT],0x00007bae9855f9c3
1911495.0,554508,python,[JIT],0x000074d163219395
1906719.0,554508,python,[JIT],0x000074d163213139
1903777.0,554508,python,[JIT],0x000074d163213bc3
1903008.0,554508,python,[JIT],0x000074d1632139b2
1902680.0,554572,python,[JIT],0x000071d3e605b212
1902426.0,554498,python,[JIT],0x00007a47e28301c0
1900839.0,554572,python,[JIT],0x000071d3e60533b5
1893165.0,554498,python,[JIT],0x00007a47e2834110
1892952.0,554498,python,[JIT],0x00007a47e2838cae
1890927.0,554508,python,[JIT],0x000074d1634c31cf
1886065.0,554498,python,[JIT],0x00007a47e2ad7400
1884445.0,554532,python,[JIT],0x00007f3be24b3f8d
1883562.0,554532,python,[kernel.kallsyms],free_iova
1882710.0,554508,python,[JIT],0x000074d16321a562
1881401.0,554498,python,[JIT],0x00007a47e2844090
1879754.0,554572,python,[JIT],0x000071d3e604723d
1876838.0,554498,python,[JIT],0x00007a47e2838a9e
1876140.0,554532,python,[JIT],0x00007f3be24bf951
1875780.0,554498,python,[JIT],0x00007a47e28380b3
1875511.0,554532,python,[JIT],0x00007f3be24bf3db
1875278.0,554498,python,[JIT],0x00007a47e2ad70fa
1873284.0,554559,python,[JIT],0x000074472c93530e
1872588.0,554520,python,[JIT],0x00007bae9855d4be
1864661.0,554559,python,[JIT],0x000074472c09bd25
1858809.0,554532,python,[JIT],0x00007f3be2d66102
1854357.0,554520,python,[kernel.kallsyms],timekeeping_adjust.constprop.0
1854261.0,554520,python,[JIT],0x00007bae9855d381
1846816.0,554498,python,[JIT],0x00007a47e2830010
1844411.0,554572,python,[JIT],0x000071d3e6048b64
1842730.0,554559,python,[JIT],0x000074472c09b590
1841942.0,554532,python,[JIT],0x00007f3be24bf04c
1840276.0,554508,python,[JIT],0x000074d16321a0f1
1838228.0,554572,python,[JIT],0x000071d3e604bec6
1829254.0,554520,python,[JIT],0x00007bae9855fc75
1824238.0,554532,python,[JIT],0x00007f3be24b62d0
1822951.0,554498,python,[JIT],0x00007a47e283bb20
1821287.0,554508,python,[JIT],0x000074d16321c2fe
1818875.0,554508,python,[JIT],0x000074d16321ce84
1815831.0,554559,python,[JIT],0x000074472c09b924
1812454.0,554532,python,[JIT],0x00007f3be24b4368
1808442.0,554498,python,[JIT],0x00007a47e2ad7339
1801264.0,554532,python,[JIT],0x00007f3be24bfee4
1801152.0,554508,python,[JIT],0x000074d1634c3146
1796192.0,554498,python,[JIT],0x00007a47e283b0ad
1774179.0,554498,python,[JIT],0x00007a47e283974e
1602658.0,554545,python,python,initialize_locals
1562552.0,554508,python,python,_Py_VectorCall_StackRefSteal
1116501.0,554572,python,python,initialize_locals
1023408.0,554508,python,[kernel.kallsyms],x86_pmu_enable
1023266.0,554559,python,[JIT],0x000074472c08b3a9
1023244.0,554520,python,[JIT],0x00007bae9855235e
1009703.0,554498,python,[JIT],0x00007a47e28434b4
1004720.0,554559,python,[JIT],0x000074472c08b2d4
999894.0,554559,python,[JIT],0x000074472c09bc8a
995997.0,554498,python,[JIT],0x00007a47e284313e
995906.0,554572,python,[JIT],0x000071d3e604006a
994211.0,554498,python,[JIT],0x00007a47e2843534
993561.0,554532,python,[JIT],0x00007f3be24aa96b
993353.0,554520,python,[JIT],0x00007bae98555233
993276.0,554572,python,[JIT],0x000071d3e603896c
992993.0,554520,python,[JIT],0x00007bae98558343
992956.0,554532,python,[kernel.kallsyms],__rcu_read_lock
992942.0,554572,python,[JIT],0x000071d3e60405c1
992894.0,554559,python,[kernel.kallsyms],mem_cgroup_commit_charge
992894.0,554532,python,[JIT],0x00007f3be24b31f5
992877.0,554572,python,[kernel.kallsyms],cgroup_rstat_updated
992853.0,554532,python,[kernel.kallsyms],pgd_none
992835.0,554572,python,[JIT],0x000071d3e605b2c5
992827.0,554572,python,[kernel.kallsyms],pte_offset_map_nolock
992803.0,554520,python,[kernel.kallsyms],do_anonymous_page
992780.0,554559,python,[JIT],0x000074472c0953c1
992778.0,554572,python,[JIT],0x000071d3e6040473
992777.0,554532,python,[kernel.kallsyms],__lruvec_stat_mod_folio
992776.0,554572,python,[JIT],0x000071d3e605a2eb
992775.0,554572,python,[JIT],0x000071d3e605a388
992775.0,554508,python,[kernel.kallsyms],__pte_offset_map
992773.0,554545,python,[JIT],0x00007b13c6a86320
992766.0,554532,python,[kernel.kallsyms],perf_pmu_nop_void
992757.0,554545,python,[JIT],0x00007b13c6a8655d
992756.0,554559,python,[JIT],0x000074472c934735
992755.0,554508,python,[JIT],0x000074d16322723e
992754.0,554532,python,[JIT],0x00007f3be2d65626
992752.0,554498,python,[JIT],0x00007a47e2ad62f7
992751.0,554559,python,[JIT],0x000074472c934636
992742.0,554532,python,[JIT],0x00007f3be2d65768
992736.0,554559,python,[JIT],0x000074472c0a436c
992735.0,554559,python,[JIT],0x000074472c934764
992734.0,554572,python,[JIT],0x000071d3e60403a1
992734.0,554559,python,[JIT],0x000074472c0a312d
992734.0,554559,python,[JIT],0x000074472c934626
992728.0,554520,python,[kernel.kallsyms],kthread_blkcg
992716.0,554532,python,[JIT],0x00007f3be24a9643
992715.0,554545,python,[JIT],0x00007b13c67e060d
992713.0,554572,python,[JIT],0x000071d3e605a3b5
992713.0,554559,python,[JIT],0x000074472c93426a
992709.0,554532,python,[JIT],0x00007f3be2ceb0a9
992708.0,554572,python,[JIT],0x000071d3e605a47f
992708.0,554532,python,[JIT],0x00007f3be2d65658
992707.0,554572,python,[JIT],0x000071d3e6059306
992707.0,554508,python,[JIT],0x000074d16322827b
992705.0,554572,python,[kernel.kallsyms],amd_clear_divider
992704.0,554572,python,[JIT],0x000071d3e605a5a3
992703.0,554559,python,[JIT],0x000074472c9342ab
992702.0,554508,python,[JIT],0x000074d16322920c
992699.0,554532,python,[JIT],0x00007f3be2ceb41e
992698.0,554559,python,python,_PyType_Lookup
992697.0,554545,python,[JIT],0x00007b13c6a86292
992694.0,554508,python,[JIT],0x000074d16322835a
992693.0,554559,python,[JIT],0x000074472c9342bd
992691.0,554508,python,[JIT],0x000074d16320f45b
992690.0,554572,python,[JIT],0x000071d3e604050a
992686.0,554572,python,[JIT],0x000071d3e605a6d2
992685.0,554508,python,[JIT],0x000074d16322823c
992678.0,554508,python,[JIT],0x000074d16321c984
992676.0,554532,python,python,memmove@plt
992675.0,554508,python,[JIT],0x000074d16321a01c
992675.0,554545,python,[JIT],0x00007b13c6a8631a
992675.0,554498,python,[JIT],0x00007a47e282d3ec
992673.0,554559,python,[JIT],0x000074472c08b488
992672.0,554572,python,[JIT],0x000071d3e604052c
992672.0,554508,python,[JIT],0x000074d1632293f8
992671.0,554572,python,[JIT],0x000071d3e605a227
992670.0,554572,python,[JIT],0x000071d3e6040261
992669.0,554559,python,[JIT],0x000074472c0a4504
992668.0,554572,python,[JIT],0x000071d3e605a2e8
992667.0,554498,python,[JIT],0x00007a47e2ad6626
992665.0,554559,python,[JIT],0x000074472c934064
992664.0,554572,python,[JIT],0x000071d3e605a3a6
992663.0,554508,python,[JIT],0x000074d16322910c
992663.0,554508,python,[kernel.kallsyms],__percpu_counter_sum
992663.0,554498,python,[kernel.kallsyms],update_sd_lb_stats.constprop.0
992662.0,554508,python,[JIT],0x000074d16321a266
992657.0,554559,python,[JIT],0x000074472c934660
992657.0,554498,python,[JIT],0x00007a47e2ad6697
992656.0,554559,python,python,_Py_IsMainThread
992654.0,554508,python,[kernel.kallsyms],raise_softirq
992653.0,554508,python,[JIT],0x000074d163229146
992653.0,554532,python,[JIT],0x00007f3be24a9828
992652.0,554559,python,[JIT],0x000074472c93468e
992652.0,554508,python,[JIT],0x000074d1632292dc
992651.0,554532,python,[kernel.kallsyms],vma_complete
992649.0,554508,python,[kernel.kallsyms],lru_add_fn
992648.0,554572,python,[JIT],0x000071d3e605b0b9
992648.0,554532,python,[JIT],0x00007f3be2d650a9
992647.0,554508,python,[JIT],0x000074d1634c30ce
992646.0,554508,python,[JIT],0x000074d16320f5cc
992646.0,554508,python,[JIT],0x000074d163229649
992645.0,554559,python,[JIT],0x000074472c9346a4
992643.0,554520,python,[JIT],0x00007bae9856536c
992641.0,554559,python,[JIT],0x000074472c0a4455
992641.0,554532,python,[kernel.kallsyms],vma_complete
992640.0,554532,python,[JIT],0x00007f3be2d66124
992639.0,554508,python,[JIT],0x000074d163229536
992638.0,554498,python,[kernel.kallsyms],_find_first_bit
992637.0,554508,python,[JIT],0x000074d163226068
992636.0,554520,python,[JIT],0x00007bae98565406
992634.0,554508,python,[JIT],0x000074d1634c30ad
992633.0,554572,python,[kernel.kallsyms],enqueue_hrtimer
992633.0,554572,python,[JIT],0x000071d3e605a0f1
992633.0,554532,python,[kernel.kallsyms],consume_obj_stock
992632.0,554545,python,[JIT],0x00007b13c6a865f7
992631.0,554520,python,[JIT],0x00007bae98565316
992631.0,554545,python,[JIT],0x00007b13c67e06db
992630.0,554559,python,[JIT],0x000074472c08b605
992628.0,554532,python,[JIT],0x00007f3be2d65600
992627.0,554572,python,[JIT],0x000071d3e605a0ce
992627.0,554572,python,[JIT],0x000071d3e605a1fb
992627.0,554559,python,[JIT],0x000074472c9350b9
992627.0,554545,python,[JIT],0x00007b13c67e0052
992624.0,554559,python,[JIT],0x000074472c934329
992624.0,554508,python,[JIT],0x000074d163228246
992622.0,554508,python,[kernel.kallsyms],rseq_get_rseq_cs
992622.0,554508,python,[JIT],0x000074d1632294bd
992622.0,554508,python,[JIT],0x000074d16322968e
992621.0,554572,python,[JIT],0x000071d3e605922e
992621.0,554559,python,[JIT],0x000074472c934284
992620.0,554559,python,[JIT],0x000074472c934645
992618.0,554572,python,[kernel.kallsyms],sysvec_apic_timer_interrupt
992618.0,554559,python,[JIT],0x000074472c08b4f2
992618.0,554532,python,[JIT],0x00007f3be2d650dc
992617.0,554572,python,[JIT],0x000071d3e605a401
992617.0,554508,python,[JIT],0x000074d16322849d
992617.0,554508,python,[JIT],0x000074d163228120
992617.0,554498,python,[JIT],0x00007a47e2ad62e8
992616.0,554508,python,[JIT],0x000074d16321c7ef
992614.0,554572,python,[JIT],0x000071d3e605a13b
992614.0,554508,python,[JIT],0x000074d16322924a
992613.0,554508,python,[JIT],0x000074d163229670
992612.0,554572,python,[JIT],0x000071d3e6040261
992612.0,554572,python,[JIT],0x000071d3e604f779
992612.0,554520,python,[JIT],0x00007bae985663bb
992612.0,554532,python,[kernel.kallsyms],update_deadline
992611.0,554572,python,[JIT],0x000071d3e60405fa
992611.0,554559,python,[JIT],0x000074472c9340c3
992611.0,554532,python,[kernel.kallsyms],__count_memcg_events
992610.0,554508,python,[JIT],0x000074d16321a0a8
992610.0,554508,python,[JIT],0x000074d1632294ad
992608.0,554520,python,[JIT],0x00007bae98565493
992608.0,554498,python,[JIT],0x00007a47e2ad6670
992607.0,554559,python,[JIT],0x000074472c93412d
992606.0,554532,python,[JIT],0x00007f3be2ceb31a
992605.0,554532,python,[kernel.kallsyms],__calc_delta.constprop.0
992604.0,554508,python,[kernel.kallsyms],mem_cgroup_from_task
992604.0,554508,python,[JIT],0x000074d16320f756
992602.0,554559,python,[JIT],0x000074472c93447b
992600.0,554520,python,[JIT],0x00007bae985662e5
992598.0,554559,python,[JIT],0x000074472c08b784
992598.0,554572,python,[JIT],0x000071d3e605944d
992598.0,554532,python,[JIT],0x00007f3be24c1333
992598.0,554498,python,[JIT],0x00007a47e2ad62d2
992596.0,554520,python,[JIT],0x00007bae985660d2
992595.0,554520,python,[JIT],0x00007bae985673af
992595.0,554532,python,[kernel.kallsyms],folio_mapping
992594.0,554508,python,[JIT],0x000074d163219210
992594.0,554498,python,[JIT],0x00007a47e282d605
992593.0,554572,python,[JIT],0x000071d3e605b339
992592.0,554572,python,[JIT],0x000071d3e605a003
992591.0,554532,python,[JIT],0x00007f3be24a9663
992590.0,554520,python,[JIT],0x00007bae9855120c
992588.0,554559,python,[JIT],0x000074472c08b4eb
992588.0,554559,python,[JIT],0x000074472c0a3246
992587.0,554508,python,[JIT],0x000074d1632131c0
992587.0,554508,python,[JIT],0x000074d1632191d6
992587.0,554508,python,[JIT],0x000074d16321cb2e
992587.0,554508,python,[JIT],0x000074d1632273b7
992586.0,554572,python,[JIT],0x000071d3e60403d4
992586.0,554508,python,[JIT],0x000074d16321d26d
992585.0,554559,python,python,dict_length
992585.0,554572,python,[JIT],0x000071d3e605a296
992585.0,554559,python,[JIT],0x000074472c934134
992585.0,554508,python,[JIT],0x000074d163219d37
992584.0,554520,python,[JIT],0x00007bae985670ea
992583.0,554572,python,[JIT],0x000071d3e605a372
992583.0,554520,python,[JIT],0x00007bae985515f6
992583.0,554508,python,[JIT],0x000074d16321a6ad
992582.0,554520,python,[JIT],0x00007bae98566697
992581.0,554572,python,[JIT],0x000071d3e60403b9
992581.0,554508,python,[JIT],0x000074d163214649
992581.0,554520,python,[JIT],0x00007bae9856630b
992580.0,554559,python,[JIT],0x000074472c0a4060
992579.0,554508,python,[JIT],0x000074d163227396
992578.0,554520,python,[JIT],0x00007bae9855123b
992577.0,554520,python,[JIT],0x00007bae98551477
992576.0,554572,python,[JIT],0x000071d3e605a0f5
992576.0,554532,python,[kernel.kallsyms],perf_event_task_tick
992576.0,554508,python,[JIT],0x000074d1632272ae
992576.0,554508,python,[JIT],0x000074d16322944a
992576.0,554545,python,[JIT],0x00007b13c6a86134
992575.0,554532,python,[JIT],0x00007f3be2ceb306
992574.0,554572,python,[JIT],0x000071d3e605a4b0
992574.0,554532,python,[JIT],0x00007f3be2ceb493
992573.0,554508,python,[JIT],0x000074d163229561
992573.0,554498,python,[JIT],0x00007a47e2ad60fa
992572.0,554559,python,[JIT],0x000074472c08b06a
992572.0,554545,python,[JIT],0x00007b13c6a86764
992571.0,554572,python,[kernel.kallsyms],access_error
992571.0,554520,python,[JIT],0x00007bae9856620e
992570.0,554559,python,[JIT],0x000074472c9340ee
992570.0,554508,python,[JIT],0x000074d16321cc27
992569.0,554498,python,[JIT],0x00007a47e2ad60d2
992568.0,554545,python,[JIT],0x00007b13c6a862c1
992568.0,554498,python,[JIT],0x00007a47e2846504
992567.0,554572,python,[JIT],0x000071d3e605312d
992567.0,554508,python,[JIT],0x000074d163229290
992566.0,554508,python,[JIT],0x000074d16321338d
992566.0,554508,python,[JIT],0x000074d16320f12d
992566.0,554508,python,[JIT],0x000074d16320f3ec
992566.0,554545,python,[JIT],0x00007b13c6a863c7
992565.0,554520,python,[JIT],0x00007bae985672fa
992565.0,554559,python,[JIT],0x000074472c08b342
992565.0,554559,python,[JIT],0x000074472c0986d8
992564.0,554572,python,[JIT],0x000071d3e605a50a
992563.0,554532,python,[JIT],0x00007f3be24a9838
992563.0,554508,python,[JIT],0x000074d16321933e
992563.0,554508,python,[JIT],0x000074d163229600
992563.0,554508,python,[JIT],0x000074d1634c30c3
992562.0,554572,python,[JIT],0x000071d3e605a3dd
992562.0,554532,python,[JIT],0x00007f3be2d6524a
992562.0,554532,python,[JIT],0x00007f3be2d6530b
992562.0,554508,python,[JIT],0x000074d163229012
992561.0,554559,python,[JIT],0x000074472c934596
992561.0,554508,python,python,cfunction_vectorcall_FASTCALL
992561.0,554508,python,[JIT],0x000074d16320f406
992560.0,554532,python,python,PyErr_Format
992559.0,554559,python,[JIT],0x000074472c08b719
992558.0,554559,python,[JIT],0x000074472c934256
992558.0,554559,python,[JIT],0x000074472c935124
992558.0,554498,python,[kernel.kallsyms],avg_vruntime
992556.0,554572,python,[JIT],0x000071d3e605a4a9
992556.0,554508,python,[JIT],0x000074d16321c6ab
992556.0,554508,python,[JIT],0x000074d16322731b
992555.0,554520,python,[JIT],0x00007bae98567240
992555.0,554532,python,[JIT],0x00007f3be2d65146
992553.0,554508,python,[JIT],0x000074d16321723a
992553.0,554545,python,[JIT],0x00007b13c6a862a8
992552.0,554508,python,[JIT],0x000074d1632292e8
992551.0,554508,python,[JIT],0x000074d1632170a8
992550.0,554572,python,[kernel.kallsyms],timekeeping_adjust.constprop.0
992550.0,554520,python,[JIT],0x00007bae98566620
992550.0,554559,python,[kernel.kallsyms],qi_flush_iotlb
992549.0,554559,python,[JIT],0x000074472c095982
992549.0,554559,python,[JIT],0x000074472c08c3fa
992549.0,554559,python,[JIT],0x000074472c098b20
992548.0,554508,python,[JIT],0x000074d16322974b
992548.0,554508,python,[JIT],0x000074d16321a2a5
992548.0,554508,python,[JIT],0x000074d16321d4b0
992548.0,554520,python,[JIT],0x00007bae9856648b
992547.0,554559,python,[JIT],0x000074472c098ce7
992547.0,554559,python,[JIT],0x000074472c0a2064
992547.0,554508,python,[JIT],0x000074d1632272d8
992547.0,554532,python,[JIT],0x00007f3be2d65206
992546.0,554508,python,[JIT],0x000074d163229760
992545.0,554559,python,[JIT],0x000074472c08b45b
992545.0,554532,python,[JIT],0x00007f3be24b6e1e
992545.0,554508,python,[JIT],0x000074d1634c306a
992544.0,554572,python,[JIT],0x000071d3e60591fa
992544.0,554572,python,[JIT],0x000071d3e605b0ce
992544.0,554498,python,[JIT],0x00007a47e2ad6349
992543.0,554572,python,[JIT],0x000071d3e605a370
992543.0,554532,python,[JIT],0x00007f3be24a971e
992543.0,554508,python,[JIT],0x000074d16321440c
992543.0,554508,python,[JIT],0x000074d16321d5c6
992543.0,554508,python,[JIT],0x000074d16321cf95
992543.0,554532,python,[JIT],0x00007f3be2ceb0f1
992542.0,554508,python,[JIT],0x000074d16320f2d0
992542.0,554508,python,[JIT],0x000074d163219ff4
992542.0,554508,python,[JIT],0x000074d163229388
992541.0,554559,python,[JIT],0x000074472c08b3c7
992541.0,554532,python,[JIT],0x00007f3be24b6176
992541.0,554508,python,[JIT],0x000074d16320f6c4
992540.0,554532,python,[JIT],0x00007f3be24b78de
992540.0,554508,python,[JIT],0x000074d1632291f7
992539.0,554559,python,[JIT],0x000074472c08fe7e
992539.0,554532,python,[JIT],0x00007f3be24a975e
992539.0,554532,python,[JIT],0x00007f3be2d653e7
992539.0,554498,python,[JIT],0x00007a47e28325fd
992538.0,554532,python,[JIT],0x00007f3be2d652c1
992537.0,554532,python,[JIT],0x00007f3be2d65774
992537.0,554508,python,[JIT],0x000074d16320f6e9
992536.0,554559,python,[JIT],0x000074472c08b771
992535.0,554559,python,[JIT],0x000074472c0a438c
992533.0,554572,python,[JIT],0x000071d3e605a320
992533.0,554532,python,[JIT],0x00007f3be24aded5
992533.0,554508,python,[JIT],0x000074d163229398
992533.0,554508,python,[JIT],0x000074d163229587
992533.0,554545,python,[JIT],0x00007b13c6a864b3
992533.0,554532,python,[JIT],0x00007f3be24b75d9
992532.0,554572,python,[JIT],0x000071d3e605b300
992532.0,554559,python,[JIT],0x000074472c099415
992532.0,554508,python,[JIT],0x000074d16321c46c
992532.0,554508,python,[JIT],0x000074d16321d267
992531.0,554508,python,[JIT],0x000074d16321c5f0
992531.0,554508,python,[JIT],0x000074d16321cfde
992531.0,554508,python,[JIT],0x000074d16321d234
992530.0,554520,python,[JIT],0x00007bae98564379
992530.0,554508,python,[kernel.kallsyms],sysvec_apic_timer_interrupt
992530.0,554508,python,[JIT],0x000074d163219ef0
992530.0,554545,python,[JIT],0x00007b13c6a872a5
992529.0,554532,python,[JIT],0x00007f3be24b4085
992529.0,554508,python,[JIT],0x000074d1632160ad
992529.0,554508,python,[JIT],0x000074d1632112bd
992529.0,554520,python,python,dict_length
992528.0,554559,python,[JIT],0x000074472c095c6f
992528.0,554572,python,[kernel.kallsyms],tick_sched_do_timer
992528.0,554508,python,[JIT],0x000074d16321a77e
992528.0,554508,python,[JIT],0x000074d16322609c
992527.0,554508,python,[JIT],0x000074d163216224
992527.0,554508,python,[JIT],0x000074d1632197cf
992527.0,554508,python,[JIT],0x000074d16321401c
992527.0,554508,python,[JIT],0x000074d163229626
992527.0,554532,python,[JIT],0x00007f3be24b4657
992526.0,554572,python,[JIT],0x000071d3e60531fe
992526.0,554508,python,[JIT],0x000074d1634c313b
992525.0,554532,python,[JIT],0x00007f3be24aa900
992525.0,554545,python,[JIT],0x00007b13c6a8649b
992524.0,554559,python,[JIT],0x000074472c93444a
992524.0,554559,python,[JIT],0x000074472c08f51c
992524.0,554559,python,[JIT],0x000074472c0921f9
992524.0,554559,python,[JIT],0x000074472c9340fd
992524.0,554508,python,[JIT],0x000074d16322845c
992524.0,554498,python,[JIT],0x00007a47e282d12f
992523.0,554559,python,[JIT],0x000074472c09622f
992522.0,554572,python,[JIT],0x000071d3e60406ca
992522.0,554532,python,python,method_vectorcall_VARARGS_KEYWORDS
992522.0,554508,python,[JIT],0x000074d16322823c
992522.0,554508,python,[JIT],0x000074d163213be9
992522.0,554498,python,[kernel.kallsyms],task_mm_cid_work
992521.0,554559,python,[JIT],0x000074472c93410c
992521.0,554559,python,[JIT],0x000074472c934311
992521.0,554508,python,[JIT],0x000074d16320f492
992520.0,554559,python,[JIT],0x000074472c08b4e1
992520.0,554559,python,[JIT],0x000074472c0904ba
992520.0,554559,python,[JIT],0x000074472c935232
992520.0,554508,python,[JIT],0x000074d16321a381
992520.0,554508,python,[JIT],0x000074d16321d2f0
992519.0,554559,python,[JIT],0x000074472c09553b
992519.0,554532,python,[JIT],0x00007f3be24b4094
992519.0,554532,python,[JIT],0x00007f3be24b6de1
992519.0,554498,python,[JIT],0x00007a47e282d530
992518.0,554572,python,[JIT],0x000071d3e6040330
992518.0,554559,python,[JIT],0x000074472c0904e2
992518.0,554532,python,[JIT],0x00007f3be2d6563a
992518.0,554498,python,[JIT],0x00007a47e2ad663d
992517.0,554572,python,[JIT],0x000071d3e60592c1
992516.0,554520,python,[JIT],0x00007bae98555cf1
992516.0,554559,python,[JIT],0x000074472c93512d
992516.0,554508,python,[JIT],0x000074d163227293
992516.0,554508,python,[JIT],0x000074d1632292c1
992515.0,554559,python,[JIT],0x000074472c09074a
992515.0,554508,python,[JIT],0x000074d163219915
992515.0,554532,python,[JIT],0x00007f3be24b0614
992514.0,554559,python,[JIT],0x000074472c0a4406
992514.0,554520,python,[JIT],0x00007bae98564315
992514.0,554508,python,[JIT],0x000074d1632290ea
992514.0,554545,python,[JIT],0x00007b13c6a87111
992513.0,554559,python,[JIT],0x000074472c0926ff
992513.0,554532,python,[JIT],0x00007f3be2d66357
992513.0,554508,python,[JIT],0x000074d16320f26f
992512.0,554559,python,[JIT],0x000074472c095e5c
992512.0,554520,python,[JIT],0x00007bae985515de
992512.0,554559,python,[JIT],0x000074472c099735
992512.0,554532,python,[JIT],0x00007f3be24b38db
992512.0,554498,python,[JIT],0x00007a47e2ad6747
992511.0,554508,python,[JIT],0x000074d16321cdb4
992511.0,554508,python,[JIT],0x000074d1632196ff
992510.0,554572,python,[JIT],0x000071d3e605b060
992510.0,554520,python,[JIT],0x00007bae985663a6
992510.0,554532,python,[JIT],0x00007f3be24ad3b7
992510.0,554532,python,[JIT],0x00007f3be2ceb474
992510.0,554520,python,[JIT],0x00007bae98551143
992509.0,554532,python,[JIT],0x00007f3be24b716e
992509.0,554498,python,[JIT],0x00007a47e282e114
992508.0,554532,python,[JIT],0x00007f3be24ac05c
992508.0,554508,python,[JIT],0x000074d16321cdc5
992507.0,554508,python,[JIT],0x000074d163219fc3
992507.0,554498,python,[JIT],0x00007a47e282d695
992506.0,554559,python,[JIT],0x000074472c096657
992506.0,554508,python,[JIT],0x000074d16321c564
992506.0,554545,python,[JIT],0x00007b13c67e0551
992506.0,554498,python,[JIT],0x00007a47e2846052
992505.0,554559,python,[JIT],0x000074472c08b7a0
992505.0,554508,python,[JIT],0x000074d16320f5c9
992505.0,554545,python,[JIT],0x00007b13c67e03a3
992504.0,554572,python,[JIT],0x000071d3e605a11c
992504.0,554508,python,[JIT],0x000074d163219114
992503.0,554559,python,[JIT],0x000074472c9343dd
992503.0,554508,python,[JIT],0x000074d16321c7c8
992502.0,554520,python,[JIT],0x00007bae9856667e
992502.0,554508,python,[JIT],0x000074d163219052
992502.0,554508,python,[JIT],0x000074d16321d1b2
992502.0,554545,python,[JIT],0x00007b13c67ec144
992501.0,554532,python,python,unicode_from_format
992501.0,554508,python,[JIT],0x000074d1634c329b
992500.0,554559,python,[JIT],0x000074472c0981ed
992500.0,554508,python,[JIT],0x000074d1632175d2
992500.0,554508,python,[JIT],0x000074d16321c698
992500.0,554498,python,[kernel.kallsyms],irq_exit_rcu
992500.0,554498,python,[JIT],0x00007a47e282d4bb
992499.0,554520,python,[JIT],0x00007bae98567060
992499.0,554508,python,[JIT],0x000074d1634c30a7
992498.0,554559,python,[JIT],0x000074472c09907c
992498.0,554508,python,[JIT],0x000074d163213793
992498.0,554508,python,[JIT],0x000074d163216a20
992497.0,554559,python,[JIT],0x000074472c095552
992497.0,554532,python,python,_Py_IsMainThread
992497.0,554508,python,[JIT],0x000074d163210581
992497.0,554508,python,[JIT],0x000074d1634c30ee
992497.0,554498,python,[JIT],0x00007a47e2ad60dc
992495.0,554559,python,python,PyObject_CallOneArg
992495.0,554572,python,[JIT],0x000071d3e605a1ed
992495.0,554520,python,[JIT],0x00007bae9856635f
992495.0,554559,python,[JIT],0x000074472c09531d
992495.0,554559,python,[JIT],0x000074472c098f95
992495.0,554532,python,[JIT],0x00007f3be24b6e2a
992495.0,554508,python,[JIT],0x000074d16321912f
992495.0,554545,python,[JIT],0x00007b13c6a86372
992494.0,554520,python,[JIT],0x00007bae985661ed
992494.0,554559,python,[JIT],0x000074472c098deb
992494.0,554508,python,[JIT],0x000074d163219778
992494.0,554508,python,[JIT],0x000074d16321ceee
992494.0,554508,python,[JIT],0x000074d163210353
992494.0,554508,python,[JIT],0x000074d1632168df
992494.0,554520,python,[JIT],0x00007bae98566256
992492.0,554559,python,[JIT],0x000074472c09877d
992492.0,554559,python,[JIT],0x000074472c9340e6
992492.0,554532,python,[JIT],0x00007f3be2d6563d
992492.0,554532,python,[JIT],0x00007f3be2d66370
992492.0,554508,python,[JIT],0x000074d163216f04
992492.0,554498,python,[JIT],0x00007a47e2832678
992492.0,554498,python,[JIT],0x00007a47e283c6e7
992491.0,554572,python,[JIT],0x000071d3e605b2a9
992491.0,554559,python,[JIT],0x000074472c08e10c
992491.0,554559,python,[JIT],0x000074472c934420
992491.0,554572,python,[JIT],0x000071d3e605941e
992491.0,554520,python,[kernel.kallsyms],security_mmap_addr
992491.0,554559,python,python,_PyObject_MakeTpCall
992491.0,554559,python,[JIT],0x000074472c08b31a
992491.0,554532,python,[JIT],0x00007f3be24b76e7
992491.0,554532,python,[JIT],0x00007f3be24c1124
992491.0,554508,python,[JIT],0x000074d16320f477
992490.0,554572,python,[JIT],0x000071d3e604bb4f
992490.0,554532,python,[JIT],0x00007f3be24ac0b3
992490.0,554532,python,[JIT],0x00007f3be24b03b7
992490.0,554532,python,[JIT],0x00007f3be24b68c4
992490.0,554508,python,[JIT],0x000074d163214094
992489.0,554532,python,[JIT],0x00007f3be24b03d6
992489.0,554508,python,[JIT],0x000074d163214459
992489.0,554508,python,[JIT],0x000074d1632290f1
992488.0,554572,python,[JIT],0x000071d3e605305c
992488.0,554559,python,[JIT],0x000074472c934693
992488.0,554532,python,[JIT],0x00007f3be2d6568e
992487.0,554572,python,[JIT],0x000071d3e60405d7
992487.0,554572,python,[JIT],0x000071d3e6040682
992487.0,554532,python,[JIT],0x00007f3be24ab39f
992487.0,554498,python,[JIT],0x00007a47e28318b7
992486.0,554572,python,[JIT],0x000071d3e604026b
992486.0,554559,python,[JIT],0x000074472c9340ea
992485.0,554559,python,[JIT],0x000074472c095664
992485.0,554532,python,[JIT],0x00007f3be24a96e9
992485.0,554532,python,[JIT],0x00007f3be24b766e
992484.0,554532,python,[JIT],0x00007f3be24aab0b
992484.0,554532,python,[JIT],0x00007f3be24ac06a
992484.0,554508,python,[JIT],0x000074d163229401
992483.0,554572,python,[JIT],0x000071d3e60590b9
992483.0,554572,python,[JIT],0x000071d3e605a645
992483.0,554520,python,[JIT],0x00007bae9856712d
992483.0,554532,python,[JIT],0x00007f3be24a95ba
992483.0,554532,python,[JIT],0x00007f3be24b6121
992483.0,554508,python,[JIT],0x000074d163219121
992483.0,554532,python,[JIT],0x00007f3be24b44a5
992483.0,554498,python,[JIT],0x00007a47e28305bf
992483.0,554498,python,[JIT],0x00007a47e28460f1
992482.0,554559,python,[JIT],0x000074472c0986a0
992482.0,554508,python,[JIT],0x000074d16321c96b
992481.0,554559,python,[JIT],0x000074472c08f5c3
992481.0,554559,python,[JIT],0x000074472c09343f
992481.0,554559,python,[JIT],0x000074472c9346a9
992481.0,554532,python,[JIT],0x00007f3be24b6489
992481.0,554532,python,[JIT],0x00007f3be24b30f1
992481.0,554498,python,[JIT],0x00007a47e2846447
992480.0,554520,python,[JIT],0x00007bae985672a9
992480.0,554532,python,[JIT],0x00007f3be2d653d3
992480.0,554508,python,[JIT],0x000074d163219459
992480.0,554508,python,[JIT],0x000074d16321cf69
992480.0,554532,python,[JIT],0x00007f3be24b172b
992479.0,554559,python,[JIT],0x000074472c0961c6
992479.0,554532,python,[JIT],0x00007f3be2d6564e
992479.0,554508,python,[JIT],0x000074d16320f66a
992479.0,554508,python,[JIT],0x000074d16321cef8
992478.0,554572,python,[JIT],0x000071d3e60447ef
992478.0,554559,python,[kernel.kallsyms],irq_work_run_list
992478.0,554508,python,[JIT],0x000074d16320f784
992478.0,554532,python,[JIT],0x00007f3be2ceb42b
992478.0,554498,python,[JIT],0x00007a47e283b24e
992477.0,554559,python,[JIT],0x000074472c0987ef
992477.0,554572,python,[JIT],0x000071d3e605a2f7
992477.0,554508,python,[JIT],0x000074d163214353
992477.0,554532,python,[JIT],0x00007f3be2d65645
992476.0,554572,python,[JIT],0x000071d3e6047e5a
992476.0,554532,python,python,PyObject_Vectorcall
992476.0,554508,python,[JIT],0x000074d16321d429
992476.0,554508,python,[JIT],0x000074d16321395e
992475.0,554572,python,[JIT],0x000071d3e605a46e
992475.0,554532,python,[kernel.kallsyms],tick_sched_do_timer
992475.0,554508,python,[JIT],0x000074d16321a171
992475.0,554532,python,[JIT],0x00007f3be2ceb46e
992474.0,554520,python,[kernel.kallsyms],memcpy_orig
992474.0,554520,python,[JIT],0x00007bae985623e3
992474.0,554532,python,[JIT],0x00007f3be24b01d6
992474.0,554508,python,[JIT],0x000074d163213ff2
992474.0,554508,python,[JIT],0x000074d1632140e7
992473.0,554559,python,[JIT],0x000074472c09605e
992473.0,554559,python,[JIT],0x000074472c0928bc
992473.0,554532,python,[JIT],0x00007f3be2d660ee
992473.0,554508,python,[JIT],0x000074d16321d0eb
992472.0,554559,python,[JIT],0x000074472c0a4306
992472.0,554532,python,[JIT],0x00007f3be24ac0a9
992472.0,554508,python,[JIT],0x000074d16321a678
992472.0,554508,python,[JIT],0x000074d16321d061
992472.0,554508,python,[JIT],0x000074d163219748
992472.0,554545,python,[JIT],0x00007b13c6a8635f
992472.0,554498,python,[JIT],0x00007a47e283522f
992471.0,554508,python,[JIT],0x000074d163210659
992471.0,554508,python,[JIT],0x000074d16321a793
992470.0,554572,python,[JIT],0x000071d3e604bee5
992470.0,554559,python,[JIT],0x000074472c092299
992470.0,554520,python,[JIT],0x00007bae98566015
992470.0,554559,python,[JIT],0x000074472c08cd04
992470.0,554559,python,[JIT],0x000074472c098b59
992470.0,554532,python,[JIT],0x00007f3be24a96f8
992470.0,554508,python,[JIT],0x000074d1632193be
992470.0,554508,python,[JIT],0x000074d163229284
992470.0,554508,python,[JIT],0x000074d16321d8da
992469.0,554572,python,[JIT],0x000071d3e60406db
992469.0,554532,python,[JIT],0x00007f3be2d651f7
992468.0,554508,python,[JIT],0x000074d16321ce6d
992468.0,554508,python,[JIT],0x000074d163210cee
992468.0,554508,python,[JIT],0x000074d16321c357
992467.0,554520,python,[JIT],0x00007bae9856430b
992467.0,554559,python,[JIT],0x000074472c08b5f2
992467.0,554508,python,[kernel.kallsyms],do_mprotect_pkey
992467.0,554508,python,[JIT],0x000074d1632190ce
992467.0,554508,python,[JIT],0x000074d163227134
992467.0,554508,python,[JIT],0x000074d16322931d
992467.0,554532,python,[JIT],0x00007f3be2d655db
992467.0,554498,python,[JIT],0x00007a47e282d3e5
992466.0,554559,python,[JIT],0x000074472c092224
992466.0,554559,python,[JIT],0x000074472c096117
992466.0,554559,python,[JIT],0x000074472c08f75f
992466.0,554532,python,[kernel.kallsyms],intel_pmu_enable_all
992466.0,554508,python,[JIT],0x000074d1632101d1
992466.0,554508,python,[JIT],0x000074d1632295c8
992465.0,554572,python,python,_PyEval_Vector
992465.0,554508,python,[JIT],0x000074d16321c722
992464.0,554559,python,[JIT],0x000074472c096459
992464.0,554532,python,[JIT],0x00007f3be24b0e08
992464.0,554508,python,[JIT],0x000074d16321d525
992464.0,554532,python,python,get_exception_handler.isra.0
992464.0,554532,python,[JIT],0x00007f3be24b3167
992464.0,554498,python,[JIT],0x00007a47e283185e
992463.0,554532,python,[JIT],0x00007f3be24b3dfe
992463.0,554508,python,[JIT],0x000074d16321311b
992463.0,554508,python,libc.so.6,_int_free_merge_chunk
992462.0,554559,python,[JIT],0x000074472c08d163
992462.0,554508,python,python,setitem_take2_lock_held
992462.0,554508,python,[JIT],0x000074d1632290ab
992461.0,554559,python,[JIT],0x000074472c08b6ca
992461.0,554532,python,[JIT],0x00007f3be24a983d
992461.0,554532,python,[JIT],0x00007f3be24b77f1
992461.0,554508,python,[JIT],0x000074d16321c540
992461.0,554498,python,[JIT],0x00007a47e284536f
992460.0,554559,python,[JIT],0x000074472c0a431a
992460.0,554532,python,[JIT],0x00007f3be2ceb0fa
992460.0,554508,python,[JIT],0x000074d163219233
992460.0,554508,python,[JIT],0x000074d16321ab29
992459.0,554520,python,[JIT],0x00007bae985665d9
992459.0,554559,python,[kernel.kallsyms],sched_clock_cpu
992459.0,554559,python,[JIT],0x000074472c08f462
992459.0,554508,python,[JIT],0x000074d16321611b
992458.0,554572,python,[JIT],0x000071d3e605b13b
992458.0,554559,python,[kernel.kallsyms],native_apic_msr_eoi
992458.0,554559,python,[JIT],0x000074472c098a0c
992458.0,554532,python,[JIT],0x00007f3be2d65394
992458.0,554508,python,[JIT],0x000074d1632104f8
992458.0,554508,python,[JIT],0x000074d1632111dc
992458.0,554508,python,[JIT],0x000074d1632135f2
992458.0,554545,python,[JIT],0x00007b13c67e0771
992457.0,554559,python,[JIT],0x000074472c095220
992457.0,554559,python,[JIT],0x000074472c099588
992457.0,554508,python,[JIT],0x000074d16321a1c6
992457.0,554508,python,[JIT],0x000074d16320f3c0
992457.0,554508,python,[JIT],0x000074d163214225
992457.0,554498,python,[JIT],0x00007a47e2ad61cf
992456.0,554559,python,[JIT],0x000074472c09315a
992456.0,554559,python,[JIT],0x000074472c0959fe
992456.0,554559,python,[JIT],0x000074472c095b6b
992456.0,554508,python,[JIT],0x000074d163219db1
992456.0,554508,python,[JIT],0x000074d1632166bf
992455.0,554559,python,[JIT],0x000074472c9340ea
992455.0,554559,python,[JIT],0x000074472c099210
992455.0,554532,python,[JIT],0x00007f3be24b3f28
992455.0,554532,python,[JIT],0x00007f3be24b4456
992455.0,554508,python,[JIT],0x000074d16321a111
992455.0,554508,python,[JIT],0x000074d16321a263
992454.0,554559,python,[JIT],0x000074472c095af6
992454.0,554559,python,[JIT],0x000074472c09893c
992454.0,554545,python,[JIT],0x00007b13c67f3534
992453.0,554559,python,[JIT],0x000074472c9352e7
992453.0,554532,python,[JIT],0x00007f3be24b6c31
992453.0,554508,python,[JIT],0x000074d163213bd3
992453.0,554508,python,[JIT],0x000074d16321426f
992453.0,554508,python,[JIT],0x000074d163216861
992453.0,554498,python,[JIT],0x00007a47e2ad667e
992452.0,554559,python,[JIT],0x000074472c0907e4
992452.0,554532,python,[JIT],0x00007f3be2d65329
992452.0,554508,python,[JIT],0x000074d16320f06a
992452.0,554498,python,[JIT],0x00007a47e282d5c1
992451.0,554559,python,[JIT],0x000074472c098417
992451.0,554572,python,[JIT],0x000071d3e605921e
992451.0,554559,python,[JIT],0x000074472c0a42c0
992451.0,554532,python,[JIT],0x00007f3be24b74f4
992451.0,554532,python,[JIT],0x00007f3be24b300a
992451.0,554498,python,[JIT],0x00007a47e282865f
992451.0,554498,python,[JIT],0x00007a47e28347fa
992450.0,554559,python,[JIT],0x000074472c09580d
992450.0,554559,python,[JIT],0x000074472c095c9e
992450.0,554532,python,[JIT],0x00007f3be24a923b
992450.0,554498,python,[JIT],0x00007a47e2ad62c1
992449.0,554559,python,[JIT],0x000074472c93445c
992449.0,554559,python,[JIT],0x000074472c0a421e
992449.0,554532,python,[JIT],0x00007f3be24b60fb
992449.0,554498,python,[JIT],0x00007a47e28317b6
992448.0,554532,python,[JIT],0x00007f3be24b3e3b
992448.0,554508,python,[JIT],0x000074d16321378e
992447.0,554572,python,[JIT],0x000071d3e605a604
992447.0,554559,python,[JIT],0x000074472c08d222
992447.0,554532,python,[JIT],0x00007f3be24b387e
992447.0,554508,python,[JIT],0x000074d16321c26b
992446.0,554559,python,[JIT],0x000074472c098590
992446.0,554559,python,[JIT],0x000074472c08c1f8
992446.0,554532,python,[JIT],0x00007f3be2d66246
992446.0,554508,python,[JIT],0x000074d163213965
992445.0,554559,python,[JIT],0x000074472c08e5b1
992445.0,554520,python,[JIT],0x00007bae98551682
992445.0,554520,python,[JIT],0x00007bae985652f1
992445.0,554559,python,[JIT],0x000074472c08b663
992445.0,554559,python,[JIT],0x000074472c08c478
992445.0,554559,python,[JIT],0x000074472c096353
992445.0,554532,python,[JIT],0x00007f3be24c1396
992445.0,554508,python,[JIT],0x000074d16321ce84
992445.0,554508,python,[JIT],0x000074d1632175d6
992445.0,554545,python,[JIT],0x00007b13c67ecb29
992444.0,554572,python,python,PyNumber_Add
992444.0,554559,python,[JIT],0x000074472c095c0e
992444.0,554559,python,[JIT],0x000074472c08c1b8
992444.0,554508,python,[JIT],0x000074d16321122b
992444.0,554508,python,[JIT],0x000074d163219201
992443.0,554559,python,[JIT],0x000074472c934668
992443.0,554532,python,[JIT],0x00007f3be24b1752
992443.0,554508,python,[JIT],0x000074d16321c517
992442.0,554532,python,[JIT],0x00007f3be24b666c
992442.0,554508,python,[JIT],0x000074d16321d8e9
992442.0,554532,python,[JIT],0x00007f3be24b6341
992441.0,554572,python,[JIT],0x000071d3e604051d
992441.0,554520,python,[JIT],0x00007bae985513ec
992441.0,554532,python,[JIT],0x00007f3be24b43a9
992441.0,554532,python,[JIT],0x00007f3be24b672e
992441.0,554508,python,[JIT],0x000074d163216740
992441.0,554508,python,[JIT],0x000074d16320f534
992440.0,554559,python,[JIT],0x000074472c9340f5
992440.0,554532,python,[JIT],0x00007f3be24b350e
992439.0,554559,python,[JIT],0x000074472c095f2e
992439.0,554532,python,[JIT],0x00007f3be24a961e
992439.0,554532,python,[JIT],0x00007f3be24ad3c1
992439.0,554508,python,[JIT],0x000074d16322939c
992439.0,554508,python,[JIT],0x000074d16321c66c
992439.0,554545,python,[JIT],0x00007b13c67f45c6
992439.0,554498,python,[JIT],0x00007a47e2ad6462
992438.0,554520,python,[JIT],0x00007bae98555585
992438.0,554559,python,[JIT],0x000074472c098561
992438.0,554532,python,[JIT],0x00007f3be24ad614
992438.0,554532,python,[JIT],0x00007f3be24b0e5a
992438.0,554508,python,[JIT],0x000074d1632162d1
992438.0,554532,python,[JIT],0x00007f3be24b744d
992437.0,554559,python,[JIT],0x000074472c09500a
992437.0,554572,python,[JIT],0x000071d3e604c0e3
992437.0,554532,python,[JIT],0x00007f3be24b6cbf
992437.0,554508,python,[JIT],0x000074d1632190c3
992437.0,554508,python,[JIT],0x000074d1632295ef
992437.0,554498,python,[JIT],0x00007a47e2838954
992436.0,554572,python,[JIT],0x000071d3e605a316
992436.0,554559,python,[JIT],0x000074472c0992ed
992436.0,554572,python,[JIT],0x000071d3e605943b
992436.0,554559,python,[kernel.kallsyms],timekeeping_adjust.constprop.0
992436.0,554559,python,[JIT],0x000074472c0904a5
992436.0,554532,python,[JIT],0x00007f3be24ae064
992436.0,554545,python,[JIT],0x00007b13c67e33ff
992435.0,554559,python,[JIT],0x000074472c08e0f4
992435.0,554559,python,[JIT],0x000074472c0991ee
992435.0,554532,python,[JIT],0x00007f3be24ad34c
992435.0,554532,python,[JIT],0x00007f3be24b0f3e
992435.0,554508,python,[JIT],0x000074d16322944a
992435.0,554508,python,[JIT],0x000074d1632132eb
992435.0,554508,python,[JIT],0x000074d16321c561
992435.0,554532,python,[JIT],0x00007f3be24ab3a2
992435.0,554498,python,[JIT],0x00007a47e2846415
992434.0,554559,python,[JIT],0x000074472c08d2bd
992434.0,554559,python,[JIT],0x000074472c09869d
992434.0,554508,python,[kernel.kallsyms],__pte_alloc
992434.0,554508,python,[JIT],0x000074d163229349
992434.0,554545,python,[JIT],0x00007b13c67f4edc
992433.0,554572,python,[JIT],0x000071d3e605a5d9
992433.0,554572,python,[JIT],0x000071d3e605922e
992433.0,554559,python,[JIT],0x000074472c08e462
992433.0,554532,python,[JIT],0x00007f3be24b3ed5
992433.0,554508,python,[JIT],0x000074d16321367b
992433.0,554508,python,[JIT],0x000074d16321d6e7
992433.0,554498,python,[JIT],0x00007a47e282ef07
992433.0,554498,python,[JIT],0x00007a47e2ad6111
992432.0,554520,python,[JIT],0x00007bae98567363
992432.0,554532,python,[JIT],0x00007f3be2d66114
992432.0,554498,python,[JIT],0x00007a47e2ad60ce
992431.0,554572,python,[JIT],0x000071d3e605a44a
992431.0,554559,python,[JIT],0x000074472c0968be
992431.0,554532,python,[JIT],0x00007f3be24aa90d
992431.0,554532,python,[JIT],0x00007f3be2d6535f
992431.0,554508,python,[JIT],0x000074d1632270f1
992431.0,554508,python,[JIT],0x000074d16322963d
992431.0,554532,python,[JIT],0x00007f3be24b4368
992431.0,554498,python,[JIT],0x00007a47e283b189
992430.0,554572,python,[JIT],0x000071d3e604bb33
992430.0,554559,python,[JIT],0x000074472c08c244
992430.0,554508,python,[JIT],0x000074d163219f36
992430.0,554498,python,[JIT],0x00007a47e283c293
992429.0,554559,python,[JIT],0x000074472c099915
992429.0,554532,python,[JIT],0x00007f3be24b6511
992429.0,554508,python,[JIT],0x000074d163214187
992429.0,554520,python,[JIT],0x00007bae9856546e
992429.0,554498,python,[JIT],0x00007a47e2838b22
992428.0,554559,python,[JIT],0x000074472c09941c
992428.0,554508,python,[JIT],0x000074d1632137ef
992428.0,554508,python,[JIT],0x000074d163214368
992427.0,554559,python,[JIT],0x000074472c085714
992427.0,554559,python,[JIT],0x000074472c08b638
992427.0,554532,python,[JIT],0x00007f3be24b7382
992427.0,554532,python,[JIT],0x00007f3be24b7429
992427.0,554508,python,[JIT],0x000074d16321c176
992427.0,554508,python,[JIT],0x000074d163214266
992427.0,554508,python,[JIT],0x000074d16321738b
992427.0,554508,python,[JIT],0x000074d163219b6b
992427.0,554508,python,[JIT],0x000074d16321c7ec
992427.0,554508,python,[JIT],0x000074d16321d086
992427.0,554545,python,[JIT],0x00007b13c67eb804
992427.0,554498,python,[JIT],0x00007a47e282d570
992426.0,554572,python,[JIT],0x000071d3e604f0d4
992426.0,554508,python,[JIT],0x000074d16321cb70
992426.0,554545,python,[JIT],0x00007b13c67f3cdd
992426.0,554532,python,[JIT],0x00007f3be24b64da
992426.0,554498,python,[JIT],0x00007a47e283c133
992425.0,554559,python,[JIT],0x000074472c0957fa
992425.0,554559,python,[JIT],0x000074472c098da2
992425.0,554532,python,[JIT],0x00007f3be24b69a9
992425.0,554532,python,[JIT],0x00007f3be24b7303
992425.0,554532,python,[JIT],0x00007f3be2d6634f
992425.0,554508,python,[JIT],0x000074d163216585
992425.0,554508,python,[JIT],0x000074d1632295d6
992425.0,554508,python,[JIT],0x000074d163229747
992425.0,554532,python,[JIT],0x00007f3be2d6635b
992424.0,554559,python,[JIT],0x000074472c93505c
992424.0,554559,python,[JIT],0x000074472c08e1f9
992424.0,554532,python,[JIT],0x00007f3be24b6a75
992424.0,554508,python,[JIT],0x000074d16321c52c
992424.0,554532,python,[JIT],0x00007f3be24ad524
992424.0,554532,python,[JIT],0x00007f3be24b6e6d
992423.0,554572,python,[JIT],0x000071d3e6040463
992423.0,554520,python,python,unicode_fromformat_write_str
992423.0,554520,python,[JIT],0x00007bae98555bf6
992423.0,554532,python,[JIT],0x00007f3be24b14e0
992423.0,554508,python,[JIT],0x000074d16321c139
992423.0,554520,python,[JIT],0x00007bae985650a9
992423.0,554498,python,[JIT],0x00007a47e282e730
992422.0,554559,python,[JIT],0x000074472c092110
992422.0,554559,python,[JIT],0x000074472c09614d
992422.0,554545,python,[JIT],0x00007b13c67e40f1
992422.0,554532,python,[JIT],0x00007f3be24ad1d6
992421.0,554559,python,[JIT],0x000074472c098b7e
992420.0,554559,python,[JIT],0x000074472c099178
992420.0,554532,python,[JIT],0x00007f3be24ac0f4
992420.0,554532,python,[JIT],0x00007f3be24ae58c
992420.0,554545,python,[JIT],0x00007b13c67e0530
992420.0,554545,python,[JIT],0x00007b13c67e100a
992420.0,554545,python,[JIT],0x00007b13c67e7e56
992420.0,554545,python,[JIT],0x00007b13c67f42c9
992420.0,554532,python,[JIT],0x00007f3be24a95fa
992420.0,554498,python,[JIT],0x00007a47e2ad6416
992419.0,554559,python,[JIT],0x000074472c090b49
992419.0,554559,python,[JIT],0x000074472c098cec
992419.0,554559,python,[JIT],0x000074472c08f923
992419.0,554559,python,[JIT],0x000074472c090381
992419.0,554532,python,[JIT],0x00007f3be24b4328
992419.0,554508,python,[JIT],0x000074d163219e0d
992419.0,554508,python,[JIT],0x000074d163214378
992419.0,554508,python,[JIT],0x000074d163214442
992418.0,554572,python,[JIT],0x000071d3e605a206
992418.0,554559,python,[JIT],0x000074472c098284
992418.0,554508,python,[JIT],0x000074d16322600a
992418.0,554508,python,[JIT],0x000074d16321a076
992417.0,554572,python,[JIT],0x000071d3e604bd37
992417.0,554572,python,[kernel.kallsyms],cpuacct_account_field
992417.0,554559,python,[kernel.kallsyms],__intel_pmu_enable_all.isra.0
992417.0,554559,python,[kernel.kallsyms],timekeeping_update
992417.0,554532,python,[JIT],0x00007f3be24ad343
992417.0,554508,python,[JIT],0x000074d16321c690
992417.0,554508,python,[JIT],0x000074d163219f4b
992416.0,554572,python,[JIT],0x000071d3e604b139
992416.0,554559,python,[JIT],0x000074472c934010
992416.0,554520,python,[JIT],0x00007bae98566114
992416.0,554559,python,[JIT],0x000074472c0a3398
992416.0,554532,python,[JIT],0x00007f3be24a9584
992416.0,554532,python,[JIT],0x00007f3be24ad670
992416.0,554508,python,[JIT],0x000074d1632123d0
992416.0,554520,python,[JIT],0x00007bae9855ffd6
992416.0,554498,python,[JIT],0x00007a47e2839413
992415.0,554559,python,[JIT],0x000074472c08b59d
992415.0,554559,python,[JIT],0x000074472c08c6a3
992415.0,554559,python,[JIT],0x000074472c09662c
992415.0,554532,python,[JIT],0x00007f3be24b789b
992414.0,554559,python,[JIT],0x000074472c08e0dc
992414.0,554508,python,[JIT],0x000074d163210e1d
992414.0,554508,python,[JIT],0x000074d163216c0e
992414.0,554545,python,[JIT],0x00007b13c67e8b67
992414.0,554532,python,[JIT],0x00007f3be24ac210
992414.0,554498,python,[JIT],0x00007a47e2ad7246
992413.0,554572,python,[JIT],0x000071d3e604f06c
992413.0,554520,python,[JIT],0x00007bae9855cf80
992413.0,554559,python,[JIT],0x000074472c08cb9c
992413.0,554559,python,[JIT],0x000074472c092db1
992413.0,554532,python,[JIT],0x00007f3be24b405a
992413.0,554508,python,[JIT],0x000074d163214b53
992413.0,554508,python,python,PyErr_GetRaisedException
992413.0,554532,python,[JIT],0x00007f3be24b4678
992412.0,554559,python,[JIT],0x000074472c08b20e
992412.0,554559,python,[JIT],0x000074472c090b64
992412.0,554532,python,[JIT],0x00007f3be24ad6c9
992412.0,554532,python,[JIT],0x00007f3be24b73e2
992412.0,554532,python,[JIT],0x00007f3be2ceb129
992412.0,554508,python,[JIT],0x000074d16320f530
992412.0,554508,python,[JIT],0x000074d163210345
992412.0,554508,python,[JIT],0x000074d1632282bc
992412.0,554508,python,[JIT],0x000074d163229221
992412.0,554498,python,[JIT],0x00007a47e283c2a5
992411.0,554532,python,[JIT],0x00007f3be2ceb20f
992410.0,554508,python,[JIT],0x000074d16321cc2b
992410.0,554532,python,[JIT],0x00007f3be24b6b96
992410.0,554532,python,[JIT],0x00007f3be2ceb37d
992410.0,554498,python,python,_PyForIter_VirtualIteratorNext
992410.0,554498,python,[JIT],0x00007a47e283406a
992410.0,554498,python,[JIT],0x00007a47e2835334
992409.0,554520,python,[JIT],0x00007bae9855131a
992409.0,554520,python,[JIT],0x00007bae98566645
992409.0,554532,python,[JIT],0x00007f3be24b3a1a
992409.0,554508,python,[JIT],0x000074d163219f9b
992409.0,554545,python,[JIT],0x00007b13c67e82b5
992409.0,554532,python,[JIT],0x00007f3be24b0db1
992409.0,554532,python,[JIT],0x00007f3be2d655f7
992408.0,554559,python,[JIT],0x000074472c08b66e
992408.0,554559,python,[JIT],0x000074472c08b6f8
992408.0,554559,python,[JIT],0x000074472c08fb26
992408.0,554559,python,[JIT],0x000074472c0983b7
992408.0,554559,python,[JIT],0x000074472c0984b4
992408.0,554532,python,[JIT],0x00007f3be24b6bf9
992408.0,554508,python,[JIT],0x000074d1634c3392
992408.0,554532,python,python,PyFunction_NewWithQualName
992407.0,554559,python,[JIT],0x000074472c095e46
992407.0,554532,python,[JIT],0x00007f3be24ae288
992407.0,554508,python,[JIT],0x000074d163219f3a
992407.0,554508,python,[JIT],0x000074d16321a06c
992407.0,554532,python,[JIT],0x00007f3be24ae678
992406.0,554572,python,[JIT],0x000071d3e6040134
992406.0,554572,python,[JIT],0x000071d3e6051f7a
992406.0,554559,python,[JIT],0x000074472c08c8e1
992406.0,554559,python,[JIT],0x000074472c0990d4
992406.0,554532,python,[JIT],0x00007f3be24ade27
992406.0,554532,python,[JIT],0x00007f3be24b6cf5
992406.0,554508,python,[JIT],0x000074d163219533
992405.0,554559,python,[JIT],0x000074472c0922c8
992405.0,554508,python,[JIT],0x000074d16321d0f8
992405.0,554520,python,[JIT],0x00007bae98551551
992405.0,554520,python,[JIT],0x00007bae985515ce
992405.0,554498,python,[JIT],0x00007a47e2838e46
992404.0,554572,python,[JIT],0x000071d3e604c72b
992404.0,554532,python,[JIT],0x00007f3be24ad52b
992404.0,554508,python,[JIT],0x000074d16321c43e
992404.0,554498,python,[JIT],0x00007a47e2838f75
992403.0,554572,python,[JIT],0x000071d3e6040660
992403.0,554520,python,[JIT],0x00007bae98566370
992403.0,554532,python,[JIT],0x00007f3be2ceb27d
992403.0,554498,python,[JIT],0x00007a47e283004c
992402.0,554572,python,[JIT],0x000071d3e604e7fd
992402.0,554559,python,[JIT],0x000074472c098650
992402.0,554532,python,[JIT],0x00007f3be24b667a
992402.0,554508,python,[JIT],0x000074d16321917f
992402.0,554508,python,[JIT],0x000074d1634c3396
992402.0,554545,python,[JIT],0x00007b13c67e04ce
992402.0,554532,python,[JIT],0x00007f3be24b3175
992401.0,554572,python,[JIT],0x000071d3e605a660
992401.0,554559,python,[JIT],0x000074472c08fb79
992401.0,554508,python,[JIT],0x000074d16322905c
992401.0,554545,python,[JIT],0x00007b13c67ec01c
992401.0,554545,python,[JIT],0x00007b13c6a86572
992401.0,554498,python,[JIT],0x00007a47e282c012
992400.0,554559,python,[JIT],0x000074472c08fcc9
992400.0,554559,python,[JIT],0x000074472c095efc
992400.0,554572,python,[JIT],0x000071d3e60403bd
992400.0,554559,python,[JIT],0x000074472c0988f4
992400.0,554532,python,[JIT],0x00007f3be24b4717
992400.0,554508,python,[JIT],0x000074d16321355c
992400.0,554508,python,[JIT],0x000074d16321651c
992400.0,554532,python,[JIT],0x00007f3be24b462c
992399.0,554559,python,[JIT],0x000074472c090225
992399.0,554520,python,[JIT],0x00007bae985565c8
992399.0,554532,python,[JIT],0x00007f3be24b31f9
992399.0,554532,python,[JIT],0x00007f3be2d653e7
992399.0,554508,python,[JIT],0x000074d1632107e9
992399.0,554508,python,[JIT],0x000074d16321c889
992399.0,554498,python,[JIT],0x00007a47e283bf2d
992398.0,554559,python,[JIT],0x000074472c0923c5
992398.0,554572,python,[JIT],0x000071d3e605a256
992398.0,554520,python,[JIT],0x00007bae9855c29d
992398.0,554559,python,[JIT],0x000074472c0968ec
992398.0,554559,python,[JIT],0x000074472c098a08
992398.0,554532,python,[JIT],0x00007f3be24ae44a
992398.0,554532,python,[JIT],0x00007f3be24b3fbb
992398.0,554508,python,[JIT],0x000074d16321c0f1
992398.0,554532,python,[JIT],0x00007f3be24b0e5a
992398.0,554532,python,[JIT],0x00007f3be2ceb2be
992398.0,554498,python,[JIT],0x00007a47e28387c4
992397.0,554572,python,[JIT],0x000071d3e604f0eb
992397.0,554520,python,[JIT],0x00007bae985512f7
992397.0,554532,python,[JIT],0x00007f3be24a92fb
992397.0,554498,python,[JIT],0x00007a47e282d3fc
992396.0,554572,python,[JIT],0x000071d3e604a09c
992396.0,554520,python,[JIT],0x00007bae9855517f
992396.0,554559,python,[JIT],0x000074472c095839
992396.0,554508,python,[JIT],0x000074d16320f5fe
992396.0,554508,python,[JIT],0x000074d163210d37
992396.0,554508,python,[JIT],0x000074d1632133d6
992396.0,554498,python,[JIT],0x00007a47e28322d1
992395.0,554572,python,[JIT],0x000071d3e6040800
992395.0,554532,python,[JIT],0x00007f3be24b35e2
992395.0,554508,python,[JIT],0x000074d16321438b
992395.0,554498,python,[JIT],0x00007a47e2828dcb
992394.0,554572,python,[JIT],0x000071d3e604ba9e
992394.0,554572,python,[JIT],0x000071d3e604c1ad
992394.0,554559,python,[JIT],0x000074472c0938de
992394.0,554559,python,[JIT],0x000074472c09911e
992394.0,554532,python,[JIT],0x00007f3be24a9765
992394.0,554532,python,[JIT],0x00007f3be24ad2d5
992394.0,554532,python,[JIT],0x00007f3be2d66339
992394.0,554508,python,[JIT],0x000074d1632121fe
992394.0,554508,python,[JIT],0x000074d1632162e8
992394.0,554498,python,[JIT],0x00007a47e283bde1
992393.0,554559,python,[JIT],0x000074472c0930e3
992393.0,554532,python,[JIT],0x00007f3be24b00c3
992393.0,554532,python,[JIT],0x00007f3be24b353b
992393.0,554532,python,[JIT],0x00007f3be24b37a1
992393.0,554508,python,[JIT],0x000074d16320f784
992393.0,554508,python,[JIT],0x000074d16321d425
992393.0,554520,python,[JIT],0x00007bae9856642a
992393.0,554498,python,[JIT],0x00007a47e282e855
992393.0,554498,python,[JIT],0x00007a47e28386bc
992392.0,554559,python,[JIT],0x000074472c08f82d
992392.0,554559,python,[JIT],0x000074472c093728
992392.0,554559,python,[JIT],0x000074472c098c31
992392.0,554532,python,[JIT],0x00007f3be24b66af
992392.0,554508,python,[JIT],0x000074d163219fe3
992392.0,554508,python,[JIT],0x000074d163216b51
992392.0,554532,python,[JIT],0x00007f3be24b7efa
992391.0,554520,python,[JIT],0x00007bae9855568f
992391.0,554520,python,[JIT],0x00007bae985660f5
992391.0,554559,python,[kernel.kallsyms],_raw_spin_lock_irqsave
992391.0,554559,python,[JIT],0x000074472c08fccf
992391.0,554532,python,[kernel.kallsyms],update_load_avg
992391.0,554532,python,[JIT],0x00007f3be24a92d0
992391.0,554532,python,[JIT],0x00007f3be24b03ca
992391.0,554532,python,[JIT],0x00007f3be2d66378
992391.0,554508,python,[JIT],0x000074d1632192e8
992391.0,554508,python,[JIT],0x000074d16321205c
992391.0,554508,python,[JIT],0x000074d163213b86
992391.0,554508,python,[JIT],0x000074d163219c2a
992391.0,554498,python,[JIT],0x00007a47e283b967
992391.0,554498,python,[JIT],0x00007a47e2ad7232
992390.0,554572,python,[JIT],0x000071d3e604b224
992390.0,554520,python,[JIT],0x00007bae98560042
992390.0,554559,python,[JIT],0x000074472c08c114
992390.0,554559,python,[JIT],0x000074472c08cd4f
992390.0,554532,python,[JIT],0x00007f3be24ad3dd
992390.0,554508,python,[JIT],0x000074d16321c05c
992390.0,554508,python,[JIT],0x000074d16321d8e9
992389.0,554572,python,[JIT],0x000071d3e604bb6b
992389.0,554572,python,[JIT],0x000071d3e604e04c
992389.0,554508,python,[JIT],0x000074d163219e1c
992389.0,554508,python,[JIT],0x000074d16321d109
992389.0,554532,python,[JIT],0x00007f3be24b0598
992389.0,554498,python,[JIT],0x00007a47e2834f4b
992388.0,554572,python,[JIT],0x000071d3e604c18d
992388.0,554559,python,[JIT],0x000074472c0901bf
992388.0,554532,python,[JIT],0x00007f3be2d66380
992388.0,554508,python,[JIT],0x000074d1632122b6
992388.0,554508,python,[JIT],0x000074d16321d8fa
992388.0,554498,python,[JIT],0x00007a47e2834ffc
992388.0,554498,python,[JIT],0x00007a47e2838380
992387.0,554559,python,[JIT],0x000074472c0984b4
992387.0,554572,python,[JIT],0x000071d3e604be0d
992387.0,554520,python,[JIT],0x00007bae98552127
992387.0,554508,python,[JIT],0x000074d16320f657
992387.0,554532,python,[JIT],0x00007f3be24b3aab
992387.0,554532,python,[JIT],0x00007f3be24b45c3
992386.0,554532,python,[JIT],0x00007f3be24ae4b4
992386.0,554532,python,[JIT],0x00007f3be24b6a1d
992386.0,554508,python,[JIT],0x000074d163216a04
992386.0,554508,python,[JIT],0x000074d16321a2b5
992386.0,554508,python,[JIT],0x000074d1632146ad
992386.0,554498,python,[JIT],0x00007a47e282e82d
992386.0,554498,python,[JIT],0x00007a47e2831734
992385.0,554572,python,[JIT],0x000071d3e604c0a8
992385.0,554559,python,[JIT],0x000074472c08f86b
992385.0,554572,python,[JIT],0x000071d3e604056c
992385.0,554559,python,[JIT],0x000074472c0991eb
992385.0,554532,python,[JIT],0x00007f3be24b0395
992385.0,554532,python,[JIT],0x00007f3be24b3cab
992385.0,554508,python,[JIT],0x000074d16321007a
992385.0,554508,python,[JIT],0x000074d163210577
992385.0,554508,python,[JIT],0x000074d163210a0c
992384.0,554520,python,[JIT],0x00007bae9855d111
992384.0,554520,python,[JIT],0x00007bae985643a1
992384.0,554559,python,[JIT],0x000074472c08c9e2
992384.0,554559,python,[JIT],0x000074472c0953f1
992384.0,554532,python,[JIT],0x00007f3be24ab06a
992384.0,554532,python,[JIT],0x00007f3be24be076
992384.0,554498,python,[JIT],0x00007a47e28390af
992383.0,554572,python,[JIT],0x000071d3e604716e
992383.0,554520,python,[JIT],0x00007bae985666a1
992383.0,554532,python,[JIT],0x00007f3be24b0778
992383.0,554508,python,[JIT],0x000074d16321c596
992383.0,554498,python,[JIT],0x00007a47e283b980
992382.0,554572,python,[JIT],0x000071d3e604bbd3
992382.0,554559,python,[JIT],0x000074472c092601
992382.0,554572,python,python,_PyUnicodeWriter_Finish
992382.0,554572,python,[JIT],0x000071d3e604eccd
992382.0,554532,python,[JIT],0x00007f3be24ab3a7
992382.0,554532,python,[JIT],0x00007f3be24b67c8
992382.0,554532,python,[JIT],0x00007f3be24c10ad
992382.0,554532,python,[JIT],0x00007f3be2d66283
992382.0,554508,python,[JIT],0x000074d163210723
992382.0,554545,python,[JIT],0x00007b13c67e87d6
992382.0,554545,python,[JIT],0x00007b13c67ec0a5
992382.0,554532,python,[JIT],0x00007f3be2d65270
992382.0,554498,python,[JIT],0x00007a47e2838664
992381.0,554559,python,[JIT],0x000074472c098932
992381.0,554532,python,[JIT],0x00007f3be24b7735
992381.0,554532,python,[JIT],0x00007f3be24b60ad
992381.0,554498,python,[JIT],0x00007a47e2ad646a
992380.0,554559,python,[JIT],0x000074472c08b584
992380.0,554559,python,[JIT],0x000074472c08c393
992380.0,554508,python,[JIT],0x000074d1634c3155
992380.0,554498,python,[JIT],0x00007a47e28340d2
992380.0,554498,python,[JIT],0x00007a47e2838f0e
992380.0,554498,python,[JIT],0x00007a47e283c29f
992379.0,554572,python,[JIT],0x000071d3e605a273
992379.0,554559,python,[JIT],0x000074472c09894f
992379.0,554532,python,[JIT],0x00007f3be24ad157
992379.0,554508,python,[JIT],0x000074d163213114
992379.0,554508,python,[JIT],0x000074d16321f291
992379.0,554520,python,[JIT],0x00007bae985514f2
992379.0,554498,python,[JIT],0x00007a47e282eefd
992378.0,554572,python,[kernel.kallsyms],acct_account_cputime
992378.0,554572,python,[JIT],0x000071d3e60443d0
992378.0,554559,python,python,_PyUnicode_ResizeCompact
992378.0,554508,python,[JIT],0x000074d16321a26f
992378.0,554508,python,[JIT],0x000074d16321cfde
992378.0,554520,python,[JIT],0x00007bae98551306
992378.0,554498,python,[JIT],0x00007a47e2837095
992377.0,554559,python,[JIT],0x000074472c098a33
992377.0,554532,python,python,buffered_traverse
992377.0,554508,python,[JIT],0x000074d163213919
992377.0,554498,python,[JIT],0x00007a47e282d2d4
992376.0,554559,python,[JIT],0x000074472c095ff8
992376.0,554559,python,[JIT],0x000074472c0960f7
992376.0,554572,python,[JIT],0x000071d3e6053120
992376.0,554559,python,python,PyErr_CheckSignals
992376.0,554559,python,[JIT],0x000074472c08e003
992376.0,554559,python,[JIT],0x000074472c0a414a
992376.0,554559,python,[JIT],0x000074472c9350f1
992376.0,554532,python,[JIT],0x00007f3be24ac4b9
992376.0,554532,python,[JIT],0x00007f3be24b09fc
992375.0,554572,python,[JIT],0x000071d3e6047010
992375.0,554572,python,[JIT],0x000071d3e604edff
992375.0,554520,python,[JIT],0x00007bae9855944a
992375.0,554520,python,[JIT],0x00007bae98565463
992375.0,554559,python,[JIT],0x000074472c092b51
992375.0,554559,python,[JIT],0x000074472c0a4447
992375.0,554498,python,[JIT],0x00007a47e282ee57
992375.0,554498,python,[JIT],0x00007a47e2834d56
992375.0,554498,python,[JIT],0x00007a47e2ad7257
992374.0,554572,python,[JIT],0x000071d3e604716e
992374.0,554572,python,[JIT],0x000071d3e6053375
992374.0,554532,python,[JIT],0x00007f3be24b3ffc
992374.0,554498,python,[JIT],0x00007a47e2838323
992374.0,554498,python,[JIT],0x00007a47e2ad65e5
992373.0,554559,python,[JIT],0x000074472c098e41
992373.0,554572,python,[JIT],0x000071d3e604507d
992373.0,554520,python,[JIT],0x00007bae985582d9
992373.0,554520,python,[JIT],0x00007bae985662dc
992373.0,554532,python,[JIT],0x00007f3be2ceb102
992373.0,554508,python,[JIT],0x000074d163211332
992373.0,554498,python,[JIT],0x00007a47e2ad7204
992372.0,554520,python,[JIT],0x00007bae98558299
992372.0,554559,python,[JIT],0x000074472c08b5ba
992372.0,554532,python,[JIT],0x00007f3be2d6504c
992372.0,554520,python,[JIT],0x00007bae9855131a
992371.0,554572,python,[JIT],0x000071d3e6044ec6
992371.0,554572,python,[JIT],0x000071d3e60400f1
992371.0,554559,python,python,dictiter_traverse
992371.0,554559,python,[JIT],0x000074472c09564c
992371.0,554532,python,[JIT],0x00007f3be24ad681
992371.0,554532,python,[JIT],0x00007f3be24adb7b
992371.0,554532,python,[JIT],0x00007f3be24b66b7
992371.0,554532,python,[JIT],0x00007f3be24b6e94
992371.0,554508,python,[JIT],0x000074d16321cb74
992371.0,554508,python,python,object_new
992371.0,554520,python,[JIT],0x00007bae9855cb26
992371.0,554498,python,[JIT],0x00007a47e283bd7b
992370.0,554572,python,[JIT],0x000071d3e604e489
992370.0,554559,python,[JIT],0x000074472c0930dc
992370.0,554545,python,[JIT],0x00007b13c67ebfae
992370.0,554532,python,[JIT],0x00007f3be24b48da
992369.0,554559,python,[JIT],0x000074472c08f2a7
992369.0,554559,python,[JIT],0x000074472c934416
992369.0,554572,python,[JIT],0x000071d3e60477c4
992369.0,554559,python,[JIT],0x000074472c090206
992369.0,554559,python,[JIT],0x000074472c0938fa
992369.0,554532,python,[kernel.kallsyms],tick_nohz_highres_handler
992369.0,554508,python,[JIT],0x000074d16321472b
992369.0,554508,python,[JIT],0x000074d16321ced2
992369.0,554532,python,[JIT],0x00007f3be24b3f28
992369.0,554498,python,[JIT],0x00007a47e28316bc
992369.0,554498,python,[JIT],0x00007a47e283b0dc
992369.0,554498,python,[JIT],0x00007a47e283b682
992368.0,554572,python,[JIT],0x000071d3e6040777
992368.0,554559,python,[kernel.kallsyms],task_tick_fair
992368.0,554572,python,[JIT],0x000071d3e6041674
992368.0,554520,python,[JIT],0x00007bae985511f7
992368.0,554520,python,[JIT],0x00007bae98560735
992368.0,554532,python,[JIT],0x00007f3be24a92e9
992368.0,554532,python,[JIT],0x00007f3be24b3edf
992368.0,554532,python,[JIT],0x00007f3be24b7117
992368.0,554508,python,[JIT],0x000074d16321a68f
992368.0,554508,python,[JIT],0x000074d16321c6d8
992368.0,554532,python,[JIT],0x00007f3be24b3793
992368.0,554532,python,[JIT],0x00007f3be24b38ea
992368.0,554498,python,[JIT],0x00007a47e2832752
992368.0,554498,python,[JIT],0x00007a47e2838ebd
992367.0,554572,python,[JIT],0x000071d3e604ba04
992367.0,554572,python,python,_PyErr_SetObject.part.0
992367.0,554520,python,[JIT],0x00007bae98551206
992367.0,554545,python,[JIT],0x00007b13c67eb334
992366.0,554572,python,[JIT],0x000071d3e6059415
992366.0,554572,python,[JIT],0x000071d3e605a329
992366.0,554559,python,[JIT],0x000074472c08fec6
992366.0,554559,python,[JIT],0x000074472c090266
992366.0,554559,python,[JIT],0x000074472c093762
992366.0,554532,python,[JIT],0x00007f3be24b4481
992366.0,554532,python,[JIT],0x00007f3be24b6c17
992366.0,554508,python,python,PyMem_Realloc
992366.0,554508,python,[JIT],0x000074d16321a06f
992366.0,554532,python,[JIT],0x00007f3be24ad4cd
992366.0,554498,python,[JIT],0x00007a47e28304bd
992366.0,554498,python,[JIT],0x00007a47e2843fe1
992366.0,554498,python,[JIT],0x00007a47e2ad632d
992365.0,554572,python,[JIT],0x000071d3e604b82d
992365.0,554559,python,[JIT],0x000074472c09023a
992365.0,554520,python,[JIT],0x00007bae9855f7e0
992365.0,554559,python,[JIT],0x000074472c0957d3
992365.0,554532,python,[JIT],0x00007f3be24aa33b
992365.0,554532,python,[JIT],0x00007f3be24add37
992365.0,554532,python,[JIT],0x00007f3be24ae600
992365.0,554508,python,[JIT],0x000074d163219c58
992365.0,554508,python,[JIT],0x000074d163216103
992364.0,554520,python,[JIT],0x00007bae98560061
992364.0,554559,python,python,strlen@plt
992364.0,554559,python,[JIT],0x000074472c08b48b
992364.0,554559,python,[JIT],0x000074472c0991b6
992364.0,554532,python,[JIT],0x00007f3be24ad8db
992364.0,554532,python,[JIT],0x00007f3be24b0003
992364.0,554532,python,[JIT],0x00007f3be24b0361
992364.0,554545,python,[JIT],0x00007b13c67f3c1a
992364.0,554532,python,[JIT],0x00007f3be24b64ea
992364.0,554498,python,[kernel.kallsyms],__hrtimer_next_event_base
992364.0,554498,python,[JIT],0x00007a47e282e2c3
992363.0,554559,python,[JIT],0x000074472c099edc
992363.0,554520,python,[JIT],0x00007bae985584c3
992363.0,554508,python,[JIT],0x000074d1632101f8
992363.0,554508,python,[JIT],0x000074d1632120f4
992363.0,554545,python,python,_PyForIter_VirtualIteratorNext
992363.0,554545,python,[JIT],0x00007b13c67f3b0e
992362.0,554572,python,[JIT],0x000071d3e604b0dc
992362.0,554572,python,[JIT],0x000071d3e60471eb
992362.0,554559,python,[JIT],0x000074472c08f395
992362.0,554559,python,[JIT],0x000074472c092b26
992362.0,554532,python,[JIT],0x00007f3be24ae214
992362.0,554508,python,[JIT],0x000074d16320f1f1
992362.0,554498,python,[JIT],0x00007a47e283c986
992361.0,554572,python,[JIT],0x000071d3e604c0b8
992361.0,554559,python,[JIT],0x000074472c08fbe0
992361.0,554572,python,[JIT],0x000071d3e604b4cd
992361.0,554520,python,[JIT],0x00007bae985515ed
992361.0,554520,python,[JIT],0x00007bae9856706a
992361.0,554559,python,[JIT],0x000074472c093585
992361.0,554508,python,[JIT],0x000074d16321c204
992361.0,554545,python,[JIT],0x00007b13c67f945c
992361.0,554498,python,[JIT],0x00007a47e282eb8d
992361.0,554498,python,[JIT],0x00007a47e2832171
992361.0,554498,python,[JIT],0x00007a47e2ad734f
992360.0,554559,python,[JIT],0x000074472c0935c8
992360.0,554532,python,[JIT],0x00007f3be24aa4bf
992360.0,554532,python,[JIT],0x00007f3be24ac3a9
992360.0,554532,python,[JIT],0x00007f3be24b3658
992360.0,554532,python,[JIT],0x00007f3be24b4374
992360.0,554508,python,[JIT],0x000074d16321d63c
992360.0,554532,python,[JIT],0x00007f3be24b4123
992360.0,554498,python,[JIT],0x00007a47e28343d6
992360.0,554498,python,[JIT],0x00007a47e284512d
992360.0,554498,python,[JIT],0x00007a47e2ad631a
992359.0,554572,python,[JIT],0x000071d3e604b670
992359.0,554572,python,[JIT],0x000071d3e604f701
992359.0,554520,python,[JIT],0x00007bae98552db0
992359.0,554559,python,[JIT],0x000074472c08e0ff
992359.0,554532,python,[JIT],0x00007f3be24b475e
992359.0,554508,python,[JIT],0x000074d1632109c3
992359.0,554508,python,[JIT],0x000074d1632196c9
992359.0,554508,python,[JIT],0x000074d163214468
992359.0,554508,python,[JIT],0x000074d1632147cf
992359.0,554532,python,[JIT],0x00007f3be24b3edf
992359.0,554498,python,[JIT],0x00007a47e2ad705c
992358.0,554572,python,[JIT],0x000071d3e605a2c8
992358.0,554520,python,[JIT],0x00007bae985513a1
992358.0,554520,python,[JIT],0x00007bae985663cb
992358.0,554559,python,[JIT],0x000074472c08b551
992358.0,554559,python,[JIT],0x000074472c0a3102
992358.0,554559,python,[JIT],0x000074472c93529f
992358.0,554508,python,[JIT],0x000074d1632190c7
992358.0,554508,python,[JIT],0x000074d163219dc1
992358.0,554545,python,[JIT],0x00007b13c67f387f
992357.0,554572,python,[JIT],0x000071d3e6040250
992357.0,554559,python,[JIT],0x000074472c09657d
992357.0,554559,python,[JIT],0x000074472c0a42c1
992357.0,554532,python,[JIT],0x00007f3be24ad847
992357.0,554532,python,[JIT],0x00007f3be24adf28
992357.0,554532,python,[JIT],0x00007f3be24b4047
992357.0,554532,python,[JIT],0x00007f3be24b4292
992357.0,554508,python,[JIT],0x000074d16321a37d
992357.0,554545,python,[JIT],0x00007b13c67ea068
992357.0,554498,python,[JIT],0x00007a47e282ef2b
992357.0,554498,python,[JIT],0x00007a47e283276d
992357.0,554498,python,[JIT],0x00007a47e2ad65c8
992356.0,554520,python,[JIT],0x00007bae9855130a
992356.0,554559,python,[JIT],0x000074472c08b492
992356.0,554559,python,[JIT],0x000074472c08cb52
992356.0,554559,python,[JIT],0x000074472c09562e
992356.0,554532,python,python,find_first_nonascii
992356.0,554532,python,[JIT],0x00007f3be24a0970
992356.0,554508,python,[JIT],0x000074d16321910c
992356.0,554508,python,[JIT],0x000074d16321a670
992356.0,554498,python,[JIT],0x00007a47e282e45d
992355.0,554572,python,[JIT],0x000071d3e6044f8d
992355.0,554572,python,[JIT],0x000071d3e605a2ab
992355.0,554520,python,[JIT],0x00007bae985553f1
992355.0,554559,python,[JIT],0x000074472c08c0b3
992355.0,554559,python,[JIT],0x000074472c08f1eb
992355.0,554559,python,[JIT],0x000074472c095fab
992355.0,554508,python,[JIT],0x000074d16320f66e
992355.0,554508,python,[JIT],0x000074d16321c117
992355.0,554508,python,[JIT],0x000074d16321c4da
992355.0,554508,python,[JIT],0x000074d16321c87f
992355.0,554545,python,[JIT],0x00007b13c67e72a7
992355.0,554545,python,[JIT],0x00007b13c67ec56b
992355.0,554532,python,[JIT],0x00007f3be24b3e38
992355.0,554532,python,[JIT],0x00007f3be24b6deb
992354.0,554572,python,[JIT],0x000071d3e604e0ee
992354.0,554559,python,[JIT],0x000074472c08b3f6
992354.0,554559,python,[JIT],0x000074472c08e4b9
992354.0,554572,python,[JIT],0x000071d3e604b63d
992354.0,554520,python,[JIT],0x00007bae98565134
992354.0,554559,python,[JIT],0x000074472c093076
992354.0,554559,python,[JIT],0x000074472c09607d
992354.0,554559,python,[JIT],0x000074472c099ef7
992354.0,554532,python,[JIT],0x00007f3be24ad4e3
992354.0,554532,python,[JIT],0x00007f3be24b40e3
992354.0,554508,python,[JIT],0x000074d16321fd76
992354.0,554498,python,[JIT],0x00007a47e282f257
992353.0,554520,python,[JIT],0x00007bae9855d01a
992353.0,554520,python,[JIT],0x00007bae9856645f
992353.0,554532,python,[JIT],0x00007f3be24ac2a7
992353.0,554532,python,[JIT],0x00007f3be24b7779
992353.0,554508,python,python,PyTuple_FromArray.part.0
992353.0,554508,python,[JIT],0x000074d16321a77b
992353.0,554532,python,[JIT],0x00007f3be24b38db
992353.0,554498,python,[JIT],0x00007a47e282e24b
992352.0,554520,python,[JIT],0x00007bae9856541e
992352.0,554520,python,[JIT],0x00007bae9856734f
992352.0,554532,python,[JIT],0x00007f3be24ab02b
992352.0,554532,python,[JIT],0x00007f3be2ceb2bc
992352.0,554508,python,[JIT],0x000074d163219fe6
992352.0,554545,python,[JIT],0x00007b13c67e05fa
992352.0,554498,python,[kernel.kallsyms],error_return
992351.0,554572,python,[JIT],0x000071d3e60406e9
992351.0,554559,python,[JIT],0x000074472c095598
992351.0,554572,python,[kernel.kallsyms],perf_event_task_tick
992351.0,554520,python,[JIT],0x00007bae985511e9
992351.0,554559,python,[JIT],0x000074472c08f9dd
992351.0,554559,python,[JIT],0x000074472c095000
992351.0,554559,python,[JIT],0x000074472c09876e
992351.0,554532,python,[JIT],0x00007f3be24b6a0c
992351.0,554532,python,[JIT],0x00007f3be24b7315
992351.0,554508,python,[JIT],0x000074d1632107f3
992351.0,554508,python,[JIT],0x000074d163219f0c
992351.0,554508,python,[JIT],0x000074d163228493
992351.0,554508,python,[JIT],0x000074d1632295f3
992351.0,554520,python,[kernel.kallsyms],__irq_exit_rcu
992351.0,554498,python,[JIT],0x00007a47e28395b2
992350.0,554572,python,[kernel.kallsyms],cap_vm_enough_memory
992350.0,554572,python,[JIT],0x000071d3e6040500
992350.0,554520,python,[JIT],0x00007bae98562dfd
992350.0,554559,python,[JIT],0x000074472c08b1db
992350.0,554559,python,[JIT],0x000074472c099193
992350.0,554532,python,[JIT],0x00007f3be24b4163
992350.0,554508,python,[JIT],0x000074d1632142a9
992350.0,554545,python,[JIT],0x00007b13c67ebd18
992350.0,554532,python,[JIT],0x00007f3be24b4061
992350.0,554498,python,[JIT],0x00007a47e283c668
992349.0,554559,python,[JIT],0x000074472c08c47b
992349.0,554559,python,[JIT],0x000074472c09608d
992349.0,554572,python,[JIT],0x000071d3e6041f64
992349.0,554572,python,[JIT],0x000071d3e6043192
992349.0,554532,python,[JIT],0x00007f3be24a70d6
992349.0,554532,python,[JIT],0x00007f3be24b6976
992349.0,554508,python,[JIT],0x000074d1632192c5
992349.0,554508,python,[JIT],0x000074d163219552
992349.0,554508,python,[JIT],0x000074d1632293a6
992348.0,554572,python,[JIT],0x000071d3e6047a02
992348.0,554572,python,[JIT],0x000071d3e604b233
992348.0,554559,python,[JIT],0x000074472c098d7b
992348.0,554572,python,[JIT],0x000071d3e605a4c6
992348.0,554572,python,[JIT],0x000071d3e605b316
992348.0,554520,python,[JIT],0x00007bae98562ee0
992348.0,554520,python,[JIT],0x00007bae98565120
992348.0,554520,python,[JIT],0x00007bae98567369
992348.0,554559,python,[JIT],0x000074472c08ce7b
992348.0,554559,python,[JIT],0x000074472c08e3a9
992348.0,554559,python,[JIT],0x000074472c092109
992348.0,554532,python,[JIT],0x00007f3be24b69da
992348.0,554532,python,[JIT],0x00007f3be24be095
992348.0,554508,python,[JIT],0x000074d1632132c5
992348.0,554508,python,[JIT],0x000074d163216064
992347.0,554559,python,[JIT],0x000074472c095e96
992347.0,554508,python,[JIT],0x000074d1632193be
992347.0,554508,python,[JIT],0x000074d16321a464
992346.0,554520,python,[JIT],0x00007bae98558e62
992346.0,554559,python,[JIT],0x000074472c098296
992346.0,554532,python,[JIT],0x00007f3be24adae3
992346.0,554532,python,[JIT],0x00007f3be24b4149
992346.0,554508,python,[JIT],0x000074d163229651
992346.0,554508,python,[JIT],0x000074d1632125b8
992346.0,554545,python,[JIT],0x00007b13c67f3e41
992346.0,554498,python,[JIT],0x00007a47e28380cb
992345.0,554572,python,[JIT],0x000071d3e604efde
992345.0,554572,python,[JIT],0x000071d3e605b27d
992345.0,554520,python,[JIT],0x00007bae985581aa
992345.0,554532,python,[JIT],0x00007f3be24a91fb
992345.0,554508,python,[JIT],0x000074d16321c110
992345.0,554508,python,[JIT],0x000074d163216dc1
992345.0,554508,python,[JIT],0x000074d16321ce08
992345.0,554532,python,[JIT],0x00007f3be24ac0f8
992345.0,554498,python,[JIT],0x00007a47e28462bc
992344.0,554532,python,[JIT],0x00007f3be24a9406
992344.0,554532,python,[JIT],0x00007f3be24b1670
992344.0,554508,python,[JIT],0x000074d16321076d
992344.0,554508,python,[JIT],0x000074d1632123f5
992344.0,554508,python,[JIT],0x000074d16321352b
992344.0,554508,python,[JIT],0x000074d16321c296
992344.0,554545,python,[JIT],0x00007b13c67ec137
992343.0,554572,python,[JIT],0x000071d3e604b629
992343.0,554520,python,[JIT],0x00007bae9855d62c
992343.0,554559,python,[JIT],0x000074472c08d003
992343.0,554532,python,[JIT],0x00007f3be24b61fc
992343.0,554508,python,[JIT],0x000074d1632140b8
992343.0,554508,python,[JIT],0x000074d16321604c
992343.0,554532,python,[JIT],0x00007f3be24b3cab
992342.0,554559,python,[JIT],0x000074472c098c46
992342.0,554532,python,[JIT],0x00007f3be24b435d
992342.0,554532,python,[JIT],0x00007f3be24b437d
992342.0,554508,python,[JIT],0x000074d163210ef3
992342.0,554508,python,[JIT],0x000074d163219890
992342.0,554508,python,[JIT],0x000074d1632283c1
992342.0,554545,python,[JIT],0x00007b13c67f410c
992341.0,554532,python,[JIT],0x00007f3be24a967e
992341.0,554532,python,[JIT],0x00007f3be24aa052
992341.0,554532,python,[JIT],0x00007f3be24ad9cd
992341.0,554532,python,[JIT],0x00007f3be2ceb477
992341.0,554508,python,[JIT],0x000074d163219fab
992341.0,554508,python,[JIT],0x000074d16321fb98
992341.0,554498,python,[JIT],0x00007a47e283c40a
992341.0,554498,python,[JIT],0x00007a47e2846455
992340.0,554520,python,[JIT],0x00007bae98551052
992340.0,554559,python,[JIT],0x000074472c08e117
992340.0,554559,python,[JIT],0x000074472c09519a
992340.0,554559,python,[JIT],0x000074472c0957fe
992340.0,554532,python,[JIT],0x00007f3be24a93a9
992340.0,554532,python,[JIT],0x00007f3be24ac0dc
992340.0,554532,python,[JIT],0x00007f3be24b6e27
992340.0,554508,python,[JIT],0x000074d16321c59c
992339.0,554572,python,[JIT],0x000071d3e604189b
992339.0,554572,python,[JIT],0x000071d3e60448df
992339.0,554572,python,[JIT],0x000071d3e6047462
992339.0,554572,python,[JIT],0x000071d3e605304c
992339.0,554520,python,[JIT],0x00007bae9855120e
992339.0,554520,python,[JIT],0x00007bae98567380
992339.0,554559,python,[JIT],0x000074472c0980b9
992339.0,554508,python,[JIT],0x000074d16321a1a5
992339.0,554545,python,[JIT],0x00007b13c67e0734
992339.0,554498,python,[JIT],0x00007a47e282f16d
992338.0,554572,python,[JIT],0x000071d3e605a620
992338.0,554572,python,[JIT],0x000071d3e604050e
992338.0,554520,python,[JIT],0x00007bae9856669a
992338.0,554559,python,python,dict_update
992338.0,554559,python,[JIT],0x000074472c092e62
992338.0,554559,python,[JIT],0x000074472c095a20
992338.0,554559,python,[JIT],0x000074472c095c58
992338.0,554559,python,[JIT],0x000074472c09936d
992338.0,554559,python,[JIT],0x000074472c09b9ac
992338.0,554508,python,[JIT],0x000074d1632106a3
992338.0,554508,python,[JIT],0x000074d16321a5ea
992338.0,554498,python,[JIT],0x00007a47e28312e8
992338.0,554498,python,[JIT],0x00007a47e283b6c3
992337.0,554572,python,[JIT],0x000071d3e604c111
992337.0,554572,python,[JIT],0x000071d3e6053389
992337.0,554520,python,[JIT],0x00007bae98556288
992337.0,554520,python,[JIT],0x00007bae98566120
992337.0,554559,python,[JIT],0x000074472c08c45d
992337.0,554508,python,[JIT],0x000074d163210114
992337.0,554508,python,[JIT],0x000074d163210ab8
992337.0,554545,python,[JIT],0x00007b13c67eb552
992337.0,554498,python,[JIT],0x00007a47e28325c8
992337.0,554498,python,[JIT],0x00007a47e28386ee
992336.0,554559,python,[JIT],0x000074472c08d380
992336.0,554520,python,[JIT],0x00007bae98558703
992336.0,554559,python,[JIT],0x000074472c08b727
992336.0,554559,python,[JIT],0x000074472c090036
992336.0,554559,python,[JIT],0x000074472c096163
992336.0,554545,python,[JIT],0x00007b13c67f3eb3
992336.0,554520,python,[JIT],0x00007bae985511f7
992336.0,554520,python,[JIT],0x00007bae9855d8cf
992336.0,554498,python,[JIT],0x00007a47e2830149
992335.0,554572,python,[JIT],0x000071d3e604bfe3
992335.0,554508,python,[JIT],0x000074d1634c305c
992335.0,554508,python,[JIT],0x000074d163213b61
992335.0,554545,python,[JIT],0x00007b13c67e31aa
992335.0,554545,python,[JIT],0x00007b13c67e775f
992334.0,554520,python,[JIT],0x00007bae985660d2
992334.0,554559,python,[JIT],0x000074472c09846c
992334.0,554532,python,[JIT],0x00007f3be24b17e4
992334.0,554508,python,[JIT],0x000074d163219f48
992334.0,554532,python,python,_PyEval_Vector
992334.0,554532,python,[JIT],0x00007f3be24b3839
992334.0,554498,python,[JIT],0x00007a47e2839b3a
992334.0,554498,python,[JIT],0x00007a47e28438a2
992333.0,554572,python,[JIT],0x000071d3e60592b6
992333.0,554559,python,[JIT],0x000074472c08c1ff
992333.0,554532,python,[JIT],0x00007f3be24b4144
992333.0,554508,python,[JIT],0x000074d1632142af
992333.0,554520,python,[JIT],0x00007bae9855f139
992333.0,554498,python,[JIT],0x00007a47e2ad7312
992332.0,554572,python,[JIT],0x000071d3e6045585
992332.0,554559,python,[JIT],0x000074472c0920f8
992332.0,554559,python,[JIT],0x000074472c099224
992332.0,554532,python,[JIT],0x00007f3be24a922d
992332.0,554532,python,[JIT],0x00007f3be24b72ed
992332.0,554508,python,[JIT],0x000074d1632167de
992331.0,554572,python,[JIT],0x000071d3e6040146
992331.0,554559,python,[JIT],0x000074472c08b500
992331.0,554559,python,[JIT],0x000074472c935228
992331.0,554532,python,[JIT],0x00007f3be24a977b
992331.0,554508,python,[JIT],0x000074d16320f143
992331.0,554508,python,[JIT],0x000074d16321ca86
992331.0,554508,python,[JIT],0x000074d16321ce2a
992331.0,554508,python,[JIT],0x000074d16321d7d3
992331.0,554545,python,[JIT],0x00007b13c67eb361
992331.0,554532,python,[JIT],0x00007f3be24b3614
992331.0,554498,python,[JIT],0x00007a47e28327cf
992330.0,554572,python,[JIT],0x000071d3e605b1ec
992330.0,554572,python,[JIT],0x000071d3e604eb2e
992330.0,554520,python,[JIT],0x00007bae98555353
992330.0,554520,python,[JIT],0x00007bae9856026b
992330.0,554532,python,[JIT],0x00007f3be24b40f7
992330.0,554508,python,[JIT],0x000074d16320f49d
992330.0,554508,python,[JIT],0x000074d1632163d6
992330.0,554508,python,[JIT],0x000074d16321c2c0
992330.0,554545,python,[JIT],0x00007b13c6a8643c
992330.0,554498,python,[JIT],0x00007a47e2839288
992329.0,554572,python,[JIT],0x000071d3e604e329
992329.0,554559,python,[kernel.kallsyms],_find_next_and_bit
992329.0,554572,python,[JIT],0x000071d3e604f1c0
992329.0,554559,python,[JIT],0x000074472c08e0cb
992329.0,554559,python,[JIT],0x000074472c0a4253
992329.0,554508,python,[JIT],0x000074d163219fb7
992329.0,554508,python,[JIT],0x000074d16321a788
992329.0,554508,python,[JIT],0x000074d16321d1e4
992329.0,554545,python,[JIT],0x00007b13c67e0338
992329.0,554520,python,[JIT],0x00007bae98566658
992329.0,554498,python,[JIT],0x00007a47e28303b7
992329.0,554498,python,[JIT],0x00007a47e2838ffa
992329.0,554498,python,[JIT],0x00007a47e283b58c
992329.0,554498,python,[JIT],0x00007a47e283b7b2
992328.0,554559,python,[JIT],0x000074472c0988db
992328.0,554559,python,[JIT],0x000074472c08c568
992328.0,554532,python,[JIT],0x00007f3be24b3e2b
992328.0,554532,python,[JIT],0x00007f3be24b7273
992328.0,554520,python,[JIT],0x00007bae9855ccd5
992328.0,554498,python,[JIT],0x00007a47e28388d1
992328.0,554498,python,[JIT],0x00007a47e283904c
992328.0,554498,python,[JIT],0x00007a47e283c88f
992327.0,554520,python,[JIT],0x00007bae985542ae
992327.0,554559,python,[JIT],0x000074472c08f015
992327.0,554559,python,[JIT],0x000074472c08f64c
992327.0,554559,python,[JIT],0x000074472c092262
992327.0,554508,python,[JIT],0x000074d1632198ce
992327.0,554508,python,[JIT],0x000074d163219ec0
992327.0,554508,python,[JIT],0x000074d16321d7d3
992327.0,554508,python,[JIT],0x000074d16321c2d0
992326.0,554572,python,[JIT],0x000071d3e6044127
992326.0,554572,python,[JIT],0x000071d3e604c017
992326.0,554520,python,[JIT],0x00007bae9855230c
992326.0,554520,python,[JIT],0x00007bae9855c833
992326.0,554520,python,[JIT],0x00007bae9855d199
992326.0,554532,python,[JIT],0x00007f3be24b377d
992326.0,554532,python,[JIT],0x00007f3be24b6357
992326.0,554545,python,[JIT],0x00007b13c67f3e84
992326.0,554520,python,[JIT],0x00007bae98551114
992326.0,554532,python,[JIT],0x00007f3be24b0224
992325.0,554572,python,[JIT],0x000071d3e605b240
992325.0,554520,python,[JIT],0x00007bae98555f36
992325.0,554520,python,[JIT],0x00007bae9855cf45
992325.0,554532,python,[JIT],0x00007f3be24b6a4d
992325.0,554498,python,[JIT],0x00007a47e2ad6372
992324.0,554572,python,[JIT],0x000071d3e604c171
992324.0,554572,python,[JIT],0x000071d3e6053219
992324.0,554520,python,[JIT],0x00007bae9856021e
992324.0,554532,python,[JIT],0x00007f3be24b109b
992324.0,554508,python,[JIT],0x000074d163216a83
992324.0,554498,python,[JIT],0x00007a47e2838208
992323.0,554572,python,[JIT],0x000071d3e604f44d
992323.0,554520,python,[JIT],0x00007bae9855fe84
992323.0,554520,python,[JIT],0x00007bae985662f7
992323.0,554559,python,[JIT],0x000074472c090666
992323.0,554559,python,[JIT],0x000074472c09906c
992323.0,554532,python,[JIT],0x00007f3be24b04b9
992323.0,554532,python,[JIT],0x00007f3be24b406c
992323.0,554532,python,[JIT],0x00007f3be24b7201
992323.0,554532,python,[JIT],0x00007f3be2ceb0f1
992323.0,554508,python,[JIT],0x000074d16321c9c3
992322.0,554520,python,[JIT],0x00007bae985510d2
992322.0,554532,python,[JIT],0x00007f3be24ad6e6
992322.0,554532,python,[JIT],0x00007f3be24b03c5
992322.0,554508,python,[JIT],0x000074d163216524
992322.0,554508,python,[JIT],0x000074d16321719c
992321.0,554520,python,[JIT],0x00007bae9855c7eb
992321.0,554520,python,[JIT],0x00007bae9855f052
992321.0,554520,python,[JIT],0x00007bae98560444
992321.0,554559,python,python,copy_lock_held_untracked
992321.0,554532,python,[JIT],0x00007f3be24a09fc
992321.0,554532,python,[JIT],0x00007f3be24aa181
992321.0,554532,python,[JIT],0x00007f3be24aa674
992321.0,554532,python,[JIT],0x00007f3be24b10f7
992321.0,554532,python,[JIT],0x00007f3be24be04c
992321.0,554508,python,[JIT],0x000074d163219705
992321.0,554508,python,[JIT],0x000074d16321462c
992320.0,554559,python,[kernel.kallsyms],perf_pmu_nop_void
992320.0,554520,python,[JIT],0x00007bae98551250
992320.0,554508,python,[JIT],0x000074d1632121d6
992320.0,554508,python,[JIT],0x000074d163219c58
992320.0,554532,python,[JIT],0x00007f3be24aaa04
992320.0,554498,python,[JIT],0x00007a47e2839141
992319.0,554520,python,[JIT],0x00007bae98558114
992319.0,554532,python,python,strchr@plt
992319.0,554532,python,[JIT],0x00007f3be24aaa48
992319.0,554532,python,[JIT],0x00007f3be24aaf53
992319.0,554532,python,[JIT],0x00007f3be24ac395
992319.0,554508,python,[JIT],0x000074d163211332
992319.0,554508,python,[JIT],0x000074d163213677
992319.0,554498,python,[JIT],0x00007a47e28300a7
992318.0,554559,python,[JIT],0x000074472c08e06a
992318.0,554572,python,[JIT],0x000071d3e604edeb
992318.0,554572,python,[JIT],0x000071d3e604f329
992318.0,554572,python,[JIT],0x000071d3e605132b
992318.0,554572,python,[JIT],0x000071d3e6059410
992318.0,554520,python,[JIT],0x00007bae9855153b
992318.0,554508,python,[JIT],0x000074d1632290a7
992318.0,554545,python,[JIT],0x00007b13c67f4ee6
992318.0,554498,python,[JIT],0x00007a47e283038d
992317.0,554572,python,[JIT],0x000071d3e604439d
992317.0,554572,python,[JIT],0x000071d3e604b060
992317.0,554559,python,[JIT],0x000074472c08c6fb
992317.0,554559,python,[JIT],0x000074472c0980e6
992317.0,554508,python,[JIT],0x000074d163217907
992317.0,554545,python,[JIT],0x00007b13c67ec4f2
992317.0,554532,python,[JIT],0x00007f3be24ad0ff
992317.0,554532,python,[JIT],0x00007f3be24b3543
992316.0,554559,python,[JIT],0x000074472c0998da
992316.0,554532,python,[JIT],0x00007f3be24ae40c
992316.0,554508,python,[JIT],0x000074d163217649
992316.0,554508,python,[JIT],0x000074d16321d051
992316.0,554498,python,[JIT],0x00007a47e2834982
992316.0,554498,python,[JIT],0x00007a47e2838405
992316.0,554498,python,[JIT],0x00007a47e283c2fa
992315.0,554559,python,[JIT],0x000074472c0951fe
992315.0,554572,python,[JIT],0x000071d3e60485c3
992315.0,554572,python,[JIT],0x000071d3e604ba1a
992315.0,554520,python,[JIT],0x00007bae985580ad
992315.0,554559,python,[JIT],0x000074472c09980b
992315.0,554532,python,[JIT],0x00007f3be24a9695
992315.0,554508,python,[kernel.kallsyms],ktime_get
992315.0,554545,python,python,PyMem_Realloc
992315.0,554498,python,[JIT],0x00007a47e283504c
992315.0,554498,python,[JIT],0x00007a47e28387a8
992314.0,554559,python,[JIT],0x000074472c098da2
992314.0,554520,python,[JIT],0x00007bae985560dc
992314.0,554520,python,[JIT],0x00007bae98558c83
992314.0,554520,python,[JIT],0x00007bae9856673c
992314.0,554520,python,[JIT],0x00007bae9856725b
992314.0,554559,python,[JIT],0x000074472c0a423c
992314.0,554508,python,[JIT],0x000074d1632164c3
992314.0,554532,python,[JIT],0x00007f3be24b4555
992314.0,554498,python,[JIT],0x00007a47e283451c
992314.0,554498,python,[JIT],0x00007a47e2834be9
992314.0,554498,python,[JIT],0x00007a47e283c4c5
992313.0,554572,python,[JIT],0x000071d3e6045111
992313.0,554559,python,[JIT],0x000074472c08f90a
992313.0,554559,python,[JIT],0x000074472c096064
992313.0,554508,python,[JIT],0x000074d16321d1dd
992313.0,554508,python,[JIT],0x000074d16321021e
992313.0,554508,python,[JIT],0x000074d163219eba
992312.0,554572,python,[JIT],0x000071d3e605935d
992312.0,554520,python,[JIT],0x00007bae9855c3f5
992312.0,554520,python,[JIT],0x00007bae9855d4b4
992312.0,554520,python,[JIT],0x00007bae98560117
992312.0,554559,python,[JIT],0x000074472c09043b
992312.0,554559,python,[JIT],0x000074472c0958ca
992312.0,554559,python,[JIT],0x000074472c098a75
992312.0,554532,python,[JIT],0x00007f3be24b45a1
992312.0,554532,python,[JIT],0x00007f3be24b6cbb
992312.0,554545,python,[JIT],0x00007b13c67f33d4
992312.0,554520,python,[JIT],0x00007bae9855d266
992312.0,554498,python,[JIT],0x00007a47e28381fe
992312.0,554498,python,[JIT],0x00007a47e283b838
992311.0,554572,python,[JIT],0x000071d3e6041a8f
992311.0,554520,python,[JIT],0x00007bae9855cb70
992311.0,554559,python,[JIT],0x000074472c090090
992311.0,554559,python,[JIT],0x000074472c0931bf
992311.0,554559,python,[JIT],0x000074472c0937e4
992311.0,554532,python,[JIT],0x00007f3be24b4722
992311.0,554508,python,[JIT],0x000074d16321defa
992311.0,554508,python,[JIT],0x000074d1634c30b3
992311.0,554508,python,[JIT],0x000074d163219aab
992311.0,554508,python,[JIT],0x000074d16321d73f
992311.0,554520,python,python,cfunction_vectorcall_FASTCALL
992311.0,554498,python,[kernel.kallsyms],__get_user_8
992310.0,554572,python,[JIT],0x000071d3e605b3a5
992310.0,554572,python,[JIT],0x000071d3e605a238
992310.0,554559,python,[JIT],0x000074472c0956ee
992310.0,554532,python,[JIT],0x00007f3be24ad77d
992310.0,554532,python,[JIT],0x00007f3be24b0060
992310.0,554508,python,[JIT],0x000074d16321cfc2
992310.0,554545,python,[JIT],0x00007b13c67f3b59
992310.0,554532,python,[JIT],0x00007f3be24b32b6
992310.0,554498,python,[JIT],0x00007a47e283905a
992309.0,554520,python,[JIT],0x00007bae985603b6
992309.0,554559,python,[JIT],0x000074472c098292
992309.0,554559,python,[JIT],0x000074472c098d4f
992309.0,554559,python,[JIT],0x000074472c0a4124
992309.0,554532,python,[JIT],0x00007f3be24ae2b5
992308.0,554559,python,[JIT],0x000074472c0982b8
992308.0,554532,python,[JIT],0x00007f3be24b04cd
992308.0,554508,python,[JIT],0x000074d16321cc72
992308.0,554545,python,[JIT],0x00007b13c67ec026
992308.0,554532,python,[JIT],0x00007f3be24b355c
992308.0,554498,python,[JIT],0x00007a47e2838e08
992308.0,554498,python,[JIT],0x00007a47e283c02f
992307.0,554559,python,[JIT],0x000074472c0953a9
992307.0,554559,python,[JIT],0x000074472c095e7e
992307.0,554520,python,[JIT],0x00007bae98565497
992307.0,554545,python,[JIT],0x00007b13c67e7b86
992306.0,554572,python,[JIT],0x000071d3e6047343
992306.0,554559,python,[JIT],0x000074472c0930a5
992306.0,554559,python,[JIT],0x000074472c0997e2
992306.0,554532,python,[JIT],0x00007f3be24ab1d6
992306.0,554498,python,[JIT],0x00007a47e282ef64
992306.0,554498,python,[JIT],0x00007a47e2838d72
992306.0,554498,python,[JIT],0x00007a47e283be16
992305.0,554572,python,[JIT],0x000071d3e604f16e
992305.0,554572,python,[JIT],0x000071d3e604f421
992305.0,554559,python,[JIT],0x000074472c0901f1
992305.0,554532,python,[JIT],0x00007f3be24aa95b
992305.0,554532,python,[JIT],0x00007f3be24b62a3
992305.0,554508,python,[JIT],0x000074d16321d11a
992305.0,554508,python,[JIT],0x000074d1632077d7
992305.0,554532,python,[JIT],0x00007f3be24b3103
992305.0,554498,python,[JIT],0x00007a47e282d3c0
992305.0,554498,python,[JIT],0x00007a47e282f0ff
992304.0,554520,python,[JIT],0x00007bae9855152c
992304.0,554532,python,[JIT],0x00007f3be24a9338
992304.0,554532,python,[JIT],0x00007f3be24aa730
992304.0,554532,python,[JIT],0x00007f3be24b3a7d
992304.0,554532,python,[JIT],0x00007f3be2d65668
992304.0,554532,python,[JIT],0x00007f3be2d662a2
992304.0,554508,python,[JIT],0x000074d163210292
992304.0,554508,python,[JIT],0x000074d16321a4b8
992304.0,554508,python,[JIT],0x000074d16321d201
992304.0,554520,python,[JIT],0x00007bae98555052
992303.0,554572,python,[JIT],0x000071d3e60405d3
992303.0,554559,python,[JIT],0x000074472c08fb7b
992303.0,554572,python,[JIT],0x000071d3e6044677
992303.0,554520,python,[kernel.kallsyms],__cgroup_account_cputime
992303.0,554532,python,[JIT],0x00007f3be24aa2c3
992303.0,554508,python,[JIT],0x000074d1632193f5
992303.0,554545,python,[JIT],0x00007b13c67e8b64
992303.0,554532,python,[JIT],0x00007f3be24ac462
992303.0,554498,python,[JIT],0x00007a47e2831c49
992303.0,554498,python,[JIT],0x00007a47e2834fe3
992302.0,554572,python,[JIT],0x000071d3e60592be
992302.0,554572,python,[JIT],0x000071d3e6048328
992302.0,554572,python,[JIT],0x000071d3e605b2a5
992302.0,554520,python,[JIT],0x00007bae98556206
992302.0,554559,python,[JIT],0x000074472c08fcc5
992302.0,554559,python,[JIT],0x000074472c0990dd
992302.0,554508,python,[JIT],0x000074d16320f525
992302.0,554498,python,[JIT],0x00007a47e28325ea
992302.0,554498,python,[JIT],0x00007a47e283915f
992301.0,554559,python,[JIT],0x000074472c095dc1
992301.0,554572,python,[JIT],0x000071d3e604e4da
992301.0,554559,python,[kernel.kallsyms],__cgroup_account_cputime_field
992301.0,554559,python,[JIT],0x000074472c095e1c
992301.0,554559,python,[JIT],0x000074472c0960b4
992301.0,554559,python,[JIT],0x000074472c935369
992301.0,554508,python,[JIT],0x000074d1634c30a9
992301.0,554508,python,[JIT],0x000074d16321d779
992301.0,554545,python,[JIT],0x00007b13c67ebf2e
992301.0,554532,python,[JIT],0x00007f3be24b72fa
992300.0,554572,python,[JIT],0x000071d3e604bbf6
992300.0,554572,python,[JIT],0x000071d3e604c17b
992300.0,554572,python,[JIT],0x000071d3e604f198
992300.0,554572,python,[JIT],0x000071d3e605a693
992300.0,554559,python,[JIT],0x000074472c08c46e
992300.0,554559,python,[JIT],0x000074472c08fc58
992300.0,554532,python,[JIT],0x00007f3be24ae799
992300.0,554508,python,[JIT],0x000074d16321f48e
992300.0,554508,python,[JIT],0x000074d16321239d
992300.0,554508,python,[JIT],0x000074d163216598
992300.0,554508,python,[JIT],0x000074d163228463
992300.0,554508,python,[JIT],0x000074d163229409
992300.0,554532,python,[JIT],0x00007f3be24ad3ca
992300.0,554498,python,[JIT],0x00007a47e2ad6401
992300.0,554498,python,[JIT],0x00007a47e2ad72a9
992299.0,554559,python,[JIT],0x000074472c095233
992299.0,554572,python,[JIT],0x000071d3e604c4b4
992299.0,554520,python,[JIT],0x00007bae98558268
992299.0,554559,python,[JIT],0x000074472c098ea1
992299.0,554559,python,[JIT],0x000074472c0995e7
992299.0,554508,python,[JIT],0x000074d16321a74e
992299.0,554545,python,[JIT],0x00007b13c67eb9be
992299.0,554532,python,[JIT],0x00007f3be24b095e
992299.0,554498,python,[JIT],0x00007a47e2ad6458
992298.0,554572,python,[JIT],0x000071d3e604bf8d
992298.0,554572,python,[JIT],0x000071d3e604209c
992298.0,554572,python,[JIT],0x000071d3e6043179
992298.0,554572,python,[JIT],0x000071d3e6045585
992298.0,554572,python,[JIT],0x000071d3e604e856
992298.0,554520,python,[JIT],0x00007bae9855fdfc
992298.0,554520,python,[JIT],0x00007bae9856002f
992298.0,554520,python,[JIT],0x00007bae98565297
992298.0,554559,python,[JIT],0x000074472c099404
992298.0,554532,python,[JIT],0x00007f3be2d6574b
992298.0,554508,python,[JIT],0x000074d16322912d
992298.0,554498,python,[kernel.kallsyms],update_sg_lb_stats
992298.0,554498,python,[JIT],0x00007a47e284514e
992297.0,554572,python,[JIT],0x000071d3e604b05c
992297.0,554572,python,[JIT],0x000071d3e6040593
992297.0,554572,python,[JIT],0x000071d3e6047ded
992297.0,554520,python,[JIT],0x00007bae98552d57
992297.0,554520,python,[JIT],0x00007bae985601f2
992297.0,554559,python,[JIT],0x000074472c0991dd
992297.0,554532,python,[JIT],0x00007f3be24ade5c
992297.0,554545,python,[JIT],0x00007b13c67f3010
992297.0,554498,python,[JIT],0x00007a47e283b000
992297.0,554498,python,[JIT],0x00007a47e283c783
992296.0,554559,python,[JIT],0x000074472c08b3d4
992296.0,554559,python,[JIT],0x000074472c08c86a
992296.0,554559,python,[JIT],0x000074472c095fa2
992296.0,554532,python,[JIT],0x00007f3be24a964d
992296.0,554532,python,[JIT],0x00007f3be24ac110
992296.0,554532,python,[JIT],0x00007f3be24ac37a
992296.0,554545,python,[JIT],0x00007b13c67e4b56
992296.0,554532,python,python,initialize_locals
992296.0,554532,python,[JIT],0x00007f3be24a94e1
992296.0,554498,python,[JIT],0x00007a47e28327fd
992296.0,554498,python,[JIT],0x00007a47e2ad6256
992295.0,554572,python,[JIT],0x000071d3e60430ea
992295.0,554520,python,[JIT],0x00007bae985513c0
992295.0,554520,python,[JIT],0x00007bae9855fc31
992295.0,554508,python,[JIT],0x000074d16321416d
992295.0,554508,python,[JIT],0x000074d163216459
992294.0,554520,python,[JIT],0x00007bae98558734
992294.0,554520,python,[JIT],0x00007bae985660fa
992294.0,554532,python,[JIT],0x00007f3be24b3ff2
992294.0,554508,python,[JIT],0x000074d1632172ad
992294.0,554508,python,[JIT],0x000074d1632122e8
992294.0,554508,python,[JIT],0x000074d16321cd65
992293.0,554559,python,[kernel.kallsyms],avg_vruntime
992293.0,554559,python,[JIT],0x000074472c08e17f
992293.0,554572,python,[JIT],0x000071d3e60402e5
992293.0,554572,python,[JIT],0x000071d3e6059433
992293.0,554520,python,[JIT],0x00007bae98555b61
992293.0,554532,python,[JIT],0x00007f3be24b17f8
992293.0,554508,python,[JIT],0x000074d16321a047
992293.0,554545,python,[JIT],0x00007b13c67f33b7
992293.0,554532,python,[JIT],0x00007f3be24ad0ce
992293.0,554532,python,[JIT],0x00007f3be24c12e9
992293.0,554498,python,[JIT],0x00007a47e2835137
992293.0,554498,python,[JIT],0x00007a47e283c801
992293.0,554498,python,[JIT],0x00007a47e2ad62bd
992292.0,554572,python,[JIT],0x000071d3e604b636
992292.0,554559,python,[JIT],0x000074472c08c275
992292.0,554559,python,[JIT],0x000074472c0a413e
992292.0,554532,python,[JIT],0x00007f3be24b4362
992292.0,554532,python,[JIT],0x00007f3be2d66392
992292.0,554508,python,[JIT],0x000074d16321a725
992292.0,554498,python,[JIT],0x00007a47e28349f8
992291.0,554520,python,[JIT],0x00007bae9855c22f
992291.0,554532,python,[JIT],0x00007f3be24b6d0a
992291.0,554508,python,[JIT],0x000074d1632133cd
992291.0,554532,python,[JIT],0x00007f3be24aa210
992291.0,554498,python,[JIT],0x00007a47e2839171
992290.0,554572,python,python,PyTraceBack_Here
992290.0,554572,python,[JIT],0x000071d3e604f28d
992290.0,554520,python,[JIT],0x00007bae98564330
992290.0,554559,python,[JIT],0x000074472c08c8c2
992290.0,554559,python,[JIT],0x000074472c093085
992290.0,554532,python,[JIT],0x00007f3be24ae141
992290.0,554508,python,[JIT],0x000074d163213299
992290.0,554508,python,[JIT],0x000074d163214431
992290.0,554508,python,[JIT],0x000074d163210e57
992290.0,554508,python,[JIT],0x000074d1632175bf
992290.0,554520,python,[kernel.kallsyms],folio_add_new_anon_rmap
992290.0,554520,python,[JIT],0x00007bae9855d0f7
992290.0,554498,python,[JIT],0x00007a47e2839137
992289.0,554559,python,[JIT],0x000074472c08ff8d
992289.0,554559,python,[JIT],0x000074472c093685
992289.0,554532,python,[JIT],0x00007f3be24b3f58
992289.0,554508,python,[JIT],0x000074d16320f12f
992289.0,554508,python,[JIT],0x000074d163213748
992289.0,554545,python,[JIT],0x00007b13c67e404c
992289.0,554520,python,[JIT],0x00007bae9855c17f
992289.0,554498,python,[JIT],0x00007a47e282d248
992289.0,554498,python,[JIT],0x00007a47e282eb6d
992289.0,554498,python,[JIT],0x00007a47e2846472
992288.0,554572,python,python,elf_init_ehframe_gdb.constprop.0
992288.0,554572,python,python,_PyFunction_Vectorcall
992288.0,554559,python,[JIT],0x000074472c08b146
992288.0,554508,python,[JIT],0x000074d163229693
992288.0,554532,python,[JIT],0x00007f3be2d662e7
992288.0,554498,python,[JIT],0x00007a47e28325b9
992288.0,554498,python,[JIT],0x00007a47e283bafe
992288.0,554498,python,[JIT],0x00007a47e28463ef
992287.0,554572,python,[JIT],0x000071d3e6043167
992287.0,554572,python,[kernel.kallsyms],hrtimer_run_queues
992287.0,554559,python,[JIT],0x000074472c095626
992287.0,554532,python,[JIT],0x00007f3be24b799a
992287.0,554545,python,[JIT],0x00007b13c67f3e51
992286.0,554572,python,[JIT],0x000071d3e6045349
992286.0,554572,python,[JIT],0x000071d3e604c0e0
992286.0,554559,python,[JIT],0x000074472c93463d
992286.0,554520,python,[JIT],0x00007bae98552c4c
992286.0,554520,python,[JIT],0x00007bae98555d72
992286.0,554559,python,[JIT],0x000074472c0904b8
992286.0,554559,python,[JIT],0x000074472c09077b
992286.0,554508,python,python,dict_merge
992286.0,554498,python,[JIT],0x00007a47e28349e8
992286.0,554498,python,[JIT],0x00007a47e284505c
992285.0,554520,python,[JIT],0x00007bae98555aca
992285.0,554520,python,[JIT],0x00007bae9855f7aa
992285.0,554520,python,[JIT],0x00007bae98565111
992285.0,554559,python,libc.so.6,unlink_chunk.isra.0
992285.0,554559,python,[JIT],0x000074472c096b4c
992285.0,554532,python,[JIT],0x00007f3be24ad3af
992285.0,554532,python,[JIT],0x00007f3be24b3b51
992285.0,554532,python,[JIT],0x00007f3be24b6010
992285.0,554508,python,[JIT],0x000074d1632131c8
992285.0,554508,python,[JIT],0x000074d1632190ad
992285.0,554508,python,[JIT],0x000074d163219e96
992285.0,554498,python,[JIT],0x00007a47e282e50f
992285.0,554498,python,[JIT],0x00007a47e28351bc
992284.0,554559,python,[JIT],0x000074472c096149
992284.0,554572,python,[JIT],0x000071d3e604c362
992284.0,554572,python,[JIT],0x000071d3e604e838
992284.0,554520,python,[JIT],0x00007bae9855d273
992284.0,554559,python,[JIT],0x000074472c095a1a
992284.0,554508,python,[JIT],0x000074d16321d762
992284.0,554508,python,[JIT],0x000074d163216353
992284.0,554520,python,[JIT],0x00007bae9855d8c8
992284.0,554498,python,[JIT],0x00007a47e283bff1
992283.0,554572,python,[JIT],0x000071d3e605a49b
992283.0,554508,python,[JIT],0x000074d1632165a6
992283.0,554508,python,[JIT],0x000074d1632197db
992283.0,554508,python,[JIT],0x000074d16321ccf7
992283.0,554532,python,[JIT],0x00007f3be24ac167
992282.0,554572,python,[JIT],0x000071d3e604b9c5
992282.0,554520,python,[JIT],0x00007bae985542d5
992282.0,554520,python,[JIT],0x00007bae98554380
992282.0,554559,python,[JIT],0x000074472c096603
992282.0,554508,python,[JIT],0x000074d16320f323
992282.0,554545,python,[JIT],0x00007b13c67f37a5
992282.0,554520,python,[JIT],0x00007bae9855c2c1
992282.0,554498,python,[JIT],0x00007a47e2831f80
992282.0,554498,python,[JIT],0x00007a47e283219c
992281.0,554572,python,[JIT],0x000071d3e6047cc9
992281.0,554572,python,[JIT],0x000071d3e6043361
992281.0,554572,python,[JIT],0x000071d3e604b149
992281.0,554572,python,[JIT],0x000071d3e604c0ab
992281.0,554520,python,[JIT],0x00007bae9855506a
992281.0,554532,python,[JIT],0x00007f3be24b6e08
992281.0,554508,python,[JIT],0x000074d1632162b6
992281.0,554520,python,[kernel.kallsyms],profile_tick
992281.0,554532,python,[JIT],0x00007f3be24ae7f8
992281.0,554532,python,[JIT],0x00007f3be24b3343
992280.0,554559,python,[JIT],0x000074472c095ae0
992280.0,554520,python,[JIT],0x00007bae98558d4a
992280.0,554520,python,[JIT],0x00007bae9855d2a5
992280.0,554559,python,[JIT],0x000074472c08cef3
992280.0,554559,python,[JIT],0x000074472c08f3d9
992280.0,554559,python,[JIT],0x000074472c090459
992280.0,554532,python,[JIT],0x00007f3be24ad060
992280.0,554532,python,[JIT],0x00007f3be24ad1eb
992280.0,554508,python,[JIT],0x000074d1632195bc
992280.0,554508,python,[JIT],0x000074d163228468
992280.0,554508,python,[JIT],0x000074d1634c3207
992280.0,554532,python,[JIT],0x00007f3be24b3395
992280.0,554498,python,[JIT],0x00007a47e282f14e
992279.0,554520,python,[JIT],0x00007bae98559740
992279.0,554520,python,[JIT],0x00007bae9855cb61
992279.0,554520,python,[JIT],0x00007bae98560174
992279.0,554559,python,[JIT],0x000074472c08e37a
992279.0,554532,python,[JIT],0x00007f3be24ae266
992279.0,554532,python,[JIT],0x00007f3be24b09be
992279.0,554532,python,[JIT],0x00007f3be24b6a98
992279.0,554508,python,[JIT],0x000074d16321447d
992279.0,554545,python,[JIT],0x00007b13c67e52ad
992279.0,554532,python,[JIT],0x00007f3be24b443b
992278.0,554559,python,[kernel.kallsyms],update_sd_lb_stats.constprop.0
992278.0,554572,python,[kernel.kallsyms],rcu_accelerate_cbs_unlocked
992278.0,554508,python,[JIT],0x000074d16321a38b
992278.0,554508,python,[JIT],0x000074d1632130ad
992278.0,554508,python,[JIT],0x000074d16321d3f6
992278.0,554508,python,[JIT],0x000074d163227309
992278.0,554520,python,[JIT],0x00007bae9855c9f4
992277.0,554572,python,[JIT],0x000071d3e604c735
992277.0,554532,python,[JIT],0x00007f3be24a93ec
992277.0,554532,python,[JIT],0x00007f3be24b62c0
992277.0,554532,python,[JIT],0x00007f3be24b6382
992277.0,554532,python,[JIT],0x00007f3be24b6edf
992277.0,554508,python,[JIT],0x000074d163219711
992277.0,554520,python,[JIT],0x00007bae9855c4f9
992277.0,554532,python,[JIT],0x00007f3be24ac5b1
992276.0,554532,python,[JIT],0x00007f3be24b3890
992276.0,554508,python,[JIT],0x000074d16321ce4b
992276.0,554545,python,[JIT],0x00007b13c67ec14d
992276.0,554498,python,[JIT],0x00007a47e2831f3e
992275.0,554572,python,[JIT],0x000071d3e604b4f9
992275.0,554559,python,[kernel.kallsyms],run_posix_cpu_timers
992275.0,554572,python,[JIT],0x000071d3e60452a9
992275.0,554572,python,[JIT],0x000071d3e604c374
992275.0,554520,python,[JIT],0x00007bae98560033
992275.0,554559,python,[JIT],0x000074472c0924cd
992275.0,554532,python,[JIT],0x00007f3be24b6957
992275.0,554532,python,[JIT],0x00007f3be24b70b2
992275.0,554532,python,[JIT],0x00007f3be2d655d9
992275.0,554508,python,[JIT],0x000074d163219f84
992275.0,554508,python,[JIT],0x000074d1632100eb
992275.0,554508,python,[JIT],0x000074d16321708d
992275.0,554508,python,[JIT],0x000074d1632175c3
992275.0,554520,python,[JIT],0x00007bae9856668e
992274.0,554532,python,[JIT],0x00007f3be24aeb53
992274.0,554508,python,[JIT],0x000074d1632197de
992274.0,554508,python,[JIT],0x000074d16321d80b
992274.0,554545,python,[JIT],0x00007b13c67e23a2
992274.0,554545,python,[JIT],0x00007b13c67ec163
992274.0,554520,python,[JIT],0x00007bae985589fc
992273.0,554572,python,[JIT],0x000071d3e605b2e7
992273.0,554572,python,[JIT],0x000071d3e604c08a
992273.0,554520,python,[JIT],0x00007bae98558380
992273.0,554520,python,[JIT],0x00007bae9855d657
992273.0,554508,python,[JIT],0x000074d16321cfd8
992273.0,554520,python,[JIT],0x00007bae9855d8be
992273.0,554520,python,[JIT],0x00007bae9855ffb4
992273.0,554532,python,[JIT],0x00007f3be24b78f7
992273.0,554498,python,[JIT],0x00007a47e28351c6
992273.0,554498,python,[JIT],0x00007a47e284627d
992272.0,554559,python,[JIT],0x000074472c08cbf6
992272.0,554520,python,[JIT],0x00007bae9855338e
992272.0,554520,python,[JIT],0x00007bae9855f97d
992272.0,554559,python,[JIT],0x000074472c0890ab
992272.0,554559,python,[JIT],0x000074472c090195
992272.0,554508,python,[JIT],0x000074d16321282d
992272.0,554508,python,[JIT],0x000074d163213b7b
992272.0,554545,python,[JIT],0x00007b13c67ea00a
992272.0,554532,python,[JIT],0x00007f3be24b63a7
992272.0,554498,python,[JIT],0x00007a47e283b121
992271.0,554559,python,[JIT],0x000074472c0935c3
992271.0,554559,python,[JIT],0x000074472c09bee3
992271.0,554520,python,[JIT],0x00007bae98552e43
992271.0,554520,python,[JIT],0x00007bae98553172
992271.0,554532,python,[JIT],0x00007f3be24ad1d6
992271.0,554508,python,[JIT],0x000074d163219204
992271.0,554508,python,[JIT],0x000074d163219614
992271.0,554532,python,[JIT],0x00007f3be24b3fb7
992271.0,554532,python,[JIT],0x00007f3be2ceb0ce
992271.0,554498,python,[JIT],0x00007a47e28268da
992271.0,554498,python,[JIT],0x00007a47e283431d
992270.0,554572,python,[JIT],0x000071d3e6044ee9
992270.0,554520,python,[JIT],0x00007bae98555ec0
992270.0,554520,python,[JIT],0x00007bae9855fb2e
992270.0,554559,python,[JIT],0x000074472c09bf31
992270.0,554532,python,[JIT],0x00007f3be249e000
992270.0,554532,python,[JIT],0x00007f3be24ab1d6
992270.0,554532,python,[JIT],0x00007f3be24ad3d9
992270.0,554508,python,[JIT],0x000074d163216aaf
992270.0,554508,python,[JIT],0x000074d16321d329
992269.0,554572,python,[JIT],0x000071d3e605b102
992269.0,554520,python,[JIT],0x00007bae9855c87e
992269.0,554520,python,[JIT],0x00007bae9855d27e
992269.0,554520,python,[JIT],0x00007bae9856638c
992269.0,554520,python,[JIT],0x00007bae98566446
992269.0,554559,python,[kernel.kallsyms],arch_scale_freq_tick
992269.0,554559,python,[JIT],0x000074472c08cc4c
992269.0,554508,python,[JIT],0x000074d16320f3b9
992269.0,554508,python,[JIT],0x000074d163214799
992269.0,554545,python,[JIT],0x00007b13c67e1873
992269.0,554545,python,[JIT],0x00007b13c67eb04c
992268.0,554559,python,[JIT],0x000074472c090710
992268.0,554572,python,[JIT],0x000071d3e604e5f9
992268.0,554559,python,[JIT],0x000074472c098b96
992268.0,554508,python,[JIT],0x000074d16321938d
992268.0,554508,python,[JIT],0x000074d1634c3306
992268.0,554532,python,[JIT],0x00007f3be2d662c5
992268.0,554498,python,[JIT],0x00007a47e28320af
992267.0,554559,python,[kernel.kallsyms],hrtimer_forward
992267.0,554520,python,[JIT],0x00007bae9855322f
992267.0,554520,python,[JIT],0x00007bae985673f0
992267.0,554532,python,[JIT],0x00007f3be24aa4b0
992267.0,554532,python,[JIT],0x00007f3be24b0833
992267.0,554508,python,[JIT],0x000074d1632170af
992267.0,554508,python,[JIT],0x000074d163219b7b
992267.0,554532,python,[JIT],0x00007f3be24b788f
992267.0,554498,python,[JIT],0x00007a47e283c273
992266.0,554572,python,[JIT],0x000071d3e605a5fb
992266.0,554559,python,[JIT],0x000074472c08e220
992266.0,554559,python,[JIT],0x000074472c095192
992266.0,554572,python,[JIT],0x000071d3e604e129
992266.0,554572,python,[JIT],0x000071d3e604f0b6
992266.0,554520,python,[kernel.kallsyms],asm_sysvec_apic_timer_interrupt
992266.0,554520,python,[JIT],0x00007bae985623bd
992266.0,554559,python,[JIT],0x000074472c08e38d
992266.0,554559,python,[JIT],0x000074472c08f552
992266.0,554508,python,[JIT],0x000074d16321d166
992266.0,554508,python,[JIT],0x000074d16321d908
992266.0,554545,python,[JIT],0x00007b13c67ec585
992266.0,554520,python,[JIT],0x00007bae985532f8
992266.0,554520,python,[JIT],0x00007bae9855f43e
992266.0,554520,python,[JIT],0x00007bae985604b0
992265.0,554572,python,[JIT],0x000071d3e60481bf
992265.0,554520,python,[JIT],0x00007bae9855cee2
992265.0,554559,python,[JIT],0x000074472c09234c
992265.0,554559,python,[JIT],0x000074472c0927fa
992265.0,554532,python,[JIT],0x00007f3be24b3890
992265.0,554498,python,[JIT],0x00007a47e28354e0
992264.0,554572,python,[JIT],0x000071d3e60447c4
992264.0,554520,python,[JIT],0x00007bae9855caf6
992264.0,554520,python,[JIT],0x00007bae9856088f
992264.0,554508,python,[JIT],0x000074d163219740
992264.0,554520,python,[JIT],0x00007bae985563a9
992264.0,554532,python,[JIT],0x00007f3be24b4649
992264.0,554532,python,[JIT],0x00007f3be24b6edf
992263.0,554559,python,[JIT],0x000074472c095b26
992263.0,554559,python,[JIT],0x000074472c09913f
992263.0,554532,python,[JIT],0x00007f3be24b476f
992263.0,554532,python,[JIT],0x00007f3be24b6a66
992263.0,554545,python,[JIT],0x00007b13c67ec474
992262.0,554520,python,[JIT],0x00007bae98558fe6
992262.0,554559,python,[JIT],0x000074472c0900af
992262.0,554532,python,[JIT],0x00007f3be24b00b9
992262.0,554532,python,[JIT],0x00007f3be24b3fdf
992262.0,554545,python,[JIT],0x00007b13c67eba04
992262.0,554520,python,[JIT],0x00007bae9855d446
992262.0,554498,python,[JIT],0x00007a47e283c1d6
992261.0,554572,python,[JIT],0x000071d3e60433ff
992261.0,554559,python,[JIT],0x000074472c08c362
992261.0,554559,python,[JIT],0x000074472c0923b7
992261.0,554559,python,[JIT],0x000074472c0991fd
992261.0,554559,python,[JIT],0x000074472c0a2095
992261.0,554508,python,[JIT],0x000074d16321234c
992261.0,554545,python,[JIT],0x00007b13c67f480b
992261.0,554532,python,python,PyMem_Realloc
992261.0,554532,python,[JIT],0x00007f3be24b44c0
992261.0,554498,python,[JIT],0x00007a47e2832282
992261.0,554498,python,[JIT],0x00007a47e2835474
992260.0,554572,python,[JIT],0x000071d3e604e185
992260.0,554572,python,[JIT],0x000071d3e604334c
992260.0,554520,python,[JIT],0x00007bae98555ee5
992260.0,554520,python,[JIT],0x00007bae98555fa2
992260.0,554520,python,[JIT],0x00007bae98559685
992260.0,554520,python,[JIT],0x00007bae9855fd02
992260.0,554559,python,[JIT],0x000074472c08fe2b
992260.0,554559,python,[JIT],0x000074472c09068f
992260.0,554559,python,[JIT],0x000074472c09575f
992260.0,554508,python,[JIT],0x000074d16321a5e6
992260.0,554508,python,[JIT],0x000074d163210389
992260.0,554508,python,[JIT],0x000074d1632120a9
992260.0,554498,python,python,PyObject_Vectorcall
992260.0,554498,python,[JIT],0x00007a47e282e926
992260.0,554498,python,[JIT],0x00007a47e28453a6
992259.0,554572,python,[JIT],0x000071d3e6042062
992259.0,554520,python,[JIT],0x00007bae98555224
992259.0,554520,python,[JIT],0x00007bae9855f22e
992259.0,554520,python,[JIT],0x00007bae9856022b
992259.0,554559,python,[JIT],0x000074472c08c839
992259.0,554532,python,[JIT],0x00007f3be24ade08
992259.0,554532,python,[JIT],0x00007f3be24b0000
992259.0,554532,python,[JIT],0x00007f3be24b6f98
992259.0,554508,python,[JIT],0x000074d163219c65
992259.0,554508,python,[JIT],0x000074d16321def7
992259.0,554508,python,[JIT],0x000074d1632190b3
992258.0,554532,python,[JIT],0x00007f3be24a9812
992258.0,554532,python,[JIT],0x00007f3be24b48ec
992258.0,554508,python,[JIT],0x000074d16321238d
992258.0,554508,python,[JIT],0x000074d1632169dd
992258.0,554545,python,[JIT],0x00007b13c67eb127
992258.0,554532,python,[JIT],0x00007f3be24b0109
992258.0,554498,python,[JIT],0x00007a47e28391bf
992258.0,554498,python,[JIT],0x00007a47e2846253
992258.0,554498,python,[JIT],0x00007a47e2846293
992257.0,554572,python,[JIT],0x000071d3e604bc38
992257.0,554572,python,[JIT],0x000071d3e60445f2
992257.0,554572,python,[JIT],0x000071d3e604eb96
992257.0,554559,python,[JIT],0x000074472c08f23d
992257.0,554559,python,[JIT],0x000074472c0a445c
992257.0,554532,python,[JIT],0x00007f3be24b75e4
992257.0,554532,python,[JIT],0x00007f3be24c1379
992257.0,554508,python,[JIT],0x000074d16321c4cb
992257.0,554508,python,[JIT],0x000074d163217481
992257.0,554508,python,[JIT],0x000074d1632191c8
992257.0,554508,python,[JIT],0x000074d1632194bd
992257.0,554545,python,[JIT],0x00007b13c67f3af9
992256.0,554520,python,[JIT],0x00007bae985580c7
992256.0,554559,python,[JIT],0x000074472c095748
992256.0,554559,python,[JIT],0x000074472c095851
992256.0,554559,python,[JIT],0x000074472c09620d
992256.0,554532,python,[JIT],0x00007f3be24aa0ce
992256.0,554532,python,[JIT],0x00007f3be24b112f
992256.0,554532,python,[JIT],0x00007f3be24b3500
992256.0,554532,python,[JIT],0x00007f3be24b70eb
992256.0,554532,python,[JIT],0x00007f3be2d6520c
992256.0,554508,python,[JIT],0x000074d16321338d
992256.0,554508,python,[JIT],0x000074d1632196ee
992256.0,554508,python,[JIT],0x000074d16321c55c
992256.0,554508,python,[JIT],0x000074d16321c9cd
992255.0,554572,python,[JIT],0x000071d3e604b2d5
992255.0,554559,python,[JIT],0x000074472c095b70
992255.0,554559,python,[JIT],0x000074472c090061
992255.0,554532,python,[JIT],0x00007f3be24aa003
992255.0,554532,python,[JIT],0x00007f3be24aa568
992255.0,554532,python,[JIT],0x00007f3be24b1b53
992255.0,554532,python,[JIT],0x00007f3be24b7752
992255.0,554508,python,[JIT],0x000074d16320f3e1
992255.0,554545,python,[JIT],0x00007b13c67eb7fa
992255.0,554498,python,[JIT],0x00007a47e283b66c
992254.0,554572,python,[JIT],0x000071d3e604f306
992254.0,554572,python,[JIT],0x000071d3e604c4dd
992254.0,554520,python,[JIT],0x00007bae9855617e
992254.0,554520,python,[JIT],0x00007bae9855f7fa
992254.0,554559,python,[JIT],0x000074472c099217
992254.0,554532,python,[JIT],0x00007f3be24b66bf
992254.0,554508,python,[JIT],0x000074d16321441b
992254.0,554508,python,[JIT],0x000074d1632131dd
992253.0,554572,python,[JIT],0x000071d3e6041bf1
992253.0,554520,python,[JIT],0x00007bae98555e4d
992253.0,554520,python,[JIT],0x00007bae9855d413
992253.0,554559,python,[JIT],0x000074472c092127
992253.0,554508,python,[JIT],0x000074d1632123f9
992253.0,554532,python,[JIT],0x00007f3be24b665a
992253.0,554498,python,[JIT],0x00007a47e2831d72
992252.0,554559,python,[JIT],0x000074472c0920ad
992252.0,554559,python,[JIT],0x000074472c0952d1
992252.0,554559,python,[JIT],0x000074472c098b53
992252.0,554532,python,python,_PyThreadState_PushFrame
992252.0,554532,python,[JIT],0x00007f3be24aa8cf
992252.0,554532,python,[JIT],0x00007f3be24adff2
992252.0,554532,python,[JIT],0x00007f3be24ae710
992252.0,554508,python,[JIT],0x000074d1632177e4
992252.0,554508,python,[JIT],0x000074d16321ca9f
992252.0,554545,python,[JIT],0x00007b13c67eb3f9
992252.0,554520,python,[JIT],0x00007bae9856521e
992252.0,554498,python,[JIT],0x00007a47e283c59a
992251.0,554572,python,[JIT],0x000071d3e604431d
992251.0,554572,python,[JIT],0x000071d3e605a6a4
992251.0,554572,python,[JIT],0x000071d3e605a74b
992251.0,554520,python,[JIT],0x00007bae98552980
992251.0,554520,python,[JIT],0x00007bae9855c2f2
992251.0,554559,python,[JIT],0x000074472c085294
992251.0,554532,python,[JIT],0x00007f3be24ac361
992251.0,554532,python,[JIT],0x00007f3be24ae5c3
992251.0,554545,python,[JIT],0x00007b13c67e337a
992250.0,554572,python,[JIT],0x000071d3e604509b
992250.0,554572,python,[JIT],0x000071d3e604be27
992250.0,554572,python,[JIT],0x000071d3e604f8bc
992250.0,554508,python,[JIT],0x000074d16321422f
992250.0,554498,python,[JIT],0x00007a47e283c117
992249.0,554572,python,[JIT],0x000071d3e6047395
992249.0,554572,python,[JIT],0x000071d3e604b65c
992249.0,554572,python,[JIT],0x000071d3e604e67d
992249.0,554572,python,[JIT],0x000071d3e604f5b7
992249.0,554520,python,[JIT],0x00007bae985527fd
992249.0,554559,python,[JIT],0x000074472c095b7b
992249.0,554559,python,[JIT],0x000074472c098b2e
992249.0,554532,python,[JIT],0x00007f3be24b6f2d
992249.0,554508,python,[JIT],0x000074d163213e4d
992249.0,554545,python,[JIT],0x00007b13c67e731d
992249.0,554545,python,[JIT],0x00007b13c67e87e4
992249.0,554532,python,[JIT],0x00007f3be24b3bfb
992249.0,554532,python,[JIT],0x00007f3be24b6b74
992248.0,554572,python,[JIT],0x000071d3e6059369
992248.0,554559,python,[JIT],0x000074472c08ffc3
992248.0,554559,python,[JIT],0x000074472c0a323c
992248.0,554532,python,[JIT],0x00007f3be24b0c6f
992248.0,554532,python,[JIT],0x00007f3be24b3559
992248.0,554508,python,[JIT],0x000074d16321367e
992248.0,554508,python,[JIT],0x000074d16321c5f9
992248.0,554520,python,[JIT],0x00007bae9855c127
992248.0,554520,python,[JIT],0x00007bae9855d292
992248.0,554498,python,[JIT],0x00007a47e2834a9e
992247.0,554520,python,[JIT],0x00007bae98558121
992247.0,554520,python,[JIT],0x00007bae98564230
992247.0,554559,python,[JIT],0x000074472c08e0f1
992247.0,554559,python,[JIT],0x000074472c09b1da
992247.0,554559,python,[JIT],0x000074472c09be0b
992247.0,554532,python,[JIT],0x00007f3be24adc8c
992247.0,554532,python,[JIT],0x00007f3be24b0ccf
992247.0,554532,python,[JIT],0x00007f3be24b3fa8
992247.0,554532,python,[JIT],0x00007f3be24b74e4
992247.0,554508,python,[JIT],0x000074d16321653f
992247.0,554508,python,[JIT],0x000074d16321c862
992247.0,554532,python,[JIT],0x00007f3be24aa59e
992247.0,554532,python,[JIT],0x00007f3be24b6eee
992247.0,554498,python,[JIT],0x00007a47e28388fe
992246.0,554572,python,[JIT],0x000071d3e6041206
992246.0,554572,python,[JIT],0x000071d3e604191c
992246.0,554520,python,[JIT],0x00007bae98552dd9
992246.0,554532,python,[JIT],0x00007f3be24a94ce
992246.0,554532,python,[JIT],0x00007f3be24b3114
992246.0,554532,python,[JIT],0x00007f3be24b402c
992246.0,554532,python,[JIT],0x00007f3be24b70dd
992246.0,554532,python,[JIT],0x00007f3be24b7ef7
992246.0,554508,python,[JIT],0x000074d16321d525
992246.0,554508,python,[JIT],0x000074d163213192
992246.0,554508,python,[JIT],0x000074d1634c30a9
992246.0,554545,python,[JIT],0x00007b13c67f37fd
992246.0,554532,python,[JIT],0x00007f3be24b3e08
992245.0,554572,python,[JIT],0x000071d3e60434c3
992245.0,554572,python,[JIT],0x000071d3e604e3b7
992245.0,554572,python,[JIT],0x000071d3e6041e19
992245.0,554520,python,[kernel.kallsyms],perf_event_mmap_event
992245.0,554532,python,[JIT],0x00007f3be24b4076
992245.0,554508,python,[JIT],0x000074d163214b67
992245.0,554508,python,[JIT],0x000074d1632272bb
992245.0,554508,python,[JIT],0x000074d163213edf
992245.0,554532,python,[JIT],0x00007f3be24b626b
992244.0,554572,python,[JIT],0x000071d3e6044224
992244.0,554572,python,[JIT],0x000071d3e604833e
992244.0,554520,python,[JIT],0x00007bae98567138
992244.0,554559,python,[JIT],0x000074472c0964ba
992244.0,554532,python,[JIT],0x00007f3be24ac242
992244.0,554532,python,[JIT],0x00007f3be2d651fb
992244.0,554508,python,[JIT],0x000074d163210c08
992244.0,554508,python,[JIT],0x000074d1632270ad
992244.0,554520,python,[JIT],0x00007bae9855ce38
992244.0,554532,python,[JIT],0x00007f3be24b7429
992244.0,554498,python,[JIT],0x00007a47e282e6b9
992243.0,554572,python,[JIT],0x000071d3e604bcf1
992243.0,554559,python,[JIT],0x000074472c0959a4
992243.0,554572,python,[JIT],0x000071d3e6047636
992243.0,554559,python,[JIT],0x000074472c090555
992243.0,554559,python,[JIT],0x000074472c098e0b
992243.0,554532,python,[JIT],0x00007f3be24aa7b8
992243.0,554532,python,[JIT],0x00007f3be24b39a4
992243.0,554545,python,[JIT],0x00007b13c67e3395
992243.0,554532,python,[JIT],0x00007f3be24b6114
992243.0,554498,python,[JIT],0x00007a47e283223a
992243.0,554498,python,[JIT],0x00007a47e28384eb
992243.0,554498,python,[JIT],0x00007a47e283c956
992243.0,554498,python,[JIT],0x00007a47e2ad66a1
992242.0,554559,python,[JIT],0x000074472c099536
992242.0,554572,python,[JIT],0x000071d3e604785e
992242.0,554572,python,[JIT],0x000071d3e604ec1a
992242.0,554520,python,[JIT],0x00007bae9855510c
992242.0,554559,python,[JIT],0x000074472c098e16
992242.0,554532,python,[JIT],0x00007f3be24aa9b2
992242.0,554532,python,[JIT],0x00007f3be24ae334
992242.0,554508,python,[JIT],0x000074d1632120dc
992242.0,554508,python,[JIT],0x000074d1632134e6
992242.0,554508,python,[JIT],0x000074d163213973
992242.0,554508,python,[JIT],0x000074d163219d7c
992242.0,554508,python,[JIT],0x000074d16321fa7c
992242.0,554498,python,[JIT],0x00007a47e282d13e
992242.0,554498,python,[JIT],0x00007a47e28302c5
992242.0,554498,python,[JIT],0x00007a47e28349dd
992241.0,554572,python,[JIT],0x000071d3e604bcb9
992241.0,554572,python,[JIT],0x000071d3e60431d6
992241.0,554520,python,[JIT],0x00007bae9855c167
992241.0,554520,python,[JIT],0x00007bae98560701
992241.0,554520,python,[JIT],0x00007bae98566626
992241.0,554559,python,[JIT],0x000074472c0a437d
992241.0,554532,python,[JIT],0x00007f3be24b3533
992241.0,554508,python,[JIT],0x000074d16321a603
992241.0,554508,python,[JIT],0x000074d163210900
992241.0,554520,python,[JIT],0x00007bae98552acc
992241.0,554532,python,[JIT],0x00007f3be24b40b8
992240.0,554572,python,[JIT],0x000071d3e604e5f0
992240.0,554559,python,[JIT],0x000074472c09675e
992240.0,554572,python,[JIT],0x000071d3e604bb0c
992240.0,554520,python,[JIT],0x00007bae98560209
992240.0,554520,python,[JIT],0x00007bae985673ce
992240.0,554559,python,[JIT],0x000074472c090670
992240.0,554532,python,[JIT],0x00007f3be24aa2b9
992240.0,554532,python,[JIT],0x00007f3be24b031d
992240.0,554532,python,[JIT],0x00007f3be24b6bff
992240.0,554508,python,[JIT],0x000074d1632165a6
992240.0,554508,python,[JIT],0x000074d163213b51
992240.0,554508,python,[JIT],0x000074d16321d4f4
992240.0,554520,python,[JIT],0x00007bae9855fe4b
992240.0,554498,python,[JIT],0x00007a47e283bd0a
992239.0,554520,python,[JIT],0x00007bae98552202
992239.0,554559,python,[JIT],0x000074472c08e103
992239.0,554559,python,[JIT],0x000074472c095f9b
992239.0,554559,python,[JIT],0x000074472c0989da
992239.0,554532,python,[JIT],0x00007f3be24b104c
992239.0,554508,python,[JIT],0x000074d163210e53
992239.0,554508,python,[JIT],0x000074d163217259
992239.0,554532,python,[JIT],0x00007f3be24b3c0e
992238.0,554572,python,[JIT],0x000071d3e604f03c
992238.0,554520,python,[JIT],0x00007bae985528c2
992238.0,554559,python,[JIT],0x000074472c08e3d0
992238.0,554559,python,[JIT],0x000074472c095701
992238.0,554532,python,[JIT],0x00007f3be24b0b61
992238.0,554508,python,[JIT],0x000074d16321912f
992238.0,554545,python,[JIT],0x00007b13c67ec8d2
992238.0,554498,python,[JIT],0x00007a47e2834c49
992237.0,554572,python,[JIT],0x000071d3e6043268
992237.0,554572,python,[JIT],0x000071d3e604be08
992237.0,554572,python,[JIT],0x000071d3e604e1d7
992237.0,554572,python,[JIT],0x000071d3e6045259
992237.0,554559,python,[JIT],0x000074472c08f3a9
992237.0,554559,python,[JIT],0x000074472c093378
992237.0,554559,python,[JIT],0x000074472c0989dd
992237.0,554508,python,[JIT],0x000074d163219110
992237.0,554508,python,[JIT],0x000074d163213c80
992237.0,554508,python,[JIT],0x000074d163219af6
992237.0,554508,python,[JIT],0x000074d163219dd3
992237.0,554508,python,[JIT],0x000074d16321c7ef
992237.0,554498,python,[JIT],0x00007a47e2834139
992237.0,554498,python,[JIT],0x00007a47e283c5d5
992236.0,554572,python,[JIT],0x000071d3e60471f9
992236.0,554572,python,[JIT],0x000071d3e60487fd
992236.0,554572,python,[JIT],0x000071d3e604f720
992236.0,554520,python,[JIT],0x00007bae98558157
992236.0,554559,python,[JIT],0x000074472c08ccee
992236.0,554559,python,[JIT],0x000074472c095614
992236.0,554532,python,[JIT],0x00007f3be24ad4eb
992236.0,554520,python,[JIT],0x00007bae9855f489
992236.0,554532,python,[JIT],0x00007f3be24ad9fc
992236.0,554498,python,python,_PyObject_GC_NewVar
992236.0,554498,python,[kernel.kallsyms],sched_clock_cpu
992235.0,554572,python,[JIT],0x000071d3e604b524
992235.0,554559,python,[JIT],0x000074472c098210
992235.0,554520,python,[JIT],0x00007bae9855f0ee
992235.0,554520,python,[JIT],0x00007bae98560429
992235.0,554559,python,[JIT],0x000074472c095ae0
992235.0,554559,python,[JIT],0x000074472c098690
992235.0,554559,python,[JIT],0x000074472c09942b
992235.0,554559,python,[JIT],0x000074472c934620
992235.0,554532,python,[JIT],0x00007f3be24b17cf
992235.0,554508,python,[JIT],0x000074d163210a06
992235.0,554508,python,[JIT],0x000074d1632175c8
992235.0,554520,python,[JIT],0x00007bae9855ce4d
992235.0,554498,python,[JIT],0x00007a47e283b6bf
992234.0,554559,python,[JIT],0x000074472c0950f1
992234.0,554520,python,[JIT],0x00007bae9855f9e7
992234.0,554520,python,[JIT],0x00007bae9855ff69
992234.0,554520,python,[JIT],0x00007bae98560178
992234.0,554559,python,[JIT],0x000074472c08f2c5
992234.0,554559,python,[JIT],0x000074472c090085
992234.0,554559,python,[JIT],0x000074472c092139
992234.0,554532,python,python,PyUnicode_FromString
992234.0,554520,python,[JIT],0x00007bae9855cd08
992234.0,554498,python,[JIT],0x00007a47e28300cb
992234.0,554498,python,[JIT],0x00007a47e2838524
992233.0,554520,python,[JIT],0x00007bae9856012a
992233.0,554532,python,[JIT],0x00007f3be24b0cd5
992233.0,554545,python,[JIT],0x00007b13c67ebc8c
992233.0,554545,python,[JIT],0x00007b13c67f3957
992233.0,554498,python,python,initialize_locals
992232.0,554572,python,[JIT],0x000071d3e604304c
992232.0,554572,python,[JIT],0x000071d3e604c75e
992232.0,554572,python,[JIT],0x000071d3e6047114
992232.0,554520,python,[JIT],0x00007bae98555e7e
992232.0,554520,python,[JIT],0x00007bae9855ccb9
992232.0,554559,python,[JIT],0x000074472c09374e
992232.0,554532,python,[JIT],0x00007f3be24ab158
992232.0,554532,python,[JIT],0x00007f3be24b6f7a
992232.0,554508,python,[JIT],0x000074d1632140dc
992232.0,554508,python,[JIT],0x000074d1632193f1
992232.0,554508,python,[JIT],0x000074d163210202
992232.0,554508,python,[JIT],0x000074d16321ff84
992232.0,554498,python,[JIT],0x00007a47e2ad70ce
992231.0,554572,python,[JIT],0x000071d3e604bfa8
992231.0,554572,python,[JIT],0x000071d3e604e26b
992231.0,554572,python,[JIT],0x000071d3e604e430
992231.0,554572,python,[JIT],0x000071d3e604b1f5
992231.0,554520,python,[JIT],0x00007bae9855f0d2
992231.0,554508,python,[JIT],0x000074d1632145c3
992231.0,554545,python,[JIT],0x00007b13c67eb1f5
992231.0,554498,python,[JIT],0x00007a47e282e819
992231.0,554498,python,[JIT],0x00007a47e283b6b7
992231.0,554498,python,[JIT],0x00007a47e283c33e
992230.0,554572,python,[JIT],0x000071d3e604c3ba
992230.0,554520,python,[JIT],0x00007bae9855ceba
992230.0,554520,python,[JIT],0x00007bae9855d23a
992230.0,554559,python,[JIT],0x000074472c092e19
992230.0,554559,python,[JIT],0x000074472c0956da
992230.0,554532,python,python,dict_copy
992230.0,554532,python,[JIT],0x00007f3be24ab21f
992230.0,554532,python,[JIT],0x00007f3be24b6aca
992230.0,554545,python,[JIT],0x00007b13c67eb353
992230.0,554520,python,[JIT],0x00007bae985567f5
992230.0,554498,python,[JIT],0x00007a47e282f06a
992230.0,554498,python,[JIT],0x00007a47e283ba9f
992229.0,554572,python,[JIT],0x000071d3e604ede1
992229.0,554520,python,[JIT],0x00007bae9855977e
992229.0,554559,python,[JIT],0x000074472c09825d
992229.0,554508,python,libc.so.6,_int_realloc
992229.0,554498,python,[JIT],0x00007a47e283b654
992228.0,554572,python,[JIT],0x000071d3e604556b
992228.0,554572,python,[JIT],0x000071d3e604e2d0
992228.0,554559,python,[JIT],0x000074472c0968d2
992228.0,554572,python,[JIT],0x000071d3e604eb0e
992228.0,554520,python,[JIT],0x00007bae98552d37
992228.0,554559,python,[JIT],0x000074472c0997f4
992228.0,554559,python,[JIT],0x000074472c099904
992228.0,554532,python,[JIT],0x00007f3be24b6dda
992228.0,554508,python,[JIT],0x000074d163219343
992228.0,554508,python,python,PyObject_SetAttr
992228.0,554545,python,[JIT],0x00007b13c67e3010
992228.0,554545,python,[JIT],0x00007b13c67ea0a9
992228.0,554545,python,[JIT],0x00007b13c67f3a86
992228.0,554498,python,[JIT],0x00007a47e282ed46
992228.0,554498,python,[JIT],0x00007a47e2830110
992228.0,554498,python,[JIT],0x00007a47e283254f
992228.0,554498,python,[JIT],0x00007a47e283b87f
992227.0,554572,python,[JIT],0x000071d3e604f630
992227.0,554559,python,[JIT],0x000074472c0903a9
992227.0,554532,python,[JIT],0x00007f3be24b3ecd
992227.0,554532,python,[JIT],0x00007f3be24b7338
992227.0,554545,python,[JIT],0x00007b13c67e7127
992227.0,554520,python,[JIT],0x00007bae98562dcf
992227.0,554498,python,[JIT],0x00007a47e2846120
992226.0,554572,python,[JIT],0x000071d3e6044c8c
992226.0,554572,python,[JIT],0x000071d3e604704c
992226.0,554520,python,[JIT],0x00007bae98552334
992226.0,554520,python,[JIT],0x00007bae985583be
992226.0,554559,python,[JIT],0x000074472c099956
992226.0,554508,python,[JIT],0x000074d163213bc7
992226.0,554498,python,[JIT],0x00007a47e2830103
992226.0,554498,python,[JIT],0x00007a47e283167b
992226.0,554498,python,[JIT],0x00007a47e283bb34
992225.0,554520,python,[JIT],0x00007bae985565b2
992225.0,554520,python,[JIT],0x00007bae985590dc
992225.0,554532,python,[JIT],0x00007f3be24b0658
992225.0,554532,python,[JIT],0x00007f3be24b38bc
992225.0,554532,python,[JIT],0x00007f3be24be06c
992225.0,554532,python,[JIT],0x00007f3be2d661f0
992225.0,554508,python,[JIT],0x000074d16320f30a
992225.0,554508,python,[JIT],0x000074d16321c7a5
992225.0,554545,python,[JIT],0x00007b13c67ec0eb
992225.0,554520,python,[JIT],0x00007bae98556b49
992225.0,554532,python,[JIT],0x00007f3be24ad5a6
992224.0,554559,python,[kernel.kallsyms],mas_leaf_max_gap
992224.0,554572,python,[JIT],0x000071d3e60454b8
992224.0,554520,python,[JIT],0x00007bae9855f67d
992224.0,554520,python,[JIT],0x00007bae98566329
992224.0,554559,python,[JIT],0x000074472c08cc62
992224.0,554559,python,[JIT],0x000074472c08fe62
992224.0,554559,python,[JIT],0x000074472c096187
992224.0,554508,python,[JIT],0x000074d163210152
992224.0,554508,python,[JIT],0x000074d16321d952
992224.0,554532,python,[JIT],0x00007f3be24b4299
992224.0,554498,python,[JIT],0x00007a47e283b67a
992224.0,554498,python,[JIT],0x00007a47e2845356
992223.0,554572,python,[JIT],0x000071d3e604e00a
992223.0,554559,python,[JIT],0x000074472c09926b
992223.0,554572,python,[JIT],0x000071d3e60447cf
992223.0,554572,python,[JIT],0x000071d3e604f080
992223.0,554520,python,[JIT],0x00007bae98565060
992223.0,554559,python,[JIT],0x000074472c09867d
992223.0,554532,python,[JIT],0x00007f3be24ad88c
992223.0,554508,python,[JIT],0x000074d16321c56d
992223.0,554498,python,[JIT],0x00007a47e282d750
992223.0,554498,python,[JIT],0x00007a47e28341d6
992222.0,554572,python,[JIT],0x000071d3e604152c
992222.0,554572,python,[JIT],0x000071d3e604ee2a
992222.0,554572,python,[JIT],0x000071d3e605b1ec
992222.0,554520,python,[JIT],0x00007bae98551780
992222.0,554520,python,[JIT],0x00007bae9855536c
992222.0,554520,python,[JIT],0x00007bae9856668b
992222.0,554559,python,[JIT],0x000074472c08c1db
992222.0,554559,python,[JIT],0x000074472c08cc04
992222.0,554532,python,[JIT],0x00007f3be24aa980
992222.0,554532,python,[JIT],0x00007f3be24b1b64
992222.0,554532,python,[JIT],0x00007f3be24b322f
992222.0,554508,python,[kernel.kallsyms],_find_first_bit
992222.0,554508,python,[JIT],0x000074d1634c320f
992222.0,554545,python,[JIT],0x00007b13c67ec1c6
992222.0,554498,python,[JIT],0x00007a47e2838f80
992222.0,554498,python,[JIT],0x00007a47e283bb59
992221.0,554572,python,[JIT],0x000071d3e6044be9
992221.0,554559,python,[JIT],0x000074472c08d222
992221.0,554520,python,[JIT],0x00007bae9855d1a9
992221.0,554532,python,[JIT],0x00007f3be24b0af9
992221.0,554532,python,[JIT],0x00007f3be24b4762
992221.0,554532,python,[JIT],0x00007f3be2d6634c
992221.0,554508,python,[JIT],0x000074d16321458f
992221.0,554498,python,[JIT],0x00007a47e2827411
992221.0,554498,python,[JIT],0x00007a47e2838ac8
992221.0,554498,python,[JIT],0x00007a47e283907d
992220.0,554572,python,[JIT],0x000071d3e60442d5
992220.0,554520,python,[JIT],0x00007bae9855158f
992220.0,554559,python,[JIT],0x000074472c09505c
992220.0,554559,python,[JIT],0x000074472c095ef7
992220.0,554532,python,[JIT],0x00007f3be24b3ebd
992220.0,554508,python,[JIT],0x000074d163214740
992219.0,554572,python,[JIT],0x000071d3e604baaf
992219.0,554572,python,[JIT],0x000071d3e604f5c2
992219.0,554572,python,[JIT],0x000071d3e604750e
992219.0,554572,python,[JIT],0x000071d3e605b32b
992219.0,554520,python,[kernel.kallsyms],__perf_event_task_sched_out
992219.0,554520,python,[JIT],0x00007bae985533a7
992219.0,554520,python,[JIT],0x00007bae985553c5
992219.0,554520,python,[JIT],0x00007bae9855f110
992219.0,554520,python,[JIT],0x00007bae9855fdb4
992219.0,554520,python,[JIT],0x00007bae98563065
992219.0,554559,python,[JIT],0x000074472c08fa04
992219.0,554532,python,[JIT],0x00007f3be24aab4c
992219.0,554532,python,[JIT],0x00007f3be24ad0ff
992219.0,554508,python,[JIT],0x000074d163219064
992219.0,554508,python,[JIT],0x000074d1632121a0
992219.0,554508,python,[JIT],0x000074d16321d21e
992219.0,554545,python,[JIT],0x00007b13c67e540c
992219.0,554532,python,[JIT],0x00007f3be24b1907
992218.0,554572,python,[JIT],0x000071d3e604b9fe
992218.0,554520,python,[JIT],0x00007bae98558e27
992218.0,554532,python,[JIT],0x00007f3be24a0908
992218.0,554532,python,[JIT],0x00007f3be24ad55c
992218.0,554532,python,[JIT],0x00007f3be24b777f
992218.0,554508,python,[JIT],0x000074d163219e08
992218.0,554520,python,[JIT],0x00007bae985594b8
992218.0,554498,python,[JIT],0x00007a47e282513f
992218.0,554498,python,[JIT],0x00007a47e2838317
992217.0,554532,python,[JIT],0x00007f3be24a93e1
992217.0,554532,python,[JIT],0x00007f3be24ab09c
992217.0,554532,python,[JIT],0x00007f3be24b7193
992217.0,554508,python,[JIT],0x000074d163213c49
992217.0,554508,python,[JIT],0x000074d1632147a1
992217.0,554545,python,[JIT],0x00007b13c67f3b78
992217.0,554532,python,[JIT],0x00007f3be24b32f2
992217.0,554498,python,[JIT],0x00007a47e282d4eb
992217.0,554498,python,[JIT],0x00007a47e28354b0
992216.0,554572,python,[JIT],0x000071d3e604b8d1
992216.0,554572,python,[JIT],0x000071d3e604f2ab
992216.0,554572,python,[JIT],0x000071d3e604f5fd
992216.0,554520,python,[JIT],0x00007bae9855c890
992216.0,554520,python,[JIT],0x00007bae9855d735
992216.0,554520,python,[JIT],0x00007bae98560431
992216.0,554520,python,[JIT],0x00007bae98562d69
992216.0,554559,python,[JIT],0x000074472c08b744
992216.0,554559,python,[JIT],0x000074472c08d1f3
992216.0,554559,python,[JIT],0x000074472c08e3dd
992216.0,554559,python,[JIT],0x000074472c08f361
992216.0,554532,python,[kernel.kallsyms],folio_lruvec_lock_irqsave
992216.0,554532,python,[JIT],0x00007f3be24b6ef8
992216.0,554508,python,[JIT],0x000074d16321d174
992216.0,554508,python,[JIT],0x000074d16321d7ec
992216.0,554532,python,[JIT],0x00007f3be24ae71f
992216.0,554498,python,[JIT],0x00007a47e28325a1
992215.0,554559,python,[JIT],0x000074472c09564c
992215.0,554559,python,[JIT],0x000074472c0998c2
992215.0,554572,python,[JIT],0x000071d3e604bffa
992215.0,554572,python,[JIT],0x000071d3e604c01c
992215.0,554572,python,[JIT],0x000071d3e604f33e
992215.0,554520,python,[JIT],0x00007bae9855c1b6
992215.0,554559,python,[JIT],0x000074472c934660
992215.0,554532,python,[JIT],0x00007f3be24b361c
992215.0,554508,python,[JIT],0x000074d1632199be
992215.0,554545,python,[JIT],0x00007b13c67f43c0
992215.0,554532,python,[JIT],0x00007f3be24aa50f
992214.0,554572,python,[JIT],0x000071d3e6047b51
992214.0,554572,python,[JIT],0x000071d3e604bfb7
992214.0,554559,python,[JIT],0x000074472c08e3b7
992214.0,554559,python,[JIT],0x000074472c092552
992214.0,554559,python,[JIT],0x000074472c096464
992214.0,554532,python,[JIT],0x00007f3be24b1728
992214.0,554508,python,[JIT],0x000074d1632282d5
992214.0,554545,python,[JIT],0x00007b13c67eb3ca
992214.0,554545,python,[JIT],0x00007b13c67ec5e6
992214.0,554520,python,python,PyTuple_FromArray.part.0
992214.0,554498,python,[JIT],0x00007a47e2831c6f
992214.0,554498,python,[JIT],0x00007a47e2834681
992214.0,554498,python,[JIT],0x00007a47e2838f22
992213.0,554572,python,[JIT],0x000071d3e6047395
992213.0,554520,python,[JIT],0x00007bae98552b61
992213.0,554520,python,[JIT],0x00007bae98556266
992213.0,554520,python,[JIT],0x00007bae98559670
992213.0,554520,python,[JIT],0x00007bae98566372
992213.0,554532,python,[JIT],0x00007f3be24a1cd1
992213.0,554532,python,[JIT],0x00007f3be24ae77b
992213.0,554508,python,[JIT],0x000074d16321d6d1
992213.0,554520,python,[JIT],0x00007bae9855504c
992212.0,554572,python,[JIT],0x000071d3e604e567
992212.0,554572,python,[JIT],0x000071d3e60375ea
992212.0,554508,python,[JIT],0x000074d16321475e
992212.0,554508,python,[JIT],0x000074d163213c83
992212.0,554532,python,[JIT],0x00007f3be24ac220
992212.0,554498,python,[JIT],0x00007a47e2832468
992212.0,554498,python,[JIT],0x00007a47e28341eb
992212.0,554498,python,[JIT],0x00007a47e283b20c
992211.0,554572,python,[JIT],0x000071d3e6059129
992211.0,554572,python,[JIT],0x000071d3e605b3bd
992211.0,554520,python,[JIT],0x00007bae98556585
992211.0,554520,python,[JIT],0x00007bae9855c793
992211.0,554508,python,[JIT],0x000074d1632121eb
992211.0,554498,python,[JIT],0x00007a47e2834e16
992210.0,554572,python,[JIT],0x000071d3e6041863
992210.0,554572,python,[JIT],0x000071d3e604b268
992210.0,554520,python,[kernel.kallsyms],mas_data_end
992210.0,554520,python,[JIT],0x00007bae98552ccd
992210.0,554520,python,[JIT],0x00007bae98554129
992210.0,554559,python,[JIT],0x000074472c0932ad
992210.0,554559,python,[JIT],0x000074472c0958a6
992210.0,554545,python,python,_PyJit_translate_single_bytecode_to_trace
992210.0,554532,python,[JIT],0x00007f3be24b18de
992210.0,554532,python,[JIT],0x00007f3be24b40f7
992210.0,554498,python,[JIT],0x00007a47e2834b61
992209.0,554520,python,[JIT],0x00007bae9855259e
992209.0,554520,python,[JIT],0x00007bae9855b0a6
992209.0,554559,python,[JIT],0x000074472c08e210
992209.0,554532,python,[JIT],0x00007f3be24b44e0
992209.0,554532,python,[JIT],0x00007f3be24b64f8
992209.0,554508,python,[JIT],0x000074d163210334
992209.0,554545,python,[JIT],0x00007b13c67e40dc
992209.0,554545,python,[JIT],0x00007b13c67eb8f9
992209.0,554498,python,[JIT],0x00007a47e2831d37
992209.0,554498,python,[JIT],0x00007a47e28357a1
992209.0,554498,python,[JIT],0x00007a47e283860f
992208.0,554520,python,[JIT],0x00007bae98556666
992208.0,554520,python,[JIT],0x00007bae985606e7
992208.0,554532,python,[JIT],0x00007f3be24aa088
992208.0,554532,python,[JIT],0x00007f3be24b36ee
992208.0,554508,python,[kernel.kallsyms],task_tick_fair
992208.0,554508,python,[JIT],0x000074d16321728e
992208.0,554508,python,[JIT],0x000074d1632198ee
992208.0,554545,python,[JIT],0x00007b13c67f34cb
992208.0,554498,python,[JIT],0x00007a47e283256b
992207.0,554572,python,[JIT],0x000071d3e604c4a5
992207.0,554572,python,[JIT],0x000071d3e604176d
992207.0,554520,python,[JIT],0x00007bae98566600
992207.0,554559,python,[JIT],0x000074472c08ce03
992207.0,554559,python,[JIT],0x000074472c09873f
992207.0,554532,python,[JIT],0x00007f3be2ceb4f7
992207.0,554545,python,[JIT],0x00007b13c67eb7c0
992207.0,554545,python,[JIT],0x00007b13c67ec4c0
992207.0,554498,python,[JIT],0x00007a47e283209b
992207.0,554498,python,[JIT],0x00007a47e28380b9
992206.0,554559,python,[JIT],0x000074472c0a33b7
992206.0,554520,python,[kernel.kallsyms],perf_pmu_nop_void
992206.0,554559,python,[JIT],0x000074472c08c334
992206.0,554559,python,[JIT],0x000074472c0952d9
992206.0,554532,python,[JIT],0x00007f3be24b6d7b
992206.0,554532,python,[JIT],0x00007f3be24b744d
992206.0,554508,python,python,dictresize
992206.0,554508,python,[JIT],0x000074d16321c1a9
992205.0,554572,python,[JIT],0x000071d3e60440ea
992205.0,554572,python,[JIT],0x000071d3e604a087
992205.0,554572,python,[JIT],0x000071d3e604c474
992205.0,554508,python,[JIT],0x000074d16321c667
992205.0,554508,python,[JIT],0x000074d16321915f
992205.0,554508,python,[JIT],0x000074d1632198fe
992205.0,554545,python,[JIT],0x00007b13c67e3157
992205.0,554545,python,[JIT],0x00007b13c67ec09b
992204.0,554572,python,[JIT],0x000071d3e604bb0f
992204.0,554520,python,[JIT],0x00007bae98551488
992204.0,554520,python,[JIT],0x00007bae9855865c
992204.0,554520,python,[JIT],0x00007bae985662e8
992204.0,554559,python,[JIT],0x000074472c0923be
992204.0,554559,python,[JIT],0x000074472c0965e6
992204.0,554559,python,[JIT],0x000074472c098357
992204.0,554559,python,[JIT],0x000074472c0984e3
992204.0,554508,python,[JIT],0x000074d163213000
992204.0,554545,python,[JIT],0x00007b13c67e51c2
992203.0,554572,python,[JIT],0x000071d3e6044859
992203.0,554532,python,[JIT],0x00007f3be24ad919
992203.0,554545,python,[JIT],0x00007b13c67e411b
992203.0,554520,python,[JIT],0x00007bae9855cbe9
992203.0,554498,python,[JIT],0x00007a47e283170d
992202.0,554572,python,[JIT],0x000071d3e604bb86
992202.0,554559,python,[JIT],0x000074472c08e462
992202.0,554559,python,[JIT],0x000074472c0954eb
992202.0,554572,python,[JIT],0x000071d3e604ed43
992202.0,554520,python,[JIT],0x00007bae9855f790
992202.0,554559,python,[JIT],0x000074472c0952ae
992202.0,554559,python,[JIT],0x000074472c098ee3
992202.0,554559,python,[JIT],0x000074472c099429
992202.0,554532,python,[JIT],0x00007f3be24ad7c0
992202.0,554508,python,[JIT],0x000074d16321918e
992202.0,554508,python,[JIT],0x000074d16321c667
992202.0,554545,python,[JIT],0x00007b13c67ec740
992202.0,554498,python,[JIT],0x00007a47e283b8f4
992201.0,554572,python,[JIT],0x000071d3e604c4b0
992201.0,554572,python,[JIT],0x000071d3e6045381
992201.0,554572,python,[JIT],0x000071d3e604736c
992201.0,554572,python,[JIT],0x000071d3e6051dda
992201.0,554520,python,[JIT],0x00007bae98560588
992201.0,554520,python,[JIT],0x00007bae985608f7
992201.0,554559,python,[JIT],0x000074472c08ff04
992201.0,554559,python,[JIT],0x000074472c08ff0e
992201.0,554498,python,[JIT],0x00007a47e283b564
992201.0,554498,python,[JIT],0x00007a47e2ad66ad
992200.0,554572,python,[JIT],0x000071d3e604f744
992200.0,554532,python,[JIT],0x00007f3be24ac2d5
992200.0,554532,python,[JIT],0x00007f3be24b6225
992200.0,554532,python,[JIT],0x00007f3be24b622e
992200.0,554508,python,libc.so.6,__strchr_avx2
992200.0,554508,python,[JIT],0x000074d16320f4ce
992200.0,554545,python,[JIT],0x00007b13c6a8644a
992200.0,554498,python,[JIT],0x00007a47e28344d5
992200.0,554498,python,[JIT],0x00007a47e283590c
992199.0,554520,python,[JIT],0x00007bae98552446
992199.0,554559,python,[JIT],0x000074472c08f2b6
992199.0,554559,python,[JIT],0x000074472c092110
992199.0,554559,python,[JIT],0x000074472c092d08
992199.0,554532,python,[JIT],0x00007f3be24b604c
992199.0,554532,python,[JIT],0x00007f3be2d66146
992199.0,554508,python,[kernel.kallsyms],vma_merge
992199.0,554508,python,[JIT],0x000074d16321c8c4
992199.0,554508,python,[JIT],0x000074d16321cd83
992198.0,554572,python,[JIT],0x000071d3e605b396
992198.0,554520,python,[JIT],0x00007bae98555808
992198.0,554559,python,[JIT],0x000074472c08d16d
992198.0,554559,python,[JIT],0x000074472c095a8d
992198.0,554532,python,[JIT],0x00007f3be24aa5ae
992198.0,554532,python,[JIT],0x00007f3be24b6341
992198.0,554508,python,[JIT],0x000074d16321441b
992198.0,554545,python,[JIT],0x00007b13c67e381c
992198.0,554545,python,[JIT],0x00007b13c67f48a7
992198.0,554520,python,[JIT],0x00007bae9855f1ed
992198.0,554532,python,[JIT],0x00007f3be24b6503
992198.0,554498,python,[JIT],0x00007a47e2830353
992198.0,554498,python,[JIT],0x00007a47e2831015
992197.0,554572,python,[JIT],0x000071d3e604c8e7
992197.0,554572,python,[JIT],0x000071d3e60481f1
992197.0,554572,python,[JIT],0x000071d3e604b765
992197.0,554520,python,[JIT],0x00007bae98558ee5
992197.0,554559,python,[JIT],0x000074472c09558b
992197.0,554532,python,[JIT],0x00007f3be24ad3c5
992197.0,554508,python,[JIT],0x000074d16322720f
992197.0,554520,python,[JIT],0x00007bae98560efa
992197.0,554532,python,[JIT],0x00007f3be24b3201
992196.0,554572,python,[JIT],0x000071d3e604bf6f
992196.0,554520,python,[JIT],0x00007bae9854f090
992196.0,554520,python,[JIT],0x00007bae985597e4
992196.0,554520,python,[JIT],0x00007bae98560404
992196.0,554520,python,[JIT],0x00007bae9856738c
992196.0,554559,python,[JIT],0x000074472c08f65c
992196.0,554532,python,[JIT],0x00007f3be24ad703
992196.0,554508,python,[JIT],0x000074d1632123a9
992196.0,554508,python,[JIT],0x000074d16321d06c
992196.0,554532,python,[JIT],0x00007f3be24b6139
992195.0,554559,python,[kernel.kallsyms],_raw_spin_unlock_irqrestore
992195.0,554559,python,[JIT],0x000074472c08e82d
992195.0,554559,python,[JIT],0x000074472c095210
992195.0,554572,python,[JIT],0x000071d3e6047361
992195.0,554520,python,[JIT],0x00007bae9855b06c
992195.0,554559,python,[JIT],0x000074472c08c730
992195.0,554559,python,[JIT],0x000074472c098a66
992195.0,554559,python,[JIT],0x000074472c099293
992195.0,554532,python,[JIT],0x00007f3be24b3703
992195.0,554532,python,[JIT],0x00007f3be24b6d4f
992195.0,554498,python,[JIT],0x00007a47e283c99a
992194.0,554572,python,python,PyArg_UnpackTuple
992194.0,554572,python,[JIT],0x000071d3e604ebff
992194.0,554520,python,[JIT],0x00007bae98556253
992194.0,554520,python,[JIT],0x00007bae985626ec
992194.0,554559,python,[JIT],0x000074472c0960f5
992194.0,554532,python,[JIT],0x00007f3be24ac23d
992194.0,554508,python,[JIT],0x000074d163219f45
992194.0,554498,python,[JIT],0x00007a47e28325a4
992193.0,554572,python,[JIT],0x000071d3e604baab
992193.0,554520,python,[JIT],0x00007bae9855f35a
992193.0,554559,python,[JIT],0x000074472c08cf35
992193.0,554559,python,[JIT],0x000074472c092060
992193.0,554532,python,[JIT],0x00007f3be24b33cd
992193.0,554508,python,[JIT],0x000074d1632123be
992193.0,554545,python,[JIT],0x00007b13c67eb614
992193.0,554545,python,[JIT],0x00007b13c67eb8a1
992193.0,554545,python,[JIT],0x00007b13c67f38c4
992193.0,554520,python,python,PyMem_Realloc
992193.0,554520,python,[JIT],0x00007bae9855d5a4
992193.0,554532,python,[JIT],0x00007f3be24b3804
992192.0,554572,python,[JIT],0x000071d3e604c349
992192.0,554520,python,[JIT],0x00007bae9855d14d
992192.0,554559,python,[JIT],0x000074472c093b6c
992192.0,554532,python,[JIT],0x00007f3be24ad3be
992192.0,554508,python,[JIT],0x000074d16321d7f4
992192.0,554545,python,[JIT],0x00007b13c67eb1d6
992192.0,554532,python,[JIT],0x00007f3be24b3fbb
992192.0,554498,python,[JIT],0x00007a47e2838bcd
992191.0,554572,python,[JIT],0x000071d3e604a052
992191.0,554572,python,[JIT],0x000071d3e604c199
992191.0,554572,python,[JIT],0x000071d3e604bfa2
992191.0,554520,python,[JIT],0x00007bae985512f7
992191.0,554520,python,[JIT],0x00007bae98560049
992191.0,554532,python,[JIT],0x00007f3be2d6613b
992191.0,554508,python,[kernel.kallsyms],cpuacct_charge
992191.0,554508,python,[JIT],0x000074d163210003
992191.0,554498,python,[JIT],0x00007a47e282e181
992191.0,554498,python,[JIT],0x00007a47e282f38e
992191.0,554498,python,[JIT],0x00007a47e35ea14d
992190.0,554572,python,[JIT],0x000071d3e604ed3f
992190.0,554572,python,[JIT],0x000071d3e6048b6c
992190.0,554572,python,[JIT],0x000071d3e604ecec
992190.0,554559,python,[JIT],0x000074472c095052
992190.0,554559,python,[JIT],0x000074472c095670
992190.0,554532,python,[kernel.kallsyms],update_rq_clock
992190.0,554532,python,[JIT],0x00007f3be24aa210
992189.0,554572,python,[JIT],0x000071d3e604cb3a
992189.0,554572,python,[JIT],0x000071d3e604e8c4
992189.0,554572,python,[JIT],0x000071d3e604ed8a
992189.0,554572,python,[JIT],0x000071d3e6053356
992189.0,554520,python,[JIT],0x00007bae9855c1da
992189.0,554520,python,[JIT],0x00007bae9856621b
992189.0,554532,python,[JIT],0x00007f3be24ad12f
992189.0,554508,python,[JIT],0x000074d1632121eb
992189.0,554532,python,[JIT],0x00007f3be24b6109
992188.0,554520,python,[JIT],0x00007bae9855481c
992188.0,554520,python,[JIT],0x00007bae985600c7
992188.0,554559,python,[JIT],0x000074472c096141
992188.0,554532,python,[JIT],0x00007f3be24aaf64
992188.0,554532,python,[JIT],0x00007f3be24ad64c
992188.0,554532,python,[JIT],0x00007f3be24b7178
992188.0,554532,python,[JIT],0x00007f3be24be003
992188.0,554508,python,[JIT],0x000074d1632112df
992188.0,554520,python,[kernel.kallsyms],mas_rev_awalk
992188.0,554520,python,[JIT],0x00007bae9855fd9d
992187.0,554572,python,[JIT],0x000071d3e604c464
992187.0,554559,python,[JIT],0x000074472c09220c
992187.0,554559,python,[JIT],0x000074472c09bdb4
992187.0,554532,python,[JIT],0x00007f3be24aa0b0
992187.0,554532,python,[JIT],0x00007f3be24b11bf
992187.0,554532,python,[JIT],0x00007f3be24b37c4
992187.0,554532,python,[JIT],0x00007f3be2d6612d
992187.0,554508,python,[JIT],0x000074d16321d178
992187.0,554532,python,[JIT],0x00007f3be24b3533
992187.0,554498,python,[JIT],0x00007a47e28354c0
992187.0,554498,python,[JIT],0x00007a47e283b976
992186.0,554572,python,[JIT],0x000071d3e604b75f
992186.0,554572,python,[JIT],0x000071d3e6043242
992186.0,554520,python,python,_PyStolenTuple_Free
992186.0,554520,python,[JIT],0x00007bae98552b1f
992186.0,554520,python,[JIT],0x00007bae98556788
992186.0,554532,python,[JIT],0x00007f3be24ad2f2
992186.0,554532,python,[JIT],0x00007f3be24b6064
992186.0,554508,python,[JIT],0x000074d163219000
992186.0,554508,python,[JIT],0x000074d163213a83
992186.0,554508,python,[JIT],0x000074d1632197cf
992186.0,554532,python,[JIT],0x00007f3be24b3681
992186.0,554532,python,[JIT],0x00007f3be24b4468
992186.0,554498,python,[JIT],0x00007a47e282d23b
992186.0,554498,python,[JIT],0x00007a47e2834ccf
992186.0,554498,python,[JIT],0x00007a47e2838670
992185.0,554572,python,[JIT],0x000071d3e604bc9e
992185.0,554572,python,[JIT],0x000071d3e604eafe
992185.0,554572,python,[JIT],0x000071d3e604206a
992185.0,554572,python,[JIT],0x000071d3e604e6ce
992185.0,554559,python,[JIT],0x000074472c0995c6
992185.0,554532,python,[JIT],0x00007f3be24b0e7e
992185.0,554508,python,[JIT],0x000074d163213c0e
992185.0,554545,python,[JIT],0x00007b13c67e45c3
992185.0,554545,python,[JIT],0x00007b13c67eba1a
992185.0,554545,python,[JIT],0x00007b13c67ebd08
992185.0,554545,python,[JIT],0x00007b13c67f44f4
992185.0,554498,python,[JIT],0x00007a47e282d32b
992185.0,554498,python,[JIT],0x00007a47e28387fa
992184.0,554520,python,[JIT],0x00007bae98554268
992184.0,554520,python,[JIT],0x00007bae98566536
992184.0,554559,python,[JIT],0x000074472c098f52
992184.0,554532,python,[JIT],0x00007f3be24aac9b
992184.0,554508,python,[JIT],0x000074d1632196bf
992183.0,554572,python,[JIT],0x000071d3e6045459
992183.0,554508,python,[JIT],0x000074d16321936c
992183.0,554508,python,[JIT],0x000074d163229238
992183.0,554520,python,[JIT],0x00007bae9855d1f1
992183.0,554498,python,[JIT],0x00007a47e283031d
992183.0,554498,python,[JIT],0x00007a47e283917e
992182.0,554572,python,[JIT],0x000071d3e6048144
992182.0,554520,python,[JIT],0x00007bae985559fe
992182.0,554559,python,[JIT],0x000074472c08f8ee
992182.0,554559,python,[JIT],0x000074472c0905b2
992182.0,554532,python,[JIT],0x00007f3be24b3801
992182.0,554532,python,[JIT],0x00007f3be24b6010
992181.0,554572,python,[JIT],0x000071d3e605b228
992181.0,554559,python,[JIT],0x000074472c0952eb
992181.0,554508,python,[JIT],0x000074d163219f22
992181.0,554545,python,[JIT],0x00007b13c67f462c
992181.0,554532,python,[JIT],0x00007f3be24b61fc
992180.0,554572,python,[JIT],0x000071d3e604c206
992180.0,554572,python,[JIT],0x000071d3e604e1a9
992180.0,554559,python,[kernel.kallsyms],lru_add_fn
992180.0,554520,python,[JIT],0x00007bae985591f1
992180.0,554520,python,[JIT],0x00007bae98560028
992180.0,554559,python,[JIT],0x000074472c08e3f5
992180.0,554559,python,[JIT],0x000074472c092efc
992180.0,554532,python,[JIT],0x00007f3be24c1120
992180.0,554520,python,[JIT],0x00007bae9856026b
992180.0,554498,python,[JIT],0x00007a47e28395d6
992179.0,554572,python,[JIT],0x000071d3e604e4ea
992179.0,554572,python,[JIT],0x000071d3e6041592
992179.0,554520,python,[JIT],0x00007bae985527e2
992179.0,554559,python,[JIT],0x000074472c09676f
992179.0,554532,python,[JIT],0x00007f3be24adf84
992179.0,554545,python,[JIT],0x00007b13c67eb3ff
992179.0,554545,python,[JIT],0x00007b13c67f3b74
992179.0,554520,python,[JIT],0x00007bae985580dc
992179.0,554520,python,[JIT],0x00007bae9855d26f
992179.0,554532,python,[JIT],0x00007f3be24b31eb
992179.0,554532,python,[JIT],0x00007f3be24b48ec
992178.0,554572,python,[JIT],0x000071d3e6040660
992178.0,554532,python,[JIT],0x00007f3be24b1468
992178.0,554508,python,[JIT],0x000074d163219e75
992178.0,554498,python,[JIT],0x00007a47e2837064
992177.0,554572,python,[JIT],0x000071d3e60473a9
992177.0,554572,python,[JIT],0x000071d3e604b1cc
992177.0,554572,python,[JIT],0x000071d3e604e000
992177.0,554572,python,[JIT],0x000071d3e604f66e
992177.0,554572,python,[JIT],0x000071d3e6051fcc
992177.0,554520,python,[JIT],0x00007bae98558804
992177.0,554508,python,[JIT],0x000074d16321fdca
992177.0,554545,python,[JIT],0x00007b13c67ebb61
992177.0,554532,python,[JIT],0x00007f3be24ad1eb
992176.0,554572,python,[JIT],0x000071d3e604b0c3
992176.0,554572,python,[JIT],0x000071d3e604be96
992176.0,554572,python,[JIT],0x000071d3e604e010
992176.0,554559,python,[JIT],0x000074472c08c879
992176.0,554532,python,[JIT],0x00007f3be24b401a
992176.0,554508,python,[JIT],0x000074d16321cc5f
992176.0,554508,python,[JIT],0x000074d163210244
992176.0,554520,python,python,_PyType_GetDict
992176.0,554498,python,[JIT],0x00007a47e28301aa
992175.0,554572,python,[JIT],0x000071d3e604f0eb
992175.0,554559,python,[JIT],0x000074472c08c80f
992175.0,554559,python,[JIT],0x000074472c08f6da
992175.0,554532,python,python,PyType_IsSubtype
992175.0,554532,python,[JIT],0x00007f3be24b460c
992175.0,554532,python,[JIT],0x00007f3be24b6a6a
992175.0,554508,python,[JIT],0x000074d16321c05c
992175.0,554532,python,[JIT],0x00007f3be24b48e7
992175.0,554498,python,[JIT],0x00007a47e282e90d
992174.0,554559,python,[JIT],0x000074472c08f11b
992174.0,554532,python,[JIT],0x00007f3be24b6c33
992174.0,554508,python,[JIT],0x000074d1632191b2
992174.0,554520,python,[JIT],0x00007bae9855db4c
992174.0,554498,python,[JIT],0x00007a47e2831d25
992174.0,554498,python,[JIT],0x00007a47e2838b5c
992174.0,554498,python,[JIT],0x00007a47e283946e
992174.0,554498,python,[JIT],0x00007a47e283b25a
992174.0,554498,python,[JIT],0x00007a47e283c196
992173.0,554572,python,[JIT],0x000071d3e604f21b
992173.0,554520,python,[JIT],0x00007bae985554d0
992173.0,554559,python,[JIT],0x000074472c0953d6
992173.0,554520,python,python,PyErr_Occurred
992173.0,554520,python,[JIT],0x00007bae9855f503
992173.0,554498,python,[JIT],0x00007a47e2838e2b
992173.0,554498,python,[JIT],0x00007a47e283927e
992172.0,554559,python,[JIT],0x000074472c099525
992172.0,554572,python,[JIT],0x000071d3e604e1fc
992172.0,554572,python,[JIT],0x000071d3e604ee0b
992172.0,554520,python,[JIT],0x00007bae9855fe4b
992172.0,554532,python,[JIT],0x00007f3be24a92e0
992172.0,554532,python,[JIT],0x00007f3be24b7334
992172.0,554508,python,[JIT],0x000074d1632132a7
992172.0,554498,python,[JIT],0x00007a47e28324f2
992171.0,554572,python,[JIT],0x000071d3e60432f2
992171.0,554572,python,[JIT],0x000071d3e604c4c0
992171.0,554559,python,[JIT],0x000074472c08c78f
992171.0,554532,python,[JIT],0x00007f3be24a32e8
992171.0,554532,python,[JIT],0x00007f3be24b0eba
992171.0,554532,python,[JIT],0x00007f3be24b75e0
992171.0,554498,python,[JIT],0x00007a47e2835094
992171.0,554498,python,[JIT],0x00007a47e283bca2
992170.0,554572,python,[JIT],0x000071d3e604c603
992170.0,554559,python,[kernel.kallsyms],__update_load_avg_se
992170.0,554520,python,[JIT],0x00007bae985543d0
992170.0,554520,python,[JIT],0x00007bae9855d64d
992170.0,554559,python,[JIT],0x000074472c08e2a7
992170.0,554559,python,[JIT],0x000074472c09015a
992170.0,554559,python,[JIT],0x000074472c095d72
992170.0,554532,python,[JIT],0x00007f3be24b1446
992170.0,554508,python,[JIT],0x000074d163216533
992170.0,554532,python,[JIT],0x00007f3be24b33ca
992170.0,554532,python,[JIT],0x00007f3be24b6357
992170.0,554498,python,[JIT],0x00007a47e2834734
992170.0,554498,python,[JIT],0x00007a47e2ad7060
992169.0,554559,python,[JIT],0x000074472c0984cb
992169.0,554572,python,[JIT],0x000071d3e604482d
992169.0,554572,python,[JIT],0x000071d3e604b1da
992169.0,554572,python,[JIT],0x000071d3e604ef95
992169.0,554559,python,[JIT],0x000074472c08fff4
992169.0,554532,python,[JIT],0x00007f3be24b64e3
992169.0,554545,python,[JIT],0x00007b13c67ec0a2
992169.0,554532,python,[JIT],0x00007f3be24b3705
992169.0,554498,python,python,PyUnicode_New
992169.0,554498,python,[JIT],0x00007a47e2835481
992169.0,554498,python,[JIT],0x00007a47e28358f2
992169.0,554498,python,[JIT],0x00007a47e283be2a
992168.0,554520,python,[JIT],0x00007bae9855f503
992168.0,554559,python,[JIT],0x000074472c099766
992168.0,554532,python,[JIT],0x00007f3be24b3ae8
992168.0,554508,python,[JIT],0x000074d163210dcf
992168.0,554508,python,[JIT],0x000074d16321cc8b
992168.0,554545,python,[JIT],0x00007b13c67ec8e4
992167.0,554572,python,[JIT],0x000071d3e6047e88
992167.0,554559,python,[JIT],0x000074472c0960a2
992167.0,554520,python,[JIT],0x00007bae98559094
992167.0,554520,python,[JIT],0x00007bae9855c213
992167.0,554559,python,[JIT],0x000074472c098524
992167.0,554532,python,[JIT],0x00007f3be24b708a
992166.0,554572,python,[JIT],0x000071d3e6047614
992166.0,554520,python,[JIT],0x00007bae98556752
992166.0,554520,python,[JIT],0x00007bae98560597
992166.0,554520,python,[JIT],0x00007bae985608da
992166.0,554559,python,[JIT],0x000074472c08b1f1
992166.0,554559,python,[JIT],0x000074472c092149
992166.0,554559,python,[JIT],0x000074472c098261
992166.0,554559,python,[JIT],0x000074472c0993c0
992166.0,554508,python,[JIT],0x000074d16321c517
992166.0,554508,python,[JIT],0x000074d163210307
992166.0,554508,python,[JIT],0x000074d16322010a
992166.0,554545,python,[JIT],0x00007b13c67f9129
992166.0,554532,python,[JIT],0x00007f3be24b63c6
992166.0,554498,python,[JIT],0x00007a47e28323a9
992166.0,554498,python,[JIT],0x00007a47e283c58b
992165.0,554572,python,[JIT],0x000071d3e604404c
992165.0,554520,python,[JIT],0x00007bae985553dd
992165.0,554559,python,[JIT],0x000074472c08f87e
992165.0,554559,python,[JIT],0x000074472c098889
992165.0,554508,python,[JIT],0x000074d163210b90
992165.0,554508,python,[JIT],0x000074d1634c32c7
992164.0,554572,python,[JIT],0x000071d3e604ea6a
992164.0,554572,python,[JIT],0x000071d3e604f2fe
992164.0,554572,python,[JIT],0x000071d3e605a5f7
992164.0,554520,python,[JIT],0x00007bae9855286f
992164.0,554520,python,[JIT],0x00007bae98552d62
992164.0,554520,python,[JIT],0x00007bae9855fccd
992164.0,554532,python,[JIT],0x00007f3be24aa206
992164.0,554532,python,[JIT],0x00007f3be24aa53c
992164.0,554498,python,[JIT],0x00007a47e2831201
992164.0,554498,python,[JIT],0x00007a47e2ad7363
992163.0,554572,python,[JIT],0x000071d3e604b3b7
992163.0,554559,python,[JIT],0x000074472c095748
992163.0,554572,python,[JIT],0x000071d3e60401e9
992163.0,554572,python,[JIT],0x000071d3e604f62c
992163.0,554520,python,[JIT],0x00007bae985602ed
992163.0,554559,python,[JIT],0x000074472c08e3c5
992163.0,554532,python,[JIT],0x00007f3be24b375b
992163.0,554508,python,[JIT],0x000074d1632192d5
992163.0,554508,python,[JIT],0x000074d16320f4e4
992163.0,554532,python,[JIT],0x00007f3be24b6d0a
992163.0,554498,python,[JIT],0x00007a47e283c8e9
992162.0,554572,python,[JIT],0x000071d3e604c23a
992162.0,554572,python,[JIT],0x000071d3e604ea9f
992162.0,554559,python,[JIT],0x000074472c0959f8
992162.0,554572,python,[JIT],0x000071d3e604b0d2
992162.0,554572,python,[JIT],0x000071d3e604bc93
992162.0,554520,python,[JIT],0x00007bae9855fdbb
992162.0,554520,python,[JIT],0x00007bae98565477
992162.0,554520,python,[JIT],0x00007bae98555334
992162.0,554520,python,[JIT],0x00007bae9855c50e
992161.0,554572,python,[JIT],0x000071d3e6041863
992161.0,554572,python,[JIT],0x000071d3e60441eb
992161.0,554520,python,[JIT],0x00007bae985551eb
992161.0,554520,python,[JIT],0x00007bae985594b0
992161.0,554520,python,[JIT],0x00007bae9855c88c
992161.0,554520,python,[JIT],0x00007bae9855d661
992161.0,554520,python,[JIT],0x00007bae98560051
992161.0,554559,python,[JIT],0x000074472c090478
992161.0,554532,python,[JIT],0x00007f3be24ae0af
992160.0,554559,python,[JIT],0x000074472c095a9b
992160.0,554572,python,[JIT],0x000071d3e6040263
992160.0,554572,python,[JIT],0x000071d3e604b969
992160.0,554572,python,[JIT],0x000071d3e604c2af
992160.0,554520,python,[JIT],0x00007bae98558e38
992160.0,554520,python,[JIT],0x00007bae9855fe2e
992160.0,554559,python,[JIT],0x000074472c08f8ea
992160.0,554559,python,[JIT],0x000074472c095e5c
992160.0,554532,python,[JIT],0x00007f3be24b3003
992160.0,554532,python,[JIT],0x00007f3be2ceb38c
992160.0,554532,python,[JIT],0x00007f3be24ac0c7
992160.0,554498,python,[JIT],0x00007a47e2831890
992160.0,554498,python,[JIT],0x00007a47e2834003
992159.0,554572,python,[JIT],0x000071d3e60455ae
992159.0,554572,python,[JIT],0x000071d3e604e38c
992159.0,554520,python,[JIT],0x00007bae98560636
992159.0,554532,python,[JIT],0x00007f3be24b32b3
992159.0,554532,python,[JIT],0x00007f3be24b6590
992159.0,554498,python,[JIT],0x00007a47e2838ab5
992158.0,554572,python,[JIT],0x000071d3e6044dc1
992158.0,554572,python,[JIT],0x000071d3e604e261
992158.0,554520,python,[JIT],0x00007bae98558677
992158.0,554520,python,[JIT],0x00007bae9855cbc7
992158.0,554559,python,[JIT],0x000074472c0987fd
992158.0,554532,python,[JIT],0x00007f3be24b0500
992158.0,554508,python,[JIT],0x000074d16321418a
992157.0,554572,python,[JIT],0x000071d3e604f431
992157.0,554520,python,[JIT],0x00007bae9855db4c
992157.0,554559,python,[JIT],0x000074472c08c3c2
992157.0,554498,python,[JIT],0x00007a47e283bc33
992157.0,554498,python,[JIT],0x00007a47e2845384
992156.0,554559,python,[JIT],0x000074472c08b510
992156.0,554559,python,[JIT],0x000074472c0890d8
992156.0,554532,python,[JIT],0x00007f3be24b77c5
992156.0,554498,python,[JIT],0x00007a47e2838f9b
992156.0,554498,python,[JIT],0x00007a47e28453ae
992155.0,554572,python,[JIT],0x000071d3e604f630
992155.0,554572,python,[JIT],0x000071d3e6045474
992155.0,554572,python,[JIT],0x000071d3e604bbe0
992155.0,554520,python,[JIT],0x00007bae985559dd
992155.0,554520,python,[JIT],0x00007bae98555e08
992155.0,554520,python,[JIT],0x00007bae9855fe3c
992155.0,554532,python,[kernel.kallsyms],notifier_call_chain
992155.0,554508,python,[JIT],0x000074d1632142b5
992155.0,554498,python,python,_PyObject_MakeTpCall
992154.0,554559,python,[JIT],0x000074472c095ecd
992154.0,554559,python,[JIT],0x000074472c08b67e
992154.0,554532,python,[JIT],0x00007f3be24ab2ba
992154.0,554498,python,[JIT],0x00007a47e28390a5
992154.0,554498,python,[JIT],0x00007a47e2843fb6
992153.0,554572,python,[JIT],0x000071d3e604339d
992153.0,554520,python,[JIT],0x00007bae9855f060
992153.0,554559,python,[JIT],0x000074472c095380
992153.0,554559,python,[JIT],0x000074472c09905b
992153.0,554532,python,[JIT],0x00007f3be24ad6bf
992153.0,554508,python,[JIT],0x000074d1634c3143
992153.0,554520,python,[JIT],0x00007bae9855cfb7
992152.0,554559,python,[JIT],0x000074472c098ccd
992152.0,554520,python,[JIT],0x00007bae9855577d
992152.0,554559,python,[JIT],0x000074472c092b0f
992152.0,554532,python,[JIT],0x00007f3be24ab308
992152.0,554532,python,[JIT],0x00007f3be24b02e8
992152.0,554545,python,[JIT],0x00007b13c67ebd37
992152.0,554498,python,[JIT],0x00007a47e28303c5
992151.0,554559,python,[JIT],0x000074472c096123
992151.0,554572,python,[JIT],0x000071d3e6044705
992151.0,554572,python,[JIT],0x000071d3e604e52c
992151.0,554520,python,[JIT],0x00007bae9855628b
992151.0,554559,python,[JIT],0x000074472c092d25
992151.0,554532,python,[JIT],0x00007f3be24b60f1
992151.0,554532,python,[JIT],0x00007f3be24b6564
992151.0,554545,python,[JIT],0x00007b13c67e3110
992151.0,554520,python,[JIT],0x00007bae98552568
992151.0,554520,python,[JIT],0x00007bae9855c299
992151.0,554520,python,[JIT],0x00007bae9855d2b5
992151.0,554498,python,[JIT],0x00007a47e282eb02
992150.0,554572,python,[JIT],0x000071d3e604be19
992150.0,554559,python,[JIT],0x000074472c9350a9
992150.0,554572,python,[JIT],0x000071d3e60471c0
992150.0,554572,python,[JIT],0x000071d3e604bc03
992150.0,554520,python,libc.so.6,__strlen_avx2
992150.0,554520,python,[JIT],0x00007bae9855ce62
992150.0,554559,python,[JIT],0x000074472c098fc9
992150.0,554508,python,[JIT],0x000074d163219133
992150.0,554508,python,[JIT],0x000074d16321ce94
992150.0,554545,python,[kernel.kallsyms],down_read_trylock
992150.0,554545,python,[JIT],0x00007b13c67e4139
992150.0,554498,python,[JIT],0x00007a47e28321c6
992150.0,554498,python,[JIT],0x00007a47e28343b7
992149.0,554572,python,[JIT],0x000071d3e604c8da
992149.0,554572,python,[JIT],0x000071d3e604ed86
992149.0,554532,python,[JIT],0x00007f3be24b33f1
992149.0,554498,python,[JIT],0x00007a47e282edcf
992148.0,554572,python,[JIT],0x000071d3e605a349
992148.0,554520,python,[JIT],0x00007bae9855244b
992148.0,554559,python,[JIT],0x000074472c098d0a
992148.0,554532,python,[JIT],0x00007f3be24aad95
992148.0,554532,python,[JIT],0x00007f3be24ac1d6
992148.0,554545,python,[JIT],0x00007b13c67e70ad
992147.0,554559,python,[JIT],0x000074472c090171
992147.0,554572,python,[JIT],0x000071d3e6041c19
992147.0,554572,python,[JIT],0x000071d3e604efb4
992147.0,554532,python,[JIT],0x00007f3be24ab01e
992146.0,554572,python,[JIT],0x000071d3e6048111
992146.0,554572,python,[JIT],0x000071d3e604b71e
992146.0,554508,python,[JIT],0x000074d163217678
992146.0,554508,python,[JIT],0x000074d16321c881
992146.0,554498,python,[JIT],0x00007a47e28340f1
992145.0,554520,python,[JIT],0x00007bae9855877d
992145.0,554532,python,[JIT],0x00007f3be24b34cd
992145.0,554508,python,[JIT],0x000074d16321a2ad
992145.0,554498,python,[JIT],0x00007a47e282f012
992145.0,554498,python,[JIT],0x00007a47e2ad7327
992144.0,554572,python,[JIT],0x000071d3e604c2a9
992144.0,554559,python,[JIT],0x000074472c09963c
992144.0,554572,python,[JIT],0x000071d3e604155c
992144.0,554572,python,[JIT],0x000071d3e6041f53
992144.0,554572,python,[JIT],0x000071d3e604e664
992144.0,554520,python,[JIT],0x00007bae98556044
992144.0,554559,python,[JIT],0x000074472c08e000
992144.0,554498,python,[JIT],0x00007a47e2831c34
992144.0,554498,python,[JIT],0x00007a47e28342f2
992144.0,554498,python,[JIT],0x00007a47e283c127
992143.0,554572,python,[JIT],0x000071d3e604e8b0
992143.0,554520,python,[JIT],0x00007bae9855d5d2
992143.0,554520,python,[JIT],0x00007bae9855f838
992143.0,554559,python,[JIT],0x000074472c0900eb
992143.0,554508,python,[JIT],0x000074d16321623d
992143.0,554545,python,[JIT],0x00007b13c67ebb26
992143.0,554545,python,[JIT],0x00007b13c67f37c8
992143.0,554520,python,[JIT],0x00007bae9855d8d2
992143.0,554520,python,[JIT],0x00007bae98566768
992143.0,554498,python,[JIT],0x00007a47e282d819
992143.0,554498,python,[JIT],0x00007a47e28394dd
992143.0,554498,python,[JIT],0x00007a47e283c636
992142.0,554572,python,[JIT],0x000071d3e604b67b
992142.0,554520,python,[JIT],0x00007bae98553257
992142.0,554559,python,[JIT],0x000074472c934438
992142.0,554520,python,[JIT],0x00007bae9855d710
992141.0,554572,python,[JIT],0x000071d3e60440ad
992141.0,554572,python,[JIT],0x000071d3e6044e08
992141.0,554572,python,[JIT],0x000071d3e6047ce4
992141.0,554572,python,[JIT],0x000071d3e604f5be
992141.0,554520,python,[JIT],0x00007bae9855134c
992141.0,554532,python,python,realloc@plt
992141.0,554508,python,[JIT],0x000074d163219f75
992141.0,554545,python,[JIT],0x00007b13c67f3b2e
992141.0,554532,python,[JIT],0x00007f3be24ab062
992141.0,554498,python,[JIT],0x00007a47e28303f1
992140.0,554572,python,[JIT],0x000071d3e604b17f
992140.0,554572,python,[JIT],0x000071d3e604eb41
992140.0,554520,python,[JIT],0x00007bae985552f2
992140.0,554520,python,[JIT],0x00007bae98559593
992140.0,554520,python,[JIT],0x00007bae9855d5da
992140.0,554559,python,[JIT],0x000074472c08e2e8
992140.0,554532,python,[JIT],0x00007f3be24ae4e0
992140.0,554508,python,[JIT],0x000074d1632122a7
992140.0,554508,python,[JIT],0x000074d16321d13f
992140.0,554520,python,[JIT],0x00007bae9855d4c0
992140.0,554532,python,[JIT],0x00007f3be2d65726
992139.0,554572,python,[JIT],0x000071d3e604e86a
992139.0,554520,python,[JIT],0x00007bae9855313d
992139.0,554532,python,[JIT],0x00007f3be24b16ad
992139.0,554508,python,[JIT],0x000074d1632105a2
992139.0,554508,python,[JIT],0x000074d1632142d1
992139.0,554520,python,[JIT],0x00007bae9855c06a
992138.0,554572,python,[JIT],0x000071d3e6044b86
992138.0,554559,python,[JIT],0x000074472c092bc7
992138.0,554520,python,[JIT],0x00007bae9855d762
992138.0,554520,python,[JIT],0x00007bae9855f0ff
992138.0,554520,python,[JIT],0x00007bae9856099a
992138.0,554532,python,[JIT],0x00007f3be24b6fa7
992138.0,554508,python,[JIT],0x000074d163211317
992138.0,554508,python,[JIT],0x000074d163219ffc
992138.0,554508,python,[JIT],0x000074d16321d1f5
992138.0,554545,python,[JIT],0x00007b13c67f39dd
992138.0,554520,python,[JIT],0x00007bae985553d0
992137.0,554520,python,[JIT],0x00007bae9855f390
992137.0,554559,python,[JIT],0x000074472c09866c
992137.0,554508,python,[JIT],0x000074d16320f3ff
992137.0,554508,python,[JIT],0x000074d163210d04
992137.0,554508,python,[JIT],0x000074d1632172b5
992137.0,554508,python,[JIT],0x000074d16321d6c5
992137.0,554498,python,[JIT],0x00007a47e282f1a7
992137.0,554498,python,[JIT],0x00007a47e283111b
992137.0,554498,python,[JIT],0x00007a47e28430a1
992136.0,554520,python,[JIT],0x00007bae98555139
992136.0,554520,python,[JIT],0x00007bae985567fd
992136.0,554520,python,[JIT],0x00007bae98560080
992136.0,554559,python,[JIT],0x000074472c09912a
992136.0,554532,python,[JIT],0x00007f3be24b3e27
992135.0,554572,python,[JIT],0x000071d3e604e921
992135.0,554572,python,[JIT],0x000071d3e604f8ca
992135.0,554559,python,[JIT],0x000074472c099630
992135.0,554532,python,[JIT],0x00007f3be24a9551
992135.0,554532,python,[JIT],0x00007f3be24b070d
992135.0,554532,python,[JIT],0x00007f3be24b0dfe
992135.0,554532,python,[JIT],0x00007f3be24b7525
992135.0,554532,python,[JIT],0x00007f3be24b78a7
992135.0,554498,python,[JIT],0x00007a47e283b064
992134.0,554545,python,[JIT],0x00007b13c67ebf4b
992134.0,554520,python,[JIT],0x00007bae9855c31d
992134.0,554498,python,[JIT],0x00007a47e282e2fa
992134.0,554498,python,[JIT],0x00007a47e2838973
992133.0,554572,python,[JIT],0x000071d3e6041dd9
992133.0,554520,python,[JIT],0x00007bae985642a9
992133.0,554559,python,[JIT],0x000074472c0951e1
992133.0,554532,python,[JIT],0x00007f3be24b31aa
992133.0,554508,python,[JIT],0x000074d163212835
992133.0,554520,python,[JIT],0x00007bae9855cd63
992133.0,554498,python,[JIT],0x00007a47e2838fae
992132.0,554572,python,[JIT],0x000071d3e605b34c
992132.0,554572,python,[JIT],0x000071d3e604720c
992132.0,554572,python,[JIT],0x000071d3e60485d6
992132.0,554520,python,[kernel.kallsyms],cpupri_set
992132.0,554520,python,[JIT],0x00007bae98555c65
992132.0,554559,python,[JIT],0x000074472c096123
992132.0,554508,python,[JIT],0x000074d163213f04
992132.0,554498,python,[JIT],0x00007a47e2831e5c
992132.0,554498,python,[JIT],0x00007a47e283bdb7
992131.0,554520,python,[JIT],0x00007bae985527bb
992131.0,554520,python,[JIT],0x00007bae98555015
992131.0,554520,python,[JIT],0x00007bae9855834c
992130.0,554572,python,[JIT],0x000071d3e604eccd
992130.0,554572,python,[JIT],0x000071d3e604f124
992130.0,554520,python,[JIT],0x00007bae98556593
992130.0,554545,python,[JIT],0x00007b13c67e0777
992130.0,554545,python,[JIT],0x00007b13c67ec253
992130.0,554545,python,[JIT],0x00007b13c67ec2b5
992130.0,554545,python,[JIT],0x00007b13c67f367d
992129.0,554559,python,[JIT],0x000074472c934536
992129.0,554520,python,[JIT],0x00007bae98555778
992129.0,554545,python,[JIT],0x00007b13c67f4431
992129.0,554520,python,[JIT],0x00007bae985660ea
992129.0,554532,python,[JIT],0x00007f3be24b6288
992129.0,554498,python,[JIT],0x00007a47e283536c
992128.0,554572,python,[JIT],0x000071d3e604b965
992128.0,554572,python,[JIT],0x000071d3e6041c9b
992128.0,554572,python,[JIT],0x000071d3e60430a7
992128.0,554572,python,[JIT],0x000071d3e6047524
992128.0,554532,python,[JIT],0x00007f3be24ac157
992128.0,554498,python,[JIT],0x00007a47e283450e
992128.0,554498,python,[JIT],0x00007a47e28352b5
992128.0,554498,python,[JIT],0x00007a47e28353a9
992128.0,554498,python,[JIT],0x00007a47e283b06a
992128.0,554498,python,[JIT],0x00007a47e283bcdd
992127.0,554572,python,[JIT],0x000071d3e604ec31
992127.0,554572,python,[JIT],0x000071d3e6041fb6
992127.0,554572,python,[JIT],0x000071d3e604be1c
992127.0,554572,python,[JIT],0x000071d3e604c094
992127.0,554572,python,[JIT],0x000071d3e604e921
992127.0,554520,python,[JIT],0x00007bae9855cc58
992127.0,554520,python,[JIT],0x00007bae98565468
992127.0,554532,python,[JIT],0x00007f3be24a3474
992127.0,554508,python,[JIT],0x000074d16321317f
992127.0,554508,python,[JIT],0x000074d163219103
992127.0,554498,python,[JIT],0x00007a47e2ad736d
992126.0,554572,python,[JIT],0x000071d3e60450eb
992126.0,554572,python,[JIT],0x000071d3e604b64c
992126.0,554559,python,[JIT],0x000074472c09614d
992126.0,554572,python,[JIT],0x000071d3e604b565
992126.0,554572,python,[JIT],0x000071d3e604f801
992126.0,554520,python,[JIT],0x00007bae9855c808
992126.0,554559,python,[JIT],0x000074472c08e224
992126.0,554532,python,[JIT],0x00007f3be24b0213
992125.0,554572,python,[JIT],0x000071d3e6045094
992125.0,554520,python,python,_PyUnicodeWriter_Finish
992125.0,554520,python,[JIT],0x00007bae98555e75
992125.0,554520,python,[JIT],0x00007bae98556678
992125.0,554520,python,[JIT],0x00007bae9855804c
992125.0,554520,python,[JIT],0x00007bae9855c405
992125.0,554559,python,[JIT],0x000074472c08f0f8
992125.0,554559,python,[JIT],0x000074472c934010
992125.0,554545,python,[JIT],0x00007b13c67f4100
992125.0,554520,python,[JIT],0x00007bae9855cd7c
992124.0,554520,python,[JIT],0x00007bae985543f1
992124.0,554520,python,[JIT],0x00007bae9855f000
992124.0,554532,python,python,subtype_dealloc
992124.0,554508,python,[JIT],0x000074d163210f53
992124.0,554508,python,[JIT],0x000074d163213b8e
992124.0,554532,python,python,_PyOptimizer_Optimize
992124.0,554498,python,[JIT],0x00007a47e282e89b
992124.0,554498,python,[JIT],0x00007a47e283c597
992123.0,554572,python,[JIT],0x000071d3e604c079
992123.0,554572,python,[JIT],0x000071d3e6042257
992123.0,554520,python,[JIT],0x00007bae98551463
992123.0,554520,python,[JIT],0x00007bae985541e1
992123.0,554520,python,[JIT],0x00007bae98558f28
992123.0,554559,python,[JIT],0x000074472c096600
992123.0,554532,python,[JIT],0x00007f3be24b33ac
992123.0,554498,python,[JIT],0x00007a47e28300a9
992123.0,554498,python,[JIT],0x00007a47e283578c
992123.0,554498,python,[JIT],0x00007a47e283c904
992122.0,554572,python,[JIT],0x000071d3e6043103
992122.0,554559,python,[JIT],0x000074472c0998c2
992122.0,554532,python,[JIT],0x00007f3be24aaed2
992122.0,554532,python,[JIT],0x00007f3be24b66a0
992122.0,554508,python,[JIT],0x000074d163216677
992122.0,554508,python,[JIT],0x000074d163217657
992122.0,554545,python,[JIT],0x00007b13c67eb8b7
992122.0,554498,python,[JIT],0x00007a47e28321eb
992121.0,554520,python,[JIT],0x00007bae985586e6
992121.0,554520,python,[JIT],0x00007bae9855cdfe
992121.0,554520,python,[JIT],0x00007bae9855f67a
992121.0,554520,python,[JIT],0x00007bae9855feb3
992121.0,554545,python,[JIT],0x00007b13c67f3ec6
992121.0,554520,python,[JIT],0x00007bae9855f329
992121.0,554532,python,[JIT],0x00007f3be24b3d25
992121.0,554498,python,[JIT],0x00007a47e282ea0c
992120.0,554572,python,[JIT],0x000071d3e604334c
992120.0,554572,python,[JIT],0x000071d3e60403dd
992120.0,554520,python,[JIT],0x00007bae985542b6
992120.0,554559,python,[JIT],0x000074472c098bf9
992120.0,554498,python,[JIT],0x00007a47e2839144
992120.0,554498,python,[JIT],0x00007a47e283b301
992119.0,554572,python,[JIT],0x000071d3e604075e
992119.0,554572,python,[JIT],0x000071d3e6041568
992119.0,554572,python,[JIT],0x000071d3e604304c
992119.0,554520,python,[JIT],0x00007bae9856306c
992119.0,554520,python,[JIT],0x00007bae985672a2
992119.0,554508,python,[JIT],0x000074d163210dd9
992119.0,554520,python,[JIT],0x00007bae9855d032
992118.0,554572,python,[JIT],0x000071d3e6047224
992118.0,554559,python,[JIT],0x000074472c0905c3
992118.0,554572,python,[JIT],0x000071d3e60451c2
992118.0,554572,python,[JIT],0x000071d3e604e7f7
992118.0,554520,python,[JIT],0x00007bae98558220
992118.0,554520,python,[JIT],0x00007bae985605c6
992118.0,554508,python,[JIT],0x000074d163213f6f
992118.0,554520,python,[JIT],0x00007bae9855c12f
992118.0,554498,python,[JIT],0x00007a47e283c22b
992117.0,554572,python,[JIT],0x000071d3e6041127
992117.0,554520,python,[JIT],0x00007bae9855405c
992117.0,554520,python,[JIT],0x00007bae985551aa
992116.0,554572,python,[JIT],0x000071d3e6041858
992116.0,554532,python,[JIT],0x00007f3be24aa9d1
992116.0,554532,python,[JIT],0x00007f3be24b04bd
992116.0,554508,python,[JIT],0x000074d16321736c
992116.0,554498,python,[kernel.kallsyms],rb_erase
992115.0,554572,python,[JIT],0x000071d3e6044543
992115.0,554520,python,[JIT],0x00007bae9855511b
992115.0,554559,python,[JIT],0x000074472c096085
992115.0,554498,python,[JIT],0x00007a47e282e584
992115.0,554498,python,[JIT],0x00007a47e2831353
992115.0,554498,python,[JIT],0x00007a47e2834894
992115.0,554498,python,[JIT],0x00007a47e283ba91
992114.0,554572,python,[JIT],0x000071d3e604b3ca
992114.0,554572,python,[JIT],0x000071d3e604baca
992114.0,554572,python,[JIT],0x000071d3e604bfee
992114.0,554520,python,[JIT],0x00007bae98552f64
992114.0,554520,python,[JIT],0x00007bae98558010
992114.0,554520,python,[JIT],0x00007bae98560605
992114.0,554532,python,[JIT],0x00007f3be24b3361
992114.0,554532,python,[JIT],0x00007f3be24b736d
992114.0,554508,python,[JIT],0x000074d163212280
992114.0,554508,python,[JIT],0x000074d163210f64
992113.0,554572,python,[JIT],0x000071d3e604f783
992113.0,554572,python,[JIT],0x000071d3e60449fe
992113.0,554572,python,[JIT],0x000071d3e604f224
992113.0,554520,python,[JIT],0x00007bae9855850e
992113.0,554559,python,[JIT],0x000074472c0951c8
992113.0,554520,python,[JIT],0x00007bae9855fa9f
992113.0,554532,python,[JIT],0x00007f3be24b44ba
992113.0,554498,python,[JIT],0x00007a47e2834192
992112.0,554559,python,[JIT],0x000074472c0a336c
992112.0,554572,python,[JIT],0x000071d3e60416a3
992112.0,554572,python,[JIT],0x000071d3e60441d6
992112.0,554572,python,[JIT],0x000071d3e604827a
992112.0,554520,python,[JIT],0x00007bae9855d1eb
992112.0,554520,python,[JIT],0x00007bae985661cf
992112.0,554559,python,[JIT],0x000074472c09b1a2
992111.0,554572,python,[JIT],0x000071d3e604c085
992111.0,554520,python,[JIT],0x00007bae98555c8f
992111.0,554520,python,[JIT],0x00007bae985643c1
992111.0,554508,python,[JIT],0x000074d1632123a9
992111.0,554532,python,[JIT],0x00007f3be24b62bc
992110.0,554572,python,[JIT],0x000071d3e604540c
992110.0,554572,python,[JIT],0x000071d3e604ed4f
992110.0,554559,python,[JIT],0x000074472c09267e
992110.0,554532,python,[JIT],0x00007f3be24adf4b
992110.0,554508,python,[JIT],0x000074d16320f1f7
992110.0,554545,python,[JIT],0x00007b13c67ebcd5
992110.0,554532,python,[JIT],0x00007f3be24b4799
992110.0,554498,python,[JIT],0x00007a47e2ad70c3
992109.0,554572,python,[JIT],0x000071d3e60451ad
992109.0,554559,python,[kernel.kallsyms],mem_cgroup_from_task
992109.0,554559,python,[JIT],0x000074472c092462
992109.0,554559,python,[JIT],0x000074472c09644a
992109.0,554559,python,[JIT],0x000074472c0986bf
992109.0,554532,python,[JIT],0x00007f3be24b6fb4
992109.0,554508,python,[JIT],0x000074d1632163f9
992109.0,554498,python,[JIT],0x00007a47e2835740
992109.0,554498,python,[JIT],0x00007a47e283862e
992108.0,554559,python,[JIT],0x000074472c08e376
992108.0,554572,python,[JIT],0x000071d3e6041435
992108.0,554572,python,[JIT],0x000071d3e604bc65
992108.0,554572,python,[JIT],0x000071d3e60513d4
992108.0,554520,python,[JIT],0x00007bae9855d585
992108.0,554520,python,[JIT],0x00007bae9855f0b3
992108.0,554559,python,[JIT],0x000074472c096094
992108.0,554532,python,[JIT],0x00007f3be24aa334
992108.0,554508,python,[JIT],0x000074d163213e75
992108.0,554545,python,[JIT],0x00007b13c67e3167
992108.0,554498,python,[JIT],0x00007a47e2834552
992107.0,554520,python,[JIT],0x00007bae9855f117
992107.0,554520,python,[JIT],0x00007bae98564134
992107.0,554520,python,[JIT],0x00007bae9855c86b
992106.0,554572,python,[kernel.kallsyms],cond_accept_memory
992106.0,554520,python,[JIT],0x00007bae9855cd08
992106.0,554532,python,[JIT],0x00007f3be24b70c4
992106.0,554545,python,[JIT],0x00007b13c67e71eb
992105.0,554572,python,[JIT],0x000071d3e6043010
992105.0,554520,python,[JIT],0x00007bae985589a4
992105.0,554520,python,[JIT],0x00007bae9855c3d9
992105.0,554520,python,[JIT],0x00007bae9855f1e5
992105.0,554520,python,[JIT],0x00007bae98560086
992105.0,554559,python,[JIT],0x000074472c090334
992105.0,554508,python,[JIT],0x000074d16321cafe
992105.0,554520,python,[JIT],0x00007bae98552127
992105.0,554498,python,[JIT],0x00007a47e2839681
992104.0,554572,python,[JIT],0x000071d3e604b060
992104.0,554572,python,[JIT],0x000071d3e604b5c9
992104.0,554559,python,[JIT],0x000074472c08f334
992104.0,554559,python,[JIT],0x000074472c095db5
992104.0,554559,python,[JIT],0x000074472c0986b7
992104.0,554559,python,[JIT],0x000074472c0a414e
992104.0,554532,python,[JIT],0x00007f3be24b63ca
992104.0,554545,python,[JIT],0x00007b13c67e44c3
992104.0,554545,python,[JIT],0x00007b13c67f3574
992103.0,554532,python,[JIT],0x00007f3be24ac139
992103.0,554532,python,[JIT],0x00007f3be24ac31d
992103.0,554508,python,[JIT],0x000074d16321a137
992103.0,554532,python,[JIT],0x00007f3be24b4195
992103.0,554498,python,[JIT],0x00007a47e283404c
992102.0,554559,python,python,setitem_take2_lock_held
992102.0,554520,python,[kernel.kallsyms],_raw_spin_unlock
992102.0,554532,python,[JIT],0x00007f3be24b3343
992102.0,554532,python,[JIT],0x00007f3be24b3b79
992102.0,554508,python,[JIT],0x000074d16321d588
992102.0,554520,python,[JIT],0x00007bae9855f21f
992102.0,554498,python,[JIT],0x00007a47e28324e0
992102.0,554498,python,[JIT],0x00007a47e28343c5
992102.0,554498,python,[JIT],0x00007a47e283b1a4
992101.0,554572,python,[JIT],0x000071d3e60403ff
992101.0,554520,python,[JIT],0x00007bae98558e5c
992101.0,554559,python,[JIT],0x000074472c092157
992101.0,554508,python,[JIT],0x000074d16321206a
992101.0,554545,python,[JIT],0x00007b13c67ebe19
992101.0,554520,python,[JIT],0x00007bae985602df
992100.0,554572,python,[JIT],0x000071d3e604b17f
992100.0,554559,python,[JIT],0x000074472c095cc0
992100.0,554572,python,[JIT],0x000071d3e60446ff
992100.0,554520,python,[JIT],0x00007bae985532bd
992100.0,554520,python,[JIT],0x00007bae98555636
992100.0,554508,python,[JIT],0x000074d16321986b
992100.0,554545,python,[JIT],0x00007b13c67e7ccf
992100.0,554498,python,[JIT],0x00007a47e283b5f0
992099.0,554572,python,[JIT],0x000071d3e60457f5
992099.0,554508,python,[JIT],0x000074d163207a00
992099.0,554545,python,[JIT],0x00007b13c67ec259
992099.0,554498,python,[JIT],0x00007a47e283c210
992099.0,554498,python,[JIT],0x00007a47e2843c79
992098.0,554572,python,[JIT],0x000071d3e6047b0f
992098.0,554572,python,[JIT],0x000071d3e604b7fe
992098.0,554572,python,[JIT],0x000071d3e604e77d
992098.0,554520,python,[JIT],0x00007bae98555cd5
992098.0,554559,python,[JIT],0x000074472c08f4d0
992098.0,554532,python,python,PyObject_GenericGetAttr
992098.0,554532,python,python,_PyObject_SetAttributeErrorContext
992098.0,554532,python,[JIT],0x00007f3be24ae171
992098.0,554532,python,[JIT],0x00007f3be24c12b8
992098.0,554545,python,python,PyObject_Size
992098.0,554498,python,[JIT],0x00007a47e2838edf
992097.0,554572,python,python,optimize_uops.isra.0
992097.0,554572,python,[JIT],0x000071d3e604ed9d
992097.0,554520,python,[JIT],0x00007bae98560801
992097.0,554559,python,[JIT],0x000074472c08c0be
992097.0,554559,python,[JIT],0x000074472c0924bd
992097.0,554559,python,[JIT],0x000074472c098564
992097.0,554532,python,[JIT],0x00007f3be24aa0e1
992097.0,554532,python,[JIT],0x00007f3be24ac20c
992097.0,554508,python,[JIT],0x000074d1632161f5
992097.0,554498,python,[JIT],0x00007a47e283507d
992097.0,554498,python,[JIT],0x00007a47e283805c
992097.0,554498,python,[JIT],0x00007a47e283b588
992096.0,554572,python,[JIT],0x000071d3e604efa3
992096.0,554520,python,[JIT],0x00007bae98553201
992096.0,554520,python,[JIT],0x00007bae9855cf75
992096.0,554520,python,[JIT],0x00007bae9856015f
992096.0,554559,python,[JIT],0x000074472c0992df
992096.0,554508,python,[JIT],0x000074d16321cd02
992096.0,554508,python,[JIT],0x000074d16321ce41
992096.0,554545,python,[JIT],0x00007b13c67f90f1
992096.0,554520,python,[JIT],0x00007bae98554167
992096.0,554520,python,[JIT],0x00007bae9855f26b
992096.0,554532,python,[JIT],0x00007f3be24b48e4
992096.0,554498,python,[JIT],0x00007a47e282e6fb
992096.0,554498,python,[JIT],0x00007a47e2831334
992095.0,554572,python,[JIT],0x000071d3e6044cc9
992095.0,554559,python,[JIT],0x000074472c096788
992095.0,554520,python,[JIT],0x00007bae9855cf36
992095.0,554559,python,[JIT],0x000074472c095192
992095.0,554559,python,[JIT],0x000074472c095201
992095.0,554559,python,[JIT],0x000074472c095a9e
992095.0,554532,python,[JIT],0x00007f3be24ad0b3
992095.0,554498,python,[JIT],0x00007a47e2831204
992095.0,554498,python,[JIT],0x00007a47e28318bc
992095.0,554498,python,[JIT],0x00007a47e2839117
992095.0,554498,python,[JIT],0x00007a47e284425c
992094.0,554572,python,[JIT],0x000071d3e6044220
992094.0,554572,python,[JIT],0x000071d3e605b124
992094.0,554559,python,[JIT],0x000074472c092bc7
992094.0,554559,python,[JIT],0x000074472c095ffa
992094.0,554532,python,[JIT],0x00007f3be24ac5cd
992094.0,554498,python,[JIT],0x00007a47e282e6dd
992093.0,554572,python,[JIT],0x000071d3e604488c
992093.0,554572,python,[JIT],0x000071d3e604bfdf
992093.0,554520,python,[JIT],0x00007bae98552ae8
992093.0,554559,python,[JIT],0x000074472c09926d
992093.0,554508,python,[JIT],0x000074d163213f58
992093.0,554508,python,[JIT],0x000074d163226095
992093.0,554498,python,[JIT],0x00007a47e282d22d
992093.0,554498,python,[JIT],0x00007a47e2839661
992093.0,554498,python,[JIT],0x00007a47e2ad72c5
992092.0,554572,python,[JIT],0x000071d3e6047cd5
992092.0,554520,python,[JIT],0x00007bae985594c0
992091.0,554572,python,[JIT],0x000071d3e6045788
992091.0,554520,python,[JIT],0x00007bae9855fd4f
992091.0,554498,python,[JIT],0x00007a47e283c03c
992090.0,554559,python,[JIT],0x000074472c0986af
992090.0,554508,python,python,PyObject_GenericSetAttr
992090.0,554508,python,[JIT],0x000074d16320f771
992090.0,554498,python,[kernel.kallsyms],pte_mkwrite
992090.0,554498,python,[JIT],0x00007a47e2822157
992090.0,554498,python,[JIT],0x00007a47e283b80b
992089.0,554572,python,[JIT],0x000071d3e604e2a7
992089.0,554520,python,[JIT],0x00007bae98551605
992089.0,554520,python,[JIT],0x00007bae9855fe1a
992089.0,554532,python,[JIT],0x00007f3be24b3ffa
992089.0,554532,python,[JIT],0x00007f3be24b620c
992089.0,554508,python,[JIT],0x000074d16321477e
992089.0,554545,python,[JIT],0x00007b13c67e878c
992089.0,554498,python,[JIT],0x00007a47e282e393
992088.0,554559,python,[JIT],0x000074472c096253
992088.0,554508,python,[JIT],0x000074d16321a728
992088.0,554508,python,[JIT],0x000074d16321d2db
992087.0,554572,python,[JIT],0x000071d3e604b709
992087.0,554572,python,[JIT],0x000071d3e604b705
992087.0,554520,python,[JIT],0x00007bae98555c0e
992087.0,554520,python,[JIT],0x00007bae985592b5
992087.0,554520,python,[JIT],0x00007bae9855c8bc
992087.0,554559,python,[JIT],0x000074472c09512f
992087.0,554532,python,[JIT],0x00007f3be24b01ad
992087.0,554532,python,[JIT],0x00007f3be24b3cd5
992087.0,554498,python,[JIT],0x00007a47e283860a
992087.0,554498,python,[JIT],0x00007a47e283bc31
992086.0,554559,python,[JIT],0x000074472c934316
992086.0,554572,python,[JIT],0x000071d3e6044ecd
992086.0,554572,python,[JIT],0x000071d3e604b1b2
992086.0,554572,python,[JIT],0x000071d3e604bf0e
992086.0,554520,python,[JIT],0x00007bae9855839d
992086.0,554520,python,[JIT],0x00007bae9855f8fd
992086.0,554532,python,[JIT],0x00007f3be24b0192
992086.0,554508,python,[JIT],0x000074d163213157
992086.0,554508,python,[JIT],0x000074d163217603
992086.0,554498,python,[JIT],0x00007a47e28321ad
992085.0,554572,python,[JIT],0x000071d3e604b1a0
992085.0,554572,python,[JIT],0x000071d3e604ea91
992085.0,554520,python,[JIT],0x00007bae98558d72
992085.0,554520,python,[JIT],0x00007bae9856026d
992085.0,554559,python,[JIT],0x000074472c08f0b9
992085.0,554559,python,[JIT],0x000074472c095669
992085.0,554532,python,[JIT],0x00007f3be24ae195
992085.0,554532,python,[JIT],0x00007f3be24b78c2
992085.0,554498,python,[JIT],0x00007a47e2832123
992085.0,554498,python,[JIT],0x00007a47e283240c
992084.0,554572,python,[JIT],0x000071d3e6044208
992084.0,554572,python,[JIT],0x000071d3e605b360
992084.0,554520,python,[JIT],0x00007bae9855f45c
992084.0,554559,python,[JIT],0x000074472c099004
992084.0,554532,python,[JIT],0x00007f3be24aafe5
992084.0,554532,python,[JIT],0x00007f3be24b3e5a
992083.0,554532,python,[JIT],0x00007f3be24b1036
992083.0,554508,python,[JIT],0x000074d163206b9c
992082.0,554572,python,[JIT],0x000071d3e604b8bc
992082.0,554572,python,[JIT],0x000071d3e604f5a3
992082.0,554520,python,python,_PyObject_GC_NewVar
992082.0,554520,python,[kernel.kallsyms],available_idle_cpu
992082.0,554559,python,[JIT],0x000074472c093349
992082.0,554508,python,[JIT],0x000074d163216cd5
992082.0,554498,python,[JIT],0x00007a47e28348df
992081.0,554559,python,[JIT],0x000074472c098b74
992081.0,554572,python,[JIT],0x000071d3e60419c3
992081.0,554520,python,[JIT],0x00007bae9855113b
992081.0,554559,python,[JIT],0x000074472c08d000
992081.0,554559,python,[JIT],0x000074472c08e19a
992081.0,554559,python,[JIT],0x000074472c09265c
992081.0,554532,python,[JIT],0x00007f3be24b04d0
992081.0,554532,python,[JIT],0x00007f3be24b0c53
992081.0,554508,python,[JIT],0x000074d163210b9c
992081.0,554508,python,[JIT],0x000074d16321d5a3
992081.0,554545,python,[JIT],0x00007b13c67f32d0
992081.0,554498,python,[JIT],0x00007a47e282d488
992081.0,554498,python,[JIT],0x00007a47e283b210
992080.0,554520,python,[JIT],0x00007bae9855f41b
992080.0,554559,python,[JIT],0x000074472c095213
992080.0,554559,python,[JIT],0x000074472c0964e0
992080.0,554532,python,[JIT],0x00007f3be2d662fa
992080.0,554545,python,python,cfunction_vectorcall_FASTCALL
992080.0,554545,python,[JIT],0x00007b13c67ebb0f
992079.0,554572,python,[JIT],0x000071d3e604e05c
992079.0,554520,python,[JIT],0x00007bae98555268
992079.0,554520,python,[JIT],0x00007bae98555aaf
992079.0,554520,python,[JIT],0x00007bae985598e8
992079.0,554545,python,[JIT],0x00007b13c67f4525
992079.0,554520,python,[JIT],0x00007bae98558cc9
992079.0,554498,python,[JIT],0x00007a47e282ec45
992078.0,554572,python,[JIT],0x000071d3e604b5bc
992078.0,554572,python,[JIT],0x000071d3e604eb9c
992078.0,554520,python,[JIT],0x00007bae9856009e
992078.0,554532,python,[JIT],0x00007f3be24a91ff
992078.0,554545,python,[JIT],0x00007b13c67e3201
992078.0,554498,python,[JIT],0x00007a47e282eb48
992077.0,554572,python,[JIT],0x000071d3e604f5fd
992077.0,554572,python,[JIT],0x000071d3e604031a
992077.0,554520,python,[JIT],0x00007bae9855906f
992077.0,554559,python,[JIT],0x000074472c08f50e
992077.0,554508,python,[JIT],0x000074d163219192
992077.0,554520,python,[JIT],0x00007bae98555ded
992077.0,554520,python,[JIT],0x00007bae9855c55c
992077.0,554532,python,[JIT],0x00007f3be24b42af
992077.0,554498,python,[JIT],0x00007a47e28349f4
992076.0,554572,python,[kernel.kallsyms],housekeeping_cpumask
992076.0,554572,python,[JIT],0x000071d3e6044cd5
992076.0,554520,python,[JIT],0x00007bae9855c64c
992076.0,554520,python,[JIT],0x00007bae9855c654
992075.0,554572,python,[JIT],0x000071d3e604c3a9
992075.0,554520,python,[JIT],0x00007bae98552fd1
992075.0,554520,python,[JIT],0x00007bae9855d20d
992075.0,554532,python,[JIT],0x00007f3be24a9120
992075.0,554532,python,[JIT],0x00007f3be24b05d4
992075.0,554508,python,[JIT],0x000074d16321ccdd
992075.0,554520,python,[JIT],0x00007bae985523fa
992074.0,554572,python,[JIT],0x000071d3e6044703
992074.0,554520,python,[JIT],0x00007bae98553343
992074.0,554559,python,[JIT],0x000074472c0990aa
992074.0,554532,python,[JIT],0x00007f3be24ab08a
992074.0,554508,python,[JIT],0x000074d163213bc3
992074.0,554545,python,[JIT],0x00007b13c67f3d4f
992074.0,554520,python,python,_PyEvalFramePushAndInit
992074.0,554532,python,[JIT],0x00007f3be24ad10c
992074.0,554498,python,[JIT],0x00007a47e28310b9
992073.0,554572,python,[kernel.kallsyms],mas_next_slot
992073.0,554572,python,[JIT],0x000071d3e604538b
992073.0,554572,python,[JIT],0x000071d3e604f0c7
992073.0,554508,python,[JIT],0x000074d163210485
992073.0,554498,python,[JIT],0x00007a47e283272b
992072.0,554572,python,[JIT],0x000071d3e60455fd
992072.0,554559,python,[JIT],0x000074472c0951eb
992072.0,554520,python,[JIT],0x00007bae98555af9
992072.0,554520,python,[JIT],0x00007bae9855ff95
992072.0,554559,python,[JIT],0x000074472c08fb86
992072.0,554508,python,[JIT],0x000074d16321978e
992072.0,554545,python,[JIT],0x00007b13c67eb117
992072.0,554545,python,[JIT],0x00007b13c67ebb0c
992072.0,554498,python,[JIT],0x00007a47e282eff4
992071.0,554559,python,[JIT],0x000074472c0a4333
992071.0,554572,python,[JIT],0x000071d3e6041ad2
992071.0,554520,python,[JIT],0x00007bae9855d06c
992071.0,554520,python,[JIT],0x00007bae9855f976
992071.0,554508,python,[JIT],0x000074d163210863
992071.0,554508,python,[JIT],0x000074d16321d214
992071.0,554545,python,[JIT],0x00007b13c67ebefc
992071.0,554532,python,[JIT],0x00007f3be24b3dfe
992070.0,554572,python,[JIT],0x000071d3e60452af
992070.0,554520,python,[JIT],0x00007bae98556225
992070.0,554520,python,[JIT],0x00007bae9855c0b9
992070.0,554532,python,[JIT],0x00007f3be24b0e62
992070.0,554545,python,[JIT],0x00007b13c67e382d
992070.0,554520,python,[JIT],0x00007bae9855c23d
992070.0,554532,python,[JIT],0x00007f3be24b42b5
992069.0,554572,python,[JIT],0x000071d3e604034c
992069.0,554572,python,[JIT],0x000071d3e6048206
992069.0,554572,python,[JIT],0x000071d3e604e9e7
992069.0,554520,python,[JIT],0x00007bae98551744
992069.0,554520,python,[JIT],0x00007bae9855f948
992069.0,554532,python,[JIT],0x00007f3be24b3f4b
992069.0,554532,python,[JIT],0x00007f3be24b7293
992069.0,554545,python,[JIT],0x00007b13c67f3db4
992068.0,554572,python,[JIT],0x000071d3e604c2a0
992068.0,554572,python,[JIT],0x000071d3e60447a5
992068.0,554572,python,[JIT],0x000071d3e6044d37
992068.0,554520,python,[JIT],0x00007bae9855928e
992068.0,554559,python,[JIT],0x000074472c0a336c
992067.0,554572,python,[JIT],0x000071d3e60402f7
992067.0,554572,python,[JIT],0x000071d3e605a401
992067.0,554572,python,[JIT],0x000071d3e6039201
992067.0,554572,python,[JIT],0x000071d3e6047ff2
992067.0,554572,python,[JIT],0x000071d3e604f318
992067.0,554520,python,[JIT],0x00007bae98558ecd
992067.0,554532,python,[JIT],0x00007f3be24a93f6
992067.0,554532,python,[JIT],0x00007f3be24ac4c3
992066.0,554572,python,[JIT],0x000071d3e604e3a7
992066.0,554559,python,[JIT],0x000074472c099124
992066.0,554532,python,[JIT],0x00007f3be24b3e75
992066.0,554508,python,[JIT],0x000074d16321c127
992066.0,554545,python,[JIT],0x00007b13c67e7992
992065.0,554520,python,[JIT],0x00007bae98566270
992065.0,554532,python,[JIT],0x00007f3be24ac1c8
992065.0,554545,python,[JIT],0x00007b13c67f3121
992065.0,554532,python,[JIT],0x00007f3be24ad1aa
992065.0,554498,python,[JIT],0x00007a47e282d3a3
992065.0,554498,python,[JIT],0x00007a47e282f315
992065.0,554498,python,[JIT],0x00007a47e2831565
992065.0,554498,python,[JIT],0x00007a47e283922f
992064.0,554572,python,[JIT],0x000071d3e604c0f5
992064.0,554520,python,[JIT],0x00007bae9854f07e
992064.0,554559,python,[JIT],0x000074472c08fc83
992064.0,554532,python,python,_PySet_Contains
992064.0,554532,python,[JIT],0x00007f3be24b6984
992064.0,554545,python,[JIT],0x00007b13c67eb220
992064.0,554498,python,[JIT],0x00007a47e2831121
992063.0,554572,python,[JIT],0x000071d3e604bf75
992063.0,554520,python,[JIT],0x00007bae98559171
992063.0,554508,python,[JIT],0x000074d163216a04
992063.0,554532,python,[JIT],0x00007f3be24b32ae
992063.0,554532,python,[JIT],0x00007f3be24b3dbb
992063.0,554498,python,[JIT],0x00007a47e283ba1d
992062.0,554572,python,[JIT],0x000071d3e604b8ee
992062.0,554520,python,[JIT],0x00007bae98558003
992062.0,554520,python,[JIT],0x00007bae985592a9
992062.0,554520,python,[JIT],0x00007bae9855f4e3
992062.0,554559,python,[JIT],0x000074472c08264c
992062.0,554532,python,[JIT],0x00007f3be24b078e
992062.0,554532,python,[JIT],0x00007f3be24b658c
992062.0,554498,python,[JIT],0x00007a47e283b9e7
992061.0,554572,python,[JIT],0x000071d3e604b982
992061.0,554520,python,[JIT],0x00007bae985520eb
992061.0,554559,python,[JIT],0x000074472c08fc49
992061.0,554559,python,[JIT],0x000074472c09643b
992061.0,554532,python,[JIT],0x00007f3be24b474e
992061.0,554498,python,[JIT],0x00007a47e2831847
992060.0,554572,python,[JIT],0x000071d3e604c2d1
992060.0,554572,python,[JIT],0x000071d3e604baf9
992060.0,554520,python,[JIT],0x00007bae985540e6
992060.0,554520,python,[JIT],0x00007bae9855f524
992060.0,554520,python,[JIT],0x00007bae98555f45
992060.0,554520,python,[JIT],0x00007bae9855c343
992059.0,554572,python,[JIT],0x000071d3e6041819
992059.0,554572,python,[JIT],0x000071d3e604c026
992059.0,554572,python,[JIT],0x000071d3e604c67c
992059.0,554520,python,[JIT],0x00007bae9855823d
992059.0,554545,python,[JIT],0x00007b13c67ebbd3
992058.0,554572,python,[JIT],0x000071d3e604b7cc
992058.0,554559,python,[JIT],0x000074472c0980ab
992058.0,554532,python,[JIT],0x00007f3be24a94e1
992058.0,554508,python,[JIT],0x000074d16321fd28
992058.0,554498,python,[JIT],0x00007a47e2ad7360
992057.0,554572,python,[JIT],0x000071d3e60472c1
992057.0,554572,python,[JIT],0x000071d3e604c18a
992057.0,554532,python,[JIT],0x00007f3be24b10eb
992057.0,554532,python,[JIT],0x00007f3be24b3eac
992057.0,554498,python,[JIT],0x00007a47e2834aca
992056.0,554572,python,[JIT],0x000071d3e604e261
992056.0,554520,python,[JIT],0x00007bae98555395
992056.0,554559,python,[JIT],0x000074472c099318
992056.0,554545,python,[JIT],0x00007b13c67e7220
992055.0,554572,python,[JIT],0x000071d3e60454c0
992055.0,554572,python,[JIT],0x000071d3e60471c8
992055.0,554572,python,[JIT],0x000071d3e604f174
992055.0,554559,python,[JIT],0x000074472c0a30cb
992055.0,554532,python,[JIT],0x00007f3be24b71ae
992055.0,554532,python,[JIT],0x00007f3be24b3b7b
992055.0,554498,python,[JIT],0x00007a47e28300ea
992054.0,554572,python,[JIT],0x000071d3e60442c5
992054.0,554520,python,[JIT],0x00007bae9855977b
992054.0,554520,python,[JIT],0x00007bae9855f191
992054.0,554532,python,[JIT],0x00007f3be24a94f2
992054.0,554545,python,[JIT],0x00007b13c67e88de
992054.0,554532,python,python,dict_update
992054.0,554498,python,[JIT],0x00007a47e2838992
992053.0,554572,python,[JIT],0x000071d3e605a420
992053.0,554520,python,[JIT],0x00007bae9855f564
992053.0,554559,python,[JIT],0x000074472c0935d6
992053.0,554532,python,[JIT],0x00007f3be24b41c2
992053.0,554508,python,[kernel.kallsyms],avg_vruntime
992053.0,554545,python,[JIT],0x00007b13c67f440a
992053.0,554520,python,[JIT],0x00007bae9855db29
992053.0,554498,python,[JIT],0x00007a47e283b6ab
992052.0,554572,python,[JIT],0x000071d3e6041997
992052.0,554572,python,[JIT],0x000071d3e6047334
992052.0,554520,python,[JIT],0x00007bae9855159d
992052.0,554559,python,[JIT],0x000074472c08f681
992052.0,554520,python,[JIT],0x00007bae98560915
992052.0,554532,python,[JIT],0x00007f3be24b3f36
992052.0,554532,python,[JIT],0x00007f3be24c11fa
992051.0,554520,python,[JIT],0x00007bae97f412ad
992051.0,554520,python,[JIT],0x00007bae9855531d
992051.0,554559,python,[JIT],0x000074472c0991a8
992051.0,554532,python,[JIT],0x00007f3be24ad0ad
992051.0,554532,python,[JIT],0x00007f3be24b7908
992051.0,554545,python,[JIT],0x00007b13c67eb4d0
992050.0,554572,python,[JIT],0x000071d3e60435bf
992050.0,554520,python,[JIT],0x00007bae98558eac
992050.0,554520,python,[JIT],0x00007bae9855c543
992050.0,554532,python,[JIT],0x00007f3be24b3f5d
992050.0,554508,python,[JIT],0x000074d16321c690
992049.0,554572,python,[JIT],0x000071d3e6041ca1
992049.0,554520,python,[JIT],0x00007bae9855f36d
992049.0,554559,python,[JIT],0x000074472c098b0e
992049.0,554559,python,[JIT],0x000074472c0994f4
992049.0,554498,python,[JIT],0x00007a47e283b6af
992048.0,554572,python,[JIT],0x000071d3e604b0e6
992048.0,554520,python,[JIT],0x00007bae9855608d
992048.0,554520,python,[JIT],0x00007bae985601eb
992047.0,554572,python,[kernel.kallsyms],native_apic_msr_eoi
992047.0,554520,python,[kernel.kallsyms],handle_softirqs
992047.0,554520,python,[JIT],0x00007bae985520b0
992047.0,554532,python,python,_PyEvalFramePushAndInit
992047.0,554532,python,[JIT],0x00007f3be24b780b
992047.0,554508,python,[JIT],0x000074d163216e38
992047.0,554520,python,[JIT],0x00007bae9855b0a9
992047.0,554498,python,[JIT],0x00007a47e28431ba
992046.0,554572,python,[JIT],0x000071d3e6041844
992046.0,554572,python,[JIT],0x000071d3e6047353
992046.0,554520,python,python,_Py_HandlePending
992046.0,554520,python,[kernel.kallsyms],update_rq_clock
992046.0,554520,python,[JIT],0x00007bae9855250f
992046.0,554520,python,[JIT],0x00007bae9855582d
992046.0,554520,python,[JIT],0x00007bae9855fb70
992046.0,554508,python,[JIT],0x000074d16321fe07
992046.0,554520,python,[JIT],0x00007bae985567cf
992046.0,554498,python,[JIT],0x00007a47e283967c
992045.0,554520,python,[JIT],0x00007bae9855c21c
992045.0,554520,python,[JIT],0x00007bae9856091d
992045.0,554508,python,[JIT],0x000074d163213c9a
992044.0,554559,python,[JIT],0x000074472c0951aa
992044.0,554572,python,[JIT],0x000071d3e604bf9b
992044.0,554520,python,[kernel.kallsyms],hrtimer_forward
992044.0,554520,python,[JIT],0x00007bae98558192
992044.0,554520,python,[JIT],0x00007bae9855c86b
992044.0,554559,python,[JIT],0x000074472c08fb61
992044.0,554508,python,[JIT],0x000074d163219284
992044.0,554532,python,[JIT],0x00007f3be24b7752
992044.0,554532,python,[JIT],0x00007f3be2d65585
992044.0,554498,python,[JIT],0x00007a47e2832649
992044.0,554498,python,[JIT],0x00007a47e2834334
992043.0,554559,python,[JIT],0x000074472c093061
992043.0,554532,python,python,func_dealloc
992043.0,554520,python,[JIT],0x00007bae9855c157
992043.0,554532,python,[JIT],0x00007f3be24b407d
992042.0,554572,python,[JIT],0x000071d3e604ec31
992042.0,554520,python,[JIT],0x00007bae9855d607
992042.0,554498,python,[JIT],0x00007a47e2ad6284
992041.0,554520,python,[JIT],0x00007bae9855feee
992040.0,554559,python,[JIT],0x000074472c09238d
992040.0,554532,python,[JIT],0x00007f3be24b65f9
992040.0,554532,python,[JIT],0x00007f3be24b6682
992040.0,554520,python,[JIT],0x00007bae9855c3ff
992040.0,554520,python,[JIT],0x00007bae9855ccf1
992040.0,554498,python,[JIT],0x00007a47e283c2d6
992039.0,554572,python,[JIT],0x000071d3e604bdd6
992039.0,554520,python,[JIT],0x00007bae9856041c
992039.0,554559,python,python,ast_traverse
992039.0,554508,python,[JIT],0x000074d163210ae8
992039.0,554508,python,[JIT],0x000074d16321a2b3
992039.0,554520,python,[JIT],0x00007bae98552997
992039.0,554498,python,[JIT],0x00007a47e28317ef
992038.0,554520,python,[JIT],0x00007bae98558614
992038.0,554532,python,[JIT],0x00007f3be24ae1bc
992038.0,554508,python,[JIT],0x000074d16321f831
992038.0,554520,python,[JIT],0x00007bae9855f1c6
992037.0,554559,python,[kernel.kallsyms],cpuacct_account_field
992037.0,554559,python,[JIT],0x000074472c08c873
992037.0,554572,python,[JIT],0x000071d3e60472b6
992037.0,554572,python,[JIT],0x000071d3e604f390
992037.0,554559,python,[JIT],0x000074472c9352f8
992037.0,554532,python,[JIT],0x00007f3be24b00c7
992037.0,554498,python,[JIT],0x00007a47e2838ff8
992036.0,554559,python,[JIT],0x000074472c099429
992036.0,554520,python,[JIT],0x00007bae98556345
992036.0,554520,python,[JIT],0x00007bae9855909b
992036.0,554520,python,[JIT],0x00007bae98567378
992036.0,554559,python,[JIT],0x000074472c095880
992036.0,554532,python,[JIT],0x00007f3be24adccf
992036.0,554532,python,[JIT],0x00007f3be24b74b0
992036.0,554520,python,[kernel.kallsyms],down_read_trylock
992036.0,554520,python,[JIT],0x00007bae9855d649
992036.0,554498,python,[JIT],0x00007a47e28342b9
992035.0,554520,python,[JIT],0x00007bae98553303
992034.0,554520,python,python,PyType_IsSubtype
992034.0,554559,python,[JIT],0x000074472c934307
992034.0,554508,python,[JIT],0x000074d163219f58
992034.0,554520,python,[JIT],0x00007bae9855d4b4
992034.0,554532,python,[JIT],0x00007f3be24aa6ed
992034.0,554498,python,[JIT],0x00007a47e282d657
992033.0,554572,python,[JIT],0x000071d3e604ee41
992033.0,554572,python,[JIT],0x000071d3e6042163
992033.0,554572,python,[JIT],0x000071d3e6044d25
992033.0,554520,python,[JIT],0x00007bae985595c8
992033.0,554532,python,[JIT],0x00007f3be24aa190
992033.0,554532,python,[JIT],0x00007f3be24add08
992033.0,554532,python,[JIT],0x00007f3be24b6ea1
992033.0,554520,python,[JIT],0x00007bae9855fa4d
992032.0,554572,python,[JIT],0x000071d3e604ecf7
992032.0,554572,python,[JIT],0x000071d3e604be46
992032.0,554559,python,[JIT],0x000074472c09880b
992032.0,554532,python,[JIT],0x00007f3be24b3242
992032.0,554498,python,[JIT],0x00007a47e2839578
992031.0,554572,python,[JIT],0x000071d3e6047bff
992031.0,554520,python,[JIT],0x00007bae9855656b
992031.0,554520,python,[JIT],0x00007bae9855f316
992031.0,554520,python,[JIT],0x00007bae985602ab
992031.0,554559,python,[JIT],0x000074472c09586b
992031.0,554508,python,[JIT],0x000074d16321d221
992031.0,554498,python,[JIT],0x00007a47e2831601
992030.0,554572,python,[JIT],0x000071d3e604577b
992030.0,554572,python,[JIT],0x000071d3e604eb49
992030.0,554520,python,[JIT],0x00007bae9855f775
992030.0,554545,python,[JIT],0x00007b13c67e14a0
992030.0,554520,python,[JIT],0x00007bae9855c3d6
992030.0,554520,python,[JIT],0x00007bae9855f9c3
992030.0,554498,python,[JIT],0x00007a47e28342b6
992029.0,554572,python,[JIT],0x000071d3e6047fea
992029.0,554520,python,[JIT],0x00007bae9855588c
992029.0,554520,python,[JIT],0x00007bae9855cbe9
992029.0,554532,python,[JIT],0x00007f3be24ac15f
992029.0,554520,python,[JIT],0x00007bae9855259e
992029.0,554520,python,[JIT],0x00007bae98555711
992029.0,554498,python,[JIT],0x00007a47e28300e6
992029.0,554498,python,[JIT],0x00007a47e283ba57
992029.0,554498,python,[JIT],0x00007a47e283c049
992029.0,554498,python,[JIT],0x00007a47e2843fd8
992028.0,554572,python,[JIT],0x000071d3e6041f22
992028.0,554520,python,[JIT],0x00007bae9855c3c5
992028.0,554532,python,[JIT],0x00007f3be24b6b70
992028.0,554520,python,[JIT],0x00007bae98554157
992027.0,554572,python,[JIT],0x000071d3e604b669
992027.0,554559,python,[JIT],0x000074472c0953be
992027.0,554520,python,[JIT],0x00007bae985606d1
992027.0,554559,python,[JIT],0x000074472c0962af
992027.0,554520,python,[JIT],0x00007bae9855c9e8
992027.0,554520,python,[JIT],0x00007bae9855cf3a
992027.0,554498,python,[JIT],0x00007a47e2838f0c
992027.0,554498,python,[JIT],0x00007a47e2844150
992026.0,554572,python,[JIT],0x000071d3e60440ff
992026.0,554520,python,[JIT],0x00007bae985600aa
992026.0,554520,python,[JIT],0x00007bae985603d5
992026.0,554508,python,[JIT],0x000074d163210e19
992026.0,554498,python,[JIT],0x00007a47e2834157
992026.0,554498,python,[JIT],0x00007a47e28439ff
992025.0,554572,python,[JIT],0x000071d3e604c666
992025.0,554559,python,[JIT],0x000074472c098dff
992025.0,554520,python,[JIT],0x00007bae98559214
992025.0,554520,python,[JIT],0x00007bae9855d163
992025.0,554520,python,[JIT],0x00007bae985630e7
992025.0,554508,python,[JIT],0x000074d163226076
992025.0,554545,python,[JIT],0x00007b13c67f68fd
992025.0,554498,python,[kernel.kallsyms],mt_find
992025.0,554498,python,[JIT],0x00007a47e283b596
992024.0,554520,python,[JIT],0x00007bae98559600
992024.0,554559,python,[JIT],0x000074472c099267
992024.0,554508,python,[JIT],0x000074d1632192b6
992024.0,554508,python,[JIT],0x000074d1632196e6
992023.0,554572,python,[JIT],0x000071d3e6041648
992023.0,554520,python,[JIT],0x00007bae98559468
992023.0,554520,python,[JIT],0x00007bae98560230
992023.0,554532,python,[JIT],0x00007f3be24b6417
992023.0,554498,python,[JIT],0x00007a47e2843bac
992022.0,554572,python,[JIT],0x000071d3e6044524
992022.0,554520,python,[JIT],0x00007bae98559244
992022.0,554532,python,[kernel.kallsyms],native_apic_msr_eoi
992022.0,554532,python,[kvm],pvclock_gtod_notify
992022.0,554532,python,[JIT],0x00007f3be24b3b26
992021.0,554559,python,libc.so.6,__printf_buffer
992021.0,554508,python,[kernel.kallsyms],vma_modify
992021.0,554508,python,[JIT],0x000074d163219ffa
992021.0,554520,python,[JIT],0x00007bae98555db1
992021.0,554532,python,[JIT],0x00007f3be2ceb4a3
992020.0,554532,python,[JIT],0x00007f3be24aad62
992020.0,554532,python,[JIT],0x00007f3be24b61e5
992020.0,554498,python,[JIT],0x00007a47e283b117
992019.0,554559,python,[JIT],0x000074472c099425
992019.0,554572,python,[JIT],0x000071d3e60430a9
992019.0,554520,python,[JIT],0x00007bae9855236d
992019.0,554520,python,[JIT],0x00007bae9855268d
992019.0,554559,python,[JIT],0x000074472c0983f9
992019.0,554508,python,[JIT],0x000074d16321d62c
992018.0,554520,python,[JIT],0x00007bae9855504c
992018.0,554520,python,[JIT],0x00007bae985580cb
992018.0,554532,python,[JIT],0x00007f3be24ab343
992017.0,554532,python,[JIT],0x00007f3be24b3f61
992017.0,554532,python,[JIT],0x00007f3be24b417e
992017.0,554508,python,[JIT],0x000074d1632135a6
992017.0,554508,python,[JIT],0x000074d16321f9f7
992016.0,554572,python,[JIT],0x000071d3e6045799
992016.0,554520,python,python,func_clear
992016.0,554520,python,[JIT],0x00007bae9855f55c
992016.0,554508,python,[JIT],0x000074d1632174f2
992016.0,554508,python,[JIT],0x000074d16320f543
992016.0,554508,python,[JIT],0x000074d16321cb64
992016.0,554520,python,[JIT],0x00007bae9855c847
992015.0,554559,python,[JIT],0x000074472c0962b5
992015.0,554520,python,[JIT],0x00007bae98559085
992015.0,554520,python,[JIT],0x00007bae9855fe0b
992015.0,554559,python,[JIT],0x000074472c0980c3
992014.0,554572,python,[JIT],0x000071d3e6059246
992014.0,554572,python,[JIT],0x000071d3e604b670
992014.0,554532,python,[JIT],0x00007f3be24a2eaa
992014.0,554532,python,[JIT],0x00007f3be24aaf22
992014.0,554508,python,[JIT],0x000074d1632169f8
992014.0,554545,python,[JIT],0x00007b13c67e196b
992014.0,554520,python,[JIT],0x00007bae985543af
992014.0,554498,python,[JIT],0x00007a47e282d3bd
992013.0,554572,python,[JIT],0x000071d3e60470ce
992013.0,554572,python,[JIT],0x000071d3e60590ea
992013.0,554520,python,[JIT],0x00007bae9855534c
992013.0,554559,python,[JIT],0x000074472c0953d9
992013.0,554545,python,[JIT],0x00007b13c67ebb43
992013.0,554498,python,[JIT],0x00007a47e28386e6
992012.0,554572,python,[JIT],0x000071d3e604b915
992012.0,554520,python,[JIT],0x00007bae9855304f
992012.0,554520,python,[JIT],0x00007bae9855c3dd
992012.0,554520,python,[JIT],0x00007bae98562fcc
992011.0,554508,python,[JIT],0x000074d163212103
992011.0,554498,python,[JIT],0x00007a47e28384b9
992010.0,554559,python,[JIT],0x000074472c08f38d
992010.0,554572,python,[JIT],0x000071d3e605a129
992010.0,554520,python,[JIT],0x00007bae985543a9
992010.0,554520,python,[JIT],0x00007bae9855575f
992010.0,554532,python,[JIT],0x00007f3be24b0233
992010.0,554532,python,[JIT],0x00007f3be24b7507
992010.0,554520,python,[JIT],0x00007bae9855fdcf
992010.0,554498,python,[JIT],0x00007a47e282e7cb
992010.0,554498,python,[JIT],0x00007a47e2834f0a
992009.0,554520,python,[JIT],0x00007bae98552d9b
992009.0,554520,python,[JIT],0x00007bae985545d5
992009.0,554498,python,[JIT],0x00007a47e283236c
992008.0,554572,python,[JIT],0x000071d3e604b965
992008.0,554520,python,[JIT],0x00007bae9855cc0e
992008.0,554559,python,[JIT],0x000074472c0922c5
992008.0,554508,python,[JIT],0x000074d163219c9e
992008.0,554498,python,[JIT],0x00007a47e282e37a
992007.0,554520,python,[JIT],0x00007bae9855cf5d
992006.0,554559,python,[JIT],0x000074472c0989e7
992006.0,554520,python,[JIT],0x00007bae985550b9
992006.0,554520,python,[JIT],0x00007bae985607c5
992006.0,554559,python,[JIT],0x000074472c934296
992006.0,554508,python,[JIT],0x000074d1634c31db
992006.0,554520,python,[JIT],0x00007bae9855c8ce
992006.0,554498,python,[JIT],0x00007a47e2838e75
992005.0,554559,python,[JIT],0x000074472c0952d5
992005.0,554572,python,[JIT],0x000071d3e604b23d
992005.0,554520,python,[JIT],0x00007bae985589f4
992005.0,554520,python,[JIT],0x00007bae9855c8d1
992005.0,554532,python,[JIT],0x00007f3be24aa430
992005.0,554508,python,[JIT],0x000074d16321c382
992004.0,554572,python,[JIT],0x000071d3e6041738
992004.0,554572,python,[JIT],0x000071d3e60430c7
992004.0,554532,python,[JIT],0x00007f3be24ad0ea
992004.0,554532,python,[JIT],0x00007f3be24b1431
992004.0,554508,python,[JIT],0x000074d163210181
992004.0,554508,python,[JIT],0x000074d163229307
992004.0,554498,python,[JIT],0x00007a47e2831f45
992003.0,554559,python,[JIT],0x000074472c09821b
992003.0,554520,python,[JIT],0x00007bae9855fa86
992003.0,554532,python,[JIT],0x00007f3be24b37fe
992002.0,554572,python,[JIT],0x000071d3e6040323
992002.0,554572,python,[JIT],0x000071d3e6047ecd
992002.0,554520,python,[JIT],0x00007bae9855c533
992002.0,554520,python,[JIT],0x00007bae9855cfdf
992002.0,554559,python,[JIT],0x000074472c08c7f3
992002.0,554532,python,[JIT],0x00007f3be24b006a
992001.0,554559,python,[JIT],0x000074472c0996fd
992001.0,554572,python,[JIT],0x000071d3e60402d2
992001.0,554572,python,[JIT],0x000071d3e6044670
992001.0,554520,python,[JIT],0x00007bae98555b51
992001.0,554520,python,[JIT],0x00007bae985583cd
992001.0,554508,python,[JIT],0x000074d1632100d6
992001.0,554545,python,python,builtin_iter
992000.0,554520,python,[JIT],0x00007bae9855d117
992000.0,554532,python,[JIT],0x00007f3be24b3cae
991999.0,554572,python,[JIT],0x000071d3e60433a9
991999.0,554572,python,[JIT],0x000071d3e6045171
991999.0,554572,python,[JIT],0x000071d3e604f267
991999.0,554520,python,[JIT],0x00007bae9855d1a5
991999.0,554520,python,[JIT],0x00007bae985607fd
991999.0,554559,python,[JIT],0x000074472c098dfc
991999.0,554532,python,[JIT],0x00007f3be24b67ec
991999.0,554520,python,[JIT],0x00007bae9855c7de
991998.0,554572,python,[JIT],0x000071d3e60454b4
991998.0,554572,python,[JIT],0x000071d3e604ec2b
991998.0,554532,python,[JIT],0x00007f3be24b4678
991998.0,554508,python,[JIT],0x000074d16321939d
991998.0,554532,python,[JIT],0x00007f3be24bf686
991998.0,554498,python,[JIT],0x00007a47e28390ef
991997.0,554572,python,[JIT],0x000071d3e6048244
991997.0,554559,python,[JIT],0x000074472c09559c
991996.0,554559,python,[JIT],0x000074472c095e08
991996.0,554572,python,[JIT],0x000071d3e604ea9f
991996.0,554559,python,python,slot_tp_init
991996.0,554508,python,[JIT],0x000074d163216cae
991996.0,554520,python,[JIT],0x00007bae9855c110
991996.0,554498,python,[JIT],0x00007a47e2834361
991995.0,554572,python,[JIT],0x000071d3e60440ce
991995.0,554520,python,[JIT],0x00007bae98556670
991995.0,554559,python,[kernel.kallsyms],security_mmap_file
991995.0,554559,python,[JIT],0x000074472c09877d
991995.0,554498,python,[JIT],0x00007a47e2832362
991994.0,554572,python,[JIT],0x000071d3e604b06a
991994.0,554520,python,[JIT],0x00007bae98555b26
991994.0,554520,python,[JIT],0x00007bae985580ee
991994.0,554520,python,[JIT],0x00007bae9855c1aa
991993.0,554572,python,[JIT],0x000071d3e604efa3
991993.0,554572,python,[JIT],0x000071d3e6041e5f
991993.0,554572,python,[JIT],0x000071d3e604522f
991993.0,554559,python,[JIT],0x000074472c099634
991993.0,554520,python,[JIT],0x00007bae9855800a
991992.0,554572,python,[JIT],0x000071d3e604b3d9
991992.0,554559,python,[JIT],0x000074472c08ff7c
991992.0,554559,python,[JIT],0x000074472c0996e7
991992.0,554532,python,[JIT],0x00007f3be24b00ce
991992.0,554532,python,[JIT],0x00007f3be24b6858
991992.0,554545,python,[JIT],0x00007b13c67e1738
991991.0,554520,python,[JIT],0x00007bae9855ca02
991991.0,554498,python,[JIT],0x00007a47e283c40e
991990.0,554508,python,python,PyErr_GivenExceptionMatches
991989.0,554520,python,[JIT],0x00007bae97f423d0
991989.0,554520,python,[JIT],0x00007bae98558e88
991989.0,554559,python,[JIT],0x000074472c0920d2
991989.0,554532,python,[JIT],0x00007f3be24ae225
991989.0,554508,python,[JIT],0x000074d1632270e6
991989.0,554498,python,[JIT],0x00007a47e28462f1
991988.0,554572,python,[JIT],0x000071d3e604f507
991988.0,554532,python,[JIT],0x00007f3be24b621b
991988.0,554532,python,[JIT],0x00007f3be2d651cf
991988.0,554498,python,[JIT],0x00007a47e2826610
991987.0,554520,python,[JIT],0x00007bae98558210
991987.0,554532,python,[JIT],0x00007f3be24b00f8
991987.0,554508,python,[JIT],0x000074d1632198a1
991987.0,554520,python,[JIT],0x00007bae985581c0
991987.0,554498,python,[JIT],0x00007a47e2831f0c
991987.0,554498,python,[JIT],0x00007a47e2832068
991986.0,554559,python,[JIT],0x000074472c09043b
991986.0,554520,python,[JIT],0x00007bae9856235c
991986.0,554498,python,[JIT],0x00007a47e28314e6
991985.0,554572,python,[JIT],0x000071d3e604453f
991985.0,554559,python,[JIT],0x000074472c092b8e
991985.0,554532,python,[JIT],0x00007f3be24b6df5
991984.0,554532,python,[JIT],0x00007f3be2d6569a
991984.0,554508,python,[JIT],0x000074d1632194c3
991984.0,554532,python,[JIT],0x00007f3be24a906a
991983.0,554572,python,[JIT],0x000071d3e60484be
991983.0,554520,python,[JIT],0x00007bae98562f31
991983.0,554559,python,[kernel.kallsyms],mas_store_prealloc
991983.0,554545,python,[JIT],0x00007b13c67f3e45
991983.0,554520,python,[JIT],0x00007bae9855d0dc
991982.0,554572,python,[JIT],0x000071d3e604f444
991981.0,554520,python,[JIT],0x00007bae98560659
991981.0,554559,python,python,insert_to_emptydict
991981.0,554532,python,[JIT],0x00007f3be24a2cb2
991981.0,554508,python,[JIT],0x000074d16321cdeb
991981.0,554498,python,[JIT],0x00007a47e28318ea
991981.0,554498,python,[JIT],0x00007a47e283c0b2
991980.0,554572,python,[JIT],0x000071d3e604e56d
991980.0,554572,python,[JIT],0x000071d3e604b4e6
991980.0,554520,python,[JIT],0x00007bae9855437a
991980.0,554559,python,python,slot_tp_call
991980.0,554559,python,[JIT],0x000074472c08c86f
991980.0,554532,python,[JIT],0x00007f3be24b6c5f
991980.0,554545,python,[JIT],0x00007b13c67e0593
991980.0,554498,python,[JIT],0x00007a47e2831e3f
991979.0,554572,python,[JIT],0x000071d3e6041b6d
991979.0,554532,python,[JIT],0x00007f3be24adc3b
991979.0,554520,python,[JIT],0x00007bae9855c395
991979.0,554520,python,[JIT],0x00007bae9855c7fa
991979.0,554520,python,[JIT],0x00007bae98564246
991978.0,554572,python,[JIT],0x000071d3e604e0b9
991978.0,554572,python,[JIT],0x000071d3e604e503
991978.0,554572,python,[JIT],0x000071d3e604f3d5
991977.0,554572,python,[JIT],0x000071d3e6047aca
991977.0,554520,python,[JIT],0x00007bae9855caf9
991977.0,554498,python,[JIT],0x00007a47e282d1cf
991976.0,554572,python,[JIT],0x000071d3e604150f
991976.0,554572,python,[JIT],0x000071d3e6044b0f
991976.0,554532,python,[JIT],0x00007f3be2d661d5
991976.0,554498,python,[JIT],0x00007a47e2843294
991975.0,554559,python,[JIT],0x000074472c098714
991975.0,554572,python,[JIT],0x000071d3e6044681
991975.0,554520,python,[JIT],0x00007bae9855f7b2
991975.0,554532,python,[JIT],0x00007f3be24aa275
991975.0,554532,python,[JIT],0x00007f3be24b61ea
991974.0,554572,python,[JIT],0x000071d3e604f170
991974.0,554572,python,[JIT],0x000071d3e6052192
991974.0,554520,python,python,_PyObject_Call_Prepend
991974.0,554508,python,[JIT],0x000074d16321cbff
991974.0,554498,python,[JIT],0x00007a47e2830280
991973.0,554572,python,[JIT],0x000071d3e604712f
991973.0,554572,python,[JIT],0x000071d3e604c4be
991973.0,554520,python,python,PyUnicode_New.part.0
991973.0,554559,python,[JIT],0x000074472c083cde
991972.0,554520,python,[JIT],0x00007bae97f40f80
991972.0,554520,python,[JIT],0x00007bae98553003
991972.0,554498,python,[JIT],0x00007a47e283c70f
991971.0,554572,python,[JIT],0x000071d3e6044793
991971.0,554520,python,[JIT],0x00007bae9855c601
991971.0,554545,python,[JIT],0x00007b13c6a87207
991970.0,554572,python,[JIT],0x000071d3e6047c65
991970.0,554520,python,[JIT],0x00007bae98552e7b
991970.0,554559,python,[JIT],0x000074472c0953f5
991969.0,554520,python,[JIT],0x00007bae9855657d
991969.0,554520,python,[JIT],0x00007bae9855d5ce
991968.0,554572,python,[JIT],0x000071d3e604178a
991968.0,554572,python,[JIT],0x000071d3e604319a
991968.0,554508,python,[JIT],0x000074d16321d6d1
991968.0,554520,python,[JIT],0x00007bae985542a7
991968.0,554520,python,[JIT],0x00007bae98558861
991968.0,554532,python,[JIT],0x00007f3be2d66257
991967.0,554572,python,[JIT],0x000071d3e6041661
991967.0,554572,python,[JIT],0x000071d3e60433d0
991967.0,554572,python,[JIT],0x000071d3e60590ce
991967.0,554572,python,[JIT],0x000071d3e605b3ce
991965.0,554572,python,[JIT],0x000071d3e6044d63
991965.0,554520,python,[JIT],0x00007bae9855282a
991965.0,554520,python,[JIT],0x00007bae9856011a
991964.0,554508,python,[JIT],0x000074d1632273a6
991963.0,554572,python,[JIT],0x000071d3e604b12f
991963.0,554572,python,[JIT],0x000071d3e604bf72
991963.0,554572,python,[JIT],0x000071d3e605a138
991963.0,554520,python,[JIT],0x00007bae985544b9
991963.0,554520,python,[JIT],0x00007bae98558969
991963.0,554532,python,[JIT],0x00007f3be24b63b7
991962.0,554572,python,[JIT],0x000071d3e604e5f9
991962.0,554572,python,[JIT],0x000071d3e604a0ae
991962.0,554520,python,libc.so.6,_int_free
991961.0,554572,python,[JIT],0x000071d3e6041e53
991961.0,554559,python,[JIT],0x000074472c092906
991961.0,554532,python,[JIT],0x00007f3be24b0110
991961.0,554508,python,[JIT],0x000074d163216fae
991960.0,554559,python,[kernel.kallsyms],timekeeping_advance
991960.0,554572,python,[JIT],0x000071d3e60434b9
991960.0,554520,python,[JIT],0x00007bae985529a8
991960.0,554532,python,[JIT],0x00007f3be2ceb4a3
991960.0,554545,python,[JIT],0x00007b13c67eb670
991959.0,554508,python,python,_PyObject_Call_Prepend
991959.0,554508,python,python,_PyObject_GetMethodStackRef
991958.0,554572,python,[JIT],0x000071d3e604eb9c
991958.0,554520,python,[JIT],0x00007bae98558a04
991958.0,554532,python,[JIT],0x00007f3be24b3000
991958.0,554545,python,[JIT],0x00007b13c67f3517
991958.0,554520,python,[JIT],0x00007bae985541aa
991958.0,554498,python,[JIT],0x00007a47e283165c
991956.0,554508,python,[JIT],0x000074d163219973
991956.0,554508,python,[JIT],0x000074d1634c33f6
991956.0,554520,python,[JIT],0x00007bae9856016e
991955.0,554572,python,[JIT],0x000071d3e6051087
991955.0,554532,python,[kernel.kallsyms],asm_exc_page_fault
991954.0,554520,python,[JIT],0x00007bae98552fc5
991954.0,554532,python,[JIT],0x00007f3be24ac109
991953.0,554520,python,[JIT],0x00007bae98558c53
991953.0,554520,python,[JIT],0x00007bae9855f517
991952.0,554572,python,[JIT],0x000071d3e6048907
991952.0,554532,python,[JIT],0x00007f3be24b1133
991952.0,554520,python,[JIT],0x00007bae98558677
991951.0,554508,python,[JIT],0x000074d16321cb3a
991950.0,554559,python,[JIT],0x000074472c090632
991950.0,554508,python,[JIT],0x000074d16321cd43
991949.0,554520,python,[JIT],0x00007bae985545a7
991948.0,554520,python,[JIT],0x00007bae9855c0ab
991948.0,554532,python,[JIT],0x00007f3be24b017f
991947.0,554572,python,[JIT],0x000071d3e60471aa
991947.0,554572,python,[JIT],0x000071d3e60485d2
991947.0,554572,python,[JIT],0x000071d3e604f0c4
991947.0,554520,python,[JIT],0x00007bae98552fb6
991947.0,554508,python,[JIT],0x000074d16321caca
991947.0,554498,python,[JIT],0x00007a47e282ec3e
991946.0,554559,python,[JIT],0x000074472c09c117
991946.0,554498,python,[JIT],0x00007a47e2831361
991946.0,554498,python,[JIT],0x00007a47e2831edf
991945.0,554572,python,[JIT],0x000071d3e60405f6
991945.0,554520,python,[JIT],0x00007bae9855f7d8
991945.0,554520,python,[JIT],0x00007bae98567312
991944.0,554572,python,[JIT],0x000071d3e60354ec
991944.0,554572,python,[JIT],0x000071d3e604b524
991944.0,554559,python,[JIT],0x000074472c0a2052
991944.0,554532,python,[JIT],0x00007f3be24ad7db
991944.0,554520,python,[JIT],0x00007bae98555598
991943.0,554559,python,[JIT],0x000074472c08348c
991942.0,554572,python,[JIT],0x000071d3e604c66c
991942.0,554545,python,[JIT],0x00007b13c67f3127
991942.0,554520,python,[JIT],0x00007bae9855c05c
991941.0,554532,python,python,PyObject_ClearManagedDict
991941.0,554508,python,[JIT],0x000074d1634c3324
991940.0,554508,python,libc.so.6,unlink_chunk.isra.0
991940.0,554498,python,[JIT],0x00007a47e2843e38
991939.0,554520,python,python,_PySet_Contains
991939.0,554508,python,[JIT],0x000074d16321d41c
991939.0,554498,python,[JIT],0x00007a47e283ba66
991938.0,554508,python,[JIT],0x000074d163219064
991938.0,554532,python,libc.so.6,_int_malloc
991937.0,554572,python,[JIT],0x000071d3e6048649
991937.0,554520,python,[JIT],0x00007bae98555670
991937.0,554520,python,[JIT],0x00007bae98558af6
991937.0,554508,python,[JIT],0x000074d163207f1a
991937.0,554520,python,[kernel.kallsyms],asm_exc_page_fault
991937.0,554520,python,[JIT],0x00007bae9855f3aa
991936.0,554572,python,[JIT],0x000071d3e604c244
991936.0,554520,python,[JIT],0x00007bae9855d349
991936.0,554559,python,[JIT],0x000074472c08d018
991936.0,554498,python,[JIT],0x00007a47e2826c78
991935.0,554572,python,[JIT],0x000071d3e6051334
991935.0,554520,python,[JIT],0x00007bae985515fa
991935.0,554520,python,[JIT],0x00007bae9855601c
991935.0,554520,python,[JIT],0x00007bae98556424
991935.0,554532,python,[JIT],0x00007f3be24a3559
991935.0,554508,python,[JIT],0x000074d16321d1dd
991935.0,554498,python,[JIT],0x00007a47e2843083
991934.0,554559,python,[kernel.kallsyms],fpregs_assert_state_consistent
991934.0,554572,python,[JIT],0x000071d3e604eb5d
991934.0,554520,python,[JIT],0x00007bae98556117
991934.0,554520,python,[JIT],0x00007bae985565e6
991934.0,554498,python,[JIT],0x00007a47e2831db1
991933.0,554520,python,[JIT],0x00007bae98566307
991933.0,554559,python,[JIT],0x000074472c08c4c3
991933.0,554508,python,[JIT],0x000074d1632131c0
991933.0,554520,python,[JIT],0x00007bae98556b53
991933.0,554498,python,[JIT],0x00007a47e282d5cc
991932.0,554572,python,[kernel.kallsyms],vma_merge
991932.0,554520,python,[JIT],0x00007bae9855d0e0
991932.0,554520,python,[JIT],0x00007bae98560908
991931.0,554572,python,[JIT],0x000071d3e6045632
991931.0,554572,python,[JIT],0x000071d3e60478ea
991931.0,554508,python,[JIT],0x000074d1632136c9
991931.0,554545,python,[JIT],0x00007b13c67f91fa
991931.0,554520,python,[JIT],0x00007bae98555299
991930.0,554520,python,[JIT],0x00007bae985581c3
991930.0,554559,python,python,_PyEval_GetIter
991929.0,554572,python,[kernel.kallsyms],update_fast_timekeeper
991928.0,554572,python,[JIT],0x000071d3e605a21b
991928.0,554572,python,[JIT],0x000071d3e604222f
991928.0,554520,python,[JIT],0x00007bae98559325
991928.0,554559,python,[JIT],0x000074472c09b459
991928.0,554520,python,[JIT],0x00007bae98560536
991927.0,554572,python,[JIT],0x000071d3e604f3a1
991927.0,554508,python,[JIT],0x000074d16320f2e0
991926.0,554572,python,[JIT],0x000071d3e604e0ab
991926.0,554498,python,[JIT],0x00007a47e2834299
991926.0,554498,python,[JIT],0x00007a47e283c71d
991925.0,554572,python,[JIT],0x000071d3e604a0a9
991924.0,554572,python,[JIT],0x000071d3e604f2df
991924.0,554559,python,[JIT],0x000074472c099783
991924.0,554520,python,python,_PyJIT_Compile
991923.0,554572,python,[JIT],0x000071d3e604f1a8
991923.0,554572,python,[JIT],0x000071d3e60470ee
991923.0,554545,python,[JIT],0x00007b13c67e311b
991922.0,554520,python,[JIT],0x00007bae9856040a
991922.0,554508,python,[JIT],0x000074d163210aa6
991922.0,554498,python,[JIT],0x00007a47e2838890
991921.0,554520,python,[JIT],0x00007bae9855fda6
991921.0,554532,python,[JIT],0x00007f3be24adc83
991921.0,554498,python,[JIT],0x00007a47e2838f0a
991921.0,554498,python,[JIT],0x00007a47e283ba4a
991919.0,554520,python,[JIT],0x00007bae985556bc
991919.0,554520,python,[JIT],0x00007bae9855d788
991918.0,554572,python,[JIT],0x000071d3e6041f2b
991918.0,554520,python,[JIT],0x00007bae9855fcf7
991918.0,554532,python,[JIT],0x00007f3be24ac220
991917.0,554572,python,python,type_traverse
991917.0,554572,python,[JIT],0x000071d3e60473be
991917.0,554520,python,[JIT],0x00007bae98552819
991917.0,554508,python,[JIT],0x000074d16321c5f0
991917.0,554498,python,[JIT],0x00007a47e2834208
991917.0,554498,python,[JIT],0x00007a47e28394ba
991916.0,554572,python,[JIT],0x000071d3e605a636
991916.0,554520,python,[JIT],0x00007bae9855fedf
991916.0,554559,python,[JIT],0x000074472c0988c4
991916.0,554545,python,[JIT],0x00007b13c67e57cf
991916.0,554498,python,[JIT],0x00007a47e282d580
991915.0,554520,python,[JIT],0x00007bae9855c4f9
991915.0,554520,python,[JIT],0x00007bae9855fde1
991915.0,554545,python,python,subtype_traverse
991915.0,554520,python,[JIT],0x00007bae98551750
991914.0,554559,python,[kernel.kallsyms],x86_pmu_enable
991914.0,554572,python,[JIT],0x000071d3e604c713
991914.0,554559,python,[JIT],0x000074472c082f9c
991914.0,554498,python,[JIT],0x00007a47e283c77f
991913.0,554572,python,[JIT],0x000071d3e6047ec0
991913.0,554572,python,[JIT],0x000071d3e60516e0
991913.0,554532,python,[JIT],0x00007f3be24b312f
991913.0,554520,python,[JIT],0x00007bae9855c0ad
991912.0,554520,python,python,unicode_from_format
991912.0,554532,python,[JIT],0x00007f3be24a0f47
991911.0,554572,python,[kernel.kallsyms],entry_SYSCALL_64
991911.0,554572,python,[JIT],0x000071d3e60455ee
991911.0,554532,python,[JIT],0x00007f3be24b762c
991911.0,554508,python,[JIT],0x000074d1634c3253
991911.0,554498,python,[JIT],0x00007a47e2ad606a
991910.0,554559,python,[JIT],0x000074472c08ca00
991910.0,554572,python,[JIT],0x000071d3e604f88f
991910.0,554520,python,[JIT],0x00007bae9855c1b2
991910.0,554532,python,[JIT],0x00007f3be24ae459
991909.0,554520,python,[JIT],0x00007bae9855c0b3
991909.0,554508,python,[JIT],0x000074d16322006c
991909.0,554520,python,[JIT],0x00007bae9855c4d0
991908.0,554572,python,[JIT],0x000071d3e6044b86
991908.0,554520,python,[JIT],0x00007bae9855538d
991908.0,554520,python,[JIT],0x00007bae98559032
991908.0,554520,python,[JIT],0x00007bae9855c010
991907.0,554572,python,[JIT],0x000071d3e604b992
991907.0,554572,python,[JIT],0x000071d3e604ef52
991906.0,554559,python,python,_PyOptimizer_Optimize
991906.0,554520,python,[JIT],0x00007bae9855c8ee
991906.0,554498,python,[JIT],0x00007a47e2838e3b
991905.0,554520,python,[JIT],0x00007bae98562c99
991905.0,554532,python,[JIT],0x00007f3be24ae23a
991904.0,554532,python,[JIT],0x00007f3be24b6d65
991904.0,554520,python,[JIT],0x00007bae9855f1a9
991903.0,554559,python,[JIT],0x000074472c09550e
991903.0,554559,python,[JIT],0x000074472c096036
991903.0,554508,python,[JIT],0x000074d16321ab33
991903.0,554508,python,[JIT],0x000074d16321c94f
991902.0,554572,python,[JIT],0x000071d3e604b6dc
991902.0,554508,python,[JIT],0x000074d1634c3246
991902.0,554498,python,[JIT],0x00007a47e283220d
991901.0,554559,python,[kernel.kallsyms],lapic_next_deadline
991901.0,554572,python,[JIT],0x000071d3e604ee08
991901.0,554520,python,[JIT],0x00007bae9855586b
991901.0,554520,python,[JIT],0x00007bae9855f2a3
991901.0,554520,python,[JIT],0x00007bae9856627a
991900.0,554572,python,[JIT],0x000071d3e603a294
991900.0,554572,python,[JIT],0x000071d3e604455c
991900.0,554572,python,[JIT],0x000071d3e604e45f
991900.0,554559,python,[JIT],0x000074472c08cdbe
991900.0,554508,python,[JIT],0x000074d16320f32b
991900.0,554520,python,[JIT],0x00007bae98560429
991899.0,554559,python,[JIT],0x000074472c09912a
991897.0,554572,python,[JIT],0x000071d3e604b010
991897.0,554532,python,[kernel.kallsyms],irqentry_enter
991897.0,554532,python,[JIT],0x00007f3be24ae273
991897.0,554545,python,[JIT],0x00007b13c67eb94e
991896.0,554572,python,[JIT],0x000071d3e604ea66
991895.0,554572,python,[JIT],0x000071d3e6044f84
991895.0,554520,python,[JIT],0x00007bae98558b86
991895.0,554532,python,[JIT],0x00007f3be24b75e0
991894.0,554532,python,[kernel.kallsyms],anon_vma_interval_tree_insert
991893.0,554572,python,[JIT],0x000071d3e604c381
991893.0,554572,python,[JIT],0x000071d3e60481ad
991893.0,554520,python,[JIT],0x00007bae98559585
991893.0,554498,python,[JIT],0x00007a47e2831e7e
991892.0,554545,python,[JIT],0x00007b13c67f3690
991891.0,554572,python,[JIT],0x000071d3e6047f04
991891.0,554508,python,[JIT],0x000074d16320f338
991890.0,554508,python,[JIT],0x000074d16321331d
991889.0,554572,python,[JIT],0x000071d3e604e417
991889.0,554572,python,[kernel.kallsyms],vma_prepare
991889.0,554572,python,[JIT],0x000071d3e604f904
991889.0,554559,python,[JIT],0x000074472c08e3be
991889.0,554559,python,[JIT],0x000074472c092aca
991889.0,554559,python,[JIT],0x000074472c095f3a
991889.0,554520,python,[JIT],0x00007bae9855fb49
991888.0,554572,python,[JIT],0x000071d3e604ea86
991888.0,554520,python,[JIT],0x00007bae9855fc17
991888.0,554508,python,[JIT],0x000074d16321c30c
991888.0,554508,python,[JIT],0x000074d16320606a
991887.0,554559,python,[JIT],0x000074472c08f1aa
991887.0,554520,python,[JIT],0x00007bae985541eb
991886.0,554572,python,[JIT],0x000071d3e60430b3
991886.0,554520,python,[JIT],0x00007bae985601dd
991886.0,554559,python,[JIT],0x000074472c096111
991886.0,554520,python,[JIT],0x00007bae9855b052
991885.0,554572,python,[JIT],0x000071d3e6041a7f
991885.0,554572,python,[JIT],0x000071d3e6059102
991885.0,554572,python,[JIT],0x000071d3e6051282
991884.0,554559,python,[JIT],0x000074472c095f3e
991884.0,554520,python,[JIT],0x00007bae985558b7
991884.0,554520,python,[JIT],0x00007bae98555bc3
991884.0,554559,python,[JIT],0x000074472c08b1ff
991884.0,554532,python,python,make_gen
991883.0,554508,python,[JIT],0x000074d163209294
991883.0,554520,python,[JIT],0x00007bae9855ccc5
991882.0,554520,python,[kernel.kallsyms],__get_user_8
991882.0,554532,python,[JIT],0x00007f3be24b77d3
991881.0,554532,python,[JIT],0x00007f3be24b37cc
991880.0,554532,python,[JIT],0x00007f3be24b6dfc
991879.0,554572,python,[JIT],0x000071d3e604c8d6
991879.0,554520,python,[JIT],0x00007bae98553380
991879.0,554545,python,[JIT],0x00007b13c67f330c
991879.0,554498,python,[JIT],0x00007a47e283c8bf
991878.0,554520,python,[JIT],0x00007bae98552dee
991878.0,554520,python,[JIT],0x00007bae985560f7
991878.0,554520,python,[JIT],0x00007bae9855836c
991878.0,554508,python,[JIT],0x000074d1632190a7
991878.0,554532,python,[JIT],0x00007f3be24b3d63
991877.0,554532,python,[JIT],0x00007f3be24b0c49
991877.0,554508,python,[JIT],0x000074d163213f93
991876.0,554572,python,[JIT],0x000071d3e604eb20
991876.0,554559,python,[JIT],0x000074472c09595e
991876.0,554545,python,[JIT],0x00007b13c67eb204
991875.0,554559,python,[JIT],0x000074472c095948
991875.0,554545,python,[JIT],0x00007b13c67ebaca
991875.0,554545,python,[JIT],0x00007b13c67f43b6
991875.0,554498,python,[kernel.kallsyms],__call_rcu_common
991874.0,554559,python,[JIT],0x000074472c09335d
991874.0,554572,python,[JIT],0x000071d3e6044601
991873.0,554572,python,[JIT],0x000071d3e60473ca
991873.0,554520,python,[JIT],0x00007bae985551f9
991873.0,554559,python,[JIT],0x000074472c08d343
991873.0,554559,python,[JIT],0x000074472c09ba05
991873.0,554532,python,[JIT],0x00007f3be24bfb90
991873.0,554498,python,[JIT],0x00007a47e282c086
991872.0,554572,python,[JIT],0x000071d3e604f036
991872.0,554545,python,[JIT],0x00007b13c67f3398
991871.0,554572,python,[JIT],0x000071d3e60434c3
991870.0,554559,python,python,type_traverse
991870.0,554532,python,[JIT],0x00007f3be24a95fe
991868.0,554508,python,[JIT],0x000074d16321428e
991868.0,554498,python,[JIT],0x00007a47e2835b53
991867.0,554572,python,[JIT],0x000071d3e604b78e
991867.0,554572,python,[JIT],0x000071d3e6044353
991867.0,554498,python,[JIT],0x00007a47e28327f8
991866.0,554572,python,[JIT],0x000071d3e604c46b
991866.0,554508,python,[JIT],0x000074d1632147fd
991863.0,554520,python,[JIT],0x00007bae9855f417
991862.0,554572,python,[JIT],0x000071d3e604b585
991862.0,554508,python,[JIT],0x000074d163229320
991861.0,554559,python,[JIT],0x000074472c08b3a3
991861.0,554508,python,python,set_traverse
991860.0,554520,python,[JIT],0x00007bae98555280
991860.0,554532,python,[JIT],0x00007f3be24adbc3
991859.0,554508,python,[JIT],0x000074d16321d5ed
991858.0,554572,python,[JIT],0x000071d3e604f8a7
991858.0,554572,python,_elementtree.cpython-316-x86_64-linux-gnu.so,elementtree_traverse
991858.0,554572,python,[JIT],0x000071d3e60449cd
991858.0,554559,python,[JIT],0x000074472c096299
991858.0,554508,python,python,_PyObject_Call_Prepend
991857.0,554520,python,[JIT],0x00007bae9856271d
991857.0,554545,python,[JIT],0x00007b13c67eb85e
991857.0,554520,python,[JIT],0x00007bae9855cf9e
991856.0,554572,python,[JIT],0x000071d3e604b3c5
991856.0,554508,python,[JIT],0x000074d16321037e
991856.0,554508,python,[JIT],0x000074d16321ccbf
991855.0,554559,python,[kernel.kallsyms],hrtimer_update_next_event
991855.0,554520,python,[JIT],0x00007bae98555167
991854.0,554572,python,[JIT],0x000071d3e604a078
991854.0,554572,python,[JIT],0x000071d3e604ece7
991854.0,554520,python,[JIT],0x00007bae98555fea
991854.0,554532,python,[JIT],0x00007f3be24b35c9
991853.0,554559,python,[JIT],0x000074472c095fae
991853.0,554559,python,[JIT],0x000074472c082ff5
991853.0,554559,python,[JIT],0x000074472c099166
991853.0,554532,python,[JIT],0x00007f3be24b7536
991853.0,554508,python,[JIT],0x000074d16320f734
991852.0,554572,python,[JIT],0x000071d3e60513e6
991852.0,554520,python,[JIT],0x00007bae97f4069d
991852.0,554520,python,[JIT],0x00007bae985629e6
991852.0,554508,python,[JIT],0x000074d16321ce3c
991852.0,554520,python,[JIT],0x00007bae98556678
991851.0,554559,python,[JIT],0x000074472c08f705
991851.0,554532,python,[JIT],0x00007f3be24aae5f
991850.0,554545,python,[JIT],0x00007b13c67f43ef
991849.0,554520,python,[JIT],0x00007bae9856431b
991848.0,554559,python,[JIT],0x000074472c935146
991848.0,554532,python,[JIT],0x00007f3be24ab012
991848.0,554508,python,[JIT],0x000074d16321d40e
991848.0,554545,python,[JIT],0x00007b13c67ea095
991848.0,554520,python,python,type_is_gc
991848.0,554520,python,[JIT],0x00007bae985542c8
991847.0,554532,python,[kernel.kallsyms],tick_do_update_jiffies64
991847.0,554532,python,[JIT],0x00007f3be24b3c83
991847.0,554532,python,[JIT],0x00007f3be24b3e3f
991847.0,554520,python,[JIT],0x00007bae9855cec6
991847.0,554532,python,[JIT],0x00007f3be24b394e
991847.0,554498,python,[JIT],0x00007a47e2838cc0
991846.0,554508,python,[JIT],0x000074d16321a657
991845.0,554559,python,[JIT],0x000074472c08d06a
991845.0,554520,python,[JIT],0x00007bae9855c9a4
991844.0,554572,python,[JIT],0x000071d3e60413fa
991844.0,554520,python,[JIT],0x00007bae98555c26
991844.0,554520,python,[JIT],0x00007bae98558201
991844.0,554532,python,[JIT],0x00007f3be24b03f1
991844.0,554508,python,[JIT],0x000074d1632134f9
991843.0,554572,python,[kernel.kallsyms],__kmem_cache_alloc_bulk
991843.0,554508,python,[JIT],0x000074d1632163d0
991842.0,554520,python,[JIT],0x00007bae98555ae3
991842.0,554520,python,[JIT],0x00007bae985607ec
991841.0,554572,python,[JIT],0x000071d3e604b67e
991841.0,554572,python,[JIT],0x000071d3e6048678
991841.0,554520,python,python,PyMember_SetOne
991841.0,554520,python,[JIT],0x00007bae9855fdc5
991841.0,554559,python,[JIT],0x000074472c09bdde
991839.0,554559,python,[JIT],0x000074472c9342e8
991839.0,554498,python,[JIT],0x00007a47e283123d
991838.0,554520,python,[JIT],0x00007bae9855121d
991838.0,554520,python,[JIT],0x00007bae985513a9
991838.0,554559,python,[JIT],0x000074472c08c258
991837.0,554508,python,[kernel.kallsyms],irq_work_run_list
991837.0,554545,python,[JIT],0x00007b13c67eb965
991836.0,554532,python,[JIT],0x00007f3be2ceb20f
991835.0,554572,python,[JIT],0x000071d3e604c2a5
991835.0,554572,python,[JIT],0x000071d3e60401ed
991835.0,554559,python,[JIT],0x000074472c08c855
991835.0,554559,python,[JIT],0x000074472c0992db
991835.0,554498,python,[JIT],0x00007a47e28431c5
991834.0,554532,python,[JIT],0x00007f3be24b6ca2
991833.0,554572,python,[JIT],0x000071d3e604c064
991833.0,554572,python,[JIT],0x000071d3e60519e6
991833.0,554520,python,[JIT],0x00007bae985529b2
991833.0,554559,python,[JIT],0x000074472c08e34c
991833.0,554559,python,[JIT],0x000074472c08f6bc
991833.0,554559,python,[JIT],0x000074472c095738
991833.0,554498,python,[kernel.kallsyms],count_memcg_events.constprop.0
991832.0,554572,python,[JIT],0x000071d3e6047010
991832.0,554498,python,[JIT],0x00007a47e283518d
991831.0,554572,python,[JIT],0x000071d3e604be7e
991831.0,554520,python,[JIT],0x00007bae9855fe41
991831.0,554520,python,[kernel.kallsyms],cgroup_rstat_updated
991831.0,554532,python,[JIT],0x00007f3be24b011b
991830.0,554572,python,[JIT],0x000071d3e6041c04
991830.0,554520,python,[JIT],0x00007bae98555b86
991829.0,554520,python,[JIT],0x00007bae98555110
991829.0,554520,python,[JIT],0x00007bae98556282
991829.0,554545,python,[JIT],0x00007b13c67f9497
991828.0,554572,python,[JIT],0x000071d3e604e0e6
991828.0,554559,python,[JIT],0x000074472c08e5b8
991827.0,554559,python,[JIT],0x000074472c08e13f
991826.0,554532,python,[kernel.kallsyms],syscall_return_via_sysret
991825.0,554545,python,[JIT],0x00007b13c67e33be
991823.0,554498,python,[JIT],0x00007a47e283c07c
991822.0,554559,python,[JIT],0x000074472c098b9c
991822.0,554532,python,[JIT],0x00007f3be24ae02c
991821.0,554559,python,[JIT],0x000074472c08d14e
991821.0,554532,python,[JIT],0x00007f3be24b3405
991820.0,554572,python,[JIT],0x000071d3e6041dfd
991819.0,554520,python,[JIT],0x00007bae97f428ab
991819.0,554508,python,[JIT],0x000074d16321d36d
991816.0,554572,python,[JIT],0x000071d3e60488e8
991816.0,554572,python,[JIT],0x000071d3e6044923
991816.0,554520,python,[JIT],0x00007bae98558711
991816.0,554532,python,[JIT],0x00007f3be24a105e
991816.0,554545,python,python,_PyOptimizer_Optimize
991815.0,554520,python,[JIT],0x00007bae985532c9
991815.0,554498,python,[JIT],0x00007a47e28324b8
991814.0,554559,python,[JIT],0x000074472c09965e
991814.0,554532,python,[JIT],0x00007f3be2d6539c
991813.0,554498,python,[JIT],0x00007a47e28303d6
991812.0,554572,python,[JIT],0x000071d3e604bd25
991812.0,554559,python,[JIT],0x000074472c09605a
991812.0,554520,python,[JIT],0x00007bae9855c851
991810.0,554520,python,[JIT],0x00007bae985541f9
991810.0,554532,python,[JIT],0x00007f3be24ad37a
991810.0,554508,python,[JIT],0x000074d16321c0cb
991809.0,554520,python,[JIT],0x00007bae9855154b
991808.0,554572,python,[JIT],0x000071d3e6047681
991808.0,554572,python,[JIT],0x000071d3e6052043
991808.0,554520,python,[JIT],0x00007bae9855d585
991807.0,554559,python,[kernel.kallsyms],update_curr_se
991807.0,554545,python,[JIT],0x00007b13c67ec788
991804.0,554498,python,[JIT],0x00007a47e284325d
991804.0,554498,python,[JIT],0x00007a47e2843e7f
991803.0,554520,python,[JIT],0x00007bae985601e8
991801.0,554520,python,[JIT],0x00007bae9856080b
991801.0,554508,python,[JIT],0x000074d16321c191
991800.0,554520,python,[JIT],0x00007bae985642d8
991798.0,554572,python,[JIT],0x000071d3e604b1eb
991798.0,554559,python,[JIT],0x000074472c08c3ed
991798.0,554532,python,[kernel.kallsyms],__mmap_region
991798.0,554532,python,[kernel.kallsyms],timekeeping_advance
991797.0,554572,python,[JIT],0x000071d3e605144c
991797.0,554572,python,[JIT],0x000071d3e60510d6
991797.0,554532,python,[JIT],0x00007f3be24bf93f
991796.0,554572,python,python,_PyEvalFramePushAndInit
991796.0,554572,python,[JIT],0x000071d3e604f22b
991796.0,554520,python,[JIT],0x00007bae9855f3a7
991796.0,554532,python,[JIT],0x00007f3be24bff6e
991795.0,554572,python,python,module_traverse
991795.0,554572,python,[JIT],0x000071d3e604c478
991793.0,554559,python,python,time_module_traverse
991792.0,554532,python,[JIT],0x00007f3be24b69c3
991792.0,554545,python,[JIT],0x00007b13c67ec2a9
991792.0,554532,python,[JIT],0x00007f3be24b4459
991791.0,554498,python,[JIT],0x00007a47e2831052
991790.0,554532,python,[JIT],0x00007f3be24b6c9e
991790.0,554508,python,[kernel.kallsyms],pgd_none
991790.0,554498,python,[JIT],0x00007a47e2837052
991790.0,554498,python,[JIT],0x00007a47e283c1a8
991789.0,554572,python,[JIT],0x000071d3e604b139
991787.0,554520,python,[JIT],0x00007bae98552cd9
991787.0,554520,python,[JIT],0x00007bae98555220
991787.0,554508,python,[JIT],0x000074d16321f877
991786.0,554532,python,[JIT],0x00007f3be2d652bd
991785.0,554508,python,[JIT],0x000074d16321a5ae
991785.0,554545,python,[JIT],0x00007b13c67ec72b
991785.0,554520,python,[JIT],0x00007bae9855d38b
991784.0,554508,python,[JIT],0x000074d163fcc023
991783.0,554520,python,[JIT],0x00007bae9855fb7a
991783.0,554508,python,[JIT],0x000074d16321f524
991783.0,554498,python,[kernel.kallsyms],kthread_blkcg
991782.0,554520,python,pyexpat.cpython-316-x86_64-linux-gnu.so,PyModule_GetState@plt
991782.0,554520,python,[JIT],0x00007bae9855f73f
991782.0,554532,python,[kernel.kallsyms],vma_modify
991780.0,554498,python,[JIT],0x00007a47e2839090
991779.0,554520,python,[kernel.kallsyms],change_p4d_range
991779.0,554520,python,[JIT],0x00007bae9855d068
991779.0,554508,python,[JIT],0x000074d16321d0c4
991779.0,554520,python,[JIT],0x00007bae98554395
991778.0,554520,python,[JIT],0x00007bae97f42c5a
991778.0,554532,python,[JIT],0x00007f3be24a130b
991777.0,554508,python,[JIT],0x000074d1632161d6
991776.0,554508,python,[JIT],0x000074d16321d258
991775.0,554572,python,[JIT],0x000071d3e604234b
991775.0,554572,python,[JIT],0x000071d3e6047ff8
991775.0,554520,python,[JIT],0x00007bae985587d3
991774.0,554559,python,[JIT],0x000074472c082d13
991774.0,554532,python,[kernel.kallsyms],hrtimer_update_next_event
991773.0,554572,python,[JIT],0x000071d3e604f086
991773.0,554572,python,[JIT],0x000071d3e6051692
991773.0,554520,python,[JIT],0x00007bae98559328
991773.0,554508,python,[JIT],0x000074d163210672
991772.0,554520,python,[JIT],0x00007bae98551499
991772.0,554532,python,[JIT],0x00007f3be24b0459
991772.0,554508,python,[JIT],0x000074d16320f838
991771.0,554572,python,[JIT],0x000071d3e604ed3f
991770.0,554520,python,[JIT],0x00007bae985543ca
991770.0,554508,python,python,PyUnicode_New
991769.0,554559,python,[JIT],0x000074472c08cfd1
991768.0,554572,python,[JIT],0x000071d3e60435bb
991767.0,554520,python,[JIT],0x00007bae9855175e
991767.0,554520,python,[JIT],0x00007bae9856025c
991767.0,554532,python,[JIT],0x00007f3be24a2bfd
991767.0,554508,python,python,initialize_locals
991766.0,554559,python,python,_PyType_GetDict
991765.0,554572,python,[JIT],0x000071d3e6045638
991763.0,554572,python,[JIT],0x000071d3e6048468
991763.0,554532,python,[JIT],0x00007f3be24ac334
991762.0,554520,python,[JIT],0x00007bae98552307
991761.0,554520,python,[JIT],0x00007bae98552661
991760.0,554532,python,[JIT],0x00007f3be24b7801
991759.0,554532,python,python,_PyUnicodeWriter_Finish
991758.0,554508,python,[JIT],0x000074d16321a5c3
991757.0,554572,python,python,_PyForIter_VirtualIteratorNext
991757.0,554572,python,[JIT],0x000071d3e604e154
991757.0,554520,python,[JIT],0x00007bae9855837a
991757.0,554520,python,[JIT],0x00007bae98556481
991756.0,554545,python,[JIT],0x00007b13c67e0276
991755.0,554559,python,[JIT],0x000074472c095a83
991755.0,554508,python,python,module_traverse
991753.0,554520,python,[JIT],0x00007bae98551672
991753.0,554532,python,[JIT],0x00007f3be24b004c
991753.0,554498,python,[JIT],0x00007a47e2ad63f8
991751.0,554520,python,[JIT],0x00007bae985591c6
991750.0,554572,python,[JIT],0x000071d3e6045068
991749.0,554498,python,[JIT],0x00007a47e283c2b3
991747.0,554572,python,[JIT],0x000071d3e604c77e
991747.0,554532,python,[JIT],0x00007f3be24b0299
991745.0,554572,python,[JIT],0x000071d3e604b2e8
991745.0,554559,python,[JIT],0x000074472c09251c
991744.0,554520,python,[JIT],0x00007bae9855fed2
991744.0,554532,python,[JIT],0x00007f3be24bf079
991743.0,554508,python,[JIT],0x000074d163227346
991743.0,554545,python,[JIT],0x00007b13c67ebc21
991742.0,554559,python,[JIT],0x000074472b9856e2
991740.0,554520,python,[JIT],0x00007bae985671e9
991739.0,554498,python,[JIT],0x00007a47e2839670
991737.0,554520,python,[JIT],0x00007bae9855278a
991736.0,554559,python,[JIT],0x000074472c09336c
991736.0,554572,python,[JIT],0x000071d3e6052203
991735.0,554572,python,[JIT],0x000071d3e605110c
991735.0,554572,python,[JIT],0x000071d3e60435cd
991735.0,554532,python,[JIT],0x00007f3be24ae464
991735.0,554508,python,[JIT],0x000074d16321c284
991735.0,554498,python,[JIT],0x00007a47e28318ce
991735.0,554498,python,[JIT],0x00007a47e2832b53
991735.0,554498,python,[JIT],0x00007a47e2843155
991734.0,554520,python,[JIT],0x00007bae9855cc83
991733.0,554520,python,[JIT],0x00007bae985660ee
991733.0,554498,python,[JIT],0x00007a47e211979c
991732.0,554572,python,[JIT],0x000071d3e604054e
991731.0,554532,python,[JIT],0x00007f3be24ae788
991730.0,554532,python,[JIT],0x00007f3be24ac208
991729.0,554572,python,[JIT],0x000071d3e60417cb
991729.0,554572,python,[JIT],0x000071d3e6041e7b
991729.0,554532,python,[JIT],0x00007f3be24a9756
991729.0,554532,python,[JIT],0x00007f3be24b34bd
991729.0,554545,python,[JIT],0x00007b13c67eb4eb
991728.0,554572,python,[JIT],0x000071d3e604e121
991728.0,554508,python,[JIT],0x000074d1632281e5
991726.0,554508,python,[JIT],0x000074d16321f2c4
991726.0,554498,python,[JIT],0x00007a47e2ad663a
991723.0,554572,python,[JIT],0x000071d3e6051594
991723.0,554520,python,[JIT],0x00007bae9855c462
991723.0,554520,python,[JIT],0x00007bae9855f0c7
991722.0,554498,python,[JIT],0x00007a47e2832555
991720.0,554498,python,[JIT],0x00007a47e2838ae8
991719.0,554532,python,[JIT],0x00007f3be24b0d1b
991719.0,554498,python,[JIT],0x00007a47e28389b8
991716.0,554520,python,[JIT],0x00007bae9855271a
991714.0,554572,python,python,PyFunction_NewWithQualName
991714.0,554508,python,[JIT],0x000074d163228253
991714.0,554498,python,[JIT],0x00007a47e28261be
991713.0,554545,python,[JIT],0x00007b13c67ec378
991712.0,554572,python,[JIT],0x000071d3e604bbe0
991712.0,554520,python,[JIT],0x00007bae98565052
991711.0,554559,python,[JIT],0x000074472c0a412d
991710.0,554532,python,python,tuple_traverse
991710.0,554532,python,[JIT],0x00007f3be24b6eb3
991707.0,554498,python,[JIT],0x00007a47e282d2e9
991705.0,554508,python,[JIT],0x000074d16321c7f7
991702.0,554520,python,[JIT],0x00007bae98562de8
991702.0,554532,python,[JIT],0x00007f3be24b4225
991702.0,554508,python,[JIT],0x000074d163207ff0
991699.0,554572,python,[JIT],0x000071d3e60414c3
991699.0,554559,python,[JIT],0x000074472c099536
991698.0,554508,python,[JIT],0x000074d16320f499
991698.0,554545,python,[JIT],0x00007b13c67f3503
991695.0,554572,python,[JIT],0x000071d3e604eff1
991695.0,554508,python,[JIT],0x000074d16320f488
991694.0,554532,python,[JIT],0x00007f3be24bf699
991693.0,554559,python,[JIT],0x000074472c0957e3
991690.0,554559,python,[JIT],0x000074472c0958ee
991690.0,554520,python,[JIT],0x00007bae9855fb0e
991689.0,554508,python,[JIT],0x000074d163213c26
991689.0,554508,python,[JIT],0x000074d163219edf
991689.0,554520,python,[JIT],0x00007bae98555f04
991688.0,554572,python,[JIT],0x000071d3e6040306
991687.0,554572,python,[JIT],0x000071d3e60433c5
991687.0,554572,python,[JIT],0x000071d3e60485a1
991687.0,554520,python,[JIT],0x00007bae9855c85e
991687.0,554498,python,[JIT],0x00007a47e283b524
991685.0,554572,python,[JIT],0x000071d3e604e55c
991683.0,554520,python,[JIT],0x00007bae98554361
991683.0,554508,python,[kernel.kallsyms],call_function_single_prep_ipi
991682.0,554572,python,[JIT],0x000071d3e605a012
991679.0,554572,python,[JIT],0x000071d3e6059246
991679.0,554532,python,python,PyArg_ParseTupleAndKeywords
991678.0,554572,python,[JIT],0x000071d3e605a72f
991678.0,554508,python,[JIT],0x000074d16321a76b
991678.0,554520,python,[JIT],0x00007bae9855d5fd
991676.0,554572,python,[JIT],0x000071d3e60441f9
991675.0,554498,python,[JIT],0x00007a47e2832632
991673.0,554498,python,[JIT],0x00007a47e282d206
991671.0,554572,python,[kernel.kallsyms],lapic_next_deadline
991671.0,554532,python,[kernel.kallsyms],update_load_avg
991670.0,554520,python,[JIT],0x00007bae9855812f
991668.0,554508,python,[JIT],0x000074d16321c04c
991668.0,554520,python,[JIT],0x00007bae9855d76d
991667.0,554520,python,[JIT],0x00007bae9855ca7d
991667.0,554508,python,[JIT],0x000074d1632296ad
991666.0,554572,python,[JIT],0x000071d3e604b80d
991665.0,554532,python,python,PyMem_Malloc
991664.0,554559,python,[JIT],0x000074472c08f8db
991664.0,554508,python,[JIT],0x000074d16321d1c0
991663.0,554520,python,[JIT],0x00007bae985529e5
991661.0,554559,python,[JIT],0x000074472c0853b7
991661.0,554559,python,[JIT],0x000074472c0962a5
991659.0,554545,python,[JIT],0x00007b13c67f390a
991658.0,554520,python,[JIT],0x00007bae9855c9b2
991657.0,554520,python,[JIT],0x00007bae9855f165
991654.0,554572,python,[JIT],0x000071d3e604e296
991654.0,554508,python,[JIT],0x000074d163216e08
991652.0,554508,python,[kernel.kallsyms],__folio_throttle_swaprate
991650.0,554508,python,[JIT],0x000074d16320f660
991650.0,554498,python,[JIT],0x00007a47e28319a4
991648.0,554520,python,libc.so.6,_int_free_merge_chunk
991648.0,554520,python,[JIT],0x00007bae9855f588
991644.0,554520,python,[JIT],0x00007bae985513b9
991644.0,554559,python,[JIT],0x000074472c935312
991643.0,554545,python,[JIT],0x00007b13c67f6517
991642.0,554520,python,[kernel.kallsyms],arch_exit_to_user_mode_prepare.isra.0
991641.0,554572,python,[JIT],0x000071d3e6045b6c
991641.0,554572,python,[JIT],0x000071d3e6044f58
991638.0,554520,python,[JIT],0x00007bae9855c0dc
991637.0,554572,python,[JIT],0x000071d3e604049d
991637.0,554520,python,[JIT],0x00007bae98555669
991636.0,554572,python,[JIT],0x000071d3e604c799
991636.0,554532,python,[JIT],0x00007f3be24aa89b
991633.0,554572,python,[JIT],0x000071d3e6051f84
991633.0,554532,python,[JIT],0x00007f3be24a3397
991633.0,554532,python,[JIT],0x00007f3be24bfc61
991633.0,554508,python,[JIT],0x000074d16321a123
991631.0,554559,python,python,meth_traverse
991631.0,554559,python,[JIT],0x000074472c0922f2
991628.0,554532,python,[JIT],0x00007f3be24b3670
991627.0,554559,python,[JIT],0x000074472c08b657
991627.0,554508,python,[JIT],0x000074d163212405
991626.0,554508,python,[JIT],0x000074d1632294b0
991626.0,554498,python,[JIT],0x00007a47e28272c9
991625.0,554572,python,[JIT],0x000071d3e60455da
991625.0,554508,python,[JIT],0x000074d163213677
991624.0,554572,python,[JIT],0x000071d3e60433be
991624.0,554559,python,[JIT],0x000074472c0990eb
991622.0,554508,python,[JIT],0x000074d16321d8bf
991621.0,554498,python,python,func_dealloc
991620.0,554572,python,[JIT],0x000071d3e6051d0b
991619.0,554572,python,[JIT],0x000071d3e605a0b3
991619.0,554498,python,[JIT],0x00007a47e2838fea
991618.0,554559,python,[JIT],0x000074472c0983bb
991617.0,554532,python,[JIT],0x00007f3be24b3db1
991617.0,554545,python,[JIT],0x00007b13c67f4720
991616.0,554532,python,[JIT],0x00007f3be24aacf7
991615.0,554572,python,[JIT],0x000071d3e604be3b
991614.0,554520,python,[JIT],0x00007bae98562445
991613.0,554559,python,[JIT],0x000074472c09515f
991613.0,554520,python,[JIT],0x00007bae9855917b
991613.0,554520,python,[JIT],0x00007bae98564333
991612.0,554572,python,[JIT],0x000071d3e604c2b5
991610.0,554508,python,[JIT],0x000074d16320f695
991609.0,554572,python,[JIT],0x000071d3e604bfab
991609.0,554532,python,[kernel.kallsyms],update_vdso_data.constprop.0
991607.0,554572,python,[JIT],0x000071d3e605a015
991607.0,554532,python,python,dict_update
991607.0,554498,python,[JIT],0x00007a47e282d1fb
991606.0,554508,python,python,_PyEvalFramePushAndInit
991606.0,554498,python,[JIT],0x00007a47e2838fab
991604.0,554572,python,[JIT],0x000071d3e6039ba4
991603.0,554520,python,[JIT],0x00007bae985663b9
991603.0,554520,python,[JIT],0x00007bae9855cc53
991602.0,554559,python,python,_Py_LoadAttr_StackRefSteal
991602.0,554498,python,[JIT],0x00007a47e282d306
991598.0,554520,python,[JIT],0x00007bae98562cd6
991595.0,554520,python,[JIT],0x00007bae98554201
991595.0,554532,python,[JIT],0x00007f3be24b0d25
991593.0,554559,python,[JIT],0x000074472c0a33a6
991591.0,554572,python,[kernel.kallsyms],mas_wr_node_store
991590.0,554520,python,[JIT],0x00007bae98566052
991587.0,554508,python,[JIT],0x000074d1634c333c
991586.0,554572,python,[JIT],0x000071d3e604c282
991586.0,554520,python,[JIT],0x00007bae9856089b
991582.0,554572,python,[JIT],0x000071d3e6051bb0
991582.0,554520,python,[JIT],0x00007bae985541d6
991577.0,554520,python,[JIT],0x00007bae97f3881e
991577.0,554545,python,[JIT],0x00007b13c67f413f
991577.0,554532,python,python,PyObject_VisitManagedDict
991577.0,554498,python,[JIT],0x00007a47e28310ea
991576.0,554559,python,[kernel.kallsyms],cpuacct_charge
991576.0,554520,python,[JIT],0x00007bae98555839
991575.0,554498,python,[JIT],0x00007a47e28320a2
991574.0,554520,python,[JIT],0x00007bae98565474
991574.0,554559,python,[JIT],0x000074472c93442a
991574.0,554498,python,[JIT],0x00007a47e282e86f
991573.0,554545,python,[JIT],0x00007b13c6a870c3
991572.0,554559,python,python,list_vectorcall
991572.0,554545,python,[JIT],0x00007b13c67ebdc1
991571.0,554508,python,[JIT],0x000074d1632168b7
991570.0,554572,python,[JIT],0x000071d3e60594f7
991570.0,554498,python,[JIT],0x00007a47e283c404
991569.0,554532,python,[JIT],0x00007f3be24ad17f
991568.0,554572,python,[JIT],0x000071d3e603781f
991568.0,554520,python,[JIT],0x00007bae9855d489
991568.0,554532,python,[JIT],0x00007f3be24b7407
991564.0,554508,python,[JIT],0x000074d1634c3257
991563.0,554545,python,[JIT],0x00007b13c67e21d6
991561.0,554545,python,python,type_traverse
991561.0,554520,python,[JIT],0x00007bae9855d5b9
991558.0,554559,python,[JIT],0x000074472c9342a8
991557.0,554508,python,[JIT],0x000074d1632296d2
991555.0,554559,python,[JIT],0x000074472c08f233
991555.0,554545,python,[JIT],0x00007b13c6a8704c
991554.0,554559,python,[JIT],0x000074472c096378
991554.0,554572,python,[JIT],0x000071d3e6048b49
991553.0,554508,python,[JIT],0x000074d16320f34c
991552.0,554520,python,[JIT],0x00007bae98556259
991552.0,554520,python,[JIT],0x00007bae985566ad
991552.0,554520,python,[JIT],0x00007bae985653ef
991551.0,554545,python,[JIT],0x00007b13c67e46bc
991550.0,554532,python,[JIT],0x00007f3be24b4014
991548.0,554508,python,[JIT],0x000074d1632130c7
991546.0,554572,python,[JIT],0x000071d3e6039ffc
991546.0,554532,python,[kernel.kallsyms],x64_sys_call
991542.0,554508,python,[JIT],0x000074d16322911c
991540.0,554532,python,[JIT],0x00007f3be2ceb406
991540.0,554498,python,[JIT],0x00007a47e2838bbf
991536.0,554572,python,python,PyObject_Hash
991536.0,554559,python,[JIT],0x000074472c0a2068
991536.0,554498,python,[JIT],0x00007a47e2843d19
991535.0,554572,python,[JIT],0x000071d3e604100a
991535.0,554498,python,[JIT],0x00007a47e283ba4d
991532.0,554559,python,[JIT],0x000074472c08d064
991531.0,554559,python,[JIT],0x000074472c09676d
991524.0,554520,python,[JIT],0x00007bae985540f8
991524.0,554559,python,[JIT],0x000074472c099051
991523.0,554572,python,python,_PyObject_GetMethodStackRef
991523.0,554532,python,[JIT],0x00007f3be24bfc72
991522.0,554520,python,[JIT],0x00007bae98562d31
991519.0,554559,python,[JIT],0x000074472c09316d
991519.0,554508,python,[JIT],0x000074d16321f55b
991518.0,554532,python,[JIT],0x00007f3be2d655c8
991515.0,554498,python,python,descr_traverse
991514.0,554572,python,[JIT],0x000071d3e604f7fd
991512.0,554572,python,[JIT],0x000071d3e604f230
991511.0,554559,python,[JIT],0x000074472c08e2c5
991511.0,554508,python,[JIT],0x000074d1632199d7
991511.0,554532,python,[JIT],0x00007f3be24ac23d
991510.0,554572,python,[JIT],0x000071d3e6051c72
991510.0,554508,python,[kernel.kallsyms],timekeeping_adjust.constprop.0
991509.0,554508,python,[JIT],0x000074d16321f7ca
991508.0,554508,python,[JIT],0x000074d16320f6f8
991507.0,554559,python,[JIT],0x000074472c09800a
991507.0,554498,python,[JIT],0x00007a47e28313d9
991506.0,554520,python,[JIT],0x00007bae98552ad8
991504.0,554545,python,[JIT],0x00007b13c67f32ab
991503.0,554508,python,[JIT],0x000074d16322834e
991501.0,554520,python,[JIT],0x00007bae98552648
991501.0,554559,python,[JIT],0x000074472c08f36c
991498.0,554572,python,[JIT],0x000071d3e604e650
991498.0,554520,python,[JIT],0x00007bae9856525b
991496.0,554532,python,[JIT],0x00007f3be24a9843
991493.0,554572,python,python,min_max
991493.0,554572,python,python,dict_update
991491.0,554532,python,[JIT],0x00007f3be24bf0cb
991491.0,554520,python,[JIT],0x00007bae98555d7c
991490.0,554559,python,[JIT],0x000074472c09965c
991490.0,554532,python,[JIT],0x00007f3be24a959d
991490.0,554508,python,[JIT],0x000074d163213cae
991489.0,554572,python,python,new_keys_object
991489.0,554520,python,[JIT],0x00007bae985554c3
991488.0,554559,python,[kernel.kallsyms],__hrtimer_run_queues
991488.0,554520,python,[JIT],0x00007bae9855113e
991485.0,554508,python,python,_Py_ClearExecutorDeletionList
991484.0,554572,python,[JIT],0x000071d3e605b1e5
991481.0,554520,python,[JIT],0x00007bae98560536
991481.0,554508,python,[JIT],0x000074d16321c0cb
991480.0,554572,python,[JIT],0x000071d3e6042190
991478.0,554572,python,[JIT],0x000071d3e604434c
991478.0,554498,python,[JIT],0x00007a47e28324ba
991473.0,554520,python,[JIT],0x00007bae9855cefc
991468.0,554508,python,[JIT],0x000074d16320f1e9
991467.0,554559,python,[JIT],0x000074472c095b61
991467.0,554572,python,[JIT],0x000071d3e6045421
991467.0,554498,python,[kernel.kallsyms],folio_lruvec_lock_irqsave
991466.0,554572,python,[JIT],0x000071d3e6041900
991462.0,554520,python,[JIT],0x00007bae98562df2
991461.0,554532,python,[JIT],0x00007f3be2d6632b
991460.0,554498,python,[kernel.kallsyms],update_vdso_data.constprop.0
991458.0,554520,python,[JIT],0x00007bae98563267
991457.0,554559,python,[JIT],0x000074472c098296
991457.0,554532,python,[kernel.kallsyms],khugepaged_enter_vma
991456.0,554572,python,[JIT],0x000071d3e6039f41
991451.0,554559,python,[JIT],0x000074472c08b800
991451.0,554559,python,[JIT],0x000074472c93413e
991450.0,554572,python,[JIT],0x000071d3e604b85e
991450.0,554520,python,[JIT],0x00007bae9856205e
991448.0,554559,python,[kernel.kallsyms],irqentry_enter
991447.0,554520,python,[JIT],0x00007bae98551734
991446.0,554572,python,[JIT],0x000071d3e60470c7
991443.0,554572,python,[JIT],0x000071d3e6040744
991443.0,554572,python,[JIT],0x000071d3e604c657
991443.0,554572,python,[JIT],0x000071d3e604ecf7
991443.0,554520,python,[JIT],0x00007bae985552a7
991442.0,554545,python,[JIT],0x00007b13c67e1d31
991436.0,554532,python,[JIT],0x00007f3be24b3e62
991434.0,554498,python,[JIT],0x00007a47e2834c0e
991429.0,554532,python,[JIT],0x00007f3be24b78ca
991426.0,554559,python,[JIT],0x000074472c09b1c5
991423.0,554520,python,[JIT],0x00007bae98558cb9
991421.0,554508,python,[JIT],0x000074d1632273df
991420.0,554572,python,[JIT],0x000071d3e604b157
991419.0,554508,python,[JIT],0x000074d16321ff1f
991417.0,554559,python,[kernel.kallsyms],hrtimer_interrupt
991417.0,554572,python,[JIT],0x000071d3e604f209
991415.0,554498,python,python,PyUnicode_FromString
991413.0,554498,python,[JIT],0x00007a47e2838778
991412.0,554532,python,[JIT],0x00007f3be24bfbe1
991410.0,554572,python,python,_PyThreadState_PushFrame
991404.0,554520,python,[JIT],0x00007bae985515e0
991404.0,554559,python,[JIT],0x000074472c092664
991402.0,554559,python,[JIT],0x000074472c08b306
991401.0,554559,python,[JIT],0x000074472c0955d0
991399.0,554498,python,libc.so.6,clock_gettime@@GLIBC_2.17
991398.0,554532,python,python,_copy_characters.constprop.0.isra.0
991397.0,554572,python,[JIT],0x000071d3e604544a
991397.0,554572,python,[JIT],0x000071d3e604f1e4
991395.0,554572,python,[JIT],0x000071d3e603e0a7
991395.0,554498,python,[JIT],0x00007a47e283c431
991394.0,554559,python,[JIT],0x000074472c098838
991394.0,554508,python,[kernel.kallsyms],irqentry_exit_to_user_mode
991393.0,554532,python,[JIT],0x00007f3be24a3cb1
991393.0,554508,python,[JIT],0x000074d16321fd57
991392.0,554572,python,[JIT],0x000071d3e6040765
991390.0,554559,python,[JIT],0x000074472c08fe46
991389.0,554520,python,[JIT],0x00007bae9856663d
991388.0,554532,python,[JIT],0x00007f3be24ad405
991386.0,554559,python,[JIT],0x000074472c08e010
991385.0,554532,python,[JIT],0x00007f3be24b37cf
991385.0,554498,python,[JIT],0x00007a47e2831efc
991384.0,554572,python,[JIT],0x000071d3e604b462
991384.0,554572,python,[JIT],0x000071d3e60521d3
991384.0,554559,python,[JIT],0x000074472c0980c7
991383.0,554559,python,[kernel.kallsyms],__rmqueue_pcplist
991380.0,554520,python,[JIT],0x00007bae9855f561
991378.0,554572,python,[JIT],0x000071d3e604e7c8
991378.0,554532,python,[JIT],0x00007f3be24aa661
991374.0,554508,python,[JIT],0x000074d1634c30dc
991370.0,554572,python,[JIT],0x000071d3e604eb74
991370.0,554572,python,[JIT],0x000071d3e605108f
991370.0,554498,python,[JIT],0x00007a47e28451f0
991369.0,554508,python,[JIT],0x000074d16322813e
991367.0,554532,python,[JIT],0x00007f3be24b0fe6
991365.0,554572,python,[JIT],0x000071d3e604f25f
991365.0,554520,python,[JIT],0x00007bae9856611c
991364.0,554559,python,[JIT],0x000074472c08ce32
991362.0,554520,python,[JIT],0x00007bae9855c7d3
991362.0,554520,python,[JIT],0x00007bae98552e3c
991360.0,554572,python,[JIT],0x000071d3e604e25a
991358.0,554508,python,[JIT],0x000074d16321a7d6
991355.0,554572,python,[JIT],0x000071d3e6047233
991355.0,554520,python,[JIT],0x00007bae98562fdc
991355.0,554498,python,[JIT],0x00007a47e2831ff2
991354.0,554559,python,[JIT],0x000074472c09532a
991351.0,554572,python,[JIT],0x000071d3e604b0cb
991350.0,554559,python,[JIT],0x000074472c0959a4
991349.0,554572,python,[JIT],0x000071d3e6044175
991348.0,554559,python,[JIT],0x000074472c08900a
991347.0,554559,python,[kernel.kallsyms],anon_vma_interval_tree_insert
991344.0,554508,python,[JIT],0x000074d16321c318
991344.0,554508,python,[JIT],0x000074d1634c31ec
991340.0,554520,python,[JIT],0x00007bae98566663
991337.0,554520,python,[JIT],0x00007bae98555d08
991337.0,554559,python,[JIT],0x000074472c09628e
991336.0,554520,python,[JIT],0x00007bae98564297
991335.0,554559,python,[JIT],0x000074472c095636
991335.0,554508,python,[JIT],0x000074d1632199e8
991333.0,554545,python,[JIT],0x00007b13c67ebc9a
991332.0,554572,python,[JIT],0x000071d3e604c334
991332.0,554572,python,[JIT],0x000071d3e604e7e0
991332.0,554532,python,python,ga_traverse
991332.0,554498,python,[JIT],0x00007a47e28382d9
991328.0,554572,python,[JIT],0x000071d3e604f1f9
991328.0,554520,python,[JIT],0x00007bae985595b9
991328.0,554559,python,python,subtype_traverse
991328.0,554545,python,[JIT],0x00007b13c67e704c
991325.0,554532,python,[JIT],0x00007f3be24b7744
991325.0,554508,python,[JIT],0x000074d16321c555
991325.0,554545,python,[JIT],0x00007b13c67eb38d
991324.0,554520,python,[JIT],0x00007bae98552c95
991323.0,554508,python,[JIT],0x000074d163207177
991322.0,554508,python,[JIT],0x000074d16321fdab
991321.0,554559,python,[JIT],0x000074472c08d06a
991321.0,554508,python,[JIT],0x000074d163206d55
991321.0,554520,python,[JIT],0x00007bae98567124
991319.0,554559,python,[JIT],0x000074472c095e75
991318.0,554508,python,[JIT],0x000074d16321a214
991317.0,554572,python,[JIT],0x000071d3e605175f
991317.0,554520,python,[JIT],0x00007bae9855164d
991316.0,554498,python,[JIT],0x00007a47e2843745
991315.0,554532,python,[JIT],0x00007f3be24b65f0
991315.0,554508,python,python,tuple_traverse
991314.0,554572,python,[JIT],0x000071d3e604b559
991314.0,554559,python,[JIT],0x000074472c09b263
991314.0,554532,python,[JIT],0x00007f3be24b0642
991314.0,554532,python,[JIT],0x00007f3be24b3110
991313.0,554559,python,[JIT],0x000074472c095e27
991313.0,554559,python,[JIT],0x000074472c098ca2
991310.0,554532,python,[JIT],0x00007f3be24b74c5
991309.0,554572,python,[JIT],0x000071d3e6041304
991308.0,554559,python,[JIT],0x000074472c09b825
991307.0,554572,python,[JIT],0x000071d3e60447de
991307.0,554559,python,[JIT],0x000074472c0a4129
991307.0,554498,python,[JIT],0x00007a47e28398d2
991306.0,554559,python,[JIT],0x000074472c08f68f
991302.0,554559,python,[JIT],0x000074472c09b2fb
991302.0,554532,python,[JIT],0x00007f3be24a3046
991301.0,554559,python,[JIT],0x000074472c935240
991301.0,554559,python,[JIT],0x000074472c9353f6
991300.0,554572,python,[JIT],0x000071d3e604e0f4
991299.0,554572,python,python,set_lookkey
991299.0,554572,python,[JIT],0x000071d3e6045710
991295.0,554572,python,[JIT],0x000071d3e604f7ec
991295.0,554532,python,[JIT],0x00007f3be24bf5b0
991294.0,554572,python,[kernel.kallsyms],post_alloc_hook
991294.0,554520,python,[JIT],0x00007bae98562516
991293.0,554559,python,[JIT],0x000074472c093349
991293.0,554532,python,[JIT],0x00007f3be24ad23d
991292.0,554532,python,[JIT],0x00007f3be24aae10
991291.0,554572,python,[JIT],0x000071d3e605174a
991290.0,554559,python,[JIT],0x000074472c095854
991290.0,554520,python,[JIT],0x00007bae98551666
991290.0,554508,python,[JIT],0x000074d16321d7c2
991290.0,554498,python,[JIT],0x00007a47e2831d4a
991285.0,554498,python,[JIT],0x00007a47e28340ff
991284.0,554532,python,[kernel.kallsyms],update_deadline
991282.0,554572,python,[JIT],0x000071d3e604eca2
991282.0,554559,python,[JIT],0x000074472c098e08
991281.0,554572,python,[JIT],0x000071d3e605b35b
991280.0,554559,python,[JIT],0x000074472c0958df
991280.0,554498,python,[JIT],0x00007a47e2ad70f1
991279.0,554545,python,[JIT],0x00007b13c67f6815
991279.0,554498,python,[JIT],0x00007a47e2831a9e
991278.0,554498,python,[JIT],0x00007a47e283b0e6
991277.0,554572,python,[JIT],0x000071d3e604b1d6
991277.0,554520,python,[kernel.kallsyms],mas_store_prealloc
991273.0,554572,python,[JIT],0x000071d3e60478b7
991272.0,554559,python,[JIT],0x000074472c092500
991272.0,554508,python,[JIT],0x000074d163216334
991270.0,554572,python,[JIT],0x000071d3e6044f61
991270.0,554572,python,[JIT],0x000071d3e6045273
991268.0,554520,python,[JIT],0x00007bae98555f58
991268.0,554498,python,python,tuple_traverse
991265.0,554572,python,[JIT],0x000071d3e6044d63
991264.0,554520,python,[JIT],0x00007bae985513d4
991262.0,554559,python,[JIT],0x000074472c0996e7
991262.0,554559,python,[JIT],0x000074472c09b315
991261.0,554572,python,python,PyObject_VisitManagedDict
991261.0,554520,python,[JIT],0x00007bae985516f8
991260.0,554572,python,[JIT],0x000071d3e6051132
991259.0,554559,python,[JIT],0x000074472c0952c1
991258.0,554508,python,[JIT],0x000074d163219459
991257.0,554532,python,[JIT],0x00007f3be24b0cc5
991257.0,554520,python,[JIT],0x00007bae98558192
991256.0,554572,python,[kernel.kallsyms],run_posix_cpu_timers
991256.0,554508,python,[JIT],0x000074d16321c93c
991255.0,554520,python,[JIT],0x00007bae98562d41
991251.0,554572,python,[JIT],0x000071d3e604b547
991250.0,554532,python,[JIT],0x00007f3be24b15c8
991247.0,554532,python,[JIT],0x00007f3be2ceb34e
991245.0,554559,python,[JIT],0x000074472c095175
991240.0,554532,python,[JIT],0x00007f3be24aaab4
991240.0,554532,python,[JIT],0x00007f3be24bf81d
991238.0,554508,python,[JIT],0x000074d163213fa8
991231.0,554572,python,[JIT],0x000071d3e6040499
991231.0,554508,python,[JIT],0x000074d1632177a1
991230.0,554532,python,[JIT],0x00007f3be24b35f9
991229.0,554498,python,[JIT],0x00007a47e2826d75
991225.0,554559,python,[JIT],0x000074472c095bd3
991223.0,554572,python,[JIT],0x000071d3e605a3f8
991221.0,554545,python,[JIT],0x00007b13c67eb00a
991218.0,554532,python,libc.so.6,__sbrk
991216.0,554508,python,python,PyErr_GivenExceptionMatches
991213.0,554508,python,[JIT],0x000074d1632105ae
991212.0,554520,python,[JIT],0x00007bae985551c8
991212.0,554520,python,python,set_traverse
991211.0,554508,python,[JIT],0x000074d1632200aa
991209.0,554572,python,python,type_is_gc
991206.0,554559,python,[JIT],0x000074472c08f17f
991206.0,554520,python,[kernel.kallsyms],pfn_pte
991205.0,554508,python,[JIT],0x000074d16321f7d9
991203.0,554520,python,[JIT],0x00007bae9855c673
991203.0,554498,python,[JIT],0x00007a47e2825ce7
991202.0,554498,python,[JIT],0x00007a47e28390a2
991199.0,554508,python,[JIT],0x000074d16321741b
991197.0,554498,python,[JIT],0x00007a47e2843cba
991196.0,554532,python,[JIT],0x00007f3be24b0d56
991195.0,554572,python,[JIT],0x000071d3e6040580
991193.0,554508,python,[JIT],0x000074d16321fe5c
991192.0,554532,python,[JIT],0x00007f3be24ae1c6
991192.0,554545,python,[JIT],0x00007b13c67f6124
991191.0,554572,python,[JIT],0x000071d3e60478a6
991191.0,554532,python,[JIT],0x00007f3be24bf3b5
991187.0,554572,python,[JIT],0x000071d3e604c678
991187.0,554559,python,[JIT],0x000074472c0997a8
991186.0,554572,python,[JIT],0x000071d3e604f193
991186.0,554572,python,libc.so.6,realloc
991183.0,554559,python,[kernel.kallsyms],rcu_start_this_gp
991183.0,554532,python,[JIT],0x00007f3be24b0703
991180.0,554520,python,[JIT],0x00007bae985555d4
991180.0,554508,python,[JIT],0x000074d163228244
991179.0,554532,python,python,slot_tp_init
991179.0,554520,python,[JIT],0x00007bae9855d2a9
991176.0,554559,python,[JIT],0x000074472c09bd0f
991171.0,554559,python,[JIT],0x000074472c08c190
991170.0,554532,python,[JIT],0x00007f3be24b6d43
991169.0,554520,python,[JIT],0x00007bae98566307
991167.0,554572,python,[JIT],0x000071d3e604b343
991166.0,554498,python,[JIT],0x00007a47e282e34f
991166.0,554498,python,[JIT],0x00007a47e2838c83
991164.0,554572,python,[kernel.kallsyms],ktime_get_update_offsets_now
991164.0,554572,python,[kernel.kallsyms],idle_cpu
991163.0,554572,python,[JIT],0x000071d3e604f051
991163.0,554572,python,[JIT],0x000071d3e6051908
991161.0,554572,python,[JIT],0x000071d3e604bc53
991160.0,554520,python,python,mmap64@plt
991156.0,554572,python,[JIT],0x000071d3e6045b49
991154.0,554572,python,[JIT],0x000071d3e604ec72
991153.0,554508,python,[JIT],0x000074d16320808b
991150.0,554559,python,[JIT],0x000074472c08e343
991150.0,554520,python,[JIT],0x00007bae98566596
991150.0,554498,python,[JIT],0x00007a47e282ee38
991149.0,554559,python,[JIT],0x000074472c092bd3
991148.0,554572,python,[JIT],0x000071d3e60444bd
991148.0,554532,python,[JIT],0x00007f3be2d66324
991148.0,554498,python,[JIT],0x00007a47e28436e8
991147.0,554572,python,[kernel.kallsyms],vm_unmapped_area
991147.0,554520,python,[kernel.kallsyms],pfn_pte
991147.0,554520,python,[JIT],0x00007bae9855fe41
991145.0,554559,python,[JIT],0x000074472c93477e
991143.0,554559,python,[JIT],0x000074472c095681
991141.0,554520,python,[JIT],0x00007bae985622fd
991141.0,554498,python,[JIT],0x00007a47e28257ff
991137.0,554532,python,[JIT],0x00007f3be24b0ae3
991136.0,554520,python,[JIT],0x00007bae9855fd5c
991136.0,554498,python,[JIT],0x00007a47e2ad6114
991134.0,554520,python,[JIT],0x00007bae985664a9
991131.0,554559,python,[JIT],0x000074472c09b676
991131.0,554520,python,[JIT],0x00007bae9855c703
991130.0,554520,python,[JIT],0x00007bae98562f3f
991130.0,554498,python,[JIT],0x00007a47e2ad62eb
991129.0,554572,python,[JIT],0x000071d3e604bffc
991127.0,554508,python,[JIT],0x000074d163205197
991126.0,554572,python,[JIT],0x000071d3e60511da
991126.0,554545,python,[JIT],0x00007b13c67e310c
991123.0,554498,python,[kernel.kallsyms],mas_rev_awalk
991120.0,554545,python,[JIT],0x00007b13c67e8b53
991119.0,554532,python,[JIT],0x00007f3be24b740a
991118.0,554545,python,[JIT],0x00007b13c67eb201
991118.0,554520,python,[JIT],0x00007bae98562974
991116.0,554498,python,[kernel.kallsyms],entry_SYSRETQ_unsafe_stack
991111.0,554508,python,python,_PyUnicodeWriter_PrepareInternal
991110.0,554508,python,[JIT],0x000074d16321d40e
991109.0,554532,python,[JIT],0x00007f3be24b70ba
991108.0,554559,python,[JIT],0x000074472c93533c
991108.0,554572,python,[JIT],0x000071d3e605b2b8
991107.0,554508,python,python,_PyErr_SetObject.part.0
991104.0,554520,python,[JIT],0x00007bae98558be0
991102.0,554532,python,[JIT],0x00007f3be24ad10c
991100.0,554520,python,[JIT],0x00007bae9855d77e
991100.0,554545,python,[kernel.kallsyms],nohz_balancer_kick
991098.0,554545,python,[JIT],0x00007b13c67f32be
991097.0,554572,python,[JIT],0x000071d3e604e738
991097.0,554559,python,[JIT],0x000074472c098341
991097.0,554572,python,[JIT],0x000071d3e60447b6
991096.0,554520,python,[JIT],0x00007bae985540a9
991096.0,554498,python,[JIT],0x00007a47e28314d0
991095.0,554508,python,[JIT],0x000074d16321f96f
991094.0,554508,python,[JIT],0x000074d16322705c
991094.0,554498,python,[JIT],0x00007a47e2ad63e7
991093.0,554520,python,[kernel.kallsyms],cpuacct_account_field
991092.0,554572,python,[kernel.kallsyms],mem_cgroup_handle_over_high
991092.0,554572,python,[JIT],0x000071d3e604bd59
991087.0,554532,python,[JIT],0x00007f3be24b40a5
991087.0,554545,python,[JIT],0x00007b13c67e7fea
991086.0,554520,python,python,module_traverse
991082.0,554545,python,[JIT],0x00007b13c67f6682
991080.0,554508,python,[kernel.kallsyms],native_apic_msr_eoi
991080.0,554520,python,[JIT],0x00007bae98562cc3
991079.0,554498,python,[JIT],0x00007a47e283b862
991076.0,554508,python,[JIT],0x000074d16322806a
991075.0,554532,python,[JIT],0x00007f3be24b108d
991072.0,554520,python,[JIT],0x00007bae98558a1a
991072.0,554520,python,[JIT],0x00007bae9855c060
991072.0,554545,python,[JIT],0x00007b13c67f92b6
991070.0,554572,python,[JIT],0x000071d3e6051924
991070.0,554532,python,[JIT],0x00007f3be24a266b
991070.0,554498,python,[JIT],0x00007a47e28320dc
991070.0,554498,python,[JIT],0x00007a47e284392e
991068.0,554572,python,[JIT],0x000071d3e60510c7
991068.0,554559,python,[JIT],0x000074472c0998bf
991064.0,554498,python,[JIT],0x00007a47e28441e8
991062.0,554572,python,[JIT],0x000071d3e6051663
991058.0,554559,python,[JIT],0x000074472c095ab5
991056.0,554559,python,[JIT],0x000074472c0997c5
991055.0,554572,python,[JIT],0x000071d3e6059261
991054.0,554498,python,[JIT],0x00007a47e28440be
991052.0,554520,python,[JIT],0x00007bae98552f2b
991052.0,554508,python,[JIT],0x000074d163220046
991052.0,554498,python,[JIT],0x00007a47e283c96d
991048.0,554520,python,[JIT],0x00007bae98562692
991048.0,554508,python,[JIT],0x000074d163219d72
991046.0,554572,python,[JIT],0x000071d3e6051273
991045.0,554498,python,[JIT],0x00007a47e28351ad
991042.0,554520,python,[JIT],0x00007bae985606f4
991042.0,554520,python,[JIT],0x00007bae985653d2
991041.0,554559,python,[kernel.kallsyms],__ext4_get_inode_loc
991041.0,554559,python,[JIT],0x000074472c093413
991035.0,554520,python,[JIT],0x00007bae98562134
991034.0,554508,python,[JIT],0x000074d16320f463
991033.0,554572,python,[JIT],0x000071d3e604c06c
991033.0,554520,python,[JIT],0x00007bae985513e1
991028.0,554520,python,[JIT],0x00007bae98558b61
991025.0,554520,python,[JIT],0x00007bae985602f0
991023.0,554508,python,[JIT],0x000074d16321951c
991019.0,554520,python,[JIT],0x00007bae98562334
991017.0,554559,python,[JIT],0x000074472c09ba79
991014.0,554559,python,[JIT],0x000074472c08e110
991011.0,554559,python,[JIT],0x000074472c0997be
991011.0,554532,python,[kernel.kallsyms],nohz_balance_exit_idle
991007.0,554508,python,[JIT],0x000074d16321f315
991005.0,554545,python,[JIT],0x00007b13c67f6386
991003.0,554572,python,[JIT],0x000071d3e60470dc
991000.0,554498,python,[JIT],0x00007a47e2845052
990998.0,554572,python,[JIT],0x000071d3e60472d1
990991.0,554572,python,[JIT],0x000071d3e603905c
990991.0,554572,python,[JIT],0x000071d3e6047157
990990.0,554572,python,[JIT],0x000071d3e6044e5a
990989.0,554559,python,[kernel.kallsyms],psi_task_change
990989.0,554520,python,[JIT],0x00007bae9855cc0e
990989.0,554532,python,[JIT],0x00007f3be24bfea4
990986.0,554559,python,[JIT],0x000074472c9345d9
990986.0,554498,python,[JIT],0x00007a47e283244a
990981.0,554498,python,[JIT],0x00007a47e283b9af
990980.0,554572,python,[JIT],0x000071d3e6051fe9
990980.0,554532,python,python,PyObject_Free
990979.0,554498,python,[JIT],0x00007a47e2831003
990977.0,554520,python,[JIT],0x00007bae985541eb
990974.0,554572,python,[kernel.kallsyms],clockevents_program_event
990973.0,554559,python,[kernel.kallsyms],up_read
990973.0,554520,python,[JIT],0x00007bae98562a6f
990972.0,554520,python,[JIT],0x00007bae98563150
990971.0,554508,python,[JIT],0x000074d16321f347
990970.0,554559,python,[JIT],0x000074472c08c485
990968.0,554559,python,[JIT],0x000074472c0a436c
990968.0,554520,python,[kernel.kallsyms],__hrtimer_run_queues
990968.0,554520,python,[JIT],0x00007bae985631a0
990965.0,554520,python,[JIT],0x00007bae9855d017
990961.0,554572,python,[JIT],0x000071d3e60405e0
990960.0,554520,python,python,type_is_gc
990960.0,554559,python,[JIT],0x000074472c09b26f
990959.0,554520,python,[kernel.kallsyms],arch_scale_freq_tick
990955.0,554508,python,[JIT],0x000074d163219cf1
990951.0,554508,python,[JIT],0x000074d163220163
990949.0,554520,python,python,PyObject_VisitManagedDict
990948.0,554520,python,python,PyUnicode_New
990947.0,554520,python,[JIT],0x00007bae985580ff
990946.0,554498,python,[JIT],0x00007a47e2834e27
990942.0,554532,python,[JIT],0x00007f3be24bf0fd
990941.0,554508,python,[JIT],0x000074d16321f176
990934.0,554572,python,[JIT],0x000071d3e605946e
990932.0,554498,python,[JIT],0x00007a47e28394f2
990930.0,554520,python,[JIT],0x00007bae98562416
990929.0,554532,python,[JIT],0x00007f3be24ae740
990927.0,554572,python,[JIT],0x000071d3e605a35f
990927.0,554508,python,[JIT],0x000074d16321d1da
990927.0,554520,python,python,PyLong_FromSize_t
990925.0,554508,python,[JIT],0x000074d16321c52c
990923.0,554572,python,[JIT],0x000071d3e604412f
990922.0,554498,python,[JIT],0x00007a47e284645c
990921.0,554572,python,[JIT],0x000071d3e6047552
990921.0,554532,python,[JIT],0x00007f3be24ad94e
990921.0,554508,python,[JIT],0x000074d16320f5e0
990919.0,554532,python,[JIT],0x00007f3be24ae19c
990918.0,554498,python,[JIT],0x00007a47e2843ca6
990916.0,554572,python,[JIT],0x000071d3e605932f
990915.0,554572,python,[JIT],0x000071d3e6047703
990913.0,554532,python,[JIT],0x00007f3be24b10dc
990910.0,554498,python,python,_PyUnicodeWriter_WriteASCIIString
990908.0,554532,python,[JIT],0x00007f3be24ad114
990904.0,554572,python,[JIT],0x000071d3e6051a58
990904.0,554498,python,[JIT],0x00007a47e28323ba
990903.0,554532,python,[JIT],0x00007f3be24adf04
990902.0,554508,python,[JIT],0x000074d1632133d0
990899.0,554508,python,[JIT],0x000074d163219992
990898.0,554520,python,[kernel.kallsyms],mas_ascend
990895.0,554559,python,[JIT],0x000074472c092f75
990893.0,554520,python,python,_PyEval_Vector
990890.0,554572,python,[JIT],0x000071d3e6048085
990889.0,554545,python,[kernel.kallsyms],__pte_offset_map
990888.0,554572,python,[JIT],0x000071d3e605331b
990882.0,554572,python,[JIT],0x000071d3e6045282
990882.0,554572,python,[JIT],0x000071d3e6047015
990882.0,554532,python,[JIT],0x00007f3be24ae5a4
990881.0,554572,python,python,tuple_traverse
990880.0,554498,python,[JIT],0x00007a47e284330c
990879.0,554559,python,[JIT],0x000074472c093374
990877.0,554520,python,[JIT],0x00007bae98562584
990873.0,554559,python,[JIT],0x000074472c0927a5
990873.0,554532,python,[JIT],0x00007f3be24b386b
990873.0,554498,python,[JIT],0x00007a47e282ee24
990870.0,554559,python,[JIT],0x000074472c09b937
990870.0,554532,python,[JIT],0x00007f3be2d65134
990867.0,554498,python,[JIT],0x00007a47e282e562
990865.0,554559,python,[kernel.kallsyms],acct_account_cputime
990865.0,554498,python,[JIT],0x00007a47e282d5c9
990864.0,554508,python,[JIT],0x000074d16321fc5d
990861.0,554532,python,[JIT],0x00007f3be24adf61
990856.0,554532,python,[JIT],0x00007f3be24c0043
990856.0,554508,python,[JIT],0x000074d163220035
990851.0,554508,python,[JIT],0x000074d16321c06a
990850.0,554498,python,python,_PyType_GetDict
990850.0,554498,python,[JIT],0x00007a47e28432ad
990849.0,554520,python,[JIT],0x00007bae98562230
990849.0,554532,python,[JIT],0x00007f3be24b3d7c
990847.0,554559,python,[JIT],0x000074472c09b360
990847.0,554520,python,[JIT],0x00007bae98551338
990844.0,554559,python,[JIT],0x000074472c0a40a9
990840.0,554508,python,python,PyMember_SetOne
990839.0,554520,python,python,PyFunction_NewWithQualName
990839.0,554532,python,[JIT],0x00007f3be24ad992
990839.0,554508,python,[JIT],0x000074d1634c3283
990838.0,554572,python,[JIT],0x000071d3e604b38a
990837.0,554508,python,[JIT],0x000074d16321d73f
990835.0,554545,python,[JIT],0x00007b13c67ebcab
990832.0,554498,python,[JIT],0x00007a47e2843216
990831.0,554520,python,[JIT],0x00007bae98562a1d
990830.0,554559,python,[kernel.kallsyms],entry_SYSCALL_64
990826.0,554545,python,[kernel.kallsyms],asm_exc_page_fault
990822.0,554520,python,[JIT],0x00007bae98554220
990821.0,554532,python,[JIT],0x00007f3be24bf282
990821.0,554498,python,[JIT],0x00007a47e2846118
990817.0,554508,python,[JIT],0x000074d163213405
990816.0,554498,python,[JIT],0x00007a47e28310b3
990815.0,554520,python,[JIT],0x00007bae98551843
990813.0,554520,python,[JIT],0x00007bae98558233
990811.0,554498,python,[JIT],0x00007a47e283906c
990810.0,554545,python,[JIT],0x00007b13c67e026b
990807.0,554520,python,[kernel.kallsyms],account_user_time
990806.0,554520,python,[JIT],0x00007bae985627eb
990805.0,554520,python,[JIT],0x00007bae98566261
990804.0,554572,python,[JIT],0x000071d3e6041da1
990804.0,554508,python,[JIT],0x000074d16321d3e2
990801.0,554508,python,[JIT],0x000074d16321d08a
990800.0,554498,python,[JIT],0x00007a47e283c206
990798.0,554498,python,[JIT],0x00007a47e2ad65b6
990794.0,554559,python,[JIT],0x000074472c0934c0
990794.0,554508,python,[JIT],0x000074d163219cb9
990793.0,554559,python,[JIT],0x000074472c09666c
990791.0,554559,python,[kernel.kallsyms],calc_global_load
990789.0,554532,python,[JIT],0x00007f3be24b1144
990788.0,554520,python,[JIT],0x00007bae9855c64c
990788.0,554532,python,[JIT],0x00007f3be24bf0f5
990787.0,554559,python,python,lru_cache_tp_traverse
990785.0,554508,python,[JIT],0x000074d16322950a
990780.0,554508,python,[JIT],0x000074d163216b61
990778.0,554559,python,[JIT],0x000074472c0954d0
990777.0,554508,python,[JIT],0x000074d16321f40e
990775.0,554498,python,[kernel.kallsyms],page_counter_cancel
990774.0,554532,python,libc.so.6,unlink_chunk.isra.0
990774.0,554498,python,[JIT],0x00007a47e2843406
990773.0,554572,python,[JIT],0x000071d3e6048666
990767.0,554532,python,[JIT],0x00007f3be24ae1f1
990767.0,554508,python,python,PyObject_Str
990766.0,554508,python,[JIT],0x000074d16321a4f2
990764.0,554572,python,[JIT],0x000071d3e60450dc
990762.0,554508,python,[JIT],0x000074d163219793
990762.0,554532,python,[JIT],0x00007f3be24c1379
990761.0,554532,python,[JIT],0x00007f3be24b6b3a
990755.0,554572,python,[JIT],0x000071d3e604e222
990755.0,554532,python,[JIT],0x00007f3be24b050e
990752.0,554532,python,[JIT],0x00007f3be24ae1a5
990752.0,554532,python,[JIT],0x00007f3be24b3e9e
990749.0,554532,python,[JIT],0x00007f3be24b1743
990743.0,554498,python,[JIT],0x00007a47e282e4b4
990740.0,554520,python,[JIT],0x00007bae98563046
990737.0,554498,python,[JIT],0x00007a47e2ad7143
990736.0,554520,python,[JIT],0x00007bae98562263
990734.0,554532,python,[JIT],0x00007f3be2d656d2
990733.0,554559,python,[JIT],0x000074472c095f0e
990732.0,554532,python,[JIT],0x00007f3be24b3808
990732.0,554498,python,[JIT],0x00007a47e2838c8f
990731.0,554559,python,[JIT],0x000074472c08f2f2
990730.0,554520,python,[kernel.kallsyms],update_vsyscall
990729.0,554520,python,[JIT],0x00007bae98556638
990727.0,554545,python,[JIT],0x00007b13c67eb9f8
990722.0,554572,python,[JIT],0x000071d3e604bf36
990720.0,554532,python,[JIT],0x00007f3be24b6838
990719.0,554572,python,[JIT],0x000071d3e604bc9a
990718.0,554559,python,[JIT],0x000074472c098dff
990715.0,554559,python,[JIT],0x000074472c08cbd6
990714.0,554545,python,python,_Py_NewReference
990713.0,554520,python,[JIT],0x00007bae9856247c
990711.0,554532,python,[JIT],0x00007f3be24b0b6b
990708.0,554545,python,[JIT],0x00007b13c67e7233
990704.0,554508,python,[JIT],0x000074d16321fdb4
990704.0,554498,python,[JIT],0x00007a47e282c0ab
990703.0,554545,python,[JIT],0x00007b13c67f3dd4
990703.0,554532,python,[JIT],0x00007f3be24b360a
990698.0,554508,python,[JIT],0x000074d1632076cd
990696.0,554572,python,[JIT],0x000071d3e6051814
990695.0,554532,python,[JIT],0x00007f3be24ac0c3
990695.0,554532,python,[JIT],0x00007f3be24bfc80
990695.0,554508,python,[JIT],0x000074d163220022
990693.0,554545,python,[JIT],0x00007b13c67e50b8
990687.0,554532,python,[kernel.kallsyms],__pte_offset_map_lock
990685.0,554520,python,[JIT],0x00007bae9855c3dd
990684.0,554572,python,[JIT],0x000071d3e6051f7e
990684.0,554498,python,[JIT],0x00007a47e28441be
990683.0,554572,python,[JIT],0x000071d3e60430cb
990682.0,554520,python,[JIT],0x00007bae985623af
990681.0,554498,python,python,PyObject_IS_GC
990680.0,554572,python,[JIT],0x000071d3e6051448
990676.0,554559,python,[JIT],0x000074472c08f8a1
990667.0,554508,python,[JIT],0x000074d16320f695
990666.0,554572,python,[JIT],0x000071d3e604b703
990664.0,554572,python,[JIT],0x000071d3e604e48e
990664.0,554498,python,[JIT],0x00007a47e283c8bc
990662.0,554559,python,[JIT],0x000074472c0a3356
990662.0,554498,python,[JIT],0x00007a47e283b76e
990658.0,554545,python,[JIT],0x00007b13c67f47ae
990657.0,554572,python,[JIT],0x000071d3e6051620
990651.0,554572,python,[JIT],0x000071d3e6043812
990651.0,554520,python,[JIT],0x00007bae9855f012
990651.0,554559,python,[JIT],0x000074472c08fb7b
990649.0,554559,python,[kernel.kallsyms],vma_complete
990648.0,554559,python,[JIT],0x000074472c090b6c
990641.0,554498,python,libc.so.6,_int_malloc
990632.0,554532,python,[JIT],0x00007f3be24ad015
990632.0,554498,python,[JIT],0x00007a47e2843832
990631.0,554498,python,[JIT],0x00007a47e2831533
990629.0,554498,python,[JIT],0x00007a47e28355ae
990628.0,554520,python,[JIT],0x00007bae985564b0
990628.0,554559,python,[JIT],0x000074472c09bbbb
990625.0,554498,python,[JIT],0x00007a47e283241b
990623.0,554508,python,[JIT],0x000074d16321ff9d
990620.0,554559,python,[JIT],0x000074472c095af6
990615.0,554508,python,[kernel.kallsyms],irqentry_enter_from_user_mode
990614.0,554508,python,[JIT],0x000074d1632139f4
990613.0,554520,python,[JIT],0x00007bae98554353
990613.0,554498,python,[JIT],0x00007a47e282d771
990611.0,554508,python,[kernel.kallsyms],mas_rev_awalk
990610.0,554508,python,python,_PyUnicodeWriter_WriteStr
990610.0,554508,python,[JIT],0x000074d16320f500
990608.0,554508,python,[JIT],0x000074d16321fd25
990606.0,554532,python,[kernel.kallsyms],mas_topiary_replace
990604.0,554532,python,[JIT],0x00007f3be24b6caf
990600.0,554559,python,[JIT],0x000074472c098588
990600.0,554498,python,[JIT],0x00007a47e2ad60f5
990596.0,554559,python,[kernel.kallsyms],sched_clock
990594.0,554572,python,[JIT],0x000071d3e6051667
990592.0,554572,python,[kernel.kallsyms],irqentry_exit
990590.0,554520,python,[JIT],0x00007bae985603eb
990589.0,554572,python,[kernel.kallsyms],mas_ascend
990589.0,554532,python,[JIT],0x00007f3be24bfba3
990588.0,554559,python,[JIT],0x000074472c0a320f
990581.0,554520,python,[JIT],0x00007bae98552cee
990579.0,554532,python,[JIT],0x00007f3be24bf75f
990577.0,554508,python,[JIT],0x000074d1632193d9
990574.0,554532,python,[JIT],0x00007f3be2d656a4
990572.0,554532,python,[kernel.kallsyms],pte_mkwrite
990568.0,554508,python,[JIT],0x000074d163228118
990567.0,554520,python,python,PyDict_New
990565.0,554572,python,[JIT],0x000071d3e604b4b9
990565.0,554572,python,[JIT],0x000071d3e604b4d0
990560.0,554572,python,[JIT],0x000071d3e604140d
990557.0,554508,python,[JIT],0x000074d1634c3124
990556.0,554520,python,[JIT],0x00007bae985557b6
990555.0,554532,python,[JIT],0x00007f3be24c0007
990554.0,554572,python,[JIT],0x000071d3e6041ab8
990550.0,554572,python,[JIT],0x000071d3e604c685
990549.0,554532,python,python,PyObject_IS_GC
990548.0,554532,python,[JIT],0x00007f3be24c009e
990544.0,554498,python,[JIT],0x00007a47e28267fe
990544.0,554498,python,[JIT],0x00007a47e2843d79
990543.0,554532,python,[JIT],0x00007f3be2ceb246
990538.0,554520,python,[JIT],0x00007bae98555f3e
990538.0,554532,python,[kernel.kallsyms],calc_global_load
990535.0,554520,python,python,setiter_iternext
990534.0,554520,python,[kernel.kallsyms],mas_wr_walk
990533.0,554572,python,[JIT],0x000071d3e60513e3
990529.0,554532,python,[JIT],0x00007f3be24b421e
990523.0,554572,python,[JIT],0x000071d3e604121e
990521.0,554520,python,[JIT],0x00007bae98562e92
990520.0,554559,python,python,PyTuple_FromArray.part.0
990520.0,554559,python,[JIT],0x000074472c0a414e
990515.0,554545,python,[JIT],0x00007b13c67e49f8
990514.0,554508,python,[JIT],0x000074d163217137
990511.0,554508,python,[JIT],0x000074d16321d01a
990509.0,554508,python,python,PyTime_PerfCounterRaw
990506.0,554559,python,[kernel.kallsyms],perf_event_mmap_event
990502.0,554572,python,[JIT],0x000071d3e6051c67
990501.0,554508,python,[JIT],0x000074d163213353
990501.0,554498,python,[JIT],0x00007a47e2ad6329
990499.0,554520,python,[JIT],0x00007bae98566401
990499.0,554520,python,[JIT],0x00007bae9855f701
990498.0,554520,python,[kernel.kallsyms],count_memcg_events.constprop.0
990496.0,554572,python,[kernel.kallsyms],rmqueue_bulk
990494.0,554559,python,[JIT],0x000074472c09b176
990486.0,554572,python,[kernel.kallsyms],kthread_blkcg
990486.0,554572,python,python,realloc@plt
990484.0,554508,python,[JIT],0x000074d16321613f
990483.0,554572,python,[JIT],0x000071d3e605a438
990477.0,554559,python,[JIT],0x000074472c08b2d4
990474.0,554559,python,[kernel.kallsyms],update_cfs_group
990472.0,554559,python,[JIT],0x000074472c096187
990471.0,554498,python,[JIT],0x00007a47e2843e69
990469.0,554508,python,python,_PyObject_VectorcallDictTstate
990461.0,554572,python,[kernel.kallsyms],call_function_single_prep_ipi
990460.0,554508,python,[kernel.kallsyms],rmqueue
990459.0,554508,python,[JIT],0x000074d163213b26
990457.0,554520,python,[JIT],0x00007bae985586bc
990456.0,554559,python,[JIT],0x000074472c09bc5d
990456.0,554498,python,[JIT],0x00007a47e28346bf
990454.0,554545,python,[JIT],0x00007b13c67e0342
990453.0,554498,python,[JIT],0x00007a47e2ad72b6
990451.0,554572,python,[JIT],0x000071d3e604b7a5
990451.0,554559,python,[kernel.kallsyms],free_tail_page_prepare
990446.0,554572,python,[JIT],0x000071d3e604b3af
990446.0,554572,python,[kernel.kallsyms],syscall_return_via_sysret
990443.0,554508,python,[JIT],0x000074d16321f42f
990443.0,554508,python,[JIT],0x000074d16321ffdc
990440.0,554572,python,[JIT],0x000071d3e60423a2
990440.0,554559,python,[JIT],0x000074472c095d72
990439.0,554572,python,[JIT],0x000071d3e604b9f8
990439.0,554559,python,[JIT],0x000074472c096368
990439.0,554532,python,[JIT],0x00007f3be24c0081
990439.0,554520,python,[JIT],0x00007bae9855d01c
990438.0,554532,python,[JIT],0x00007f3be2d660a7
990436.0,554508,python,[kernel.kallsyms],memcg_account_kmem
990432.0,554572,python,[kernel.kallsyms],__hrtimer_next_event_base
990431.0,554572,python,[JIT],0x000071d3e604e722
990431.0,554520,python,[JIT],0x00007bae9855256f
990429.0,554572,python,[JIT],0x000071d3e6047bc3
990427.0,554559,python,[JIT],0x000074472c092d7c
990426.0,554532,python,[JIT],0x00007f3be24b6e1a
990425.0,554572,python,[kernel.kallsyms],rcu_pending
990418.0,554572,python,[JIT],0x000071d3e605a12d
990416.0,554559,python,[JIT],0x000074472c095fae
990415.0,554508,python,[JIT],0x000074d16321f8b3
990413.0,554572,python,[JIT],0x000071d3e60400c3
990413.0,554572,python,[JIT],0x000071d3e6041bd6
990412.0,554520,python,[kernel.kallsyms],security_mmap_file
990409.0,554520,python,[JIT],0x00007bae985515de
990408.0,554508,python,[kernel.kallsyms],do_vmi_align_munmap
990406.0,554532,python,[JIT],0x00007f3be24bfde8
990406.0,554520,python,[kernel.kallsyms],up_read
990405.0,554532,python,[JIT],0x00007f3be24b6540
990403.0,554498,python,[JIT],0x00007a47e283ba22
990401.0,554572,python,[JIT],0x000071d3e604b000
990400.0,554572,python,python,PyList_New
990396.0,554520,python,[JIT],0x00007bae9855cff2
990392.0,554520,python,[JIT],0x00007bae9855d743
990391.0,554520,python,[JIT],0x00007bae98558110
990389.0,554559,python,[JIT],0x000074472c08c0d6
990389.0,554498,python,[JIT],0x00007a47e28436e3
990384.0,554572,python,[JIT],0x000071d3e6040812
990384.0,554532,python,[kernel.kallsyms],__sysvec_apic_timer_interrupt
990379.0,554520,python,[JIT],0x00007bae98551584
990374.0,554508,python,[JIT],0x000074d16321f340
990372.0,554498,python,[JIT],0x00007a47e28438fb
990370.0,554572,python,[JIT],0x000071d3e605b339
990369.0,554520,python,[JIT],0x00007bae98555201
990368.0,554545,python,[JIT],0x00007b13c6a872f4
990367.0,554498,python,[JIT],0x00007a47e2ad7263
990366.0,554508,python,[JIT],0x000074d163219f06
990364.0,554520,python,[JIT],0x00007bae98558629
990363.0,554508,python,[JIT],0x000074d163210068
990360.0,554508,python,[JIT],0x000074d1634c335b
990359.0,554508,python,[JIT],0x000074d16322812d
990352.0,554508,python,[kernel.kallsyms],__pte_alloc
990352.0,554508,python,[JIT],0x000074d16321d217
990348.0,554520,python,[JIT],0x00007bae9855c2eb
990347.0,554572,python,[JIT],0x000071d3e6051929
990345.0,554572,python,[JIT],0x000071d3e604e44d
990343.0,554532,python,[JIT],0x00007f3be2ceb44d
990343.0,554498,python,[JIT],0x00007a47e28435d9
990342.0,554520,python,[JIT],0x00007bae985587db
990342.0,554508,python,[JIT],0x000074d16321cb59
990341.0,554559,python,[kernel.kallsyms],hrtimer_active
990336.0,554572,python,[JIT],0x000071d3e60510da
990336.0,554532,python,[JIT],0x00007f3be24b4206
990335.0,554572,python,[JIT],0x000071d3e6051777
990333.0,554520,python,[JIT],0x00007bae9854f120
990333.0,554508,python,[JIT],0x000074d16321a214
990333.0,554545,python,[JIT],0x00007b13c67ebab7
990328.0,554520,python,[JIT],0x00007bae9855c759
990327.0,554559,python,[kernel.kallsyms],ext4_do_update_inode.isra.0
990325.0,554498,python,[JIT],0x00007a47e2844025
990324.0,554520,python,[JIT],0x00007bae98562191
990322.0,554545,python,[JIT],0x00007b13c67e87f8
990318.0,554559,python,[JIT],0x000074472c09b7f6
990316.0,554559,python,[JIT],0x000074472c099012
990311.0,554559,python,[JIT],0x000074472c09b755
990311.0,554532,python,[JIT],0x00007f3be24c024f
990309.0,554572,python,[JIT],0x000071d3e6044114
990308.0,554520,python,[JIT],0x00007bae985631e3
990308.0,554508,python,[kernel.kallsyms],__memcg_slab_post_alloc_hook
990306.0,554520,python,[JIT],0x00007bae9855c614
990297.0,554532,python,[JIT],0x00007f3be24b45fd
990285.0,554508,python,[JIT],0x000074d163220007
990285.0,554520,python,[JIT],0x00007bae98562214
990281.0,554532,python,[JIT],0x00007f3be24b6a95
990280.0,554572,python,[JIT],0x000071d3e604e9c3
990279.0,554572,python,[JIT],0x000071d3e604f26b
990274.0,554508,python,python,tuplegetter_traverse
990271.0,554572,python,[JIT],0x000071d3e6053257
990270.0,554572,python,[JIT],0x000071d3e60512b5
990269.0,554545,python,[kernel.kallsyms],folio_batch_move_lru
990268.0,554572,python,[JIT],0x000071d3e605a4bd
990267.0,554532,python,[JIT],0x00007f3be24c01f3
990264.0,554559,python,python,set_traverse
990262.0,554520,python,[JIT],0x00007bae98555192
990262.0,554498,python,[JIT],0x00007a47e284513e
990261.0,554572,python,[JIT],0x000071d3e605132a
990256.0,554559,python,[JIT],0x000074472c09865a
990256.0,554545,python,[JIT],0x00007b13c67f9261
990254.0,554559,python,[JIT],0x000074472c0987a5
990254.0,554508,python,[JIT],0x000074d1632139fc
990252.0,554559,python,[JIT],0x000074472c08c96b
990251.0,554532,python,[JIT],0x00007f3be24b69e7
990249.0,554508,python,[JIT],0x000074d163227257
990244.0,554520,python,[JIT],0x00007bae9855644a
990238.0,554508,python,[JIT],0x000074d16321fc7e
990237.0,554532,python,[kernel.kallsyms],call_rcu
990235.0,554508,python,[kernel.kallsyms],count_memcg_events.constprop.0
990234.0,554532,python,[kernel.kallsyms],llist_add_batch
990232.0,554545,python,[JIT],0x00007b13c67f944d
990230.0,554532,python,[JIT],0x00007f3be24a9605
990228.0,554520,python,[kernel.kallsyms],hrtimer_active
990227.0,554572,python,[JIT],0x000071d3e604e36d
990227.0,554508,python,[JIT],0x000074d16321f241
990227.0,554498,python,[JIT],0x00007a47e28387c0
990225.0,554532,python,[JIT],0x00007f3be24c00ce
990225.0,554508,python,[JIT],0x000074d1632190a9
990223.0,554532,python,[JIT],0x00007f3be24b37cf
990222.0,554498,python,[JIT],0x00007a47e284350c
990220.0,554520,python,[JIT],0x00007bae9855539d
990219.0,554508,python,[JIT],0x000074d1632290d2
990219.0,554498,python,[kernel.kallsyms],mas_wr_node_store
990218.0,554520,python,[JIT],0x00007bae9856512d
990210.0,554545,python,[JIT],0x00007b13c67f6297
990208.0,554508,python,[JIT],0x000074d16321f865
990205.0,554508,python,[JIT],0x000074d16321f1e9
990198.0,554559,python,[JIT],0x000074472c9353c1
990198.0,554520,python,[JIT],0x00007bae9856624a
990197.0,554559,python,[JIT],0x000074472c09b713
990195.0,554559,python,[JIT],0x000074472c08f94e
990193.0,554532,python,[JIT],0x00007f3be24a9258
990191.0,554508,python,[JIT],0x000074d16321ffec
990190.0,554559,python,[JIT],0x000074472c09356b
990189.0,554559,python,[JIT],0x000074472c095b0f
990189.0,554520,python,[kernel.kallsyms],rb_erase
990189.0,554559,python,[JIT],0x000074472c092d63
990184.0,554559,python,[JIT],0x000074472c0a3278
990179.0,554572,python,[JIT],0x000071d3e60454a5
990179.0,554559,python,[JIT],0x000074472c098fa3
990178.0,554520,python,[JIT],0x00007bae98555804
990178.0,554559,python,[JIT],0x000074472c09b216
990175.0,554532,python,[kernel.kallsyms],__mem_cgroup_uncharge_list
990172.0,554532,python,[JIT],0x00007f3be24b0a02
990169.0,554520,python,[JIT],0x00007bae9855f1ed
990168.0,554520,python,[kernel.kallsyms],__mod_node_page_state
990167.0,554508,python,[JIT],0x000074d163219213
990160.0,554572,python,[kernel.kallsyms],rcu_segcblist_pend_cbs
990160.0,554532,python,[kernel.kallsyms],native_sched_clock
990157.0,554532,python,[JIT],0x00007f3be24a94eb
990154.0,554532,python,[JIT],0x00007f3be24b7329
990153.0,554572,python,[JIT],0x000071d3e6051d75
990145.0,554532,python,[JIT],0x00007f3be24aa304
990143.0,554532,python,[JIT],0x00007f3be24bf613
990142.0,554508,python,[JIT],0x000074d1634c30f1
990139.0,554532,python,[kernel.kallsyms],asm_exc_page_fault
990139.0,554532,python,[JIT],0x00007f3be24b75d5
990137.0,554520,python,[JIT],0x00007bae9855c7db
990136.0,554520,python,[JIT],0x00007bae98565415
990135.0,554572,python,[JIT],0x000071d3e604c1eb
990129.0,554559,python,[JIT],0x000074472c09b255
990127.0,554559,python,[JIT],0x000074472c08feb3
990126.0,554572,python,[JIT],0x000071d3e6042012
990125.0,554508,python,python,_PyEval_MonitorRaise
990121.0,554520,python,[kernel.kallsyms],__alloc_pages
990121.0,554532,python,[JIT],0x00007f3be2d66118
990119.0,554559,python,[JIT],0x000074472c0a422e
990118.0,554559,python,[kernel.kallsyms],__raw_spin_lock_irqsave
990117.0,554498,python,[JIT],0x00007a47e283c6e3
990113.0,554498,python,[kernel.kallsyms],up_write
990109.0,554520,python,[JIT],0x00007bae9855321a
990109.0,554498,python,[JIT],0x00007a47e2843cf7
990108.0,554532,python,python,PyObject_Str
990107.0,554572,python,python,_Py_CheckFunctionResult
990106.0,554508,python,[JIT],0x000074d1632134cd
990104.0,554520,python,[JIT],0x00007bae98551143
990104.0,554559,python,[JIT],0x000074472c095f0a
990103.0,554545,python,[JIT],0x00007b13c67f936c
990101.0,554520,python,[JIT],0x00007bae97f3f00a
990100.0,554572,python,[JIT],0x000071d3e604f13f
990095.0,554532,python,[kernel.kallsyms],access_error
990094.0,554508,python,[JIT],0x000074d163213167
990093.0,554532,python,[JIT],0x00007f3be24adff8
990092.0,554508,python,[JIT],0x000074d1632107fd
990091.0,554520,python,[JIT],0x00007bae9856208f
990091.0,554545,python,[JIT],0x00007b13c67e01e9
990088.0,554520,python,[JIT],0x00007bae9855296b
990087.0,554572,python,[JIT],0x000071d3e604bc0e
990087.0,554559,python,[JIT],0x000074472c08d033
990086.0,554572,python,[kernel.kallsyms],alloc_pages_mpol
990086.0,554498,python,[JIT],0x00007a47e2843568
990085.0,554532,python,[JIT],0x00007f3be24b6775
990084.0,554508,python,[JIT],0x000074d16320f812
990082.0,554508,python,[JIT],0x000074d16320f1db
990082.0,554520,python,[JIT],0x00007bae98560962
990081.0,554508,python,[JIT],0x000074d163214427
990078.0,554498,python,[JIT],0x00007a47e284388d
990075.0,554508,python,[kernel.kallsyms],set_ptes.isra.0
990073.0,554572,python,[JIT],0x000071d3e60482b5
990071.0,554532,python,[JIT],0x00007f3be24adcf1
990071.0,554498,python,[JIT],0x00007a47e2832427
990070.0,554559,python,[JIT],0x000074472c09b427
990070.0,554532,python,[JIT],0x00007f3be24bf24f
990068.0,554508,python,[JIT],0x000074d16321c856
990066.0,554559,python,[JIT],0x000074472c09b29a
990065.0,554520,python,[JIT],0x00007bae9855ce9e
990065.0,554532,python,[kernel.kallsyms],__mod_node_page_state
990064.0,554572,python,[JIT],0x000071d3e60455a4
990063.0,554572,python,[JIT],0x000071d3e604b543
990063.0,554572,python,[JIT],0x000071d3e60512c4
990062.0,554572,python,[kernel.kallsyms],perf_event_mmap_event
990062.0,554520,python,[JIT],0x00007bae98551530
990062.0,554520,python,[JIT],0x00007bae98563035
990062.0,554498,python,[JIT],0x00007a47e282ea48
990060.0,554559,python,[JIT],0x000074472c095f04
990058.0,554532,python,[JIT],0x00007f3be24b3262
990057.0,554532,python,[JIT],0x00007f3be24b48d2
990055.0,554520,python,[kernel.kallsyms],mas_rev_awalk
990054.0,554508,python,[JIT],0x000074d16320f32b
990054.0,554498,python,[JIT],0x00007a47e284398d
990051.0,554520,python,[JIT],0x00007bae9855f0fb
990051.0,554508,python,[kernel.kallsyms],timerqueue_del
990050.0,554559,python,[JIT],0x000074472c09612f
990046.0,554532,python,[JIT],0x00007f3be24b60ee
990044.0,554572,python,[JIT],0x000071d3e60513af
990044.0,554520,python,[JIT],0x00007bae985558f9
990044.0,554508,python,[JIT],0x000074d16321f1ba
990044.0,554532,python,[JIT],0x00007f3be24bf974
990043.0,554508,python,[JIT],0x000074d163213681
990042.0,554572,python,[kernel.kallsyms],__lruvec_stat_mod_folio
990038.0,554572,python,[JIT],0x000071d3e6051695
990036.0,554572,python,[JIT],0x000071d3e6059333
990033.0,554572,python,[JIT],0x000071d3e60514ee
990032.0,554532,python,[JIT],0x00007f3be24ac064
990032.0,554508,python,[JIT],0x000074d16321a47d
990031.0,554508,python,[JIT],0x000074d163210997
990027.0,554520,python,python,dict_dealloc
990027.0,554498,python,[kernel.kallsyms],mas_preallocate
990025.0,554572,python,[JIT],0x000071d3e60481c2
990025.0,554532,python,[JIT],0x00007f3be24aafd1
990023.0,554572,python,[JIT],0x000071d3e6041ccd
990023.0,554520,python,[JIT],0x00007bae98558167
990023.0,554545,python,[JIT],0x00007b13c67f6df4
990023.0,554532,python,[JIT],0x00007f3be24a93ec
990021.0,554572,python,[JIT],0x000071d3e60455c3
990020.0,554520,python,[JIT],0x00007bae985628b3
990019.0,554508,python,[JIT],0x000074d16321a0e3
990017.0,554532,python,[JIT],0x00007f3be2d66320
990017.0,554532,python,[JIT],0x00007f3be24b3299
990016.0,554572,python,[JIT],0x000071d3e604b87c
990016.0,554559,python,[JIT],0x000074472c092c6f
990016.0,554508,python,[kernel.kallsyms],syscall_return_via_sysret
990010.0,554532,python,[JIT],0x00007f3be24a913e
990010.0,554545,python,[JIT],0x00007b13c67ebccf
990009.0,554545,python,[kernel.kallsyms],pte_mkwrite
990008.0,554572,python,[JIT],0x000071d3e604e14d
990003.0,554559,python,[JIT],0x000074472c09027e
990002.0,554520,python,[JIT],0x00007bae98562ba1
990000.0,554508,python,[JIT],0x000074d163216b4f
990000.0,554498,python,python,madvise@plt
989999.0,554572,python,[JIT],0x000071d3e60533b9
989998.0,554559,python,[JIT],0x000074472c08ca0c
989994.0,554498,python,[JIT],0x00007a47e282d525
989991.0,554508,python,[JIT],0x000074d163219c3b
989988.0,554559,python,[JIT],0x000074472c095b43
989987.0,554572,python,[JIT],0x000071d3e6051de0
989986.0,554508,python,[JIT],0x000074d1632270dc
989985.0,554520,python,[JIT],0x00007bae9855b000
989984.0,554572,python,libc.so.6,unlink_chunk.isra.0
989983.0,554572,python,[JIT],0x000071d3e604e845
989980.0,554545,python,[JIT],0x00007b13c67ec214
989977.0,554520,python,[JIT],0x00007bae9855c7a8
989977.0,554498,python,resource.cpython-316-x86_64-linux-gnu.so,PyModule_GetState@plt
989976.0,554498,python,[kernel.kallsyms],p4d_offset
989976.0,554498,python,[JIT],0x00007a47e2846406
989975.0,554559,python,[JIT],0x000074472c098288
989975.0,554508,python,[JIT],0x000074d163227330
989974.0,554508,python,[JIT],0x000074d16321f651
989973.0,554498,python,[JIT],0x00007a47e28441e0
989970.0,554572,python,[JIT],0x000071d3e6051d4e
989962.0,554520,python,[JIT],0x00007bae9855c63d
989958.0,554508,python,[JIT],0x000074d1632120ea
989958.0,554532,python,[JIT],0x00007f3be24bfb31
989958.0,554498,python,[JIT],0x00007a47e2834bc3
989953.0,554545,python,python,PyArg_UnpackTuple
989948.0,554559,python,[JIT],0x000074472c0968c8
989947.0,554520,python,[JIT],0x00007bae9855cf6f
989947.0,554520,python,[JIT],0x00007bae98562056
989944.0,554559,python,[JIT],0x000074472c090649
989943.0,554498,python,[JIT],0x00007a47e28354a5
989942.0,554520,python,[JIT],0x00007bae98551114
989940.0,554508,python,[JIT],0x000074d16321f2bc
989935.0,554532,python,[kernel.kallsyms],folio_remove_rmap_ptes
989932.0,554559,python,[JIT],0x000074472c935263
989929.0,554508,python,[kernel.kallsyms],mm_counter
989929.0,554498,python,[JIT],0x00007a47e283c628
989927.0,554498,python,[JIT],0x00007a47e282e648
989926.0,554559,python,[JIT],0x000074472c09b891
989920.0,554572,python,[JIT],0x000071d3e6051392
989919.0,554545,python,[JIT],0x00007b13c6a86528
989918.0,554498,python,[JIT],0x00007a47e2843ea7
989917.0,554572,python,python,_PyObject_GC_New
989916.0,554508,python,[JIT],0x000074d163219c34
989915.0,554572,python,[JIT],0x000071d3e6048567
989915.0,554572,python,[JIT],0x000071d3e605a10c
989915.0,554559,python,[JIT],0x000074472c08f1d6
989913.0,554498,python,[JIT],0x00007a47e2844149
989912.0,554572,python,[JIT],0x000071d3e604505a
989908.0,554520,python,[JIT],0x00007bae9855f2b8
989905.0,554572,python,[JIT],0x000071d3e605126f
989905.0,554508,python,[JIT],0x000074d16321fe31
989903.0,554559,python,[JIT],0x000074472c09b4b0
989903.0,554532,python,[JIT],0x00007f3be24aa738
989900.0,554498,python,[kernel.kallsyms],vma_prepare
989899.0,554532,python,[JIT],0x00007f3be24b74fd
989898.0,554498,python,[JIT],0x00007a47e2830060
989895.0,554559,python,[JIT],0x000074472c093464
989895.0,554559,python,[JIT],0x000074472c095405
989895.0,554498,python,[JIT],0x00007a47e28441ef
989893.0,554520,python,[JIT],0x00007bae98563019
989893.0,554532,python,[JIT],0x00007f3be24aa6a3
989889.0,554520,python,[JIT],0x00007bae98563254
989887.0,554508,python,[JIT],0x000074d1632200d0
989882.0,554520,python,[JIT],0x00007bae98562dc7
989882.0,554520,python,[JIT],0x00007bae9855552b
989882.0,554532,python,[JIT],0x00007f3be2d6531d
989881.0,554520,python,[JIT],0x00007bae9855f95a
989878.0,554498,python,[JIT],0x00007a47e2843930
989877.0,554572,python,[JIT],0x000071d3e60514e0
989876.0,554532,python,[JIT],0x00007f3be24b40ab
989876.0,554508,python,[JIT],0x000074d16320f838
989874.0,554532,python,[JIT],0x00007f3be24a9463
989874.0,554508,python,[JIT],0x000074d16320f3a1
989871.0,554572,python,[JIT],0x000071d3e6051fb9
989869.0,554545,python,[kernel.kallsyms],_raw_spin_lock
989867.0,554572,python,[JIT],0x000071d3e60484b8
989864.0,554508,python,[JIT],0x000074d16321f0f1
989860.0,554520,python,[JIT],0x00007bae98562cba
989860.0,554559,python,[JIT],0x000074472c09856d
989857.0,554545,python,[JIT],0x00007b13c67f6138
989856.0,554559,python,[JIT],0x000074472c934270
989856.0,554508,python,[JIT],0x000074d16321f4c1
989855.0,554559,python,[JIT],0x000074472c08f405
989854.0,554532,python,[JIT],0x00007f3be24ac262
989853.0,554559,python,[kernel.kallsyms],folio_add_new_anon_rmap
989850.0,554572,python,[JIT],0x000071d3e604f196
989849.0,554572,python,[JIT],0x000071d3e60449be
989848.0,554559,python,[JIT],0x000074472c09c0ad
989847.0,554532,python,[JIT],0x00007f3be24c00aa
989846.0,554532,python,[JIT],0x00007f3be24b050e
989846.0,554498,python,[JIT],0x00007a47e283c5ea
989845.0,554559,python,[JIT],0x000074472c934604
989844.0,554532,python,[JIT],0x00007f3be24bfeb8
989843.0,554508,python,[JIT],0x000074d16321c6bf
989841.0,554559,python,[JIT],0x000074472c09b3af
989840.0,554520,python,[kernel.kallsyms],folio_add_lru_vma
989839.0,554572,python,[kernel.kallsyms],__rb_insert_augmented
989839.0,554545,python,[JIT],0x00007b13c67f633a
989836.0,554520,python,[JIT],0x00007bae98560415
989835.0,554532,python,[JIT],0x00007f3be24b3172
989834.0,554520,python,[JIT],0x00007bae985607ae
989833.0,554508,python,[JIT],0x000074d163214b64
989831.0,554559,python,[JIT],0x000074472c093907
989830.0,554572,python,[JIT],0x000071d3e6047d63
989830.0,554559,python,[JIT],0x000074472c09b96f
989826.0,554572,python,[JIT],0x000071d3e6041269
989826.0,554508,python,[JIT],0x000074d16321fdc7
989821.0,554520,python,[JIT],0x00007bae9855c552
989815.0,554508,python,[JIT],0x000074d16321fc9d
989813.0,554532,python,[JIT],0x00007f3be24ad127
989811.0,554572,python,[kernel.kallsyms],__mod_node_page_state
989811.0,554520,python,python,dict_update
989809.0,554508,python,[kernel.kallsyms],get_mmap_base
989802.0,554520,python,[JIT],0x00007bae9855fb59
989800.0,554559,python,[JIT],0x000074472c09940a
989799.0,554508,python,[JIT],0x000074d16321fd0f
989798.0,554520,python,[JIT],0x00007bae985607ec
989794.0,554498,python,[JIT],0x00007a47e2839119
989793.0,554508,python,python,dictresize
989792.0,554498,python,[JIT],0x00007a47e2843f65
989791.0,554572,python,[JIT],0x000071d3e605a68e
989789.0,554498,python,[JIT],0x00007a47e2832117
989788.0,554559,python,[JIT],0x000074472c09ba58
989788.0,554508,python,[JIT],0x000074d16322900a
989787.0,554508,python,[JIT],0x000074d1632201ef
989785.0,554559,python,[JIT],0x000074472c095f48
989784.0,554508,python,[JIT],0x000074d16321a678
989783.0,554508,python,[JIT],0x000074d16321740c
989781.0,554508,python,[JIT],0x000074d16321f818
989781.0,554545,python,python,PyObject_GC_Del
989778.0,554498,python,[JIT],0x00007a47e2843723
989776.0,554520,python,[JIT],0x00007bae9855c4c3
989775.0,554532,python,[JIT],0x00007f3be24aa6dd
989775.0,554498,python,python,PyObject_Free
989774.0,554559,python,[JIT],0x000074472c09b517
989770.0,554532,python,[JIT],0x00007f3be24b317f
989767.0,554520,python,[JIT],0x00007bae985631ff
989757.0,554559,python,[kernel.kallsyms],__memcg_slab_post_alloc_hook
989755.0,554520,python,[JIT],0x00007bae98556743
989755.0,554545,python,[JIT],0x00007b13c67eb23d
989752.0,554520,python,[JIT],0x00007bae9856316d
989752.0,554498,python,[JIT],0x00007a47e28384e3
989751.0,554532,python,[JIT],0x00007f3be24b3eb3
989749.0,554520,python,[JIT],0x00007bae985663dd
989747.0,554498,python,python,PyTime_PerfCounterRaw
989746.0,554520,python,[kernel.kallsyms],__pte_alloc
989742.0,554508,python,[JIT],0x000074d16321f16e
989739.0,554559,python,[JIT],0x000074472c09b847
989732.0,554508,python,python,memset@plt
989729.0,554572,python,[JIT],0x000071d3e604436c
989728.0,554559,python,[JIT],0x000074472c09b9af
989727.0,554572,python,[JIT],0x000071d3e6051dae
989726.0,554532,python,[JIT],0x00007f3be24b038d
989725.0,554572,python,[JIT],0x000071d3e6051ee4
989724.0,554532,python,[JIT],0x00007f3be24b33cd
989723.0,554559,python,[JIT],0x000074472c098d8a
989723.0,554545,python,[kernel.kallsyms],__split_vma
989718.0,554508,python,python,PyObject_Call
989714.0,554532,python,[JIT],0x00007f3be2d662f4
989710.0,554572,python,[JIT],0x000071d3e60511a2
989704.0,554520,python,[JIT],0x00007bae9855c5c3
989701.0,554520,python,[JIT],0x00007bae9855c6c9
989699.0,554532,python,[JIT],0x00007f3be24b6c27
989697.0,554498,python,[JIT],0x00007a47e2843cee
989689.0,554498,python,[JIT],0x00007a47e284336a
989689.0,554498,python,[JIT],0x00007a47e2843db2
989687.0,554572,python,[JIT],0x000071d3e605104c
989686.0,554532,python,[JIT],0x00007f3be24a9565
989682.0,554498,python,[kernel.kallsyms],cap_mmap_file
989681.0,554508,python,[kernel.kallsyms],try_charge_memcg
989680.0,554572,python,[JIT],0x000071d3e605134f
989680.0,554520,python,[kernel.kallsyms],syscall_return_via_sysret
989680.0,554520,python,[JIT],0x00007bae98562ea5
989680.0,554559,python,[JIT],0x000074472c09bf4e
989678.0,554559,python,[kernel.kallsyms],_find_first_bit
989678.0,554532,python,[JIT],0x00007f3be24bfdb7
989677.0,554559,python,[JIT],0x000074472c09bc61
989676.0,554520,python,[JIT],0x00007bae98562902
989676.0,554532,python,python,PyErr_Occurred
989674.0,554559,python,[JIT],0x000074472c08b45b
989673.0,554520,python,[JIT],0x00007bae985629a4
989667.0,554532,python,[JIT],0x00007f3be24ad149
989659.0,554559,python,python,_PyMem_RawFree
989658.0,554545,python,python,PyObject_Malloc
989656.0,554498,python,[JIT],0x00007a47e28430b3
989652.0,554498,python,[JIT],0x00007a47e2845375
989649.0,554520,python,[JIT],0x00007bae9855ce27
989647.0,554508,python,[JIT],0x000074d16321f379
989647.0,554545,python,[JIT],0x00007b13c67ec0ef
989644.0,554520,python,[kernel.kallsyms],memcg_check_events
989643.0,554572,python,[kernel.kallsyms],native_write_msr
989636.0,554572,python,[JIT],0x000071d3e6051707
989636.0,554520,python,[JIT],0x00007bae98562a4a
989635.0,554545,python,[JIT],0x00007b13c67f69d4
989629.0,554520,python,[JIT],0x00007bae985541c3
989628.0,554508,python,[JIT],0x000074d16321fea5
989625.0,554559,python,python,_PyObject_Call_Prepend
989624.0,554572,python,[JIT],0x000071d3e6044f3a
989624.0,554498,python,[JIT],0x00007a47e2832593
989620.0,554498,python,[JIT],0x00007a47e2843b8c
989618.0,554498,python,[JIT],0x00007a47e2843056
989616.0,554508,python,[JIT],0x000074d16321a047
989614.0,554545,python,[JIT],0x00007b13c67ebb7b
989605.0,554559,python,[kernel.kallsyms],__pte_offset_map_lock
989602.0,554559,python,[kernel.kallsyms],do_anonymous_page
989601.0,554520,python,[JIT],0x00007bae9856272a
989599.0,554520,python,[JIT],0x00007bae98563016
989599.0,554532,python,[kernel.kallsyms],amd_clear_divider
989599.0,554520,python,[JIT],0x00007bae98562be1
989592.0,554572,python,[JIT],0x000071d3e6051442
989582.0,554572,python,[JIT],0x000071d3e604558c
989577.0,554520,python,[JIT],0x00007bae9855c129
989575.0,554520,python,[kernel.kallsyms],__memcg_slab_free_hook
989574.0,554572,python,python,list_vectorcall
989571.0,554572,python,[JIT],0x000071d3e605170f
989571.0,554520,python,[JIT],0x00007bae985514e1
989570.0,554532,python,[kernel.kallsyms],acct_account_cputime
989566.0,554572,python,[JIT],0x000071d3e60432c5
989565.0,554559,python,[JIT],0x000074472c0a322e
989556.0,554532,python,[JIT],0x00007f3be24bfb92
989552.0,554572,python,[kernel.kallsyms],mas_rev_awalk
989551.0,554559,python,[JIT],0x000074472c0a4297
989550.0,554532,python,[JIT],0x00007f3be24c0207
989542.0,554532,python,[JIT],0x00007f3be24b30a7
989540.0,554572,python,[JIT],0x000071d3e604012d
989539.0,554498,python,libc.so.6,read
989536.0,554520,python,[JIT],0x00007bae98558343
989533.0,554532,python,[JIT],0x00007f3be24bf568
989533.0,554498,python,[JIT],0x00007a47e2ad7118
989531.0,554498,python,[JIT],0x00007a47e2ad7293
989530.0,554559,python,[JIT],0x000074472c09b707
989528.0,554532,python,[JIT],0x00007f3be24bf3d4
989516.0,554559,python,[JIT],0x000074472c09bcba
989511.0,554572,python,[JIT],0x000071d3e604bb43
989511.0,554498,python,[kernel.kallsyms],calc_global_load_tick
989508.0,554545,python,[JIT],0x00007b13c67f657c
989504.0,554532,python,[JIT],0x00007f3be24bf132
989504.0,554545,python,[JIT],0x00007b13c67f60b3
989502.0,554532,python,[JIT],0x00007f3be24b4178
989498.0,554498,python,[JIT],0x00007a47e28438cb
989490.0,554498,python,[JIT],0x00007a47e28390f7
989489.0,554532,python,[kernel.kallsyms],vm_normal_page
989487.0,554559,python,[JIT],0x000074472c09b82d
989485.0,554508,python,[kernel.kallsyms],__mod_memcg_lruvec_state
989482.0,554498,python,[JIT],0x00007a47e28430eb
989481.0,554498,python,[JIT],0x00007a47e2844022
989478.0,554508,python,[JIT],0x000074d16321650e
989476.0,554572,python,[kernel.kallsyms],memcpy_orig
989475.0,554545,python,[kernel.kallsyms],__folio_throttle_swaprate
989470.0,554572,python,[JIT],0x000071d3e6051c79
989467.0,554508,python,[kernel.kallsyms],exc_page_fault
989464.0,554572,python,[JIT],0x000071d3e6051b11
989463.0,554498,python,[JIT],0x00007a47e28438b3
989462.0,554520,python,[JIT],0x00007bae97f4097a
989461.0,554559,python,[JIT],0x000074472c09b241
989451.0,554572,python,[JIT],0x000071d3e605a015
989445.0,554559,python,[kernel.kallsyms],alloc_pages_mpol
989442.0,554572,python,[JIT],0x000071d3e6059410
989436.0,554498,python,[JIT],0x00007a47e28316da
989432.0,554559,python,[JIT],0x000074472c09be84
989425.0,554498,python,python,subtype_traverse
989424.0,554559,python,[JIT],0x000074472c090064
989424.0,554508,python,[JIT],0x000074d16321a71f
989421.0,554520,python,[JIT],0x00007bae98562877
989420.0,554508,python,[JIT],0x000074d163213636
989419.0,554498,python,[JIT],0x00007a47e284326f
989417.0,554532,python,[JIT],0x00007f3be24bf532
989413.0,554532,python,[JIT],0x00007f3be24bf649
989411.0,554532,python,[JIT],0x00007f3be24bf9b5
989410.0,554508,python,[JIT],0x000074d16321f910
989405.0,554559,python,[kernel.kallsyms],sched_clock_noinstr
989404.0,554508,python,[JIT],0x000074d16320f54e
989399.0,554520,python,[JIT],0x00007bae9855c3ac
989396.0,554545,python,[JIT],0x00007b13c67f3316
989388.0,554520,python,[JIT],0x00007bae9855839d
989382.0,554559,python,[JIT],0x000074472c083a0f
989381.0,554508,python,[JIT],0x000074d163213d63
989378.0,554572,python,python,_PyObject_SetAttributeErrorContext
989374.0,554508,python,[kernel.kallsyms],tlb_finish_mmu
989372.0,554559,python,[JIT],0x000074472c9340b3
989368.0,554498,python,[JIT],0x00007a47e2ad6604
989361.0,554572,python,[JIT],0x000071d3e6051f4e
989359.0,554498,python,[JIT],0x00007a47e282e858
989357.0,554508,python,[JIT],0x000074d1632106a3
989354.0,554559,python,[JIT],0x000074472c09b191
989350.0,554559,python,[kernel.kallsyms],read_tsc
989346.0,554572,python,[JIT],0x000071d3e60518de
989345.0,554545,python,[JIT],0x00007b13c67e06ca
989340.0,554532,python,[kernel.kallsyms],__anon_vma_interval_tree_remove
989339.0,554532,python,[JIT],0x00007f3be24b6aef
989339.0,554532,python,[JIT],0x00007f3be24bf2cd
989338.0,554559,python,[kernel.kallsyms],mksaveddirty_shift
989335.0,554520,python,python,PyErr_ExceptionMatches
989335.0,554498,python,[kernel.kallsyms],update_rq_clock
989333.0,554520,python,[JIT],0x00007bae985628af
989322.0,554520,python,[JIT],0x00007bae98562f78
989320.0,554520,python,[JIT],0x00007bae985540c7
989314.0,554559,python,[JIT],0x000074472c09b36f
989313.0,554572,python,[JIT],0x000071d3e60420ff
989301.0,554559,python,[JIT],0x000074472c935392
989299.0,554559,python,[JIT],0x000074472c08fa04
989299.0,554545,python,[JIT],0x00007b13c67e107e
989298.0,554520,python,[JIT],0x00007bae9855c524
989297.0,554559,python,[JIT],0x000074472c08fedf
989295.0,554520,python,[kernel.kallsyms],folio_add_lru_vma
989292.0,554520,python,[JIT],0x00007bae98555c49
989291.0,554572,python,[JIT],0x000071d3e60353bb
989290.0,554520,python,[JIT],0x00007bae985665c2
989288.0,554559,python,[JIT],0x000074472c09b096
989285.0,554520,python,[JIT],0x00007bae9855db44
989279.0,554559,python,python,_PyUnicodeWriter_Finish
989278.0,554532,python,[kernel.kallsyms],irqentry_enter_from_user_mode
989277.0,554520,python,[JIT],0x00007bae98552c45
989277.0,554520,python,[JIT],0x00007bae98560210
989267.0,554520,python,[JIT],0x00007bae985651ec
989259.0,554498,python,[JIT],0x00007a47e28437d9
989251.0,554532,python,[JIT],0x00007f3be24bfe92
989247.0,554520,python,[JIT],0x00007bae9855ce7e
989246.0,554532,python,python,PyArg_UnpackTuple
989246.0,554520,python,[JIT],0x00007bae9856668b
989245.0,554572,python,[JIT],0x000071d3e6051d79
989240.0,554545,python,[kernel.kallsyms],free_unref_page_list
989230.0,554520,python,[JIT],0x00007bae9856217f
989229.0,554508,python,[JIT],0x000074d163220203
989228.0,554572,python,[JIT],0x000071d3e604e77d
989222.0,554520,python,[kernel.kallsyms],raw_notifier_call_chain
989222.0,554520,python,[JIT],0x00007bae985663e7
989214.0,554559,python,[JIT],0x000074472c0a33ae
989212.0,554559,python,[JIT],0x000074472c08b30a
989212.0,554498,python,[JIT],0x00007a47e2838c61
989209.0,554545,python,[kernel.kallsyms],exc_page_fault
989197.0,554498,python,[JIT],0x00007a47e284315f
989194.0,554572,python,[JIT],0x000071d3e6041c62
989194.0,554508,python,[JIT],0x000074d1632199a4
989192.0,554508,python,[JIT],0x000074d16321f43e
989185.0,554508,python,[JIT],0x000074d16322837d
989174.0,554559,python,[JIT],0x000074472c935324
989167.0,554508,python,python,dictiter_dealloc
989167.0,554508,python,[JIT],0x000074d16321a453
989160.0,554498,python,libc.so.6,malloc_consolidate
989158.0,554532,python,[JIT],0x00007f3be24c01d3
989154.0,554520,python,[JIT],0x00007bae98567246
989151.0,554559,python,[JIT],0x000074472c0920c3
989142.0,554572,python,[JIT],0x000071d3e604e191
989137.0,554520,python,[JIT],0x00007bae98562745
989133.0,554498,python,[JIT],0x00007a47e2838ec0
989132.0,554532,python,[JIT],0x00007f3be24b34eb
989132.0,554498,python,[JIT],0x00007a47e28388b7
989131.0,554520,python,[JIT],0x00007bae9855568a
989128.0,554572,python,[kernel.kallsyms],__mem_cgroup_charge
989121.0,554498,python,[kernel.kallsyms],__anon_vma_interval_tree_remove
989114.0,554508,python,[JIT],0x000074d1632132d5
989112.0,554498,python,[JIT],0x00007a47e28460c7
989111.0,554532,python,[JIT],0x00007f3be24bf4d7
989110.0,554532,python,[kernel.kallsyms],sysvec_apic_timer_interrupt
989107.0,554520,python,[JIT],0x00007bae9855f254
989107.0,554520,python,[JIT],0x00007bae98565344
989107.0,554508,python,[JIT],0x000074d16321c45c
989106.0,554532,python,[kernel.kallsyms],strscpy
989103.0,554572,python,[JIT],0x000071d3e6051306
989095.0,554520,python,[JIT],0x00007bae9855940c
989093.0,554498,python,[JIT],0x00007a47e283c1c3
989089.0,554559,python,[JIT],0x000074472c08b323
989089.0,554532,python,[JIT],0x00007f3be24b48c8
989086.0,554559,python,[JIT],0x000074472c09be67
989084.0,554559,python,[JIT],0x000074472c09bf6e
989082.0,554508,python,[JIT],0x000074d1632175ea
989081.0,554532,python,[JIT],0x00007f3be24c0059
989075.0,554545,python,[kernel.kallsyms],rcu_sched_clock_irq
989074.0,554498,python,[JIT],0x00007a47e284641e
989069.0,554520,python,[JIT],0x00007bae9855971f
989065.0,554559,python,[JIT],0x000074472c08f67b
989059.0,554508,python,[JIT],0x000074d163219c3f
989057.0,554545,python,python,get_exception_handler.isra.0
989056.0,554508,python,[JIT],0x000074d163219060
989048.0,554559,python,[JIT],0x000074472c08f3be
989045.0,554508,python,[JIT],0x000074d163219c14
989040.0,554572,python,[JIT],0x000071d3e6051927
989030.0,554559,python,[JIT],0x000074472c09bbb3
989029.0,554498,python,[JIT],0x00007a47e284399c
989028.0,554559,python,[JIT],0x000074472c098b80
989027.0,554508,python,[JIT],0x000074d16321937a
989024.0,554545,python,python,PyObject_IS_GC
989023.0,554508,python,[JIT],0x000074d16321ca66
989014.0,554572,python,[kernel.kallsyms],get_pfnblock_flags_mask
989013.0,554572,python,[JIT],0x000071d3e60433ca
989007.0,554498,python,[JIT],0x00007a47e2843788
989004.0,554572,python,[JIT],0x000071d3e6051445
988998.0,554559,python,[JIT],0x000074472c08e05c
988997.0,554572,python,libc.so.6,malloc_consolidate
988997.0,554508,python,[JIT],0x000074d163220258
988994.0,554532,python,[JIT],0x00007f3be24ae71f
988989.0,554508,python,[JIT],0x000074d16320f60d
988986.0,554559,python,[JIT],0x000074472c08f55c
988984.0,554498,python,[JIT],0x00007a47e28313a9
988972.0,554520,python,[JIT],0x00007bae9856231e
988971.0,554559,python,[JIT],0x000074472c09be63
988966.0,554532,python,[kernel.kallsyms],native_write_msr
988965.0,554545,python,[JIT],0x00007b13c6a87120
988964.0,554559,python,[JIT],0x000074472c09bbae
988964.0,554559,python,[JIT],0x000074472c09bcd6
988963.0,554559,python,[JIT],0x000074472c09944d
988960.0,554532,python,[JIT],0x00007f3be24ae06f
988956.0,554508,python,[JIT],0x000074d16321c208
988955.0,554508,python,[JIT],0x000074d16320f2fe
988955.0,554508,python,[JIT],0x000074d16321fe1c
988954.0,554559,python,[JIT],0x000074472c08f0dc
988952.0,554532,python,[JIT],0x00007f3be24b0ff2
988952.0,554498,python,[JIT],0x00007a47e284347c
988951.0,554498,python,[JIT],0x00007a47e283267c
988950.0,554532,python,[JIT],0x00007f3be24a92d4
988949.0,554520,python,[JIT],0x00007bae985607ae
988944.0,554572,python,[kernel.kallsyms],folio_remove_rmap_ptes
988943.0,554508,python,[JIT],0x000074d16321d7be
988940.0,554545,python,[JIT],0x00007b13c67ebc80
988935.0,554559,python,[kernel.kallsyms],folio_add_lru_vma
988931.0,554498,python,[JIT],0x00007a47e284400e
988923.0,554498,python,[kernel.kallsyms],enqueue_hrtimer
988920.0,554572,python,[kernel.kallsyms],xas_find
988919.0,554572,python,[JIT],0x000071d3e604f02f
988916.0,554572,python,[JIT],0x000071d3e6051df9
988915.0,554545,python,[JIT],0x00007b13c67eb121
988911.0,554545,python,[JIT],0x00007b13c67f6771
988909.0,554572,python,[kernel.kallsyms],__hrtimer_run_queues
988908.0,554572,python,[JIT],0x000071d3e6040d9a
988906.0,554532,python,[JIT],0x00007f3be24bf5ba
988902.0,554559,python,[JIT],0x000074472c935207
988896.0,554498,python,[JIT],0x00007a47e28317fa
988892.0,554572,python,[JIT],0x000071d3e60533a1
988892.0,554520,python,[JIT],0x00007bae98563192
988892.0,554532,python,[JIT],0x00007f3be24ad9fe
988891.0,554559,python,[JIT],0x000074472c09588c
988889.0,554559,python,[JIT],0x000074472c09667c
988888.0,554520,python,[JIT],0x00007bae98555edf
988885.0,554498,python,[JIT],0x00007a47e28441d3
988879.0,554559,python,[JIT],0x000074472c08d064
988879.0,554498,python,[JIT],0x00007a47e283023d
988875.0,554498,python,[JIT],0x00007a47e2843636
988871.0,554498,python,[JIT],0x00007a47e282eb2e
988856.0,554520,python,[JIT],0x00007bae98560634
988852.0,554508,python,python,PyType_IsSubtype
988848.0,554508,python,[JIT],0x000074d163229438
988848.0,554520,python,[JIT],0x00007bae9856261d
988837.0,554520,python,[JIT],0x00007bae98562f9e
988834.0,554508,python,[kernel.kallsyms],percpu_counter_add_batch
988833.0,554532,python,[JIT],0x00007f3be24b6503
988829.0,554520,python,[JIT],0x00007bae98564120
988828.0,554572,python,python,cfunction_vectorcall_NOARGS
988824.0,554559,python,[JIT],0x000074472c09c0e1
988822.0,554572,python,[JIT],0x000071d3e60513db
988822.0,554572,python,[JIT],0x000071d3e6051c68
988818.0,554559,python,[JIT],0x000074472c0961ad
988813.0,554559,python,[JIT],0x000074472c09ba58
988812.0,554520,python,[kernel.kallsyms],jbd2_journal_put_journal_head
988811.0,554498,python,[JIT],0x00007a47e283c303
988808.0,554498,python,[JIT],0x00007a47e2831c21
988802.0,554520,python,[JIT],0x00007bae97f40070
988787.0,554559,python,[JIT],0x000074472c09b4e0
988786.0,554498,python,[JIT],0x00007a47e2843ce3
988776.0,554532,python,[JIT],0x00007f3be24aa181
988772.0,554572,python,[JIT],0x000071d3e6051a0c
988772.0,554498,python,[JIT],0x00007a47e2843a19
988759.0,554520,python,[JIT],0x00007bae98562f65
988754.0,554520,python,[JIT],0x00007bae9855962c
988749.0,554572,python,[JIT],0x000071d3e605108b
988740.0,554508,python,[JIT],0x000074d16321f233
988735.0,554520,python,[JIT],0x00007bae9855200a
988733.0,554572,python,[JIT],0x000071d3e604e9a9
988725.0,554520,python,[JIT],0x00007bae985622c4
988724.0,554532,python,[JIT],0x00007f3be24bf45c
988713.0,554508,python,[JIT],0x000074d1632273c1
988710.0,554572,python,[kernel.kallsyms],__remove_hrtimer
988707.0,554559,python,[JIT],0x000074472c099605
988700.0,554572,python,[JIT],0x000071d3e6051f6a
988694.0,554572,python,[JIT],0x000071d3e605330b
988684.0,554559,python,[JIT],0x000074472c09b233
988683.0,554572,python,[JIT],0x000071d3e6041c37
988673.0,554572,python,[JIT],0x000071d3e605176e
988673.0,554545,python,[JIT],0x00007b13c67f6d76
988671.0,554559,python,python,long_add_method
988671.0,554520,python,python,arena_map_mark_used
988671.0,554559,python,[JIT],0x000074472c0987ef
988669.0,554572,python,[JIT],0x000071d3e6051923
988668.0,554532,python,[kernel.kallsyms],update_cfs_group
988667.0,554572,python,[JIT],0x000071d3e6051ca6
988661.0,554520,python,[kernel.kallsyms],get_mem_cgroup_from_mm
988658.0,554520,python,[kernel.kallsyms],folio_remove_rmap_ptes
988646.0,554508,python,[JIT],0x000074d16321c574
988643.0,554572,python,[JIT],0x000071d3e604109d
988636.0,554520,python,[JIT],0x00007bae9855f0cb
988633.0,554532,python,[JIT],0x00007f3be24bfe21
988628.0,554520,python,[JIT],0x00007bae985670b9
988622.0,554520,python,[kernel.kallsyms],__x64_sys_brk
988618.0,554520,python,[JIT],0x00007bae98562079
988616.0,554532,python,[JIT],0x00007f3be24b00f4
988613.0,554572,python,[kernel.kallsyms],avg_vruntime
988610.0,554520,python,[JIT],0x00007bae9855fa9f
988607.0,554520,python,[JIT],0x00007bae98562ecb
988602.0,554498,python,[JIT],0x00007a47e2843e75
988600.0,554559,python,[JIT],0x000074472c09bd57
988594.0,554520,python,[kernel.kallsyms],obj_cgroup_charge
988592.0,554520,python,[JIT],0x00007bae98566401
988591.0,554498,python,[JIT],0x00007a47e283b139
988585.0,554520,python,[JIT],0x00007bae9855f00a
988584.0,554520,python,[JIT],0x00007bae9855d59d
988576.0,554508,python,[JIT],0x000074d1632197d3
988570.0,554498,python,python,_PyObject_VectorcallDictTstate
988564.0,554498,python,[JIT],0x00007a47e2843f2d
988563.0,554532,python,[kernel.kallsyms],lock_vma_under_rcu
988552.0,554498,python,[JIT],0x00007a47e2843fb0
988531.0,554532,python,[JIT],0x00007f3be24c0150
988524.0,554498,python,[JIT],0x00007a47e2843e8c
988523.0,554559,python,[JIT],0x000074472c0993fe
988522.0,554559,python,[kernel.kallsyms],__ext4_handle_dirty_metadata
988510.0,554572,python,[JIT],0x000071d3e6053384
988505.0,554559,python,[JIT],0x000074472c0987f3
988503.0,554572,python,[kernel.kallsyms],madvise_walk_vmas
988485.0,554508,python,python,_PySet_Contains
988484.0,554508,python,[JIT],0x000074d1632175b2
988479.0,554520,python,[JIT],0x00007bae98562a3f
988470.0,554572,python,[kernel.kallsyms],mas_empty_area_rev
988469.0,554559,python,[JIT],0x000074472c08b330
988468.0,554520,python,python,PyUnicode_FromString
988468.0,554508,python,[kernel.kallsyms],__lruvec_stat_mod_folio
988446.0,554559,python,[JIT],0x000074472c095149
988443.0,554508,python,[JIT],0x000074d16321fbb6
988441.0,554508,python,[JIT],0x000074d16320f3e1
988441.0,554498,python,[JIT],0x00007a47e28441fb
988436.0,554532,python,[kernel.kallsyms],blk_cgroup_congested
988434.0,554572,python,[kernel.kallsyms],security_mmap_file
988429.0,554532,python,[JIT],0x00007f3be24bf3a3
988425.0,554520,python,python,PyMem_Free
988418.0,554545,python,python,_Py_CheckFunctionResult
988413.0,554498,python,[JIT],0x00007a47e282e494
988410.0,554508,python,[JIT],0x000074d163216110
988408.0,554572,python,[JIT],0x000071d3e60513a3
988404.0,554559,python,[JIT],0x000074472c0856a5
988388.0,554508,python,[JIT],0x000074d163216552
988385.0,554532,python,[JIT],0x00007f3be24b0dd6
988385.0,554532,python,[JIT],0x00007f3be24bf8c2
988381.0,554572,python,[JIT],0x000071d3e604c098
988379.0,554559,python,[JIT],0x000074472c08f3af
988379.0,554532,python,[JIT],0x00007f3be24c0149
988375.0,554508,python,[JIT],0x000074d16321a752
988361.0,554559,python,[JIT],0x000074472c934265
988360.0,554532,python,[JIT],0x00007f3be24b3f6f
988355.0,554559,python,[JIT],0x000074472c0963a9
988351.0,554559,python,[JIT],0x000074472c08c0d6
988347.0,554532,python,python,merge_at
988341.0,554572,python,[JIT],0x000071d3e604b5f9
988341.0,554532,python,[JIT],0x00007f3be24b1299
988328.0,554532,python,[JIT],0x00007f3be24b6fde
988324.0,554532,python,[kernel.kallsyms],access_error
988320.0,554532,python,[JIT],0x00007f3be24ad2c5
988314.0,554572,python,[JIT],0x000071d3e6043459
988309.0,554572,python,[JIT],0x000071d3e6040406
988305.0,554545,python,[JIT],0x00007b13c67ec607
988303.0,554559,python,[JIT],0x000074472c08b7ac
988299.0,554520,python,[JIT],0x00007bae985623db
988298.0,554532,python,[JIT],0x00007f3be24b1334
988293.0,554508,python,python,PyObject_VisitManagedDict
988293.0,554498,python,[kernel.kallsyms],mem_cgroup_from_task
988291.0,554559,python,[JIT],0x000074472c0a3052
988290.0,554520,python,[JIT],0x00007bae98562de0
988283.0,554572,python,[JIT],0x000071d3e6044778
988280.0,554559,python,[JIT],0x000074472c09b7e1
988280.0,554520,python,[JIT],0x00007bae9855f540
988277.0,554520,python,[kernel.kallsyms],__mod_lruvec_state
988276.0,554572,python,[JIT],0x000071d3e604f124
988276.0,554498,python,[JIT],0x00007a47e2838003
988275.0,554508,python,[JIT],0x000074d16322000b
988270.0,554520,python,[JIT],0x00007bae985513f6
988261.0,554559,python,[kernel.kallsyms],cgroup_rstat_updated
988256.0,554532,python,[JIT],0x00007f3be24b3ccf
988252.0,554572,python,[JIT],0x000071d3e604b0fb
988246.0,554508,python,[JIT],0x000074d16320500a
988245.0,554520,python,[JIT],0x00007bae9856282d
988240.0,554498,python,[kernel.kallsyms],vma_merge
988235.0,554508,python,[JIT],0x000074d163210269
988234.0,554532,python,[JIT],0x00007f3be24bf32b
988234.0,554508,python,[JIT],0x000074d16321f7fe
988232.0,554520,python,[JIT],0x00007bae985567a1
988231.0,554532,python,[JIT],0x00007f3be24b42a0
988230.0,554498,python,[JIT],0x00007a47e2838c2a
988227.0,554508,python,[JIT],0x000074d16321d5d5
988226.0,554508,python,python,dict_iter
988221.0,554498,python,[JIT],0x00007a47e2844002
988199.0,554508,python,[JIT],0x000074d16321f319
988194.0,554545,python,[JIT],0x00007b13c67e02e0
988193.0,554508,python,[JIT],0x000074d16321f0ae
988192.0,554532,python,[JIT],0x00007f3be24c1257
988190.0,554559,python,[JIT],0x000074472c09b6d6
988190.0,554498,python,[JIT],0x00007a47e2834f2e
988189.0,554532,python,[JIT],0x00007f3be24b04c3
988188.0,554498,python,[JIT],0x00007a47e28394e0
988185.0,554498,python,[JIT],0x00007a47e2843f6e
988184.0,554532,python,[JIT],0x00007f3be2d65536
988184.0,554520,python,python,long_add_method
988178.0,554498,python,[JIT],0x00007a47e282e9c3
988176.0,554508,python,[JIT],0x000074d1632272d8
988172.0,554520,python,python,_PyDict_LoadBuiltinsFromGlobals
988171.0,554520,python,[JIT],0x00007bae98567114
988168.0,554532,python,[kernel.kallsyms],anon_vma_interval_tree_insert
988167.0,554559,python,libc.so.6,__strlen_avx2
988165.0,554532,python,[JIT],0x00007f3be24b6fa3
988164.0,554572,python,[JIT],0x000071d3e60510eb
988163.0,554559,python,[kernel.kallsyms],wq_select_unbound_cpu
988161.0,554520,python,[JIT],0x00007bae98556685
988160.0,554559,python,[JIT],0x000074472c09bf84
988159.0,554520,python,[JIT],0x00007bae9856529e
988159.0,554508,python,[JIT],0x000074d16321f547
988155.0,554559,python,[JIT],0x000074472c09bba5
988141.0,554572,python,[JIT],0x000071d3e604a064
988135.0,554545,python,[JIT],0x00007b13c67f6a50
988129.0,554532,python,[JIT],0x00007f3be24ad982
988128.0,554572,python,[JIT],0x000071d3e605196a
988127.0,554545,python,[JIT],0x00007b13c67ec4e0
988126.0,554572,python,[JIT],0x000071d3e60403c7
988126.0,554498,python,[JIT],0x00007a47e282ec2f
988117.0,554508,python,[kernel.kallsyms],__hrtimer_run_queues
988115.0,554545,python,[JIT],0x00007b13c67f3341
988109.0,554559,python,[JIT],0x000074472c09bfaf
988106.0,554498,python,[JIT],0x00007a47e283207d
988100.0,554559,python,[JIT],0x000074472c0932d1
988099.0,554498,python,[JIT],0x00007a47e2838b3f
988095.0,554572,python,[JIT],0x000071d3e6044462
988086.0,554508,python,[JIT],0x000074d16321f828
988086.0,554545,python,[JIT],0x00007b13c67e00dc
988084.0,554508,python,[JIT],0x000074d1632165c3
988082.0,554572,python,[JIT],0x000071d3e605208c
988072.0,554545,python,[JIT],0x00007b13c67f81fa
988060.0,554508,python,[JIT],0x000074d16321456b
988057.0,554559,python,[JIT],0x000074472c08b3dd
988056.0,554572,python,[JIT],0x000071d3e60402e9
988055.0,554572,python,[JIT],0x000071d3e60401db
988054.0,554572,python,python,malloc@plt
988054.0,554498,python,[JIT],0x00007a47e28440e1
988051.0,554532,python,[JIT],0x00007f3be24a9543
988033.0,554508,python,[JIT],0x000074d16321fba9
988032.0,554572,python,[JIT],0x000071d3e605173d
988031.0,554532,python,[JIT],0x00007f3be24adeb0
988021.0,554508,python,[JIT],0x000074d16321f581
988018.0,554508,python,[JIT],0x000074d1632121c0
988011.0,554559,python,[JIT],0x000074472c09873f
988007.0,554572,python,[JIT],0x000071d3e604e003
987995.0,554508,python,[JIT],0x000074d16321fffb
987993.0,554559,python,[JIT],0x000074472c098c1a
987990.0,554508,python,[JIT],0x000074d1634c31e9
987983.0,554559,python,[JIT],0x000074472c090b67
987979.0,554559,python,[JIT],0x000074472c09c190
987966.0,554572,python,[kernel.kallsyms],mksaveddirty_shift
987961.0,554572,python,[JIT],0x000071d3e6051973
987960.0,554559,python,[JIT],0x000074472c09b405
987957.0,554572,python,[JIT],0x000071d3e6040643
987956.0,554559,python,[JIT],0x000074472c09bc99
987954.0,554520,python,[JIT],0x00007bae9856735b
987946.0,554520,python,[JIT],0x00007bae9855f750
987945.0,554498,python,[JIT],0x00007a47e2844061
987944.0,554520,python,[JIT],0x00007bae9856733f
987942.0,554520,python,[JIT],0x00007bae985640b3
987939.0,554520,python,[JIT],0x00007bae98562831
987926.0,554559,python,python,dict_merge
987924.0,554520,python,[JIT],0x00007bae98562fad
987915.0,554572,python,[JIT],0x000071d3e605a261
987895.0,554520,python,[JIT],0x00007bae985600f1
987886.0,554520,python,[kernel.kallsyms],mem_cgroup_handle_over_high
987883.0,554498,python,[JIT],0x00007a47e28450fd
987876.0,554520,python,[JIT],0x00007bae9856270f
987875.0,554520,python,[JIT],0x00007bae98563070
987873.0,554572,python,[JIT],0x000071d3e60455bf
987871.0,554532,python,[JIT],0x00007f3be24bf850
987865.0,554508,python,[kernel.kallsyms],alloc_pages_mpol
987860.0,554498,python,[kernel.kallsyms],consume_stock
987859.0,554532,python,[JIT],0x00007f3be24bffe8
987858.0,554559,python,[kernel.kallsyms],entry_SYSRETQ_unsafe_stack
987856.0,554572,python,[JIT],0x000071d3e60449f8
987854.0,554498,python,[JIT],0x00007a47e283b1a1
987851.0,554532,python,[JIT],0x00007f3be24bff58
987850.0,554545,python,[JIT],0x00007b13c67ec195
987850.0,554498,python,[JIT],0x00007a47e28438b7
987847.0,554508,python,[JIT],0x000074d16321fd67
987846.0,554508,python,[JIT],0x000074d163217762
987836.0,554508,python,[JIT],0x000074d16321d1e0
987824.0,554508,python,[kernel.kallsyms],mas_next_slot
987812.0,554532,python,[JIT],0x00007f3be2d655b1
987808.0,554520,python,[JIT],0x00007bae98555db1
987767.0,554498,python,[JIT],0x00007a47e284382d
987764.0,554559,python,python,arena_map_mark_used
987758.0,554559,python,[JIT],0x000074472c934206
987757.0,554498,python,[JIT],0x00007a47e2834c21
987756.0,554520,python,python,executor_traverse
987747.0,554532,python,[JIT],0x00007f3be24bfcef
987746.0,554572,python,[kernel.kallsyms],_find_first_bit
987736.0,554545,python,[JIT],0x00007b13c67f345c
987731.0,554508,python,[JIT],0x000074d16321a638
987729.0,554508,python,[JIT],0x000074d163213c53
987724.0,554520,python,[JIT],0x00007bae98551134
987712.0,554545,python,[kernel.kallsyms],count_memcg_events.constprop.0
987710.0,554532,python,[kernel.kallsyms],vma_prepare
987708.0,554572,python,[JIT],0x000071d3e605a5b6
987708.0,554532,python,[JIT],0x00007f3be24bf1c5
987700.0,554572,python,[JIT],0x000071d3e605b2b6
987696.0,554559,python,[JIT],0x000074472c09ba7c
987691.0,554572,python,[kernel.kallsyms],__anon_vma_interval_tree_remove
987689.0,554508,python,[JIT],0x000074d16320f6ca
987677.0,554520,python,[JIT],0x00007bae9855c1c3
987675.0,554572,python,[JIT],0x000071d3e604ba9b
987674.0,554520,python,[JIT],0x00007bae985511f1
987674.0,554559,python,[JIT],0x000074472c09c0e4
987669.0,554508,python,libc.so.6,cfree@GLIBC_2.2.5
987666.0,554498,python,[JIT],0x00007a47e2843c0a
987664.0,554572,python,[kernel.kallsyms],_raw_spin_lock
987664.0,554498,python,[JIT],0x00007a47e284306a
987663.0,554532,python,python,PySequence_Fast
987660.0,554508,python,[JIT],0x000074d1632134cd
987656.0,554498,python,[kernel.kallsyms],irq_enter_rcu
987653.0,554508,python,[JIT],0x000074d16321f8a5
987649.0,554520,python,[JIT],0x00007bae9856434a
987644.0,554520,python,[JIT],0x00007bae9855130d
987642.0,554532,python,[JIT],0x00007f3be2d652fa
987640.0,554572,python,[JIT],0x000071d3e604f425
987639.0,554532,python,[JIT],0x00007f3be24b0bff
987636.0,554532,python,[JIT],0x00007f3be24bfc9d
987634.0,554520,python,[JIT],0x00007bae9855f8f4
987634.0,554559,python,[JIT],0x000074472c0831ee
987634.0,554508,python,[JIT],0x000074d1634c3392
987631.0,554559,python,[JIT],0x000074472c095f84
987630.0,554508,python,[JIT],0x000074d1632291e9
987614.0,554572,python,[JIT],0x000071d3e604eb78
987602.0,554508,python,[JIT],0x000074d1632195a6
987600.0,554508,python,[JIT],0x000074d16320f3c0
987591.0,554572,python,[JIT],0x000071d3e6051ffb
987588.0,554559,python,[JIT],0x000074472c0a327d
987585.0,554559,python,[JIT],0x000074472c08f1f9
987577.0,554498,python,python,_PySet_Contains
987576.0,554559,python,[JIT],0x000074472c095bff
987574.0,554532,python,[kernel.kallsyms],unmap_vmas
987572.0,554559,python,[JIT],0x000074472c0954bd
987572.0,554532,python,[JIT],0x00007f3be2d65596
987570.0,554508,python,[JIT],0x000074d16321053c
987565.0,554559,python,[JIT],0x000074472c93400a
987565.0,554545,python,[kernel.kallsyms],lru_gen_add_folio
987564.0,554508,python,[JIT],0x000074d16320f261
987563.0,554520,python,[JIT],0x00007bae985510dc
987563.0,554559,python,[JIT],0x000074472c0983d4
987554.0,554559,python,[JIT],0x000074472c092f4b
987552.0,554559,python,[JIT],0x000074472c0932af
987552.0,554508,python,[JIT],0x000074d163207252
987550.0,554508,python,[JIT],0x000074d16321f857
987549.0,554559,python,[JIT],0x000074472c093b49
987546.0,554520,python,[JIT],0x00007bae98551784
987545.0,554520,python,[JIT],0x00007bae985622b3
987538.0,554532,python,[JIT],0x00007f3be24b3b3f
987530.0,554532,python,[JIT],0x00007f3be24c01e3
987529.0,554572,python,[JIT],0x000071d3e604bf48
987521.0,554532,python,[JIT],0x00007f3be24b72f7
987518.0,554572,python,[JIT],0x000071d3e604ebf9
987516.0,554498,python,[JIT],0x00007a47e2843f87
987514.0,554559,python,[JIT],0x000074472c08e17f
987513.0,554559,python,[kernel.kallsyms],cpuacct_charge
987508.0,554498,python,[kernel.kallsyms],__memcg_slab_post_alloc_hook
987505.0,554520,python,[JIT],0x00007bae98555ccf
987488.0,554572,python,[JIT],0x000071d3e604048b
987482.0,554559,python,[JIT],0x000074472c098722
987477.0,554559,python,[JIT],0x000074472c09c13d
987476.0,554520,python,[JIT],0x00007bae9855f650
987468.0,554532,python,[JIT],0x00007f3be24b336c
987454.0,554532,python,[JIT],0x00007f3be24b162c
987452.0,554532,python,[JIT],0x00007f3be24b3208
987451.0,554572,python,[JIT],0x000071d3e6044ebd
987449.0,554559,python,[JIT],0x000074472c09b268
987449.0,554498,python,[JIT],0x00007a47e283c7ae
987441.0,554559,python,[kernel.kallsyms],lru_gen_del_folio.constprop.0
987435.0,554498,python,[JIT],0x00007a47e2831dd6
987433.0,554559,python,[JIT],0x000074472c08f4cd
987432.0,554572,python,[JIT],0x000071d3e604f65c
987430.0,554498,python,[JIT],0x00007a47e2843854
987429.0,554520,python,[JIT],0x00007bae98566764
987426.0,554520,python,[JIT],0x00007bae98562d91
987426.0,554508,python,[JIT],0x000074d16321f633
987414.0,554498,python,python,set_add_entry_takeref
987413.0,554559,python,[JIT],0x000074472c092677
987412.0,554545,python,[JIT],0x00007b13c67f403c
987410.0,554559,python,[JIT],0x000074472c09bcf7
987402.0,554572,python,[JIT],0x000071d3e604b6bf
987402.0,554532,python,[JIT],0x00007f3be24b15b9
987400.0,554508,python,[JIT],0x000074d16321965c
987399.0,554508,python,[JIT],0x000074d163210000
987398.0,554508,python,[JIT],0x000074d1632169fc
987398.0,554545,python,[JIT],0x00007b13c67f6492
987391.0,554498,python,[JIT],0x00007a47e2843552
987390.0,554572,python,[kernel.kallsyms],__free_one_page
987388.0,554520,python,[JIT],0x00007bae98552848
987387.0,554520,python,python,_PyObject_TryGetInstanceAttribute
987386.0,554559,python,[JIT],0x000074472c08c9f0
987385.0,554498,python,libc.so.6,realloc
987384.0,554520,python,[JIT],0x00007bae98562c50
987375.0,554559,python,[JIT],0x000074472c093481
987375.0,554520,python,[JIT],0x00007bae985622de
987369.0,554559,python,[JIT],0x000074472c09bbb0
987362.0,554508,python,[JIT],0x000074d16321f9bf
987362.0,554498,python,[JIT],0x00007a47e28303af
987355.0,554498,python,[JIT],0x00007a47e282d21d
987353.0,554498,python,[JIT],0x00007a47e283b90a
987345.0,554532,python,[JIT],0x00007f3be24bfe88
987345.0,554508,python,[JIT],0x000074d1634c30ea
987342.0,554520,python,[JIT],0x00007bae985631af
987342.0,554498,python,[JIT],0x00007a47e28327f5
987333.0,554498,python,[JIT],0x00007a47e2843f74
987332.0,554520,python,[kernel.kallsyms],free_unref_page_commit
987330.0,554572,python,[JIT],0x000071d3e604b280
987330.0,554508,python,[JIT],0x000074d163213fe3
987328.0,554520,python,[JIT],0x00007bae97f42ca9
987327.0,554498,python,[JIT],0x00007a47e2ad70cb
987321.0,554520,python,[JIT],0x00007bae9855c3c5
987310.0,554508,python,[JIT],0x000074d1632177a1
987306.0,554559,python,[JIT],0x000074472c09b63a
987306.0,554572,python,[JIT],0x000071d3e6044395
987306.0,554559,python,[JIT],0x000074472c095f5d
987305.0,554572,python,[JIT],0x000071d3e6053253
987305.0,554520,python,[JIT],0x00007bae98562db7
987295.0,554572,python,python,dictiter_traverse
987291.0,554520,python,[kernel.kallsyms],mksaveddirty_shift
987286.0,554559,python,[JIT],0x000074472c08f53f
987284.0,554498,python,[JIT],0x00007a47e283c4f4
987277.0,554520,python,[JIT],0x00007bae98565278
987275.0,554498,python,[JIT],0x00007a47e28273c4
987275.0,554498,python,[JIT],0x00007a47e2843d36
987274.0,554498,python,[JIT],0x00007a47e2831e27
987272.0,554498,python,[JIT],0x00007a47e2ad6435
987271.0,554498,python,[kernel.kallsyms],policy_nodemask
987263.0,554508,python,[JIT],0x000074d16321fc84
987261.0,554532,python,[JIT],0x00007f3be24b67d8
987255.0,554508,python,[JIT],0x000074d16321a75e
987255.0,554545,python,[JIT],0x00007b13c67eb7a8
987251.0,554508,python,[JIT],0x000074d16321610c
987248.0,554545,python,[kernel.kallsyms],security_mmap_file
987247.0,554520,python,[JIT],0x00007bae98562924
987243.0,554559,python,[JIT],0x000074472c098c75
987238.0,554572,python,[JIT],0x000071d3e604f36d
987230.0,554572,python,[JIT],0x000071d3e605306a
987221.0,554572,python,[vdso],0x0000000000000b4d
987214.0,554572,python,[JIT],0x000071d3e605125d
987210.0,554572,python,[JIT],0x000071d3e605a3b7
987208.0,554545,python,[kernel.kallsyms],cgroup_rstat_updated
987200.0,554572,python,[JIT],0x000071d3e60518ed
987185.0,554520,python,[JIT],0x00007bae985567e4
987180.0,554520,python,[JIT],0x00007bae98562c8a
987177.0,554559,python,[JIT],0x000074472c09baba
987176.0,554572,python,[JIT],0x000071d3e6052190
987171.0,554498,python,[JIT],0x00007a47e28452e9
987166.0,554520,python,[JIT],0x00007bae98555218
987164.0,554572,python,[kernel.kallsyms],arch_exit_to_user_mode_prepare.isra.0
987162.0,554559,python,[JIT],0x000074472c0927b6
987155.0,554498,python,[JIT],0x00007a47e2845359
987152.0,554508,python,[JIT],0x000074d163227356
987143.0,554532,python,[JIT],0x00007f3be2d65227
987138.0,554559,python,[JIT],0x000074472c08544d
987132.0,554559,python,[JIT],0x000074472c09c25c
987129.0,554520,python,[JIT],0x00007bae9855d4e0
987127.0,554498,python,[JIT],0x00007a47e28385c0
987125.0,554559,python,[JIT],0x000074472c08cb89
987124.0,554508,python,[JIT],0x000074d16321d2ab
987116.0,554520,python,[JIT],0x00007bae98566649
987115.0,554559,python,[JIT],0x000074472c0952c5
987113.0,554508,python,[JIT],0x000074d163217464
987109.0,554508,python,[JIT],0x000074d163219c8f
987107.0,554572,python,[JIT],0x000071d3e604bfa2
987105.0,554508,python,[JIT],0x000074d16320f124
987105.0,554545,python,[JIT],0x00007b13c67f60dc
987102.0,554508,python,[JIT],0x000074d16321995e
987098.0,554559,python,python,set_dealloc
987094.0,554559,python,[kernel.kallsyms],vm_area_dup
987090.0,554572,python,[JIT],0x000071d3e605b35b
987085.0,554559,python,[JIT],0x000074472c09bd56
987083.0,554572,python,[kernel.kallsyms],pfn_pte
987080.0,554559,python,[JIT],0x000074472c08c181
987080.0,554498,python,[JIT],0x00007a47e283c080
987077.0,554520,python,[JIT],0x00007bae98562fa9
987076.0,554572,python,[JIT],0x000071d3e6051fc9
987074.0,554508,python,[JIT],0x000074d16321c3bb
987074.0,554498,python,[JIT],0x00007a47e282e766
987069.0,554508,python,[JIT],0x000074d16321c8db
987065.0,554520,python,[JIT],0x00007bae98562a79
987062.0,554520,python,[kernel.kallsyms],tick_sched_handle
987061.0,554545,python,[JIT],0x00007b13c67f914e
987054.0,554572,python,[JIT],0x000071d3e6045713
987053.0,554532,python,[JIT],0x00007f3be2d65273
987052.0,554508,python,[JIT],0x000074d163216eba
987050.0,554508,python,[JIT],0x000074d16321f7c1
987049.0,554572,python,[JIT],0x000071d3e604bd63
987046.0,554508,python,[JIT],0x000074d163216175
987045.0,554532,python,[JIT],0x00007f3be24bf5be
987044.0,554559,python,[JIT],0x000074472c09bba3
987044.0,554508,python,[JIT],0x000074d1632273ae
987041.0,554508,python,[JIT],0x000074d163213f84
987039.0,554532,python,[kernel.kallsyms],cond_accept_memory
987026.0,554572,python,[JIT],0x000071d3e6051e21
987026.0,554559,python,[JIT],0x000074472c09be44
987024.0,554520,python,[JIT],0x00007bae985623a3
987024.0,554545,python,[kernel.kallsyms],get_vma_policy
987016.0,554498,python,[JIT],0x00007a47e28451e5
987014.0,554572,python,[JIT],0x000071d3e604b343
986996.0,554498,python,python,PyFunction_NewWithQualName
986986.0,554508,python,[JIT],0x000074d16321c1a4
986985.0,554508,python,[JIT],0x000074d16321a163
986978.0,554559,python,[JIT],0x000074472c0a438f
986969.0,554572,python,[JIT],0x000071d3e6051c61
986968.0,554520,python,[JIT],0x00007bae98555711
986968.0,554520,python,[JIT],0x00007bae9856299c
986961.0,554559,python,[JIT],0x000074472c099061
986957.0,554559,python,[JIT],0x000074472c09b3d4
986936.0,554559,python,[JIT],0x000074472c09b777
986935.0,554498,python,[JIT],0x00007a47e2825460
986935.0,554498,python,[JIT],0x00007a47e28430cb
986923.0,554572,python,[JIT],0x000071d3e60443af
986920.0,554572,python,[JIT],0x000071d3e60421d6
986920.0,554520,python,[JIT],0x00007bae98562c61
986918.0,554508,python,[JIT],0x000074d16321f33c
986913.0,554508,python,[JIT],0x000074d1632020ad
986912.0,554532,python,[JIT],0x00007f3be24bf0b8
986906.0,554532,python,[JIT],0x00007f3be24ad965
986893.0,554532,python,[JIT],0x00007f3be24b791d
986893.0,554498,python,python,invoke_gc_callback.isra.0
986892.0,554532,python,[kernel.kallsyms],mas_next_node
986891.0,554559,python,[JIT],0x000074472c934747
986891.0,554532,python,[JIT],0x00007f3be24b0127
986885.0,554572,python,[JIT],0x000071d3e604eb7a
986884.0,554532,python,[JIT],0x00007f3be24ae474
986884.0,554520,python,[JIT],0x00007bae98562f58
986874.0,554508,python,[JIT],0x000074d16321fd7e
986871.0,554572,python,[JIT],0x000071d3e604c8e4
986864.0,554508,python,[JIT],0x000074d16321f311
986857.0,554520,python,[JIT],0x00007bae9855c33e
986857.0,554545,python,[JIT],0x00007b13c67eb5c3
986855.0,554508,python,[JIT],0x000074d163213bbf
986851.0,554520,python,[JIT],0x00007bae98555334
986848.0,554508,python,[JIT],0x000074d163219e3b
986845.0,554572,python,[JIT],0x000071d3e6041307
986842.0,554520,python,[JIT],0x00007bae985512e9
986842.0,554559,python,[JIT],0x000074472c08f3f1
986841.0,554572,python,[JIT],0x000071d3e604b2c8
986834.0,554532,python,[JIT],0x00007f3be24aa9b7
986821.0,554572,python,[JIT],0x000071d3e604efd8
986814.0,554520,python,[JIT],0x00007bae98562e07
986813.0,554559,python,[JIT],0x000074472c09b9e0
986813.0,554532,python,[JIT],0x00007f3be24b3cc0
986811.0,554559,python,[JIT],0x000074472c0a4120
986810.0,554520,python,[JIT],0x00007bae9855561c
986798.0,554532,python,[kernel.kallsyms],lru_add_fn
986792.0,554508,python,[JIT],0x000074d163216000
986791.0,554532,python,[JIT],0x00007f3be24ae05e
986788.0,554572,python,[JIT],0x000071d3e604b218
986778.0,554572,python,[JIT],0x000071d3e6044edf
986764.0,554532,python,[JIT],0x00007f3be24a960d
986763.0,554559,python,[kernel.kallsyms],get_pfnblock_flags_mask
986759.0,554508,python,[kernel.kallsyms],__free_one_page
986751.0,554572,python,[JIT],0x000071d3e60405ce
986749.0,554559,python,[JIT],0x000074472c09b877
986744.0,554532,python,[JIT],0x00007f3be24b446e
986740.0,554559,python,[JIT],0x000074472c0965a4
986729.0,554520,python,[JIT],0x00007bae98562682
986718.0,554520,python,[kernel.kallsyms],mod_objcg_state
986713.0,554545,python,[JIT],0x00007b13c67f9447
986711.0,554532,python,[JIT],0x00007f3be24ab21a
986707.0,554532,python,[JIT],0x00007f3be24c011b
986704.0,554532,python,[JIT],0x00007f3be24bfcbe
986698.0,554572,python,[JIT],0x000071d3e60510ba
986690.0,554572,python,[JIT],0x000071d3e605117f
986689.0,554520,python,[JIT],0x00007bae98562687
986677.0,554532,python,[JIT],0x00007f3be24b7166
986674.0,554498,python,[JIT],0x00007a47e2838213
986674.0,554498,python,[JIT],0x00007a47e2843d28
986672.0,554559,python,[JIT],0x000074472c09b8d0
986672.0,554498,python,[JIT],0x00007a47e284373d
986671.0,554508,python,[JIT],0x000074d16321f8ab
986665.0,554520,python,[JIT],0x00007bae98562233
986657.0,554508,python,[JIT],0x000074d16321ca95
986651.0,554498,python,[kernel.kallsyms],tick_sched_handle
986644.0,554508,python,[JIT],0x000074d16321fe67
986642.0,554572,python,[JIT],0x000071d3e60518c8
986639.0,554545,python,[JIT],0x00007b13c67f3d0a
986639.0,554498,python,[JIT],0x00007a47e2843c5a
986634.0,554532,python,[JIT],0x00007f3be24b471f
986628.0,554498,python,[JIT],0x00007a47e284411f
986611.0,554559,python,[JIT],0x000074472c0a327d
986610.0,554520,python,[kernel.kallsyms],uncharge_folio
986606.0,554532,python,[JIT],0x00007f3be24a9342
986605.0,554532,python,[JIT],0x00007f3be24bf891
986603.0,554532,python,[JIT],0x00007f3be24b75fd
986601.0,554520,python,[JIT],0x00007bae98551657
986599.0,554508,python,[JIT],0x000074d16321f2df
986595.0,554545,python,[JIT],0x00007b13c67ec44a
986579.0,554559,python,[JIT],0x000074472c092f0a
986576.0,554520,python,[JIT],0x00007bae98562973
986570.0,554520,python,[kernel.kallsyms],vm_normal_page
986570.0,554498,python,[JIT],0x00007a47e283577e
986563.0,554532,python,[JIT],0x00007f3be24bf545
986563.0,554498,python,[JIT],0x00007a47e2843ecb
986553.0,554532,python,[JIT],0x00007f3be2d65693
986542.0,554508,python,[JIT],0x000074d16321fd0b
986542.0,554545,python,[JIT],0x00007b13c67f6f2d
986530.0,554572,python,[JIT],0x000071d3e6051ea5
986526.0,554532,python,[JIT],0x00007f3be24bf8b3
986520.0,554520,python,[JIT],0x00007bae9855cc3f
986504.0,554498,python,[JIT],0x00007a47e283c1c0
986497.0,554559,python,[JIT],0x000074472c09b17f
986491.0,554559,python,[JIT],0x000074472c096044
986490.0,554520,python,[JIT],0x00007bae98562e94
986486.0,554559,python,[JIT],0x000074472c09bdda
986479.0,554520,python,[JIT],0x00007bae985533a2
986455.0,554498,python,[kernel.kallsyms],mas_alloc_nodes
986427.0,554572,python,[JIT],0x000071d3e60512bb
986426.0,554508,python,[kernel.kallsyms],__anon_vma_interval_tree_remove
986423.0,554520,python,[JIT],0x00007bae98562492
986415.0,554559,python,[JIT],0x000074472c09bec4
986414.0,554508,python,[JIT],0x000074d16321615f
986411.0,554572,python,[JIT],0x000071d3e60517e9
986410.0,554532,python,[JIT],0x00007f3be24bf584
986409.0,554498,python,[JIT],0x00007a47e283c0c4
986408.0,554572,python,[JIT],0x000071d3e6044dd6
986407.0,554508,python,[JIT],0x000074d1632101db
986401.0,554532,python,[JIT],0x00007f3be24bf76c
986400.0,554572,python,[JIT],0x000071d3e605106a
986397.0,554498,python,[kernel.kallsyms],mm_counter
986385.0,554520,python,[JIT],0x00007bae98565472
986384.0,554572,python,[JIT],0x000071d3e604b804
986375.0,554559,python,[JIT],0x000074472c0956bc
986373.0,554559,python,[kernel.kallsyms],__fsnotify_parent
986371.0,554572,python,[JIT],0x000071d3e604bfe6
986364.0,554520,python,[JIT],0x00007bae9856296a
986363.0,554572,python,[JIT],0x000071d3e60473dd
986357.0,554559,python,[JIT],0x000074472c09c1b3
986357.0,554498,python,[JIT],0x00007a47e283c3fe
986356.0,554498,python,[JIT],0x00007a47e282f1d6
986353.0,554532,python,[JIT],0x00007f3be24a950a
986353.0,554520,python,[JIT],0x00007bae985627c0
986350.0,554520,python,[kernel.kallsyms],current_obj_cgroup
986331.0,554498,python,[JIT],0x00007a47e2843c50
986320.0,554572,python,[JIT],0x000071d3e6051d9d
986320.0,554520,python,[JIT],0x00007bae9855fc46
986316.0,554520,python,[kernel.kallsyms],nohz_balance_exit_idle
986316.0,554498,python,[JIT],0x00007a47e282ef12
986315.0,554498,python,[kernel.kallsyms],timerqueue_add
986310.0,554532,python,python,list_vectorcall
986309.0,554559,python,[JIT],0x000074472c098fd8
986298.0,554498,python,[JIT],0x00007a47e2ad6353
986295.0,554498,python,[JIT],0x00007a47e28394b4
986293.0,554532,python,[kernel.kallsyms],mtree_load
986292.0,554559,python,[JIT],0x000074472c08ce2c
986290.0,554508,python,[JIT],0x000074d16321f1e1
986289.0,554572,python,[JIT],0x000071d3e604060d
986288.0,554498,python,[JIT],0x00007a47e28440b1
986271.0,554572,python,[JIT],0x000071d3e604070f
986268.0,554532,python,[kernel.kallsyms],alloc_pages_mpol
986264.0,554572,python,[JIT],0x000071d3e605147c
986263.0,554572,python,[JIT],0x000071d3e60370e5
986263.0,554520,python,[JIT],0x00007bae9855f470
986259.0,554572,python,[JIT],0x000071d3e605920f
986258.0,554532,python,python,dictiter_dealloc
986256.0,554545,python,[JIT],0x00007b13c67ec2ad
986252.0,554532,python,[JIT],0x00007f3be24bfdae
986247.0,554545,python,[JIT],0x00007b13c67f6c8d
986243.0,554498,python,[JIT],0x00007a47e283c2ab
986239.0,554520,python,[JIT],0x00007bae9856727d
986237.0,554532,python,[kernel.kallsyms],__irq_exit_rcu
986231.0,554498,python,[kernel.kallsyms],ntp_tick_length
986224.0,554508,python,[JIT],0x000074d16321f8f5
986223.0,554520,python,[JIT],0x00007bae9855c2a7
986221.0,554498,python,[JIT],0x00007a47e2844182
986197.0,554508,python,[JIT],0x000074d163216eb3
986193.0,554498,python,[JIT],0x00007a47e2843a17
986179.0,554572,python,[JIT],0x000071d3e60510f1
986179.0,554532,python,[JIT],0x00007f3be24b3778
986176.0,554559,python,[JIT],0x000074472c09b212
986156.0,554545,python,[JIT],0x00007b13c67ebee5
986151.0,554498,python,[JIT],0x00007a47e2845389
986128.0,554498,python,[JIT],0x00007a47e2843c8d
986123.0,554498,python,[JIT],0x00007a47e28441c5
986112.0,554572,python,[JIT],0x000071d3e6044ab7
986102.0,554520,python,[kernel.kallsyms],mksaveddirty_shift
986102.0,554520,python,[JIT],0x00007bae985584c3
986101.0,554532,python,[JIT],0x00007f3be24bf056
986089.0,554572,python,[kernel.kallsyms],vm_get_page_prot
986087.0,554498,python,[JIT],0x00007a47e2839014
986084.0,554508,python,[JIT],0x000074d163213268
986055.0,554498,python,[JIT],0x00007a47e284340e
986053.0,554559,python,[JIT],0x000074472c082747
986049.0,554545,python,[kernel.kallsyms],mas_walk
986045.0,554532,python,[JIT],0x00007f3be2d6567e
986042.0,554532,python,[JIT],0x00007f3be24ac380
986038.0,554572,python,[JIT],0x000071d3e604f3e2
986034.0,554532,python,[kernel.kallsyms],mas_empty_area_rev
986032.0,554572,python,python,PyErr_Occurred
986032.0,554572,python,[JIT],0x000071d3e604b60a
986026.0,554532,python,[JIT],0x00007f3be24b363d
986002.0,554572,python,[kernel.kallsyms],__mod_lruvec_state
985999.0,554532,python,python,PyType_GenericAlloc
985998.0,554508,python,[kernel.kallsyms],asm_exc_page_fault
985980.0,554572,python,python,strlen@plt
985971.0,554532,python,[kernel.kallsyms],__intel_pmu_enable_all.isra.0
985966.0,554508,python,[JIT],0x000074d16321987c
985964.0,554520,python,[JIT],0x00007bae985630ce
985955.0,554498,python,[JIT],0x00007a47e2843e44
985940.0,554498,python,[JIT],0x00007a47e2838aca
985933.0,554532,python,[JIT],0x00007f3be24a9338
985931.0,554520,python,[JIT],0x00007bae98562ce0
985927.0,554559,python,python,dict_dealloc
985922.0,554498,python,[JIT],0x00007a47e2843fd5
985904.0,554532,python,[JIT],0x00007f3be24a1252
985896.0,554520,python,[JIT],0x00007bae985623c6
985892.0,554572,python,[JIT],0x000071d3e6052029
985884.0,554572,python,[JIT],0x000071d3e60455fd
985878.0,554532,python,[kernel.kallsyms],get_mem_cgroup_from_mm
985867.0,554520,python,[kernel.kallsyms],x64_sys_call
985863.0,554559,python,[JIT],0x000074472c09b5d9
985859.0,554559,python,[kernel.kallsyms],folio_remove_rmap_ptes
985857.0,554559,python,[JIT],0x000074472c9342f7
985852.0,554572,python,[JIT],0x000071d3e605a3c7
985843.0,554508,python,[kernel.kallsyms],_raw_spin_lock_irqsave
985842.0,554532,python,[JIT],0x00007f3be24ac21c
985836.0,554559,python,[JIT],0x000074472c09b294
985805.0,554520,python,[JIT],0x00007bae985642e9
985784.0,554532,python,[JIT],0x00007f3be24bffdc
985780.0,554520,python,[JIT],0x00007bae9855282d
985774.0,554508,python,[JIT],0x000074d1634c3219
985773.0,554520,python,libc.so.6,__munmap
985772.0,554508,python,[JIT],0x000074d16320f26f
985763.0,554572,python,[JIT],0x000071d3e6038cde
985762.0,554498,python,[JIT],0x00007a47e28432d4
985761.0,554498,python,[JIT],0x00007a47e2845232
985759.0,554532,python,[JIT],0x00007f3be24b7597
985757.0,554520,python,[JIT],0x00007bae985628cb
985753.0,554498,python,[JIT],0x00007a47e2ad7138
985751.0,554498,python,[kernel.kallsyms],entry_SYSCALL_64
985748.0,554559,python,[JIT],0x000074472c93435f
985738.0,554545,python,[JIT],0x00007b13c67f6e94
985734.0,554572,python,[JIT],0x000071d3e605a654
985734.0,554508,python,[JIT],0x000074d16321d8ca
985728.0,554532,python,[kernel.kallsyms],__rb_insert_augmented
985717.0,554532,python,[JIT],0x00007f3be24a9258
985699.0,554572,python,[JIT],0x000071d3e6037214
985681.0,554498,python,[JIT],0x00007a47e2844192
985666.0,554572,python,[JIT],0x000071d3e6051629
985658.0,554559,python,[JIT],0x000074472c092cd5
985646.0,554559,python,[kernel.kallsyms],__update_blocked_fair
985642.0,554559,python,[JIT],0x000074472c934261
985640.0,554508,python,python,list_sort
985638.0,554520,python,[JIT],0x00007bae9855cb79
985625.0,554508,python,[kernel.kallsyms],timekeeping_update
985609.0,554559,python,[JIT],0x000074472c095c8c
985596.0,554508,python,[kernel.kallsyms],nohz_balancer_kick
985588.0,554520,python,[JIT],0x00007bae9856730e
985573.0,554508,python,[JIT],0x000074d16321fbb8
985570.0,554508,python,[JIT],0x000074d1632105a6
985568.0,554572,python,[JIT],0x000071d3e6051df2
985566.0,554545,python,[JIT],0x00007b13c67f8379
985562.0,554559,python,[kernel.kallsyms],handle_softirqs
985561.0,554520,python,[kernel.kallsyms],native_flush_tlb_local
985555.0,554559,python,[kernel.kallsyms],invoke_rcu_core
985550.0,554508,python,[JIT],0x000074d16321c940
985539.0,554520,python,[JIT],0x00007bae9855c533
985538.0,554572,python,[JIT],0x000071d3e60445a6
985535.0,554532,python,[kernel.kallsyms],update_process_times
985520.0,554545,python,[JIT],0x00007b13c67f9406
985503.0,554532,python,[JIT],0x00007f3be24b3224
985501.0,554532,python,[JIT],0x00007f3be24bff62
985476.0,554572,python,[JIT],0x000071d3e6044af9
985454.0,554520,python,[kernel.kallsyms],native_apic_msr_eoi
985448.0,554532,python,[JIT],0x00007f3be24c0258
985444.0,554559,python,[JIT],0x000074472c08b824
985442.0,554532,python,[JIT],0x00007f3be24b45b2
985440.0,554532,python,[JIT],0x00007f3be24aa307
985433.0,554572,python,[kernel.kallsyms],nohz_balance_exit_idle
985416.0,554559,python,[JIT],0x000074472c098139
985404.0,554508,python,[JIT],0x000074d163220166
985399.0,554532,python,[JIT],0x00007f3be24b0c21
985387.0,554559,python,[JIT],0x000074472c93527d
985371.0,554559,python,[JIT],0x000074472c09064d
985364.0,554508,python,[kernel.kallsyms],cpuacct_account_field
985362.0,554559,python,[kernel.kallsyms],do_user_addr_fault
985360.0,554520,python,python,_textiowrapper_writeflush
985356.0,554498,python,[JIT],0x00007a47e2838e0d
985342.0,554559,python,[JIT],0x000074472c0a40ce
985340.0,554508,python,[JIT],0x000074d16321a74e
985326.0,554559,python,[JIT],0x000074472c08c5a8
985305.0,554572,python,[kernel.kallsyms],sched_clock_cpu
985292.0,554508,python,[JIT],0x000074d1632125d0
985275.0,554572,python,[kernel.kallsyms],account_user_time
985263.0,554520,python,[kernel.kallsyms],schedule_debug.isra.0
985250.0,554498,python,python,deque_traverse
985246.0,554508,python,[kernel.kallsyms],mem_cgroup_commit_charge
985239.0,554572,python,[JIT],0x000071d3e604e845
985236.0,554498,python,[JIT],0x00007a47e283b0c7
985231.0,554559,python,[kernel.kallsyms],free_unref_page_list
985226.0,554572,python,[JIT],0x000071d3e60431c0
985215.0,554559,python,[JIT],0x000074472c08b574
985202.0,554520,python,[kernel.kallsyms],llist_add_batch
985189.0,554498,python,[JIT],0x00007a47e282d780
985184.0,554508,python,[JIT],0x000074d1632138b7
985165.0,554559,python,[JIT],0x000074472c095969
985165.0,554532,python,[JIT],0x00007f3be24b0ffa
985159.0,554520,python,[JIT],0x00007bae98555eba
985141.0,554520,python,[JIT],0x00007bae98562dae
985131.0,554520,python,[JIT],0x00007bae98566357
985120.0,554532,python,[kernel.kallsyms],__update_load_avg_cfs_rq
985106.0,554532,python,[JIT],0x00007f3be24a90ee
985106.0,554498,python,[JIT],0x00007a47e2832603
985099.0,554545,python,[kernel.kallsyms],vma_alloc_folio
985090.0,554532,python,[JIT],0x00007f3be24c1052
985084.0,554545,python,[JIT],0x00007b13c67f613e
985077.0,554559,python,[kernel.kallsyms],__rcu_read_unlock
985067.0,554559,python,[JIT],0x000074472c095f61
985062.0,554559,python,[JIT],0x000074472c092367
985061.0,554572,python,[JIT],0x000071d3e6044e19
985061.0,554520,python,[JIT],0x00007bae98565129
985056.0,554559,python,[JIT],0x000074472c08ce59
985055.0,554508,python,[kernel.kallsyms],mas_prev_slot
985054.0,554572,python,[JIT],0x000071d3e60433ca
985054.0,554498,python,[JIT],0x00007a47e2ad635f
985044.0,554520,python,[JIT],0x00007bae98562338
985044.0,554508,python,[JIT],0x000074d16320f777
985041.0,554572,python,[kernel.kallsyms],_raw_spin_unlock
985034.0,554498,python,[JIT],0x00007a47e283c389
985029.0,554520,python,[JIT],0x00007bae9855434c
985027.0,554572,python,[JIT],0x000071d3e6041d95
985014.0,554572,python,[JIT],0x000071d3e604efd6
985006.0,554532,python,[JIT],0x00007f3be24b0103
985004.0,554498,python,[JIT],0x00007a47e2845333
984988.0,554572,python,[kernel.kallsyms],__split_huge_pmd_locked
984980.0,554572,python,[JIT],0x000071d3e604487c
984980.0,554520,python,[JIT],0x00007bae98558f0a
984975.0,554559,python,[JIT],0x000074472c09bdf9
984971.0,554532,python,[JIT],0x00007f3be24ab21a
984964.0,554520,python,[JIT],0x00007bae985624e4
984957.0,554508,python,[JIT],0x000074d16321a549
984954.0,554559,python,[JIT],0x000074472c095164
984944.0,554532,python,[kernel.kallsyms],_raw_spin_unlock
984938.0,554545,python,[kernel.kallsyms],error_return
984935.0,554559,python,[JIT],0x000074472c09835a
984935.0,554532,python,[JIT],0x00007f3be24bf2a0
984935.0,554508,python,[JIT],0x000074d163216299
984934.0,554532,python,[JIT],0x00007f3be24ac17f
984933.0,554498,python,[JIT],0x00007a47e2843b31
984925.0,554520,python,[JIT],0x00007bae985604cf
984924.0,554559,python,[JIT],0x000074472c08b26b
984921.0,554572,python,[JIT],0x000071d3e6043299
984916.0,554559,python,[kernel.kallsyms],__mem_cgroup_uncharge_list
984912.0,554559,python,[JIT],0x000074472c0a4118
984909.0,554532,python,[JIT],0x00007f3be24b47a1
984904.0,554508,python,[JIT],0x000074d163216703
984898.0,554532,python,[JIT],0x00007f3be24b606a
984887.0,554572,python,[JIT],0x000071d3e604f0d4
984884.0,554508,python,[JIT],0x000074d16321fa8a
984851.0,554559,python,[JIT],0x000074472c0952f7
984848.0,554532,python,[JIT],0x00007f3be24b7605
984831.0,554520,python,[JIT],0x00007bae98551622
984830.0,554559,python,[JIT],0x000074472c090282
984823.0,554532,python,[JIT],0x00007f3be24a957c
984810.0,554520,python,[JIT],0x00007bae98554462
984807.0,554498,python,[kernel.kallsyms],llist_add_batch
984805.0,554559,python,[JIT],0x000074472c09b4f3
984804.0,554508,python,[kernel.kallsyms],__mod_zone_page_state
984804.0,554508,python,[JIT],0x000074d1632201ca
984798.0,554520,python,[JIT],0x00007bae9855fe2a
984792.0,554498,python,[JIT],0x00007a47e283568f
984788.0,554520,python,[JIT],0x00007bae985510fd
984786.0,554520,python,[JIT],0x00007bae9855c0fb
984780.0,554532,python,[JIT],0x00007f3be24bf9ac
984780.0,554508,python,[JIT],0x000074d16321f47c
984779.0,554498,python,[JIT],0x00007a47e2846257
984768.0,554559,python,[JIT],0x000074472c0992b3
984763.0,554572,python,[JIT],0x000071d3e6051e3f
984759.0,554498,python,[JIT],0x00007a47e2834e62
984753.0,554559,python,[JIT],0x000074472c098114
984742.0,554572,python,[JIT],0x000071d3e6040784
984739.0,554520,python,python,PyObject_SelfIter
984739.0,554498,python,[JIT],0x00007a47e282d73c
984735.0,554498,python,[JIT],0x00007a47e2843deb
984727.0,554559,python,python,PyObject_GetIter
984725.0,554572,python,[kernel.kallsyms],pud_val
984722.0,554559,python,python,gen_dealloc
984721.0,554572,python,[JIT],0x000071d3e60513b5
984705.0,554572,python,[JIT],0x000071d3e6051291
984704.0,554532,python,[JIT],0x00007f3be24bf707
984702.0,554498,python,[JIT],0x00007a47e2838ad0
984701.0,554559,python,[JIT],0x000074472c09bb1f
984701.0,554520,python,[JIT],0x00007bae985642ae
984692.0,554520,python,[JIT],0x00007bae985640c7
984689.0,554559,python,[JIT],0x000074472c09bded
984688.0,554508,python,[JIT],0x000074d16321f2b9
984676.0,554572,python,[JIT],0x000071d3e60405ed
984668.0,554572,python,[JIT],0x000071d3e604c137
984662.0,554508,python,[JIT],0x000074d16320f21d
984659.0,554559,python,[JIT],0x000074472c09ba7f
984654.0,554508,python,[kernel.kallsyms],__sysvec_apic_timer_interrupt
984648.0,554520,python,[JIT],0x00007bae98551134
984644.0,554520,python,[JIT],0x00007bae98562096
984644.0,554508,python,[JIT],0x000074d16321f4f3
984640.0,554572,python,[JIT],0x000071d3e605a49e
984636.0,554572,python,[JIT],0x000071d3e6051378
984621.0,554559,python,[JIT],0x000074472c08ff3a
984619.0,554559,python,[JIT],0x000074472c09b08b
984619.0,554532,python,[JIT],0x00007f3be24bf436
984610.0,554508,python,[JIT],0x000074d16321f726
984610.0,554545,python,[kernel.kallsyms],account_process_tick
984607.0,554572,python,[JIT],0x000071d3e6051443
984600.0,554520,python,[JIT],0x00007bae98562c72
984595.0,554498,python,[JIT],0x00007a47e2843aad
984592.0,554498,python,[JIT],0x00007a47e28435ef
984584.0,554498,python,[JIT],0x00007a47e2844174
984582.0,554520,python,[JIT],0x00007bae98562e1c
984581.0,554532,python,[JIT],0x00007f3be24ac349
984571.0,554572,python,[JIT],0x000071d3e60521a0
984571.0,554532,python,[JIT],0x00007f3be24aae53
984549.0,554532,python,[JIT],0x00007f3be24b0f06
984546.0,554572,python,[JIT],0x000071d3e6051e88
984540.0,554572,python,[JIT],0x000071d3e60532bb
984536.0,554508,python,[JIT],0x000074d163219262
984530.0,554508,python,[JIT],0x000074d16321fdda
984528.0,554520,python,[JIT],0x00007bae985641f0
984521.0,554498,python,[JIT],0x00007a47e2845379
984517.0,554508,python,[JIT],0x000074d1632280dc
984510.0,554572,python,[JIT],0x000071d3e605a270
984504.0,554498,python,[JIT],0x00007a47e2843dda
984498.0,554572,python,[JIT],0x000071d3e604c292
984497.0,554508,python,[JIT],0x000074d1632200de
984487.0,554559,python,[JIT],0x000074472c08e5bb
984480.0,554498,python,[JIT],0x00007a47e282ee5f
984470.0,554559,python,[JIT],0x000074472c098012
984459.0,554520,python,[JIT],0x00007bae9855b012
984456.0,554498,python,[JIT],0x00007a47e2843124
984451.0,554532,python,[JIT],0x00007f3be24ad734
984435.0,554498,python,[JIT],0x00007a47e283081c
984416.0,554508,python,[JIT],0x000074d163227369
984410.0,554572,python,[JIT],0x000071d3e60511ac
984405.0,554508,python,python,_PyType_GetDict
984389.0,554572,python,[JIT],0x000071d3e6051f2d
984385.0,554572,python,[kernel.kallsyms],count_memcg_events.constprop.0
984377.0,554559,python,python,setiter_iternext
984376.0,554498,python,[JIT],0x00007a47e2845398
984371.0,554559,python,[JIT],0x000074472c08b2fe
984367.0,554508,python,[JIT],0x000074d163211395
984366.0,554520,python,[JIT],0x00007bae98562f4e
984366.0,554498,python,[JIT],0x00007a47e283c525
984362.0,554559,python,[JIT],0x000074472c09b467
984361.0,554559,python,[JIT],0x000074472c09b3db
984327.0,554520,python,[JIT],0x00007bae9856236a
984309.0,554520,python,[JIT],0x00007bae985630e4
984308.0,554508,python,[kernel.kallsyms],rcu_report_qs_rdp
984307.0,554508,python,[JIT],0x000074d1632282c0
984286.0,554498,python,[JIT],0x00007a47e2843f1a
984285.0,554520,python,python,PyTime_AsSecondsDouble
984272.0,554572,python,[JIT],0x000071d3e604e511
984268.0,554532,python,[JIT],0x00007f3be24bfcd6
984268.0,554545,python,[JIT],0x00007b13c67f4efa
984256.0,554532,python,[kernel.kallsyms],page_counter_try_charge
984251.0,554532,python,[JIT],0x00007f3be24bfe1d
984250.0,554559,python,[JIT],0x000074472c09bf1f
984242.0,554559,python,[JIT],0x000074472c0991d6
984239.0,554545,python,[JIT],0x00007b13c67f634e
984221.0,554559,python,[kernel.kallsyms],__lruvec_stat_mod_folio
984193.0,554572,python,[kernel.kallsyms],acct_account_cputime
984187.0,554520,python,[kernel.kallsyms],perf_adjust_freq_unthr_context
984179.0,554532,python,[kernel.kallsyms],free_unref_page_list
984175.0,554520,python,[JIT],0x00007bae985642bb
984172.0,554559,python,python,min_max
984172.0,554559,python,[JIT],0x000074472c080052
984167.0,554572,python,[JIT],0x000071d3e605194e
984148.0,554508,python,[kernel.kallsyms],___slab_alloc
984128.0,554520,python,[JIT],0x00007bae98562d28
984123.0,554559,python,[JIT],0x000074472c09ba19
984090.0,554508,python,[kernel.kallsyms],update_dl_rq_load_avg
984087.0,554498,python,[JIT],0x00007a47e282656a
984086.0,554520,python,[JIT],0x00007bae985600a4
984056.0,554508,python,[JIT],0x000074d163219b86
984044.0,554520,python,[JIT],0x00007bae985622b5
984038.0,554559,python,[JIT],0x000074472c08e0c7
984032.0,554532,python,[JIT],0x00007f3be24c13df
984029.0,554508,python,[JIT],0x000074d16321d042
984017.0,554545,python,[JIT],0x00007b13c67e2172
984009.0,554559,python,[JIT],0x000074472c09b34b
983978.0,554498,python,[JIT],0x00007a47e2834547
983964.0,554520,python,[JIT],0x00007bae98562fe1
983959.0,554572,python,[JIT],0x000071d3e605b04c
983950.0,554498,python,[JIT],0x00007a47e2843df4
983942.0,554572,python,libc.so.6,__strlen_avx2
983918.0,554572,python,[JIT],0x000071d3e604e36d
983895.0,554559,python,[JIT],0x000074472c0962af
983881.0,554520,python,[JIT],0x00007bae98566528
983880.0,554572,python,[JIT],0x000071d3e605b3af
983876.0,554532,python,python,min_max
983866.0,554572,python,[kernel.kallsyms],rcu_report_qs_rdp
983864.0,554508,python,[JIT],0x000074d16321cde1
983848.0,554520,python,[JIT],0x00007bae9856264d
983847.0,554498,python,[JIT],0x00007a47e282d843
983845.0,554508,python,[JIT],0x000074d16321d1d6
983831.0,554559,python,[JIT],0x000074472c092614
983829.0,554520,python,[kernel.kallsyms],irqentry_exit
983828.0,554508,python,[JIT],0x000074d16321f998
983803.0,554508,python,[JIT],0x000074d16320f75e
983802.0,554532,python,[JIT],0x00007f3be24a920c
983790.0,554559,python,[JIT],0x000074472c0965e6
983787.0,554498,python,[JIT],0x00007a47e2834af9
983786.0,554508,python,[JIT],0x000074d163229273
983767.0,554532,python,[JIT],0x00007f3be24bfc5a
983763.0,554520,python,[JIT],0x00007bae9855918d
983750.0,554532,python,[JIT],0x00007f3be24b3585
983747.0,554498,python,[JIT],0x00007a47e2843b3f
983743.0,554498,python,[kernel.kallsyms],folio_add_lru_vma
983735.0,554572,python,[JIT],0x000071d3e605b388
983728.0,554572,python,[JIT],0x000071d3e604876d
983719.0,554559,python,[JIT],0x000074472c0920fb
983716.0,554498,python,[JIT],0x00007a47e283b9a9
983712.0,554559,python,[JIT],0x000074472c08f224
983710.0,554572,python,[JIT],0x000071d3e604b3dd
983706.0,554508,python,[JIT],0x000074d16321a5b9
983699.0,554520,python,[JIT],0x00007bae985545d0
983697.0,554520,python,[JIT],0x00007bae985561a5
983696.0,554572,python,[JIT],0x000071d3e6051745
983684.0,554559,python,[JIT],0x000074472c0900b8
983683.0,554572,python,[JIT],0x000071d3e604eb0e
983682.0,554520,python,[JIT],0x00007bae985515c9
983671.0,554532,python,[JIT],0x00007f3be24ad167
983666.0,554520,python,[JIT],0x00007bae985513e5
983659.0,554545,python,python,_bufferedwriter_flush_unlocked
983651.0,554520,python,[JIT],0x00007bae98551276
983648.0,554498,python,[JIT],0x00007a47e283962c
983642.0,554532,python,[JIT],0x00007f3be24b40af
983642.0,554532,python,[JIT],0x00007f3be24b39be
983639.0,554520,python,[JIT],0x00007bae985553ac
983631.0,554559,python,[kernel.kallsyms],rmqueue
983623.0,554559,python,python,method_vectorcall_VARARGS_KEYWORDS
983620.0,554498,python,[JIT],0x00007a47e2845124
983618.0,554508,python,[JIT],0x000074d1632190f1
983614.0,554498,python,[JIT],0x00007a47e283bc5f
983613.0,554520,python,[JIT],0x00007bae98566596
983608.0,554498,python,[JIT],0x00007a47e283c329
983606.0,554572,python,[JIT],0x000071d3e604e197
983606.0,554520,python,[JIT],0x00007bae98562e44
983605.0,554532,python,[JIT],0x00007f3be2d66146
983600.0,554508,python,[JIT],0x000074d1632161c0
983586.0,554572,python,[JIT],0x000071d3e6044299
983580.0,554572,python,[JIT],0x000071d3e6048446
983580.0,554520,python,[JIT],0x00007bae98562fd8
983574.0,554532,python,[JIT],0x00007f3be24b1740
983570.0,554498,python,[JIT],0x00007a47e28387d3
983568.0,554498,python,[JIT],0x00007a47e2843f9e
983560.0,554559,python,[JIT],0x000074472c08b560
983557.0,554508,python,[JIT],0x000074d16321fa0c
983557.0,554520,python,[JIT],0x00007bae9855f7c8
983553.0,554508,python,[kernel.kallsyms],anon_vma_interval_tree_insert
983537.0,554498,python,[JIT],0x00007a47e282e91c
983525.0,554532,python,[JIT],0x00007f3be24b34eb
983523.0,554520,python,[JIT],0x00007bae98552858
983521.0,554532,python,[JIT],0x00007f3be24aa7b1
983520.0,554559,python,python,PyFunction_NewWithQualName
983520.0,554545,python,[kernel.kallsyms],irqentry_exit_to_user_mode
983512.0,554520,python,[JIT],0x00007bae98564389
983508.0,554498,python,[JIT],0x00007a47e2835026
983502.0,554520,python,[JIT],0x00007bae98551330
983502.0,554498,python,[JIT],0x00007a47e282ef16
983500.0,554508,python,[JIT],0x000074d16321f3c8
983500.0,554508,python,[JIT],0x000074d16321f902
983490.0,554520,python,[JIT],0x00007bae985531f7
983489.0,554498,python,[JIT],0x00007a47e283c028
983485.0,554532,python,[JIT],0x00007f3be24bf08b
983484.0,554520,python,[JIT],0x00007bae9855d60c
983482.0,554572,python,[JIT],0x000071d3e6040263
983479.0,554508,python,[JIT],0x000074d163219f9b
983472.0,554498,python,[kernel.kallsyms],__remove_hrtimer
983471.0,554498,python,[JIT],0x00007a47e2835593
983467.0,554559,python,[JIT],0x000074472c08f208
983456.0,554559,python,python,optimize_uops.isra.0
983452.0,554520,python,[JIT],0x00007bae985551d6
983441.0,554520,python,[JIT],0x00007bae98562087
983434.0,554498,python,[JIT],0x00007a47e282ed1b
983418.0,554572,python,[JIT],0x000071d3e6051c47
983413.0,554559,python,[JIT],0x000074472c08c1eb
983407.0,554572,python,[JIT],0x000071d3e6051e1c
983393.0,554520,python,[JIT],0x00007bae98562de5
983392.0,554572,python,[JIT],0x000071d3e604057c
983391.0,554559,python,[JIT],0x000074472c934349
983382.0,554572,python,[JIT],0x000071d3e6051fe4
983381.0,554532,python,[JIT],0x00007f3be24b4b47
983380.0,554508,python,[JIT],0x000074d16322003e
983371.0,554520,python,[JIT],0x00007bae98562f84
983365.0,554532,python,[JIT],0x00007f3be24ac04c
983361.0,554545,python,[JIT],0x00007b13c67e4711
983360.0,554572,python,[JIT],0x000071d3e604b5d4
983357.0,554508,python,[JIT],0x000074d1632283ef
983347.0,554532,python,[kernel.kallsyms],folio_add_lru_vma
983344.0,554572,python,[JIT],0x000071d3e603788e
983343.0,554520,python,[kernel.kallsyms],rmqueue_bulk
983339.0,554508,python,[JIT],0x000074d16321f801
983337.0,554520,python,python,find_first_nonascii
983334.0,554498,python,[JIT],0x00007a47e283b3d4
983333.0,554520,python,[JIT],0x00007bae98562a2e
983319.0,554572,python,[JIT],0x000071d3e6044cab
983317.0,554498,python,[JIT],0x00007a47e2846493
983313.0,554498,python,[JIT],0x00007a47e283b316
983310.0,554559,python,[JIT],0x000074472c08f4e3
983309.0,554559,python,python,func_traverse
983298.0,554559,python,[JIT],0x000074472c0953a9
983287.0,554572,python,[JIT],0x000071d3e604b3af
983280.0,554532,python,[JIT],0x00007f3be24b76d1
983279.0,554498,python,[JIT],0x00007a47e28440ce
983270.0,554559,python,[JIT],0x000074472c09bc80
983267.0,554532,python,[JIT],0x00007f3be2d66060
983265.0,554559,python,[JIT],0x000074472c09b540
983261.0,554572,python,[JIT],0x000071d3e60419b2
983261.0,554559,python,python,memset@plt
983251.0,554498,python,[JIT],0x00007a47e2843584
983245.0,554572,python,[JIT],0x000071d3e6051d2e
983237.0,554559,python,[JIT],0x000074472c09beaf
983231.0,554520,python,[JIT],0x00007bae97f40038
983227.0,554572,python,[JIT],0x000071d3e6051877
983211.0,554520,python,[kernel.kallsyms],free_unref_page_prepare
983198.0,554520,python,python,dictiter_len
983189.0,554520,python,[JIT],0x00007bae98564118
983187.0,554520,python,[JIT],0x00007bae98562ed5
983181.0,554520,python,[JIT],0x00007bae985604e4
983171.0,554532,python,[JIT],0x00007f3be24bf3f4
983154.0,554559,python,python,PyArg_UnpackTuple
983142.0,554559,python,[JIT],0x000074472c09b378
983141.0,554498,python,[JIT],0x00007a47e28430dc
983139.0,554520,python,[JIT],0x00007bae9855ff84
983136.0,554520,python,[kernel.kallsyms],native_flush_tlb_one_user
983131.0,554532,python,[JIT],0x00007f3be2d6544a
983129.0,554508,python,[JIT],0x000074d16321f4cd
983128.0,554532,python,[JIT],0x00007f3be24bf216
983123.0,554508,python,[JIT],0x000074d16321f87d
983122.0,554520,python,[JIT],0x00007bae9856242f
983119.0,554572,python,[JIT],0x000071d3e604bf0a
983117.0,554520,python,[JIT],0x00007bae98552494
983117.0,554532,python,[JIT],0x00007f3be24bf5d7
983111.0,554572,python,[JIT],0x000071d3e60520e4
983101.0,554508,python,[JIT],0x000074d16321f234
983097.0,554559,python,[JIT],0x000074472c095cd5
983097.0,554520,python,[JIT],0x00007bae985642ae
983089.0,554559,python,[JIT],0x000074472c09b73a
983069.0,554545,python,[JIT],0x00007b13c67f3154
983058.0,554559,python,[JIT],0x000074472c09bd67
983057.0,554532,python,[JIT],0x00007f3be24a91d5
983051.0,554545,python,[JIT],0x00007b13c67e012f
983051.0,554498,python,[kernel.kallsyms],__calc_delta.constprop.0
983046.0,554520,python,[JIT],0x00007bae98562a4d
983042.0,554498,python,[JIT],0x00007a47e2843fbc
983039.0,554520,python,[JIT],0x00007bae985670ab
983020.0,554508,python,[JIT],0x000074d1632280f1
983008.0,554532,python,[JIT],0x00007f3be24bfefc
982999.0,554559,python,[JIT],0x000074472c09bb3f
982986.0,554532,python,[JIT],0x00007f3be24c00e1
982978.0,554498,python,[JIT],0x00007a47e283829d
982966.0,554520,python,[JIT],0x00007bae9856292c
982936.0,554559,python,[JIT],0x000074472c098574
982931.0,554532,python,[JIT],0x00007f3be24bfe41
982931.0,554498,python,libc.so.6,__strlen_avx2
982920.0,554572,python,[JIT],0x000071d3e60435d5
982916.0,554572,python,[JIT],0x000071d3e6051765
982914.0,554545,python,[JIT],0x00007b13c67f673d
982912.0,554559,python,[kernel.kallsyms],mas_destroy
982909.0,554559,python,[kernel.kallsyms],_find_first_bit
982906.0,554532,python,[JIT],0x00007f3be24a93d4
982904.0,554498,python,[JIT],0x00007a47e28441e3
982902.0,554532,python,python,_Py_CheckFunctionResult
982881.0,554532,python,[JIT],0x00007f3be24bf798
982860.0,554559,python,[kernel.kallsyms],select_task_rq
982856.0,554532,python,[JIT],0x00007f3be24b34d5
982854.0,554520,python,[JIT],0x00007bae98562891
982851.0,554559,python,[kernel.kallsyms],do_brk_flags
982848.0,554559,python,[JIT],0x000074472c095109
982841.0,554532,python,[JIT],0x00007f3be24bfe8b
982767.0,554498,python,[JIT],0x00007a47e2843fe8
982764.0,554559,python,[kernel.kallsyms],__pte_offset_map
982764.0,554559,python,[JIT],0x000074472c0a42eb
982740.0,554520,python,[kernel.kallsyms],__do_sys_brk
982739.0,554559,python,[JIT],0x000074472c08b2e9
982722.0,554572,python,[JIT],0x000071d3e6041ab4
982722.0,554532,python,[JIT],0x00007f3be24bfa29
982713.0,554559,python,[JIT],0x000074472c092b61
982693.0,554572,python,[JIT],0x000071d3e604b629
982693.0,554508,python,[JIT],0x000074d163213f0e
982692.0,554508,python,[JIT],0x000074d16321f330
982688.0,554520,python,[JIT],0x00007bae98562581
982668.0,554559,python,[JIT],0x000074472c085bd9
982663.0,554520,python,[kernel.kallsyms],native_set_pte
982653.0,554572,python,[JIT],0x000071d3e604f4b0
982632.0,554559,python,[kernel.kallsyms],free_unref_page_commit
982631.0,554498,python,[kernel.kallsyms],__free_pages
982625.0,554498,python,[JIT],0x00007a47e2843eaf
982619.0,554508,python,[JIT],0x000074d16321ff96
982615.0,554559,python,python,PyObject_Malloc
982593.0,554559,python,python,munmap@plt
982588.0,554572,python,[JIT],0x000071d3e60530fd
982580.0,554532,python,[JIT],0x00007f3be24c0166
982577.0,554532,python,[kernel.kallsyms],folio_add_new_anon_rmap
982574.0,554572,python,[kernel.kallsyms],uncharge_folio
982571.0,554520,python,[JIT],0x00007bae98556282
982560.0,554572,python,[JIT],0x000071d3e6051641
982559.0,554572,python,[JIT],0x000071d3e6040657
982510.0,554520,python,[JIT],0x00007bae98563166
982508.0,554532,python,[JIT],0x00007f3be24bf43e
982507.0,554508,python,[JIT],0x000074d16321a489
982488.0,554498,python,[JIT],0x00007a47e2844065
982483.0,554559,python,[JIT],0x000074472c08e3af
982472.0,554572,python,[JIT],0x000071d3e60511fa
982472.0,554532,python,[JIT],0x00007f3be24ad462
982462.0,554559,python,python,PyLong_AsSsize_t
982459.0,554559,python,[JIT],0x000074472c095973
982455.0,554520,python,[JIT],0x00007bae98562dca
982417.0,554520,python,[JIT],0x00007bae98563100
982416.0,554545,python,[JIT],0x00007b13c67f6699
982405.0,554508,python,[JIT],0x000074d16321a0e0
982380.0,554508,python,[JIT],0x000074d163210384
982373.0,554545,python,[JIT],0x00007b13c67f6319
982360.0,554498,python,[JIT],0x00007a47e284417d
982353.0,554559,python,[JIT],0x000074472c095d67
982350.0,554508,python,[kernel.kallsyms],handle_softirqs
982350.0,554532,python,[kernel.kallsyms],timerqueue_del
982349.0,554572,python,[JIT],0x000071d3e605a12d
982336.0,554520,python,[JIT],0x00007bae985559c5
982336.0,554498,python,[JIT],0x00007a47e2843b11
982333.0,554559,python,[JIT],0x000074472c093431
982327.0,554520,python,[JIT],0x00007bae98564246
982318.0,554508,python,[JIT],0x000074d16321c980
982316.0,554498,python,[kernel.kallsyms],task_tick_fair
982311.0,554572,python,[JIT],0x000071d3e604e47f
982307.0,554559,python,[JIT],0x000074472c9340ad
982294.0,554559,python,[JIT],0x000074472c0958a1
982293.0,554520,python,[JIT],0x00007bae9856244e
982293.0,554545,python,python,PyLong_FromSize_t
982289.0,554559,python,[JIT],0x000074472c08ce03
982285.0,554520,python,[kernel.kallsyms],irqentry_enter
982283.0,554532,python,[JIT],0x00007f3be249e3e8
982277.0,554559,python,[JIT],0x000074472c09bf11
982262.0,554572,python,[JIT],0x000071d3e60410ab
982256.0,554559,python,[JIT],0x000074472c0927cf
982244.0,554572,python,[JIT],0x000071d3e604bc9a
982238.0,554559,python,[JIT],0x000074472c095f4b
982234.0,554545,python,[JIT],0x00007b13c67f9120
982229.0,554559,python,[JIT],0x000074472c099028
982227.0,554532,python,[kernel.kallsyms],consume_stock
982226.0,554520,python,[JIT],0x00007bae9855fe6d
982216.0,554520,python,[JIT],0x00007bae985582d1
982215.0,554545,python,[JIT],0x00007b13c6a8610c
982212.0,554508,python,[JIT],0x000074d1632201cd
982212.0,554532,python,[JIT],0x00007f3be24bfa8a
982211.0,554572,python,[JIT],0x000071d3e604e7e5
982198.0,554572,python,[JIT],0x000071d3e6048b67
982195.0,554545,python,[kernel.kallsyms],amd_clear_divider
982185.0,554532,python,[JIT],0x00007f3be24bf416
982181.0,554532,python,[JIT],0x00007f3be24b06bf
982177.0,554572,python,[JIT],0x000071d3e6051543
982176.0,554520,python,[kernel.kallsyms],entry_SYSRETQ_unsafe_stack
982175.0,554572,python,[JIT],0x000071d3e605a114
982172.0,554498,python,[JIT],0x00007a47e282d2e0
982170.0,554532,python,[JIT],0x00007f3be24b30b9
982163.0,554498,python,[JIT],0x00007a47e28431ec
982160.0,554520,python,[JIT],0x00007bae98565369
982124.0,554532,python,[JIT],0x00007f3be2d65388
982113.0,554559,python,[JIT],0x000074472c9345f7
982107.0,554545,python,[kernel.kallsyms],get_pfnblock_flags_mask
982101.0,554572,python,[JIT],0x000071d3e60592be
982094.0,554508,python,[JIT],0x000074d1632120b9
982087.0,554498,python,[JIT],0x00007a47e283bc8b
982083.0,554532,python,[JIT],0x00007f3be24bf572
982075.0,554508,python,[JIT],0x000074d16320f2f7
982074.0,554508,python,[JIT],0x000074d1632121c0
982074.0,554498,python,[kernel.kallsyms],cond_accept_memory
982069.0,554520,python,[kernel.kallsyms],tick_sched_do_timer
982054.0,554572,python,[JIT],0x000071d3e604c2a5
982051.0,554532,python,[JIT],0x00007f3be24b3c8f
982050.0,554532,python,[kernel.kallsyms],_raw_spin_unlock_irqrestore
982047.0,554572,python,[JIT],0x000071d3e6040276
982043.0,554520,python,[JIT],0x00007bae9855553f
982043.0,554498,python,python,PyTuple_New
982025.0,554559,python,[JIT],0x000074472c09b30d
982025.0,554508,python,[JIT],0x000074d16321c588
982023.0,554572,python,[JIT],0x000071d3e605b064
982020.0,554559,python,[JIT],0x000074472c09c061
982017.0,554520,python,[JIT],0x00007bae98564102
982012.0,554572,python,[JIT],0x000071d3e604c2b3
982004.0,554559,python,[JIT],0x000074472c9350ea
982004.0,554508,python,[JIT],0x000074d1632125c3
981994.0,554520,python,[JIT],0x00007bae985670ee
981992.0,554572,python,[JIT],0x000071d3e6051f78
981977.0,554559,python,[kernel.kallsyms],release_pages
981967.0,554520,python,[JIT],0x00007bae98567212
981962.0,554520,python,[JIT],0x00007bae985510dc
981951.0,554572,python,[JIT],0x000071d3e605a626
981951.0,554508,python,[JIT],0x000074d16321116d
981950.0,554498,python,[JIT],0x00007a47e2831f9b
981948.0,554520,python,[kernel.kallsyms],rb_next
981948.0,554520,python,[JIT],0x00007bae98562a20
981944.0,554572,python,[JIT],0x000071d3e6051e47
981943.0,554572,python,[JIT],0x000071d3e6043139
981939.0,554559,python,[JIT],0x000074472c0a4253
981932.0,554508,python,[JIT],0x000074d163214585
981931.0,554532,python,[JIT],0x00007f3be24ae666
981930.0,554572,python,[JIT],0x000071d3e604b738
981928.0,554498,python,[JIT],0x00007a47e2843ea5
981926.0,554572,python,[JIT],0x000071d3e6052007
981918.0,554572,python,[JIT],0x000071d3e6047c53
981917.0,554520,python,[kernel.kallsyms],zap_pte_range
981913.0,554498,python,[JIT],0x00007a47e282d477
981898.0,554520,python,[JIT],0x00007bae985515f2
981895.0,554572,python,[JIT],0x000071d3e604f004
981894.0,554520,python,[JIT],0x00007bae9855c15f
981890.0,554532,python,[JIT],0x00007f3be24b6afe
981888.0,554559,python,[JIT],0x000074472c09bd5e
981887.0,554508,python,[JIT],0x000074d163219636
981874.0,554520,python,python,PyUnicode_FromFormatV
981872.0,554572,python,python,PyObject_GetIter
981872.0,554559,python,[JIT],0x000074472c09b31e
981872.0,554508,python,[JIT],0x000074d16321cfd6
981872.0,554508,python,[JIT],0x000074d16321f556
981870.0,554498,python,[kernel.kallsyms],tlb_batch_pages_flush
981867.0,554508,python,[JIT],0x000074d16321fb11
981864.0,554520,python,[JIT],0x00007bae985601f5
981864.0,554508,python,[kernel.kallsyms],account_process_tick
981862.0,554520,python,[JIT],0x00007bae985521a3
981862.0,554532,python,[JIT],0x00007f3be24b3224
981854.0,554559,python,[JIT],0x000074472c095bbf
981854.0,554520,python,[JIT],0x00007bae98564389
981852.0,554572,python,[JIT],0x000071d3e604f338
981849.0,554520,python,[JIT],0x00007bae9855d67c
981843.0,554572,python,[kernel.kallsyms],hrtimer_interrupt
981839.0,554559,python,[JIT],0x000074472c0a313e
981837.0,554572,python,[JIT],0x000071d3e60405c1
981817.0,554572,python,[JIT],0x000071d3e60512ee
981817.0,554498,python,[JIT],0x00007a47e28438ab
981815.0,554545,python,[JIT],0x00007b13c67f3722
981814.0,554572,python,[JIT],0x000071d3e60488e8
981814.0,554520,python,[JIT],0x00007bae9855fa75
981805.0,554532,python,[JIT],0x00007f3be24c017d
981796.0,554572,python,[JIT],0x000071d3e60443dd
981793.0,554545,python,[JIT],0x00007b13c6a86235
981791.0,554572,python,[JIT],0x000071d3e6051f0c
981790.0,554508,python,[JIT],0x000074d163228455
981780.0,554559,python,[JIT],0x000074472c09bbb6
981773.0,554508,python,[JIT],0x000074d16321f832
981771.0,554520,python,[JIT],0x00007bae98563029
981770.0,554508,python,[kernel.kallsyms],rcu_sched_clock_irq
981767.0,554532,python,[JIT],0x00007f3be24ab068
981767.0,554508,python,[kernel.kallsyms],update_curr_se
981764.0,554559,python,[kernel.kallsyms],task_tick_mm_cid
981759.0,554559,python,[kernel.kallsyms],reweight_entity
981754.0,554572,python,[JIT],0x000071d3e604b04c
981751.0,554559,python,[JIT],0x000074472c08fc9e
981751.0,554508,python,[JIT],0x000074d163216d37
981749.0,554498,python,[JIT],0x00007a47e2843d76
981747.0,554532,python,[JIT],0x00007f3be24b6a08
981739.0,554520,python,[JIT],0x00007bae9855253c
981739.0,554520,python,[JIT],0x00007bae985550ad
981738.0,554532,python,[JIT],0x00007f3be24ab198
981735.0,554572,python,[JIT],0x000071d3e604e6bf
981730.0,554572,python,[JIT],0x000071d3e60517e2
981727.0,554520,python,[JIT],0x00007bae98562c9f
981722.0,554498,python,[kernel.kallsyms],reweight_entity
981719.0,554532,python,[JIT],0x00007f3be24c12d8
981716.0,554498,python,[JIT],0x00007a47e2844046
981713.0,554508,python,[JIT],0x000074d16321f78b
981709.0,554559,python,[kernel.kallsyms],account_process_tick
981706.0,554508,python,[kernel.kallsyms],cgroup_rstat_updated
981692.0,554532,python,[kernel.kallsyms],ext4_inode_csum_set
981687.0,554559,python,[kernel.kallsyms],_raw_spin_trylock
981687.0,554559,python,[kernel.kallsyms],mas_pop_node
981687.0,554559,python,[JIT],0x000074472c09c1ab
981674.0,554520,python,[JIT],0x00007bae98555a83
981674.0,554559,python,[JIT],0x000074472c0a3120
981674.0,554508,python,[JIT],0x000074d16321f590
981672.0,554559,python,[JIT],0x000074472c09b42c
981672.0,554532,python,[JIT],0x00007f3be24b75e4
981667.0,554508,python,[JIT],0x000074d163220199
981663.0,554508,python,[JIT],0x000074d16321f24a
981662.0,554545,python,[JIT],0x00007b13c6a872d3
981661.0,554498,python,[JIT],0x00007a47e284612d
981658.0,554498,python,[JIT],0x00007a47e28435a2
981657.0,554572,python,[JIT],0x000071d3e6051ee3
981651.0,554572,python,[JIT],0x000071d3e60480f7
981639.0,554532,python,[JIT],0x00007f3be24aaa8f
981636.0,554559,python,[kernel.kallsyms],pud_val
981632.0,554559,python,[JIT],0x000074472c0823cc
981630.0,554520,python,[JIT],0x00007bae9855c7cf
981626.0,554520,python,python,make_gen
981625.0,554508,python,[JIT],0x000074d16320f4f2
981621.0,554572,python,[JIT],0x000071d3e6044201
981618.0,554559,python,[JIT],0x000074472c09b601
981612.0,554572,python,[JIT],0x000071d3e6051ef5
981607.0,554498,python,[JIT],0x00007a47e28381f9
981600.0,554520,python,[JIT],0x00007bae98562374
981594.0,554498,python,[JIT],0x00007a47e2838740
981577.0,554572,python,[kernel.kallsyms],asm_sysvec_apic_timer_interrupt
981577.0,554559,python,[JIT],0x000074472c098e94
981576.0,554572,python,[JIT],0x000071d3e6051c75
981576.0,554508,python,[JIT],0x000074d16321fc0a
981570.0,554532,python,[JIT],0x00007f3be24bf565
981566.0,554498,python,[JIT],0x00007a47e2ad6548
981565.0,554508,python,[JIT],0x000074d163227398
981560.0,554520,python,[JIT],0x00007bae98562ffb
981549.0,554572,python,[JIT],0x000071d3e60521e0
981548.0,554498,python,[JIT],0x00007a47e2831280
981547.0,554520,python,[JIT],0x00007bae9855ce1c
981545.0,554508,python,[JIT],0x000074d16321d042
981541.0,554508,python,[JIT],0x000074d16321f65c
981540.0,554532,python,[JIT],0x00007f3be24b32e8
981533.0,554498,python,[JIT],0x00007a47e2ad70ee
981520.0,554508,python,python,invoke_gc_callback.isra.0
981518.0,554508,python,[JIT],0x000074d16321fe92
981503.0,554572,python,[JIT],0x000071d3e6052254
981483.0,554508,python,[JIT],0x000074d16321f0c7
981480.0,554559,python,[JIT],0x000074472c09995c
981480.0,554572,python,[JIT],0x000071d3e6044c83
981479.0,554520,python,[JIT],0x00007bae9856413e
981467.0,554532,python,[JIT],0x00007f3be24adc65
981466.0,554532,python,[JIT],0x00007f3be24bff3b
981465.0,554572,python,[JIT],0x000071d3e6051771
981452.0,554559,python,[JIT],0x000074472c09bcab
981448.0,554532,python,[JIT],0x00007f3be24a9052
981444.0,554532,python,[JIT],0x00007f3be24adffc
981438.0,554498,python,[JIT],0x00007a47e2843c47
981430.0,554545,python,[kernel.kallsyms],zap_pte_range
981416.0,554520,python,[JIT],0x00007bae985626c7
981416.0,554532,python,[JIT],0x00007f3be24bff7a
981401.0,554520,python,[JIT],0x00007bae985629b5
981395.0,554508,python,[JIT],0x000074d16321fee3
981392.0,554508,python,[JIT],0x000074d163227246
981386.0,554508,python,[JIT],0x000074d1632271e5
981379.0,554572,python,[JIT],0x000071d3e604e9c3
981369.0,554520,python,[JIT],0x00007bae9855f382
981362.0,554498,python,[JIT],0x00007a47e2843d89
981360.0,554559,python,[JIT],0x000074472c08f210
981358.0,554532,python,[JIT],0x00007f3be24b365c
981352.0,554559,python,[JIT],0x000074472c09bc5a
981348.0,554559,python,[kernel.kallsyms],__hrtimer_next_event_base
981339.0,554498,python,[JIT],0x00007a47e2843f25
981330.0,554532,python,[JIT],0x00007f3be24bfe47
981326.0,554532,python,[kernel.kallsyms],native_read_msr
981323.0,554520,python,[JIT],0x00007bae97f41779
981322.0,554508,python,python,_PyEval_Vector
981314.0,554508,python,[JIT],0x000074d16321cae1
981312.0,554520,python,[JIT],0x00007bae985630d0
981305.0,554520,python,[JIT],0x00007bae9855d74e
981299.0,554532,python,[JIT],0x00007f3be24b39c5
981299.0,554508,python,[JIT],0x000074d163219af9
981298.0,554520,python,python,PyDict_GetItemRef
981296.0,554508,python,[JIT],0x000074d16321f27c
981294.0,554508,python,[JIT],0x000074d16321446b
981293.0,554559,python,[vdso],0x0000000000000ae6
981293.0,554508,python,[JIT],0x000074d16321a19c
981287.0,554572,python,[JIT],0x000071d3e60413c2
981285.0,554559,python,[JIT],0x000074472c095992
981280.0,554498,python,[JIT],0x00007a47e2843d75
981274.0,554508,python,[JIT],0x000074d163219a02
981270.0,554572,python,[JIT],0x000071d3e60443ca
981266.0,554559,python,[JIT],0x000074472c09b3c6
981263.0,554572,python,[JIT],0x000071d3e6042343
981261.0,554508,python,[JIT],0x000074d16321953b
981252.0,554532,python,[JIT],0x00007f3be24a1bec
981250.0,554559,python,[JIT],0x000074472c0968da
981247.0,554498,python,[JIT],0x00007a47e2ad647f
981232.0,554520,python,[JIT],0x00007bae9855d1b8
981229.0,554532,python,[JIT],0x00007f3be24bfaad
981224.0,554572,python,[JIT],0x000071d3e604468f
981208.0,554559,python,[JIT],0x000074472c09bb84
981207.0,554520,python,[JIT],0x00007bae985550a9
981202.0,554572,python,[JIT],0x000071d3e6051ba5
981199.0,554532,python,[JIT],0x00007f3be24b17d6
981190.0,554498,python,[JIT],0x00007a47e2845060
981188.0,554498,python,[JIT],0x00007a47e2844031
981180.0,554520,python,[JIT],0x00007bae98560234
981179.0,554520,python,[JIT],0x00007bae98559464
981178.0,554572,python,[JIT],0x000071d3e60514f3
981175.0,554508,python,[JIT],0x000074d163214292
981166.0,554532,python,[JIT],0x00007f3be24aaf4d
981157.0,554508,python,[JIT],0x000074d16321ce27
981157.0,554545,python,[JIT],0x00007b13c67f3185
981155.0,554532,python,[JIT],0x00007f3be24b4017
981147.0,554559,python,[JIT],0x000074472c09b2f0
981146.0,554508,python,[JIT],0x000074d16321fbc6
981141.0,554508,python,[kernel.kallsyms],__cond_resched
981137.0,554508,python,[kernel.kallsyms],mas_prev
981126.0,554559,python,[JIT],0x000074472c099390
981121.0,554520,python,[JIT],0x00007bae985597d6
981121.0,554532,python,[JIT],0x00007f3be24b4266
981120.0,554572,python,[JIT],0x000071d3e6040750
981119.0,554520,python,[JIT],0x00007bae985580a7
981108.0,554532,python,[JIT],0x00007f3be24bf7ab
981103.0,554520,python,[JIT],0x00007bae9855ce46
981101.0,554508,python,[JIT],0x000074d16321f087
981100.0,554520,python,[JIT],0x00007bae98551838
981084.0,554498,python,[JIT],0x00007a47e2832206
981083.0,554545,python,[JIT],0x00007b13c67f6d0b
981075.0,554520,python,[JIT],0x00007bae9855cab7
981065.0,554508,python,[JIT],0x000074d16321004c
981062.0,554508,python,[JIT],0x000074d16321d8bc
981052.0,554545,python,[JIT],0x00007b13c67e4aaf
981042.0,554559,python,[JIT],0x000074472c09bd79
981038.0,554532,python,[kernel.kallsyms],ktime_get
981038.0,554545,python,[JIT],0x00007b13c67f39e7
981036.0,554532,python,[JIT],0x00007f3be24b38a6
981034.0,554498,python,[JIT],0x00007a47e282f1b1
981032.0,554559,python,[JIT],0x000074472c08b3dd
981027.0,554559,python,[JIT],0x000074472c09be3b
981025.0,554508,python,[JIT],0x000074d1632197fa
981024.0,554572,python,[JIT],0x000071d3e6051a50
981019.0,554508,python,[JIT],0x000074d16321f5b0
981017.0,554532,python,[JIT],0x00007f3be24aae59
981015.0,554532,python,[JIT],0x00007f3be24ad1c0
981015.0,554520,python,[JIT],0x00007bae9855ce9e
981012.0,554508,python,[kernel.kallsyms],p4d_offset
981010.0,554508,python,[JIT],0x000074d163220606
981008.0,554498,python,[JIT],0x00007a47e28433af
981007.0,554520,python,[JIT],0x00007bae98554201
981002.0,554520,python,[JIT],0x00007bae98552489
981002.0,554559,python,[JIT],0x000074472c09333e
980995.0,554508,python,[JIT],0x000074d16321236c
980994.0,554508,python,[JIT],0x000074d16321fe44
980993.0,554572,python,python,meth_traverse
980993.0,554508,python,[JIT],0x000074d16321fa9c
980986.0,554559,python,[JIT],0x000074472c090068
980978.0,554559,python,[JIT],0x000074472c092660
980975.0,554559,python,[JIT],0x000074472c098bff
980974.0,554572,python,python,PyLong_AsSsize_t
980951.0,554508,python,[JIT],0x000074d16321fc20
980951.0,554498,python,[JIT],0x00007a47e2843c24
980948.0,554498,python,[JIT],0x00007a47e28313dd
980945.0,554498,python,[JIT],0x00007a47e2843805
980936.0,554508,python,python,PyObject_GC_Del
980932.0,554559,python,[JIT],0x000074472c09b6a3
980930.0,554520,python,[JIT],0x00007bae98562ded
980927.0,554532,python,[JIT],0x00007f3be24b693c
980926.0,554559,python,[JIT],0x000074472c0a438c
980925.0,554559,python,[JIT],0x000074472c096144
980925.0,554532,python,[JIT],0x00007f3be24ac0e6
980921.0,554572,python,[JIT],0x000071d3e604b598
980918.0,554508,python,[kernel.kallsyms],do_vmi_align_munmap
980910.0,554532,python,[JIT],0x00007f3be24a95e0
980905.0,554532,python,[JIT],0x00007f3be24b1678
980900.0,554520,python,[JIT],0x00007bae9855550e
980898.0,554532,python,[JIT],0x00007f3be24b401c
980895.0,554532,python,[JIT],0x00007f3be24c01f7
980893.0,554520,python,[JIT],0x00007bae9856228d
980891.0,554508,python,[JIT],0x000074d16321f2fb
980889.0,554572,python,[JIT],0x000071d3e6053315
980881.0,554572,python,[kernel.kallsyms],security_vm_enough_memory_mm
980879.0,554498,python,[JIT],0x00007a47e282d744
980873.0,554545,python,[JIT],0x00007b13c67f6d19
980865.0,554498,python,[JIT],0x00007a47e2838172
980860.0,554498,python,python,PyTime_AsSecondsDouble
980852.0,554498,python,[JIT],0x00007a47e2843392
980851.0,554520,python,[JIT],0x00007bae98562591
980849.0,554508,python,[JIT],0x000074d16321d62c
980845.0,554520,python,python,AttributeError_init
980842.0,554520,python,[JIT],0x00007bae9855cecd
980842.0,554532,python,[JIT],0x00007f3be24ac3be
980829.0,554559,python,[JIT],0x000074472c09b73d
980819.0,554572,python,[JIT],0x000071d3e6040345
980801.0,554532,python,[JIT],0x00007f3be24a90dc
980800.0,554508,python,[JIT],0x000074d16321fc80
980800.0,554520,python,[kernel.kallsyms],can_vma_merge_before
980784.0,554520,python,[JIT],0x00007bae98562d95
980783.0,554520,python,[kernel.kallsyms],pte_offset_map_nolock
980774.0,554532,python,[JIT],0x00007f3be24b0677
980772.0,554572,python,[JIT],0x000071d3e605198d
980772.0,554559,python,[JIT],0x000074472c09bc0a
980772.0,554572,python,[JIT],0x000071d3e604ee16
980772.0,554498,python,[JIT],0x00007a47e283c76a
980766.0,554545,python,[JIT],0x00007b13c67f672b
980758.0,554532,python,[JIT],0x00007f3be24bf587
980755.0,554508,python,[JIT],0x000074d16321f9e6
980748.0,554545,python,python,PyErr_Occurred
980745.0,554508,python,[JIT],0x000074d16321f578
980742.0,554498,python,[JIT],0x00007a47e284421c
980732.0,554508,python,[JIT],0x000074d16320f812
980729.0,554545,python,[kernel.kallsyms],alloc_anon_folio
980717.0,554532,python,[JIT],0x00007f3be24bf0ae
980711.0,554532,python,[JIT],0x00007f3be24c10c7
980707.0,554520,python,[JIT],0x00007bae98562241
980702.0,554572,python,[kernel.kallsyms],x86_pmu_disable
980698.0,554532,python,[JIT],0x00007f3be24b1413
980698.0,554545,python,[JIT],0x00007b13c67f6dda
980693.0,554508,python,[kernel.kallsyms],try_charge_memcg
980692.0,554545,python,[JIT],0x00007b13c67ec15a
980688.0,554559,python,[JIT],0x000074472c09b6c7
980682.0,554498,python,[JIT],0x00007a47e28434ee
980674.0,554572,python,[JIT],0x000071d3e604051d
980672.0,554508,python,[JIT],0x000074d16320f2d0
980665.0,554498,python,python,dict_update
980662.0,554520,python,[JIT],0x00007bae98551124
980656.0,554559,python,[JIT],0x000074472c09bf81
980646.0,554498,python,[JIT],0x00007a47e2843746
980641.0,554498,python,[JIT],0x00007a47e2843151
980633.0,554508,python,[JIT],0x000074d1632282bc
980627.0,554559,python,[JIT],0x000074472c099ee6
980622.0,554532,python,[JIT],0x00007f3be24bf2cc
980622.0,554520,python,[JIT],0x00007bae98553325
980621.0,554498,python,[JIT],0x00007a47e2843847
980620.0,554532,python,[JIT],0x00007f3be24bf0c7
980613.0,554572,python,[JIT],0x000071d3e60532e9
980591.0,554559,python,[kernel.kallsyms],lru_gen_add_folio
980555.0,554498,python,[JIT],0x00007a47e2843306
980551.0,554572,python,[JIT],0x000071d3e6051efc
980547.0,554498,python,[JIT],0x00007a47e284424f
980541.0,554559,python,[JIT],0x000074472c09beda
980540.0,554520,python,[JIT],0x00007bae985561bf
980537.0,554559,python,[JIT],0x000074472c0a331b
980537.0,554572,python,[JIT],0x000071d3e604be2b
980536.0,554508,python,python,dictiter_traverse
980532.0,554498,python,[kernel.kallsyms],kmem_cache_alloc
980528.0,554559,python,[JIT],0x000074472c08e121
980521.0,554559,python,[JIT],0x000074472c096474
980516.0,554532,python,[JIT],0x00007f3be24bff31
980515.0,554520,python,[JIT],0x00007bae985629af
980512.0,554508,python,[JIT],0x000074d16321f23a
980501.0,554520,python,[JIT],0x00007bae98560952
980490.0,554508,python,python,_io_BufferedWriter_write
980487.0,554559,python,[JIT],0x000074472c098f7a
980483.0,554520,python,[JIT],0x00007bae98551517
980477.0,554572,python,[JIT],0x000071d3e605a1e9
980471.0,554508,python,[kernel.kallsyms],mas_spanning_rebalance.isra.0
980469.0,554520,python,[JIT],0x00007bae985652bc
980466.0,554572,python,[JIT],0x000071d3e60521ff
980462.0,554545,python,[JIT],0x00007b13c67f6f58
980461.0,554532,python,[JIT],0x00007f3be24b3703
980460.0,554532,python,[JIT],0x00007f3be24bfaca
980460.0,554520,python,[JIT],0x00007bae98562c8d
980460.0,554498,python,[JIT],0x00007a47e2844070
980448.0,554572,python,[JIT],0x000071d3e605155b
980446.0,554559,python,[JIT],0x000074472c935400
980438.0,554520,python,[JIT],0x00007bae9855b085
980433.0,554508,python,[JIT],0x000074d163219f22
980433.0,554498,python,[JIT],0x00007a47e2843543
980428.0,554520,python,[JIT],0x00007bae9856677e
980424.0,554572,python,[JIT],0x000071d3e605165c
980408.0,554532,python,[JIT],0x00007f3be24bf17f
980401.0,554498,python,[JIT],0x00007a47e283beb3
980400.0,554532,python,[JIT],0x00007f3be24bf06a
980399.0,554520,python,[JIT],0x00007bae98563002
980388.0,554532,python,[JIT],0x00007f3be24bfce0
980386.0,554559,python,python,PyTime_PerfCounterRaw
980385.0,554508,python,[JIT],0x000074d1632295b6
980369.0,554559,python,[JIT],0x000074472c09be20
980365.0,554572,python,[JIT],0x000071d3e60518a5
980364.0,554508,python,[JIT],0x000074d163212361
980357.0,554520,python,[JIT],0x00007bae985607c2
980357.0,554520,python,[JIT],0x00007bae98562d36
980353.0,554532,python,[JIT],0x00007f3be24bfc9f
980347.0,554559,python,[JIT],0x000074472c09c1ff
980343.0,554545,python,[kernel.kallsyms],do_user_addr_fault
980340.0,554572,python,[JIT],0x000071d3e60402e0
980339.0,554559,python,[JIT],0x000074472c098858
980336.0,554520,python,[JIT],0x00007bae9855c740
980336.0,554520,python,[JIT],0x00007bae9855cc8f
980327.0,554572,python,[JIT],0x000071d3e6043459
980321.0,554508,python,[JIT],0x000074d16321a349
980321.0,554520,python,[JIT],0x00007bae985623ac
980319.0,554572,python,[JIT],0x000071d3e593583a
980318.0,554508,python,[JIT],0x000074d163213ec6
980316.0,554572,python,[JIT],0x000071d3e6053052
980316.0,554508,python,python,_PyCompactLong_Subtract
980316.0,554520,python,[JIT],0x00007bae985663cb
980315.0,554532,python,[JIT],0x00007f3be24a92fe
980308.0,554532,python,[JIT],0x00007f3be24bf208
980304.0,554572,python,[JIT],0x000071d3e604c8cf
980301.0,554532,python,[JIT],0x00007f3be24ac2e8
980283.0,554498,python,[JIT],0x00007a47e2844267
980280.0,554559,python,[JIT],0x000074472c08f268
980278.0,554559,python,[JIT],0x000074472c099201
980273.0,554508,python,[JIT],0x000074d16321f805
980271.0,554498,python,libc.so.6,systrim.constprop.0
980271.0,554498,python,[JIT],0x00007a47e2834629
980270.0,554532,python,[JIT],0x00007f3be2d660b9
980269.0,554532,python,[kernel.kallsyms],x86_pmu_disable
980269.0,554498,python,[JIT],0x00007a47e28347de
980266.0,554508,python,[kernel.kallsyms],do_user_addr_fault
980264.0,554508,python,[JIT],0x000074d16321a195
980262.0,554559,python,[JIT],0x000074472c09890a
980262.0,554532,python,libc.so.6,malloc_consolidate
980262.0,554532,python,[JIT],0x00007f3be24c127d
980257.0,554559,python,[JIT],0x000074472c08cd1b
980251.0,554520,python,[JIT],0x00007bae9855d061
980247.0,554559,python,[JIT],0x000074472c09b0b3
980244.0,554508,python,[JIT],0x000074d16322727d
980228.0,554508,python,[JIT],0x000074d1632085e8
980227.0,554508,python,[JIT],0x000074d16321958b
980225.0,554520,python,[JIT],0x00007bae985593ba
980222.0,554572,python,[JIT],0x000071d3e604f15f
980216.0,554508,python,[JIT],0x000074d16320f765
980213.0,554532,python,[JIT],0x00007f3be2d653f8
980209.0,554559,python,[JIT],0x000074472c08c2c3
980199.0,554572,python,[JIT],0x000071d3e604bbc7
980198.0,554508,python,[JIT],0x000074d16320f580
980198.0,554508,python,[JIT],0x000074d163213299
980195.0,554498,python,[JIT],0x00007a47e28452fa
980194.0,554572,python,[JIT],0x000071d3e6047e08
980188.0,554572,python,[JIT],0x000071d3e6047d37
980188.0,554498,python,[JIT],0x00007a47e2831be9
980187.0,554508,python,[JIT],0x000074d163210ccd
980187.0,554532,python,[JIT],0x00007f3be24bf443
980186.0,554508,python,[JIT],0x000074d16321f0eb
980184.0,554559,python,[JIT],0x000074472c09b17a
980180.0,554498,python,[JIT],0x00007a47e2838a02
980178.0,554572,python,[JIT],0x000071d3e604e15b
980177.0,554572,python,[JIT],0x000071d3e604f77f
980175.0,554508,python,[JIT],0x000074d16321a2d1
980164.0,554520,python,[JIT],0x00007bae985628a5
980158.0,554520,python,[kernel.kallsyms],invoke_rcu_core
980155.0,554532,python,[JIT],0x00007f3be24ae4b8
980151.0,554498,python,python,setiter_iternext
980147.0,554498,python,[JIT],0x00007a47e28441d0
980137.0,554498,python,[JIT],0x00007a47e282ee16
980136.0,554520,python,[JIT],0x00007bae985608e0
980134.0,554559,python,[JIT],0x000074472c09b929
980133.0,554520,python,[JIT],0x00007bae98552202
980128.0,554520,python,[JIT],0x00007bae98555380
980127.0,554559,python,[JIT],0x000074472c099178
980126.0,554520,python,[JIT],0x00007bae98560273
980124.0,554532,python,[JIT],0x00007f3be24b7311
980122.0,554520,python,[JIT],0x00007bae9856099a
980120.0,554572,python,python,func_dealloc
980112.0,554508,python,[JIT],0x000074d16321638d
980111.0,554532,python,[JIT],0x00007f3be24ad4bd
980108.0,554532,python,[JIT],0x00007f3be24b3f93
980101.0,554532,python,[JIT],0x00007f3be24bff5c
980100.0,554532,python,[JIT],0x00007f3be2d66064
980096.0,554559,python,[JIT],0x000074472c099303
980096.0,554532,python,[JIT],0x00007f3be24aa010
980089.0,554559,python,[JIT],0x000074472c095654
980089.0,554532,python,[JIT],0x00007f3be24ad2b6
980081.0,554559,python,[kernel.kallsyms],check_cpu_stall
980078.0,554532,python,[JIT],0x00007f3be24b7829
980076.0,554508,python,[JIT],0x000074d16321776d
980071.0,554498,python,[JIT],0x00007a47e283c321
980066.0,554572,python,[JIT],0x000071d3e604b3cd
980063.0,554508,python,[JIT],0x000074d16321906a
980062.0,554532,python,[JIT],0x00007f3be24bf543
980058.0,554572,python,[JIT],0x000071d3e604ee3c
980053.0,554545,python,[JIT],0x00007b13c67f646b
980053.0,554520,python,[JIT],0x00007bae985511ed
980050.0,554572,python,[JIT],0x000071d3e605175c
980050.0,554520,python,[JIT],0x00007bae98556474
980050.0,554520,python,[JIT],0x00007bae985626eb
980049.0,554532,python,[JIT],0x00007f3be2d653cb
980046.0,554572,python,[JIT],0x000071d3e60472e8
980045.0,554559,python,python,unicode_from_format
980041.0,554508,python,[JIT],0x000074d16321f0d6
980039.0,554498,python,[JIT],0x00007a47e283177d
980035.0,554572,python,[JIT],0x000071d3e6051427
980030.0,554559,python,libc.so.6,_int_malloc
980022.0,554508,python,[JIT],0x000074d1634c3263
980018.0,554520,python,[JIT],0x00007bae9855167e
980015.0,554520,python,[kernel.kallsyms],exc_page_fault
980012.0,554545,python,[kernel.kallsyms],___slab_alloc
980011.0,554559,python,[JIT],0x000074472c09bebc
980005.0,554498,python,[kernel.kallsyms],free_pages_and_swap_cache
980003.0,554572,python,[JIT],0x000071d3e604706a
980000.0,554520,python,[JIT],0x00007bae98562b90
979995.0,554508,python,[JIT],0x000074d16321a7cf
979993.0,554572,python,[JIT],0x000071d3e6051436
979989.0,554520,python,[JIT],0x00007bae98558740
979981.0,554559,python,[JIT],0x000074472c09b334
979975.0,554508,python,[JIT],0x000074d16322712d
979969.0,554508,python,[kernel.kallsyms],lapic_next_deadline
979969.0,554520,python,[JIT],0x00007bae9855536c
979965.0,554520,python,[JIT],0x00007bae985643b5
979952.0,554545,python,[kernel.kallsyms],__mod_zone_page_state
979949.0,554572,python,[kernel.kallsyms],update_sg_lb_stats
979943.0,554559,python,[kernel.kallsyms],security_mmap_addr
979941.0,554572,python,[JIT],0x000071d3e604ea1d
979929.0,554532,python,[JIT],0x00007f3be2d65120
979922.0,554508,python,[kernel.kallsyms],reweight_entity
979921.0,554520,python,[kernel.kallsyms],alloc_pages_mpol
979914.0,554520,python,[JIT],0x00007bae985660ab
979912.0,554559,python,[JIT],0x000074472c098398
979909.0,554532,python,[JIT],0x00007f3be24b6a57
979899.0,554532,python,[JIT],0x00007f3be24b3b61
979893.0,554498,python,[JIT],0x00007a47e282f251
979889.0,554508,python,[kernel.kallsyms],__rmqueue_pcplist
979888.0,554508,python,[JIT],0x000074d163206699
979886.0,554532,python,[JIT],0x00007f3be24b0585
979881.0,554532,python,[JIT],0x00007f3be24c011f
979877.0,554532,python,[JIT],0x00007f3be24b6176
979871.0,554559,python,[JIT],0x000074472c08b13e
979871.0,554508,python,[JIT],0x000074d16321ca66
979860.0,554532,python,[JIT],0x00007f3be24b3d37
979858.0,554545,python,[JIT],0x00007b13c67eb2e8
979853.0,554532,python,[JIT],0x00007f3be24c130b
979849.0,554572,python,[JIT],0x000071d3e605172b
979848.0,554520,python,[kernel.kallsyms],mas_empty_area_rev
979842.0,554532,python,python,PyObject_SelfIter
979837.0,554559,python,[JIT],0x000074472c09c129
979813.0,554508,python,[JIT],0x000074d16320f56c
979813.0,554498,python,[JIT],0x00007a47e28325d6
979810.0,554532,python,[JIT],0x00007f3be24b3c65
979808.0,554559,python,[JIT],0x000074472c09b641
979808.0,554545,python,[JIT],0x00007b13c67ec0f7
979797.0,554520,python,[JIT],0x00007bae98562ca6
979796.0,554559,python,libc.so.6,cfree@GLIBC_2.2.5
979795.0,554572,python,[JIT],0x000071d3e6051255
979784.0,554498,python,[JIT],0x00007a47e283268f
979783.0,554572,python,[JIT],0x000071d3e6051f25
979783.0,554532,python,[JIT],0x00007f3be24bfbb0
979779.0,554498,python,[JIT],0x00007a47e2843713
979774.0,554498,python,[JIT],0x00007a47e28301f9
979771.0,554559,python,python,subtype_dealloc
979768.0,554572,python,[JIT],0x000071d3e60432f2
979766.0,554532,python,[JIT],0x00007f3be24be068
979762.0,554559,python,[JIT],0x000074472c08b138
979761.0,554498,python,[JIT],0x00007a47e282c00a
979759.0,554572,python,[JIT],0x000071d3e6041839
979752.0,554572,python,[JIT],0x000071d3e6051d44
979751.0,554508,python,python,slot_tp_call
979747.0,554508,python,[JIT],0x000074d16321c288
979735.0,554520,python,[JIT],0x00007bae98551406
979734.0,554572,python,[JIT],0x000071d3e605b33f
979726.0,554498,python,[JIT],0x00007a47e2843adc
979715.0,554508,python,[kernel.kallsyms],__split_vma
979712.0,554498,python,[kernel.kallsyms],amd_clear_divider
979711.0,554559,python,[JIT],0x000074472c092213
979708.0,554498,python,[JIT],0x00007a47e28300b3
979702.0,554532,python,[JIT],0x00007f3be24bf33c
979691.0,554559,python,[JIT],0x000074472c09b758
979689.0,554498,python,[JIT],0x00007a47e2843b63
979685.0,554508,python,[JIT],0x000074d16321f525
979679.0,554520,python,python,PyObject_Vectorcall
979664.0,554572,python,[JIT],0x000071d3e6035661
979658.0,554559,python,[JIT],0x000074472c0a32fa
979657.0,554572,python,[JIT],0x000071d3e603805a
979655.0,554559,python,[JIT],0x000074472c092233
979647.0,554498,python,[kernel.kallsyms],__tlb_remove_page_size
979644.0,554532,python,[JIT],0x00007f3be24a96ca
979643.0,554498,python,[JIT],0x00007a47e283517b
979632.0,554532,python,[kernel.kallsyms],cond_accept_memory
979632.0,554545,python,[JIT],0x00007b13c67f6c50
979629.0,554520,python,[JIT],0x00007bae98562ef5
979623.0,554508,python,[JIT],0x000074d1632175b5
979620.0,554498,python,[kernel.kallsyms],__mem_cgroup_threshold
979619.0,554532,python,[JIT],0x00007f3be24b6c8b
979615.0,554559,python,[JIT],0x000074472c9352e5
979601.0,554508,python,[JIT],0x000074d1634c31cf
979597.0,554559,python,[JIT],0x000074472c08b5ed
979597.0,554572,python,[JIT],0x000071d3e604411b
979590.0,554508,python,[kernel.kallsyms],__rcu_read_lock
979588.0,554532,python,[kernel.kallsyms],calc_global_load
979587.0,554520,python,[JIT],0x00007bae98554395
979586.0,554498,python,[JIT],0x00007a47e2843834
979581.0,554520,python,[kernel.kallsyms],sched_clock_cpu
979578.0,554572,python,[kernel.kallsyms],x64_sys_call
979578.0,554572,python,[JIT],0x000071d3e60430f4
979569.0,554572,python,[JIT],0x000071d3e6051e25
979555.0,554498,python,[JIT],0x00007a47e2843e88
979543.0,554498,python,[JIT],0x00007a47e2843828
979530.0,554508,python,[JIT],0x000074d163219353
979529.0,554572,python,[JIT],0x000071d3e6044139
979522.0,554508,python,[kernel.kallsyms],mt_free_rcu
979519.0,554508,python,[JIT],0x000074d1632106dd
979516.0,554572,python,[JIT],0x000071d3e60430f4
979513.0,554572,python,[JIT],0x000071d3e604c4b8
979506.0,554498,python,[JIT],0x00007a47e283c1f9
979494.0,554520,python,[JIT],0x00007bae98562d89
979486.0,554520,python,[JIT],0x00007bae97f3fd4e
979483.0,554559,python,[JIT],0x000074472c93445f
979482.0,554572,python,[JIT],0x000071d3e604b51c
979481.0,554520,python,[JIT],0x00007bae98562ac4
979473.0,554572,python,[kernel.kallsyms],__mod_memcg_lruvec_state
979468.0,554508,python,[JIT],0x000074d1634c3396
979463.0,554572,python,[JIT],0x000071d3e6051259
979462.0,554498,python,[kernel.kallsyms],irq_work_tick
979455.0,554520,python,[JIT],0x00007bae98559904
979451.0,554508,python,[JIT],0x000074d16321f08b
979446.0,554545,python,libc.so.6,malloc
979442.0,554572,python,[JIT],0x000071d3e6051f1f
979440.0,554520,python,[JIT],0x00007bae9855f5f0
979431.0,554520,python,[JIT],0x00007bae98564114
979421.0,554532,python,[JIT],0x00007f3be24bf788
979405.0,554572,python,[JIT],0x000071d3e6059433
979385.0,554498,python,[JIT],0x00007a47e2835446
979371.0,554532,python,[JIT],0x00007f3be24b3012
979366.0,554520,python,[JIT],0x00007bae985622d1
979361.0,554520,python,[kernel.kallsyms],_raw_spin_unlock_irqrestore
979360.0,554559,python,[JIT],0x000074472c09b2eb
979354.0,554508,python,[kernel.kallsyms],policy_nodemask
979351.0,554572,python,[JIT],0x000071d3e6051713
979346.0,554520,python,python,cfunction_vectorcall_NOARGS
979343.0,554572,python,[JIT],0x000071d3e6051ded
979337.0,554508,python,[JIT],0x000074d163219e46
979337.0,554508,python,[JIT],0x000074d16321ff7a
979336.0,554572,python,[JIT],0x000071d3e6051850
979334.0,554532,python,[JIT],0x00007f3be24bf81b
979333.0,554520,python,[JIT],0x00007bae98566654
979331.0,554520,python,[JIT],0x00007bae98562334
979331.0,554559,python,[JIT],0x000074472c09b32b
979322.0,554572,python,[kernel.kallsyms],get_mem_cgroup_from_mm
979322.0,554572,python,[JIT],0x000071d3e6051fa9
979314.0,554559,python,[JIT],0x000074472c09bb7a
979303.0,554559,python,[JIT],0x000074472c082166
979292.0,554545,python,[kernel.kallsyms],mas_leaf_max_gap
979291.0,554559,python,[JIT],0x000074472c09be92
979285.0,554559,python,[JIT],0x000074472c09b908
979284.0,554508,python,[JIT],0x000074d163209559
979279.0,554508,python,[JIT],0x000074d16321009d
979277.0,554498,python,[JIT],0x00007a47e28439ea
979276.0,554532,python,[JIT],0x00007f3be24bfbae
979273.0,554532,python,[JIT],0x00007f3be24c0016
979273.0,554508,python,[JIT],0x000074d163208eaa
979244.0,554520,python,[JIT],0x00007bae98563174
979243.0,554572,python,[JIT],0x000071d3e604f6e7
979233.0,554498,python,[JIT],0x00007a47e2844089
979226.0,554520,python,[kernel.kallsyms],do_user_addr_fault
979223.0,554559,python,[JIT],0x000074472c09b850
979222.0,554545,python,[kernel.kallsyms],fpregs_assert_state_consistent
979220.0,554532,python,[JIT],0x00007f3be24bf94e
979213.0,554532,python,[JIT],0x00007f3be24b4657
979209.0,554498,python,[JIT],0x00007a47e284304c
979204.0,554498,python,[kernel.kallsyms],__note_gp_changes
979200.0,554520,python,[JIT],0x00007bae9855d2af
979198.0,554559,python,[JIT],0x000074472c934292
979191.0,554559,python,[JIT],0x000074472c0954e3
979181.0,554559,python,[JIT],0x000074472c098e84
979174.0,554498,python,[JIT],0x00007a47e2843525
979172.0,554559,python,[kernel.kallsyms],pud_val
979167.0,554532,python,[kernel.kallsyms],alloc_pages
979166.0,554532,python,[JIT],0x00007f3be24aaa00
979162.0,554508,python,[JIT],0x000074d1634c33a5
979161.0,554572,python,[kernel.kallsyms],__note_gp_changes
979161.0,554498,python,[JIT],0x00007a47e2844196
979159.0,554559,python,[JIT],0x000074472c08b23b
979158.0,554498,python,[JIT],0x00007a47e2832799
979157.0,554572,python,[JIT],0x000071d3e604135e
979157.0,554520,python,[JIT],0x00007bae985628fd
979151.0,554520,python,[JIT],0x00007bae985629b6
979150.0,554572,python,[JIT],0x000071d3e6051df4
979134.0,554559,python,[JIT],0x000074472c08e0fb
979131.0,554520,python,[JIT],0x00007bae9855173c
979126.0,554520,python,python,subtype_traverse
979123.0,554508,python,[JIT],0x000074d16321fefc
979121.0,554545,python,[kernel.kallsyms],mem_cgroup_from_task
979104.0,554572,python,[JIT],0x000071d3e6053134
979104.0,554498,python,[JIT],0x00007a47e2844190
979099.0,554559,python,[JIT],0x000074472c09bcf3
979093.0,554508,python,[kernel.kallsyms],__vm_area_free
979090.0,554532,python,[JIT],0x00007f3be24bffe9
979089.0,554508,python,[JIT],0x000074d16321a0af
979074.0,554498,python,[JIT],0x00007a47e2843d4c
979073.0,554508,python,[JIT],0x000074d16321ff38
979072.0,554508,python,[JIT],0x000074d16321d636
979065.0,554532,python,[kernel.kallsyms],asm_sysvec_apic_timer_interrupt
979065.0,554532,python,[JIT],0x00007f3be24bfcab
979059.0,554572,python,[kernel.kallsyms],kthread_blkcg
979047.0,554572,python,[kernel.kallsyms],handle_softirqs
979042.0,554532,python,[JIT],0x00007f3be24c106a
979037.0,554508,python,[kernel.kallsyms],folio_add_new_anon_rmap
979026.0,554572,python,[JIT],0x000071d3e604b3d0
979019.0,554572,python,[JIT],0x000071d3e605a221
979014.0,554572,python,[JIT],0x000071d3e60512df
979010.0,554559,python,[JIT],0x000074472c09bfa9
978996.0,554545,python,[JIT],0x00007b13c67ebdb1
978996.0,554532,python,[kernel.kallsyms],cgroup_rstat_updated
978994.0,554508,python,[JIT],0x000074d1632271fa
978988.0,554532,python,[JIT],0x00007f3be24b709e
978986.0,554559,python,[JIT],0x000074472c0a43c1
978983.0,554545,python,[JIT],0x00007b13c67e0473
978978.0,554508,python,python,PyLong_FromSize_t
978972.0,554572,python,[JIT],0x000071d3e6051c8c
978970.0,554508,python,[JIT],0x000074d16321f641
978963.0,554572,python,[JIT],0x000071d3e604b8a6
978957.0,554508,python,[JIT],0x000074d16321d2f4
978950.0,554532,python,[JIT],0x00007f3be24bf8fd
978949.0,554572,python,[JIT],0x000071d3e6051d28
978949.0,554532,python,[kernel.kallsyms],mod_objcg_state
978945.0,554508,python,[JIT],0x000074d16321f1a5
978944.0,554559,python,[JIT],0x000074472c09b88d
978943.0,554498,python,[JIT],0x00007a47e2843814
978926.0,554532,python,[kernel.kallsyms],down_read_trylock
978913.0,554520,python,[JIT],0x00007bae985621a2
978907.0,554532,python,[JIT],0x00007f3be24c00b9
978902.0,554559,python,[JIT],0x000074472c09b3bd
978893.0,554498,python,[JIT],0x00007a47e2843fce
978888.0,554532,python,[JIT],0x00007f3be24bf98d
978879.0,554572,python,[kernel.kallsyms],free_pages_and_swap_cache
978875.0,554532,python,[JIT],0x00007f3be24bf954
978853.0,554572,python,[JIT],0x000071d3e603978d
978848.0,554498,python,[JIT],0x00007a47e2843dc4
978827.0,554559,python,[JIT],0x000074472c098fde
978823.0,554498,python,[JIT],0x00007a47e28440d6
978817.0,554520,python,[JIT],0x00007bae9856216e
978816.0,554559,python,[kernel.kallsyms],_raw_spin_unlock
978814.0,554572,python,[JIT],0x000071d3e6051c84
978807.0,554559,python,[JIT],0x000074472c09b06a
978797.0,554532,python,[kernel.kallsyms],alloc_pages_mpol
978796.0,554559,python,[JIT],0x000074472c095f0a
978793.0,554532,python,[kernel.kallsyms],lru_add_drain_cpu
978783.0,554572,python,[JIT],0x000071d3e60531e5
978777.0,554572,python,[JIT],0x000071d3e6051d69
978770.0,554508,python,[JIT],0x000074d16321ff65
978743.0,554545,python,[JIT],0x00007b13c67e45a6
978737.0,554498,python,[JIT],0x00007a47e2ad70a9
978733.0,554498,python,[JIT],0x00007a47e2838000
978729.0,554498,python,[JIT],0x00007a47e2839764
978726.0,554532,python,[JIT],0x00007f3be2d6572f
978698.0,554545,python,[JIT],0x00007b13c67f6dcf
978697.0,554559,python,[JIT],0x000074472c0a30cb
978671.0,554559,python,[JIT],0x000074472c0a32a9
978648.0,554498,python,[kernel.kallsyms],kmem_cache_free
978647.0,554532,python,[JIT],0x00007f3be24bf513
978647.0,554498,python,[JIT],0x00007a47e28380ab
978645.0,554498,python,[JIT],0x00007a47e2843f6a
978631.0,554508,python,[JIT],0x000074d16321f255
978630.0,554572,python,[JIT],0x000071d3e6051fe8
978604.0,554532,python,[JIT],0x00007f3be24bf8d6
978604.0,554508,python,[JIT],0x000074d16321f6e8
978604.0,554498,python,[JIT],0x00007a47e2843e41
978602.0,554532,python,[JIT],0x00007f3be24bf973
978591.0,554520,python,[JIT],0x00007bae97f40a0f
978580.0,554532,python,[kernel.kallsyms],count_memcg_events.constprop.0
978577.0,554572,python,[JIT],0x000071d3e6041135
978576.0,554532,python,[JIT],0x00007f3be24b01c3
978562.0,554498,python,[JIT],0x00007a47e2838c58
978560.0,554520,python,[JIT],0x00007bae9855d58c
978557.0,554498,python,[JIT],0x00007a47e2822000
978554.0,554532,python,[JIT],0x00007f3be24bf47c
978549.0,554520,python,python,dict_copy
978544.0,554532,python,[JIT],0x00007f3be24bfc8a
978541.0,554572,python,[JIT],0x000071d3e60404e1
978535.0,554545,python,[JIT],0x00007b13c67f6d89
978532.0,554508,python,[JIT],0x000074d16321a5fd
978524.0,554559,python,[kernel.kallsyms],set_ptes.isra.0
978513.0,554508,python,[JIT],0x000074d16321c682
978507.0,554520,python,[JIT],0x00007bae98562b3f
978499.0,554559,python,[JIT],0x000074472c09c1e0
978492.0,554559,python,[kernel.kallsyms],task_work_run
978486.0,554508,python,[JIT],0x000074d1632192cd
978458.0,554508,python,[JIT],0x000074d16321d3fe
978442.0,554508,python,[kernel.kallsyms],perf_iterate_ctx
978439.0,554520,python,[JIT],0x00007bae98553115
978432.0,554559,python,[JIT],0x000074472c09b857
978404.0,554532,python,[JIT],0x00007f3be24b7525
978383.0,554559,python,[JIT],0x000074472c0904c0
978374.0,554498,python,[JIT],0x00007a47e284410a
978367.0,554559,python,[JIT],0x000074472c08cbf6
978357.0,554545,python,[JIT],0x00007b13c67f645f
978352.0,554572,python,[JIT],0x000071d3e60517c6
978328.0,554559,python,[JIT],0x000074472c09894b
978325.0,554498,python,[JIT],0x00007a47e2832685
978322.0,554498,python,[JIT],0x00007a47e2838b26
978315.0,554520,python,[kernel.kallsyms],free_pages_and_swap_cache
978305.0,554572,python,[JIT],0x000071d3e604b213
978305.0,554520,python,[JIT],0x00007bae985629e6
978280.0,554498,python,[kernel.kallsyms],userfaultfd_unmap_prep
978279.0,554532,python,[JIT],0x00007f3be24bfae2
978279.0,554508,python,[JIT],0x000074d16321fd96
978271.0,554532,python,[JIT],0x00007f3be24b7421
978266.0,554572,python,libc.so.6,malloc
978261.0,554532,python,[JIT],0x00007f3be24bf20a
978259.0,554545,python,[JIT],0x00007b13c67ec678
978249.0,554498,python,[JIT],0x00007a47e283c3a1
978243.0,554520,python,[JIT],0x00007bae98562f38
978242.0,554559,python,[JIT],0x000074472c08f3be
978237.0,554498,python,[JIT],0x00007a47e284531b
978207.0,554508,python,[kernel.kallsyms],entry_SYSCALL_64_after_hwframe
978198.0,554498,python,[kernel.kallsyms],vm_area_dup
978178.0,554498,python,[JIT],0x00007a47e282d800
978167.0,554572,python,[kernel.kallsyms],down_read_trylock
978153.0,554572,python,[JIT],0x000071d3e605a52a
978147.0,554508,python,[JIT],0x000074d16321fdb9
978142.0,554508,python,[JIT],0x000074d1634c3297
978140.0,554532,python,[JIT],0x00007f3be24c00c4
978140.0,554498,python,[JIT],0x00007a47e2843c80
978130.0,554532,python,[JIT],0x00007f3be24b351c
978128.0,554572,python,[JIT],0x000071d3e60516b5
978124.0,554545,python,[kernel.kallsyms],account_user_time
978123.0,554520,python,[JIT],0x00007bae985514eb
978121.0,554498,python,[JIT],0x00007a47e2ad604c
978119.0,554508,python,[JIT],0x000074d16321610c
978117.0,554572,python,[JIT],0x000071d3e604e9da
978102.0,554520,python,[kernel.kallsyms],lru_gen_del_folio.constprop.0
978045.0,554559,python,[JIT],0x000074472c09916e
978039.0,554508,python,[JIT],0x000074d1634c3370
978036.0,554559,python,[JIT],0x000074472c0a3124
978035.0,554532,python,[JIT],0x00007f3be24c01af
978034.0,554572,python,[JIT],0x000071d3e6051c5d
978030.0,554508,python,[JIT],0x000074d16321f294
978027.0,554520,python,[JIT],0x00007bae985601f9
978024.0,554532,python,[JIT],0x00007f3be24b60ff
978016.0,554508,python,[kernel.kallsyms],get_mem_cgroup_from_mm
978015.0,554520,python,[JIT],0x00007bae9856214e
978011.0,554498,python,[JIT],0x00007a47e28310c7
978010.0,554545,python,[JIT],0x00007b13c67f6f14
978002.0,554559,python,[JIT],0x000074472c09b3a3
977997.0,554520,python,[kernel.kallsyms],rcu_segcblist_extract_done_cbs
977997.0,554532,python,[JIT],0x00007f3be24ad598
977988.0,554532,python,[JIT],0x00007f3be24bf124
977985.0,554532,python,[JIT],0x00007f3be24b788c
977976.0,554508,python,[kernel.kallsyms],blk_finish_plug
977972.0,554559,python,[JIT],0x000074472c098191
977969.0,554572,python,python,_PyMem_RawMalloc
977947.0,554559,python,[JIT],0x000074472c0923ca
977909.0,554532,python,[JIT],0x00007f3be24a9543
977896.0,554545,python,[JIT],0x00007b13c67f80ad
977866.0,554520,python,[JIT],0x00007bae98555dc1
977836.0,554498,python,[JIT],0x00007a47e2843877
977812.0,554508,python,[JIT],0x000074d16321a144
977799.0,554532,python,[kernel.kallsyms],zap_pte_range
977798.0,554532,python,[kernel.kallsyms],___slab_alloc
977792.0,554520,python,[kernel.kallsyms],free_swap_cache
977784.0,554559,python,[JIT],0x000074472c09023a
977776.0,554520,python,[JIT],0x00007bae985554cd
977756.0,554572,python,[JIT],0x000071d3e60533c1
977728.0,554508,python,[JIT],0x000074d163219317
977700.0,554498,python,python,_PyUnicodeWriter_Finish
977670.0,554520,python,[JIT],0x00007bae98562c37
977649.0,554532,python,[JIT],0x00007f3be24bfe38
977636.0,554559,python,[JIT],0x000074472c09b3d5
977634.0,554532,python,python,cfunction_vectorcall_NOARGS
977630.0,554508,python,[kernel.kallsyms],rcu_cblist_dequeue
977618.0,554572,python,[JIT],0x000071d3e605a2dc
977617.0,554520,python,[JIT],0x00007bae9856217a
977587.0,554572,python,[JIT],0x000071d3e6051f38
977572.0,554508,python,[kernel.kallsyms],handle_pte_fault
977557.0,554545,python,[JIT],0x00007b13c67f67b0
977542.0,554532,python,[JIT],0x00007f3be24aaf2b
977531.0,554498,python,[JIT],0x00007a47e2843d95
977511.0,554508,python,[JIT],0x000074d1634c3102
977506.0,554532,python,[JIT],0x00007f3be24bfde5
977501.0,554545,python,python,_PyObject_SetAttributeErrorContext
977477.0,554508,python,[kernel.kallsyms],mt_free_rcu
977444.0,554532,python,[JIT],0x00007f3be24a9800
977431.0,554532,python,[kernel.kallsyms],mas_wr_node_store
977429.0,554559,python,libc.so.6,__munmap
977394.0,554508,python,[JIT],0x000074d163227246
977392.0,554572,python,[JIT],0x000071d3e604eb3a
977371.0,554532,python,[JIT],0x00007f3be24a91e9
977361.0,554532,python,[JIT],0x00007f3be24b7986
977358.0,554520,python,[kernel.kallsyms],__free_one_page
977350.0,554498,python,[JIT],0x00007a47e2843c7a
977329.0,554520,python,[JIT],0x00007bae985663c7
977299.0,554498,python,[kernel.kallsyms],kmem_cache_alloc_bulk
977288.0,554532,python,[JIT],0x00007f3be24ae2a0
977267.0,554508,python,[JIT],0x000074d163220029
977221.0,554532,python,[JIT],0x00007f3be24bf937
977165.0,554559,python,[JIT],0x000074472c08cbc6
977162.0,554572,python,[JIT],0x000071d3e60517c0
977150.0,554498,python,[JIT],0x00007a47e2831395
977127.0,554498,python,[JIT],0x00007a47e2843ef5
977122.0,554572,python,[JIT],0x000071d3e605a48b
977118.0,554498,python,[JIT],0x00007a47e2843dc7
977076.0,554508,python,[kernel.kallsyms],run_posix_cpu_timers
977064.0,554508,python,[JIT],0x000074d16321a123
977051.0,554532,python,[JIT],0x00007f3be24ae08d
977045.0,554498,python,[JIT],0x00007a47e282d20e
977013.0,554520,python,[JIT],0x00007bae985620ab
977010.0,554559,python,[JIT],0x000074472c09bdeb
976993.0,554545,python,[JIT],0x00007b13c67eb86b
976974.0,554520,python,[JIT],0x00007bae98562f7a
976956.0,554498,python,[JIT],0x00007a47e283c124
976945.0,554532,python,[JIT],0x00007f3be24b3f90
976942.0,554520,python,[JIT],0x00007bae98558d25
976935.0,554559,python,[JIT],0x000074472c09075e
976914.0,554545,python,[kernel.kallsyms],__mod_lruvec_state
976906.0,554559,python,[JIT],0x000074472c09be5c
976894.0,554572,python,[JIT],0x000071d3e604c562
976893.0,554559,python,[JIT],0x000074472c082bbe
976891.0,554559,python,[JIT],0x000074472c098a86
976880.0,554532,python,[JIT],0x00007f3be2d6546e
976866.0,554520,python,[kernel.kallsyms],__mem_cgroup_uncharge_list
976846.0,554532,python,[JIT],0x00007f3be24c1134
976839.0,554532,python,[kernel.kallsyms],rcu_segcblist_pend_cbs
976836.0,554572,python,[kernel.kallsyms],mt_find
976827.0,554532,python,[kernel.kallsyms],update_curr
976817.0,554520,python,[JIT],0x00007bae98562d62
976745.0,554532,python,[JIT],0x00007f3be24a9525
976735.0,554559,python,[JIT],0x000074472c099744
976722.0,554508,python,[JIT],0x000074d163213175
976713.0,554532,python,[JIT],0x00007f3be24bff38
976699.0,554508,python,[JIT],0x000074d16321f94f
976666.0,554559,python,[JIT],0x000074472c09b5fb
976649.0,554498,python,[JIT],0x00007a47e283c1c8
976648.0,554508,python,[JIT],0x000074d16322945f
976646.0,554520,python,[JIT],0x00007bae9855c861
976641.0,554572,python,[JIT],0x000071d3e60519ac
976637.0,554532,python,[JIT],0x00007f3be24c1389
976624.0,554520,python,[JIT],0x00007bae9855f6b7
976603.0,554508,python,[JIT],0x000074d16320f611
976594.0,554559,python,[JIT],0x000074472c09bd90
976591.0,554532,python,[JIT],0x00007f3be24bf093
976563.0,554572,python,[JIT],0x000071d3e60518ee
976545.0,554498,python,[JIT],0x00007a47e28319b2
976533.0,554532,python,[JIT],0x00007f3be24b42a0
976512.0,554559,python,[JIT],0x000074472c0a44f7
976506.0,554572,python,[JIT],0x000071d3e60476ff
976490.0,554520,python,[JIT],0x00007bae9856233a
976486.0,554498,python,[JIT],0x00007a47e2ad62f3
976473.0,554498,python,[JIT],0x00007a47e2ad7396
976469.0,554559,python,python,PyObject_Vectorcall
976432.0,554559,python,[JIT],0x000074472c098667
976427.0,554520,python,[JIT],0x00007bae9855c0c7
976422.0,554572,python,[JIT],0x000071d3e6041706
976417.0,554545,python,[JIT],0x00007b13c67f60c7
976410.0,554508,python,python,PyMem_Free
976406.0,554508,python,[JIT],0x000074d1632199b2
976360.0,554520,python,python,memset@plt
976327.0,554572,python,[JIT],0x000071d3e6051ee0
976326.0,554508,python,[JIT],0x000074d16321a2a9
976318.0,554572,python,python,_PyOptimizer_Optimize
976306.0,554559,python,[JIT],0x000074472c09be7c
976283.0,554498,python,[JIT],0x00007a47e282d138
976270.0,554520,python,[JIT],0x00007bae98558b0f
976247.0,554520,python,[kernel.kallsyms],rcu_do_batch
976230.0,554559,python,[JIT],0x000074472c095cab
976228.0,554508,python,[JIT],0x000074d16321f321
976225.0,554545,python,[JIT],0x00007b13c67f30f4
976213.0,554508,python,[JIT],0x000074d1632175b9
976198.0,554520,python,[JIT],0x00007bae9855f3ff
976181.0,554572,python,[JIT],0x000071d3e60530a7
976172.0,554559,python,[JIT],0x000074472c09c1c5
976154.0,554508,python,[JIT],0x000074d16321f7b5
976125.0,554532,python,[kernel.kallsyms],__mod_memcg_lruvec_state
976090.0,554508,python,[JIT],0x000074d16321059e
976009.0,554498,python,[JIT],0x00007a47e282eae4
975946.0,554532,python,[JIT],0x00007f3be24bfd76
975911.0,554572,python,[JIT],0x000071d3e6039456
975908.0,554498,python,python,_PyUnicodeWriter_PrepareInternal
975878.0,554545,python,[JIT],0x00007b13c67e070f
975849.0,554559,python,[JIT],0x000074472c08fa20
975821.0,554498,python,[JIT],0x00007a47e28380a7
975764.0,554520,python,[JIT],0x00007bae9855c2b9
975756.0,554572,python,[JIT],0x000071d3e604bb43
975739.0,554532,python,[kernel.kallsyms],rcu_core_si
975715.0,554532,python,[kernel.kallsyms],__mem_cgroup_charge
975715.0,554498,python,[JIT],0x00007a47e282e269
975709.0,554572,python,[JIT],0x000071d3e6051242
975705.0,554572,python,[JIT],0x000071d3e6041b0b
975658.0,554532,python,[JIT],0x00007f3be2d65649
975645.0,554508,python,[JIT],0x000074d16321f5f7
975641.0,554498,python,[JIT],0x00007a47e2843de0
975636.0,554520,python,[JIT],0x00007bae98555ec6
975603.0,554520,python,[JIT],0x00007bae98562e03
975600.0,554508,python,[JIT],0x000074d1632199cd
975573.0,554572,python,[JIT],0x000071d3e604b052
975567.0,554572,python,[kernel.kallsyms],__slab_free
975450.0,554520,python,[JIT],0x00007bae98551765
975360.0,554559,python,[JIT],0x000074472c08f003
975346.0,554520,python,[JIT],0x00007bae9856040e
975328.0,554520,python,[JIT],0x00007bae9855f204
975310.0,554559,python,[JIT],0x000074472c0965b9
975285.0,554559,python,[JIT],0x000074472c93445f
975274.0,554520,python,[JIT],0x00007bae9855cbbf
975204.0,554498,python,[JIT],0x00007a47e2831681
975086.0,554572,python,[JIT],0x000071d3e6053359
975078.0,554508,python,[JIT],0x000074d1632138f9
975008.0,554508,python,[kvm],pvclock_gtod_notify
974981.0,554532,python,[kernel.kallsyms],irq_exit_rcu
974952.0,554545,python,[JIT],0x00007b13c67f82d8
974931.0,554532,python,[JIT],0x00007f3be24bfe5c
974840.0,554559,python,[JIT],0x000074472c09b08f
974839.0,554508,python,[kernel.kallsyms],__memcg_slab_free_hook
974834.0,554498,python,[JIT],0x00007a47e28342e8
974827.0,554572,python,[kernel.kallsyms],release_pages
974778.0,554532,python,[JIT],0x00007f3be24bfa50
974775.0,554520,python,[kernel.kallsyms],__cond_resched
974766.0,554498,python,[JIT],0x00007a47e2838aab
974755.0,554508,python,[kernel.kallsyms],_raw_spin_lock
974741.0,554520,python,[kernel.kallsyms],rcu_core
974730.0,554572,python,[JIT],0x000071d3e6039642
974718.0,554532,python,[JIT],0x00007f3be2d6511c
974684.0,554572,python,python,dict_unhashable_type
974559.0,554508,python,[JIT],0x000074d16321fe3b
974551.0,554559,python,[JIT],0x000074472c095395
974524.0,554532,python,[kernel.kallsyms],timerqueue_add
974483.0,554520,python,[JIT],0x00007bae985580c3
974470.0,554508,python,[JIT],0x000074d163216f58
974345.0,554508,python,[JIT],0x000074d16321fdd8
974344.0,554572,python,[kernel.kallsyms],update_vdso_data.constprop.0
974305.0,554532,python,[JIT],0x00007f3be2d6635b
974292.0,554572,python,[JIT],0x000071d3e605157c
974236.0,554508,python,[JIT],0x000074d163227129
974200.0,554559,python,[JIT],0x000074472c08c863
974194.0,554572,python,[JIT],0x000071d3e6053338
974105.0,554498,python,[JIT],0x00007a47e28381f5
974049.0,554532,python,[JIT],0x00007f3be24b0262
974047.0,554508,python,[JIT],0x000074d16321fd41
973943.0,554572,python,[JIT],0x000071d3e6047317
973931.0,554532,python,[JIT],0x00007f3be24b1632
973872.0,554498,python,[kernel.kallsyms],__perf_event__output_id_sample
973825.0,554559,python,python,method_get
973772.0,554572,python,[JIT],0x000071d3e6052031
973747.0,554559,python,python,unicode_decode_utf8.part.0
973743.0,554520,python,python,min_max
973634.0,554520,python,[JIT],0x00007bae98562805
973622.0,554559,python,[JIT],0x000074472c09b9b6
973608.0,554532,python,[JIT],0x00007f3be24c1389
973579.0,554559,python,[JIT],0x000074472c0a3118
973568.0,554572,python,[JIT],0x000071d3e604e7ef
973566.0,554520,python,[JIT],0x00007bae98558b8e
973551.0,554545,python,[JIT],0x00007b13c67f6707
973454.0,554572,python,[JIT],0x000071d3e604ee16
973446.0,554572,python,[JIT],0x000071d3e604bf4b
973438.0,554559,python,[JIT],0x000074472c0928db
973354.0,554498,python,[JIT],0x00007a47e2ad6446
973350.0,554508,python,[JIT],0x000074d16320f0c7
973280.0,554572,python,[JIT],0x000071d3e604b0f4
973237.0,554508,python,[JIT],0x000074d1634c3378
973178.0,554520,python,[JIT],0x00007bae985522ee
972942.0,554498,python,[JIT],0x00007a47e2843547
972848.0,554508,python,[JIT],0x000074d16321f448
972830.0,554520,python,[JIT],0x00007bae98560028
972821.0,554532,python,[kernel.kallsyms],raw_spin_rq_lock_nested
972819.0,554532,python,[JIT],0x00007f3be24bf143
972786.0,554532,python,[JIT],0x00007f3be24ac280
972783.0,554559,python,[kernel.kallsyms],cond_accept_memory
972741.0,554572,python,[kernel.kallsyms],__raw_spin_lock_irqsave
972738.0,554532,python,[JIT],0x00007f3be24c00fc
972723.0,554532,python,[JIT],0x00007f3be24aacd9
972721.0,554559,python,[JIT],0x000074472c93438c
972616.0,554572,python,[kernel.kallsyms],___slab_alloc
972568.0,554508,python,[JIT],0x000074d1632163be
972404.0,554572,python,[JIT],0x000071d3e6059497
972356.0,554508,python,[JIT],0x000074d163227297
972336.0,554508,python,[JIT],0x000074d1634c3339
972326.0,554508,python,[kernel.kallsyms],rcu_core_si
972324.0,554508,python,[JIT],0x000074d16321fdf9
972304.0,554498,python,[JIT],0x00007a47e28265d8
972229.0,554532,python,[JIT],0x00007f3be24a9734
972165.0,554532,python,[JIT],0x00007f3be24c0267
972163.0,554572,python,[kernel.kallsyms],p4d_offset
972073.0,554498,python,[JIT],0x00007a47e2843561
972045.0,554572,python,[JIT],0x000071d3e604bf3a
971928.0,554559,python,[JIT],0x000074472c08f4d5
971854.0,554520,python,[JIT],0x00007bae9856230c
971750.0,554559,python,[JIT],0x000074472c09b72a
971709.0,554508,python,[JIT],0x000074d16320f756
971527.0,554559,python,[JIT],0x000074472c09bc68
971517.0,554532,python,[kernel.kallsyms],clockevents_program_event
971414.0,554545,python,[kernel.kallsyms],arch_exit_to_user_mode_prepare.isra.0
971261.0,554498,python,python,unicode_from_format
971251.0,554508,python,[JIT],0x000074d1632273b9
971236.0,554572,python,[kernel.kallsyms],__rmqueue_pcplist
971190.0,554508,python,[JIT],0x000074d163213e5a
971169.0,554498,python,[kernel.kallsyms],update_fast_timekeeper
971156.0,554498,python,[JIT],0x00007a47e2843fc5
971103.0,554559,python,[kernel.kallsyms],_raw_spin_lock
971095.0,554498,python,[kernel.kallsyms],update_curr_se
971084.0,554508,python,[kernel.kallsyms],task_mm_cid_work
971049.0,554572,python,[JIT],0x000071d3e605181b
971026.0,554508,python,[JIT],0x000074d1634c332b
970996.0,554508,python,[JIT],0x000074d16321c012
970955.0,554520,python,[JIT],0x00007bae985629ff
970881.0,554498,python,[JIT],0x00007a47e2843de8
970856.0,554532,python,[JIT],0x00007f3be24b770f
970845.0,554498,python,[JIT],0x00007a47e283136c
970723.0,554498,python,[JIT],0x00007a47e28287bb
970708.0,554545,python,[kernel.kallsyms],free_unref_page_commit
970272.0,554508,python,[JIT],0x000074d16321f663
970170.0,554572,python,[JIT],0x000071d3e604f4f4
970095.0,554508,python,[JIT],0x000074d163214085
969979.0,554498,python,[JIT],0x00007a47e282e345
969837.0,554520,python,[kernel.kallsyms],__mod_memcg_lruvec_state
969834.0,554532,python,[kernel.kallsyms],memcg_check_events
969815.0,554520,python,[JIT],0x00007bae985642d8
969571.0,554508,python,[kernel.kallsyms],post_alloc_hook
969569.0,554559,python,[JIT],0x000074472c08b248
969520.0,554508,python,[JIT],0x000074d16322720f
969500.0,554508,python,[JIT],0x000074d16321cdb4
969459.0,554572,python,[JIT],0x000071d3e604f21e
969405.0,554498,python,[JIT],0x00007a47e282f1dc
969342.0,554532,python,[JIT],0x00007f3be24b4214
969275.0,554532,python,[JIT],0x00007f3be24b42c8
969220.0,554520,python,[JIT],0x00007bae985670c3
969155.0,554508,python,[JIT],0x000074d16321f894
969154.0,554572,python,[JIT],0x000071d3e6052070
969100.0,554508,python,[JIT],0x000074d16321fb3f
969096.0,554520,python,[JIT],0x00007bae985670dc
969079.0,554520,python,[JIT],0x00007bae985642b8
969078.0,554559,python,[JIT],0x000074472c095ee5
969074.0,554572,python,[JIT],0x000071d3e604515a
969042.0,554508,python,[JIT],0x000074d16321a04c
968862.0,554572,python,[JIT],0x000071d3e60521ab
968777.0,554520,python,[JIT],0x00007bae985627ab
968770.0,554520,python,[JIT],0x00007bae98562129
968747.0,554572,python,[JIT],0x000071d3e6051a4a
968719.0,554545,python,python,PyErr_GivenExceptionMatches
968677.0,554520,python,[JIT],0x00007bae9855fe02
968611.0,554572,python,[JIT],0x000071d3e604f76a
968594.0,554520,python,[JIT],0x00007bae985627f6
968589.0,554532,python,[JIT],0x00007f3be24c0022
968580.0,554520,python,[JIT],0x00007bae98558e1c
968518.0,554498,python,[JIT],0x00007a47e282f1f7
968307.0,554520,python,[JIT],0x00007bae9855c3cd
968220.0,554508,python,[JIT],0x000074d163212109
968144.0,554572,python,[JIT],0x000071d3e604c4e0
968120.0,554508,python,[JIT],0x000074d16321f347
967970.0,554545,python,[JIT],0x00007b13c67ec799
967934.0,554498,python,[kernel.kallsyms],irqentry_enter
967903.0,554532,python,[JIT],0x00007f3be24b6d02
967899.0,554508,python,[JIT],0x000074d163228396
967758.0,554508,python,[JIT],0x000074d16320d0ab
967749.0,554559,python,[JIT],0x000074472c934221
967735.0,554532,python,[JIT],0x00007f3be24a9565
967733.0,554572,python,python,PyType_IsSubtype
967716.0,554498,python,[JIT],0x00007a47e282d06a
967679.0,554532,python,[kernel.kallsyms],task_tick_mm_cid
967678.0,554532,python,[kernel.kallsyms],should_fail_alloc_page
967644.0,554559,python,[JIT],0x000074472c095890
967578.0,554572,python,[JIT],0x000071d3e6044052
967575.0,554498,python,[JIT],0x00007a47e283c4be
967547.0,554559,python,[JIT],0x000074472c09606f
967543.0,554520,python,[kernel.kallsyms],task_mm_cid_work
967534.0,554508,python,[JIT],0x000074d16322847b
967529.0,554559,python,[JIT],0x000074472c0984ae
967516.0,554559,python,[JIT],0x000074472c9341fb
967505.0,554532,python,[kernel.kallsyms],__hrtimer_run_queues
967496.0,554498,python,[JIT],0x00007a47e283c338
967490.0,554559,python,[JIT],0x000074472c095e5a
967487.0,554498,python,[JIT],0x00007a47e2ad61d5
967485.0,554559,python,[JIT],0x000074472c09506a
967484.0,554498,python,[JIT],0x00007a47e283b95a
967483.0,554520,python,[JIT],0x00007bae985527f3
967467.0,554559,python,[JIT],0x000074472c08e0f1
967466.0,554532,python,[JIT],0x00007f3be24b1752
967460.0,554498,python,[JIT],0x00007a47e28435c4
967457.0,554559,python,[JIT],0x000074472c935204
967447.0,554532,python,[JIT],0x00007f3be24b416d
967445.0,554559,python,[JIT],0x000074472c099209
967441.0,554520,python,[JIT],0x00007bae985554bd
967436.0,554559,python,[JIT],0x000074472c0967a1
967431.0,554520,python,[JIT],0x00007bae9855677e
967428.0,554559,python,[JIT],0x000074472c095847
967423.0,554572,python,[JIT],0x000071d3e604b1c8
967414.0,554498,python,[JIT],0x00007a47e282ebc1
967408.0,554498,python,[JIT],0x00007a47e283c6de
967406.0,554559,python,[JIT],0x000074472c095a20
967404.0,554520,python,[JIT],0x00007bae9855620a
967375.0,554559,python,[JIT],0x000074472c0950ff
967374.0,554520,python,[JIT],0x00007bae98560338
967367.0,554572,python,[JIT],0x000071d3e604517e
967365.0,554508,python,[JIT],0x000074d16321d444
967349.0,554559,python,[JIT],0x000074472c09852c
967344.0,554559,python,[JIT],0x000074472c098191
967327.0,554559,python,[JIT],0x000074472c098fd8
967312.0,554559,python,[JIT],0x000074472c095804
967289.0,554559,python,[JIT],0x000074472c0901fe
967281.0,554559,python,[JIT],0x000074472c08b2d0
967278.0,554559,python,[JIT],0x000074472c0983d4
967277.0,554520,python,[JIT],0x00007bae985584cd
967275.0,554498,python,[JIT],0x00007a47e28435ba
967270.0,554559,python,[JIT],0x000074472c0954bd
967269.0,554520,python,[JIT],0x00007bae9855cdb5
967256.0,554559,python,[JIT],0x000074472c09578e
967251.0,554498,python,[kernel.kallsyms],task_work_run
967243.0,554559,python,[JIT],0x000074472c0990dd
967237.0,554532,python,[kernel.kallsyms],__mem_cgroup_threshold
967218.0,554559,python,[JIT],0x000074472c095d18
967216.0,554508,python,[JIT],0x000074d163213629
967187.0,554532,python,[JIT],0x00007f3be24aafb6
967185.0,554559,python,[JIT],0x000074472c098deb
967180.0,554498,python,[JIT],0x00007a47e2831982
967166.0,554559,python,[JIT],0x000074472c095cf1
967162.0,554559,python,[JIT],0x000074472c096381
967149.0,554559,python,[JIT],0x000074472c095d7c
967146.0,554572,python,[JIT],0x000071d3e60487eb
967134.0,554532,python,[kernel.kallsyms],__raw_spin_lock_irqsave
967127.0,554520,python,[JIT],0x00007bae9855ffc9
967123.0,554572,python,[JIT],0x000071d3e6041258
967123.0,554508,python,[JIT],0x000074d1632109d1
967116.0,554520,python,[JIT],0x00007bae9855c5d4
967108.0,554559,python,[JIT],0x000074472c09538d
967083.0,554532,python,[JIT],0x00007f3be24bf96a
967080.0,554520,python,[JIT],0x00007bae9855d0e3
967079.0,554532,python,[JIT],0x00007f3be24b7373
967073.0,554559,python,[JIT],0x000074472c095f22
967065.0,554508,python,[JIT],0x000074d16321a67c
967064.0,554520,python,[JIT],0x00007bae98562fd1
967061.0,554498,python,[kernel.kallsyms],account_process_tick
967052.0,554520,python,[JIT],0x00007bae9855c3d6
967048.0,554559,python,[JIT],0x000074472c09bc47
967018.0,554520,python,[JIT],0x00007bae9855b095
967018.0,554498,python,[JIT],0x00007a47e282e568
967007.0,554520,python,[JIT],0x00007bae9855578e
966996.0,554498,python,python,_PyUnicode_ResizeCompact
966961.0,554572,python,[kernel.kallsyms],__calc_delta.constprop.0
966910.0,554498,python,[JIT],0x00007a47e2844016
966892.0,554559,python,[JIT],0x000074472c08f280
966873.0,554532,python,[JIT],0x00007f3be24a1028
966854.0,554532,python,[JIT],0x00007f3be24b14ba
966817.0,554532,python,[JIT],0x00007f3be24b03cd
966815.0,554559,python,[JIT],0x000074472c09206a
966810.0,554559,python,[JIT],0x000074472c096717
966781.0,554572,python,[JIT],0x000071d3e60510b0
966776.0,554498,python,[JIT],0x00007a47e2843b2b
966731.0,554508,python,[JIT],0x000074d16321f80d
966643.0,554520,python,[JIT],0x00007bae9855cfa8
966617.0,554498,python,[JIT],0x00007a47e2ad61ed
966599.0,554498,python,[JIT],0x00007a47e282ed62
966598.0,554508,python,libc.so.6,__brk
966525.0,554520,python,[JIT],0x00007bae98558ec0
966474.0,554520,python,[JIT],0x00007bae9855cb3f
966468.0,554572,python,[JIT],0x000071d3e605b0c7
966456.0,554545,python,[JIT],0x00007b13c67e3280
966422.0,554520,python,[JIT],0x00007bae985581c0
966372.0,554532,python,[JIT],0x00007f3be24b15d6
966344.0,554572,python,[JIT],0x000071d3e605b34f
966277.0,554532,python,[JIT],0x00007f3be24bfd67
966277.0,554498,python,[JIT],0x00007a47e2831711
966234.0,554559,python,[JIT],0x000074472c935392
966207.0,554532,python,[kernel.kallsyms],__hrtimer_next_event_base
966177.0,554532,python,[JIT],0x00007f3be24c013d
966166.0,554508,python,[kernel.kallsyms],vm_normal_page
966154.0,554508,python,[JIT],0x000074d16321c67a
966136.0,554520,python,[JIT],0x00007bae98567204
966108.0,554572,python,[JIT],0x000071d3e6051e44
965974.0,554532,python,[JIT],0x00007f3be24bf578
965935.0,554508,python,[JIT],0x000074d1634c3351
965893.0,554545,python,python,dict_update
965892.0,554532,python,[JIT],0x00007f3be24bf28d
965888.0,554520,python,[JIT],0x00007bae985620fd
965878.0,554520,python,[kernel.kallsyms],__rcu_read_lock
965827.0,554572,python,[JIT],0x000071d3e6053124
965811.0,554520,python,[JIT],0x00007bae9855d4ba
965740.0,554498,python,python,type_is_gc
965717.0,554532,python,python,setitem_take2_lock_held
965705.0,554508,python,[JIT],0x000074d163210ee8
965690.0,554532,python,[JIT],0x00007f3be24b3d7c
965673.0,554572,python,python,_Py_Specialize_ForIter
965658.0,554572,python,[JIT],0x000071d3e604c253
965330.0,554532,python,[JIT],0x00007f3be24aac20
965207.0,554572,python,[JIT],0x000071d3e60415a6
965207.0,554508,python,[JIT],0x000074d16321fd56
965078.0,554572,python,[JIT],0x000071d3e6051ecb
965024.0,554520,python,[JIT],0x00007bae98558353
964840.0,554498,python,[JIT],0x00007a47e282d0d2
964795.0,554508,python,[JIT],0x000074d16321fba3
964746.0,554520,python,[JIT],0x00007bae98556549
964734.0,554532,python,[kernel.kallsyms],timekeeping_advance
964722.0,554498,python,[JIT],0x00007a47e2ad65db
964565.0,554559,python,python,gen_iternext
964561.0,554508,python,[JIT],0x000074d16321cd3f
964498.0,554498,python,[JIT],0x00007a47e284627b
964309.0,554520,python,[JIT],0x00007bae985624f3
964261.0,554532,python,[JIT],0x00007f3be24bf92e
964072.0,554508,python,[JIT],0x000074d163211115
964071.0,554572,python,[JIT],0x000071d3e604b05c
964046.0,554520,python,[JIT],0x00007bae98562bac
963745.0,554498,python,python,clear_slots
963621.0,554559,python,[JIT],0x000074472c935400
963607.0,554508,python,[JIT],0x000074d16321f155
963516.0,554508,python,[JIT],0x000074d163213af9
963431.0,554572,python,[JIT],0x000071d3e6041a00
963400.0,554498,python,resource.cpython-316-x86_64-linux-gnu.so,resourcemodule_traverse
963395.0,554532,python,[JIT],0x00007f3be24b39b2
963138.0,554572,python,python,PyObject_IS_GC
963081.0,554559,python,python,_PyUnicode_ResizeCompact
963053.0,554572,python,[JIT],0x000071d3e604cb3a
962982.0,554520,python,[JIT],0x00007bae9855d4f2
962851.0,554532,python,[JIT],0x00007f3be24bf2c4
962780.0,554572,python,[JIT],0x000071d3e60513c6
962441.0,554508,python,[JIT],0x000074d1634c3297
962367.0,554572,python,[JIT],0x000071d3e604eafe
962339.0,554545,python,[JIT],0x00007b13c67e711b
962296.0,554545,python,python,PyObject_Vectorcall
962291.0,554508,python,[JIT],0x000074d163219462
962245.0,554559,python,[JIT],0x000074472c0982b8
962226.0,554520,python,[JIT],0x00007bae9855cf48
962002.0,554520,python,[JIT],0x00007bae9856631d
961914.0,554572,python,[JIT],0x000071d3e604e862
961726.0,554508,python,[JIT],0x000074d16321d634
961661.0,554572,python,[JIT],0x000071d3e604e95a
961581.0,554532,python,[JIT],0x00007f3be24ae09b
961569.0,554508,python,[JIT],0x000074d163213500
961568.0,554532,python,[JIT],0x00007f3be24ae717
961564.0,554532,python,[JIT],0x00007f3be2ceb060
961428.0,554508,python,[JIT],0x000074d16321a8ec
961419.0,554559,python,[JIT],0x000074472c09bf38
961224.0,554508,python,[JIT],0x000074d163216157
961090.0,554508,python,[JIT],0x000074d16321c654
961042.0,554498,python,[JIT],0x00007a47e282c0b6
960962.0,554532,python,[JIT],0x00007f3be24b38aa
960929.0,554532,python,[JIT],0x00007f3be24bf8c8
960810.0,554559,python,[JIT],0x000074472c09b118
960738.0,554532,python,[JIT],0x00007f3be24b3f45
960735.0,554520,python,[JIT],0x00007bae98567143
960721.0,554520,python,[kernel.kallsyms],get_vma_policy
960683.0,554498,python,python,slot_tp_init
960628.0,554532,python,[JIT],0x00007f3be24bf7b5
960528.0,554559,python,python,set_traverse
960378.0,554498,python,[JIT],0x00007a47e283ba38
960219.0,554498,python,[JIT],0x00007a47e2834500
960180.0,554520,python,[JIT],0x00007bae98559427
959832.0,554532,python,[JIT],0x00007f3be24bf096
959738.0,554545,python,[JIT],0x00007b13c67f629c
959676.0,554508,python,[JIT],0x000074d163219ae0
959562.0,554498,python,[JIT],0x00007a47e283423d
959297.0,554508,python,[JIT],0x000074d1634c30d2
959276.0,554559,python,[JIT],0x000074472c93537b
959232.0,554520,python,[JIT],0x00007bae985672b0
959149.0,554498,python,[JIT],0x00007a47e282ee43
959025.0,554520,python,[JIT],0x00007bae98556b64
959017.0,554559,python,[JIT],0x000074472c098010
958896.0,554532,python,[JIT],0x00007f3be24c12e9
958790.0,554508,python,[kernel.kallsyms],__memcg_kmem_charge_page
958708.0,554520,python,[JIT],0x00007bae9855d05e
958590.0,554498,python,[kernel.kallsyms],cpuacct_account_field
958481.0,554572,python,[JIT],0x000071d3e604ed9d
958396.0,554572,python,[JIT],0x000071d3e6051fb0
958378.0,554508,python,[JIT],0x000074d16321c6c3
958345.0,554520,python,[JIT],0x00007bae98562482
958308.0,554532,python,[JIT],0x00007f3be24bf1a5
957996.0,554559,python,[JIT],0x000074472c096325
957377.0,554545,python,[JIT],0x00007b13c67ebbc7
956980.0,554532,python,[JIT],0x00007f3be24b4036
956917.0,554559,python,[JIT],0x000074472c08e114
956855.0,554508,python,python,_PyErr_SetObject.part.0
956547.0,554572,python,python,invoke_gc_callback.isra.0
956198.0,554498,python,[JIT],0x00007a47e283b47b
956135.0,554532,python,[JIT],0x00007f3be24b77a8
955976.0,554498,python,[JIT],0x00007a47e283b109
955952.0,554559,python,[JIT],0x000074472c09577d
955711.0,554559,python,[JIT],0x000074472c93512d
955512.0,554532,python,[JIT],0x00007f3be24ab395
955486.0,554559,python,[JIT],0x000074472c935388
955482.0,554508,python,[JIT],0x000074d16321fa17
955248.0,554572,python,[JIT],0x000071d3e604c2a0
954701.0,554572,python,[JIT],0x000071d3e6041010
954397.0,554532,python,[JIT],0x00007f3be2d655f3
953126.0,554559,python,[JIT],0x000074472c095f75
953056.0,554520,python,[JIT],0x00007bae98562e63
952961.0,554520,python,[JIT],0x00007bae985558ce
952930.0,554520,python,[JIT],0x00007bae98567212
951514.0,554532,python,[JIT],0x00007f3be24c0065
950844.0,554559,python,[JIT],0x000074472c0950ab
950487.0,554559,python,[JIT],0x000074472c0a42ab
950025.0,554520,python,[JIT],0x00007bae9855ce75
950003.0,554508,python,[JIT],0x000074d16321986b
949646.0,554520,python,[JIT],0x00007bae9855cf93
949324.0,554520,python,[JIT],0x00007bae9856206a
948850.0,554532,python,[JIT],0x00007f3be24b67e5
947940.0,554508,python,[JIT],0x000074d16321cc5f
947542.0,554520,python,[JIT],0x00007bae98567293
947364.0,554498,python,[JIT],0x00007a47e28352d1
946533.0,554520,python,[JIT],0x00007bae9855f596
945666.0,554508,python,[JIT],0x000074d163216f8d
942846.0,554532,python,[JIT],0x00007f3be24b14f2
942755.0,554572,python,[JIT],0x000071d3e604c032
942727.0,554498,python,[JIT],0x00007a47e28313f5
942642.0,554559,python,[JIT],0x000074472c08b5fe
942596.0,554532,python,[JIT],0x00007f3be24b3f3e
942568.0,554559,python,[JIT],0x000074472c08b5da
942565.0,554559,python,[JIT],0x000074472c0923dd
942562.0,554508,python,[JIT],0x000074d16321c28f
942556.0,554508,python,[JIT],0x000074d1632195f9
942529.0,554498,python,[JIT],0x00007a47e28370a6
942528.0,554508,python,[JIT],0x000074d16321394e
942486.0,554559,python,[JIT],0x000074472c09845f
942474.0,554508,python,[JIT],0x000074d1632193d6
942472.0,554508,python,[JIT],0x000074d16321675d
942469.0,554508,python,[JIT],0x000074d1632145e6
942456.0,554508,python,[JIT],0x000074d163219242
942450.0,554572,python,[JIT],0x000071d3e6044010
942428.0,554498,python,[JIT],0x00007a47e282d734
942426.0,554508,python,[JIT],0x000074d16321d597
942403.0,554559,python,[JIT],0x000074472c092eb3
942375.0,554572,python,[JIT],0x000071d3e6042184
942374.0,554498,python,[JIT],0x00007a47e2830405
942373.0,554559,python,[JIT],0x000074472c098382
942368.0,554520,python,[JIT],0x00007bae9855f54e
942342.0,554508,python,[JIT],0x000074d16321c6a0
942341.0,554532,python,[kernel.kallsyms],qi_check_fault
942337.0,554508,python,[JIT],0x000074d1632137a5
942333.0,554572,python,[JIT],0x000071d3e60445d4
942327.0,554508,python,[JIT],0x000074d163212380
942322.0,554520,python,[JIT],0x00007bae9855d08d
942320.0,554508,python,[JIT],0x000074d163216210
942319.0,554498,python,[JIT],0x00007a47e282d4c7
942305.0,554498,python,[JIT],0x00007a47e28301d6
942301.0,554508,python,[JIT],0x000074d16321100e
942298.0,554572,python,[JIT],0x000071d3e6044552
942275.0,554508,python,[JIT],0x000074d1632140a2
942264.0,554559,python,[JIT],0x000074472c08f859
942264.0,554532,python,[kernel.kallsyms],call_function_single_prep_ipi
942254.0,554508,python,[JIT],0x000074d163219fa2
942233.0,554532,python,[JIT],0x00007f3be24bf80d
942218.0,554532,python,[kernel.kallsyms],mod_objcg_state
942181.0,554520,python,[JIT],0x00007bae98560201
942169.0,554572,python,[JIT],0x000071d3e604be75
942169.0,554508,python,[JIT],0x000074d1632160ff
942142.0,554559,python,[JIT],0x000074472c093381
942126.0,554532,python,[JIT],0x00007f3be24bf24a
942119.0,554532,python,[kernel.kallsyms],xas_move_index
942105.0,554520,python,[JIT],0x00007bae9855f222
942100.0,554532,python,[JIT],0x00007f3be24c0089
942093.0,554520,python,[JIT],0x00007bae9855ce0d
942071.0,554532,python,[kernel.kallsyms],_find_first_bit
942029.0,554520,python,[JIT],0x00007bae9855c52b
942012.0,554572,python,[JIT],0x000071d3e604837d
941969.0,554532,python,[JIT],0x00007f3be24bfe67
941888.0,554508,python,[JIT],0x000074d163213982
941556.0,554498,python,[kernel.kallsyms],flush_tlb_mm_range
941538.0,554559,python,[kernel.kallsyms],free_unref_page_commit
941334.0,554532,python,[kernel.kallsyms],update_sg_lb_stats
941099.0,554498,python,[JIT],0x00007a47e28342c5
939812.0,554559,python,[JIT],0x000074472c9352a5
939156.0,554498,python,[JIT],0x00007a47e2834703
938937.0,554498,python,[JIT],0x00007a47e28319e8
938340.0,554532,python,[JIT],0x00007f3be24ad2a7
938044.0,554532,python,[JIT],0x00007f3be24bf696
937867.0,554520,python,[JIT],0x00007bae98552fb6
937858.0,554520,python,[JIT],0x00007bae9856070f
937147.0,554498,python,[JIT],0x00007a47e283110c
936800.0,554520,python,[JIT],0x00007bae98555b79
936602.0,554508,python,[JIT],0x000074d1632170b8
936119.0,554498,python,[JIT],0x00007a47e282e3c2
935684.0,554498,python,[JIT],0x00007a47e2ad733c
935407.0,554498,python,[JIT],0x00007a47e2831157
935074.0,554532,python,[JIT],0x00007f3be24b72fe
933316.0,554498,python,[JIT],0x00007a47e282e8b2
932692.0,554559,python,[JIT],0x000074472c095565
932656.0,554532,python,[JIT],0x00007f3be24b72c0
931694.0,554559,python,[JIT],0x000074472c08f052
930777.0,554508,python,[JIT],0x000074d16321f079
930514.0,554559,python,[JIT],0x000074472c93525b
930390.0,554559,python,[kernel.kallsyms],perf_iterate_sb.constprop.0
928414.0,554532,python,[JIT],0x00007f3be24c131b
927595.0,554559,python,[JIT],0x000074472c9350b3
926968.0,554520,python,[JIT],0x00007bae9855c012
923290.0,554572,python,[JIT],0x000071d3e605b0c3
923120.0,554559,python,[kernel.kallsyms],ktime_get
919016.0,554498,python,[JIT],0x00007a47e283865c
918749.0,554520,python,[JIT],0x00007bae9856653c
918340.0,554498,python,[JIT],0x00007a47e2831804
910435.0,554498,python,[JIT],0x00007a47e28313be
908613.0,554532,python,[kernel.kallsyms],avg_vruntime
904564.0,554572,python,[JIT],0x000071d3e604b703
902794.0,554498,python,[JIT],0x00007a47e282eef3
902086.0,554572,python,[JIT],0x000071d3e605b38c
899643.0,554508,python,[JIT],0x000074d1632106fb
889199.0,554532,python,libc.so.6,clock_gettime@@GLIBC_2.17
888729.0,554498,python,[JIT],0x00007a47e2834380
885627.0,554508,python,[JIT],0x000074d16321c790
874425.0,554508,python,[JIT],0x000074d16321ce3c
870118.0,554572,python,[kernel.kallsyms],rseq_update_cpu_node_id
862258.0,554572,python,[JIT],0x000071d3e6047c58
861426.0,554508,python,[JIT],0x000074d16321cb7a
861187.0,554532,python,[JIT],0x00007f3be24ad996
855511.0,554508,python,[JIT],0x000074d1634c33ce
854231.0,554508,python,[JIT],0x000074d16321caca
850675.0,554520,python,[JIT],0x00007bae98567111
850061.0,554559,python,[JIT],0x000074472c09211b
849218.0,554508,python,[JIT],0x000074d16321a032
846704.0,554508,python,[JIT],0x000074d1634c32a5
837655.0,554498,python,[JIT],0x00007a47e28303d9
822480.0,554559,python,[JIT],0x000074472c095f45
820210.0,554498,python,[JIT],0x00007a47e2ad7124
815242.0,554498,python,[JIT],0x00007a47e2834c8c
815029.0,554559,python,[kernel.kallsyms],do_swap_page
802802.0,554498,python,[JIT],0x00007a47e28380ee
790121.0,554572,python,[JIT],0x000071d3e604bc58
775250.0,554559,python,[JIT],0x000074472c0a2076
751744.0,554498,python,[kernel.kallsyms],native_flush_tlb_local
738299.0,554559,python,[kernel.kallsyms],mt_find
725692.0,554559,python,[JIT],0x000074472c935327
713214.0,554545,python,python,_Py_Specialize_ForIter
690989.0,554572,python,python,dict_setdefault_ref_lock_held
682471.0,554559,python,[JIT],0x000074472c098976
675498.0,554559,python,[kernel.kallsyms],flush_tlb_func
594934.0,554498,python,python,set_merge_lock_held
499672.0,554545,python,python,PyUnicode_FSDecoder
492819.0,554508,python,python,_PyLexer_refill
480115.0,554559,python,python,_PyPegen_register_stmts
423375.0,554572,python,python,PyType_IsSubtype
419322.0,554520,python,python,siphash13
306644.0,554545,python,python,slot_tp_init
232092.0,554559,python,python,_PyUnicode_IsXidStart
231711.0,554508,python,python,_PyUnicode_IsXidStart
231341.0,554498,python,python,_PyUnicode_IsXidStart
230950.0,554532,python,python,_PyUnicode_IsXidStart
230168.0,554572,python,python,object_new
229777.0,554520,python,python,enum_new_impl
159433.0,554545,python,python,_PyUnicodeWriter_WriteASCIIString
124999.0,554572,python,python,_Py_Specialize_Call
124999.0,554572,python,python,_PyDict_LookupIndexAndValue
124999.0,554559,python,python,specialize_py_call
124999.0,554545,python,python,_Py_Specialize_LoadAttr
124999.0,554520,python,python,analyze_descriptor_load.constprop.0
124999.0,554532,python,python,_PyType_GetDict
