self,pid,command,shared_obj,symbol
413651509.0,554977,python,python,_PyObject_Free
400841646.0,554977,python,python,_Py_dict_lookup
389186744.0,554977,python,python,_PyEval_EvalFrameDefault
378699118.0,555035,python,python,_PyFrame_ClearExceptCode
368457383.0,555023,python,python,_PyObject_Free
359735727.0,555009,python,python,_Py_dict_lookup
357217273.0,555023,python,python,_Py_dict_lookup
351520466.0,554998,python,python,_Py_dict_lookup
346750742.0,555046,python,python,_Py_dict_lookup
345791082.0,554977,python,python,_PyFrame_ClearExceptCode
330897067.0,555035,python,python,_Py_dict_lookup
317770902.0,555046,python,python,_PyObject_Malloc
317123688.0,554998,python,python,_PyObject_Free
309976913.0,554977,python,python,_PyObject_Malloc
309910237.0,554984,python,python,_PyFrame_ClearExceptCode
306392708.0,555046,python,python,_PyFrame_ClearExceptCode
302444072.0,555009,python,python,_PyObject_Free
301064924.0,554984,python,python,_Py_dict_lookup
300538619.0,554998,python,python,_PyFrame_ClearExceptCode
296534352.0,555009,python,python,_PyEval_EvalFrameDefault
295278719.0,554998,python,python,_PyEval_EvalFrameDefault
291309583.0,555023,python,python,_PyFrame_ClearExceptCode
290754199.0,554984,python,python,_PyObject_Malloc
290691658.0,555009,python,python,_PyFrame_ClearExceptCode
289312856.0,555023,python,python,_PyObject_Malloc
287326819.0,555035,python,python,_PyObject_Free
279557669.0,555023,python,python,_PyEval_EvalFrameDefault
274269507.0,555046,python,python,_PyObject_Free
266063572.0,554984,python,python,_PyObject_Free
263413203.0,554984,python,python,_PyEval_EvalFrameDefault
262363331.0,555035,python,python,_PyObject_Malloc
262343622.0,554998,python,python,_PyObject_Malloc
256814315.0,555035,python,python,_PyEval_EvalFrameDefault
248378926.0,555046,python,python,_PyEval_EvalFrameDefault
245118166.0,555009,python,python,_PyObject_Malloc
232246170.0,554977,python,python,initialize_locals
223211230.0,554998,python,python,initialize_locals
215271024.0,555046,python,python,initialize_locals
201261385.0,554998,python,python,_PyEval_FrameClearAndPop
197263686.0,554984,python,python,tuple_dealloc
194720239.0,555046,python,python,_PyEval_FrameClearAndPop
194600295.0,555023,python,python,initialize_locals
193706936.0,554977,python,python,_PyEval_FrameClearAndPop
191963484.0,554984,python,python,_PyEval_FrameClearAndPop
190615070.0,555035,python,python,initialize_locals
190143319.0,555009,python,python,initialize_locals
185771847.0,554977,python,python,tuple_dealloc
183418986.0,554984,python,python,initialize_locals
180274704.0,555009,python,python,_PyEval_FrameClearAndPop
176479949.0,554998,python,python,tuple_dealloc
175686334.0,555035,python,python,_PyEval_FrameClearAndPop
166902845.0,555046,python,python,tuple_dealloc
164015680.0,555023,python,python,_PyEval_FrameClearAndPop
158955332.0,555023,python,python,tuple_dealloc
154002842.0,555009,python,python,tuple_dealloc
151998294.0,555035,python,python,tuple_dealloc
150142802.0,554977,python,python,dict_get
139439858.0,554977,python,python,_Py_Dealloc
129446642.0,555035,python,libc.so.6,__strlen_avx2
127362322.0,554998,python,python,_Py_Dealloc
126401098.0,554977,python,python,_PyEvalFramePushAndInit
125408058.0,554977,python,libc.so.6,__strlen_avx2
124525517.0,554977,python,python,PyBuffer_Release
124369447.0,555035,python,python,_Py_Dealloc
123564965.0,555035,python,python,_PyEvalFramePushAndInit
122145664.0,555009,python,python,_Py_Dealloc
121955976.0,555009,python,libc.so.6,__strlen_avx2
121954663.0,555009,python,python,PyBuffer_Release
118522056.0,555046,python,libc.so.6,__strlen_avx2
118375797.0,555046,python,python,_PyEvalFramePushAndInit
117596435.0,555023,python,python,_Py_Dealloc
117428039.0,555035,python,python,PyBuffer_Release
115591992.0,554998,python,python,PyObject_GetBuffer
115376834.0,554984,python,python,_Py_Dealloc
114625826.0,555046,python,python,_Py_Dealloc
113496984.0,555023,python,libc.so.6,__strlen_avx2
111721083.0,554977,python,python,_Py_BuiltinCallFast_StackRef
111530471.0,554984,python,python,_Py_BuiltinCallFast_StackRef
110727944.0,555023,python,python,PyBuffer_FillInfo
109407389.0,555009,python,python,PyBuffer_FillInfo
106593952.0,554998,python,python,PyBuffer_Release
105751049.0,555046,python,python,PyBuffer_Release
105706161.0,554998,python,libc.so.6,__strlen_avx2
105601099.0,554977,python,python,_PyBytes_Concat
103454801.0,554984,python,python,PyBuffer_FillInfo
102781008.0,554977,python,python,PyBuffer_FillInfo
102685164.0,554998,python,python,_PyEvalFramePushAndInit
102583638.0,554977,python,libc.so.6,__memmove_avx_unaligned_erms
101716215.0,555046,python,python,_PyBytes_Concat
101605417.0,555035,python,python,dict_get
99776626.0,555023,python,python,dict_get
99630408.0,554984,python,python,PyBuffer_Release
98526029.0,555035,python,python,PyObject_GetBuffer
97756991.0,555035,python,python,_PyCallMethodDescriptorFast_StackRef
96622796.0,555023,python,libc.so.6,__memmove_avx_unaligned_erms
96523268.0,555009,python,python,unicodekeys_lookup_unicode
95863227.0,555035,python,python,_Py_BuiltinCallFast_StackRef
95661949.0,555035,python,python,unicodekeys_lookup_unicode
94929436.0,555023,python,python,_PyEvalFramePushAndInit
94058825.0,554977,python,python,unicodekeys_lookup_unicode
93632288.0,555009,python,python,_PyEvalFramePushAndInit
91691206.0,554984,python,libc.so.6,__strlen_avx2
91552560.0,555009,python,python,_Py_BuiltinCallFast_StackRef
90979789.0,554998,python,python,dict_get
90878222.0,555035,python,python,PyBuffer_FillInfo
90844048.0,555035,python,python,PyUnicode_AsEncodedString
90767340.0,554998,python,python,_Py_BuiltinCallFast_StackRef
88942729.0,555023,python,python,PyBuffer_Release
88898831.0,555023,python,python,_Py_BuiltinCallFast_StackRef
88769090.0,554998,python,libc.so.6,__memmove_avx_unaligned_erms
88733247.0,555009,python,python,write_bytes_lock_held
87906401.0,555046,python,python,PyBuffer_FillInfo
86750384.0,555035,python,libc.so.6,__memmove_avx_unaligned_erms
86614815.0,554984,python,python,dict_get
85720538.0,555009,python,python,dict_get
85218158.0,554984,python,python,unicodekeys_lookup_unicode
84921156.0,555046,python,python,PyObject_GetBuffer
84831833.0,554998,python,python,_PyEval_EvalFrameDefault
84656808.0,554984,python,python,_PyBytes_Concat
83977523.0,554977,python,libc.so.6,__memset_avx2_unaligned_erms
83973718.0,555046,python,python,dict_get
83857574.0,555046,python,python,_Py_BuiltinCallFast_StackRef
83675354.0,555009,python,python,_PyCallMethodDescriptorFast_StackRef
83116887.0,554977,python,python,PyLong_FromVoidPtr
81983726.0,554998,python,python,PyBuffer_FillInfo
81693199.0,554977,python,python,PyDict_GetItemRef
81645727.0,555009,python,libc.so.6,__memmove_avx_unaligned_erms
80848835.0,554984,python,python,write_bytes_lock_held
80103487.0,554977,python,python,_PyCallMethodDescriptorFast_StackRef
79973418.0,555046,python,python,_PyEval_EvalFrameDefault
78802097.0,554984,python,python,_PyEvalFramePushAndInit
78781716.0,554984,python,python,_PyEval_EvalFrameDefault
77878574.0,554977,python,python,_PyTuple_Resize
77108141.0,554998,python,python,write_bytes_lock_held
76494195.0,555009,python,python,_PyEval_EvalFrameDefault
76131188.0,555046,python,python,PyDict_GetItemRef
76106239.0,554977,python,python,PyObject_GetBuffer
76045475.0,554998,python,_struct.cpython-316-x86_64-linux-gnu.so,pack
75129408.0,555035,python,python,write_bytes_lock_held
74740087.0,554977,python,_struct.cpython-316-x86_64-linux-gnu.so,pack
74171147.0,555046,python,libc.so.6,__memset_avx2_unaligned_erms
74072907.0,554977,python,python,write_bytes_lock_held
74030821.0,555023,python,python,_PyBytes_Concat
73169010.0,555023,python,python,write_bytes_lock_held
73161727.0,555023,python,python,PyLong_FromVoidPtr
72591498.0,554998,python,python,_PyBytes_Concat
72073423.0,554998,python,libc.so.6,__memset_avx2_unaligned_erms
71963690.0,554984,python,libc.so.6,__memmove_avx_unaligned_erms
71959601.0,555035,python,python,_PyBytes_Concat
71958444.0,555046,python,python,_PyCallMethodDescriptorFast_StackRef
71735119.0,555046,python,libc.so.6,__memmove_avx_unaligned_erms
71187233.0,555023,python,python,_PyCallMethodDescriptorFast_StackRef
71136580.0,554984,python,_struct.cpython-316-x86_64-linux-gnu.so,pack
70333850.0,555035,python,python,_PyEval_EvalFrameDefault
67186131.0,555035,python,python,_PyThreadState_PopFrame
67068124.0,555009,python,libc.so.6,__memset_avx2_unaligned_erms
65237045.0,555046,python,python,PyUnicode_AsEncodedString
65220710.0,554977,python,python,PyLong_FromSsize_t
65202180.0,554998,python,python,unicodekeys_lookup_unicode
64900520.0,555035,python,libc.so.6,__memset_avx2_unaligned_erms
64260536.0,555046,python,python,write_bytes_lock_held
64098086.0,555046,python,python,unicodekeys_lookup_unicode
64067842.0,555009,python,python,_PyBytes_Concat
64018397.0,554984,python,python,PyObject_GetBuffer
63272408.0,555023,python,libc.so.6,__memset_avx2_unaligned_erms
63233253.0,555023,python,python,_PyThreadState_PopFrame
63215015.0,555035,python,python,PyDict_GetItemRef
63085805.0,555046,python,python,PyLong_FromSsize_t
62133096.0,555009,python,_struct.cpython-316-x86_64-linux-gnu.so,pack
62059269.0,554984,python,python,PyLong_FromSsize_t
62017503.0,555009,python,python,PyLong_FromVoidPtr
61319769.0,555035,python,python,PyLong_FromSsize_t
61221296.0,554998,python,python,PyLong_FromVoidPtr
61171090.0,555023,python,python,unicodekeys_lookup_unicode
60964356.0,554984,python,libc.so.6,__memset_avx2_unaligned_erms
60313866.0,554998,python,python,unicode_encode
60229915.0,555046,python,python,_PyThreadState_PopFrame
59938226.0,555009,python,python,PyObject_GetOptionalAttr
59159718.0,554998,python,python,PyUnicode_AsEncodedString
58377629.0,554977,python,python,_PyThreadState_PopFrame
58324029.0,555023,python,python,PyObject_GetBuffer
58323100.0,555046,python,python,_PyTuple_Resize
58315383.0,555035,python,_struct.cpython-316-x86_64-linux-gnu.so,pack
58166728.0,554984,python,python,PyLong_FromVoidPtr
58104829.0,555009,python,python,_PyThreadState_PopFrame
57952258.0,554984,python,python,PyUnicode_AsEncodedString
57280562.0,555046,python,python,PyLong_FromVoidPtr
57219523.0,554984,python,python,unicode_encode
56280273.0,555035,python,python,_PyObject_GenericGetAttrWithDict
56175253.0,554977,python,python,PyUnicode_AsEncodedString
56039729.0,554984,python,python,_PyCallMethodDescriptorFast_StackRef
55416939.0,554998,python,python,PyUnicode_AsUTF8AndSize
55400219.0,554998,python,python,_PyThreadState_PopFrame
55364882.0,554977,python,python,sys_audit_tstate
55327095.0,555046,python,_struct.cpython-316-x86_64-linux-gnu.so,pack
55292219.0,555046,python,python,PyObject_GetOptionalAttr
55283160.0,554998,python,python,_PyTuple_Resize
55138367.0,554984,python,python,PyDict_GetItemRef
54384225.0,555023,python,python,unicode_encode
54347446.0,554998,python,python,_PyCallMethodDescriptorFast_StackRef
54297734.0,555035,python,python,insertdict
53400468.0,555046,python,python,PySys_Audit
52922787.0,555009,python,python,PyLong_FromSsize_t
52370593.0,554977,python,python,builtin_id
52347249.0,555035,python,python,_PyTuple_Resize
52281381.0,554984,python,python,_PyThreadState_PopFrame
52271532.0,554984,python,python,_PyTuple_Resize
52266652.0,554984,python,python,builtin_id
52255498.0,554984,python,python,insertdict
52155728.0,555009,python,python,PyObject_GetBuffer
51398028.0,554977,python,python,insertdict
51358545.0,555023,python,python,PyUnicode_AsEncodedString
51256766.0,555023,python,python,PyLong_FromSsize_t
51196848.0,555009,python,python,unicode_encode
50446276.0,554977,python,python,_PyObject_GenericGetAttrWithDict
50316759.0,554998,python,python,PyDict_GetItemRef
50311604.0,555009,python,python,PyUnicode_AsEncodedString
49354031.0,555023,python,python,PyDict_GetItemRef
49345536.0,555009,python,python,_PyTuple_Resize
49325077.0,554977,python,python,PyObject_GetOptionalAttr
49098608.0,555009,python,python,sys_audit_tstate
48467426.0,555023,python,_struct.cpython-316-x86_64-linux-gnu.so,pack
48434493.0,555046,python,_struct.cpython-316-x86_64-linux-gnu.so,s_pack_internal
48392003.0,554984,python,python,sys_audit_tstate
48381087.0,555046,python,python,PyUnicode_AsUTF8AndSize
48378620.0,555035,python,python,sys_audit_tstate
48252316.0,554984,python,python,PyObject_GetOptionalAttr
48214778.0,554984,python,python,PySys_Audit
47454532.0,554977,python,_struct.cpython-316-x86_64-linux-gnu.so,s_pack_internal
47446751.0,555023,python,python,_PyTuple_Resize
47364199.0,555046,python,python,insertdict
47244215.0,554984,python,_struct.cpython-316-x86_64-linux-gnu.so,s_pack_internal
46125867.0,555009,python,python,long_hash
45501196.0,554998,python,python,PyLong_FromSsize_t
45384822.0,555023,python,python,PyObject_GetOptionalAttr
45233199.0,554998,python,python,PyObject_GetOptionalAttr
44536675.0,555046,python,python,long_hash
44533542.0,555023,python,python,PySys_Audit
44466531.0,555023,python,python,sys_audit_tstate
44447252.0,555035,python,python,PyLong_FromVoidPtr
44428600.0,554998,python,python,PyObject_Hash
43549939.0,555023,python,python,tuple_alloc
43494700.0,555023,python,python,PyBytes_FromStringAndSize.constprop.0
43435195.0,554977,python,python,_PyThreadState_PushFrame
43403977.0,555046,python,python,unicode_encode
43348554.0,554998,python,python,builtin_id
43174755.0,554998,python,python,_PyObject_GenericGetAttrWithDict
42554582.0,555023,python,_struct.cpython-316-x86_64-linux-gnu.so,s_pack_internal
42533887.0,554998,python,python,sys_audit_tstate
42523960.0,554977,python,python,long_hash
42500335.0,554998,python,python,insertdict
42490498.0,554977,python,python,PyType_GetModuleByDef
42415529.0,554984,python,python,_PyObject_GenericGetAttrWithDict
42373318.0,554977,python,python,PySys_Audit
42083990.0,555046,python,python,_Py_dict_lookup
41572144.0,554977,python,python,PyObject_Hash
41478872.0,555046,python,python,tuple_alloc
40505978.0,555046,python,python,_PyTypeCache_Lookup
40414919.0,555046,python,python,sys_audit_tstate
39548938.0,554998,python,python,tuple_alloc
39531767.0,554977,python,python,PyObject_Size
39513583.0,555035,python,python,PySys_Audit
39367623.0,555009,python,python,PySys_Audit
39345860.0,554998,python,python,long_hash
38583005.0,555023,python,python,insertdict
38569486.0,554998,python,python,PySys_Audit
38396168.0,555009,python,python,PyDict_GetItemRef
38321922.0,555035,python,python,tuple_alloc
38301311.0,555009,python,python,_Py_dict_lookup
37585951.0,554977,python,python,unicode_encode
37539054.0,555023,python,python,_PyTypeCache_Lookup
37509615.0,555035,python,python,_PyTypeCache_Lookup
37449287.0,555009,python,python,_PyObject_GenericGetAttrWithDict
37383957.0,554998,python,_struct.cpython-316-x86_64-linux-gnu.so,s_pack_internal
37363974.0,555009,python,python,_PyTypeCache_Lookup
36615026.0,555023,python,python,PyObject_Hash
36603593.0,555046,python,python,builtin_id
36559500.0,554984,python,python,long_hash
36526948.0,555009,python,python,_PyObject_Free
36515583.0,554984,python,python,_PyObject_Malloc
36483879.0,554984,python,python,tuple_alloc
36463217.0,555023,python,python,builtin_id
36439390.0,555035,python,python,_Py_dict_lookup
35645149.0,555035,python,python,_PyFrame_ClearExceptCode
35621966.0,555046,python,python,PyBytes_FromStringAndSize.constprop.0
35555501.0,554998,python,python,_PyObject_Malloc
35527512.0,554977,python,python,tuple_alloc
35525185.0,555035,python,python,_PyThreadState_PushFrame
35517340.0,554984,python,python,PyObject_Hash
35470400.0,555023,python,python,PyBytesWriter_FinishWithSize
35447376.0,555023,python,python,long_hash
35413566.0,555009,python,python,tuple_alloc
34618902.0,555035,python,python,builtin_id
34592815.0,555035,python,python,unicode_encode
34565151.0,555035,python,_struct.cpython-316-x86_64-linux-gnu.so,s_pack_internal
34560558.0,555035,python,python,long_hash
34288741.0,555009,python,python,PyBytes_FromStringAndSize.constprop.0
33623315.0,555046,python,python,PyType_GetModuleByDef
33615791.0,554977,python,python,_Py_NewReference
33613894.0,555023,python,python,_PyTuple_FromStackRefStealOnSuccess
33605111.0,554984,python,python,_PyTypeCache_Lookup
33582842.0,554977,python,python,_PyTypeCache_Lookup
33551090.0,554977,python,python,_PyObject_Realloc
33533838.0,554984,python,python,PyBytes_FromStringAndSize.constprop.0
33524708.0,555023,python,python,_PyObject_GenericGetAttrWithDict
33469424.0,555046,python,python,_PyObject_Malloc
33441073.0,555046,python,python,_PyFrame_ClearExceptCode
33426260.0,555009,python,python,insertdict
33410321.0,555009,python,python,PyObject_Malloc
32648218.0,554977,python,python,dictiter_iternextitem
32629933.0,554977,python,python,PyObject_Malloc
32627635.0,555046,python,python,PyObject_Size
32613125.0,554998,python,python,_Py_dict_lookup
32611091.0,555035,python,python,PyObject_GetOptionalAttr
32565660.0,555046,python,python,_PyThreadState_PushFrame
32492095.0,555009,python,_struct.cpython-316-x86_64-linux-gnu.so,s_pack_internal
32463526.0,555009,python,python,_PyThreadState_PushFrame
32365005.0,554977,python,python,_PyTuple_FromStackRefStealOnSuccess
32136580.0,555009,python,python,builtin_id
31649415.0,554977,python,python,bytes_buffer_getbuffer
31640062.0,554977,python,libc.so.6,_int_malloc
31637091.0,554977,python,python,_PyLong_FromMedium
31635627.0,555023,python,python,bytes_buffer_getbuffer
31599673.0,555035,python,python,PyUnicode_AsUTF8AndSize
31586901.0,554984,python,python,dictiter_iternextitem
31572084.0,555009,python,python,_PyCallMethodDescriptorFastWithKeywords_StackRef
31570229.0,554984,python,python,_PyCallMethodDescriptorFastWithKeywords_StackRef
31552139.0,555009,python,python,dictiter_iternextitem
31551602.0,554977,python,python,_PyCallMethodDescriptorFastWithKeywords_StackRef
31542581.0,554998,python,python,_PyThreadState_PushFrame
31533572.0,554984,python,python,_PyTuple_FromStackRefStealOnSuccess
30627881.0,554977,python,python,PyBytes_FromStringAndSize.constprop.0
30625079.0,555009,python,python,builtin_getattr
30559505.0,555009,python,python,_PyTuple_FromStackRefStealOnSuccess
30555144.0,555035,python,python,_Py_NewReference
30545764.0,555035,python,python,_PyCallMethodDescriptorFastWithKeywords_StackRef
30499413.0,555009,python,python,PyUnicode_AsUTF8AndSize
29668229.0,555046,python,python,PyObject_Malloc
29665925.0,555009,python,python,dictkeys_decref.part.0.constprop.0
29661721.0,554977,python,python,PyDict_Contains
29635541.0,555035,python,python,PyBytes_FromStringAndSize.constprop.0
29602288.0,554984,python,python,_Py_dict_lookup
29579330.0,554984,python,python,_PyFrame_ClearExceptCode
29544535.0,554977,python,python,long_richcompare
29503177.0,555009,python,python,_Py_NewReference
28750367.0,555046,python,python,PyObject_Hash
28701752.0,555046,python,python,_PyObject_GenericGetAttrWithDict
28670857.0,555009,python,libc.so.6,_int_malloc
28641967.0,554998,python,python,_PyTypeCache_Lookup
28637901.0,554998,python,python,_PyCallMethodDescriptorFastWithKeywords_StackRef
28609079.0,554998,python,libc.so.6,_int_malloc
28542755.0,554998,python,python,PyBytes_FromStringAndSize.constprop.0
28513620.0,555035,python,python,PyType_GetModuleByDef
28467913.0,555035,python,libc.so.6,_int_malloc
27870235.0,555046,python,python,_PyObject_Free
27701570.0,555035,python,python,builtin_getattr
27689209.0,555009,python,python,initialize_locals
27676806.0,554998,python,python,dictiter_iternextitem
27667373.0,555023,python,python,dictkeys_decref.part.0.constprop.0
27641622.0,554984,python,python,builtin_getattr
27630059.0,554984,python,python,PyType_GetModuleByDef
27611542.0,555009,python,python,_PyObject_Malloc
27604315.0,554998,python,python,_Py_NewReference
27597835.0,555035,python,python,_PyTuple_FromStackRefStealOnSuccess
26665738.0,555023,python,python,_PyCallMethodDescriptorFastWithKeywords_StackRef
26665153.0,554977,python,python,PyBytesWriter_FinishWithSize
26662838.0,555046,python,libc.so.6,_int_malloc
26662575.0,555009,python,python,PyObject_Size
26660922.0,555046,python,python,_Py_NewReference
26653096.0,555023,python,python,PyUnicode_AsUTF8AndSize
26638546.0,554984,python,python,_PyObject_Realloc
26624260.0,554977,python,python,find_empty_slot
26613321.0,554984,python,python,_PyThreadState_PushFrame
26536180.0,554977,python,python,dictkeys_decref.part.0.constprop.0
26494127.0,554984,python,libc.so.6,_int_malloc
26486187.0,555035,python,python,_PyObject_Free
25711044.0,555035,python,python,dictiter_iternextitem
25682134.0,554998,python,python,_PyObject_Realloc
25672852.0,555023,python,python,_Py_NewReference
25658725.0,555046,python,python,_PyCallMethodDescriptorFastWithKeywords_StackRef
25617807.0,555009,python,python,PyBytesWriter_Create
25610528.0,555046,python,python,dictiter_iternextitem
24750717.0,555046,python,python,bytes_buffer_getbuffer
24742290.0,555023,python,python,long_richcompare
24741994.0,555023,python,python,PyObject_Malloc
24739497.0,554977,python,python,_PyType_LookupStackRefAndVersion
24717206.0,555009,python,python,PyType_GetModuleByDef
24692159.0,555046,python,python,_PyTuple_FromStackRefStealOnSuccess
24683663.0,554998,python,python,PyBytesWriter_FinishWithSize
24671983.0,554984,python,python,bytes_buffer_getbuffer
24658349.0,554984,python,python,PyObject_Size
24607343.0,555046,python,python,find_empty_slot
24603165.0,554998,python,python,_PyObject_Free
23759310.0,555035,python,python,PyBytesWriter_FinishWithSize
23747756.0,554977,python,python,PyErr_Occurred
23746337.0,554998,python,python,PyBytesWriter_Create
23738055.0,555023,python,python,PyBytesWriter_Create
23735727.0,554977,python,python,PyBytesWriter_Create
23733150.0,554977,python,python,PyObject_Free
23723612.0,554984,python,python,PyUnicode_AsUTF8AndSize
23677328.0,554977,python,_struct.cpython-316-x86_64-linux-gnu.so,np_ubyte
23676938.0,555023,python,python,_PyObject_Realloc
23676353.0,555035,python,python,bytes_buffer_getbuffer
23649498.0,555035,python,python,find_empty_slot
23617983.0,554977,python,python,unicode_encode_utf8
22745703.0,554998,python,python,_PyTuple_FromStackRefStealOnSuccess
22735861.0,555035,python,python,PyObject_Hash
22735287.0,555023,python,python,find_empty_slot
22733422.0,554998,python,python,bytes_buffer_getbuffer
22727352.0,555023,python,libc.so.6,_int_malloc
22697974.0,555046,python,python,PyBytesWriter_Create
22649157.0,554984,python,python,dictkeys_decref.part.0.constprop.0
22644470.0,555035,python,python,PyObject_Size
22580966.0,554998,python,python,long_dealloc
22548746.0,555046,python,python,unicode_encode_utf8
22380327.0,555035,python,python,_PyObject_Malloc
22323938.0,555009,python,python,PyObject_Hash
21775692.0,555035,python,python,PyObject_Malloc
21769181.0,555035,python,python,_PyObject_TryGetInstanceAttribute
21740333.0,554998,python,python,PyObject_Size
21734524.0,554977,python,python,PyUnicode_AsUTF8AndSize
21730383.0,555035,python,python,initialize_locals
21720071.0,555023,python,_struct.cpython-316-x86_64-linux-gnu.so,np_ubyte
21715266.0,555046,python,python,long_richcompare
21645114.0,555046,python,python,_PyObject_Realloc
21591569.0,554977,python,python,_PyObject_TryGetInstanceAttribute
21581185.0,555009,python,python,PyDict_Contains
20782312.0,554977,python,python,build_indices_generic
20756831.0,554984,python,python,_PyObject_Free
20755989.0,555023,python,python,PyType_GetModuleByDef
20751531.0,554984,python,python,long_richcompare
20728120.0,555023,python,python,_PyLong_FromMedium
20721129.0,555009,python,python,_PyType_LookupStackRefAndVersion
20714528.0,554984,python,_struct.cpython-316-x86_64-linux-gnu.so,np_ubyte
20710106.0,554984,python,python,find_empty_slot
20707012.0,555035,python,python,build_indices_generic
20706204.0,555023,python,python,builtin_getattr
20706039.0,555009,python,python,_PyObject_Realloc
20705877.0,555023,python,python,dictiter_iternextitem
20686074.0,555009,python,python,_PyFrame_ClearExceptCode
20631875.0,555035,python,_struct.cpython-316-x86_64-linux-gnu.so,np_ubyte
19872357.0,555046,python,python,_PyEval_FrameClearAndPop
19782539.0,555035,python,python,long_richcompare
19778579.0,555009,python,python,PyBytesWriter_FinishWithSize
19772867.0,555023,python,python,PyDict_Contains
19764027.0,554984,python,python,PyBytesWriter_FinishWithSize
19757284.0,554998,python,python,find_empty_slot
19756029.0,555046,python,python,_PyLong_FromMedium
19754955.0,554984,python,python,PyBytes_FromStringAndSize
19751992.0,554998,python,python,builtin_getattr
19728926.0,555035,python,python,_PyObject_Realloc
19727992.0,554998,python,python,_PyJIT_Entry
19726331.0,555035,python,python,unicode_encode_utf8
19714664.0,555009,python,python,build_indices_generic
19687559.0,554998,python,python,_PyType_LookupStackRefAndVersion
19646166.0,555023,python,python,_PyThreadState_PushFrame
19502475.0,555035,python,python,_PyEvalFramePushAndInit
18777904.0,554984,python,python,tuple_dealloc
18777687.0,555046,python,_struct.cpython-316-x86_64-linux-gnu.so,np_ubyte
18777301.0,555023,python,python,build_indices_generic
18775766.0,554984,python,python,unicode_encode_utf8
18774195.0,555046,python,python,PyBytesWriter_FinishWithSize
18773153.0,555046,python,python,_PyObject_TryGetInstanceAttribute
18769935.0,554977,python,python,PyObject_GC_UnTrack
18761340.0,554998,python,python,_PyFrame_ClearExceptCode
18755236.0,555009,python,python,unicode_encode_utf8
18737117.0,555035,python,python,resize_buffer_lock_held
18707632.0,554998,python,python,_PyObject_TryGetInstanceAttribute
18683676.0,555035,python,python,memcpy@plt
18659360.0,554984,python,python,PyLong_AsLong
18264258.0,555046,python,python,tuple_dealloc
17833797.0,555023,python,python,unicode_encode_utf8
17817943.0,554977,python,python,PyLong_AsLong
17806608.0,554998,python,_struct.cpython-316-x86_64-linux-gnu.so,np_ubyte
17792876.0,554984,python,python,build_indices_generic
17790151.0,555009,python,_struct.cpython-316-x86_64-linux-gnu.so,np_ubyte
17786906.0,555035,python,python,_PyLong_FromMedium
17783159.0,554998,python,python,PyObject_Malloc
17780304.0,555035,python,python,_PyJIT_Entry
17778327.0,555035,python,python,_PyType_LookupStackRefAndVersion
17764381.0,555009,python,python,long_richcompare
17762389.0,554998,python,python,tuple_dealloc
17756309.0,554984,python,python,_Py_NewReference
17753287.0,554977,python,python,_PyJIT_Entry
17751333.0,555009,python,python,_PyLong_FromMedium
17747620.0,555009,python,python,_PyEval_FrameClearAndPop
17747475.0,554984,python,python,PyObject_Malloc
17736556.0,555046,python,python,dictkeys_decref.part.0.constprop.0
17710219.0,554984,python,python,_PyType_LookupStackRefAndVersion
17665475.0,554998,python,python,_PyEval_FrameClearAndPop
17659849.0,555009,python,python,find_empty_slot
17659537.0,555009,python,python,_PyObject_TryGetInstanceAttribute
17096170.0,555046,python,python,initialize_locals
16828388.0,555046,python,python,PyDict_Contains
16821510.0,554998,python,python,_PyLong_FromMedium
16817642.0,554977,python,python,_PyDict_SetItem_Take2
16816546.0,555023,python,python,PyObject_RichCompareBool
16812596.0,554984,python,python,_PyEval_FrameClearAndPop
16799324.0,555046,python,python,builtin_getattr
16779052.0,554977,python,python,builtin_getattr
16767964.0,555035,python,python,_PyEval_FrameClearAndPop
16763418.0,555035,python,python,PyObject_GC_UnTrack
16761922.0,554984,python,python,resize_buffer_lock_held
16757643.0,555046,python,python,_PyJIT_Entry
16753809.0,555035,python,python,object_dealloc
16748821.0,554998,python,python,dictkeys_decref.part.0.constprop.0
16743700.0,555035,python,python,PyBytesWriter_Create
16726814.0,554977,python,python,long_dealloc
16703644.0,555009,python,python,resize_buffer_lock_held
16688935.0,554984,python,libc.so.6,__strlen_avx2
16560528.0,554984,python,[JIT],0x00007603c144b16f
15859467.0,555023,python,python,PyLong_AsLong
15840887.0,554977,python,[JIT],0x0000747c7c1a458b
15827682.0,555046,python,python,build_indices_generic
15825554.0,555023,python,python,_PyJIT_Entry
15822016.0,554998,python,python,PyBuffer_FillInfo
15818814.0,554977,python,[JIT],0x0000747c7bf3c16f
15816944.0,555046,python,python,_io_BytesIO_write
15811219.0,555009,python,python,PyBytes_FromStringAndSize
15810749.0,555035,python,python,_PyDict_SetItem_Take2
15801706.0,554977,python,python,PyObject_RichCompareBool
15768148.0,554984,python,python,PyBytesWriter_Create
15750531.0,555009,python,python,PyLong_AsLong
15736900.0,555009,python,python,object_dealloc
15736384.0,554977,python,python,_Py_VectorCall_StackRefSteal
15693484.0,555046,python,python,_PyType_LookupStackRefAndVersion
15482162.0,554998,python,python,dict_get
14864570.0,554998,python,python,_PyDict_SetItem_Take2
14837957.0,554977,python,python,resize_buffer_lock_held
14837371.0,554998,python,python,build_indices_generic
14836579.0,554977,python,libc.so.6,malloc_consolidate
14833181.0,555046,python,python,_PyTuple_FromPairSteal
14827155.0,555023,python,python,PyObject_GC_UnTrack
14824865.0,555046,python,python,memcpy@plt
14808004.0,554984,python,python,_PyLong_FromMedium
14790172.0,554984,python,python,memcpy@plt
14774885.0,555023,python,python,PyObject_Size
14773629.0,554984,python,python,PyDict_Contains
14771192.0,554998,python,python,PyType_GetModuleByDef
14769875.0,555035,python,[JIT],0x000074c039e7affe
14743845.0,555009,python,python,memcpy@plt
14507716.0,554984,python,python,initialize_locals
14430918.0,555046,python,[JIT],0x00007af46fad616f
13986606.0,555023,python,python,object_dealloc
13869210.0,555035,python,python,enum_next
13857660.0,554998,python,python,_PyObject_GetAttrStackRef
13856911.0,555046,python,python,PyObject_Free
13856347.0,555023,python,[JIT],0x0000769391dd510e
13855334.0,555009,python,_struct.cpython-316-x86_64-linux-gnu.so,pack
13854459.0,555035,python,python,PyBytes_FromStringAndSize
13853281.0,555023,python,python,PyBytes_FromStringAndSize
13850257.0,555023,python,python,_PyObject_TryGetInstanceAttribute
13846001.0,554998,python,libc.so.6,malloc
13843500.0,554977,python,python,PyBytes_FromStringAndSize
13830940.0,555035,python,python,PyBuffer_Release
13827315.0,554977,python,python,memcpy@plt
13822169.0,555009,python,python,_PyJIT_Entry
13820566.0,554998,python,python,PyDict_Contains
13820361.0,554998,python,python,_PyBytes_ResizeKeepOnError
13791506.0,554984,python,libc.so.6,malloc
13789429.0,554998,python,python,resize_buffer_lock_held
13714503.0,555009,python,python,strlen@plt
13697491.0,555035,python,libc.so.6,__strlen_avx2
13501783.0,554984,python,python,_Py_Dealloc
12878327.0,554977,python,[JIT],0x0000747c7bf3c9c3
12877139.0,555046,python,python,_PyDict_SetItem_Take2
12876342.0,554977,python,python,object_dealloc
12874849.0,555023,python,python,_PyBytes_ResizeKeepOnError
12862387.0,555023,python,python,long_dealloc
12859388.0,555046,python,python,PyObject_GC_UnTrack
12856551.0,555046,python,[JIT],0x00007af46fad610e
12855238.0,555023,python,[JIT],0x0000769391dd516f
12853674.0,555035,python,python,PyLong_FromVoidPtr
12850653.0,554998,python,python,_Py_VectorCall_StackRefSteal
12842979.0,555035,python,[JIT],0x000074c039e7e9c3
12842888.0,554977,python,python,_PyBytes_ResizeKeepOnError
12837088.0,554998,python,python,unicode_encode_utf8
12836234.0,554998,python,python,initialize_locals
12827039.0,555023,python,python,_PyDict_SetItem_Take2
12825251.0,554998,python,python,_Py_BuiltinCallFast_StackRef
12822176.0,555009,python,python,dict_get
12820151.0,555009,python,python,_PyEvalFramePushAndInit
12798788.0,555009,python,python,bytes_buffer_getbuffer
12790216.0,554984,python,python,PyErr_Occurred
12774591.0,555009,python,python,PyObject_RichCompareBool
12763057.0,555035,python,python,batched_next
12580871.0,554984,python,[kernel.kallsyms],__irqentry_text_end
12554644.0,555009,python,python,PyObject_Free
12457590.0,554977,python,python,_io_BytesIO_write
11878420.0,555009,python,[JIT],0x00007a2d2f46416f
11877182.0,555023,python,python,enum_next
11874492.0,554984,python,python,_PyObject_TryGetInstanceAttribute
11873867.0,554977,python,python,PyObject_Vectorcall
11871457.0,555035,python,python,_PyTuple_FromPairSteal
11870028.0,555023,python,python,_PyType_AllocNoTrack
11868203.0,555023,python,python,_PyType_LookupStackRefAndVersion
11862116.0,555009,python,python,PyLong_FromSsize_t
11861309.0,555035,python,[JIT],0x000074c039e7e16f
11860860.0,555009,python,python,tuple_dealloc
11860390.0,555046,python,python,_PyBytes_ResizeKeepOnError
11858863.0,555046,python,python,object_dealloc
11857193.0,554977,python,[JIT],0x0000747c7c1a7252
11857142.0,555046,python,python,PyLong_AsLong
11856705.0,554984,python,python,enum_next
11848252.0,554998,python,python,PyLong_AsLong
11830198.0,555009,python,python,enum_next
11828773.0,554984,python,python,_Py_VectorCall_StackRefSteal
11820784.0,554998,python,libc.so.6,_int_free
11813320.0,554984,python,python,long_dealloc
11810110.0,555009,python,python,_io_BytesIO_write
11779727.0,554998,python,python,_PyThreadState_PopFrame
11717897.0,555035,python,python,PyLong_AsLong
11549472.0,555046,python,python,dict_get
11461239.0,555046,python,libc.so.6,__strlen_avx2
11381743.0,555046,python,python,PyBuffer_FillInfo
10894925.0,554984,python,python,_PyDict_SetItem_Take2
10891409.0,554984,python,[JIT],0x00007603c144b9c3
10889215.0,554998,python,libc.so.6,realloc
10882318.0,554998,python,python,object_dealloc
10880972.0,554984,python,python,PyObject_Vectorcall
10877790.0,554998,python,python,long_richcompare
10872790.0,555023,python,python,_Py_VectorCall_StackRefSteal
10871172.0,555009,python,python,PyBuffer_Release
10869040.0,555035,python,python,strlen@plt
10867576.0,555009,python,python,_PyTuple_FromPairSteal
10866225.0,555035,python,python,PyDict_Contains
10865750.0,555035,python,python,tuple_dealloc
10865739.0,555035,python,python,dict_get
10863245.0,555035,python,python,long_dealloc
10860105.0,554998,python,python,_PyBytes_Concat
10849980.0,554984,python,python,_PyJIT_Entry
10842746.0,555009,python,[JIT],0x00007a2d2f46410e
10831880.0,554998,python,libc.so.6,__strlen_avx2
10828444.0,555035,python,python,_Py_VectorCall_StackRefSteal
10813040.0,554998,python,python,unicode_encode
10789440.0,555023,python,python,batched_next
10569507.0,555046,python,python,PyDict_GetItemRef
10508619.0,555046,python,python,PyBuffer_Release
10463232.0,555023,python,python,memcpy@plt
10361097.0,555046,python,libc.so.6,__memmove_avx_unaligned_erms
10084235.0,555035,python,python,unicodekeys_lookup_unicode
9909730.0,555009,python,python,_PyBytes_Concat
9907219.0,555046,python,libc.so.6,malloc
9907008.0,554984,python,python,PyObject_Free
9903835.0,554998,python,libc.so.6,__memmove_avx_unaligned_erms
9903560.0,554977,python,libc.so.6,realloc
9895659.0,554984,python,[JIT],0x00007603c16b2347
9892160.0,555009,python,python,long_dealloc
9890682.0,554998,python,python,enum_next
9890350.0,554977,python,python,dict_dealloc
9886356.0,555023,python,[JIT],0x0000769391db8fff
9884728.0,555009,python,[JIT],0x00007a2d2f6c9452
9882831.0,555009,python,python,_Py_VectorCall_StackRefSteal
9880208.0,555046,python,python,long_dealloc
9878938.0,555009,python,python,_Py_BuiltinCallFast_StackRef
9878271.0,555023,python,libc.so.6,malloc
9874647.0,555023,python,python,PyObject_Free
9871763.0,554977,python,[JIT],0x0000747c7c1a4599
9869999.0,554984,python,[JIT],0x00007603c144b788
9869834.0,554984,python,python,PyBuffer_FillInfo
9867512.0,555009,python,libc.so.6,__strlen_avx2
9864743.0,555046,python,libc.so.6,_int_free_merge_chunk
9859241.0,555035,python,libc.so.6,__memset_avx2_unaligned_erms
9853849.0,555035,python,python,_Py_BuiltinCallFast_StackRef
9852286.0,554984,python,python,_PyBytes_ResizeKeepOnError
9851077.0,554984,python,python,dict_get
9843605.0,555009,python,python,unicodekeys_lookup_unicode
9813870.0,554984,python,python,PyBuffer_Release
9795821.0,554998,python,libc.so.6,__memset_avx2_unaligned_erms
9775796.0,555009,python,python,_PyDict_SetItem_Take2
9499935.0,555046,python,python,_Py_Dealloc
9485430.0,555046,python,python,PyObject_GetBuffer
8917704.0,555035,python,python,method_dealloc
8917684.0,554998,python,[JIT],0x00007895546a19c3
8915631.0,554998,python,python,PyObject_GC_UnTrack
8905589.0,555046,python,python,enum_next
8901744.0,554977,python,python,_PyLong_ExactDealloc
8901194.0,555035,python,[JIT],0x000074c03ae13aa2
8901031.0,555046,python,python,subtype_dealloc
8899766.0,554977,python,libc.so.6,unlink_chunk.isra.0
8898044.0,554998,python,python,_io_BytesIO_write
8894927.0,555046,python,python,PyErr_Occurred
8893050.0,555023,python,python,_PyTuple_FromPairSteal
8892999.0,554977,python,python,_PyTuple_FromPairSteal
8892764.0,555023,python,python,PyObject_Vectorcall
8892751.0,555046,python,python,_Py_VectorCall_StackRefSteal
8891924.0,555009,python,libc.so.6,__memmove_avx_unaligned_erms
8891749.0,554977,python,[JIT],0x0000747c7c1a3b2e
8890826.0,555046,python,python,PyBytes_FromStringAndSize
8889752.0,554998,python,python,PyObject_Free
8888804.0,554984,python,[JIT],0x00007603c144b10e
8888541.0,554977,python,[JIT],0x0000747c7bf3c10e
8887900.0,554984,python,python,_io_BytesIO_write
8887281.0,555035,python,python,PyObject_RichCompareBool
8884738.0,555009,python,python,PyBuffer_FillInfo
8884542.0,555023,python,libc.so.6,_int_free_merge_chunk
8881186.0,554998,python,python,memcpy@plt
8879536.0,554998,python,python,PyBytes_FromStringAndSize
8878927.0,555023,python,python,_io_BytesIO_write
8878768.0,554998,python,[JIT],0x00007895546a110e
8877898.0,555009,python,python,insert_to_emptydict
8872978.0,554984,python,python,PyLong_FromVoidPtr
8872515.0,555035,python,python,PyDict_GetItemRef
8864229.0,555023,python,python,_io_BytesIO_tell
8864209.0,555035,python,python,PyObject_GetBuffer
8853647.0,555009,python,[JIT],0x00007a2d2f6cbb2e
8853472.0,555035,python,python,dictkeys_decref.part.0.constprop.0
8852901.0,555009,python,libc.so.6,malloc_consolidate
8848763.0,554984,python,python,listiter_next
8847320.0,555035,python,python,PyObject_Free
8843797.0,555009,python,libc.so.6,malloc
8732906.0,554998,python,python,_PyTuple_Resize
8627580.0,555046,python,python,_PyEvalFramePushAndInit
8466074.0,555046,python,python,_Py_BuiltinCallFast_StackRef
8290064.0,555009,python,[JIT],0x00007a2d2f6cb347
8037111.0,554998,python,python,unicodekeys_lookup_unicode
7928088.0,555046,python,python,PyObject_Vectorcall
7927835.0,554977,python,[JIT],0x0000747c7bf3cd17
7926549.0,555046,python,python,PyObject_RichCompareBool
7925973.0,555046,python,[JIT],0x00007af46fd3d347
7924905.0,554977,python,[JIT],0x0000747c7bf3c71f
7922057.0,554984,python,[JIT],0x00007603c16b6270
7921607.0,554998,python,python,_PyObject_GC_NewVar
7921097.0,555035,python,python,dictresize
7920854.0,554977,python,python,allocate_from_new_pool
7919259.0,555035,python,[JIT],0x000074c03a0e5347
7918655.0,554977,python,python,_PyDict_FromItems
7917563.0,555046,python,python,_PyObject_GetAttrStackRef
7915404.0,554998,python,[JIT],0x000078955469dc14
7913727.0,555009,python,libc.so.6,__memset_avx2_unaligned_erms
7913616.0,554977,python,[JIT],0x0000747c7c1a3347
7913093.0,555023,python,[JIT],0x0000769391dd59c3
7912376.0,555009,python,python,write_bytes_lock_held
7911597.0,555035,python,python,sys_audit_tstate
7911009.0,554977,python,python,enum_next
7910230.0,554998,python,python,dictresize
7909403.0,555023,python,python,PyObject_RichCompare
7905798.0,554977,python,[JIT],0x0000747c7bf3d003
7903132.0,554984,python,python,tupleiter_next
7902489.0,555046,python,python,dict_dealloc
7901618.0,554984,python,python,_PyType_AllocNoTrack
7901204.0,555035,python,[JIT],0x000074c039e775f2
7901161.0,554998,python,python,method_dealloc
7899060.0,554977,python,[JIT],0x0000747c7bf3fbaa
7898800.0,555009,python,python,_PyType_AllocNoTrack
7895895.0,555035,python,python,unicode_encode
7894752.0,555009,python,libc.so.6,_int_free_maybe_consolidate
7891110.0,555009,python,libc.so.6,realloc
7888962.0,555009,python,python,unicode_encode
7888672.0,554977,python,[JIT],0x0000747c7bf20815
7887923.0,555023,python,[JIT],0x000076939203d63f
7884726.0,555009,python,python,_PyThreadState_PopFrame
7883496.0,554998,python,python,_Py_Dealloc
7877336.0,555035,python,python,PyBuffer_FillInfo
7877295.0,554984,python,python,_Py_BuiltinCallFast_StackRef
7877081.0,554984,python,python,PyMethod_New
7874463.0,554984,python,python,_PyThreadState_PopFrame
7874171.0,555009,python,[JIT],0x00007a2d2f465003
7869358.0,555009,python,python,PyObject_GC_UnTrack
7859447.0,555009,python,python,batched_next
7859393.0,554984,python,python,write_bytes_lock_held
7850480.0,554998,python,python,PyObject_GetBuffer
7843612.0,555009,python,python,listiter_next
7842036.0,555009,python,[JIT],0x00007a2d2f6c9ad8
7832617.0,554984,python,python,PyObject_RichCompare
7831181.0,555009,python,python,dictresize
7828888.0,554998,python,python,PyUnicode_AsEncodedString
7828820.0,554984,python,libc.so.6,__memset_avx2_unaligned_erms
7757602.0,555023,python,python,resize_buffer_lock_held
7674558.0,555046,python,python,unicodekeys_lookup_unicode
7150230.0,554984,python,libc.so.6,_int_malloc
6939122.0,554984,python,python,PyObject_GetOptionalAttr
6937965.0,554977,python,[kernel.kallsyms],__irqentry_text_end
6936537.0,554977,python,python,PyBytesWriter_GetData
6936518.0,555035,python,python,PyObject_RichCompare
6935870.0,555009,python,[JIT],0x00007a2d2f46527b
6935740.0,555046,python,[JIT],0x00007af46fad714e
6935277.0,555046,python,python,PyObject_GenericHash
6934765.0,554998,python,python,_PyEvalFramePushAndInit
6934569.0,555023,python,[JIT],0x000076939203cb2e
6932135.0,554998,python,python,PyObject_RichCompare
6931728.0,554984,python,python,_PyTuple_FromPairSteal
6929859.0,555035,python,python,PyObject_IsTrue
6929330.0,554984,python,_struct.cpython-316-x86_64-linux-gnu.so,pack
6928057.0,555009,python,python,insertdict
6927749.0,554977,python,python,strlen@plt
6927425.0,554984,python,[JIT],0x00007603c16b358b
6927018.0,555035,python,[JIT],0x000074c039e7e10e
6926650.0,555023,python,[JIT],0x0000769391db73e1
6926526.0,555009,python,python,dict_items
6926167.0,554984,python,libc.so.6,__memmove_avx_unaligned_erms
6924458.0,555023,python,[JIT],0x0000769391dd6003
6924339.0,554977,python,python,new_dict.constprop.0
6923764.0,554977,python,[JIT],0x0000747c7bf35855
6923746.0,554998,python,[JIT],0x00007895546a339e
6923695.0,554977,python,[JIT],0x0000747c7bf388f4
6923677.0,555035,python,[JIT],0x000074c039e7e00a
6921525.0,554977,python,[JIT],0x0000747c7bf37914
6920139.0,555009,python,[JIT],0x00007a2d2f45d7b6
6919759.0,554977,python,[JIT],0x0000747c7bf3ec6e
6918627.0,555035,python,[JIT],0x000074c039e813cd
6918463.0,555046,python,[JIT],0x00007af47076a357
6918070.0,554998,python,[JIT],0x00007895546a116f
6917334.0,555023,python,python,_PyObject_GetAttrStackRef
6916983.0,555046,python,libc.so.6,_int_free
6916677.0,554998,python,python,_PyCallMethodDescriptorFast_StackRef
6915370.0,555035,python,libc.so.6,__memmove_avx_unaligned_erms
6913854.0,554977,python,python,_PyEval_Vector
6913701.0,555035,python,python,write_bytes_lock_held
6913342.0,555046,python,python,PyObject_IsTrue
6912387.0,554984,python,python,PyLong_FromSsize_t
6910896.0,554984,python,python,_io_BytesIO_tell
6909304.0,555023,python,python,PyBytesWriter_GetData
6908188.0,555035,python,python,PyLong_FromSsize_t
6908106.0,555009,python,python,PyBytesWriter_GetData
6907674.0,554977,python,[JIT],0x0000747c7bf3d1bb
6906978.0,554977,python,python,PyObject_RichCompare
6903753.0,555023,python,python,strlen@plt
6902626.0,554984,python,python,PyObject_RichCompareBool
6899297.0,555035,python,[JIT],0x000074c03a0e6599
6895051.0,554998,python,python,PyUnicode_AsUTF8AndSize
6890320.0,555009,python,[JIT],0x00007a2d2f466782
6889379.0,554998,python,[JIT],0x0000789555316fd3
6887473.0,555009,python,python,_PyCallMethodDescriptorFast_StackRef
6878062.0,554998,python,_struct.cpython-316-x86_64-linux-gnu.so,s_pack_internal
6874424.0,554984,python,python,_PyArg_UnpackKeywords
6867641.0,554984,python,python,_PyEvalFramePushAndInit
6843757.0,555035,python,python,PyObject_Vectorcall
6771479.0,554998,python,python,PyErr_Occurred
6758563.0,555046,python,python,insertdict
6743444.0,555046,python,python,PyLong_FromSsize_t
6740750.0,555046,python,python,PyObject_GetOptionalAttr
6670772.0,555046,python,python,write_bytes_lock_held
6602046.0,555046,python,python,_PyCallMethodDescriptorFast_StackRef
5946214.0,555046,python,python,allocate_from_new_pool
5946088.0,555046,python,[JIT],0x00007af46facf824
5946007.0,555046,python,python,listiter_next
5945633.0,555046,python,[JIT],0x00007af46fd3e698
5945492.0,554977,python,[JIT],0x0000747c7bf240bf
5945454.0,555046,python,python,_PyType_AllocNoTrack
5945166.0,554984,python,[JIT],0x00007603c1446400
5944930.0,554977,python,_struct.cpython-316-x86_64-linux-gnu.so,PyDict_GetItemRef@plt
5944882.0,554998,python,python,PyObject_Vectorcall
5944878.0,554977,python,[JIT],0x0000747c7bf39057
5944199.0,555046,python,libc.so.6,malloc_consolidate
5944046.0,555009,python,python,builtin_getattr
5943574.0,555035,python,[JIT],0x000074c039e8039e
5943514.0,554977,python,[JIT],0x0000747c7bf3d13d
5943070.0,554998,python,python,_PyObject_MakeTpCall
5941909.0,554998,python,libc.so.6,cfree@GLIBC_2.2.5
5941621.0,554984,python,python,PyDict_GetItemRef
5941552.0,555035,python,python,PyErr_Occurred
5941526.0,555035,python,libc.so.6,_int_realloc
5941382.0,554977,python,[JIT],0x0000747c7c5c4b55
5941332.0,555046,python,libc.so.6,__strrchr_avx2
5941326.0,555023,python,[JIT],0x0000769391dd62f3
5939975.0,554977,python,python,tupleiter_dealloc
5939714.0,555009,python,[JIT],0x00007a2d2f6cc58b
5938401.0,555023,python,[JIT],0x0000769391dd0400
5936726.0,555046,python,python,split
5936015.0,554998,python,python,strlen@plt
5934770.0,555035,python,python,PyUnicode_AsEncodedString
5934167.0,555046,python,[JIT],0x00007af46fd3d00a
5933993.0,555009,python,python,PyUnicode_AsEncodedString
5933991.0,555035,python,python,_PyTuple_Resize
5933972.0,555046,python,python,_PyObject_MakeTpCall
5933734.0,555035,python,python,PySys_Audit
5933117.0,554977,python,[JIT],0x0000747c7bf4045f
5932800.0,554984,python,[JIT],0x00007603c144b0ce
5932736.0,554984,python,[JIT],0x00007603c16b2f12
5932572.0,555035,python,[JIT],0x000074c039e7adf6
5932566.0,555009,python,libc.so.6,cfree@GLIBC_2.2.5
5932464.0,554984,python,[JIT],0x00007603c1444855
5932315.0,555035,python,python,_PyCallMethodDescriptorFast_StackRef
5932005.0,554977,python,[JIT],0x0000747c7bf392b0
5931744.0,554998,python,libc.so.6,_int_realloc
5931596.0,554977,python,[JIT],0x0000747c7c5c4fd3
5931464.0,554977,python,python,batched_next
5931064.0,555023,python,[JIT],0x0000769391dd6ea4
5930812.0,555046,python,python,resize_buffer_lock_held
5930477.0,554998,python,libc.so.6,unlink_chunk.isra.0
5929803.0,555009,python,python,PyObject_Vectorcall
5928608.0,554984,python,python,_PyObject_Realloc
5926073.0,554984,python,libc.so.6,_int_free
5924635.0,555023,python,python,_PyLong_ExactDealloc
5923979.0,555035,python,python,_io_BytesIO_tell
5923579.0,555023,python,python,method_dealloc
5923527.0,555009,python,python,PyLong_FromVoidPtr
5923482.0,555009,python,python,_PyTuple_Resize
5921537.0,554977,python,python,_PyObject_GetAttrStackRef
5919524.0,554984,python,python,insert_to_emptydict
5918547.0,555009,python,[JIT],0x00007a2d2f4649c3
5918080.0,554998,python,python,_PyType_AllocNoTrack
5917165.0,555046,python,[JIT],0x00007af46fad8782
5916918.0,555009,python,python,PyErr_Occurred
5916136.0,555009,python,[JIT],0x00007a2d2f446fff
5916096.0,555009,python,python,meth_dealloc
5914951.0,554984,python,[JIT],0x00007603c142dfff
5914604.0,554998,python,[JIT],0x0000789554909599
5914341.0,555035,python,python,_Py_Dealloc
5913493.0,554998,python,python,bytes_length
5912392.0,555009,python,[JIT],0x00007a2d2f4609f8
5908701.0,554998,python,python,dict_length
5907871.0,554998,python,[JIT],0x00007895546a3f8a
5907678.0,555009,python,python,bytes_length
5907238.0,555035,python,python,insert_to_emptydict
5906445.0,554984,python,[JIT],0x00007603c14445f2
5902895.0,554984,python,python,PyObject_GC_UnTrack
5901124.0,554984,python,python,_PyLong_ExactDealloc
5900379.0,554984,python,[JIT],0x00007603c144f1c0
5895107.0,555023,python,[JIT],0x000076939203d2ab
5894042.0,555046,python,[JIT],0x00007af46facf855
5891091.0,555035,python,python,_PyObject_GenericGetAttrWithDict
5890502.0,554984,python,python,unicodekeys_lookup_unicode
5888972.0,554984,python,python,subtype_dealloc
5887603.0,555023,python,python,dictresize
5886225.0,555009,python,[JIT],0x00007a2d2f4681c0
5884597.0,554984,python,python,sys_audit_tstate
5879472.0,555023,python,[JIT],0x000076939203c347
5860056.0,554977,python,[JIT],0x0000747c7c6cd412
5822593.0,555023,python,python,_PyObject_GC_New
5791193.0,554998,python,python,PyDict_GetItemRef
5790413.0,555046,python,python,_PyBytes_Concat
5775143.0,555046,python,python,_Py_NewReference
5726475.0,555046,python,python,PySys_Audit
5653803.0,555046,python,python,_PyObject_GenericGetAttrWithDict
5623495.0,555046,python,python,unicode_encode
4955757.0,555035,python,[JIT],0x000074c03ae13b55
4955685.0,555035,python,libc.so.6,cfree@GLIBC_2.2.5
4955289.0,554977,python,[JIT],0x0000747c7bf3f4aa
4955166.0,554977,python,[JIT],0x0000747c7bf3ce2e
4955013.0,555023,python,[JIT],0x0000769391db987e
4954962.0,554998,python,python,PyDict_Contains
4954560.0,555023,python,python,_PyDict_FromItems
4954369.0,554998,python,python,PyObject_IsTrue
4954295.0,554977,python,python,bytesio_dealloc
4954190.0,554977,python,python,_PyType_AllocNoTrack
4954036.0,555046,python,[JIT],0x00007af46fad6788
4953956.0,554998,python,[JIT],0x0000789554667fff
4953610.0,554998,python,_struct.cpython-316-x86_64-linux-gnu.so,np_int
4953439.0,555023,python,python,dict_dealloc
4953352.0,554977,python,libc.so.6,cfree@GLIBC_2.2.5
4953229.0,555035,python,python,bytes_buffer_getbuffer
4953211.0,554998,python,_struct.cpython-316-x86_64-linux-gnu.so,PyType_GetModuleByDef@plt
4953198.0,555046,python,_struct.cpython-316-x86_64-linux-gnu.so,PyLong_AsLong@plt
4952742.0,554984,python,python,_PyObject_GC_Link
4952503.0,555023,python,python,PyMethod_New
4952336.0,554998,python,python,_PyObject_GenericGetAttrWithDict
4952249.0,554977,python,[JIT],0x0000747c7bf3ffff
4951882.0,554984,python,[JIT],0x00007603c1bcefb1
4951602.0,554977,python,[JIT],0x0000747c7bf36c32
4951555.0,554977,python,[JIT],0x0000747c7bf3f05e
4951505.0,554998,python,[JIT],0x00007895546a1b23
4951241.0,555009,python,[JIT],0x00007a2d2f46494f
4951228.0,555035,python,[JIT],0x000074c039e7eca9
4951041.0,555046,python,libc.so.6,realloc
4951009.0,554977,python,libc.so.6,malloc
4950687.0,555046,python,_struct.cpython-316-x86_64-linux-gnu.so,PyBytesWriter_FinishWithSize@plt
4950504.0,555035,python,[JIT],0x000074c039e81991
4950500.0,555046,python,libc.so.6,cfree@GLIBC_2.2.5
4950481.0,555046,python,[JIT],0x00007af46facf5f2
4950476.0,555009,python,python,_Py_Dealloc
4950439.0,554977,python,python,PyObject_ClearManagedDict
4949696.0,555023,python,python,insert_to_emptydict
4949577.0,555009,python,python,PyImport_ImportModuleLevelObject
4949307.0,555046,python,[JIT],0x00007af46fad7060
4948749.0,555035,python,python,build_indices_generic
4948551.0,555046,python,python,PyObject_RichCompare
4948176.0,555023,python,[JIT],0x0000769391dd8fff
4947367.0,555023,python,libc.so.6,unlink_chunk.isra.0
4947240.0,555035,python,python,dictiter_iternextitem
4947048.0,554998,python,[JIT],0x000078955469d9f8
4946909.0,554984,python,[JIT],0x00007603c142f815
4946879.0,554977,python,[JIT],0x0000747c7bf3d39d
4946647.0,554984,python,python,type_call
4946431.0,555046,python,python,_io_BytesIO_tell
4945972.0,555023,python,[JIT],0x000076939257baca
4945829.0,554977,python,[JIT],0x0000747c7bf35824
4945677.0,554984,python,[JIT],0x00007603c1bcef7c
4945594.0,554977,python,[JIT],0x0000747c7bf1efff
4944755.0,554984,python,[JIT],0x00007603c1444824
4944643.0,555035,python,libc.so.6,malloc
4944635.0,555023,python,[JIT],0x0000769391dd5141
4944438.0,555046,python,python,insert_to_emptydict
4944016.0,554984,python,[JIT],0x00007603c144e000
4943747.0,555009,python,python,long_hash
4943622.0,555035,python,[JIT],0x000074c039e80f8a
4943580.0,555046,python,[JIT],0x00007af46fd3e58b
4943095.0,554998,python,[JIT],0x000078955469a5f2
4942944.0,554984,python,[JIT],0x00007603c144c1f0
4942909.0,555046,python,[JIT],0x00007af46fad69c3
4942118.0,554977,python,[JIT],0x0000747c7bf3c538
4941996.0,554998,python,[JIT],0x00007895546a4989
4941876.0,554998,python,python,subtype_dealloc
4941555.0,554977,python,[JIT],0x0000747c7bf388f8
4941446.0,554977,python,python,_PyObject_MakeTpCall
4941222.0,555035,python,python,dict_length
4941153.0,554998,python,[JIT],0x000078955469b2f7
4941080.0,555009,python,[JIT],0x00007a2d2f468007
4940747.0,554984,python,libc.so.6,unlink_chunk.isra.0
4940230.0,554998,python,python,enum_dealloc
4940214.0,555035,python,[JIT],0x000074c039e8245b
4939640.0,555035,python,[JIT],0x000074c039e7a40c
4939019.0,555035,python,[JIT],0x000074c039e78131
4938738.0,555009,python,python,_PyBytes_ResizeKeepOnError
4938380.0,554977,python,python,listiter_next
4938329.0,554998,python,python,_Py_NewReference
4937789.0,554998,python,python,PySys_Audit
4937656.0,554977,python,python,_PyFunction_Vectorcall
4937633.0,554977,python,python,PyMethod_New
4937091.0,554984,python,[JIT],0x00007603c1447311
4937061.0,555035,python,python,tuple_alloc
4936573.0,554998,python,python,PyBuffer_Release
4936140.0,554977,python,[JIT],0x0000747c7c5c49db
4935296.0,555009,python,python,do_mktuple
4935090.0,555035,python,python,PyBytesWriter_GetData
4935048.0,555035,python,python,_PyCallMethodDescriptorFastWithKeywords_StackRef
4934370.0,555023,python,python,PyErr_Occurred
4934346.0,555009,python,libc.so.6,_int_free_merge_chunk
4934057.0,555035,python,python,listiter_next
4934057.0,554998,python,[JIT],0x000078955490958b
4933465.0,555035,python,libc.so.6,malloc_consolidate
4932657.0,555035,python,[JIT],0x000074c03a0e5a7b
4932408.0,555035,python,libc.so.6,__strrchr_avx2
4931739.0,554984,python,python,_PyCallMethodDescriptorFast_StackRef
4931209.0,554998,python,python,batched_next
4931197.0,554977,python,[JIT],0x0000747c7bf363a9
4930991.0,554998,python,python,_PyLong_ExactDealloc
4930985.0,554984,python,python,_PyThreadState_PushFrame
4930688.0,555046,python,[JIT],0x00007af46fad1400
4930591.0,555035,python,python,builtin_getattr
4930260.0,554984,python,[JIT],0x00007603c144be2e
4929193.0,554977,python,[JIT],0x0000747c7bf3dc8e
4929025.0,555035,python,python,_PyLong_ExactDealloc
4928899.0,555023,python,[JIT],0x000076939257b357
4928820.0,555009,python,python,PyTuple_New
4928774.0,554977,python,[JIT],0x0000747c7c5c455d
4928399.0,555035,python,python,long_hash
4928395.0,554977,python,[JIT],0x0000747c7bf3ca3f
4928264.0,554998,python,python,PyObject_RichCompareBool
4927679.0,554977,python,[JIT],0x0000747c7bf3614c
4927239.0,555035,python,[JIT],0x000074c039e821c0
4926628.0,555009,python,python,_PyObject_GC_NewVar
4926356.0,555035,python,[JIT],0x000074c03a0e9270
4926221.0,554977,python,[JIT],0x0000747c7c1a3a7b
4925771.0,555009,python,[JIT],0x00007a2d2f6c9eeb
4925256.0,555046,python,[JIT],0x00007af46fad9f19
4924937.0,554984,python,python,PyObject_Size
4924726.0,554977,python,python,PyType_GenericAlloc
4923925.0,555009,python,[JIT],0x00007a2d2f6c9aca
4923690.0,555009,python,[JIT],0x00007a2d2f461134
4923626.0,555035,python,[JIT],0x000074c039e7e788
4923255.0,555023,python,python,_io_BytesIO_getbuffer
4923188.0,554998,python,python,_PyDict_SetItem_Take2
4921826.0,554984,python,[JIT],0x00007603c16b2d06
4921309.0,554998,python,[JIT],0x000078955469d40c
4920953.0,554984,python,python,dictiter_iternextitem
4920436.0,555009,python,python,PyObject_IsTrue
4919470.0,554998,python,[JIT],0x0000789554908347
4919108.0,554984,python,python,batched_next
4918467.0,554984,python,python,list_iter
4917962.0,554984,python,[JIT],0x00007603c1bce2b8
4917882.0,555035,python,python,_PyObject_GC_NewVar
4916735.0,555009,python,python,PyBytesWriter_Create
4916621.0,554998,python,python,allocate_from_new_pool
4915327.0,554984,python,libc.so.6,_int_realloc
4915078.0,555035,python,[JIT],0x000074c039e7ee17
4912924.0,555046,python,[JIT],0x00007af46fab8dd7
4912157.0,554984,python,[JIT],0x00007603c14482b0
4911014.0,555009,python,python,PyObject_RichCompare
4907090.0,555009,python,python,builtin_id
4905475.0,554984,python,[JIT],0x00007603c1445e45
4903509.0,554984,python,libc.so.6,_int_free_maybe_consolidate
4898462.0,555009,python,[JIT],0x00007a2d2f464d17
4897897.0,555009,python,python,PyUnicode_Contains
4897425.0,555023,python,[JIT],0x0000769391db7dd7
4897292.0,555009,python,python,_PyObject_GetAttrStackRef
4897111.0,555009,python,libc.so.6,__strrchr_avx2
4895937.0,554998,python,python,dict_dealloc
4892059.0,554984,python,[JIT],0x00007603c144c1bb
4891906.0,554984,python,[JIT],0x00007603c16b3599
4891376.0,555009,python,[JIT],0x00007a2d2f6c9aa2
4879624.0,555009,python,[JIT],0x00007a2d2f4649ca
4864972.0,554998,python,python,sys_audit_tstate
4857383.0,555046,python,_struct.cpython-316-x86_64-linux-gnu.so,pack
4847139.0,555046,python,python,_PyThreadState_PopFrame
4833035.0,554984,python,python,allocate_from_new_pool
4815827.0,555046,python,python,PyLong_FromVoidPtr
4814484.0,555046,python,_struct.cpython-316-x86_64-linux-gnu.so,s_pack_internal
4805070.0,555046,python,python,tuple_alloc
4798339.0,555046,python,python,PyObject_Hash
4793287.0,555046,python,python,PyUnicode_AsEncodedString
4788573.0,554977,python,[JIT],0x0000747c7c1a3ab1
4727742.0,555046,python,python,PyObject_Size
4714577.0,554984,python,python,unicode_encode
4654871.0,555035,python,python,allocate_from_new_pool
4193109.0,554977,python,python,_PyObject_GC_NewVar
3964900.0,554998,python,python,PyLong_FromSsize_t
3964853.0,555023,python,[JIT],0x0000769391dcf9a1
3964757.0,555035,python,libc.so.6,_int_free_maybe_consolidate
3964705.0,555035,python,[JIT],0x000074c039e7e17b
3964628.0,555023,python,[JIT],0x000076939257bad8
3964471.0,555046,python,[JIT],0x00007af46fad03a9
3964427.0,555023,python,python,PyObject_GenericHash
3964395.0,554984,python,[JIT],0x00007603c16b30ab
3964378.0,555046,python,[JIT],0x00007af46facf950
3964321.0,555035,python,[JIT],0x000074c039e7ea70
3964201.0,554977,python,[JIT],0x0000747c7bf3ca70
3964196.0,555035,python,[JIT],0x000074c03ae13fd3
3964195.0,554984,python,python,dict_dealloc
3964104.0,555035,python,python,PyObject_GenericHash
3964088.0,555046,python,python,_Py_CallBuiltinClass_StackRef
3964077.0,554977,python,[kernel.kallsyms],__update_load_avg_cfs_rq
3964055.0,555046,python,[JIT],0x00007af46fad6183
3964049.0,555023,python,libc.so.6,malloc_consolidate
3964008.0,554977,python,[JIT],0x0000747c7bf3c838
3963986.0,554998,python,python,PyMethod_New
3963958.0,554977,python,[JIT],0x0000747c7bf3d160
3963946.0,555023,python,[JIT],0x0000769391db8eef
3963915.0,554984,python,[JIT],0x00007603c144b2ae
3963793.0,555046,python,[JIT],0x00007af46facf85d
3963724.0,555035,python,[JIT],0x000074c039e7e51d
3963681.0,554977,python,[JIT],0x0000747c7bf3c4a7
3963649.0,554984,python,_struct.cpython-316-x86_64-linux-gnu.so,PyType_GetModuleByDef@plt
3963563.0,555046,python,python,_PyObject_GC_Link
3963492.0,555035,python,[JIT],0x000074c039e62055
3963376.0,555023,python,python,_PyObject_GC_Link
3963369.0,554998,python,[JIT],0x00007895546a27fc
3963256.0,555023,python,python,_PyObject_GC_Resize
3963229.0,554977,python,python,type_call
3963176.0,555009,python,python,_io_BytesIO_tell
3963113.0,554998,python,python,bytesio_dealloc
3963060.0,555023,python,[JIT],0x0000769391dcf1c2
3963050.0,554998,python,[JIT],0x00007895546a1fa8
3963028.0,554984,python,[JIT],0x00007603c144df00
3962977.0,554977,python,[JIT],0x0000747c7bf387cf
3962968.0,555023,python,python,allocate_from_new_pool
3962911.0,554998,python,[JIT],0x000078955469a855
3962903.0,555035,python,[JIT],0x000074c039e8265f
3962902.0,555023,python,python,PyObject_GetIter
3962825.0,554984,python,libc.so.6,_int_free_merge_chunk
3962787.0,555023,python,[JIT],0x000076939257bb55
3962726.0,554977,python,[JIT],0x0000747c7bf3c257
3962566.0,554977,python,[kernel.kallsyms],perf_adjust_freq_unthr_context
3962333.0,555035,python,python,_io_BytesIO_write
3962326.0,555023,python,libc.so.6,_int_realloc
3962225.0,555023,python,[JIT],0x0000769391dd82a5
3962196.0,555035,python,python,PyObject_Hash
3962187.0,554977,python,[JIT],0x0000747c7bf4045b
3962120.0,555046,python,python,tuple_iter
3962110.0,554977,python,[JIT],0x0000747c7c1a7270
3961903.0,555035,python,[JIT],0x000074c039e80782
3961879.0,554984,python,_struct.cpython-316-x86_64-linux-gnu.so,s_pack_internal
3961871.0,555046,python,[JIT],0x00007af46fd3dd2a
3961864.0,555035,python,python,dictkeys_decref.part.0.constprop.0
3961862.0,555023,python,[JIT],0x0000769391dd0588
3961779.0,554977,python,python,slot_tp_init
3961675.0,554977,python,python,_PyType_GetDict
3961644.0,555046,python,python,PyTuple_New
3961483.0,554998,python,python,PyTuple_FromArray.part.0
3961317.0,554998,python,python,PyImport_ImportModuleLevelObject
3961296.0,554977,python,[JIT],0x0000747c7bf35de5
3961057.0,555046,python,[JIT],0x00007af46fad651d
3960967.0,554984,python,[JIT],0x00007603c14451a7
3960869.0,555023,python,python,memory_dealloc
3960868.0,554977,python,python,subtype_dealloc
3960829.0,554977,python,[JIT],0x0000747c7c1a3a8d
3960502.0,554998,python,[JIT],0x00007895546a4e0c
3960443.0,555046,python,[JIT],0x00007af46fad6e17
3960315.0,554998,python,[JIT],0x00007895546a4c13
3960159.0,555023,python,python,PyObject_ClearManagedDict
3960123.0,555023,python,_struct.cpython-316-x86_64-linux-gnu.so,PyType_GetModuleByDef@plt
3960086.0,555009,python,python,_PyArg_UnpackKeywords
3960041.0,554998,python,libc.so.6,malloc_consolidate
3959838.0,555023,python,[JIT],0x0000769391dd551d
3959737.0,555023,python,python,_PyObject_VectorcallDictTstate
3959627.0,555035,python,[JIT],0x000074c039e825e9
3959561.0,555023,python,python,new_dict.constprop.0
3959561.0,555023,python,[JIT],0x0000769391dd5788
3959464.0,555009,python,python,_PyLong_ExactDealloc
3959412.0,554998,python,[JIT],0x0000789555333000
3959405.0,554977,python,[JIT],0x0000747c7bf3ec6a
3959267.0,555023,python,python,subtype_dealloc
3959236.0,554977,python,[JIT],0x0000747c7bf3d14e
3959169.0,555023,python,[JIT],0x0000769391db8fde
3959120.0,555023,python,python,_PyFunction_Vectorcall
3958932.0,554977,python,[JIT],0x0000747c7bf3803b
3958811.0,555035,python,[JIT],0x000074c039e60f4f
3958447.0,554984,python,python,_PyBytes_Concat
3958147.0,554977,python,[JIT],0x0000747c7bf1f2c3
3958122.0,554998,python,[JIT],0x00007895546a2003
3957811.0,555009,python,[JIT],0x00007a2d2f446a06
3957679.0,554984,python,[JIT],0x00007603c144ebdd
3957642.0,555035,python,[JIT],0x000074c039e772b1
3957547.0,554984,python,python,PyObject_ClearManagedDict
3957383.0,554984,python,python,bytes_length
3957209.0,554984,python,python,_PyDict_FromItems
3957070.0,554977,python,[JIT],0x0000747c7bf3c2b8
3957022.0,554977,python,[JIT],0x0000747c7bf36999
3956913.0,554984,python,[JIT],0x00007603c144400a
3956656.0,555023,python,[JIT],0x0000769391dce5f2
3956650.0,555046,python,python,PyMethod_New
3956428.0,555046,python,python,new_keys_object
3956378.0,555035,python,python,new_dict.constprop.0
3956337.0,555023,python,[JIT],0x000076939257bfd3
3955864.0,554998,python,python,insert_to_emptydict
3955317.0,555009,python,[JIT],0x00007a2d305ee000
3955203.0,554977,python,python,new_keys_object
3955153.0,554998,python,[JIT],0x00007895546a1538
3954951.0,554998,python,python,_PyTuple_FromStackRefStealOnSuccess
3954937.0,554977,python,[JIT],0x0000747c7c5c42b8
3954733.0,554977,python,python,PyObject_GenericHash
3954731.0,555035,python,python,_PyLong_FromMedium
3954529.0,555035,python,python,_PyBytes_Concat
3954305.0,555046,python,[JIT],0x00007af46fad62b8
3954166.0,554998,python,python,write_bytes_lock_held
3954047.0,554984,python,python,PyType_GenericAlloc
3953869.0,555035,python,python,insertdict
3953838.0,555035,python,python,_Py_CallBuiltinClass_StackRef
3953739.0,554998,python,[JIT],0x000078955467760f
3953674.0,554998,python,[JIT],0x000078955469b2b9
3953582.0,554998,python,[JIT],0x000078955469a950
3953415.0,555035,python,[JIT],0x000074c039e816bd
3953296.0,555009,python,python,find_empty_slot
3953190.0,555023,python,python,_PyCompactLong_Add
3953090.0,555046,python,python,PyTuple_FromArray.part.0
3953061.0,554998,python,libc.so.6,_int_free_merge_chunk
3952969.0,554998,python,_struct.cpython-316-x86_64-linux-gnu.so,np_ubyte
3952935.0,555035,python,python,new_keys_object
3952885.0,555046,python,_struct.cpython-316-x86_64-linux-gnu.so,np_int
3952668.0,555035,python,[JIT],0x000074c039e7fa96
3952535.0,554998,python,[JIT],0x0000789554684a22
3952428.0,555046,python,python,PySequence_Contains
3952236.0,554977,python,[JIT],0x0000747c7bf401c0
3952221.0,554977,python,python,_io_BytesIO_tell
3952194.0,555023,python,python,tupleiter_next
3951812.0,555046,python,[JIT],0x00007af46fad839e
3951546.0,555009,python,python,PyDict_Contains
3951375.0,554998,python,python,PyObject_Size
3951245.0,555009,python,python,PyObject_GetOptionalAttr
3950887.0,554984,python,python,_PyStack_UnpackDict
3950811.0,554977,python,[JIT],0x0000747c7bf3c788
3950720.0,554984,python,python,PyTuple_FromArray.part.0
3950630.0,555009,python,python,allocate_from_new_pool
3950536.0,554998,python,[JIT],0x0000789554908997
3950514.0,554998,python,[JIT],0x000078955469d8f4
3950260.0,555009,python,[JIT],0x00007a2d2f466023
3950242.0,554984,python,python,_PyForIter_VirtualIteratorNext
3950144.0,555035,python,[JIT],0x000074c039e81fff
3949760.0,555035,python,[JIT],0x000074c039e7e4c2
3949375.0,554998,python,[JIT],0x000078955469cbed
3949119.0,554984,python,[JIT],0x00007603c144b63b
3949077.0,554998,python,python,_PyArg_UnpackKeywords
3949018.0,555046,python,python,_PyDict_FromItems
3948534.0,554977,python,python,_PyObject_GC_New
3948480.0,554984,python,[JIT],0x00007603c144c400
3948464.0,555023,python,[JIT],0x0000769391dd5d17
3948219.0,555009,python,python,_PyObject_GenericGetAttrWithDict
3948190.0,555009,python,[JIT],0x00007a2d2f447aff
3947917.0,554998,python,[JIT],0x000078955469a2b1
3947890.0,555009,python,[JIT],0x00007a2d2f45d950
3947729.0,554977,python,python,tupleiter_next
3946995.0,554977,python,python,split
3946636.0,555046,python,[JIT],0x00007af46fad906f
3946580.0,555035,python,python,_PyThreadState_PushFrame
3945986.0,554998,python,python,_io_BytesIO_tell
3945857.0,554984,python,python,meth_dealloc
3945523.0,554984,python,libc.so.6,realloc
3945517.0,555035,python,[JIT],0x000074c039e7e2ae
3945357.0,555023,python,[JIT],0x000076939203ca7b
3945271.0,555009,python,python,_Py_NewReference
3945099.0,555023,python,[JIT],0x0000769391dd8989
3945089.0,554998,python,python,listiter_next
3944400.0,554984,python,python,bytes_buffer_getbuffer
3943791.0,555023,python,[JIT],0x000076939203c706
3943625.0,555023,python,[JIT],0x0000769391dd805e
3942861.0,554998,python,[JIT],0x00007895546a1d13
3942643.0,555035,python,[JIT],0x000074c039e7b134
3942640.0,554984,python,python,PyObject_IsTrue
3942339.0,554984,python,[JIT],0x00007603c1bce691
3942107.0,555035,python,python,PyObject_Size
3941786.0,554977,python,[JIT],0x0000747c7bf3c17b
3941473.0,554984,python,python,PyObject_GetBuffer
3941356.0,554998,python,[JIT],0x00007895546a277a
3941011.0,554977,python,[JIT],0x0000747c7bf3f9a0
3941009.0,555023,python,[JIT],0x000076939203d1f6
3941005.0,554984,python,python,_PyTuple_Resize
3940843.0,554984,python,[JIT],0x00007603c144e4aa
3940052.0,554984,python,python,tuple_alloc
3939944.0,555035,python,[JIT],0x000074c039e79400
3939447.0,555009,python,python,PyObject_GetBuffer
3939260.0,554977,python,[JIT],0x0000747c7bf3585d
3939145.0,554984,python,[JIT],0x00007603c144f931
3938907.0,555023,python,[JIT],0x000076939203cd7e
3938826.0,555035,python,python,_PyForIter_VirtualIteratorNext
3938306.0,555035,python,[JIT],0x000074c039e7e000
3938259.0,555046,python,python,PyUnicode_FindChar
3938153.0,554977,python,[JIT],0x0000747c7bf35393
3938035.0,554998,python,python,PyBytesWriter_GetData
3937806.0,555035,python,python,unicode_decode_utf8.part.0
3937802.0,555009,python,[JIT],0x00007a2d2f464e2e
3937750.0,554984,python,python,_PyType_GetDict
3937202.0,555009,python,[JIT],0x00007a2d2f4644c2
3936997.0,555035,python,python,PyTuple_New
3936607.0,555009,python,python,PyType_IsSubtype
3936491.0,554984,python,[JIT],0x00007603c16b2f04
3936331.0,554998,python,python,PyObject_GetOptionalAttr
3936283.0,554998,python,[JIT],0x000078955469b6fa
3935626.0,555023,python,[JIT],0x000076939203d664
3935545.0,554984,python,[JIT],0x00007603c1bcefd3
3934196.0,554984,python,[JIT],0x00007603c1447302
3933848.0,554977,python,libc.so.6,_int_free_merge_chunk
3933060.0,555035,python,python,tuple_iter
3931728.0,555009,python,python,_PyObject_GC_Link
3931493.0,554984,python,[JIT],0x00007603c14338b8
3931475.0,555046,python,python,new_dict.constprop.0
3931311.0,554977,python,[JIT],0x0000747c7c1a341a
3931235.0,554984,python,[JIT],0x00007603c1bcee4d
3931096.0,555035,python,[JIT],0x000074c039e8171f
3930657.0,554984,python,python,strlen@plt
3929571.0,554998,python,[JIT],0x0000789554683dd7
3929506.0,554984,python,[JIT],0x00007603c144b2c6
3929228.0,555009,python,[JIT],0x00007a2d2f44c611
3928765.0,555009,python,python,_PyTuple_FromStackRefStealOnSuccess
3927655.0,554998,python,python,_PyDict_FromItems
3927504.0,555009,python,python,_PyTypeCache_Lookup
3925988.0,555046,python,[JIT],0x00007af46fd3dab1
3925601.0,554984,python,[JIT],0x00007603c142d3e1
3924320.0,554977,python,[JIT],0x0000747c7bf3f626
3922667.0,555035,python,python,PyObject_ClearManagedDict
3921005.0,555009,python,[JIT],0x00007a2d2f4644a7
3920556.0,555046,python,[JIT],0x00007af47076aaa2
3919946.0,555009,python,[JIT],0x00007a2d2f4612b0
3919443.0,554984,python,[JIT],0x00007603c1bce4b7
3919311.0,555009,python,python,_io_BytesIO_getbuffer
3919228.0,554998,python,python,_PyTuple_FromPairSteal
3915603.0,554984,python,[JIT],0x00007603c16b210c
3908481.0,554984,python,python,enum_dealloc
3905124.0,555035,python,python,PyBytesWriter_FinishWithSize
3904613.0,555009,python,[JIT],0x00007a2d2f467626
3903124.0,555035,python,python,PyTuple_FromArray.part.0
3898979.0,554984,python,[JIT],0x00007603c14459a1
3887142.0,555046,python,python,_PyObject_Realloc
3885209.0,555023,python,python,getset_get
3878704.0,555035,python,[JIT],0x000074c03a0e500a
3877694.0,555035,python,python,dict_dealloc
3869533.0,555046,python,python,long_hash
3869401.0,555035,python,python,PyUnicode_FindChar
3868189.0,555046,python,libc.so.6,__memset_avx2_unaligned_erms
3864876.0,554984,python,[kernel.kallsyms],native_irq_return_iret
3835841.0,554984,python,[kernel.kallsyms],error_entry
3834921.0,555046,python,python,PyBytes_FromStringAndSize.constprop.0
3821710.0,555046,python,python,memcpy@plt
3815127.0,555035,python,[JIT],0x000074c039e7f003
3377755.0,555046,python,python,_PyArg_UnpackKeywords
3200555.0,555009,python,python,dictiter_iternextitem
3191622.0,554998,python,python,dictiter_iternextitem
3167527.0,555009,python,python,PyCMethod_New
3118047.0,555046,python,python,_PyTuple_Resize
2975214.0,554998,python,python,PyType_GetModuleByDef
2974899.0,555009,python,python,PySys_Audit
2974604.0,555046,python,[JIT],0x00007af46fab9fde
2974513.0,555046,python,python,PyCMethod_New
2974304.0,555023,python,[JIT],0x0000769391db894f
2974239.0,555023,python,[JIT],0x0000769391dcf3a9
2974137.0,555046,python,[JIT],0x00007af46facb4f6
2974055.0,555023,python,[JIT],0x0000769391dd571f
2974034.0,555023,python,[JIT],0x0000769391dd627b
2974021.0,554998,python,python,object___reduce_ex__
2973819.0,555023,python,[JIT],0x0000769391dd91c0
2973791.0,555023,python,python,PyImport_ImportModuleLevelObject
2973700.0,555046,python,python,PyDescr_IsData
2973665.0,555046,python,[JIT],0x00007af46fadb622
2973641.0,555023,python,[JIT],0x000076939203d65c
2973641.0,554998,python,[JIT],0x0000789554684c83
2973604.0,554998,python,[JIT],0x000078955469ba8f
2973593.0,555023,python,python,PyTuple_FromArray.part.0
2973563.0,555023,python,[JIT],0x0000769391dd13f5
2973519.0,554977,python,[JIT],0x0000747c7bf35950
2973512.0,554984,python,[JIT],0x00007603c144cc0f
2973508.0,554998,python,[JIT],0x0000789555316b55
2973492.0,555035,python,[JIT],0x000074c039e81141
2973471.0,555046,python,[JIT],0x00007af46fad0ab8
2973450.0,555035,python,[JIT],0x000074c039e81626
2973448.0,555046,python,[JIT],0x00007af46fad7c39
2973444.0,555023,python,[JIT],0x0000769391dd7023
2973427.0,555046,python,[JIT],0x00007af46fad77f8
2973425.0,555023,python,[JIT],0x0000769391dd8e16
2973418.0,554984,python,python,unicode_split
2973413.0,554984,python,python,object_dealloc
2973365.0,555046,python,[JIT],0x00007af46fad77fc
2973330.0,555035,python,python,_PyObject_GC_Link
2973321.0,554998,python,[JIT],0x0000789555316e4d
2973319.0,554977,python,_struct.cpython-316-x86_64-linux-gnu.so,PyBytesWriter_FinishWithSize@plt
2973290.0,555046,python,[JIT],0x00007af46fad0bf8
2973280.0,555009,python,[JIT],0x00007a2d2f46417f
2973276.0,555009,python,python,PyType_GenericAlloc
2973259.0,554977,python,[JIT],0x0000747c7c1a4428
2973257.0,555046,python,[JIT],0x00007af46fad94aa
2973243.0,554977,python,[JIT],0x0000747c7bf3d2b5
2973213.0,555046,python,python,_io_BytesIO_getbuffer
2973210.0,554998,python,python,PyLong_AsLong
2973207.0,555035,python,python,bytesio_dealloc
2973205.0,555035,python,[JIT],0x000074c039e776ac
2973196.0,555035,python,python,PyObject_GC_Del
2973184.0,554977,python,[JIT],0x0000747c7bf37918
2973175.0,554984,python,[JIT],0x00007603c144b109
2973165.0,555035,python,python,_PyObject_Realloc
2973144.0,555046,python,[JIT],0x00007af46fada45f
2973144.0,554984,python,[JIT],0x00007603c144bb23
2973135.0,554977,python,[JIT],0x0000747c7bf3cb79
2973132.0,555009,python,[JIT],0x00007a2d305ee14c
2973106.0,554984,python,python,bytesio_dealloc
2973104.0,554977,python,python,method_dealloc
2973073.0,554998,python,[JIT],0x00007895546a14c2
2973064.0,555009,python,_struct.cpython-316-x86_64-linux-gnu.so,PyBytesWriter_Create@plt
2973062.0,555023,python,[JIT],0x0000769391dd5538
2973034.0,554977,python,[JIT],0x0000747c7c5c4088
2973025.0,555046,python,python,meth_dealloc
2973016.0,555023,python,[JIT],0x0000769391dd5e37
2973016.0,554984,python,[JIT],0x00007603c16b337c
2973012.0,555023,python,[JIT],0x0000769391dd5410
2973011.0,555023,python,[JIT],0x0000769391dd8487
2972980.0,554984,python,[JIT],0x00007603c144b4c2
2972955.0,555035,python,_struct.cpython-316-x86_64-linux-gnu.so,np_int
2972935.0,555046,python,[JIT],0x00007af46fad1b49
2972928.0,554998,python,[JIT],0x00007895546a3023
2972921.0,555009,python,[JIT],0x00007a2d2f45f24d
2972918.0,554984,python,[JIT],0x00007603c144cb07
2972914.0,554984,python,[JIT],0x00007603c144c4a9
2972894.0,554998,python,python,builtin_issubclass
2972893.0,555046,python,[JIT],0x00007af46fad66b7
2972888.0,555035,python,[JIT],0x000074c039e807d0
2972886.0,555035,python,[JIT],0x000074c03a0e5b2e
2972874.0,554984,python,[JIT],0x00007603c144b6b7
2972848.0,554984,python,[JIT],0x00007603c144b71f
2972834.0,554977,python,[JIT],0x0000747c7bf3d034
2972829.0,555023,python,[JIT],0x0000769391dd5838
2972806.0,555046,python,python,strlen@plt
2972805.0,554977,python,[JIT],0x0000747c7bf36dc7
2972803.0,554984,python,[JIT],0x00007603c144be59
2972801.0,555023,python,[JIT],0x000076939203cb0d
2972794.0,554984,python,python,free@plt
2972783.0,555046,python,python,_io_BytesIO___init__
2972768.0,554998,python,[JIT],0x000078955469e057
2972739.0,554998,python,[JIT],0x000078955531626e
2972738.0,554977,python,[JIT],0x0000747c7bf3cd13
2972734.0,555046,python,[JIT],0x00007af46fad6fa8
2972723.0,554984,python,[JIT],0x00007603c144b7d0
2972721.0,555046,python,[JIT],0x00007af46fad6165
2972717.0,555046,python,[JIT],0x00007af46fad29cd
2972697.0,555023,python,_struct.cpython-316-x86_64-linux-gnu.so,np_int
2972697.0,554984,python,python,PyCMethod_New
2972640.0,554977,python,[JIT],0x0000747c7bf352a2
2972618.0,554998,python,[JIT],0x00007895546a3782
2972597.0,554998,python,[JIT],0x0000789554683305
2972583.0,555009,python,[JIT],0x00007a2d2f6cb0a8
2972578.0,555035,python,[JIT],0x000074c03a0e647a
2972569.0,554977,python,python,_PyObject_VectorcallDictTstate
2972564.0,555046,python,[JIT],0x00007af46fad0dd8
2972563.0,554984,python,[JIT],0x00007603c1bcead8
2972534.0,554984,python,python,mbuf_add_view
2972532.0,555046,python,[JIT],0x00007af46fa9c000
2972518.0,554977,python,libc.so.6,_int_realloc
2972502.0,555046,python,[JIT],0x00007af46facc846
2972501.0,554977,python,[JIT],0x0000747c7bf36fa4
2972494.0,554998,python,[JIT],0x00007895546a40dc
2972484.0,554998,python,[JIT],0x00007895546a3528
2972473.0,554977,python,python,countformat
2972471.0,555035,python,[JIT],0x000074c039e65a7f
2972457.0,554998,python,python,object_new
2972432.0,555023,python,libc.so.6,cfree@GLIBC_2.2.5
2972425.0,554977,python,[JIT],0x0000747c7bf28000
2972381.0,554998,python,[JIT],0x00007895549099f4
2972364.0,554998,python,[JIT],0x0000789554909304
2972362.0,554998,python,_struct.cpython-316-x86_64-linux-gnu.so,PyLong_AsLong@plt
2972358.0,555009,python,[JIT],0x00007a2d2f6c9b55
2972353.0,554984,python,[JIT],0x00007603c144f269
2972348.0,554998,python,[JIT],0x000078955469b3a9
2972342.0,554984,python,[JIT],0x00007603c25db000
2972337.0,554984,python,[JIT],0x00007603c144eaa4
2972310.0,554984,python,[JIT],0x00007603c1446ef4
2972304.0,554977,python,python,tuple_length
2972273.0,554984,python,[JIT],0x00007603c144f2ca
2972271.0,554977,python,python,_PyArg_UnpackKeywords
2972261.0,555035,python,python,_PyDict_FromItems
2972259.0,555046,python,[JIT],0x00007af46fad78fb
2972249.0,555009,python,[JIT],0x00007a2d2f460ce8
2972247.0,555009,python,[JIT],0x00007a2d2f4663a2
2972236.0,554977,python,[JIT],0x0000747c7c1a3da5
2972221.0,555046,python,python,_PyLong_ExactDealloc
2972194.0,555046,python,python,_PyStack_UnpackDict
2972189.0,555009,python,_struct.cpython-316-x86_64-linux-gnu.so,PyLong_AsLong@plt
2972171.0,555023,python,python,tuple_iter
2972165.0,554998,python,[JIT],0x00007895546a1857
2972162.0,555046,python,[JIT],0x00007af46faba1e4
2972157.0,554984,python,[JIT],0x00007603c144b45a
2972144.0,555009,python,[JIT],0x00007a2d2f6c9fd3
2972142.0,555009,python,[JIT],0x00007a2d2f6c9618
2972121.0,555023,python,[JIT],0x0000769391db7589
2972112.0,554998,python,python,_io_BytesIO_getbuffer
2972110.0,554977,python,[JIT],0x0000747c7bf1fa22
2972063.0,555023,python,[JIT],0x0000769391dbd0bf
2972057.0,555035,python,python,_Py_NewReference
2971994.0,554998,python,python,_PyEval_Vector
2971988.0,554998,python,[JIT],0x00007895546a207f
2971970.0,555046,python,[JIT],0x00007af46fad6232
2971959.0,554998,python,[JIT],0x00007895546a2f63
2971952.0,555023,python,[JIT],0x0000769391dd5334
2971923.0,554977,python,[JIT],0x0000747c7c1a4748
2971904.0,554977,python,[JIT],0x0000747c7bf3c109
2971890.0,555009,python,[JIT],0x00007a2d2f466e1f
2971870.0,555046,python,python,_PyStaticType_GetState
2971850.0,554977,python,[JIT],0x0000747c7bf3d07f
2971838.0,554998,python,python,_PyType_GetDict
2971821.0,555009,python,[JIT],0x00007a2d2f6cbaa3
2971817.0,554977,python,python,PyObject_GenericGetAttr
2971808.0,554977,python,python,method_vectorcall_FASTCALL_KEYWORDS_METHOD
2971781.0,555009,python,[JIT],0x00007a2d2f464b1a
2971759.0,555009,python,python,hashtable_unicode_hash
2971732.0,555046,python,python,dict_length
2971702.0,555023,python,[JIT],0x0000769391dce7b6
2971683.0,554998,python,[JIT],0x000078955469e2b0
2971612.0,554984,python,python,PyObject_GC_Del
2971604.0,555046,python,python,tupleiter_next
2971579.0,555035,python,python,_PyTypeCache_Lookup
2971567.0,555023,python,python,listiter_next
2971496.0,554977,python,[JIT],0x0000747c7bf1ef4f
2971474.0,554977,python,[JIT],0x0000747c7bf3cfa8
2971461.0,555035,python,[JIT],0x000074c039e66832
2971390.0,554984,python,python,dictresize
2971389.0,554998,python,_struct.cpython-316-x86_64-linux-gnu.so,pack
2971385.0,555009,python,python,PyDict_GetItemRef
2971375.0,554998,python,[JIT],0x00007895546a2c6a
2971367.0,555023,python,[JIT],0x0000769391dd22b0
2971342.0,554977,python,[JIT],0x0000747c7bf3caa6
2971307.0,554977,python,python,PyLong_AsSsize_t
2971256.0,555009,python,[JIT],0x00007a2d2f46452c
2971216.0,555023,python,python,meth_dealloc
2971205.0,554984,python,[JIT],0x00007603c144d76b
2971198.0,555035,python,[JIT],0x000074c039e7e183
2971169.0,555023,python,[JIT],0x000076939203d9f4
2971113.0,554998,python,python,_Py_CallBuiltinClass_StackRef
2971086.0,554977,python,[JIT],0x0000747c7bf3c4c2
2971085.0,555023,python,[JIT],0x0000769391dd5000
2971066.0,555046,python,[JIT],0x00007af46fad2311
2971049.0,555009,python,[JIT],0x00007a2d2f6cc578
2970961.0,555009,python,python,PyObject_GenericHash
2970950.0,555046,python,python,bytes_length
2970907.0,555035,python,[JIT],0x000074c039e660bf
2970859.0,555046,python,[JIT],0x00007af46fd3da84
2970817.0,555046,python,[JIT],0x00007af46fad631d
2970776.0,554998,python,[JIT],0x00007895546a1a0f
2970764.0,554977,python,libc.so.6,_int_free
2970754.0,555046,python,[JIT],0x00007af46fab83e1
2970699.0,555046,python,[JIT],0x00007af46fad68b0
2970693.0,555023,python,[JIT],0x000076939203c3c3
2970664.0,555046,python,libc.so.6,_int_realloc
2970657.0,555035,python,python,_PyObject_GetAttrStackRef
2970653.0,555035,python,python,type_call
2970632.0,554977,python,[JIT],0x0000747c7bf37400
2970623.0,555035,python,python,resize_buffer_lock_held
2970617.0,554977,python,[JIT],0x0000747c7bf1f6b3
2970615.0,555046,python,python,_PyForIter_VirtualIteratorNext
2970605.0,554977,python,python,_Py_CallBuiltinClass_StackRef
2970541.0,554998,python,[JIT],0x000078955469ddcb
2970541.0,555009,python,[JIT],0x00007a2d2f6cb6eb
2970452.0,554977,python,[JIT],0x0000747c7bf3c232
2970431.0,555046,python,libc.so.6,__memcmp_avx2_movbe
2970347.0,554998,python,[JIT],0x000078955469b720
2970341.0,555023,python,[JIT],0x0000769391dd5ed1
2970331.0,555046,python,libc.so.6,_int_free_maybe_consolidate
2970283.0,554984,python,[JIT],0x00007603c144df79
2970224.0,555023,python,[JIT],0x000076939245d704
2970215.0,555035,python,python,PyType_GetModuleByDef
2970196.0,555023,python,[JIT],0x0000769391db76d3
2970192.0,555009,python,python,tupleiter_dealloc
2970185.0,554998,python,[JIT],0x00007895546a2ea4
2970110.0,555009,python,python,unicode_decode_utf8.part.0
2970085.0,554977,python,[JIT],0x0000747c7bf3c00a
2969928.0,555035,python,[JIT],0x000074c039e78869
2969838.0,555046,python,[JIT],0x00007af46facf354
2969821.0,555046,python,[JIT],0x00007af46facbe10
2969814.0,555035,python,[JIT],0x000074c039e8219f
2969799.0,554984,python,[JIT],0x00007603c144b865
2969784.0,554977,python,python,insert_to_emptydict
2969708.0,555023,python,[JIT],0x000076939203c5e3
2969706.0,555023,python,[JIT],0x0000769391dd910d
2969614.0,554998,python,[JIT],0x00007895546a5931
2969596.0,555035,python,python,PyCMethod_New
2969370.0,555023,python,[JIT],0x0000769391dca1f5
2969367.0,554984,python,python,dictitems_iter
2969269.0,555035,python,python,_PyThreadState_PopFrame
2969174.0,555009,python,python,memcpy@plt
2969158.0,554977,python,python,find_first_nonascii
2969095.0,555046,python,[JIT],0x00007af46fad6403
2969070.0,554998,python,python,_PyForIter_VirtualIteratorNext
2969065.0,555046,python,[JIT],0x00007af46fad74a9
2969057.0,555009,python,[JIT],0x00007a2d2f45e068
2968942.0,555046,python,[JIT],0x00007af46facfe59
2968922.0,555009,python,python,enum_dealloc
2968851.0,555009,python,libc.so.6,unlink_chunk.isra.0
2968832.0,554998,python,[JIT],0x00007895546a1c44
2968795.0,555023,python,[JIT],0x0000769392e13000
2968779.0,555023,python,[JIT],0x000076939257b55d
2968713.0,554977,python,[JIT],0x0000747c7bf3e859
2968673.0,555023,python,[JIT],0x000076939257baa2
2968649.0,555046,python,[JIT],0x00007af46faab70c
2968572.0,555035,python,[JIT],0x000074c039e7b1cb
2968567.0,555009,python,python,PyBytesWriter_FinishWithSize
2968536.0,555046,python,python,_Py_CheckFunctionResult
2968519.0,555009,python,python,_PyLong_FromMedium
2968491.0,555023,python,[JIT],0x000076939203cb59
2968487.0,554984,python,[JIT],0x00007603c1447bf9
2968448.0,555009,python,[JIT],0x00007a2d2f6cbf12
2968444.0,555009,python,[JIT],0x00007a2d2f45fcc8
2968434.0,554998,python,[JIT],0x0000789554908eee
2968340.0,554998,python,python,PyObject_GC_UnTrack
2968291.0,555035,python,[JIT],0x000074c039e791df
2968263.0,554977,python,[JIT],0x0000747c7bf3e39e
2968235.0,555035,python,[JIT],0x000074c039e6abe4
2968173.0,554984,python,[JIT],0x00007603c1bce469
2968143.0,555035,python,[JIT],0x000074c039e7e116
2968134.0,554984,python,python,PyUnicode_AsUTF8AndSize
2968091.0,554998,python,[JIT],0x00007895549092f3
2968037.0,554977,python,[JIT],0x0000747c7c5c4aca
2968009.0,554984,python,python,PyNumber_Rshift
2967977.0,555035,python,python,list_iter
2967745.0,554977,python,[JIT],0x0000747c7bf40007
2967721.0,554984,python,[JIT],0x00007603c1bcef9b
2967700.0,554998,python,[JIT],0x00007895546a2801
2967599.0,554998,python,python,PyBytes_FromStringAndSize.constprop.0
2967516.0,555046,python,[JIT],0x00007af46fad618b
2967512.0,555009,python,python,new_keys_object
2967460.0,555009,python,[JIT],0x00007a2d2f6cb9f2
2967453.0,555009,python,[JIT],0x00007a2d2f46705e
2967383.0,555009,python,[JIT],0x00007a2d2f45fcad
2967321.0,554998,python,python,PyObject_Call
2967291.0,554977,python,[JIT],0x0000747c7bf352b1
2967234.0,555009,python,[JIT],0x00007a2d2f6cbab1
2967165.0,555009,python,[JIT],0x00007a2d2f45ef05
2967103.0,555009,python,python,_PyUnicode_InternMortal
2967094.0,555023,python,libc.so.6,realloc
2966957.0,554984,python,_struct.cpython-316-x86_64-linux-gnu.so,PyDict_GetItemRef@plt
2966932.0,555046,python,[JIT],0x00007af46fd3d826
2966836.0,554977,python,[JIT],0x0000747c7bf3c2c6
2966825.0,555009,python,[JIT],0x00007a2d2f6cb00a
2966778.0,555046,python,[JIT],0x00007af46fab9fff
2966645.0,554977,python,[JIT],0x0000747c7bf37ffe
2966640.0,554998,python,[JIT],0x000078955469c404
2966567.0,555035,python,python,_PyBytes_ResizeKeepOnError
2966459.0,554984,python,[JIT],0x00007603c144c77a
2966411.0,555023,python,[JIT],0x0000769391dce86c
2966264.0,554984,python,[JIT],0x00007603c1446404
2966195.0,554984,python,python,PySys_Audit
2965975.0,555046,python,[JIT],0x00007af46fad617b
2965729.0,555035,python,python,tupleiter_next
2965684.0,554977,python,python,dictresize
2965644.0,555023,python,[JIT],0x0000769391dd6ffe
2965629.0,555035,python,[JIT],0x000074c039e786dd
2965411.0,554977,python,[JIT],0x0000747c7bf1e6fb
2965325.0,554998,python,[JIT],0x00007895546899ab
2965290.0,555046,python,[JIT],0x00007af46fad32b0
2965237.0,555035,python,[JIT],0x000074c039e81b8f
2965159.0,554984,python,python,unicode_encode_utf8
2965152.0,555023,python,[JIT],0x000076939257b3e2
2965138.0,554984,python,[JIT],0x00007603c1444de5
2964949.0,555023,python,[JIT],0x0000769391dce204
2964910.0,554998,python,python,resize_buffer_lock_held
2964761.0,555023,python,[JIT],0x0000769391dd7b6a
2964744.0,554984,python,[JIT],0x00007603c144788a
2964627.0,554977,python,[JIT],0x0000747c7bf3c177
2964604.0,554984,python,python,tuple_length
2964585.0,554984,python,python,PyObject_Hash
2964465.0,554977,python,[JIT],0x0000747c7bf3d203
2964388.0,555046,python,[JIT],0x00007af46fad708e
2964285.0,555035,python,python,_io_BytesIO_getbuffer
2964257.0,554984,python,[JIT],0x00007603c16b2143
2964244.0,554984,python,python,long_hash
2964188.0,554998,python,[JIT],0x00007895546a5822
2964180.0,555046,python,[JIT],0x00007af46fad6e2e
2964179.0,555046,python,[JIT],0x00007af46fad182d
2964161.0,555035,python,python,PyBytes_FromStringAndSize
2964091.0,555046,python,python,type_call
2963876.0,555035,python,[JIT],0x000074c039e7e620
2963793.0,555023,python,[JIT],0x0000769391dcfdc7
2963663.0,555009,python,python,sys_audit_tstate
2963659.0,554998,python,[JIT],0x00007895546a1788
2963638.0,555009,python,[JIT],0x00007a2d2f460df8
2963417.0,554977,python,[JIT],0x0000747c7bf3e491
2963412.0,555009,python,[JIT],0x00007a2d2f6cb4a7
2963404.0,555046,python,_struct.cpython-316-x86_64-linux-gnu.so,PyDict_GetItemRef@plt
2963390.0,554998,python,[JIT],0x00007895546a1b50
2963369.0,555035,python,python,tupleiter_dealloc
2963363.0,554977,python,[JIT],0x0000747c7bf3ced1
2963300.0,555023,python,[JIT],0x0000769391dd8df9
2963280.0,555046,python,[JIT],0x00007af46facf7b6
2963261.0,555035,python,[JIT],0x000074c039e7ad66
2963230.0,554984,python,[JIT],0x00007603c144d3c3
2963205.0,555023,python,[JIT],0x0000769391dd140c
2962991.0,555023,python,[JIT],0x0000769391dcff05
2962743.0,554984,python,[JIT],0x00007603c144cacb
2962712.0,555035,python,python,PyObject_GC_UnTrack
2962636.0,554977,python,python,PyUnicode_Contains
2962546.0,555009,python,[JIT],0x00007a2d2f447152
2962543.0,554998,python,[JIT],0x00007895546a463d
2962467.0,555009,python,[JIT],0x00007a2d2f464724
2962427.0,555009,python,python,long_richcompare
2962407.0,554998,python,[JIT],0x00007895546a13af
2962407.0,554977,python,[JIT],0x0000747c7bf357b6
2962345.0,554998,python,python,insert_to_emptydict
2962329.0,555023,python,[JIT],0x000076939203cd4e
2962299.0,555009,python,python,PyObject_GC_UnTrack
2962257.0,555023,python,[JIT],0x0000769391dce9e3
2962232.0,555046,python,[JIT],0x00007af46fad02f7
2962219.0,554977,python,[JIT],0x0000747c7c1a741b
2962217.0,555046,python,[JIT],0x00007af46facf475
2962174.0,555023,python,python,split
2962162.0,554977,python,[JIT],0x0000747c7bf35967
2962139.0,554998,python,python,_PyObject_GC_Resize
2962020.0,555035,python,[JIT],0x000074c03a0e5000
2962018.0,555023,python,[JIT],0x0000769391db8a22
2962016.0,555009,python,[JIT],0x00007a2d2f464d13
2962002.0,555035,python,[JIT],0x000074c039e79cad
2961962.0,555009,python,python,split
2961933.0,554984,python,python,PyType_GetModuleByDef
2961894.0,554977,python,[JIT],0x0000747c7c1a4942
2961874.0,555023,python,[JIT],0x0000769391db8ee5
2961856.0,554984,python,python,PyBytesWriter_Create
2961778.0,555046,python,[JIT],0x00007af46fad9626
2961768.0,554984,python,[JIT],0x00007603c144cc8e
2961758.0,554998,python,python,PyObject_GetIter
2961705.0,555009,python,python,PyObject_Malloc
2961677.0,554984,python,[JIT],0x00007603c1411190
2961624.0,554977,python,libc.so.6,_int_free_maybe_consolidate
2961611.0,555023,python,[JIT],0x0000769391dd527d
2961607.0,555035,python,[JIT],0x000074c039e7814c
2961584.0,555035,python,[JIT],0x000074c039e66836
2961581.0,554998,python,[JIT],0x0000789554908706
2961572.0,555009,python,[JIT],0x00007a2d2f46789a
2961548.0,555009,python,python,unicode_encode_utf8
2961535.0,555009,python,python,dict_length
2961503.0,555046,python,_struct.cpython-316-x86_64-linux-gnu.so,PyType_GetModuleByDef@plt
2961484.0,555009,python,[JIT],0x00007a2d2f4591f5
2961457.0,555023,python,[JIT],0x0000769391dd613d
2961421.0,554998,python,[JIT],0x00007895546a427e
2961282.0,554984,python,python,new_dict.constprop.0
2961169.0,554977,python,[JIT],0x0000747c7bf3c18b
2961152.0,554984,python,[JIT],0x00007603c1440aad
2961023.0,555009,python,[JIT],0x00007a2d2f466c6e
2960920.0,554998,python,[JIT],0x000078955468d24e
2960886.0,555046,python,[JIT],0x00007af46facb4e5
2960692.0,555023,python,python,new_keys_object
2960691.0,554984,python,python,_PyObject_VectorcallPrepend
2960669.0,555035,python,python,bytes_length
2960642.0,554998,python,python,new_keys_object
2960588.0,555035,python,[JIT],0x000074c039e8361f
2960564.0,554984,python,[JIT],0x00007603c16b210c
2960557.0,555023,python,[JIT],0x0000769391dce85d
2960524.0,554984,python,[JIT],0x00007603c144cb8c
2960516.0,555035,python,[JIT],0x000074c039e61796
2960476.0,555035,python,python,_PyObject_MakeTpCall
2960475.0,555023,python,[JIT],0x0000769391dd0d05
2960457.0,555009,python,[JIT],0x00007a2d2f466436
2960446.0,555023,python,python,PyObject_IsTrue
2960412.0,555023,python,python,PyObject_Realloc
2960406.0,554977,python,[JIT],0x0000747c7bf38d69
2960401.0,555035,python,[JIT],0x000074c039e616b3
2960350.0,554977,python,[JIT],0x0000747c7bf3f4d5
2960346.0,555035,python,[JIT],0x000074c03a0e9252
2960312.0,554977,python,[JIT],0x0000747c7bf3ce4a
2960269.0,554984,python,[JIT],0x00007603c144b9b8
2960228.0,555023,python,[JIT],0x0000769391dd780f
2960178.0,555046,python,[JIT],0x00007af46fad2c03
2960088.0,554998,python,[JIT],0x000078955469d1b2
2960002.0,555035,python,[kernel.kallsyms],__irqentry_text_end
2959991.0,554998,python,[JIT],0x00007895546a204f
2959891.0,554998,python,[JIT],0x00007895546a5604
2959882.0,555035,python,[JIT],0x000074c039e7a621
2959851.0,555009,python,[JIT],0x00007a2d2f4640c0
2959562.0,555009,python,python,_PyThreadState_PushFrame
2959532.0,555035,python,python,_PyArg_UnpackKeywords
2959482.0,554998,python,[JIT],0x0000789555316691
2959454.0,554977,python,[JIT],0x0000747c7bf3f141
2959447.0,555023,python,[JIT],0x0000769391dd1082
2959393.0,554998,python,[JIT],0x00007895546a1183
2959275.0,554998,python,[JIT],0x00007895546a17bf
2959192.0,555009,python,[JIT],0x00007a2d2f6cc0ab
2959099.0,555035,python,[JIT],0x000074c039e7f2f3
2959073.0,555035,python,python,_Py_NewReferenceNoTotal
2959000.0,554977,python,[JIT],0x0000747c7bf3c704
2958977.0,555009,python,[JIT],0x00007a2d2f450000
2958966.0,554977,python,[JIT],0x0000747c7c1a30f3
2958934.0,555023,python,[JIT],0x0000769391dce5aa
2958865.0,554984,python,[JIT],0x00007603c1446376
2958853.0,554998,python,python,_PyStack_UnpackDict
2958845.0,554984,python,[JIT],0x00007603c144485d
2958827.0,555035,python,[JIT],0x000074c039e79836
2958785.0,554977,python,libc.so.6,__strrchr_avx2
2958555.0,555035,python,[JIT],0x000074c039e7fa7d
2958164.0,555009,python,[JIT],0x00007a2d2f45f7d5
2958037.0,554998,python,python,tupleiter_dealloc
2958023.0,554998,python,libc.so.6,_int_free_maybe_consolidate
2957934.0,555009,python,_struct.cpython-316-x86_64-linux-gnu.so,PyDict_GetItemRef@plt
2957867.0,554984,python,[JIT],0x00007603c142eaff
2957838.0,555023,python,[JIT],0x0000769391dd82aa
2957676.0,554998,python,python,PyType_GenericAlloc
2957615.0,554984,python,[JIT],0x00007603c1444950
2957578.0,555035,python,[JIT],0x000074c03ae13aab
2957521.0,555046,python,[JIT],0x00007af46fad18f4
2957464.0,555009,python,[JIT],0x00007a2d2f44de27
2957407.0,555009,python,python,_PyEval_Vector
2957388.0,554977,python,[JIT],0x0000747c7bf3c116
2957266.0,555009,python,[JIT],0x00007a2d2f464834
2957258.0,554998,python,_struct.cpython-316-x86_64-linux-gnu.so,PyBytesWriter_FinishWithSize@plt
2957101.0,555009,python,[JIT],0x00007a2d2f467a84
2957080.0,554998,python,python,tupleiter_next
2956947.0,554998,python,[JIT],0x00007895546a22f3
2956756.0,555009,python,[JIT],0x00007a2d2f46727e
2956698.0,555009,python,[JIT],0x00007a2d2f6c935f
2956678.0,554998,python,python,slot_tp_init
2956575.0,555023,python,[JIT],0x0000769391dd512c
2956573.0,555023,python,[JIT],0x0000769391dd500a
2956393.0,554984,python,[JIT],0x00007603c144bab4
2956307.0,555009,python,python,dictkeys_decref.part.0.constprop.0
2956284.0,554984,python,python,_Py_BuildMap_StackRefSteal
2956230.0,555023,python,[JIT],0x0000769391dcf339
2956210.0,554998,python,python,_Py_NewReferenceNoTotal
2956085.0,554998,python,python,_PyJIT_Entry
2955966.0,554977,python,[JIT],0x0000747c7bf3d933
2955535.0,554977,python,[JIT],0x0000747c7bf3caf4
2955507.0,554977,python,[kernel.kallsyms],error_entry
2955412.0,554984,python,[JIT],0x00007603c14452c5
2955370.0,554977,python,[JIT],0x0000747c7bf3c1a8
2955272.0,555023,python,[JIT],0x0000769391dd5d93
2955246.0,555046,python,[JIT],0x00007af46fad9141
2955231.0,554984,python,[JIT],0x00007603c144e626
2955109.0,554998,python,python,PyObject_Free
2954813.0,554998,python,python,PyCMethod_New
2954559.0,554977,python,[JIT],0x0000747c7c6cd182
2954491.0,554977,python,python,_PyForIter_VirtualIteratorNext
2954210.0,555035,python,[JIT],0x000074c039e7f1f0
2954005.0,554984,python,python,PyObject_GenericHash
2953922.0,555009,python,[JIT],0x00007a2d2f467b3e
2953673.0,555035,python,[JIT],0x000074c03ae13ad8
2953479.0,554984,python,[JIT],0x00007603c1446c90
2953425.0,554977,python,python,PyTuple_FromArray.part.0
2953281.0,554998,python,[JIT],0x00007895546a1410
2953156.0,555046,python,[JIT],0x00007af46fada822
2953064.0,555009,python,[JIT],0x00007a2d2f45ed5d
2952979.0,554998,python,[JIT],0x000078955469ad3b
2952575.0,555035,python,python,PyType_GenericAlloc
2952554.0,555035,python,python,enum_dealloc
2952522.0,555009,python,_struct.cpython-316-x86_64-linux-gnu.so,np_int
2952278.0,554977,python,[JIT],0x0000747c7bf2046b
2951920.0,554984,python,python,_PyObject_MakeTpCall
2951853.0,554998,python,python,PyUnicode_Contains
2951561.0,554984,python,[kernel.kallsyms],perf_adjust_freq_unthr_context
2951256.0,555009,python,[JIT],0x00007a2d2f45d4be
2951184.0,555046,python,[kernel.kallsyms],__irqentry_text_end
2951130.0,555035,python,[JIT],0x000074c039e7a311
2950950.0,555035,python,libc.so.6,realloc
2950541.0,555035,python,[JIT],0x000074c039e78e4f
2950061.0,554984,python,[JIT],0x00007603c1445aa9
2950047.0,555023,python,python,bytesiobuf_dealloc
2949994.0,555009,python,[JIT],0x00007a2d2f45eaa1
2949901.0,555046,python,[JIT],0x00007af46fad6ab4
2949895.0,554998,python,[JIT],0x00007895546a214e
2949503.0,555023,python,_struct.cpython-316-x86_64-linux-gnu.so,PyLong_AsLong@plt
2948959.0,555035,python,python,listiter_dealloc
2948596.0,555035,python,[JIT],0x000074c039e7e987
2948430.0,554998,python,[JIT],0x0000789555316578
2948302.0,555035,python,python,_PyObject_VectorcallDictTstate
2948052.0,554984,python,[JIT],0x00007603c141100a
2948010.0,555009,python,[JIT],0x00007a2d2f467000
2947637.0,555035,python,[JIT],0x000074c039e7eb79
2947401.0,554984,python,[JIT],0x00007603c16b2347
2947397.0,554977,python,[JIT],0x0000747c7c6cd1bc
2947369.0,555035,python,[JIT],0x000074c039e6a000
2947183.0,555046,python,[JIT],0x00007af46fad62da
2947025.0,555009,python,[JIT],0x00007a2d2f460264
2946892.0,555009,python,[JIT],0x00007a2d2f45e99d
2946787.0,554998,python,[JIT],0x0000789555833000
2946733.0,555035,python,[JIT],0x000074c03a0e658b
2946618.0,555046,python,[JIT],0x00007af46fd3e6e4
2946518.0,555009,python,[JIT],0x00007a2d2f4672b6
2946514.0,554984,python,python,PyUnicode_AsEncodedString
2946221.0,554998,python,python,enum_next
2946164.0,555035,python,python,subtype_dealloc
2946121.0,555046,python,_struct.cpython-316-x86_64-linux-gnu.so,PyBytesWriter_GetData@plt
2946083.0,555009,python,[JIT],0x00007a2d2f4652f3
2946082.0,555046,python,[JIT],0x00007af46fad2f08
2946020.0,554977,python,[JIT],0x0000747c7bf38ce8
2945769.0,554998,python,[JIT],0x000078955469c400
2945270.0,555009,python,[JIT],0x00007a2d2f6cbb4b
2945149.0,555035,python,[JIT],0x000074c03b00d023
2945126.0,555009,python,[JIT],0x00007a2d2f44c8b8
2945035.0,555009,python,[JIT],0x00007a2d2f46400a
2944686.0,555009,python,[JIT],0x00007a2d2f467c4a
2944675.0,554984,python,[JIT],0x00007603c144cc04
2944450.0,554984,python,python,_PyUnicode_Equal
2944383.0,554984,python,[JIT],0x00007603c14447b6
2944301.0,554998,python,[JIT],0x00007895546a1d17
2943725.0,555009,python,[JIT],0x00007a2d2f6c9000
2943574.0,554998,python,[JIT],0x00007895546a518b
2943207.0,554998,python,[JIT],0x000078955468bf94
2943050.0,555035,python,python,PyUnicode_AsUTF8AndSize
2942934.0,555009,python,[JIT],0x00007a2d2f45dede
2942135.0,555046,python,[JIT],0x00007af46fad9a00
2941435.0,555046,python,[JIT],0x00007af47076adf1
2941087.0,555023,python,[JIT],0x0000769392f67023
2940723.0,555023,python,[JIT],0x000076939203cf12
2940691.0,555009,python,_struct.cpython-316-x86_64-linux-gnu.so,PyType_GetModuleByDef@plt
2940497.0,555009,python,[JIT],0x00007a2d2f45e000
2940392.0,554984,python,[JIT],0x00007603c144f6cb
2940072.0,555023,python,[JIT],0x0000769391dd5232
2939725.0,555035,python,python,memory_dealloc
2939613.0,554998,python,[JIT],0x00007895546a1834
2939174.0,554977,python,[JIT],0x0000747c7bf3d416
2938529.0,554984,python,[JIT],0x00007603c1445c32
2938331.0,555035,python,[JIT],0x000074c039e776bb
2938051.0,555035,python,[JIT],0x000074c039e61fff
2937756.0,554984,python,python,PySequence_Contains
2937651.0,554977,python,[JIT],0x0000747c7c1a300a
2937620.0,555009,python,[JIT],0x00007a2d2f464682
2936955.0,555009,python,libc.so.6,_int_free
2936937.0,555023,python,[JIT],0x0000769392040252
2936535.0,554998,python,python,memory_dealloc
2936152.0,554998,python,python,dictiter_dealloc
2935737.0,555009,python,[JIT],0x00007a2d2f4672d7
2935333.0,555009,python,python,_PyStack_UnpackDict
2934669.0,554984,python,[JIT],0x00007603c144b17f
2933609.0,555009,python,[JIT],0x00007a2d2f4652f8
2933317.0,554998,python,[JIT],0x000078955469baf3
2932799.0,555009,python,[JIT],0x00007a2d2f466f79
2932486.0,555035,python,[JIT],0x000074c039e8210d
2928741.0,555023,python,libc.so.6,__strrchr_avx2
2924756.0,554998,python,python,_PyObject_Realloc
2922630.0,554984,python,python,PyObject_GetIter
2917493.0,555009,python,[JIT],0x00007a2d2f45d475
2915763.0,554984,python,python,builtin_id
2911261.0,555035,python,[JIT],0x000074c039e7acf9
2908463.0,554998,python,[JIT],0x00007895546899ef
2906331.0,555035,python,[JIT],0x000074c039e7a994
2899342.0,554984,python,[kernel.kallsyms],native_write_msr
2898782.0,554984,python,[kernel.kallsyms],irqentry_exit_to_user_mode
2896512.0,555035,python,libc.so.6,unlink_chunk.isra.0
2894310.0,554998,python,python,find_first_nonascii
2892850.0,555035,python,python,_PyType_GetDict
2891243.0,555009,python,[JIT],0x00007a2d2f450369
2888745.0,555046,python,python,PyObject_GC_UnTrack
2888698.0,554977,python,[JIT],0x0000747c7bf3c183
2887938.0,555035,python,[JIT],0x000074c039e7f0e4
2886243.0,555046,python,[JIT],0x00007af470a13ea3
2885729.0,555023,python,[JIT],0x000076939245d67d
2884847.0,554984,python,python,_PyLong_ExactDealloc
2884356.0,555046,python,python,sys_audit_tstate
2884119.0,555023,python,[JIT],0x000076939203cf04
2884029.0,555046,python,python,PyObject_IsTrue
2883599.0,555046,python,python,PyBytesWriter_FinishWithSize
2882618.0,554998,python,[JIT],0x00007895546a1922
2880563.0,555046,python,[JIT],0x00007af46fad671f
2873500.0,554977,python,[JIT],0x0000747c7bf3c8b6
2872786.0,554998,python,[JIT],0x000078955533300a
2851206.0,555009,python,python,memory_getbuf
2848062.0,555046,python,python,_PyLong_FromMedium
2844670.0,555046,python,python,_PyTypeCache_Lookup
2830578.0,555046,python,python,_PyTuple_FromStackRefStealOnSuccess
2804774.0,554984,python,python,_PyObject_GenericGetAttrWithDict
2743475.0,555046,python,python,PyBytesWriter_GetData
2712199.0,555035,python,[JIT],0x000074c039e8024b
2645359.0,554998,python,python,_PyTuple_FromPairSteal
2490993.0,555023,python,python,find_first_nonascii
1986199.0,554984,python,[kernel.kallsyms],__hrtimer_run_queues
1984355.0,554977,python,[JIT],0x0000747c7bf307f1
1983534.0,554984,python,python,PyErr_Occurred
1983512.0,554998,python,python,builtin_getattr
1983510.0,554998,python,[JIT],0x00007895546a12c6
1983492.0,554998,python,python,dictkeys_decref.part.0.constprop.0
1983156.0,555035,python,libc.so.6,unlink_chunk.isra.0
1983136.0,554998,python,libc.so.6,_int_malloc
1983086.0,555046,python,[JIT],0x00007af46fd3e04c
1983038.0,555023,python,[JIT],0x000076939203c4d4
1983022.0,555035,python,[JIT],0x000074c039e80bb0
1983015.0,554984,python,[JIT],0x00007603c144b334
1983001.0,555046,python,[JIT],0x00007af46facf7c8
1982963.0,554998,python,[JIT],0x00007895546a12c6
1982961.0,554977,python,[JIT],0x0000747c7bf377fa
1982929.0,555046,python,[JIT],0x00007af46fd41252
1982917.0,555023,python,python,dict_length
1982869.0,555046,python,[JIT],0x00007af46fad7287
1982853.0,554984,python,[JIT],0x00007603c1447005
1982851.0,555046,python,[JIT],0x00007af46facb699
1982832.0,555035,python,[JIT],0x000074c039e7954d
1982810.0,554984,python,[JIT],0x00007603c144bb6c
1982790.0,555035,python,[JIT],0x000074c039e7a028
1982784.0,554998,python,python,PyBytesWriter_FinishWithSize
1982772.0,555023,python,[JIT],0x0000769391dd0899
1982770.0,555035,python,[JIT],0x000074c039e35081
1982770.0,555035,python,[JIT],0x000074c039e62285
1982766.0,555035,python,[JIT],0x000074c039e730f1
1982759.0,554984,python,[JIT],0x00007603c1445aa1
1982753.0,555046,python,[JIT],0x00007af46fad9989
1982750.0,554998,python,[JIT],0x000078955469aadf
1982731.0,554984,python,[JIT],0x00007603c142f682
1982725.0,555035,python,[JIT],0x000074c03a0e5d06
1982725.0,555023,python,python,PyType_IsSubtype
1982723.0,555023,python,python,_PyArg_UnpackKeywords
1982713.0,555035,python,[JIT],0x000074c039e7e1aa
1982713.0,555023,python,[JIT],0x0000769391dd715f
1982704.0,555023,python,[JIT],0x0000769391dd1584
1982692.0,555023,python,[JIT],0x0000769391dd8bbb
1982692.0,554977,python,[JIT],0x0000747c7bf31e27
1982688.0,554998,python,[JIT],0x0000789554908a7b
1982684.0,555046,python,[JIT],0x00007af46fad75c3
1982683.0,554998,python,python,batched_new
1982656.0,555023,python,[JIT],0x000076939257bccd
1982654.0,555035,python,[JIT],0x000074c039e61f9b
1982646.0,555035,python,[JIT],0x000074c039e8267a
1982644.0,555035,python,[JIT],0x000074c03a0e5a84
1982644.0,555046,python,[JIT],0x00007af46fad0ee7
1982640.0,555046,python,[JIT],0x00007af46fd3e27d
1982638.0,555035,python,[JIT],0x000074c03a4f820f
1982637.0,555035,python,[JIT],0x000074c039e60dd7
1982633.0,555023,python,[JIT],0x0000769391dd7782
1982619.0,555046,python,[JIT],0x00007af46fad6589
1982615.0,554998,python,python,PyUnicode_FromStringAndSize
1982613.0,555035,python,[JIT],0x000074c039e77f42
1982603.0,554984,python,[JIT],0x00007603c144e32f
1982602.0,555035,python,[JIT],0x000074c039e78b45
1982602.0,555046,python,[JIT],0x00007af46fab8c94
1982602.0,554998,python,python,unicode_encode_utf8
1982599.0,555046,python,python,PyObject_GenericGetAttr
1982598.0,555035,python,[JIT],0x000074c039e7f476
1982596.0,555023,python,[JIT],0x0000769391dce621
1982595.0,555046,python,[JIT],0x00007af46fad9baa
1982595.0,554977,python,[JIT],0x0000747c7bf3c6b7
1982588.0,555023,python,[JIT],0x0000769391db98be
1982585.0,554998,python,[JIT],0x00007895546a4f2b
1982584.0,555035,python,[JIT],0x000074c039e7f07f
1982584.0,554984,python,[JIT],0x00007603c14456b0
1982583.0,554984,python,[JIT],0x00007603c16b28aa
1982574.0,554998,python,[JIT],0x00007895546a1354
1982572.0,555035,python,[JIT],0x000074c03a0e61a0
1982567.0,555023,python,[JIT],0x0000769391dd52c6
1982566.0,555035,python,_struct.cpython-316-x86_64-linux-gnu.so,PyDict_GetItemRef@plt
1982561.0,554977,python,[JIT],0x0000747c7bf3c88c
1982559.0,555035,python,[JIT],0x000074c039e80ae0
1982552.0,554998,python,[JIT],0x0000789555316df1
1982549.0,554984,python,[JIT],0x00007603c16b2263
1982548.0,555035,python,[JIT],0x000074c039e79d14
1982547.0,555035,python,python,long_rshift
1982543.0,554977,python,[JIT],0x0000747c7bf1f00a
1982540.0,555023,python,[JIT],0x0000769391dd5754
1982533.0,555035,python,[JIT],0x000074c039e7e06a
1982531.0,555023,python,[JIT],0x0000769391dd567b
1982526.0,555046,python,[JIT],0x00007af46fd3e0b3
1982524.0,555009,python,[JIT],0x00007a2d2f4673ea
1982522.0,555035,python,[JIT],0x000074c039e60b57
1982521.0,555046,python,python,_PyType_GetDict
1982518.0,555009,python,[JIT],0x00007a2d2f465ab6
1982508.0,555023,python,[JIT],0x0000769391dd5af4
1982506.0,554977,python,[JIT],0x0000747c7c5c460b
1982504.0,555035,python,[JIT],0x000074c039e7eb38
1982501.0,555023,python,[JIT],0x0000769391dd7326
1982497.0,555023,python,[JIT],0x000076939203d778
1982496.0,555023,python,[JIT],0x0000769391db955c
1982490.0,555046,python,[JIT],0x00007af46fad8f79
1982489.0,554998,python,[JIT],0x00007895546a29d2
1982488.0,555023,python,[JIT],0x0000769391dd5452
1982486.0,555046,python,[JIT],0x00007af46fad9c6b
1982485.0,555023,python,[JIT],0x0000769391dce29a
1982483.0,554977,python,[JIT],0x0000747c7bf40822
1982482.0,555035,python,[JIT],0x000074c039e80687
1982469.0,555035,python,[JIT],0x000074c039e824fc
1982469.0,555023,python,[JIT],0x0000769391dd6d05
1982454.0,555023,python,[JIT],0x0000769391db7bca
1982450.0,554998,python,[JIT],0x00007895552eb00a
1982450.0,554984,python,[JIT],0x00007603c1433337
1982449.0,554998,python,[JIT],0x00007895546a510d
1982448.0,555035,python,[JIT],0x000074c03a0e5826
1982447.0,555035,python,[JIT],0x000074c039e4b238
1982445.0,554998,python,[JIT],0x00007895546a32d8
1982443.0,554998,python,[JIT],0x0000789555316bef
1982439.0,555035,python,[JIT],0x000074c03a0e63c8
1982439.0,554984,python,[JIT],0x00007603c1433b72
1982438.0,555046,python,[JIT],0x00007af46fad6b08
1982438.0,554984,python,[JIT],0x00007603c1440790
1982437.0,554984,python,[JIT],0x00007603c144616b
1982436.0,554984,python,[JIT],0x00007603c1445f14
1982433.0,554998,python,[JIT],0x0000789554908bd5
1982432.0,555035,python,[JIT],0x000074c039e79a6a
1982424.0,554984,python,[JIT],0x00007603c144f5ad
1982419.0,555023,python,[JIT],0x0000769391dd965f
1982419.0,555009,python,[JIT],0x00007a2d2f6cba84
1982414.0,555035,python,[JIT],0x000074c03a0e517a
1982413.0,555023,python,[JIT],0x0000769391d8400a
1982412.0,555035,python,[JIT],0x000074c03a0e5280
1982410.0,554984,python,[JIT],0x00007603c144b857
1982409.0,554998,python,[JIT],0x00007895546a11bf
1982406.0,554977,python,[JIT],0x0000747c7bf36f29
1982403.0,555023,python,[JIT],0x0000769391dd7598
1982402.0,555023,python,[JIT],0x0000769391dd1762
1982401.0,554984,python,[JIT],0x00007603c1446408
1982397.0,555023,python,python,PyUnicode_New.part.0
1982395.0,555023,python,[JIT],0x0000769391db8c7b
1982393.0,555035,python,_struct.cpython-316-x86_64-linux-gnu.so,PyBytesWriter_Create@plt
1982393.0,554977,python,[JIT],0x0000747c7bf3eb45
1982387.0,555046,python,[JIT],0x00007af46fad1bf7
1982385.0,554984,python,[JIT],0x00007603c1447255
1982383.0,555035,python,python,_PyBytes_ResizeKeepOnError
1982380.0,555023,python,[JIT],0x0000769391db75ed
1982379.0,554977,python,[JIT],0x0000747c7bf3e557
1982376.0,555023,python,[JIT],0x0000769391dd64fa
1982372.0,555035,python,[JIT],0x000074c039e78041
1982372.0,555023,python,[JIT],0x0000769391dd531d
1982372.0,555046,python,[JIT],0x00007af46fad87bd
1982363.0,555046,python,[JIT],0x00007af46fad3134
1982363.0,554984,python,[JIT],0x00007603c14475bb
1982361.0,555023,python,[JIT],0x0000769391dcff7d
1982361.0,555046,python,[JIT],0x00007af46fad1f93
1982360.0,554984,python,[JIT],0x00007603c14482d6
1982356.0,555035,python,python,slot_tp_init
1982356.0,555023,python,[JIT],0x000076939203caa3
1982351.0,554984,python,[JIT],0x00007603c144ceef
1982349.0,554998,python,[JIT],0x00007895546a2dd1
1982349.0,555046,python,[JIT],0x00007af46fada032
1982347.0,554998,python,[JIT],0x000078955469e2b8
1982345.0,555035,python,[JIT],0x000074c039e78c8d
1982344.0,555046,python,[JIT],0x00007af46fad0796
1982342.0,554977,python,[JIT],0x0000747c7bf3c7b2
1982339.0,555023,python,[JIT],0x0000769391dd962f
1982339.0,555046,python,[JIT],0x00007af46fad60dc
1982338.0,555035,python,[JIT],0x000074c039e6abb4
1982338.0,554998,python,[JIT],0x00007895552ebaf8
1982337.0,555046,python,[JIT],0x00007af46fad6336
1982323.0,555035,python,[JIT],0x000074c03ae13d05
1982323.0,555023,python,[JIT],0x0000769392438000
1982315.0,555035,python,[JIT],0x000074c039e77950
1982312.0,555009,python,[JIT],0x00007a2d2f460784
1982308.0,555046,python,[JIT],0x00007af46fad046a
1982305.0,555035,python,[JIT],0x000074c039e7f06d
1982301.0,554998,python,[JIT],0x000078955469c528
1982300.0,554977,python,[JIT],0x0000747c7bf3cb80
1982297.0,554984,python,[JIT],0x00007603c144d8fa
1982296.0,554984,python,[JIT],0x00007603c142d538
1982294.0,554998,python,[JIT],0x00007895546a5637
1982293.0,555023,python,[JIT],0x0000769391db7d90
1982289.0,555023,python,[JIT],0x0000769391dcf14c
1982286.0,555035,python,[JIT],0x000074c039e61fc9
1982286.0,555035,python,[JIT],0x000074c039e627bd
1982284.0,554984,python,[JIT],0x00007603c144b710
1982283.0,555023,python,[JIT],0x000076939257b22f
1982281.0,554984,python,[JIT],0x00007603c1448130
1982280.0,555035,python,[JIT],0x000074c039e81504
1982279.0,554998,python,[JIT],0x00007895546a14c2
1982275.0,554998,python,[JIT],0x000078955469b246
1982273.0,554977,python,python,_Py_uop_analyze_and_optimize
1982271.0,555046,python,[JIT],0x00007af47076a58d
1982271.0,554984,python,[JIT],0x00007603c1bceaed
1982268.0,555023,python,[JIT],0x0000769391dd12b4
1982268.0,554977,python,[JIT],0x0000747c7bf3938a
1982260.0,554998,python,python,dictitems_iter
1982260.0,555046,python,[JIT],0x00007af47076ab34
1982255.0,554977,python,[JIT],0x0000747c7c1a45e6
1982254.0,555035,python,[JIT],0x000074c039e78c32
1982254.0,555023,python,[JIT],0x0000769391dd5865
1982253.0,555035,python,[JIT],0x000074c039e7837c
1982251.0,554977,python,[JIT],0x0000747c7bf3cce2
1982247.0,554984,python,[JIT],0x00007603c142e5ce
1982242.0,554984,python,[JIT],0x00007603c144b110
1982238.0,554977,python,[JIT],0x0000747c7bf35d2a
1982237.0,554984,python,[JIT],0x00007603c144c23c
1982235.0,555035,python,[JIT],0x000074c039e60c2a
1982233.0,555023,python,python,PyCMethod_New
1982229.0,555035,python,libc.so.6,_int_free
1982228.0,554998,python,[JIT],0x000078955469cd18
1982219.0,554998,python,[JIT],0x00007895546a21f0
1982216.0,555023,python,[JIT],0x0000769391dd096d
1982216.0,555046,python,[JIT],0x00007af46fa9365c
1982215.0,554998,python,[JIT],0x0000789554908e28
1982215.0,554984,python,[JIT],0x00007603c142d276
1982214.0,555046,python,_struct.cpython-316-x86_64-linux-gnu.so,memset@plt
1982213.0,554977,python,[JIT],0x0000747c7bf37f00
1982212.0,555046,python,[JIT],0x00007af47076a930
1982211.0,555035,python,[JIT],0x000074c039e81c30
1982211.0,554977,python,[JIT],0x0000747c7bf36d97
1982208.0,555023,python,[JIT],0x0000769391db7d0f
1982207.0,554998,python,[JIT],0x000078955469bdc7
1982206.0,555035,python,[JIT],0x000074c039e79a4f
1982206.0,555023,python,[JIT],0x000076939203c6b0
1982201.0,555023,python,[JIT],0x0000769391db7a4d
1982197.0,555046,python,[JIT],0x00007af46facbe27
1982196.0,554998,python,_struct.cpython-316-x86_64-linux-gnu.so,PyBytesWriter_GetData@plt
1982196.0,554984,python,[JIT],0x00007603c144c708
1982195.0,555009,python,python,realloc@plt
1982193.0,555035,python,[JIT],0x000074c039e613e3
1982192.0,555046,python,[JIT],0x00007af46fad6e1f
1982189.0,555046,python,[JIT],0x00007af47076a7a5
1982187.0,554998,python,[JIT],0x00007895546a118b
1982186.0,555035,python,[JIT],0x000074c039e7b149
1982184.0,555046,python,python,_Py_BuildMap_StackRefSteal
1982183.0,555046,python,[JIT],0x00007af47076a35f
1982183.0,554998,python,python,find_name_in_mro
1982182.0,555023,python,[JIT],0x0000769391dcf7da
1982182.0,555046,python,[JIT],0x00007af46fad7c18
1982181.0,555046,python,[JIT],0x00007af46fab93c3
1982178.0,554998,python,[JIT],0x00007895546a2c0c
1982177.0,554977,python,[JIT],0x0000747c7bf35c8f
1982177.0,554977,python,[JIT],0x0000747c7d0cd000
1982174.0,554977,python,[JIT],0x0000747c7bf3fe71
1982173.0,555046,python,[JIT],0x00007af47076ae4d
1982172.0,554998,python,[JIT],0x00007895546a44aa
1982170.0,554998,python,[JIT],0x0000789554909578
1982170.0,554998,python,[JIT],0x000078955490991e
1982169.0,555035,python,[JIT],0x000074c039e80493
1982167.0,555023,python,[JIT],0x0000769391dd0027
1982167.0,555046,python,[JIT],0x00007af46fd3d48c
1982164.0,554984,python,[JIT],0x00007603c16b2c46
1982162.0,555023,python,[JIT],0x0000769391dd1a0f
1982161.0,555046,python,[JIT],0x00007af46fad75dc
1982156.0,555023,python,[JIT],0x000076939203cd01
1982154.0,555023,python,[JIT],0x0000769391dd7547
1982153.0,555046,python,[JIT],0x00007af46fac2eca
1982151.0,555023,python,[JIT],0x0000769391dcfd6e
1982151.0,554984,python,python,_PyTypeCache_Lookup
1982151.0,554998,python,[JIT],0x00007895546851ff
1982151.0,554998,python,[JIT],0x000078955469bd30
1982148.0,554984,python,[JIT],0x00007603c1446c88
1982147.0,555046,python,[JIT],0x00007af46fad27cf
1982146.0,554984,python,[JIT],0x00007603c1444ad5
1982144.0,555046,python,[JIT],0x00007af46fad9fff
1982140.0,554977,python,[JIT],0x0000747c7bf37cea
1982132.0,555023,python,[JIT],0x0000769391dcedef
1982131.0,554984,python,[JIT],0x00007603c144d04e
1982128.0,555035,python,[JIT],0x000074c039e775f9
1982127.0,555023,python,[JIT],0x0000769391dcea0a
1982127.0,554984,python,[JIT],0x00007603c144e103
1982125.0,555023,python,python,list_iter
1982123.0,555035,python,[JIT],0x000074c039e7aa93
1982123.0,555035,python,[JIT],0x000074c039e7eeaa
1982122.0,554998,python,[JIT],0x000078955469b14c
1982121.0,555035,python,python,PyObject_GetIter
1982121.0,555023,python,[JIT],0x0000769391db86b3
1982120.0,555035,python,[JIT],0x000074c039e7ef8b
1982120.0,555046,python,[JIT],0x00007af46fad1d5b
1982118.0,555023,python,python,long_vectorcall
1982118.0,554998,python,[JIT],0x000078955531683d
1982114.0,554977,python,[JIT],0x0000747c7bf3cb2a
1982112.0,555046,python,[JIT],0x00007af46fad1486
1982111.0,555046,python,[JIT],0x00007af46fad8f8a
1982109.0,555035,python,[JIT],0x000074c03a0e62f3
1982107.0,554977,python,[JIT],0x0000747c7bf3d276
1982102.0,555009,python,[JIT],0x00007a2d2f4505a4
1982099.0,554977,python,python,PyBool_FromLong
1982096.0,555035,python,[JIT],0x000074c039e82156
1982096.0,555023,python,[JIT],0x0000769391dc2702
1982096.0,554998,python,[JIT],0x00007895546a1825
1982095.0,554998,python,[JIT],0x00007895553167e4
1982094.0,555035,python,[JIT],0x000074c03ae132b8
1982092.0,555046,python,[JIT],0x00007af46fab9796
1982092.0,555046,python,[JIT],0x00007af46fad16a7
1982089.0,554998,python,[JIT],0x000078955469d685
1982089.0,554998,python,[JIT],0x00007895546a223c
1982086.0,554998,python,[JIT],0x00007895546a235e
1982082.0,555035,python,[JIT],0x000074c03ae13794
1982081.0,555046,python,[JIT],0x00007af46fac2000
1982079.0,554977,python,python,PyObject_IsInstance
1982078.0,554977,python,[JIT],0x0000747c7bf3c7d0
1982075.0,555046,python,python,_PyObject_VectorcallPrepend
1982071.0,554977,python,[JIT],0x0000747c7c1a3d06
1982070.0,554984,python,[JIT],0x00007603c144f393
1982069.0,555035,python,[JIT],0x000074c03ae13494
1982069.0,555046,python,[JIT],0x00007af47076afd3
1982067.0,555023,python,python,siphash13
1982067.0,555046,python,[JIT],0x00007af46fad2584
1982066.0,555035,python,[JIT],0x000074c039e77855
1982066.0,554998,python,[JIT],0x00007895553332f2
1982066.0,554984,python,[JIT],0x00007603c144d006
1982062.0,555035,python,[JIT],0x000074c039e7fbde
1982061.0,554984,python,[JIT],0x00007603c144da14
1982058.0,555035,python,[JIT],0x000074c03a0e50ce
1982056.0,555023,python,[JIT],0x0000769391dd67fc
1982056.0,554984,python,[JIT],0x00007603c16b6252
1982055.0,554977,python,[JIT],0x0000747c7bf1e3ec
1982055.0,554977,python,[JIT],0x0000747c7bf3fa69
1982054.0,555035,python,[JIT],0x000074c039e6ae5c
1982053.0,555035,python,[JIT],0x000074c039e7e59a
1982053.0,554984,python,[JIT],0x00007603c144647a
1982050.0,555009,python,[JIT],0x00007a2d2f46471f
1982047.0,555035,python,[JIT],0x000074c039e66b96
1982047.0,555046,python,[JIT],0x00007af46fad8296
1982047.0,554977,python,[JIT],0x0000747c7bf369a6
1982046.0,555046,python,[JIT],0x00007af46fd3e0ab
1982046.0,554984,python,[JIT],0x00007603c144f467
1982045.0,555035,python,[JIT],0x000074c039e613c3
1982042.0,555023,python,[JIT],0x0000769391db9851
1982042.0,555046,python,[JIT],0x00007af46fd3e9f4
1982039.0,554977,python,[JIT],0x0000747c7bf37486
1982038.0,555023,python,[JIT],0x0000769391dd95bf
1982037.0,554998,python,[JIT],0x00007895546a1165
1982037.0,554984,python,[JIT],0x00007603c1432a7f
1982037.0,554984,python,[JIT],0x00007603c1448006
1982036.0,554984,python,[JIT],0x00007603c14454c7
1982034.0,554984,python,python,getset_get
1982034.0,554984,python,[JIT],0x00007603c144618e
1982033.0,554977,python,python,_Py_BuildMap_StackRefSteal
1982031.0,554984,python,[JIT],0x00007603c144b6af
1982027.0,555009,python,python,listiter_dealloc
1982027.0,555009,python,[JIT],0x00007a2d2f45de46
1982026.0,555046,python,[JIT],0x00007af46fad6410
1982024.0,555035,python,[JIT],0x000074c039e7eee8
1982024.0,554984,python,[JIT],0x00007603c1444967
1982022.0,555009,python,[JIT],0x00007a2d2f4610ee
1982021.0,555046,python,python,PyDict_Next
1982020.0,554977,python,[JIT],0x0000747c7bf392f2
1982019.0,555046,python,[JIT],0x00007af46fad0e4f
1982018.0,555023,python,[JIT],0x000076939257b578
1982017.0,554984,python,[JIT],0x00007603c1bce30f
1982011.0,554977,python,[JIT],0x0000747c7bf237db
1982010.0,554977,python,[JIT],0x0000747c7bf3528f
1982009.0,554998,python,[JIT],0x0000789555316866
1982009.0,555009,python,[JIT],0x00007a2d2f464d62
1982006.0,555035,python,[JIT],0x000074c039e7f08e
1982006.0,555023,python,libc.so.6,_int_free
1982004.0,554977,python,[JIT],0x0000747c7bf390e6
1982003.0,554977,python,[JIT],0x0000747c7bf35fd6
1982003.0,554984,python,[JIT],0x00007603c144c54c
1982002.0,555046,python,[JIT],0x00007af46fad6d13
1981999.0,555035,python,[JIT],0x000074c039e737f5
1981997.0,554977,python,python,_Py_type_getattro_stackref
1981996.0,554977,python,[JIT],0x0000747c7bf1e114
1981992.0,555023,python,[JIT],0x0000769391dd944c
1981989.0,554984,python,[JIT],0x00007603c1411000
1981989.0,554984,python,[JIT],0x00007603c1432b62
1981988.0,554998,python,[JIT],0x0000789554909209
1981985.0,555035,python,[JIT],0x000074c03a0e5ff0
1981985.0,555023,python,[JIT],0x0000769391dd536b
1981984.0,554977,python,[JIT],0x0000747c7bf3c495
1981982.0,555035,python,[JIT],0x000074c039e79dd5
1981975.0,554984,python,python,PyObject_Free
1981971.0,554998,python,[JIT],0x000078955490996f
1981970.0,555023,python,[JIT],0x0000769391dd6504
1981970.0,554977,python,[kernel.kallsyms],sync_regs
1981969.0,554977,python,[JIT],0x0000747c7bf37184
1981967.0,555035,python,python,PyType_IsSubtype
1981966.0,555046,python,[JIT],0x00007af46facfe6f
1981961.0,555046,python,python,batched_next
1981961.0,555046,python,[JIT],0x00007af46fad9541
1981960.0,555035,python,[JIT],0x000074c039e7adcb
1981960.0,554977,python,[JIT],0x0000747c7c1a36c4
1981957.0,555023,python,[JIT],0x0000769391dcf131
1981955.0,554984,python,[JIT],0x00007603c144e1f4
1981954.0,554977,python,[JIT],0x0000747c7bf1e3e1
1981953.0,555035,python,[JIT],0x000074c039e7e66d
1981950.0,555046,python,[JIT],0x00007af46facf5fc
1981948.0,555035,python,python,PyList_New
1981948.0,555046,python,python,find_name_in_mro
1981944.0,555046,python,[JIT],0x00007af470a1310c
1981943.0,554977,python,libc.so.6,memcpy@@GLIBC_2.14@plt
1981940.0,555023,python,[JIT],0x0000769391dd1fe7
1981937.0,554977,python,libc.so.6,__memcmp_avx2_movbe
1981936.0,555023,python,[JIT],0x0000769391dd6b8c
1981933.0,555023,python,[JIT],0x0000769391dd80b0
1981931.0,555035,python,[JIT],0x000074c039e74846
1981930.0,554977,python,[kernel.kallsyms],nohz_balancer_kick
1981927.0,555009,python,[JIT],0x00007a2d2f6c740a
1981927.0,554977,python,[JIT],0x0000747c7c5c4726
1981925.0,554977,python,[JIT],0x0000747c7bf1e726
1981922.0,555035,python,[JIT],0x000074c039e78220
1981921.0,555023,python,[JIT],0x0000769391d76ad5
1981921.0,555046,python,[JIT],0x00007af46fad756d
1981918.0,555046,python,[JIT],0x00007af47074c00a
1981917.0,554977,python,[JIT],0x0000747c7bf38cf9
1981914.0,555023,python,[JIT],0x000076939203d9d8
1981914.0,555009,python,[JIT],0x00007a2d2f6cf25c
1981912.0,554998,python,[JIT],0x000078955469bc8d
1981910.0,555035,python,python,_Py_hashtable_get_entry_generic
1981910.0,555046,python,[JIT],0x00007af46fad2e61
1981906.0,555023,python,[JIT],0x0000769391dbe8d2
1981906.0,554984,python,python,PyUnicode_RichCompare
1981902.0,554984,python,[JIT],0x00007603c16b262d
1981899.0,555046,python,[JIT],0x00007af46fad687b
1981898.0,555035,python,[JIT],0x000074c03a4f8a5a
1981896.0,555046,python,[JIT],0x00007af46fad7152
1981896.0,554977,python,[JIT],0x0000747c7bf1effb
1981890.0,554977,python,[JIT],0x0000747c7bf3cade
1981889.0,555035,python,[JIT],0x000074c039e771cc
1981889.0,554998,python,[JIT],0x00007895546a10dc
1981889.0,554984,python,[JIT],0x00007603c144c555
1981887.0,555035,python,[JIT],0x000074c039e7f13d
1981885.0,555035,python,[JIT],0x000074c039e77e46
1981884.0,554977,python,[JIT],0x0000747c7bf3cee8
1981882.0,554984,python,python,batched_new
1981881.0,554977,python,[JIT],0x0000747c7bf3792d
1981880.0,555023,python,python,_PyObject_InitInlineValues
1981880.0,554998,python,[JIT],0x000078955469d32d
1981879.0,555035,python,python,PyObject_Realloc
1981876.0,555035,python,[JIT],0x000074c039e7efb9
1981875.0,555046,python,[JIT],0x00007af46fd3d393
1981875.0,555009,python,[JIT],0x00007a2d2f6c9fd3
1981874.0,555035,python,[JIT],0x000074c039e7ff6d
1981874.0,554977,python,[JIT],0x0000747c7bf37b46
1981872.0,555046,python,[JIT],0x00007af46fad212c
1981871.0,555046,python,[JIT],0x00007af46fad6f8b
1981869.0,555023,python,[JIT],0x0000769391db8152
1981869.0,554984,python,[JIT],0x00007603c144e551
1981866.0,554998,python,[JIT],0x00007895546a382d
1981863.0,554998,python,[JIT],0x00007895546a296b
1981863.0,554977,python,[JIT],0x0000747c7bf288f8
1981862.0,554977,python,[JIT],0x0000747c7bf32486
1981861.0,554977,python,python,long_vectorcall
1981860.0,555023,python,[JIT],0x0000769391dc235b
1981853.0,554984,python,[JIT],0x00007603c142ec9b
1981852.0,554998,python,[JIT],0x000078955469e167
1981852.0,554984,python,[JIT],0x00007603c14442b1
1981851.0,555009,python,[JIT],0x00007a2d2f464d77
1981850.0,555046,python,[JIT],0x00007af46fab9b32
1981849.0,554977,python,[JIT],0x0000747c7bf3c7a5
1981847.0,555046,python,[JIT],0x00007af46fad3057
1981845.0,555046,python,[JIT],0x00007af46fa6a4cf
1981842.0,554998,python,[JIT],0x000078955469c645
1981841.0,555035,python,[JIT],0x000074c039e77c87
1981834.0,555035,python,[JIT],0x000074c03ae138ab
1981832.0,555046,python,[JIT],0x00007af46fad7c6a
1981830.0,555035,python,[JIT],0x000074c039e67e08
1981830.0,554977,python,[JIT],0x0000747c7bf3cfdd
1981830.0,554977,python,[JIT],0x0000747c7bf3d88f
1981829.0,554977,python,[JIT],0x0000747c7bf309af
1981827.0,555035,python,[JIT],0x000074c03a0e50a3
1981824.0,554998,python,[JIT],0x000078955469df08
1981824.0,554977,python,[JIT],0x0000747c7bf3ebb4
1981822.0,555023,python,[JIT],0x0000769391dd8aa4
1981818.0,554984,python,[JIT],0x00007603c142d9ae
1981818.0,554984,python,[JIT],0x00007603c142f629
1981817.0,555023,python,[JIT],0x000076939257bbe2
1981816.0,554977,python,[JIT],0x0000747c7c5c4ad8
1981811.0,554998,python,[JIT],0x00007895546a5827
1981810.0,554977,python,[JIT],0x0000747c7bf302d8
1981807.0,554984,python,[JIT],0x00007603c144691d
1981806.0,555023,python,[JIT],0x0000769391dd6178
1981806.0,554977,python,python,_PyOptimizer_Optimize
1981806.0,554984,python,[JIT],0x00007603c144d0d6
1981802.0,554977,python,python,unicode_decode_utf8.part.0
1981801.0,554977,python,[JIT],0x0000747c7bf40003
1981801.0,554984,python,[JIT],0x00007603c144d39e
1981794.0,555023,python,[JIT],0x000076939203d209
1981790.0,554984,python,[JIT],0x00007603c144b1e9
1981790.0,554984,python,[JIT],0x00007603c144c180
1981789.0,554984,python,[JIT],0x00007603c16b2eb7
1981786.0,554984,python,[JIT],0x00007603c144450e
1981785.0,555035,python,python,_PyEval_Vector
1981782.0,555035,python,[JIT],0x000074c03a0e649b
1981782.0,555023,python,[JIT],0x000076939203c199
1981782.0,554998,python,[JIT],0x00007895546a12eb
1981780.0,555023,python,[JIT],0x0000769391d9b89b
1981780.0,554998,python,[JIT],0x000078955469ccad
1981778.0,554998,python,[JIT],0x00007895546a153d
1981778.0,554984,python,[JIT],0x00007603c1433d4a
1981773.0,555009,python,[JIT],0x00007a2d2f464af4
1981773.0,555046,python,python,PyUnicode_RichCompare
1981772.0,555046,python,[JIT],0x00007af46fada11e
1981771.0,554984,python,[JIT],0x00007603c144b4a7
1981768.0,555023,python,[JIT],0x000076939257b076
1981767.0,554984,python,_struct.cpython-316-x86_64-linux-gnu.so,PyLong_AsLong@plt
1981766.0,554984,python,[JIT],0x00007603c142f268
1981759.0,555046,python,[JIT],0x00007af46fad1abd
1981759.0,555046,python,[JIT],0x00007af46fad6fca
1981754.0,555035,python,libc.so.6,realloc
1981754.0,555046,python,[JIT],0x00007af46fd3e599
1981748.0,555035,python,[JIT],0x000074c03a0e65e2
1981747.0,554977,python,[JIT],0x0000747c7c1a4739
1981745.0,554984,python,[JIT],0x00007603c14413b2
1981743.0,554998,python,[JIT],0x000078955469a29a
1981742.0,555009,python,[JIT],0x00007a2d2f4592ca
1981742.0,554977,python,[JIT],0x0000747c7bf3c9bf
1981738.0,555035,python,[JIT],0x000074c039e7fb94
1981737.0,554984,python,[JIT],0x00007603c1bce951
1981736.0,555035,python,[JIT],0x000074c039e816fb
1981735.0,555023,python,[JIT],0x000076939203d3b2
1981734.0,555009,python,[JIT],0x00007a2d2f46539d
1981730.0,554984,python,python,method_dealloc
1981729.0,555046,python,[JIT],0x00007af46fad1bcf
1981725.0,555009,python,[JIT],0x00007a2d2f460e52
1981719.0,554977,python,[JIT],0x0000747c7bf3c825
1981718.0,555009,python,[JIT],0x00007a2d2f4485d8
1981715.0,554998,python,[JIT],0x000078955468886e
1981707.0,554984,python,[JIT],0x00007603c144b0ad
1981703.0,554998,python,[JIT],0x00007895546a57a2
1981698.0,554977,python,[JIT],0x0000747c7bf3d7fc
1981685.0,555009,python,[JIT],0x00007a2d2f45eab8
1981680.0,555035,python,[JIT],0x000074c039e7f1bb
1981678.0,554977,python,[JIT],0x0000747c7bf37d53
1981675.0,554998,python,[JIT],0x000078955469d4ca
1981675.0,554977,python,[JIT],0x0000747c7bf3c0ce
1981675.0,554977,python,[JIT],0x0000747c7c1a3317
1981674.0,554998,python,[JIT],0x0000789555316112
1981672.0,554998,python,[JIT],0x000078955469ced5
1981671.0,555035,python,[JIT],0x000074c039e7ff30
1981671.0,554977,python,[kernel.kallsyms],cgroup_rstat_updated
1981670.0,554998,python,[JIT],0x00007895546a33f8
1981670.0,554977,python,[kernel.kallsyms],ktime_get_update_offsets_now
1981669.0,554998,python,[JIT],0x000078955469b27a
1981664.0,555023,python,[JIT],0x0000769391dd614e
1981662.0,555023,python,[JIT],0x000076939245db20
1981662.0,554998,python,[JIT],0x000078955490881d
1981656.0,555023,python,[JIT],0x0000769391dd816c
1981654.0,554984,python,[JIT],0x00007603c142fafc
1981651.0,554998,python,[JIT],0x00007895546842b0
1981649.0,554977,python,[JIT],0x0000747c7bf3c9bb
1981640.0,555046,python,[JIT],0x00007af46fad91bd
1981639.0,555009,python,[JIT],0x00007a2d2f6cc2ab
1981638.0,555023,python,libc.so.6,__memcmp_avx2_movbe
1981635.0,554984,python,[JIT],0x00007603c14457b4
1981633.0,555023,python,python,_Py_CheckFunctionResult
1981626.0,554998,python,python,PyDict_Next
1981624.0,554984,python,[JIT],0x00007603c144c7fc
1981623.0,555023,python,[JIT],0x00007693920403ef
1981623.0,555046,python,[JIT],0x00007af470c6b000
1981620.0,554977,python,[JIT],0x0000747c7c1a42fc
1981617.0,554977,python,python,object_new
1981608.0,554977,python,[JIT],0x0000747c7c1a3d78
1981600.0,555035,python,[JIT],0x000074c039e80997
1981600.0,555009,python,[JIT],0x00007a2d2f467d31
1981600.0,554977,python,[JIT],0x0000747c7bf3cc19
1981600.0,554977,python,[JIT],0x0000747c7c5c48d5
1981599.0,555046,python,[JIT],0x00007af46fad2ce8
1981597.0,555023,python,python,bytes_length
1981597.0,554998,python,[JIT],0x00007895546898b8
1981597.0,554977,python,[JIT],0x0000747c7c1a4910
1981596.0,555035,python,[JIT],0x000074c039e7fc04
1981595.0,555035,python,[JIT],0x000074c039e7aa0f
1981595.0,555046,python,python,_PyInterpreterState_GetConfig
1981594.0,554998,python,[kernel.kallsyms],__irqentry_text_end
1981592.0,555009,python,[JIT],0x00007a2d2f460be1
1981591.0,555009,python,[JIT],0x00007a2d2f4651cf
1981587.0,555046,python,[JIT],0x00007af46fad0c67
1981586.0,555023,python,[JIT],0x0000769391dcf38e
1981586.0,554998,python,[JIT],0x0000789555316dac
1981585.0,555023,python,[JIT],0x0000769391dd6db8
1981585.0,554998,python,[JIT],0x00007895546a1d89
1981583.0,555035,python,[JIT],0x000074c039e796a7
1981582.0,554998,python,[JIT],0x00007895546a194f
1981581.0,554977,python,python,listiter_dealloc
1981579.0,554977,python,[JIT],0x0000747c7bf3da07
1981572.0,554998,python,[JIT],0x0000789554908d7e
1981570.0,555046,python,[JIT],0x00007af46fad9946
1981564.0,554977,python,[JIT],0x0000747c7bf37e25
1981561.0,555035,python,[JIT],0x000074c039e6104c
1981559.0,554984,python,[JIT],0x00007603c143f825
1981558.0,554977,python,[JIT],0x0000747c7bf1e0cf
1981554.0,555023,python,[JIT],0x0000769391dd0c90
1981554.0,555046,python,[JIT],0x00007af470a13000
1981554.0,554984,python,[JIT],0x00007603c144c003
1981552.0,555009,python,[JIT],0x00007a2d2f466859
1981551.0,555009,python,python,_PyDict_FromItems
1981550.0,555046,python,[JIT],0x00007af46fd3d69d
1981548.0,554984,python,[JIT],0x00007603c1434819
1981547.0,554998,python,[JIT],0x00007895546a1c97
1981542.0,554998,python,[JIT],0x0000789554908ab1
1981540.0,555035,python,_struct.cpython-316-x86_64-linux-gnu.so,pack
1981537.0,555009,python,[JIT],0x00007a2d2f461139
1981537.0,555046,python,[JIT],0x00007af46fad9a9b
1981536.0,554998,python,[JIT],0x00007895549095ae
1981534.0,555009,python,[JIT],0x00007a2d2f446cc7
1981533.0,555009,python,_struct.cpython-316-x86_64-linux-gnu.so,PyBytesWriter_FinishWithSize@plt
1981527.0,554984,python,[JIT],0x00007603c1432dcf
1981525.0,554977,python,[JIT],0x0000747c7c5c4ab4
1981521.0,555009,python,[JIT],0x00007a2d2f4674bf
1981514.0,555035,python,[JIT],0x000074c039e81baa
1981513.0,555009,python,[JIT],0x00007a2d2f6cbe3d
1981513.0,554977,python,[JIT],0x0000747c7bf3ccb6
1981509.0,555009,python,python,PyCallable_Check
1981506.0,555023,python,[JIT],0x0000769391dbc5d9
1981506.0,554998,python,[JIT],0x000078955490842a
1981506.0,555009,python,[JIT],0x00007a2d2f464940
1981506.0,554984,python,python,bytesiobuf_getbuffer
1981501.0,555035,python,[JIT],0x000074c039e7e212
1981500.0,555046,python,[JIT],0x00007af46fabd124
1981496.0,554984,python,[JIT],0x00007603c144e056
1981495.0,554977,python,[JIT],0x0000747c7bf3801d
1981494.0,555046,python,[JIT],0x00007af46fab935f
1981494.0,554977,python,[JIT],0x0000747c7bf1e224
1981493.0,554977,python,[JIT],0x0000747c7c1a3a84
1981491.0,555046,python,[JIT],0x00007af46fd3d6ac
1981491.0,554977,python,[JIT],0x0000747c7bf38f29
1981489.0,555046,python,[JIT],0x00007af46fad20c0
1981488.0,554998,python,[JIT],0x0000789554683957
1981487.0,555023,python,[JIT],0x000076939203c6dd
1981474.0,554984,python,[JIT],0x00007603c1bce472
1981466.0,555023,python,[JIT],0x000076939257bfb5
1981466.0,554984,python,[JIT],0x00007603c1bcee83
1981463.0,555035,python,[JIT],0x000074c039e7a4af
1981463.0,555009,python,[JIT],0x00007a2d2f45dadf
1981463.0,555009,python,[JIT],0x00007a2d2f6c9cb5
1981460.0,554998,python,[JIT],0x000078955468a1ad
1981459.0,554984,python,[JIT],0x00007603c144e309
1981458.0,554977,python,[JIT],0x0000747c7bf1fb2a
1981458.0,554984,python,[JIT],0x00007603c14481e6
1981452.0,555046,python,[JIT],0x00007af46fad0f9a
1981448.0,554998,python,[JIT],0x00007895546883e1
1981446.0,554984,python,[JIT],0x00007603c144c6d3
1981445.0,555035,python,[JIT],0x000074c039e7f51c
1981443.0,554977,python,[JIT],0x0000747c7c1a3263
1981442.0,554998,python,[JIT],0x00007895553160a3
1981442.0,554984,python,[JIT],0x00007603c1444f50
1981440.0,555046,python,[JIT],0x00007af46fa7c914
1981434.0,554998,python,[JIT],0x000078955469e134
1981434.0,554977,python,[JIT],0x0000747c7bf3c834
1981432.0,554998,python,python,mbuf_add_view
1981432.0,555046,python,[JIT],0x00007af47076ad05
1981432.0,554984,python,[JIT],0x00007603c14450dc
1981430.0,555046,python,[JIT],0x00007af46fd3e631
1981428.0,554998,python,[JIT],0x000078955468ab18
1981423.0,554977,python,[JIT],0x0000747c7bf3c8fc
1981422.0,554977,python,[JIT],0x0000747c7bf1ec3b
1981419.0,554977,python,[JIT],0x0000747c7bf37376
1981413.0,555009,python,[kernel.kallsyms],error_entry
1981410.0,554998,python,[JIT],0x00007895546a231a
1981406.0,555046,python,[JIT],0x00007af46fab8fa7
1981403.0,555023,python,[JIT],0x0000769391db94fb
1981403.0,555009,python,[JIT],0x00007a2d2f46877d
1981402.0,554977,python,[JIT],0x0000747c7c5c4dac
1981399.0,555009,python,[JIT],0x00007a2d2f46009b
1981398.0,554998,python,python,_PyCompactLong_Add
1981396.0,554984,python,[JIT],0x00007603c144d444
1981393.0,554984,python,[JIT],0x00007603c142e95e
1981392.0,554984,python,python,dictkeys_decref.part.0.constprop.0
1981390.0,555023,python,[JIT],0x0000769391dd66a0
1981390.0,554977,python,[JIT],0x0000747c7bf3fcbf
1981388.0,555009,python,[JIT],0x00007a2d2f45dc5a
1981388.0,555009,python,[JIT],0x00007a2d2f46073c
1981388.0,554977,python,[JIT],0x0000747c7bf36161
1981384.0,555046,python,[JIT],0x00007af46fad2028
1981384.0,555046,python,[JIT],0x00007af46fd3d9b9
1981382.0,554977,python,[JIT],0x0000747c7bf3d28a
1981381.0,555023,python,python,strrchr@plt
1981380.0,554977,python,python,_io_BytesIO___init__
1981376.0,555023,python,[JIT],0x000076939203cab1
1981376.0,554977,python,[JIT],0x0000747c7bf3cb38
1981375.0,554998,python,[JIT],0x00007895546a213d
1981372.0,554998,python,[JIT],0x000078955468592e
1981372.0,554984,python,python,tuple_iter
1981372.0,554984,python,[JIT],0x00007603c144c742
1981371.0,554984,python,[JIT],0x00007603c1432b2c
1981370.0,555035,python,[JIT],0x000074c039e7e857
1981369.0,555046,python,[JIT],0x00007af46fad02ea
1981369.0,554977,python,[kernel.kallsyms],hrtimer_forward
1981368.0,555009,python,[JIT],0x00007a2d2f467fb9
1981367.0,555023,python,[JIT],0x0000769392e144f2
1981361.0,554984,python,[JIT],0x00007603c14380bd
1981360.0,555046,python,python,unicode_dealloc
1981355.0,554977,python,[JIT],0x0000747c7bf40303
1981351.0,555046,python,python,PyObject_IsInstance
1981349.0,554984,python,[JIT],0x00007603c142f0e1
1981347.0,555035,python,[JIT],0x000074c039e6779d
1981345.0,554977,python,[kernel.kallsyms],update_cfs_group
1981343.0,554998,python,[JIT],0x0000789554685234
1981339.0,555046,python,[JIT],0x00007af46fad971f
1981337.0,554984,python,[JIT],0x00007603c14453d4
1981336.0,555046,python,[JIT],0x00007af47076a139
1981330.0,555009,python,[JIT],0x00007a2d2f46431f
1981330.0,554977,python,[JIT],0x0000747c7bf352b4
1981327.0,555046,python,[JIT],0x00007af46fabeeef
1981323.0,554977,python,[JIT],0x0000747c7c5c416d
1981322.0,554998,python,[JIT],0x000078955469bdbf
1981320.0,554977,python,python,enum_dealloc
1981320.0,554977,python,[JIT],0x0000747c7bf3f58d
1981318.0,554984,python,[JIT],0x00007603c1432cfa
1981317.0,554977,python,[JIT],0x0000747c7c1a34fd
1981315.0,555046,python,python,method_get
1981312.0,554977,python,[JIT],0x0000747c7bf1e271
1981311.0,554998,python,[JIT],0x0000789554688dcf
1981309.0,555009,python,[JIT],0x00007a2d2f466fba
1981308.0,554984,python,[JIT],0x00007603c1bceb4c
1981307.0,555035,python,[JIT],0x000074c039e61ccd
1981302.0,555023,python,[JIT],0x000076939203c7a2
1981298.0,554977,python,[JIT],0x0000747c7bf127fb
1981295.0,554984,python,[JIT],0x00007603c142e962
1981292.0,554977,python,python,list_iter
1981288.0,554998,python,[JIT],0x00007895546a4668
1981282.0,555023,python,[JIT],0x000076939203d2c6
1981278.0,554998,python,python,builtin_id
1981274.0,555009,python,[JIT],0x00007a2d2f4482f3
1981260.0,555009,python,[JIT],0x00007a2d2f447f6b
1981260.0,554977,python,python,dict_length
1981258.0,554998,python,[JIT],0x00007895546893b4
1981257.0,555046,python,[JIT],0x00007af46fd3dc0b
1981255.0,555035,python,[JIT],0x000074c039e61080
1981254.0,554977,python,[JIT],0x0000747c7bf353a8
1981250.0,554977,python,[JIT],0x0000747c7bf3e5a5
1981248.0,554984,python,python,PyDict_Next
1981247.0,554977,python,[JIT],0x0000747c7bef6052
1981241.0,555009,python,[JIT],0x00007a2d2f6c9aab
1981240.0,555009,python,[JIT],0x00007a2d2f45f506
1981239.0,554977,python,[JIT],0x0000747c7bf3e309
1981237.0,554984,python,[JIT],0x00007603c1447f08
1981235.0,554998,python,[JIT],0x000078955469d8f8
1981234.0,554984,python,python,_io_BytesIO___init__
1981231.0,555009,python,python,find_name_in_mro
1981222.0,554984,python,[JIT],0x00007603c144d62a
1981214.0,554977,python,[JIT],0x0000747c7bf3ec00
1981211.0,554998,python,[JIT],0x0000789554908d06
1981205.0,554998,python,[JIT],0x0000789554688b2c
1981199.0,555023,python,[JIT],0x0000769391dd5183
1981194.0,555023,python,[JIT],0x0000769391dd9759
1981188.0,555009,python,[JIT],0x00007a2d2f46060d
1981185.0,554984,python,[JIT],0x00007603c1446816
1981184.0,555046,python,[JIT],0x00007af46fad6734
1981183.0,555009,python,[JIT],0x00007a2d2f45d5f2
1981180.0,555035,python,python,unicode_dealloc
1981177.0,555009,python,[JIT],0x00007a2d2f4674aa
1981163.0,554984,python,[JIT],0x00007603c1446ff9
1981157.0,555009,python,[JIT],0x00007a2d2f46880e
1981155.0,555035,python,[JIT],0x000074c039e81312
1981150.0,555009,python,python,_PyUnicode_Equal
1981138.0,555035,python,[JIT],0x000074c039e80c4b
1981138.0,555009,python,[JIT],0x00007a2d2f6cba52
1981131.0,555009,python,[JIT],0x00007a2d2f46404c
1981126.0,554977,python,[JIT],0x0000747c7bf3699d
1981117.0,555023,python,[JIT],0x0000769391dd7b06
1981116.0,554977,python,[JIT],0x0000747c7bf38b1c
1981114.0,555009,python,[JIT],0x00007a2d2f6cb974
1981113.0,555035,python,[JIT],0x000074c03a0e653a
1981111.0,555035,python,[JIT],0x000074c03ae132e0
1981104.0,554977,python,[JIT],0x0000747c7bf352ff
1981099.0,555009,python,[JIT],0x00007a2d2f46706f
1981090.0,554977,python,[JIT],0x0000747c7bf3f4dd
1981079.0,554977,python,[JIT],0x0000747c7c1a47d3
1981068.0,555035,python,[JIT],0x000074c039e7e2b8
1981066.0,554977,python,[JIT],0x0000747c7c1a7439
1981063.0,554998,python,[JIT],0x0000789554688207
1981059.0,554977,python,[JIT],0x0000747c7d0cd023
1981058.0,555035,python,[JIT],0x000074c039e621e4
1981056.0,555009,python,[JIT],0x00007a2d2f44b8f0
1981056.0,555009,python,[JIT],0x00007a2d2f45e131
1981055.0,555009,python,[JIT],0x00007a2d2f464e7c
1981054.0,554977,python,[JIT],0x0000747c7bf1e31b
1981048.0,555023,python,[JIT],0x0000769391dd763f
1981048.0,555009,python,[JIT],0x00007a2d2f6cec27
1981043.0,554977,python,python,PyMem_Free
1981037.0,555023,python,[JIT],0x0000769391d8554a
1981033.0,554977,python,[JIT],0x0000747c7bf2376b
1981031.0,555009,python,[JIT],0x00007a2d2f45d855
1981027.0,555023,python,[JIT],0x0000769391dd5984
1981023.0,554998,python,[JIT],0x00007895546836fb
1981016.0,555009,python,[JIT],0x00007a2d2f45d086
1981013.0,555009,python,[JIT],0x00007a2d2f45eb72
1981008.0,554998,python,[JIT],0x000078955469661c
1981001.0,555009,python,[JIT],0x00007a2d2f6c9987
1980988.0,555023,python,[JIT],0x0000769391dd5fa8
1980987.0,555046,python,[JIT],0x00007af46fd3d3d7
1980971.0,555046,python,[JIT],0x00007af46fad065f
1980964.0,554998,python,python,bytesiobuf_releasebuffer
1980957.0,554998,python,[JIT],0x0000789554908b2e
1980954.0,555023,python,[JIT],0x0000769391dd5b23
1980948.0,555009,python,[JIT],0x00007a2d2f464f6e
1980946.0,554977,python,python,_PyLong_AsByteArray
1980940.0,554984,python,[JIT],0x00007603c144c35e
1980932.0,555009,python,python,method_vectorcall_FASTCALL_KEYWORDS_METHOD
1980926.0,555009,python,[JIT],0x00007a2d2f447fff
1980918.0,555035,python,[JIT],0x000074c03ae13578
1980918.0,555023,python,libc.so.6,_int_free_maybe_consolidate
1980912.0,554984,python,[JIT],0x00007603c144b813
1980909.0,555023,python,[JIT],0x0000769391dd2029
1980909.0,555009,python,[JIT],0x00007a2d2f465a96
1980903.0,554984,python,[JIT],0x00007603c142d052
1980899.0,555023,python,[JIT],0x000076939203cb41
1980899.0,555009,python,[JIT],0x00007a2d2f446b49
1980888.0,555035,python,python,PyBytes_FromStringAndSize.constprop.0
1980887.0,555023,python,python,malloc@plt
1980887.0,555023,python,[JIT],0x0000769391dd8056
1980883.0,554977,python,[JIT],0x0000747c7bf3ce31
1980879.0,554998,python,[JIT],0x00007895546a1b26
1980878.0,555009,python,[JIT],0x00007a2d2f465442
1980875.0,554977,python,[kernel.kallsyms],hrtimer_active
1980864.0,555009,python,[JIT],0x00007a2d2f44d8bd
1980863.0,555035,python,python,_PyStaticType_GetState
1980862.0,555023,python,[JIT],0x0000769391dd517b
1980857.0,555046,python,libc.so.6,unlink_chunk.isra.0
1980846.0,555046,python,[JIT],0x00007af46fd3d5c2
1980844.0,555023,python,[JIT],0x000076939203d5e6
1980839.0,554977,python,[JIT],0x0000747c7bf2531e
1980837.0,555009,python,[JIT],0x00007a2d2f460f97
1980818.0,554998,python,[JIT],0x000078955469ae2e
1980818.0,555009,python,[JIT],0x00007a2d2f45d5a3
1980816.0,555009,python,[JIT],0x00007a2d2f4645f0
1980812.0,555046,python,[JIT],0x00007af46fd3ec7d
1980810.0,555009,python,python,method_dealloc
1980794.0,554984,python,[JIT],0x00007603c1444d47
1980793.0,554998,python,[JIT],0x00007895546a11a2
1980790.0,555035,python,python,_PyType_AllocNoTrack
1980789.0,554984,python,[JIT],0x00007603c16b26e1
1980781.0,555023,python,[JIT],0x0000769391d9b677
1980781.0,554977,python,[JIT],0x0000747c7bf36c47
1980778.0,555035,python,[JIT],0x000074c039e7f75e
1980778.0,555023,python,[JIT],0x0000769391db9762
1980768.0,554977,python,[JIT],0x0000747c7bf355f6
1980766.0,554998,python,[JIT],0x000078955468300a
1980756.0,555023,python,[JIT],0x0000769391dab7fb
1980753.0,555035,python,python,_PyObject_GC_New
1980745.0,555046,python,[JIT],0x00007af46fab9aff
1980728.0,554998,python,[JIT],0x00007895546a19b8
1980728.0,554977,python,[JIT],0x0000747c7c1a42ee
1980718.0,555009,python,[JIT],0x00007a2d2f464b44
1980708.0,555009,python,[JIT],0x00007a2d2f464c19
1980703.0,555009,python,[JIT],0x00007a2d2f46678b
1980699.0,554984,python,[JIT],0x00007603c144b4f7
1980693.0,555009,python,[JIT],0x00007a2d2f6cb143
1980689.0,555035,python,python,memcpy@plt
1980683.0,554977,python,[JIT],0x0000747c7c6ce4f2
1980681.0,554977,python,[JIT],0x0000747c7bf3d9bb
1980673.0,555009,python,python,object_new
1980672.0,555009,python,[JIT],0x00007a2d2f45d453
1980669.0,555009,python,[JIT],0x00007a2d2f458c12
1980667.0,554977,python,[kernel.kallsyms],irqentry_exit_to_user_mode
1980666.0,554998,python,[JIT],0x000078955468ab60
1980648.0,555046,python,[JIT],0x00007af47076a772
1980643.0,554998,python,[JIT],0x000078955469d809
1980639.0,555009,python,[JIT],0x00007a2d2f45e9a1
1980634.0,554977,python,[JIT],0x0000747c7c1a3359
1980629.0,554998,python,[JIT],0x000078955469cbe2
1980626.0,555023,python,[JIT],0x000076939203d989
1980626.0,555009,python,[JIT],0x00007a2d2f464f2f
1980618.0,554977,python,[JIT],0x0000747c7c1a3f61
1980617.0,554977,python,[JIT],0x0000747c7bf1fc9b
1980612.0,555023,python,[JIT],0x0000769391dd024d
1980593.0,554977,python,[JIT],0x0000747c7bf25dfe
1980590.0,555035,python,[JIT],0x000074c039e7e4be
1980586.0,555023,python,[JIT],0x000076939257b7bb
1980578.0,555035,python,python,PyErr_Occurred
1980573.0,555009,python,[JIT],0x00007a2d2f466276
1980570.0,554998,python,[JIT],0x00007895546894f2
1980540.0,554998,python,[JIT],0x00007895546a120e
1980532.0,555046,python,[JIT],0x00007af47076aaab
1980527.0,554977,python,[JIT],0x0000747c7bf38dcb
1980512.0,555046,python,[JIT],0x00007af47076ae03
1980508.0,554998,python,[JIT],0x000078955469ccea
1980500.0,554977,python,[JIT],0x0000747c7bf37404
1980500.0,554977,python,[JIT],0x0000747c7bf3e885
1980497.0,555009,python,[JIT],0x00007a2d2f467081
1980491.0,555009,python,[JIT],0x00007a2d2f464141
1980487.0,555009,python,[JIT],0x00007a2d2f4687f1
1980486.0,554998,python,[JIT],0x000078955469bccc
1980480.0,554984,python,[JIT],0x00007603c1446027
1980476.0,555009,python,[JIT],0x00007a2d2f466b7f
1980474.0,554984,python,libc.so.6,memcpy@@GLIBC_2.14@plt
1980473.0,554984,python,[JIT],0x00007603c144662f
1980471.0,555023,python,python,_Py_hashtable_get_entry_generic
1980463.0,554984,python,python,PyObject_CheckBuffer
1980455.0,555046,python,python,PyType_IsSubtype
1980448.0,554998,python,[JIT],0x00007895546a48cc
1980447.0,555009,python,[JIT],0x00007a2d2f45d553
1980439.0,555023,python,python,_Py_CallBuiltinClass_StackRef
1980436.0,554984,python,[JIT],0x00007603c144592c
1980429.0,555009,python,[JIT],0x00007a2d2f460f1b
1980428.0,554977,python,[JIT],0x0000747c7bf3debf
1980375.0,554998,python,_struct.cpython-316-x86_64-linux-gnu.so,memset@plt
1980370.0,554977,python,python,_PyObject_Call_Prepend
1980368.0,555009,python,[JIT],0x00007a2d2f448292
1980366.0,554998,python,[JIT],0x00007895546a4991
1980351.0,554977,python,[JIT],0x0000747c7bf3ed6e
1980349.0,554998,python,[JIT],0x00007895546848d3
1980346.0,555035,python,[JIT],0x000074c039e7af2f
1980346.0,555046,python,[JIT],0x00007af46fad9bdd
1980341.0,555046,python,[JIT],0x00007af46fad3101
1980339.0,554984,python,[JIT],0x00007603c144f4f9
1980338.0,554998,python,[JIT],0x00007895546a304e
1980335.0,554977,python,[JIT],0x0000747c7bf40827
1980329.0,555023,python,[JIT],0x0000769391dd7bee
1980329.0,554998,python,[JIT],0x00007895553167da
1980322.0,555009,python,[JIT],0x00007a2d2f44811b
1980301.0,555009,python,[JIT],0x00007a2d2f4646af
1980280.0,555023,python,[JIT],0x0000769391dc124e
1980278.0,554977,python,[JIT],0x0000747c7bf1e0ba
1980277.0,555035,python,python,PyLong_AsSsize_t
1980274.0,554998,python,[JIT],0x0000789554684148
1980273.0,554984,python,[JIT],0x00007603c144d687
1980240.0,555046,python,[JIT],0x00007af46fad6fd3
1980237.0,555046,python,[JIT],0x00007af46fad250f
1980222.0,554998,python,[JIT],0x00007895558316fd
1980215.0,555023,python,[JIT],0x0000769391dd54ef
1980215.0,555009,python,[JIT],0x00007a2d2f447bbb
1980201.0,555035,python,[JIT],0x000074c039e7f186
1980201.0,554977,python,[JIT],0x0000747c7bf237c0
1980199.0,554977,python,[JIT],0x0000747c7c1a3806
1980197.0,554998,python,[JIT],0x000078955531600a
1980190.0,554977,python,[JIT],0x0000747c7bf3529a
1980189.0,554984,python,python,_PyCallMethodDescriptorFastWithKeywords_StackRef
1980181.0,555046,python,[JIT],0x00007af46fad64a7
1980159.0,554998,python,[JIT],0x00007895546a4741
1980152.0,554977,python,python,pysiphash
1980140.0,555023,python,[JIT],0x0000769391dce970
1980133.0,555046,python,[JIT],0x00007af46fad32eb
1980131.0,554998,python,[JIT],0x00007895546894bc
1980116.0,555023,python,[JIT],0x0000769391dd5165
1980098.0,554998,python,[JIT],0x0000789554684b32
1980080.0,554977,python,python,_PyObject_VectorcallPrepend
1980058.0,554998,python,[JIT],0x000078955468de5c
1980053.0,555035,python,[JIT],0x000074c03a0e6081
1980037.0,555035,python,[JIT],0x000074c03a0e62fe
1980032.0,554984,python,_struct.cpython-316-x86_64-linux-gnu.so,PyBytesWriter_Create@plt
1980031.0,555035,python,[JIT],0x000074c039e82168
1980024.0,555009,python,python,slot_tp_init
1980015.0,555009,python,[JIT],0x00007a2d2f46460c
1980013.0,555009,python,[JIT],0x00007a2d2f468457
1980009.0,555023,python,_struct.cpython-316-x86_64-linux-gnu.so,PyDict_GetItemRef@plt
1980001.0,555023,python,[JIT],0x0000769391dd108e
1979990.0,554977,python,[JIT],0x0000747c7bf3d89e
1979975.0,554998,python,python,PyList_New
1979962.0,555046,python,[JIT],0x00007af46fd3d806
1979959.0,554977,python,[JIT],0x0000747c7bf3c1e9
1979946.0,555035,python,[JIT],0x000074c039e78569
1979942.0,555023,python,[JIT],0x0000769391dd8991
1979927.0,555035,python,[JIT],0x000074c039e7e838
1979911.0,555023,python,[JIT],0x0000769391dd082d
1979904.0,554977,python,python,PyBytesWriter_Finish
1979903.0,555035,python,[JIT],0x000074c039e7fb07
1979887.0,555046,python,python,PyImport_ImportModuleLevelObject
1979886.0,555009,python,python,bytesiobuf_releasebuffer
1979879.0,555035,python,[JIT],0x000074c039e7e538
1979877.0,555009,python,python,PyMem_Free
1979864.0,555023,python,[JIT],0x000076939257be4d
1979840.0,555023,python,[JIT],0x0000769391dbe322
1979836.0,555009,python,[JIT],0x00007a2d2f4649c7
1979834.0,555009,python,[JIT],0x00007a2d2f45e6fa
1979829.0,554977,python,[JIT],0x0000747c7c1a4757
1979821.0,554998,python,python,long_vectorcall
1979820.0,554977,python,python,va_build_value
1979813.0,554977,python,[JIT],0x0000747c7bf3e072
1979788.0,555035,python,python,builtin_id
1979772.0,554984,python,[JIT],0x00007603c142f1e4
1979767.0,555009,python,[JIT],0x00007a2d2f4641da
1979758.0,555009,python,python,PyUnicode_New.part.0
1979757.0,555035,python,[JIT],0x000074c039e790e2
1979746.0,555023,python,[JIT],0x000076939257bb8d
1979741.0,554984,python,[JIT],0x00007603c144ec4a
1979732.0,554977,python,[JIT],0x0000747c7bf23c0c
1979727.0,555023,python,[JIT],0x0000769391db7c3b
1979723.0,555046,python,python,_PyObject_GC_New
1979710.0,555046,python,[JIT],0x00007af46fad3149
1979683.0,555035,python,[JIT],0x000074c039e609f3
1979673.0,554984,python,[JIT],0x00007603c144c1c5
1979664.0,554977,python,[JIT],0x0000747c7c1a3d27
1979663.0,555023,python,[JIT],0x0000769391db8e3e
1979661.0,554998,python,[JIT],0x0000789554908b2e
1979649.0,555035,python,[JIT],0x000074c03ae21412
1979636.0,555023,python,[JIT],0x0000769391dc10fe
1979607.0,554977,python,python,_PyObject_GC_Link
1979600.0,554984,python,[JIT],0x00007603c144622c
1979595.0,555035,python,libc.so.6,_int_free_merge_chunk
1979590.0,555023,python,[JIT],0x0000769391dd52ae
1979571.0,554977,python,python,enum_new_impl
1979558.0,555009,python,[JIT],0x00007a2d2f4553e4
1979556.0,554984,python,[JIT],0x00007603c1bceca2
1979548.0,554977,python,[JIT],0x0000747c7bf3cb08
1979543.0,554984,python,python,_PyObject_GetAttrStackRef
1979532.0,554984,python,[JIT],0x00007603c1447c8f
1979531.0,555009,python,[JIT],0x00007a2d2f4660ba
1979507.0,555035,python,[JIT],0x000074c03a0e5bd5
1979485.0,554998,python,[JIT],0x000078955469dd93
1979484.0,554984,python,[JIT],0x00007603c1448183
1979482.0,554977,python,[JIT],0x0000747c7bf1e0df
1979470.0,554977,python,[JIT],0x0000747c7bf1e678
1979469.0,555046,python,[JIT],0x00007af46fad9c13
1979465.0,555023,python,[JIT],0x0000769391dd8626
1979463.0,555035,python,[JIT],0x000074c039e808fa
1979460.0,554984,python,[JIT],0x00007603c14460a0
1979435.0,554977,python,[JIT],0x0000747c7c5c4a91
1979434.0,555009,python,[JIT],0x00007a2d2f42889b
1979424.0,554977,python,[JIT],0x0000747c7bf3c984
1979415.0,555035,python,[JIT],0x000074c039e61745
1979389.0,555023,python,[JIT],0x0000769391dce127
1979388.0,554998,python,[JIT],0x00007895546a1245
1979384.0,555009,python,[JIT],0x00007a2d2f464d4d
1979357.0,555046,python,python,_PyMem_RawFree
1979343.0,554977,python,[JIT],0x0000747c7bf2051e
1979338.0,554977,python,[JIT],0x0000747c7c1a33f9
1979330.0,555035,python,python,_PyObject_TryGetInstanceAttribute
1979324.0,555009,python,[JIT],0x00007a2d2f4652e9
1979319.0,554977,python,[JIT],0x0000747c7bf3ee37
1979313.0,555023,python,[JIT],0x000076939203c5be
1979309.0,555023,python,[JIT],0x0000769391dd5010
1979285.0,554998,python,[JIT],0x000078955469a617
1979268.0,554998,python,[JIT],0x00007895546a3c6a
1979252.0,555046,python,[JIT],0x00007af46fad718f
1979245.0,555009,python,[JIT],0x00007a2d2f4513dd
1979240.0,554977,python,[JIT],0x0000747c7bf3817e
1979238.0,554977,python,[JIT],0x0000747c7bf3812c
1979234.0,554984,python,python,realloc@plt
1979229.0,555035,python,[JIT],0x000074c03a0e6296
1979205.0,554998,python,[JIT],0x00007895549092fc
1979192.0,554984,python,[JIT],0x00007603c144b752
1979170.0,554984,python,[JIT],0x00007603c142e3da
1979158.0,554998,python,[JIT],0x0000789555316951
1979145.0,555023,python,[JIT],0x0000769391db9005
1979125.0,555035,python,python,dict_dealloc
1979075.0,555046,python,[JIT],0x00007af46fad01be
1979075.0,554984,python,[JIT],0x00007603c1444f42
1979036.0,555009,python,[JIT],0x00007a2d2f4672e9
1979021.0,555009,python,python,long_dealloc
1978992.0,554998,python,[JIT],0x00007895546830df
1978981.0,554984,python,[JIT],0x00007603c16b3332
1978967.0,555023,python,[JIT],0x0000769391dcf17f
1978967.0,554984,python,[JIT],0x00007603c16b3296
1978961.0,555023,python,[JIT],0x000076939203d2d8
1978961.0,554998,python,[JIT],0x00007895546a1620
1978934.0,555023,python,[JIT],0x000076939257b8d5
1978933.0,554977,python,[JIT],0x0000747c7bf35484
1978905.0,555046,python,[JIT],0x00007af46fd3df12
1978900.0,555035,python,[JIT],0x000074c039e81f2b
1978874.0,555009,python,python,_PyObject_GC_Resize
1978868.0,555023,python,[JIT],0x0000769391db913e
1978856.0,554977,python,[JIT],0x0000747c7bf3e24b
1978856.0,554977,python,[JIT],0x0000747c7bf3ed0a
1978854.0,554998,python,_struct.cpython-316-x86_64-linux-gnu.so,PyDict_GetItemRef@plt
1978812.0,555023,python,[JIT],0x0000769391dcf28a
1978783.0,554977,python,[JIT],0x0000747c7bf24b52
1978773.0,555035,python,python,_PyJIT_Entry
1978766.0,554977,python,[JIT],0x0000747c7bf24a27
1978752.0,555009,python,[JIT],0x00007a2d2f44c3af
1978739.0,554977,python,[JIT],0x0000747c7c5c4578
1978730.0,555009,python,[JIT],0x00007a2d2f41c659
1978718.0,554977,python,[JIT],0x0000747c7bf4161f
1978713.0,554984,python,[JIT],0x00007603c144f4d5
1978695.0,555046,python,python,_Py_NewReferenceNoTotal
1978695.0,555046,python,[JIT],0x00007af46fad25ca
1978680.0,554998,python,[JIT],0x000078955469b341
1978655.0,555023,python,[JIT],0x0000769391dd68c5
1978654.0,555046,python,[kernel.kallsyms],do_anonymous_page
1978644.0,554977,python,[JIT],0x0000747c7bf364c2
1978643.0,555035,python,[JIT],0x000074c039e81423
1978641.0,555035,python,[JIT],0x000074c039e7f7fc
1978640.0,554984,python,[JIT],0x00007603c14454ed
1978639.0,554998,python,[JIT],0x00007895546a43ea
1978635.0,554977,python,[JIT],0x0000747c7bf36ea5
1978630.0,555023,python,[JIT],0x0000769391dd932b
1978623.0,555035,python,[JIT],0x000074c039e61b04
1978610.0,555023,python,[JIT],0x0000769391d9c400
1978610.0,554977,python,[JIT],0x0000747c7c1a3f12
1978595.0,554998,python,[JIT],0x000078955469c1a6
1978587.0,555035,python,[JIT],0x000074c039e53b57
1978586.0,555046,python,[JIT],0x00007af46facf003
1978555.0,555009,python,[JIT],0x00007a2d2f4461f6
1978550.0,555009,python,python,subtype_dealloc
1978521.0,555035,python,[JIT],0x000074c039e81156
1978498.0,555009,python,[JIT],0x00007a2d2f6cc5e2
1978489.0,555023,python,[JIT],0x0000769391dd7f61
1978460.0,554984,python,[JIT],0x00007603c144b17b
1978415.0,555046,python,[JIT],0x00007af47076a5e1
1978413.0,554984,python,[JIT],0x00007603c142d00a
1978412.0,554998,python,[JIT],0x000078955469be45
1978385.0,554977,python,[JIT],0x0000747c7bf3d797
1978356.0,555046,python,[JIT],0x00007af46fad2111
1978328.0,554977,python,[JIT],0x0000747c7bf3d77e
1978318.0,555046,python,[JIT],0x00007af46fad2cd4
1978308.0,555023,python,[JIT],0x000076939257b04c
1978286.0,555035,python,[JIT],0x000074c039e6253e
1978286.0,555023,python,[JIT],0x0000769391db70cf
1978279.0,555046,python,[JIT],0x00007af47076a81f
1978277.0,554977,python,[JIT],0x0000747c7bf3c175
1978276.0,555009,python,[JIT],0x00007a2d2f448526
1978257.0,554977,python,[JIT],0x0000747c7bf38b8a
1978247.0,555046,python,[JIT],0x00007af46fabfe24
1978245.0,554998,python,python,tuple_alloc
1978244.0,555035,python,[JIT],0x000074c039e7e177
1978240.0,554984,python,[JIT],0x00007603c144c27b
1978239.0,554977,python,[JIT],0x0000747c7bf35d64
1978226.0,555009,python,[JIT],0x00007a2d2f46418b
1978211.0,554998,python,python,_PyBytes_ResizeKeepOnError
1978207.0,555009,python,[JIT],0x00007a2d2f6c97e4
1978203.0,554977,python,[JIT],0x0000747c7bf392d0
1978186.0,554977,python,[JIT],0x0000747c7c1a34bc
1978157.0,555023,python,[JIT],0x0000769391dce812
1978153.0,554998,python,[JIT],0x000078955469a5e7
1978133.0,554998,python,[JIT],0x00007895546a265c
1978084.0,554984,python,[JIT],0x00007603c1437f7e
1978083.0,554984,python,[JIT],0x00007603c144c33b
1978079.0,554977,python,[JIT],0x0000747c7bf387bb
1978072.0,555035,python,[JIT],0x000074c039e82476
1978069.0,555046,python,[JIT],0x00007af46fd3e4c5
1978056.0,554977,python,python,enum_vectorcall
1978048.0,554984,python,[JIT],0x00007603c144ebaa
1978002.0,554977,python,[JIT],0x0000747c7c1a40e4
1977988.0,554998,python,python,_PyObject_GetAttrStackRef
1977969.0,554984,python,[JIT],0x00007603c142f580
1977962.0,554984,python,[JIT],0x00007603c144b7b2
1977914.0,554998,python,[JIT],0x00007895546a1b79
1977914.0,555009,python,[JIT],0x00007a2d2f460dfe
1977904.0,555046,python,[JIT],0x00007af46fd3ddb8
1977898.0,554984,python,python,method_get
1977879.0,554977,python,[JIT],0x0000747c7bf3f9a8
1977872.0,555023,python,[JIT],0x000076939245d204
1977872.0,555046,python,[JIT],0x00007af46fab96c4
1977870.0,554977,python,python,_PyInterpreterState_GetConfig
1977855.0,555023,python,[JIT],0x0000769391dd0404
1977841.0,554998,python,[JIT],0x000078955490a0ce
1977821.0,554984,python,[JIT],0x00007603c144bd0f
1977813.0,554984,python,[JIT],0x00007603c144561d
1977803.0,555023,python,[JIT],0x0000769391db8fe6
1977771.0,554977,python,[JIT],0x0000747c7c1a3d8f
1977753.0,554977,python,[JIT],0x0000747c7c6cd10c
1977740.0,555009,python,[JIT],0x00007a2d2f464452
1977727.0,554984,python,[JIT],0x00007603c1446133
1977687.0,554977,python,[JIT],0x0000747c7bf3f6f7
1977643.0,555023,python,[JIT],0x0000769391dbd337
1977643.0,555009,python,[JIT],0x00007a2d2f45daa9
1977629.0,554998,python,libc.so.6,_int_realloc
1977615.0,554984,python,python,_PyTuple_FromPairSteal
1977599.0,555035,python,[JIT],0x000074c039e787f6
1977574.0,554977,python,[JIT],0x0000747c7c5c40fe
1977554.0,555035,python,python,PyBytesWriter_Create
1977548.0,555009,python,_struct.cpython-316-x86_64-linux-gnu.so,PyBytesWriter_GetData@plt
1977526.0,554984,python,[JIT],0x00007603c1447dcb
1977517.0,554977,python,[JIT],0x0000747c7bf38a2b
1977513.0,555023,python,[JIT],0x0000769391db945a
1977494.0,555035,python,[JIT],0x000074c03ae13df1
1977440.0,554998,python,[JIT],0x00007895546a2511
1977439.0,555023,python,[JIT],0x0000769391dd5660
1977423.0,555046,python,[JIT],0x00007af46fa900a9
1977370.0,555035,python,[JIT],0x000074c039e81a8c
1977308.0,555046,python,python,Py_GetConstant
1977275.0,555035,python,[JIT],0x000074c03ae13aca
1977254.0,554977,python,[JIT],0x0000747c7beda0d2
1977212.0,554977,python,[JIT],0x0000747c7bf40609
1977186.0,555023,python,[JIT],0x0000769392e1300a
1977167.0,555035,python,[JIT],0x000074c039e77db0
1977166.0,554977,python,[JIT],0x0000747c7bf3d1cf
1977158.0,555046,python,[JIT],0x00007af46fd3d835
1977114.0,555009,python,[JIT],0x00007a2d2f46523c
1977110.0,555023,python,[JIT],0x0000769391dd1e6f
1977099.0,555009,python,[JIT],0x00007a2d2f447fad
1977063.0,555046,python,[JIT],0x00007af46fad1896
1977052.0,554977,python,python,PyObject_IsTrue
1977047.0,555009,python,[JIT],0x00007a2d2f45fba0
1977043.0,555023,python,[JIT],0x0000769391dd95e9
1977003.0,555023,python,[JIT],0x0000769391dce855
1976982.0,555035,python,[JIT],0x000074c03ae1355d
1976972.0,555023,python,[JIT],0x0000769391dd2302
1976960.0,555046,python,[JIT],0x00007af46fab9fad
1976960.0,554977,python,[JIT],0x0000747c7bf37c90
1976950.0,555046,python,[JIT],0x00007af46fab8215
1976932.0,554998,python,[JIT],0x00007895549082f6
1976930.0,555009,python,[JIT],0x00007a2d2f464aa6
1976905.0,554984,python,[JIT],0x00007603c144dd85
1976891.0,554977,python,[JIT],0x0000747c7bf3d1f0
1976888.0,555046,python,[JIT],0x00007af46fab9a22
1976865.0,554998,python,[JIT],0x000078955469a29e
1976845.0,554977,python,[JIT],0x0000747c7bf37896
1976815.0,554977,python,[JIT],0x0000747c7bf369a1
1976811.0,555046,python,[JIT],0x00007af46fabdeea
1976807.0,555009,python,[JIT],0x00007a2d2f44bdcf
1976794.0,555035,python,[JIT],0x000074c039e6557e
1976794.0,555035,python,[JIT],0x000074c039e80d6e
1976793.0,555035,python,_struct.cpython-316-x86_64-linux-gnu.so,np_ulonglong
1976777.0,555009,python,[JIT],0x00007a2d2f464788
1976759.0,555035,python,[JIT],0x000074c03a0e54a7
1976727.0,554998,python,[JIT],0x000078955469bbcb
1976719.0,555023,python,[JIT],0x0000769391dce475
1976719.0,555009,python,[JIT],0x00007a2d2f45d478
1976716.0,555023,python,[JIT],0x000076939203d217
1976685.0,555023,python,[JIT],0x000076939257bafc
1976652.0,554977,python,[JIT],0x0000747c7bf3fb8f
1976651.0,555035,python,[JIT],0x000074c039e82363
1976640.0,554977,python,[JIT],0x0000747c7bf3c9d5
1976615.0,555023,python,[JIT],0x0000769391db91ff
1976611.0,555023,python,[JIT],0x0000769391dd65a2
1976596.0,554977,python,[JIT],0x0000747c7bf38cfd
1976580.0,554977,python,[JIT],0x0000747c7c1a39cc
1976546.0,555009,python,[JIT],0x00007a2d2f4466df
1976535.0,555009,python,[JIT],0x00007a2d2f460dc7
1976523.0,555023,python,python,PyObject_GenericGetAttr
1976517.0,554977,python,[JIT],0x0000747c7bf3f318
1976501.0,555009,python,[JIT],0x00007a2d2f468637
1976482.0,554977,python,[JIT],0x0000747c7bf310f5
1976457.0,555046,python,[JIT],0x00007af46fad68bc
1976416.0,554998,python,[JIT],0x0000789555316469
1976396.0,555009,python,[JIT],0x00007a2d2f6c9472
1976388.0,554977,python,[JIT],0x0000747c7c6cd0a3
1976376.0,554977,python,[JIT],0x0000747c7bf3859e
1976365.0,555009,python,_struct.cpython-316-x86_64-linux-gnu.so,s_pack_internal
1976352.0,555046,python,python,_PyObject_InitInlineValues
1976351.0,554977,python,[JIT],0x0000747c7bf368fd
1976336.0,555035,python,[JIT],0x000074c039e6122a
1976321.0,555035,python,[JIT],0x000074c039e7a584
1976310.0,555035,python,[JIT],0x000074c039e657db
1976302.0,554977,python,[JIT],0x0000747c7bf310f1
1976295.0,555009,python,[JIT],0x00007a2d2f465fe2
1976294.0,554984,python,python,build_indices_generic
1976268.0,555035,python,[JIT],0x000074c039e7f929
1976249.0,554977,python,[JIT],0x0000747c7bf3c410
1976236.0,555023,python,[JIT],0x0000769391dd6832
1976222.0,555035,python,[JIT],0x000074c039e7e2c6
1976202.0,555035,python,[JIT],0x000074c039e668b8
1976190.0,554998,python,[JIT],0x00007895546a51c0
1976188.0,554984,python,[JIT],0x00007603c1447fcf
1976169.0,554977,python,[kernel.kallsyms],error_return
1976167.0,554998,python,[JIT],0x000078955469cb49
1976159.0,555009,python,[JIT],0x00007a2d2f4685f5
1976153.0,555046,python,[JIT],0x00007af46fad01ea
1976130.0,555009,python,[JIT],0x00007a2d2f461115
1976119.0,555046,python,[JIT],0x00007af47076a760
1976105.0,554998,python,[JIT],0x0000789554908e85
1976042.0,554984,python,[JIT],0x00007603c1bce36e
1976028.0,555035,python,[JIT],0x000074c039e78dbf
1976011.0,555046,python,python,enum_vectorcall
1976000.0,555023,python,python,list_dealloc
1975975.0,554977,python,[kernel.kallsyms],__hrtimer_run_queues
1975902.0,554984,python,_struct.cpython-316-x86_64-linux-gnu.so,memset@plt
1975870.0,555046,python,[JIT],0x00007af46faba8d4
1975844.0,555023,python,[JIT],0x0000769391dd911e
1975840.0,554977,python,[JIT],0x0000747c7bf1fe2c
1975801.0,555009,python,python,_PyType_GetDict
1975793.0,555009,python,[JIT],0x00007a2d2f460913
1975772.0,554977,python,[JIT],0x0000747c7bf36e72
1975692.0,555023,python,[JIT],0x0000769391dd862a
1975681.0,555009,python,[JIT],0x00007a2d2f4644c7
1975681.0,554984,python,[JIT],0x00007603c142ee45
1975679.0,555023,python,[JIT],0x000076939257b012
1975675.0,555046,python,[JIT],0x00007af46fad704f
1975674.0,555023,python,[JIT],0x0000769391dd550f
1975671.0,554977,python,[JIT],0x0000747c7bec137f
1975571.0,554984,python,[JIT],0x00007603c144e005
1975565.0,555023,python,[JIT],0x0000769391dd0ffe
1975499.0,554984,python,python,enum_next
1975466.0,555035,python,[JIT],0x000074c039e80390
1975445.0,555035,python,[JIT],0x000074c039e7ecd1
1975391.0,555046,python,[JIT],0x00007af46faad379
1975390.0,555046,python,[JIT],0x00007af46fad67b2
1975352.0,555023,python,[JIT],0x0000769391dcf3a5
1975339.0,554984,python,[JIT],0x00007603c144b620
1975328.0,555009,python,[JIT],0x00007a2d2f466af3
1975322.0,555035,python,python,PyDict_Next
1975272.0,554984,python,[JIT],0x00007603c16b2c88
1975271.0,555023,python,[JIT],0x0000769391dd5a96
1975255.0,555009,python,[JIT],0x00007a2d2f467dbb
1975238.0,555023,python,[JIT],0x0000769391dd5933
1975185.0,554977,python,[JIT],0x0000747c7bf3c000
1975177.0,554977,python,[JIT],0x0000747c7bf3c354
1975127.0,555023,python,[JIT],0x0000769391dd980e
1975127.0,554977,python,[JIT],0x0000747c7bf3e08a
1975121.0,554977,python,[JIT],0x0000747c7bf3c189
1975089.0,555009,python,[JIT],0x00007a2d2f447683
1975050.0,554998,python,python,_PyObject_VectorcallDictTstate
1975049.0,555046,python,python,_PyObject_Calloc
1975008.0,555023,python,[JIT],0x000076939203c702
1974964.0,555009,python,[JIT],0x00007a2d2f465f63
1974947.0,555009,python,[JIT],0x00007a2d2f4484c4
1974897.0,554977,python,[JIT],0x0000747c7bf38415
1974878.0,555035,python,python,long_vectorcall
1974824.0,555023,python,[JIT],0x0000769391dd921b
1974816.0,555023,python,[JIT],0x0000769391dce2b1
1974803.0,554984,python,[JIT],0x00007603c16b25d2
1974800.0,554984,python,[JIT],0x00007603c144ef62
1974785.0,555009,python,libc.so.6,_int_malloc
1974776.0,554977,python,[JIT],0x0000747c7bf3c813
1974754.0,554977,python,python,strrchr@plt
1974745.0,555009,python,[JIT],0x00007a2d2f45df71
1974730.0,555046,python,[JIT],0x00007af46fad927e
1974709.0,554984,python,[JIT],0x00007603c1bcec0e
1974707.0,554984,python,[JIT],0x00007603c144ea0a
1974704.0,554977,python,[JIT],0x0000747c7c1a39ca
1974644.0,554984,python,[JIT],0x00007603c1445554
1974606.0,555046,python,[JIT],0x00007af46fabe67f
1974570.0,554998,python,[JIT],0x0000789554683a06
1974566.0,555023,python,[JIT],0x0000769391dce967
1974527.0,554977,python,[JIT],0x0000747c7bf38a5d
1974512.0,554984,python,[JIT],0x00007603c14472fa
1974499.0,555023,python,[JIT],0x0000769391dd5a70
1974485.0,555009,python,[JIT],0x00007a2d2f467baa
1974410.0,555046,python,python,slot_tp_init
1974403.0,555023,python,[JIT],0x0000769391dcf30c
1974300.0,554984,python,[JIT],0x00007603c144cebf
1974284.0,554977,python,[JIT],0x0000747c7bf35dd3
1974279.0,554977,python,[JIT],0x0000747c7bf1f2bf
1974217.0,554998,python,[JIT],0x00007895546a401e
1974178.0,554977,python,[JIT],0x0000747c7bf38f2f
1974100.0,555009,python,python,PyObject_Call
1974063.0,555009,python,[JIT],0x00007a2d2f45f453
1973998.0,554998,python,[JIT],0x00007895546a12ae
1973930.0,555023,python,[JIT],0x000076939257b68d
1973921.0,555009,python,[JIT],0x00007a2d2f46810d
1973916.0,555023,python,[JIT],0x000076939203d1b6
1973891.0,555035,python,[JIT],0x000074c03a0e6885
1973849.0,555046,python,[JIT],0x00007af46fad076d
1973819.0,555023,python,[JIT],0x000076939257b96e
1973812.0,554977,python,[JIT],0x0000747c7bf3c6f2
1973806.0,555009,python,[JIT],0x00007a2d2f6cc0b3
1973770.0,554998,python,python,_Py_uop_analyze_and_optimize
1973748.0,555009,python,[JIT],0x00007a2d2f42388a
1973743.0,554984,python,[JIT],0x00007603c144b7f6
1973618.0,555023,python,[JIT],0x0000769391dd6b90
1973608.0,555035,python,[JIT],0x000074c039e7fc18
1973596.0,554984,python,[JIT],0x00007603c1447af1
1973574.0,555009,python,[JIT],0x00007a2d2f6cba7b
1973518.0,554998,python,[JIT],0x000078955469dfc3
1973458.0,555009,python,[JIT],0x00007a2d2f4681e3
1973409.0,554998,python,[JIT],0x00007895546842de
1973387.0,554998,python,[JIT],0x00007895546a3ed5
1973350.0,554984,python,[JIT],0x00007603c144761d
1973349.0,554977,python,[kernel.kallsyms],mas_walk
1973328.0,554984,python,[JIT],0x00007603c144bf07
1973293.0,555009,python,[JIT],0x00007a2d2f44c21c
1973287.0,555046,python,[JIT],0x00007af47076a2b8
1973278.0,554998,python,[JIT],0x00007895546a1c93
1973270.0,555009,python,python,unicode_dealloc
1973221.0,554998,python,[JIT],0x000078955469a2b1
1973118.0,555046,python,[JIT],0x00007af46fad94af
1973101.0,554977,python,[JIT],0x0000747c7c5c4629
1973066.0,554984,python,[JIT],0x00007603c16b2102
1973050.0,554998,python,python,PyLong_FromVoidPtr
1973016.0,554998,python,[JIT],0x00007895546a38b7
1972984.0,555023,python,[JIT],0x0000769391dd5a75
1972979.0,555046,python,[JIT],0x00007af46fd3e766
1972970.0,555009,python,[JIT],0x00007a2d2f45d68a
1972928.0,555035,python,[JIT],0x000074c039e6229f
1972926.0,555046,python,python,unicode_hash
1972880.0,554984,python,python,PyObject_IsInstance
1972849.0,555035,python,[JIT],0x000074c03ae13be2
1972845.0,555046,python,[JIT],0x00007af46fab8bba
1972837.0,554977,python,[JIT],0x0000747c7bf3e05d
1972832.0,555023,python,[JIT],0x000076939257b7e4
1972780.0,555046,python,python,method_dealloc
1972762.0,555046,python,[JIT],0x00007af47076a82c
1972731.0,554977,python,[JIT],0x0000747c7c5c4b72
1972688.0,555046,python,python,memory_getbuf
1972677.0,555023,python,[JIT],0x0000769391d8de37
1972641.0,555009,python,[JIT],0x00007a2d2f448253
1972632.0,554984,python,[JIT],0x00007603c1bceeeb
1972604.0,555009,python,python,_Py_uop_abstractcontext_fini
1972481.0,555009,python,[JIT],0x00007a2d2f6cc910
1972437.0,554984,python,[JIT],0x00007603c1bce50c
1972424.0,555009,python,[JIT],0x00007a2d2f45d5e7
1972342.0,555046,python,[JIT],0x00007af46fad8557
1972312.0,555046,python,[JIT],0x00007af46fd41439
1972252.0,554998,python,[JIT],0x0000789554688844
1972231.0,554977,python,[JIT],0x0000747c7bf3c2ae
1972224.0,555023,python,[JIT],0x0000769391dd0506
1972212.0,554977,python,[JIT],0x0000747c7bf3292e
1972167.0,554984,python,[JIT],0x00007603c1448057
1972154.0,555035,python,[JIT],0x000074c039e60b49
1972152.0,555009,python,[JIT],0x00007a2d2f467141
1972137.0,554977,python,[JIT],0x0000747c7bf1eb9c
1972131.0,554984,python,[JIT],0x00007603c144bb80
1972121.0,555023,python,[JIT],0x000076939203c7e5
1972117.0,554977,python,[JIT],0x0000747c7bf3fbdf
1972097.0,554998,python,[JIT],0x0000789555316e8f
1972088.0,555046,python,[JIT],0x00007af46fad6fb6
1972074.0,555023,python,[JIT],0x0000769391dd022c
1972052.0,554977,python,[JIT],0x0000747c7bf37dd5
1972027.0,554984,python,[JIT],0x00007603c1bcee38
1971995.0,554998,python,[JIT],0x00007895546a4212
1971981.0,555035,python,[JIT],0x000074c039e80ae5
1971941.0,555023,python,[JIT],0x000076939203c4aa
1971890.0,555023,python,[JIT],0x0000769391db7751
1971880.0,555009,python,python,PyObject_RichCompare
1971879.0,555035,python,[JIT],0x000074c039e7e7e0
1971877.0,555035,python,[JIT],0x000074c03a0e5347
1971848.0,555035,python,[JIT],0x000074c03a0e638f
1971827.0,555023,python,[JIT],0x000076939257bdac
1971816.0,554998,python,[JIT],0x00007895549087e5
1971788.0,555035,python,[JIT],0x000074c039e7e534
1971752.0,555035,python,[JIT],0x000074c039e66523
1971725.0,555023,python,[JIT],0x0000769391dc900a
1971688.0,554998,python,python,object_dealloc
1971678.0,555023,python,[JIT],0x0000769391db9285
1971649.0,554977,python,[JIT],0x0000747c7bf3d29c
1971616.0,554998,python,[JIT],0x00007895546836a3
1971613.0,555023,python,[JIT],0x0000769391dd6c0f
1971585.0,555035,python,[JIT],0x000074c039e60bba
1971570.0,555046,python,python,object___reduce_ex__
1971555.0,554977,python,[JIT],0x0000747c7bf1ff86
1971546.0,555046,python,[JIT],0x00007af46facfff3
1971545.0,555046,python,[JIT],0x00007af46fad6ebb
1971526.0,554998,python,[JIT],0x00007895546a2666
1971508.0,554984,python,[JIT],0x00007603c1445569
1971485.0,554977,python,[JIT],0x0000747c7bf1fb8b
1971470.0,554977,python,[JIT],0x0000747c7bf3ce7c
1971426.0,554977,python,[JIT],0x0000747c7c1a38c0
1971415.0,555035,python,[JIT],0x000074c039e7a1b2
1971386.0,555035,python,[JIT],0x000074c039e7e165
1971373.0,554984,python,[JIT],0x00007603c1445f05
1971367.0,554977,python,[JIT],0x0000747c7bf3cf07
1971365.0,554998,python,[JIT],0x00007895546a17a5
1971363.0,554984,python,[JIT],0x00007603c144d03e
1971357.0,555035,python,[JIT],0x000074c039e795e7
1971338.0,554998,python,[JIT],0x0000789554688293
1971322.0,555035,python,[JIT],0x000074c039e61c92
1971321.0,555009,python,[JIT],0x00007a2d2f464ebb
1971293.0,554984,python,python,PyObject_GenericGetAttr
1971285.0,555035,python,python,_Py_CheckFunctionResult
1971280.0,555046,python,[JIT],0x00007af46fada003
1971270.0,555009,python,[JIT],0x00007a2d2f46029b
1971269.0,554984,python,[kernel.kallsyms],tick_nohz_highres_handler
1971247.0,555035,python,[JIT],0x000074c039e825bf
1971242.0,554977,python,[JIT],0x0000747c7bf3c5d7
1971236.0,555023,python,[JIT],0x000076939203c796
1971235.0,555023,python,python,slot_tp_init
1971220.0,554984,python,[JIT],0x00007603c1bce75c
1971191.0,555009,python,[JIT],0x00007a2d2f45ec8d
1971109.0,555009,python,[JIT],0x00007a2d2f464d32
1971107.0,554977,python,[JIT],0x0000747c7bf3c8eb
1971087.0,555009,python,[JIT],0x00007a2d2f4685e9
1971074.0,555046,python,[JIT],0x00007af46fad6538
1971070.0,555023,python,[JIT],0x0000769391dd1213
1971059.0,554984,python,[JIT],0x00007603c144f19f
1971041.0,555046,python,[JIT],0x00007af46facf06f
1971022.0,554984,python,[JIT],0x00007603c25db023
1971008.0,554998,python,[JIT],0x00007895546a2b70
1970996.0,555009,python,[JIT],0x00007a2d2f46529f
1970988.0,554984,python,[JIT],0x00007603c1bcee65
1970956.0,554977,python,[JIT],0x0000747c7bf249ef
1970934.0,555009,python,[JIT],0x00007a2d2f45a51f
1970930.0,555023,python,[JIT],0x0000769391db7a99
1970910.0,555046,python,[JIT],0x00007af46fab9b66
1970899.0,554998,python,[JIT],0x00007895546a5695
1970886.0,555035,python,[JIT],0x000074c03a0e61a0
1970871.0,554977,python,[JIT],0x0000747c7bf350b7
1970856.0,554977,python,python,PyMem_Malloc
1970839.0,554977,python,python,memory_getbuf
1970838.0,554998,python,[JIT],0x0000789554684c92
1970771.0,554984,python,libc.so.6,__memcmp_avx2_movbe
1970766.0,555046,python,[JIT],0x00007af46fad619a
1970753.0,554977,python,[JIT],0x0000747c7bf2088d
1970739.0,555035,python,[JIT],0x000074c03a0e5c50
1970696.0,555009,python,[JIT],0x00007a2d2f45ef7d
1970647.0,554998,python,[kernel.kallsyms],__irqentry_text_end
1970644.0,554977,python,[JIT],0x0000747c7bf36e19
1970619.0,554977,python,[JIT],0x0000747c7bf1ed32
1970607.0,555046,python,[JIT],0x00007af46fad9991
1970584.0,554977,python,[JIT],0x0000747c7c5c4aa2
1970567.0,555035,python,[JIT],0x000074c039e7f213
1970554.0,554984,python,[JIT],0x00007603c144486c
1970547.0,555035,python,[JIT],0x000074c039e7b06b
1970538.0,555035,python,[JIT],0x000074c03a0e64c5
1970536.0,554977,python,[JIT],0x0000747c7bf3fd5b
1970530.0,554984,python,python,_Py_uop_analyze_and_optimize
1970506.0,555046,python,[JIT],0x00007af46fad68eb
1970503.0,555035,python,[JIT],0x000074c039e77756
1970489.0,554984,python,[JIT],0x00007603c144bd17
1970476.0,554984,python,[JIT],0x00007603c144b165
1970419.0,555009,python,[JIT],0x00007a2d2f467617
1970409.0,555023,python,[JIT],0x000076939203c9f2
1970406.0,554984,python,python,countformat
1970373.0,554984,python,python,_PyDict_SetItem_Take2
1970368.0,555046,python,[JIT],0x00007af46fad66c8
1970367.0,555023,python,[JIT],0x0000769391dcd2da
1970366.0,555023,python,[JIT],0x000076939203c143
1970365.0,554977,python,[JIT],0x0000747c7bf20468
1970359.0,555009,python,[JIT],0x00007a2d2f460a0f
1970358.0,555035,python,[JIT],0x000074c039e7a17e
1970282.0,554977,python,[JIT],0x0000747c7bf386eb
1970275.0,555023,python,[JIT],0x000076939203c7fb
1970219.0,554984,python,[JIT],0x00007603c1bcee8b
1970210.0,554984,python,[JIT],0x00007603c1bced61
1970202.0,555009,python,[JIT],0x00007a2d2f466e50
1970191.0,555046,python,[JIT],0x00007af46fad64ed
1970183.0,555046,python,[JIT],0x00007af46fad8997
1970173.0,555023,python,[JIT],0x0000769391dbc5f4
1970172.0,555035,python,python,_PyObject_GC_Resize
1970165.0,555023,python,[JIT],0x0000769391dd5f99
1970127.0,555023,python,[JIT],0x0000769391dd9238
1970120.0,555023,python,python,PyObject_Call
1970094.0,554984,python,[JIT],0x00007603c16b2ab1
1970083.0,555046,python,[JIT],0x00007af46fad237b
1970072.0,554998,python,[JIT],0x00007895546a2c53
1970061.0,555035,python,[JIT],0x000074c039e7e5f0
1970058.0,555009,python,python,PyObject_Realloc
1969994.0,554977,python,[JIT],0x0000747c7bf3d776
1969975.0,554977,python,[JIT],0x0000747c7bf370c0
1969972.0,555035,python,[JIT],0x000074c039e7f2b5
1969962.0,554984,python,[JIT],0x00007603c13ead0c
1969941.0,555023,python,[JIT],0x000076939203c263
1969904.0,554984,python,[JIT],0x00007603c1447f34
1969888.0,555023,python,python,int_to_bytes
1969885.0,555009,python,[JIT],0x00007a2d2f6cbbe3
1969872.0,555023,python,[JIT],0x000076939203ca84
1969866.0,554977,python,[JIT],0x0000747c7bf350fa
1969853.0,554998,python,python,_PyObject_GC_New
1969853.0,554984,python,[JIT],0x00007603c144bfdb
1969825.0,554998,python,[JIT],0x000078955469e36a
1969761.0,555023,python,[JIT],0x0000769391dd5393
1969743.0,554977,python,[JIT],0x0000747c7bf3759a
1969738.0,555046,python,python,_PyCompactLong_Add
1969713.0,555009,python,[JIT],0x00007a2d2f6c9b50
1969673.0,555035,python,[JIT],0x000074c03ae13408
1969671.0,554984,python,python,bytesiobuf_dealloc
1969650.0,554998,python,[JIT],0x00007895546a14a7
1969644.0,554977,python,[JIT],0x0000747c7bf3cb23
1969614.0,554984,python,[JIT],0x00007603c144b105
1969598.0,554998,python,[JIT],0x0000789554908839
1969580.0,555035,python,python,PyDict_Contains
1969576.0,555035,python,[JIT],0x000074c039e7f6c0
1969557.0,555035,python,python,PyUnicode_Contains
1969521.0,555023,python,[JIT],0x0000769391dd5109
1969517.0,555046,python,[JIT],0x00007af46fad2d7a
1969514.0,554984,python,[JIT],0x00007603c1bcef3f
1969498.0,555023,python,[JIT],0x000076939203c3ec
1969498.0,554977,python,python,_PyCompactLong_Add
1969491.0,555023,python,[JIT],0x0000769391db7e12
1969491.0,554984,python,[JIT],0x00007603c14338b4
1969465.0,555009,python,python,mbuf_add_view
1969444.0,555046,python,[JIT],0x00007af47076aa4a
1969428.0,555009,python,python,PyObject_GC_Del
1969417.0,555023,python,[JIT],0x0000769391dbea98
1969384.0,555046,python,[JIT],0x00007af46fa9d2ff
1969383.0,555023,python,[JIT],0x0000769391dcfb34
1969376.0,555009,python,[JIT],0x00007a2d2f45e23c
1969350.0,554977,python,[JIT],0x0000747c7c5c4799
1969349.0,555035,python,[JIT],0x000074c039e7f0aa
1969328.0,554984,python,[JIT],0x00007603c16b294a
1969325.0,555009,python,[JIT],0x00007a2d2f460032
1969318.0,554977,python,[JIT],0x0000747c7bf383f5
1969317.0,555009,python,[JIT],0x00007a2d2f46612c
1969301.0,554998,python,[JIT],0x0000789554685958
1969280.0,555046,python,[JIT],0x00007af46fab97f5
1969234.0,554977,python,[JIT],0x0000747c7bf3d1be
1969212.0,555009,python,[JIT],0x00007a2d2f46076f
1969209.0,555035,python,_struct.cpython-316-x86_64-linux-gnu.so,PyLong_AsLong@plt
1969198.0,555023,python,[JIT],0x0000769391dcfc32
1969197.0,555009,python,[JIT],0x00007a2d2f45edc7
1969189.0,555023,python,[JIT],0x0000769391dd1ca8
1969164.0,554984,python,python,_Py_NewReference
1969116.0,555009,python,[JIT],0x00007a2d2f46085f
1969109.0,555023,python,[JIT],0x000076939203c502
1969088.0,554984,python,[JIT],0x00007603c1448134
1969071.0,554984,python,[JIT],0x00007603c16b35bd
1969055.0,554977,python,[JIT],0x0000747c7bf387f4
1969021.0,554977,python,[JIT],0x0000747c7bf1f3cb
1969017.0,554984,python,[JIT],0x00007603c14462b1
1968975.0,555046,python,[JIT],0x00007af46fad76ec
1968968.0,555046,python,[JIT],0x00007af46fad0fb7
1968961.0,555046,python,[JIT],0x00007af46fad0224
1968938.0,555009,python,python,_io_BytesIO_getvalue
1968930.0,555009,python,[JIT],0x00007a2d2f45d487
1968895.0,555009,python,[JIT],0x00007a2d2f46445a
1968884.0,555046,python,[JIT],0x00007af46fd3db2e
1968880.0,555046,python,[JIT],0x00007af46fada908
1968865.0,554984,python,python,do_mkvalue
1968843.0,555035,python,[JIT],0x000074c03a0e57e9
1968795.0,555035,python,[JIT],0x000074c039e7f1cf
1968792.0,555023,python,[JIT],0x0000769391d9b754
1968780.0,555023,python,[JIT],0x0000769391db70df
1968780.0,554998,python,python,PyObject_GC_Del
1968777.0,554977,python,[JIT],0x0000747c7c1a3ab9
1968777.0,555035,python,python,object_dealloc
1968739.0,554977,python,[JIT],0x0000747c7bf1f48c
1968720.0,554984,python,python,PyObject_ClearWeakRefs
1968692.0,554977,python,[JIT],0x0000747c7bf3d497
1968663.0,555023,python,[JIT],0x000076939203d933
1968643.0,554998,python,[JIT],0x00007895546a2f77
1968556.0,554977,python,[JIT],0x0000747c7c1a486f
1968552.0,554998,python,[JIT],0x00007895546a365b
1968550.0,555035,python,[JIT],0x000074c03a0e54c8
1968481.0,554977,python,[JIT],0x0000747c7c1a3b8b
1968464.0,554984,python,[JIT],0x00007603c142f22a
1968447.0,555035,python,[JIT],0x000074c039e81dfe
1968430.0,555009,python,[JIT],0x00007a2d2f6cc2eb
1968395.0,554984,python,python,_PyTuple_FromStackRefStealOnSuccess
1968393.0,555023,python,[JIT],0x0000769391db87c1
1968349.0,555009,python,[JIT],0x00007a2d2f466e2c
1968348.0,555023,python,[JIT],0x0000769391dd7920
1968336.0,554984,python,[JIT],0x00007603c1448295
1968326.0,554977,python,[JIT],0x0000747c7bf3e62a
1968320.0,554998,python,[JIT],0x00007895546a34d6
1968268.0,555009,python,[JIT],0x00007a2d2f4670ff
1968261.0,555009,python,[JIT],0x00007a2d2f44ca38
1968225.0,555023,python,[JIT],0x0000769392438226
1968133.0,555046,python,[JIT],0x00007af46fd3dbd9
1968118.0,554998,python,[JIT],0x00007895546a1232
1968107.0,554998,python,[JIT],0x000078955490c3c6
1968093.0,555046,python,[JIT],0x00007af47074c3fb
1968040.0,555023,python,python,PyObject_IsInstance
1968013.0,554977,python,[JIT],0x0000747c7bf3c1fd
1968008.0,555035,python,[JIT],0x000074c039e7ee1f
1967940.0,555046,python,[JIT],0x00007af46fada3db
1967920.0,554984,python,[JIT],0x00007603c16b2806
1967886.0,555023,python,[JIT],0x0000769391dd71d3
1967881.0,555023,python,[JIT],0x0000769391dd7773
1967881.0,554977,python,python,PyObject_GetIter
1967845.0,554998,python,python,type_name
1967665.0,555035,python,[JIT],0x000074c039e823d3
1967595.0,554977,python,[JIT],0x0000747c7c1a362d
1967560.0,555023,python,[JIT],0x0000769391db7000
1967553.0,555046,python,[JIT],0x00007af46fad1c88
1967538.0,554998,python,[JIT],0x000078955533300a
1967474.0,554984,python,[JIT],0x00007603c14473fd
1967375.0,554977,python,[JIT],0x0000747c7bf39115
1967362.0,554977,python,[JIT],0x0000747c7c6cd0b8
1967278.0,554984,python,[JIT],0x00007603c142d76c
1967226.0,554984,python,[JIT],0x00007603c144efa0
1967118.0,555035,python,[JIT],0x000074c039e802f4
1967068.0,555035,python,[JIT],0x000074c03a0e6b9e
1967048.0,555023,python,[JIT],0x000076939245d20f
1967013.0,555023,python,[JIT],0x0000769391dd677a
1966917.0,555023,python,[JIT],0x000076939257bd24
1966905.0,554984,python,[JIT],0x00007603c144b1f0
1966838.0,555009,python,[JIT],0x00007a2d2f4479e3
1966810.0,555046,python,[JIT],0x00007af46fa90081
1966790.0,554984,python,python,PyBytesWriter_GetData
1966770.0,555035,python,python,_PyType_AllocNoTrack
1966759.0,555023,python,[JIT],0x0000769391dd54f3
1966758.0,555009,python,[JIT],0x00007a2d2f4642c6
1966751.0,555035,python,[JIT],0x000074c039e7e141
1966740.0,554984,python,[JIT],0x00007603c144b51d
1966711.0,554984,python,[JIT],0x00007603c144c39d
1966603.0,555023,python,[JIT],0x0000769391dd56c8
1966600.0,555009,python,[JIT],0x00007a2d2f466d5c
1966558.0,555009,python,[JIT],0x00007a2d2f44c565
1966494.0,554977,python,python,PyObject_ClearWeakRefs
1966431.0,555023,python,[JIT],0x0000769391dce874
1966389.0,555046,python,[JIT],0x00007af46fab9fd6
1966388.0,555009,python,python,PyObject_IsInstance
1966349.0,555035,python,[JIT],0x000074c039e7f8ef
1966242.0,554998,python,[JIT],0x0000789555316d69
1966178.0,554998,python,[JIT],0x00007895546a1534
1966176.0,555046,python,[JIT],0x00007af46fad99a0
1966141.0,555035,python,[JIT],0x000074c039e780a8
1965988.0,555023,python,[JIT],0x000076939257bba0
1965985.0,554977,python,[JIT],0x0000747c7c6cd003
1965932.0,554977,python,[JIT],0x0000747c7c1a40ab
1965931.0,555009,python,[JIT],0x00007a2d2f464fa8
1965796.0,555046,python,[JIT],0x00007af46fabddcf
1965758.0,555035,python,[JIT],0x000074c039e781a7
1965496.0,554998,python,[JIT],0x00007895546a11e9
1965444.0,555023,python,[JIT],0x0000769391dd1032
1965311.0,554977,python,[JIT],0x0000747c7bf3865f
1965254.0,555009,python,[JIT],0x00007a2d2f460787
1965218.0,554977,python,[JIT],0x0000747c7bf381e1
1965204.0,554998,python,[JIT],0x00007895546a4958
1965153.0,555023,python,[JIT],0x0000769391db7271
1965124.0,555035,python,[JIT],0x000074c039e7e110
1965101.0,555035,python,[JIT],0x000074c039e613da
1965100.0,555023,python,[JIT],0x0000769391dd5b50
1964985.0,554998,python,python,_Py_hashtable_get_entry_generic
1964956.0,555035,python,python,_PyJit_translate_single_bytecode_to_trace
1964932.0,554998,python,[JIT],0x0000789554685762
1964905.0,555046,python,[JIT],0x00007af46fad9586
1964795.0,555046,python,[JIT],0x00007af46fad6e4a
1964712.0,555035,python,python,PyObject_GetOptionalAttr
1964548.0,555046,python,[JIT],0x00007af46fabe08f
1964514.0,554977,python,[JIT],0x0000747c7bf1e8cb
1964476.0,554977,python,[JIT],0x0000747c7bf3577a
1964376.0,554977,python,[JIT],0x0000747c7bf3777c
1964283.0,554977,python,[JIT],0x0000747c7bf3e76b
1964249.0,554977,python,[JIT],0x0000747c7bf1f60d
1964235.0,554998,python,[JIT],0x000078955469be59
1964053.0,555035,python,[JIT],0x000074c039e7e5d7
1963991.0,554984,python,python,_PyForIter_VirtualIteratorNext
1963945.0,554984,python,[JIT],0x00007603c16b3739
1963856.0,555046,python,[JIT],0x00007af46fa9c536
1963667.0,554998,python,python,builtin_hasattr
1963473.0,555035,python,[JIT],0x000074c039e80d76
1963374.0,554998,python,[JIT],0x0000789554908cd2
1963244.0,555035,python,[JIT],0x000074c039e7b2b0
1963231.0,554984,python,[JIT],0x00007603c144b177
1963183.0,555046,python,python,memset@plt
1963139.0,555035,python,[JIT],0x000074c039e798b1
1963081.0,555009,python,[JIT],0x00007a2d2f450735
1962979.0,555035,python,[JIT],0x000074c039e82822
1962967.0,555023,python,[JIT],0x0000769391dd520e
1962890.0,554984,python,python,unicode_dealloc
1962866.0,554998,python,python,new_dict.constprop.0
1962801.0,554998,python,[JIT],0x00007895546a1bf7
1962522.0,554977,python,[JIT],0x0000747c7bf3dc3c
1962342.0,554984,python,[JIT],0x00007603c1bced9e
1962310.0,555023,python,[JIT],0x0000769391dce950
1962269.0,554977,python,python,_PyStack_UnpackDict
1962214.0,554998,python,[JIT],0x00007895546a518e
1962213.0,555023,python,[JIT],0x0000769391db90e1
1962135.0,554977,python,[JIT],0x0000747c7bf3c617
1961900.0,555023,python,[JIT],0x0000769391db8e4e
1961784.0,555023,python,[JIT],0x0000769391dce354
1961337.0,554998,python,[JIT],0x00007895546a4a9b
1961060.0,554984,python,python,_PyObject_GetAttrStackRef
1960935.0,555046,python,[JIT],0x00007af46fad1d53
1960778.0,555046,python,[JIT],0x00007af46fd3dab3
1960778.0,554984,python,[JIT],0x00007603c1446918
1960662.0,555035,python,[JIT],0x000074c039e7eb6c
1960621.0,555035,python,[JIT],0x000074c039e7eb80
1960493.0,554998,python,[JIT],0x000078955469c4c4
1960488.0,554984,python,python,_PyJIT_Entry
1960355.0,554984,python,[JIT],0x00007603c144c213
1960323.0,554984,python,[JIT],0x00007603c144b59a
1960283.0,555035,python,python,find_empty_slot
1960258.0,554977,python,[JIT],0x0000747c7bf3f3bf
1960229.0,555023,python,[JIT],0x0000769391dd7404
1960216.0,555009,python,[JIT],0x00007a2d2f45dcc5
1960191.0,554984,python,[JIT],0x00007603c1bce25c
1960086.0,554984,python,[JIT],0x00007603c144bfd3
1960031.0,554984,python,[JIT],0x00007603c1446b24
1959688.0,555046,python,[JIT],0x00007af46fad23f5
1959599.0,555046,python,python,tuple_length
1959478.0,554977,python,[JIT],0x0000747c7bf360af
1959423.0,555035,python,[JIT],0x000074c039e770fa
1959344.0,554977,python,[JIT],0x0000747c7c5c4e5f
1959343.0,554998,python,[JIT],0x00007895546a1b44
1959271.0,554977,python,[JIT],0x0000747c7bf3c6da
1959141.0,554984,python,[JIT],0x00007603c16b2997
1959103.0,554984,python,[JIT],0x00007603c14004fb
1959081.0,555009,python,_struct.cpython-316-x86_64-linux-gnu.so,np_ubyte
1958981.0,555009,python,[JIT],0x00007a2d2f464116
1958799.0,555009,python,[JIT],0x00007a2d2f4644a7
1958768.0,554984,python,[JIT],0x00007603c144b4b3
1958744.0,554977,python,[JIT],0x0000747c7bf3e68d
1958637.0,555046,python,[JIT],0x00007af46fad6c55
1958498.0,554984,python,python,memcpy@plt
1958446.0,555009,python,[JIT],0x00007a2d2f467ab7
1958442.0,555046,python,[JIT],0x00007af46fad6640
1958426.0,555009,python,[JIT],0x00007a2d2f45e449
1958323.0,554998,python,[JIT],0x000078955469c332
1958248.0,555046,python,python,batched_dealloc
1958192.0,555009,python,python,PyTuple_FromArray.part.0
1958191.0,554984,python,[JIT],0x00007603c1447028
1958172.0,554998,python,[JIT],0x00007895546839f3
1958077.0,555046,python,[JIT],0x00007af46faba318
1958073.0,554984,python,[JIT],0x00007603c144b538
1958067.0,555023,python,[JIT],0x000076939203c325
1957915.0,555035,python,[JIT],0x000074c03a0e51bc
1957719.0,555009,python,[JIT],0x00007a2d2f447afb
1957666.0,554998,python,[JIT],0x00007895546a2d22
1957657.0,554984,python,[JIT],0x00007603c144708a
1957612.0,555035,python,[JIT],0x000074c03ae13357
1957557.0,554984,python,[JIT],0x00007603c1447d66
1957497.0,554984,python,libc.so.6,cfree@GLIBC_2.2.5
1957492.0,555035,python,python,_PyMem_RawFree
1957450.0,555023,python,[JIT],0x0000769391dd9287
1957415.0,554984,python,[JIT],0x00007603c144d2ab
1957408.0,554984,python,[JIT],0x00007603c144c7c9
1957245.0,555009,python,[JIT],0x00007a2d2f468604
1957243.0,555035,python,[JIT],0x000074c039e7efdb
1957233.0,555023,python,[JIT],0x0000769391dd5834
1957223.0,554984,python,[JIT],0x00007603c14445a0
1957193.0,555009,python,[JIT],0x00007a2d2f4649d5
1957047.0,554998,python,[JIT],0x00007895546a3e09
1957024.0,554984,python,[JIT],0x00007603c16b2d7e
1957013.0,554984,python,[JIT],0x00007603c144b5bc
1956971.0,555009,python,[JIT],0x00007a2d2f46835f
1956959.0,554984,python,[JIT],0x00007603c144740c
1956915.0,555035,python,[JIT],0x000074c039e618fa
1956903.0,554984,python,[JIT],0x00007603c142eb61
1956867.0,555009,python,[JIT],0x00007a2d2f46639e
1956849.0,555035,python,python,_Py_BuildMap_StackRefSteal
1956748.0,554984,python,[JIT],0x00007603c144ee16
1956739.0,554984,python,[JIT],0x00007603c144b425
1956726.0,555035,python,[JIT],0x000074c039e7f988
1956706.0,555009,python,[JIT],0x00007a2d2f45ef1f
1956696.0,555035,python,[JIT],0x000074c03a0e5381
1956694.0,555009,python,[JIT],0x00007a2d2f464ed9
1956664.0,554984,python,[JIT],0x00007603c142efcb
1956662.0,555023,python,[JIT],0x0000769391dd633b
1956605.0,554984,python,[JIT],0x00007603c144d06f
1956594.0,554984,python,python,dict_length
1956545.0,554998,python,python,list_iter
1956515.0,555009,python,[JIT],0x00007a2d2f4673cd
1956452.0,555009,python,[JIT],0x00007a2d2f45d970
1956451.0,555035,python,[JIT],0x000074c039e78c65
1956362.0,555009,python,[JIT],0x00007a2d2f464228
1956350.0,554998,python,[JIT],0x00007895546a2a1d
1956314.0,555009,python,[JIT],0x00007a2d2f6cf208
1956285.0,554977,python,python,func_descr_get
1956261.0,554977,python,[JIT],0x0000747c7c1a48e5
1956238.0,554984,python,[JIT],0x00007603c144e27e
1956232.0,555009,python,[JIT],0x00007a2d2f446a22
1956224.0,554984,python,[JIT],0x00007603c142eff5
1956213.0,555035,python,python,bytesiobuf_releasebuffer
1956187.0,554984,python,[JIT],0x00007603c144c3c3
1956110.0,555009,python,[JIT],0x00007a2d2f465160
1956086.0,555009,python,[JIT],0x00007a2d2f4648eb
1955999.0,555009,python,[JIT],0x00007a2d2f45e209
1955911.0,554977,python,python,memset@plt
1955895.0,555009,python,[JIT],0x00007a2d2f45db9d
1955809.0,555009,python,_struct.cpython-316-x86_64-linux-gnu.so,np_ulonglong
1955807.0,555009,python,python,memory_dealloc
1955801.0,554998,python,python,memcpy@plt
1955791.0,555035,python,[JIT],0x000074c039e614d1
1955751.0,555023,python,[JIT],0x000076939257b34c
1955733.0,555009,python,[JIT],0x00007a2d2f6c982c
1955714.0,554998,python,[JIT],0x000078955469b06d
1955712.0,554977,python,[JIT],0x0000747c7bf3f63d
1955709.0,554977,python,[JIT],0x0000747c7bf3d95d
1955568.0,554998,python,[JIT],0x0000789554683b7d
1955436.0,555023,python,[JIT],0x0000769391dcf8b7
1955409.0,554984,python,python,PyBytesWriter_GetData
1955405.0,554977,python,[JIT],0x0000747c7c1a37f2
1955275.0,555009,python,[JIT],0x00007a2d2f40c4c7
1955219.0,555009,python,[JIT],0x00007a2d2f46531a
1955185.0,554998,python,[JIT],0x00007895546a22f8
1955081.0,555009,python,[JIT],0x00007a2d2f4603f5
1955063.0,555046,python,python,PyTuple_New
1954972.0,554984,python,[JIT],0x00007603c144bd17
1954665.0,554984,python,python,PyImport_ImportModuleLevelObject
1954619.0,555046,python,libc.so.6,_int_malloc
1954596.0,554984,python,python,_PyObject_GC_New
1954562.0,554984,python,[JIT],0x00007603c1432f66
1954557.0,554998,python,[JIT],0x000078955469c340
1954509.0,554984,python,[JIT],0x00007603c144d51a
1954503.0,555035,python,[JIT],0x000074c039e7f304
1954475.0,555035,python,[JIT],0x000074c039e7f1c5
1954386.0,555009,python,[JIT],0x00007a2d2f45dac6
1954353.0,555023,python,[JIT],0x000076939203cee5
1954218.0,555009,python,[JIT],0x00007a2d2f4646b7
1954149.0,555035,python,[JIT],0x000074c039e7a7e0
1954066.0,555046,python,python,dictiter_dealloc
1953907.0,555009,python,[JIT],0x00007a2d2f464185
1953756.0,554984,python,[JIT],0x00007603c144b232
1953678.0,554984,python,[JIT],0x00007603c144b574
1953655.0,554998,python,[JIT],0x00007895546a117b
1953542.0,554998,python,python,dictview_dealloc
1953408.0,555023,python,[JIT],0x0000769391db8ecd
1953361.0,554977,python,[JIT],0x0000747c7bf355f2
1953359.0,555009,python,[JIT],0x00007a2d2f45f0a0
1953312.0,554984,python,[JIT],0x00007603c144ea9b
1953126.0,554977,python,[JIT],0x0000747c7bf3d35e
1952880.0,555035,python,[JIT],0x000074c039e60a4d
1952809.0,555009,python,python,_Py_CallBuiltinClass_StackRef
1952695.0,555009,python,[JIT],0x00007a2d2f465213
1952530.0,555009,python,[JIT],0x00007a2d2f467462
1952364.0,555009,python,[JIT],0x00007a2d2f46040c
1952237.0,554977,python,[JIT],0x0000747c7bf40384
1952198.0,554998,python,[JIT],0x0000789554685650
1952022.0,555023,python,[JIT],0x000076939203d58b
1951916.0,554998,python,[JIT],0x00007895546a12a0
1951900.0,555023,python,[JIT],0x0000769391dbe31e
1951665.0,555035,python,[JIT],0x000074c039e7f9f1
1951497.0,555023,python,[JIT],0x000076939203c62d
1951477.0,554984,python,[JIT],0x00007603c144477a
1951383.0,555009,python,[JIT],0x00007a2d2fa94000
1951339.0,555009,python,[JIT],0x00007a2d2f460a93
1951021.0,555035,python,[JIT],0x000074c039e7b1d8
1950741.0,555009,python,[JIT],0x00007a2d2f45dd72
1950606.0,555009,python,[JIT],0x00007a2d2f45efe8
1950185.0,554984,python,[JIT],0x00007603c142f740
1950128.0,554984,python,[JIT],0x00007603c144e989
1949769.0,555023,python,python,batched_new
1949627.0,554998,python,[JIT],0x0000789554683678
1949576.0,555046,python,python,PyLong_AsLong
1949223.0,554998,python,[JIT],0x0000789554684481
1949217.0,554998,python,[JIT],0x00007895546a42e9
1949163.0,555009,python,[JIT],0x00007a2d2f447fde
1948306.0,555009,python,[JIT],0x00007a2d2f46124c
1948259.0,554984,python,[JIT],0x00007603c1446f4d
1947921.0,554984,python,libc.so.6,malloc_consolidate
1947616.0,554984,python,python,_PyFunction_Vectorcall
1947506.0,554984,python,[JIT],0x00007603c14468f4
1947362.0,554977,python,python,_PyMem_RawFree
1946579.0,555009,python,[JIT],0x00007a2d2f45ec78
1946482.0,554998,python,python,PyErr_Occurred
1946335.0,555009,python,python,memory_length
1945956.0,555009,python,[JIT],0x00007a2d2f45d824
1945921.0,555046,python,[JIT],0x00007af46fad8c8b
1945766.0,555046,python,python,long_richcompare
1945190.0,555035,python,[JIT],0x000074c039e72d81
1944734.0,554998,python,[JIT],0x000078955469a5f9
1944498.0,554998,python,python,tuple_iter
1943737.0,554984,python,[JIT],0x00007603c1446486
1943698.0,555009,python,[JIT],0x00007a2d2f4609c8
1943214.0,555035,python,[JIT],0x000074c03ae132ff
1943173.0,555023,python,[JIT],0x0000769391dd7891
1942709.0,555009,python,[JIT],0x00007a2d2f466cbd
1942612.0,555009,python,[JIT],0x00007a2d2f44cb39
1941995.0,555009,python,[JIT],0x00007a2d2f45a32d
1941310.0,554977,python,[JIT],0x0000747c7bf3fa00
1941074.0,554984,python,[JIT],0x00007603c144da61
1941052.0,555009,python,[JIT],0x00007a2d2f450119
1940738.0,554984,python,[JIT],0x00007603c144ec3d
1940450.0,554998,python,[JIT],0x00007895549084a7
1940333.0,555009,python,[JIT],0x00007a2d2f464171
1940279.0,555009,python,[JIT],0x00007a2d2f467646
1940037.0,555009,python,[JIT],0x00007a2d2f465c9f
1939779.0,554998,python,[JIT],0x00007895546a17b2
1939464.0,555035,python,[JIT],0x000074c039e784c2
1938741.0,555009,python,python,PyMethod_New
1937742.0,555009,python,[JIT],0x00007a2d2f4487b4
1937697.0,555009,python,[JIT],0x00007a2d2f44657f
1937590.0,555023,python,[JIT],0x0000769391dd5e31
1937153.0,555046,python,python,PyUnicode_Contains
1935666.0,554998,python,[JIT],0x00007895553167e1
1934487.0,555023,python,[JIT],0x0000769391dd918b
1934399.0,555009,python,python,subtype_dealloc
1933990.0,554984,python,[JIT],0x00007603c144dc6e
1933748.0,555046,python,python,build_indices_generic
1933690.0,554984,python,[kernel.kallsyms],__irq_exit_rcu
1933584.0,554998,python,[JIT],0x00007895546833ec
1932960.0,555046,python,python,PyType_GetModuleByDef
1932940.0,555046,python,libc.so.6,_int_realloc
1932840.0,555035,python,[JIT],0x000074c03ae13748
1932795.0,555046,python,_struct.cpython-316-x86_64-linux-gnu.so,np_ubyte
1932787.0,555046,python,python,resize_buffer_lock_held
1932749.0,554984,python,[kernel.kallsyms],read_tsc
1932746.0,555046,python,python,PyUnicode_AsUTF8AndSize
1932719.0,554984,python,[kernel.kallsyms],clockevents_program_event
1932652.0,554984,python,[kernel.kallsyms],fpregs_assert_state_consistent
1932371.0,554984,python,[kernel.kallsyms],error_return
1931714.0,555009,python,[JIT],0x00007a2d2f461057
1929142.0,555009,python,[JIT],0x00007a2d2f4642da
1928924.0,555046,python,[JIT],0x00007af46fac0fb2
1927926.0,555046,python,python,_PyCallMethodDescriptorFastWithKeywords_StackRef
1927377.0,555009,python,[JIT],0x00007a2d2f4597a9
1927059.0,555009,python,python,dict_dealloc
1926859.0,555046,python,python,find_empty_slot
1926468.0,555009,python,[JIT],0x00007a2d2f46528a
1926193.0,555035,python,[JIT],0x000074c039e78ee4
1924717.0,555035,python,[JIT],0x000074c039e78ff8
1921798.0,555046,python,[JIT],0x00007af46fada695
1918948.0,555046,python,python,batched_next
1915780.0,555035,python,[JIT],0x000074c039e7f830
1915441.0,554998,python,[JIT],0x000078955469548d
1914253.0,555046,python,python,_PyType_LookupStackRefAndVersion
1914219.0,555046,python,python,type_call
1914116.0,555046,python,[JIT],0x00007af46fa96f35
1913020.0,555046,python,python,PyBytesWriter_Create
1912054.0,554984,python,[JIT],0x00007603c14339ab
1910590.0,555046,python,python,bytes_buffer_getbuffer
1907254.0,555046,python,python,PyType_GenericAlloc
1904938.0,555046,python,libc.so.6,_int_free_maybe_consolidate
1902301.0,555023,python,[JIT],0x000076939203d040
1901338.0,555046,python,python,builtin_getattr
1900232.0,555035,python,[JIT],0x000074c039e7efa8
1899244.0,554984,python,[JIT],0x00007603c16b2aea
1898271.0,555046,python,python,PyBytes_FromStringAndSize
1896863.0,555035,python,[JIT],0x000074c03a0e59f2
1896589.0,555046,python,python,PyObject_ClearManagedDict
1895356.0,554984,python,[JIT],0x00007603c140565c
1894186.0,555023,python,[JIT],0x000076939203c613
1894156.0,555023,python,[JIT],0x0000769391dd7e1f
1892826.0,554977,python,[JIT],0x0000747c7c1a0088
1890498.0,555046,python,[JIT],0x00007af46fad9626
1888544.0,555046,python,python,unicode_encode_utf8
1887303.0,555023,python,python,PyType_GenericAlloc
1883662.0,555009,python,[JIT],0x00007a2d2f467989
1882787.0,555023,python,[JIT],0x0000769391dd8a00
1878097.0,555046,python,python,builtin_id
1877103.0,554984,python,[JIT],0x00007603c14371fc
1875891.0,555035,python,[JIT],0x000074c039e72cac
1875869.0,555046,python,[JIT],0x00007af46fd3d347
1872606.0,554984,python,python,PyLong_AsSsize_t
1871705.0,555023,python,[JIT],0x0000769391db9a04
1860298.0,555046,python,python,_PyType_AllocNoTrack
1856701.0,555035,python,[JIT],0x000074c039e61c7b
1853682.0,554984,python,python,method_vectorcall
1839996.0,554998,python,[JIT],0x0000789554683000
1832344.0,555046,python,[JIT],0x00007af46fad9f12
1825619.0,555009,python,python,_Py_type_getattro
1816873.0,555035,python,[JIT],0x000074c039e806fb
1795746.0,555009,python,python,PyUnicode_AsUTF8AndSize
1790767.0,555035,python,[JIT],0x000074c039e81ee9
1651658.0,555046,python,[JIT],0x00007af46fab88cb
1583382.0,555035,python,python,unicode_encode_utf8
1402048.0,555023,python,python,_PyLong_AsByteArray
1222627.0,554984,python,python,object___reduce_ex__
1115419.0,554998,python,[JIT],0x00007895553344ef
996044.0,554984,python,[JIT],0x00007603c143f1ed
995804.0,555023,python,[JIT],0x000076939203c362
993924.0,555035,python,[JIT],0x000074c039e35390
992678.0,555023,python,[JIT],0x0000769391dc9d81
992498.0,555035,python,[JIT],0x000074c039e62337
992332.0,554984,python,[JIT],0x00007603c16b259d
992311.0,554984,python,[JIT],0x00007603c16b2a7b
992303.0,554984,python,[kernel.kallsyms],sync_regs
992216.0,554998,python,[JIT],0x0000789554909025
992195.0,555046,python,[JIT],0x00007af46fd3dbc0
992162.0,554984,python,python,_PyJit_translate_single_bytecode_to_trace
992158.0,554998,python,[JIT],0x000078955469748e
992146.0,554984,python,[JIT],0x00007603c24132d0
992128.0,554984,python,[JIT],0x00007603c1444958
992118.0,554984,python,[JIT],0x00007603c16b2928
992118.0,554984,python,[JIT],0x00007603c16b383a
992110.0,554984,python,[JIT],0x00007603c16b281d
992083.0,554984,python,python,PyObject_Malloc
992075.0,554998,python,[JIT],0x00007895546a5822
992070.0,554998,python,libc.so.6,_int_free
992059.0,554998,python,[JIT],0x000078955469bdd8
992027.0,554998,python,[JIT],0x000078955469a1e6
992010.0,554984,python,[JIT],0x00007603c144bc19
992008.0,554984,python,python,insert_to_emptydict
992002.0,554998,python,[JIT],0x00007895546a477a
991999.0,554998,python,[JIT],0x00007895553331a9
991998.0,554984,python,[JIT],0x00007603c1446100
991996.0,554998,python,[JIT],0x00007895546a16af
991995.0,554998,python,[JIT],0x00007895546a19d5
991995.0,554998,python,[JIT],0x00007895549093be
991993.0,554998,python,[JIT],0x0000789555333209
991987.0,554984,python,[JIT],0x00007603c1bcec32
991984.0,554998,python,[JIT],0x00007895546a3060
991969.0,554998,python,[JIT],0x00007895549080ce
991968.0,554998,python,python,optimize_uops.isra.0
991965.0,554998,python,[JIT],0x0000789554908003
991964.0,555023,python,[JIT],0x0000769391dcaaa6
991961.0,554998,python,[JIT],0x00007895546a1177
991960.0,554998,python,[JIT],0x000078955469dd7a
991953.0,555035,python,[JIT],0x000074c039e77fad
991950.0,554998,python,[JIT],0x00007895549086ce
991935.0,554998,python,[JIT],0x00007895546a1d1c
991934.0,554998,python,[JIT],0x000078955469d01d
991929.0,554998,python,[JIT],0x00007895546a2dfb
991927.0,554984,python,[JIT],0x00007603c144c4d2
991914.0,555046,python,[JIT],0x00007af46fab8b04
991913.0,555035,python,[JIT],0x000074c039e7735c
991912.0,554998,python,[JIT],0x00007895546a3a61
991908.0,554998,python,[JIT],0x00007895549081c1
991898.0,554998,python,[JIT],0x000078955469d4f2
991883.0,554984,python,[JIT],0x00007603c1444de5
991880.0,554998,python,python,list_contains
991875.0,554984,python,[JIT],0x00007603c2413745
991873.0,554984,python,[JIT],0x00007603c241357b
991870.0,555023,python,[JIT],0x0000769391dcf4d7
991870.0,555035,python,python,getset_get
991868.0,554984,python,[JIT],0x00007603c1447846
991867.0,554984,python,[JIT],0x00007603c144b452
991865.0,554984,python,[JIT],0x00007603c144cdac
991865.0,554998,python,[JIT],0x000078955469d22f
991860.0,555046,python,[JIT],0x00007af47076a012
991856.0,555023,python,[JIT],0x0000769391dcf412
991855.0,554998,python,[JIT],0x00007895546a3d8e
991852.0,554984,python,[JIT],0x00007603c14482eb
991848.0,554984,python,[JIT],0x00007603c14457f6
991845.0,555009,python,[JIT],0x00007a2d2f460beb
991845.0,555035,python,python,PyObject_RichCompareBool
991844.0,554984,python,[JIT],0x00007603c144c09c
991839.0,555046,python,python,PyObject_Free
991838.0,555023,python,[JIT],0x0000769391dd58cd
991832.0,555046,python,libc.so.6,malloc
991826.0,554998,python,[JIT],0x000078955469af2a
991826.0,554998,python,[JIT],0x00007895546a3c73
991826.0,555009,python,[JIT],0x00007a2d2f6c99f6
991825.0,554998,python,[JIT],0x00007895546a3bc1
991824.0,554998,python,[JIT],0x00007895546a2ea4
991820.0,555035,python,[JIT],0x000074c039e77adf
991815.0,554998,python,[JIT],0x00007895549092ee
991814.0,555035,python,[JIT],0x000074c039e7e9c3
991813.0,554998,python,[JIT],0x000078955469c4ba
991812.0,555046,python,[JIT],0x00007af46fad9e9a
991811.0,555009,python,[JIT],0x00007a2d2f6c90a3
991808.0,555009,python,[JIT],0x00007a2d2fa9430f
991807.0,554998,python,[JIT],0x00007895546a2d42
991806.0,555023,python,[JIT],0x0000769391dcff77
991806.0,554998,python,[JIT],0x0000789554908263
991804.0,554998,python,[JIT],0x00007895546a22e9
991801.0,554998,python,[JIT],0x0000789555334036
991797.0,555009,python,[JIT],0x00007a2d2f45a35e
991796.0,555023,python,[JIT],0x000076939203d2ee
991796.0,554984,python,[JIT],0x00007603c144760f
991796.0,555009,python,[JIT],0x00007a2d2f460e61
991792.0,555023,python,[JIT],0x0000769391db9017
991792.0,555023,python,[JIT],0x0000769391dcffb7
991792.0,554998,python,[JIT],0x00007895546a1e2e
991791.0,554998,python,[JIT],0x00007895546a11fd
991790.0,555035,python,[JIT],0x000074c039e7efd5
991788.0,554984,python,[JIT],0x00007603c1447dd0
991788.0,554998,python,[JIT],0x00007895546a10c0
991787.0,554984,python,[JIT],0x00007603c144d5f6
991787.0,554977,python,[JIT],0x0000747c7bef74e5
991785.0,554984,python,[JIT],0x00007603c143f4aa
991785.0,554984,python,[JIT],0x00007603c144bcde
991784.0,555035,python,[JIT],0x000074c039e7e85e
991783.0,554998,python,[JIT],0x00007895546a27f0
991782.0,555046,python,[JIT],0x00007af46facf50e
991778.0,555046,python,[JIT],0x00007af46fd413c6
991778.0,555009,python,python,PyLong_AsLong
991777.0,555023,python,[JIT],0x0000769391dd517f
991775.0,554998,python,[JIT],0x0000789555333dbe
991773.0,555035,python,[JIT],0x000074c039e73d5f
991772.0,555009,python,[JIT],0x00007a2d2f6cc467
991771.0,555035,python,[JIT],0x000074c039e7706f
991766.0,554998,python,[JIT],0x000078955533330f
991764.0,555035,python,[JIT],0x000074c03a0e57cd
991763.0,554998,python,[JIT],0x00007895546838d3
991763.0,554998,python,[JIT],0x000078955469e167
991758.0,554998,python,[JIT],0x000078955469520d
991756.0,554984,python,[JIT],0x00007603c16b2bb8
991754.0,554998,python,[JIT],0x0000789555316b68
991753.0,554984,python,[JIT],0x00007603c24136dc
991753.0,554998,python,[JIT],0x0000789554909da7
991750.0,554984,python,[JIT],0x00007603c1441452
991750.0,555046,python,[JIT],0x00007af46fad2c14
991750.0,555035,python,[JIT],0x000074c03a0e5f09
991748.0,554998,python,[JIT],0x00007895546a1d4d
991746.0,554984,python,[JIT],0x00007603c144cc04
991746.0,554998,python,[JIT],0x0000789555333273
991745.0,555009,python,[JIT],0x00007a2d2f4678dc
991744.0,555023,python,[JIT],0x000076939203c997
991744.0,555009,python,[JIT],0x00007a2d2f467c9e
991743.0,554984,python,python,_PyLong_FromMedium
991742.0,555023,python,[JIT],0x0000769391db8e66
991740.0,555046,python,[JIT],0x00007af46fad1da1
991738.0,555009,python,[JIT],0x00007a2d2f468505
991737.0,555035,python,[JIT],0x000074c03a0e62f3
991736.0,554998,python,[JIT],0x00007895546a4793
991732.0,554984,python,[JIT],0x00007603c14463e8
991732.0,554984,python,[JIT],0x00007603c16b3857
991732.0,555009,python,[JIT],0x00007a2d2f6c7904
991730.0,554998,python,[JIT],0x000078955469a1c3
991728.0,555035,python,libc.so.6,_int_malloc
991727.0,555009,python,[JIT],0x00007a2d2f458d9e
991726.0,555035,python,[JIT],0x000074c039e743cc
991725.0,555009,python,python,_PyObject_Realloc
991725.0,555035,python,[JIT],0x000074c039e7a63f
991724.0,554984,python,[JIT],0x00007603c1446400
991722.0,554984,python,[JIT],0x00007603c1447de0
991721.0,554998,python,[JIT],0x000078955469dcf1
991720.0,554984,python,[JIT],0x00007603c14380e5
991718.0,554998,python,[JIT],0x0000789555333359
991717.0,554984,python,[JIT],0x00007603c144e511
991716.0,554984,python,[JIT],0x00007603c16b2867
991715.0,554998,python,python,_PyTypeCache_Lookup
991712.0,555023,python,[JIT],0x0000769391dd5b08
991712.0,554998,python,[JIT],0x000078955490972b
991711.0,555035,python,[JIT],0x000074c039e7a313
991711.0,555035,python,[JIT],0x000074c039e7fc93
991709.0,555046,python,[JIT],0x00007af46facf5d4
991708.0,555023,python,[JIT],0x0000769391db72c6
991708.0,554984,python,[JIT],0x00007603c16b353a
991707.0,555035,python,[JIT],0x000074c039e7e9c7
991707.0,554998,python,python,PyObject_RichCompare
991707.0,555009,python,[JIT],0x00007a2d2fa94102
991704.0,554998,python,[JIT],0x000078955469bbab
991704.0,554998,python,[JIT],0x00007895553167de
991699.0,554977,python,[JIT],0x0000747c7bf36ad4
991698.0,555046,python,[JIT],0x00007af46fd3e3a1
991695.0,555023,python,[JIT],0x0000769391dd5811
991694.0,555023,python,[JIT],0x000076939257b15e
991693.0,554998,python,[JIT],0x000078955469a204
991692.0,555035,python,[JIT],0x000074c039e6e2a9
991691.0,555046,python,[JIT],0x00007af46fd3f8c4
991688.0,554984,python,[JIT],0x00007603c144d68f
991688.0,554984,python,[JIT],0x00007603c16b2f01
991687.0,554984,python,[JIT],0x00007603c142eab7
991686.0,554984,python,[JIT],0x00007603c143fc12
991685.0,555023,python,[JIT],0x000076939257b548
991683.0,555046,python,[JIT],0x00007af46fad694f
991682.0,555046,python,[JIT],0x00007af46fad7b60
991679.0,555035,python,[JIT],0x000074c039e7f04f
991679.0,554984,python,[JIT],0x00007603c144448a
991677.0,555023,python,[JIT],0x0000769392e14711
991676.0,555009,python,python,_PyObject_GC_Link
991675.0,554984,python,[JIT],0x00007603c1446bab
991674.0,554984,python,[JIT],0x00007603c2413eba
991673.0,554984,python,[JIT],0x00007603c14454d7
991671.0,555023,python,[JIT],0x0000769391dd8cd8
991671.0,555009,python,[JIT],0x00007a2d2f46089c
991671.0,555035,python,[JIT],0x000074c039e78034
991670.0,555035,python,[JIT],0x000074c039e798a5
991669.0,555023,python,[JIT],0x0000769391dd20bb
991668.0,554977,python,[JIT],0x0000747c7bf3fe6f
991667.0,555035,python,[JIT],0x000074c039e78a3d
991666.0,555035,python,[JIT],0x000074c039e61d0e
991666.0,555009,python,[JIT],0x00007a2d2f465c53
991663.0,555035,python,[JIT],0x000074c03ae212d0
991661.0,555046,python,python,enum_dealloc
991660.0,554998,python,[JIT],0x000078955469d2a2
991658.0,555009,python,[JIT],0x00007a2d2f45d524
991656.0,555009,python,[JIT],0x00007a2d2f464f11
991656.0,555035,python,[JIT],0x000074c039e7a5dc
991655.0,555035,python,[JIT],0x000074c039e7429a
991654.0,555035,python,[JIT],0x000074c039e7e6da
991654.0,555023,python,[JIT],0x000076939203ca0f
991653.0,555046,python,[JIT],0x00007af46fad29f8
991652.0,554984,python,[JIT],0x00007603c1437e7a
991651.0,555023,python,[JIT],0x0000769391dd5dd0
991651.0,554984,python,python,long_richcompare
991651.0,554998,python,[JIT],0x00007895546a133c
991651.0,555009,python,[JIT],0x00007a2d2f6c9f26
991649.0,555023,python,python,memset@plt
991649.0,555009,python,[JIT],0x00007a2d2f46133f
991648.0,554998,python,[JIT],0x00007895546a2718
991647.0,554984,python,[JIT],0x00007603c144b50f
991646.0,555035,python,[JIT],0x000074c039e81a9b
991644.0,555023,python,[JIT],0x0000769391dd08f4
991644.0,555046,python,[JIT],0x00007af47076a112
991644.0,555035,python,[JIT],0x000074c039e7f8c5
991643.0,555046,python,[JIT],0x00007af46fab8305
991642.0,555035,python,[JIT],0x000074c039e6b586
991642.0,554998,python,[JIT],0x00007895546a2b90
991640.0,555035,python,[JIT],0x000074c039e7b161
991640.0,555035,python,[JIT],0x000074c039e7efa8
991639.0,555046,python,[JIT],0x00007af46fad660c
991639.0,555035,python,[JIT],0x000074c039e74482
991638.0,555035,python,[JIT],0x000074c03a0e6578
991637.0,554984,python,[JIT],0x00007603c1446fcc
991637.0,554984,python,[JIT],0x00007603c241310c
991637.0,555035,python,[JIT],0x000074c03a0e6989
991636.0,554984,python,[JIT],0x00007603c144b2c6
991636.0,555046,python,[JIT],0x00007af46fad2e00
991635.0,555035,python,[JIT],0x000074c039e79e4d
991634.0,555023,python,[JIT],0x0000769391dce56f
991631.0,554998,python,[JIT],0x000078955490902c
991629.0,555009,python,[JIT],0x00007a2d2f6c9469
991627.0,554998,python,[JIT],0x0000789555316242
991627.0,554984,python,[JIT],0x00007603c144435c
991626.0,555046,python,[JIT],0x00007af46facf0a9
991625.0,555023,python,[JIT],0x0000769391dcff3f
991624.0,555023,python,[JIT],0x0000769391dd018e
991624.0,554984,python,[JIT],0x00007603c143859c
991624.0,554977,python,[JIT],0x0000747c7bf3cfd3
991623.0,554984,python,[JIT],0x00007603c1bcee2d
991623.0,554984,python,[JIT],0x00007603c1bceea1
991623.0,555009,python,[JIT],0x00007a2d2f45830d
991622.0,554984,python,[JIT],0x00007603c144b979
991622.0,555046,python,python,bytesio_dealloc
991622.0,555046,python,[JIT],0x00007af46fad833d
991620.0,555046,python,[JIT],0x00007af46fad9174
991620.0,555009,python,[JIT],0x00007a2d2f6cbedc
991619.0,555046,python,[JIT],0x00007af46fab8cc7
991619.0,555035,python,python,_PyJit_translate_single_bytecode_to_trace
991617.0,555046,python,[JIT],0x00007af46fad81d3
991617.0,554984,python,[JIT],0x00007603c144d087
991616.0,555023,python,[JIT],0x0000769391dcf5a9
991616.0,554984,python,[JIT],0x00007603c1447661
991616.0,554984,python,[JIT],0x00007603c144b8eb
991615.0,555046,python,[JIT],0x00007af46fac2a5d
991615.0,554998,python,[JIT],0x000078955469dde0
991614.0,555023,python,[JIT],0x0000769391dcf8ba
991614.0,555009,python,[JIT],0x00007a2d2f458204
991613.0,555023,python,[JIT],0x0000769392438391
991612.0,554998,python,python,memset@plt
991612.0,555046,python,[JIT],0x00007af46fad9475
991610.0,555023,python,[JIT],0x0000769391dd79d5
991610.0,554984,python,[JIT],0x00007603c144c06d
991610.0,554998,python,[JIT],0x000078955468495e
991610.0,555046,python,[JIT],0x00007af46fad03a5
991609.0,555046,python,[JIT],0x00007af470727231
991607.0,554984,python,python,PyMem_Free
991604.0,555035,python,[JIT],0x000074c039e7a72f
991603.0,555046,python,[JIT],0x00007af46fad8aa5
991603.0,554998,python,[JIT],0x0000789554695cac
991603.0,555046,python,[JIT],0x00007af46fad729f
991602.0,555035,python,[JIT],0x000074c039e80fa8
991602.0,554984,python,[JIT],0x00007603c1bcec90
991602.0,555035,python,[JIT],0x000074c039e78516
991600.0,555046,python,[JIT],0x00007af46fad3379
991600.0,554998,python,[JIT],0x000078955469d8e5
991600.0,555009,python,python,_PyJit_translate_single_bytecode_to_trace
991600.0,555009,python,python,_PyType_AllocNoTrack
991598.0,555035,python,[JIT],0x000074c039e7fc8a
991598.0,554998,python,[JIT],0x000078955469dc3c
991598.0,555046,python,[JIT],0x00007af46fad63e3
991597.0,554998,python,[JIT],0x0000789555333313
991594.0,555023,python,[JIT],0x0000769391dcfc47
991594.0,554998,python,[JIT],0x0000789555333439
991594.0,555009,python,[JIT],0x00007a2d2f45f121
991591.0,555035,python,[JIT],0x000074c039e78f9a
991591.0,555023,python,[JIT],0x0000769391db8f34
991591.0,554998,python,[JIT],0x000078955469da3a
991591.0,555009,python,[JIT],0x00007a2d2f6cbab1
991589.0,555046,python,[JIT],0x00007af46fd3e0b1
991588.0,555023,python,[JIT],0x0000769391dcf800
991588.0,554998,python,[JIT],0x0000789555316eb0
991587.0,555035,python,[JIT],0x000074c039e7896c
991587.0,554984,python,[JIT],0x00007603c144ead6
991586.0,555023,python,[JIT],0x000076939203cc0b
991586.0,554977,python,[JIT],0x0000747c7bf35157
991585.0,555035,python,[JIT],0x000074c039e60781
991585.0,555035,python,[JIT],0x000074c039e7f63e
991581.0,554998,python,[JIT],0x000078955531616a
991581.0,554984,python,python,_Py_CheckFunctionResult
991581.0,555009,python,python,batched_next
991581.0,555009,python,[JIT],0x00007a2d2f45e151
991581.0,555009,python,[JIT],0x00007a2d2f4656a4
991580.0,555023,python,[JIT],0x000076939203c010
991579.0,554984,python,[JIT],0x00007603c14480b8
991579.0,555046,python,[JIT],0x00007af46fad0131
991579.0,554998,python,[JIT],0x00007895546a43cd
991578.0,554984,python,[JIT],0x00007603c144ce37
991578.0,554998,python,[JIT],0x000078955531654f
991576.0,555035,python,[JIT],0x000074c039e7e67b
991576.0,554977,python,[JIT],0x0000747c7c6cd8d7
991576.0,555009,python,[JIT],0x00007a2d2f45f392
991575.0,555023,python,[JIT],0x000076939257b6be
991575.0,554984,python,[JIT],0x00007603c1bcea87
991575.0,555009,python,[JIT],0x00007a2d2fa9426c
991574.0,555035,python,[JIT],0x000074c039e7756b
991574.0,555035,python,[JIT],0x000074c039e7923f
991574.0,555023,python,python,dictview_dealloc
991574.0,555046,python,[JIT],0x00007af46fabe303
991572.0,555023,python,[JIT],0x0000769391dce2dc
991572.0,555009,python,[JIT],0x00007a2d2f45d748
991569.0,554998,python,[JIT],0x000078955468531d
991569.0,554998,python,[JIT],0x0000789554908d2a
991569.0,555009,python,python,_PyType_GetDict
991568.0,554984,python,[JIT],0x00007603c1aa9983
991568.0,555046,python,[JIT],0x00007af46fad64f3
991568.0,554984,python,[JIT],0x00007603c16b2e85
991568.0,555035,python,[JIT],0x000074c03ae13e65
991567.0,555023,python,[JIT],0x000076939203c826
991567.0,555035,python,[JIT],0x000074c039e6e389
991566.0,555035,python,[JIT],0x000074c039e7e8ca
991565.0,555046,python,[JIT],0x00007af46fad8afd
991563.0,554984,python,[JIT],0x00007603c142d3a1
991563.0,555009,python,python,PyObject_RichCompareBool
991561.0,555046,python,[JIT],0x00007af46fad6052
991560.0,555035,python,[JIT],0x000074c039e82007
991560.0,555023,python,python,_Py_BuildMap_StackRefSteal
991559.0,554998,python,[JIT],0x00007895546a1dd0
991559.0,554984,python,[JIT],0x00007603c144c542
991558.0,555023,python,[JIT],0x0000769391db83a6
991558.0,555046,python,[JIT],0x00007af46fd411ea
991558.0,554977,python,[JIT],0x0000747c7bf38e55
991558.0,554984,python,[JIT],0x00007603c1448285
991558.0,555035,python,python,memory_releasebuf
991558.0,555035,python,[JIT],0x000074c039e72807
991557.0,555023,python,[JIT],0x0000769391dd8191
991557.0,554998,python,[JIT],0x000078955469d9db
991556.0,554984,python,[JIT],0x00007603c144c4a9
991556.0,554984,python,[JIT],0x00007603c144e646
991555.0,555035,python,[JIT],0x000074c03ae138e7
991555.0,554984,python,[JIT],0x00007603c144c04f
991554.0,554998,python,[JIT],0x000078955469b2ca
991554.0,554998,python,[JIT],0x000078955469b8a3
991554.0,554998,python,[JIT],0x000078955469d6c9
991554.0,555046,python,[JIT],0x00007af46fad7629
991553.0,555023,python,[JIT],0x0000769391dc10d6
991553.0,555046,python,[JIT],0x00007af46fab8c2a
991553.0,555046,python,[JIT],0x00007af46fd3e885
991553.0,554977,python,[JIT],0x0000747c7bf3f309
991553.0,555009,python,[JIT],0x00007a2d2f464c44
991553.0,555035,python,[JIT],0x000074c039e7ef47
991552.0,555046,python,python,object_isinstance
991551.0,555035,python,[JIT],0x000074c039e78be9
991551.0,555023,python,[JIT],0x0000769391dc523d
991551.0,554984,python,[JIT],0x00007603c24130c5
991549.0,555023,python,[JIT],0x0000769391dd8765
991549.0,555046,python,[JIT],0x00007af46fd3db9d
991549.0,555035,python,python,_io_BytesIO_getbuffer
991548.0,555035,python,[JIT],0x000074c039e7a7c2
991548.0,554998,python,[JIT],0x0000789554690620
991548.0,554998,python,[JIT],0x00007895549092d8
991547.0,555023,python,python,PyTuple_FromArray
991547.0,555023,python,[JIT],0x0000769391dcfc65
991547.0,554984,python,[JIT],0x00007603c14471b2
991546.0,555009,python,[JIT],0x00007a2d2f466ae5
991546.0,555035,python,[JIT],0x000074c039e81e10
991545.0,555023,python,[JIT],0x0000769391db845e
991544.0,555035,python,[JIT],0x000074c039e78e22
991544.0,554998,python,[JIT],0x000078955469cf47
991543.0,555046,python,[JIT],0x00007af46facf29a
991541.0,555035,python,[JIT],0x000074c039e72000
991541.0,555035,python,[JIT],0x000074c03a0e59dd
991541.0,555046,python,[JIT],0x00007af46fac3f6f
991541.0,554977,python,[JIT],0x0000747c7c6cd25e
991539.0,555023,python,[JIT],0x000076939257bdf1
991538.0,555023,python,[JIT],0x0000769392438e7f
991538.0,554984,python,[JIT],0x00007603c2414718
991537.0,555023,python,[JIT],0x0000769391dd7885
991537.0,555023,python,[JIT],0x000076939257b527
991537.0,554984,python,[JIT],0x00007603c144f457
991537.0,554984,python,[JIT],0x00007603c143c3c6
991537.0,555009,python,[JIT],0x00007a2d2f45e270
991536.0,555035,python,[JIT],0x000074c03a0e7348
991536.0,555046,python,[JIT],0x00007af46fad9886
991535.0,555023,python,[JIT],0x000076939203c223
991535.0,554998,python,[JIT],0x00007895546a51b8
991534.0,555023,python,[JIT],0x000076939257b8a8
991532.0,555023,python,[JIT],0x0000769391dd6708
991532.0,555035,python,[JIT],0x000074c03ae1304c
991531.0,555023,python,[JIT],0x0000769391db98c1
991531.0,555023,python,[JIT],0x000076939203d2fe
991530.0,555023,python,[JIT],0x0000769391db882c
991529.0,555023,python,[JIT],0x000076939203ceaa
991529.0,555046,python,[JIT],0x00007af46fad232d
991529.0,554977,python,[JIT],0x0000747c7c1a408a
991528.0,555035,python,[JIT],0x000074c03a0e524e
991528.0,554984,python,python,PyTuple_New
991527.0,555035,python,[JIT],0x000074c039e7fc39
991527.0,555035,python,[JIT],0x000074c039e80c6e
991527.0,555046,python,[JIT],0x00007af46fab98bb
991527.0,555035,python,[JIT],0x000074c03a0e7c04
991526.0,555023,python,[JIT],0x0000769391dd8a47
991526.0,555046,python,[JIT],0x00007af46fad2b37
991526.0,554977,python,[JIT],0x0000747c7bf31064
991526.0,554977,python,[JIT],0x0000747c7bf3ed72
991526.0,554998,python,[JIT],0x000078955469c542
991524.0,555035,python,[JIT],0x000074c039e60010
991524.0,555023,python,[JIT],0x0000769391dd0e31
991524.0,555046,python,[JIT],0x00007af46fad97bf
991524.0,554998,python,[JIT],0x000078955469db17
991523.0,555035,python,[JIT],0x000074c039e77970
991523.0,554977,python,[JIT],0x0000747c7bf32066
991523.0,554977,python,[JIT],0x0000747c7bf37408
991523.0,555009,python,[JIT],0x00007a2d2f6cb7bc
991522.0,554984,python,[JIT],0x00007603c1bce443
991521.0,555035,python,[JIT],0x000074c039e6abbc
991521.0,554984,python,[JIT],0x00007603c14474ca
991520.0,554984,python,[JIT],0x00007603c1445d5d
991519.0,555023,python,[JIT],0x0000769391db96d5
991519.0,554998,python,[JIT],0x00007895546a11f7
991519.0,554984,python,[JIT],0x00007603c1446f0a
991518.0,555023,python,[JIT],0x0000769391d9cc0e
991518.0,555023,python,[JIT],0x0000769391dd18d3
991518.0,555023,python,[JIT],0x000076939257b8e7
991518.0,554984,python,[JIT],0x00007603c1bce887
991518.0,554998,python,[JIT],0x0000789555316629
991517.0,554998,python,[JIT],0x00007895546a3d72
991517.0,555035,python,[JIT],0x000074c039e7e6f2
991516.0,555046,python,[JIT],0x00007af46fad8c89
991515.0,555023,python,[JIT],0x0000769391dd0e19
991514.0,555035,python,[JIT],0x000074c039e820b4
991514.0,554984,python,[JIT],0x00007603c14382a1
991514.0,555046,python,[JIT],0x00007af46fab8bdc
991514.0,555046,python,[JIT],0x00007af46fad0266
991514.0,554984,python,[JIT],0x00007603c1440247
991513.0,555023,python,[JIT],0x0000769391db7593
991513.0,554998,python,[JIT],0x00007895546a4981
991510.0,554984,python,[JIT],0x00007603c142ebf7
991509.0,555023,python,[JIT],0x0000769391dd8e58
991509.0,554998,python,[JIT],0x0000789554641f1c
991509.0,555046,python,[JIT],0x00007af46fac335b
991509.0,554977,python,[JIT],0x0000747c7bf38b81
991508.0,555009,python,[JIT],0x00007a2d2f45dd64
991507.0,555035,python,[JIT],0x000074c039e600df
991507.0,554984,python,[JIT],0x00007603c142e51d
991506.0,555023,python,[JIT],0x0000769391dd72c1
991506.0,554984,python,[JIT],0x00007603c13d1bd2
991506.0,555035,python,[JIT],0x000074c03ae21097
991505.0,555023,python,[JIT],0x0000769391dc2459
991505.0,554998,python,[JIT],0x000078955466858b
991503.0,555035,python,python,recursive_issubclass
991503.0,554984,python,python,_PyStack_UnpackDict
991503.0,554998,python,[JIT],0x00007895546a44bf
991503.0,555046,python,[JIT],0x00007af46facf179
991502.0,555035,python,[JIT],0x000074c039e1d509
991502.0,555009,python,[JIT],0x00007a2d2f429228
991502.0,554984,python,[JIT],0x00007603c1aa94f6
991501.0,555035,python,[JIT],0x000074c03a4f87e4
991501.0,554984,python,[JIT],0x00007603c142de7a
991501.0,555046,python,[JIT],0x00007af46fab88d3
991500.0,554984,python,[JIT],0x00007603c1413805
991500.0,554984,python,[JIT],0x00007603c144ddb0
991499.0,555023,python,[JIT],0x0000769391dd6251
991499.0,554984,python,[JIT],0x00007603c1445dd0
991498.0,555023,python,[JIT],0x0000769391db7e7a
991498.0,555023,python,[JIT],0x0000769391dd5c30
991498.0,555046,python,python,PyObject_ClearWeakRefs
991498.0,555046,python,[JIT],0x00007af46fad6de7
991498.0,555046,python,[JIT],0x00007af47076a392
991498.0,554984,python,[JIT],0x00007603c144d840
991497.0,555035,python,[JIT],0x000074c039e7f39d
991497.0,555023,python,[JIT],0x0000769391dce2cd
991497.0,555023,python,[JIT],0x0000769391dd6217
991497.0,555023,python,[JIT],0x0000769391dd6c04
991497.0,554998,python,[JIT],0x000078955469cc90
991497.0,555009,python,[JIT],0x00007a2d2fa9461e
991496.0,554998,python,[JIT],0x0000789554683c20
991496.0,555046,python,[JIT],0x00007af46fad2cf9
991495.0,555023,python,[JIT],0x000076939203d3a1
991495.0,554984,python,[JIT],0x00007603c14475cc
991495.0,554998,python,[JIT],0x000078955469cd86
991495.0,555046,python,[JIT],0x00007af46fad7d94
991494.0,555035,python,[JIT],0x000074c039e79339
991494.0,555035,python,[JIT],0x000074c039e7a437
991494.0,554984,python,[JIT],0x00007603c144efd4
991494.0,554998,python,[JIT],0x000078955469defe
991493.0,555035,python,[JIT],0x000074c039e79bcf
991493.0,555035,python,[JIT],0x000074c03a0e5b31
991492.0,555023,python,[JIT],0x0000769391d747d5
991492.0,555046,python,[JIT],0x00007af46fad7003
991491.0,555035,python,[JIT],0x000074c039e81d7a
991491.0,554998,python,[JIT],0x000078955468e53e
991491.0,555046,python,[JIT],0x00007af46fad1ab3
991490.0,555035,python,[JIT],0x000074c039e78352
991490.0,555023,python,[JIT],0x0000769391dd7717
991490.0,554977,python,[JIT],0x0000747c7bf3dbf8
991489.0,555023,python,python,tuple_length
991489.0,555046,python,[JIT],0x00007af46fad67a5
991489.0,555046,python,[JIT],0x00007af46fad8ad4
991488.0,555035,python,[JIT],0x000074c039e8223c
991488.0,555046,python,[JIT],0x00007af46fad7f16
991486.0,555023,python,[JIT],0x0000769391dd6c8e
991485.0,555035,python,[JIT],0x000074c039e813d7
991484.0,555035,python,[JIT],0x000074c039e77665
991484.0,554998,python,[JIT],0x000078955469dc03
991484.0,555046,python,[JIT],0x00007af46fd3d4fd
991484.0,554998,python,[JIT],0x00007895546a3983
991483.0,555046,python,[JIT],0x00007af46facadab
991482.0,555035,python,[JIT],0x000074c03a0e5b9d
991482.0,554984,python,[JIT],0x00007603c142ed65
991481.0,554998,python,[JIT],0x0000789554695989
991481.0,555046,python,[JIT],0x00007af46fad92e9
991481.0,554984,python,[JIT],0x00007603c144f552
991481.0,555009,python,[JIT],0x00007a2d2f467571
991481.0,555009,python,[JIT],0x00007a2d2fa95394
991480.0,554984,python,[JIT],0x00007603c144c467
991480.0,554984,python,[JIT],0x00007603c144e62e
991479.0,555035,python,[JIT],0x000074c039e7b149
991478.0,555035,python,[JIT],0x000074c039e782e6
991478.0,554998,python,[JIT],0x00007895546a12e7
991477.0,554998,python,[JIT],0x0000789554697416
991477.0,555009,python,[JIT],0x00007a2d2fa941a9
991476.0,555023,python,[JIT],0x0000769391db8be9
991476.0,555023,python,[JIT],0x0000769391dcee60
991476.0,555009,python,[JIT],0x00007a2d2f4654a9
991476.0,554977,python,[JIT],0x0000747c7bf2a334
991476.0,554977,python,[JIT],0x0000747c7bf38f34
991476.0,555009,python,[JIT],0x00007a2d2f4651bb
991475.0,555023,python,[JIT],0x0000769392e131bc
991475.0,555046,python,[JIT],0x00007af47076a9f6
991475.0,554984,python,[JIT],0x00007603c1bce726
991473.0,555023,python,[JIT],0x0000769391db992e
991473.0,555046,python,[JIT],0x00007af46fad8ae5
991472.0,554998,python,[JIT],0x000078955469763f
991471.0,555035,python,[JIT],0x000074c039e7a222
991471.0,554998,python,[JIT],0x000078955468ae27
991471.0,555046,python,[JIT],0x00007af46fad90df
991470.0,555023,python,[JIT],0x0000769391dcfcbe
991468.0,555035,python,[JIT],0x000074c039e7e574
991468.0,555035,python,[JIT],0x000074c03a0e586b
991468.0,555023,python,[JIT],0x0000769391dd53a3
991467.0,555035,python,[JIT],0x000074c039e8113d
991467.0,555023,python,[JIT],0x0000769391dd1f40
991467.0,554998,python,[JIT],0x0000789554685461
991467.0,554998,python,[JIT],0x00007895546a16da
991467.0,554984,python,[JIT],0x00007603c144b704
991467.0,554984,python,[JIT],0x00007603c1bce370
991466.0,555035,python,python,va_build_value
991465.0,554984,python,[JIT],0x00007603c14377c4
991464.0,555023,python,[JIT],0x0000769391dd778b
991464.0,554998,python,[JIT],0x00007895546a5767
991464.0,555009,python,[JIT],0x00007a2d2f466ed5
991464.0,555035,python,[JIT],0x000074c039e7b2a9
991463.0,554998,python,[JIT],0x0000789554683f86
991462.0,554984,python,python,_Py_uop_frame_pop
991462.0,554984,python,[JIT],0x00007603c142fa17
991461.0,555035,python,[JIT],0x000074c03ae13ae0
991461.0,555023,python,[JIT],0x0000769391db71af
991461.0,554998,python,[JIT],0x000078955469d40f
991461.0,554984,python,[JIT],0x00007603c2413301
991461.0,555046,python,[JIT],0x00007af46fad77a9
991460.0,555035,python,[JIT],0x000074c039df1043
991460.0,555023,python,[JIT],0x000076939257b2e4
991460.0,555046,python,[JIT],0x00007af46fad97ad
991459.0,555035,python,[JIT],0x000074c039e77e84
991459.0,555023,python,[JIT],0x0000769391dd609c
991459.0,555023,python,[JIT],0x0000769391dd75d5
991459.0,555023,python,[JIT],0x0000769392e13076
991459.0,554998,python,[JIT],0x0000789554684731
991459.0,554977,python,[JIT],0x0000747c7bf3d280
991459.0,555009,python,[JIT],0x00007a2d2f468238
991459.0,555035,python,python,tupleiter_dealloc
991458.0,555046,python,[JIT],0x00007af47076a469
991457.0,555046,python,[JIT],0x00007af46fab86a3
991457.0,554984,python,[JIT],0x00007603c144e708
991455.0,555023,python,[JIT],0x0000769391dcfd07
991455.0,554998,python,[JIT],0x00007895546a239d
991455.0,554998,python,[JIT],0x000078955531676d
991454.0,555035,python,[JIT],0x000074c039dfd1c2
991454.0,555023,python,[JIT],0x0000769391dc26e8
991454.0,555023,python,[JIT],0x000076939203d3e0
991454.0,555046,python,[JIT],0x00007af46fad9821
991454.0,554977,python,python,PySequence_Contains
991454.0,555035,python,[JIT],0x000074c03ae137ce
991453.0,555023,python,[JIT],0x0000769391db9667
991453.0,555046,python,python,_PyObject_VectorcallDictTstate
991453.0,555046,python,[JIT],0x00007af46fad188e
991453.0,555046,python,[JIT],0x00007af46fad9ec9
991453.0,555009,python,[JIT],0x00007a2d2f6c92ff
991452.0,555035,python,[JIT],0x000074c039e7f135
991452.0,555023,python,[JIT],0x0000769391db76b5
991452.0,555023,python,[JIT],0x0000769391dd7e0d
991452.0,555046,python,[JIT],0x00007af46fac2725
991452.0,555035,python,[JIT],0x000074c039e7fc8a
991451.0,554998,python,[JIT],0x00007895546a314e
991449.0,555035,python,[JIT],0x000074c039e79d57
991449.0,555023,python,[JIT],0x0000769391dd5185
991449.0,554984,python,[JIT],0x00007603c1440331
991449.0,554998,python,[JIT],0x00007895553162b8
991449.0,555046,python,[JIT],0x00007af47076ae5f
991449.0,554977,python,[kernel.kallsyms],pick_next_task_fair
991449.0,554998,python,[JIT],0x00007895549084d4
991448.0,555023,python,[JIT],0x0000769391dd65f2
991448.0,554998,python,[JIT],0x0000789554908a87
991448.0,555009,python,[JIT],0x00007a2d2f6cc599
991447.0,555035,python,[JIT],0x000074c03a0e5d2a
991447.0,555023,python,[JIT],0x0000769391dd827e
991447.0,555046,python,python,_PyJit_translate_single_bytecode_to_trace
991446.0,555035,python,[JIT],0x000074c039e80a2b
991446.0,555046,python,[JIT],0x00007af46fad0ed7
991446.0,554977,python,[JIT],0x0000747c7bf392c7
991446.0,554984,python,[JIT],0x00007603c144b617
991445.0,555035,python,[JIT],0x000074c039e4553f
991445.0,555023,python,[JIT],0x0000769391db8c83
991445.0,555023,python,[JIT],0x0000769391dd8abf
991445.0,554984,python,[JIT],0x00007603c144b94f
991445.0,555046,python,python,_PyMem_RawMalloc
991445.0,555046,python,python,va_build_value
991445.0,555046,python,[JIT],0x00007af46fac2119
991445.0,554977,python,[JIT],0x0000747c7bf38264
991444.0,555046,python,[JIT],0x00007af46facfa3e
991444.0,555035,python,[JIT],0x000074c039e772ba
991443.0,555023,python,[JIT],0x000076939203d205
991443.0,555046,python,[JIT],0x00007af46fad73c3
991443.0,554998,python,[JIT],0x00007895553166fb
991442.0,555023,python,[JIT],0x0000769391dd9672
991441.0,555035,python,[JIT],0x000074c03a0e621b
991441.0,555023,python,[JIT],0x0000769391dd625a
991441.0,554998,python,[JIT],0x000078955468316c
991441.0,555046,python,[JIT],0x00007af46facf496
991441.0,554998,python,[JIT],0x00007895546a4ba6
991440.0,554984,python,[JIT],0x00007603c144eb8f
991439.0,554998,python,python,PyObject_GenericHash
991439.0,555035,python,[JIT],0x000074c039e7aa00
991438.0,555035,python,[JIT],0x000074c039e7fc4b
991438.0,554984,python,python,PyObject_Vectorcall
991438.0,554998,python,[JIT],0x00007895546a2198
991438.0,555009,python,[JIT],0x00007a2d2f45a29d
991438.0,555046,python,[JIT],0x00007af46fad32d6
991438.0,555046,python,[JIT],0x00007af46fad787c
991438.0,554977,python,[JIT],0x0000747c7bf30b82
991437.0,555023,python,[JIT],0x0000769391dd86b9
991437.0,554984,python,[JIT],0x00007603c14464ba
991437.0,554984,python,[JIT],0x00007603c144cb90
991437.0,555046,python,[JIT],0x00007af46fad317f
991437.0,555009,python,[JIT],0x00007a2d2f45fc90
991436.0,554984,python,python,_io_BytesIO_write
991436.0,555046,python,[JIT],0x00007af46fad0ad4
991436.0,555046,python,[JIT],0x00007af46fad139f
991435.0,555023,python,[JIT],0x0000769391dd05bd
991435.0,555023,python,[JIT],0x0000769391dd7072
991435.0,554998,python,[JIT],0x000078955469dca8
991435.0,555046,python,[JIT],0x00007af46faca4eb
991435.0,554977,python,[JIT],0x0000747c7bf3f13d
991435.0,554984,python,[JIT],0x00007603c14449a2
991435.0,554984,python,[JIT],0x00007603c16b21ff
991434.0,555035,python,[JIT],0x000074c039e78b06
991434.0,555023,python,[JIT],0x0000769391dce7ab
991434.0,555046,python,[JIT],0x00007af46fad8e2c
991434.0,554998,python,[JIT],0x00007895546952f2
991433.0,554998,python,[JIT],0x000078955469c9e0
991433.0,555009,python,[JIT],0x00007a2d2f4500fe
991433.0,555035,python,[JIT],0x000074c039e7e185
991432.0,555023,python,[JIT],0x0000769391dcff4d
991432.0,554984,python,[JIT],0x00007603c1437571
991431.0,555046,python,[JIT],0x00007af46fad0a13
991431.0,555046,python,[JIT],0x00007af46fad6c5f
991431.0,555046,python,[JIT],0x00007af46fad89d5
991431.0,555009,python,[JIT],0x00007a2d2f465ebf
991430.0,554998,python,[JIT],0x000078955469c612
991430.0,554998,python,[JIT],0x00007895549092e8
991430.0,554998,python,[JIT],0x000078955531682c
991429.0,555035,python,[JIT],0x000074c039e600ba
991429.0,554998,python,[JIT],0x00007895546a438e
991429.0,554998,python,[JIT],0x00007895553160e2
991429.0,555046,python,[JIT],0x00007af46fad9fa0
991429.0,554984,python,[JIT],0x00007603c16b3791
991428.0,555046,python,[JIT],0x00007af46fd3d61b
991428.0,554977,python,[JIT],0x0000747c7bf3d9d2
991428.0,555009,python,[JIT],0x00007a2d2f4650aa
991427.0,555009,python,[JIT],0x00007a2d2f4601e1
991426.0,555035,python,[JIT],0x000074c039e7ad17
991426.0,554998,python,[JIT],0x000078955469a86c
991425.0,555023,python,[JIT],0x0000769391db9085
991425.0,555023,python,[JIT],0x00007693924366a5
991425.0,554984,python,[JIT],0x00007603c1447762
991425.0,555035,python,[JIT],0x000074c03a0e5806
991424.0,554984,python,python,PyMem_Calloc
991424.0,554998,python,[JIT],0x000078955469b30c
991424.0,554984,python,[JIT],0x00007603c1bceb58
991423.0,555035,python,[JIT],0x000074c039e7e6c8
991423.0,555023,python,[JIT],0x0000769391db7168
991423.0,555046,python,[JIT],0x00007af46faa45c5
991423.0,555046,python,[JIT],0x00007af47076a250
991423.0,555009,python,[JIT],0x00007a2d2f46619b
991422.0,555035,python,[JIT],0x000074c039e79fe8
991422.0,555023,python,[JIT],0x000076939203cedc
991422.0,554998,python,[JIT],0x000078955469cabd
991422.0,554977,python,[JIT],0x0000747c7bf28315
991421.0,555046,python,[JIT],0x00007af46facf367
991421.0,555046,python,[JIT],0x00007af46fad283a
991421.0,555046,python,[JIT],0x00007af46fad934f
991420.0,555035,python,[JIT],0x000074c039e61611
991420.0,555023,python,[JIT],0x0000769392438521
991420.0,554998,python,[JIT],0x000078955469de44
991420.0,554984,python,[JIT],0x00007603c1444a25
991419.0,555023,python,[JIT],0x0000769391db85ce
991419.0,555046,python,[JIT],0x00007af46fac2ed9
991419.0,554984,python,[JIT],0x00007603c14456fa
991418.0,554998,python,[JIT],0x00007895546a131f
991417.0,555035,python,[JIT],0x000074c039e21911
991416.0,555023,python,[JIT],0x0000769391db8e06
991416.0,554977,python,python,int_to_bytes
991416.0,555009,python,[JIT],0x00007a2d2f6cbeaa
991415.0,555046,python,[JIT],0x00007af46fabe13b
991414.0,555046,python,[JIT],0x00007af46fad0921
991414.0,554984,python,[JIT],0x00007603c142ddc0
991413.0,555035,python,[JIT],0x000074c039e606b5
991413.0,555023,python,[JIT],0x0000769391dd6715
991413.0,555046,python,[JIT],0x00007af46fabdbd6
991412.0,555035,python,[JIT],0x000074c039e7e8df
991412.0,555023,python,[JIT],0x0000769391db946b
991412.0,555046,python,[JIT],0x00007af46fad8d3e
991412.0,555046,python,[JIT],0x00007af46fad9b7a
991411.0,555035,python,[JIT],0x000074c039e726d2
991411.0,555046,python,[JIT],0x00007af46fd3e292
991411.0,554977,python,[JIT],0x0000747c7d0cd007
991411.0,554984,python,[JIT],0x00007603c1432678
991411.0,555046,python,[JIT],0x00007af46fad9fff
991410.0,555023,python,[JIT],0x0000769391db776c
991410.0,554998,python,[JIT],0x0000789554683444
991410.0,554998,python,[JIT],0x0000789555316c90
991410.0,554984,python,[JIT],0x00007603c1438c02
991410.0,554984,python,[JIT],0x00007603c1447c94
991409.0,555046,python,[JIT],0x00007af46fa76f00
991409.0,555009,python,[JIT],0x00007a2d2f450e6b
991408.0,555023,python,[JIT],0x0000769391dd0c8c
991408.0,554984,python,[JIT],0x00007603c142e213
991408.0,554984,python,[JIT],0x00007603c1446579
991408.0,555035,python,_struct.cpython-316-x86_64-linux-gnu.so,s_pack_internal
991407.0,555035,python,[JIT],0x000074c03a0e5f16
991407.0,554984,python,[JIT],0x00007603c1440e3f
991406.0,555035,python,[JIT],0x000074c039e4570c
991406.0,555035,python,[JIT],0x000074c039e627ab
991406.0,554998,python,libc.so.6,memcpy@@GLIBC_2.14@plt
991406.0,554984,python,[JIT],0x00007603c1bcec2a
991405.0,555023,python,[JIT],0x0000769391d61ffe
991405.0,555009,python,[JIT],0x00007a2d2f45d8cc
991405.0,554984,python,[JIT],0x00007603c142e649
991405.0,554984,python,[JIT],0x00007603c2413209
991404.0,555023,python,[JIT],0x0000769391dce72a
991404.0,555023,python,[JIT],0x000076939203c05e
991404.0,555046,python,[JIT],0x00007af46fd3d32e
991404.0,555046,python,[JIT],0x00007af470c69715
991404.0,554984,python,[JIT],0x00007603c1432539
991404.0,555009,python,[JIT],0x00007a2d2f4681e3
991403.0,555023,python,[JIT],0x0000769391dcf1dd
991403.0,555046,python,[JIT],0x00007af46fab9afb
991403.0,554984,python,[JIT],0x00007603c144c6a4
991402.0,554998,python,python,_Py_module_getattro
991402.0,555046,python,[JIT],0x00007af46faabbd6
991401.0,555023,python,python,bytesio_new
991401.0,555023,python,[JIT],0x0000769391dd0d53
991401.0,555023,python,[JIT],0x0000769391dd8c9c
991401.0,555046,python,[JIT],0x00007af46fa8f461
991401.0,555046,python,[JIT],0x00007af46fad2a2b
991401.0,554977,python,[JIT],0x0000747c7bf36ab8
991401.0,555035,python,[JIT],0x000074c039e79b46
991400.0,555035,python,_struct.cpython-316-x86_64-linux-gnu.so,PyBytesWriter_GetData@plt
991400.0,555035,python,[JIT],0x000074c039e78f7d
991400.0,554998,python,python,batched_dealloc
991400.0,555035,python,[JIT],0x000074c039e81bdd
991399.0,554998,python,[JIT],0x000078955469a556
991399.0,554984,python,[JIT],0x00007603c14460c0
991399.0,554984,python,[JIT],0x00007603c144c6c0
991398.0,555035,python,[JIT],0x000074c039e7e9b8
991398.0,555035,python,[JIT],0x000074c039e81ff4
991398.0,555023,python,[JIT],0x0000769391db9866
991398.0,554977,python,[JIT],0x0000747c7bf3e7bd
991397.0,555009,python,[JIT],0x00007a2d2f446600
991397.0,555046,python,[JIT],0x00007af46fad9fcb
991397.0,554977,python,[JIT],0x0000747c7bf3c370
991396.0,555035,python,[JIT],0x000074c039e826dc
991396.0,555035,python,[JIT],0x000074c039e827a2
991396.0,555023,python,[JIT],0x0000769391d965e8
991396.0,555023,python,[JIT],0x0000769391db8dd9
991396.0,555023,python,[JIT],0x0000769391dce80f
991396.0,555023,python,[JIT],0x0000769391dd77ad
991396.0,555023,python,[JIT],0x0000769391dd7dfa
991396.0,554977,python,[kernel.kallsyms],set_ptes.isra.0
991396.0,554977,python,[JIT],0x0000747c7bf2022a
991396.0,554998,python,python,tupleiter_next
991395.0,555035,python,[JIT],0x000074c039e805e6
991395.0,555023,python,[JIT],0x0000769391dd5f47
991395.0,554998,python,[JIT],0x0000789554684766
991395.0,554998,python,[JIT],0x00007895546a581f
991395.0,554977,python,[JIT],0x0000747c7bf35ef2
991395.0,554977,python,[JIT],0x0000747c7bf3d6ec
991394.0,555023,python,[JIT],0x0000769391dab2a4
991394.0,555023,python,[JIT],0x000076939257b3ce
991393.0,554998,python,[JIT],0x000078955469a2ff
991393.0,555046,python,[JIT],0x00007af46fa77b20
991393.0,554984,python,[JIT],0x00007603c142e243
991393.0,555009,python,[JIT],0x00007a2d2f45ebc3
991392.0,555023,python,[JIT],0x0000769391dd5354
991392.0,555046,python,[JIT],0x00007af47076abb9
991392.0,554998,python,[JIT],0x000078955490a38b
991392.0,554984,python,[JIT],0x00007603c13e56b4
991391.0,555023,python,[JIT],0x0000769391dd14ca
991391.0,555023,python,[JIT],0x0000769391dd20b8
991391.0,555023,python,[JIT],0x0000769391dd21c0
991391.0,555023,python,[JIT],0x000076939203c646
991391.0,555046,python,[JIT],0x00007af46fad6660
991391.0,555046,python,[JIT],0x00007af470c69465
991390.0,555023,python,[JIT],0x0000769391dcfe0a
991390.0,555023,python,[JIT],0x0000769391dd7e2c
991389.0,555035,python,[JIT],0x000074c039e793d0
991389.0,555023,python,[JIT],0x000076939203c04c
991389.0,554977,python,[JIT],0x0000747c7c1a4ba3
991389.0,554984,python,[JIT],0x00007603c1447333
991388.0,555035,python,[JIT],0x000074c039e61ee5
991388.0,555023,python,[JIT],0x000076939203c246
991388.0,555009,python,[JIT],0x00007a2d2f6cb10c
991387.0,554998,python,[JIT],0x00007895546a1734
991387.0,555009,python,[JIT],0x00007a2d2f45d2b8
991387.0,555046,python,[JIT],0x00007af46facf101
991387.0,554984,python,[JIT],0x00007603c1444748
991387.0,554984,python,[JIT],0x00007603c144bb35
991386.0,555035,python,[JIT],0x000074c039e74647
991386.0,555023,python,[JIT],0x0000769391d8e65e
991386.0,555046,python,[JIT],0x00007af46fa9edbf
991386.0,555046,python,[JIT],0x00007af46fad1cb2
991386.0,555046,python,[JIT],0x00007af46fad6c2d
991386.0,555046,python,[JIT],0x00007af46fad6db3
991386.0,554977,python,[JIT],0x0000747c7bf3c3f9
991386.0,554984,python,[JIT],0x00007603c144b19a
991385.0,554984,python,[JIT],0x00007603c144e34d
991384.0,555035,python,python,memory_length
991384.0,555035,python,[JIT],0x000074c039e7e72d
991384.0,555023,python,[JIT],0x0000769391dd5b80
991384.0,555023,python,[JIT],0x0000769391dd82e9
991384.0,554998,python,[JIT],0x00007895546a1e17
991384.0,554998,python,[JIT],0x00007895546a28c5
991384.0,555035,python,[JIT],0x000074c03a0e63b2
991383.0,555035,python,[JIT],0x000074c039e7e2a0
991383.0,555046,python,[JIT],0x00007af46facadb8
991383.0,555046,python,[JIT],0x00007af46facf2cd
991382.0,555035,python,[JIT],0x000074c039e772a2
991382.0,555023,python,[JIT],0x0000769391dd0cad
991382.0,555023,python,[JIT],0x000076939245d107
991381.0,555023,python,[JIT],0x000076939257a4d8
991380.0,555035,python,[JIT],0x000074c039e7f8d4
991380.0,554998,python,[JIT],0x0000789554908c73
991380.0,554984,python,[JIT],0x00007603c1448302
991379.0,555035,python,[JIT],0x000074c039e81a4b
991379.0,555023,python,[JIT],0x0000769391d9f31c
991379.0,555046,python,[JIT],0x00007af46fa8f8f5
991379.0,554998,python,[JIT],0x00007895549099f8
991379.0,554984,python,[JIT],0x00007603c1444e9c
991379.0,554984,python,[JIT],0x00007603c1446fa1
991379.0,555009,python,[JIT],0x00007a2d2f6cc1b6
991378.0,555023,python,[JIT],0x0000769391db7600
991378.0,555023,python,[JIT],0x0000769391dd9156
991378.0,555046,python,[JIT],0x00007af46fac6fd0
991378.0,554984,python,[JIT],0x00007603c1437920
991378.0,554984,python,[JIT],0x00007603c144cba6
991378.0,554984,python,[JIT],0x00007603c16b6205
991377.0,555035,python,[JIT],0x000074c039e461b6
991377.0,555035,python,[JIT],0x000074c039e620ce
991377.0,555035,python,[JIT],0x000074c03a0e6425
991377.0,555023,python,python,method_vectorcall_FASTCALL_KEYWORDS_METHOD
991377.0,555023,python,[JIT],0x0000769391dd1943
991377.0,555023,python,[JIT],0x0000769391dd1df6
991377.0,554984,python,[JIT],0x00007603c16b25e3
991376.0,555035,python,[JIT],0x000074c03a0e6488
991376.0,554998,python,[JIT],0x0000789554908554
991376.0,555046,python,[JIT],0x00007af46fad1266
991376.0,554984,python,[JIT],0x00007603c144da4c
991376.0,555035,python,[JIT],0x000074c03ae21d18
991375.0,555023,python,[JIT],0x0000769391dd8ade
991375.0,555046,python,[JIT],0x00007af46fad0e59
991375.0,554998,python,[JIT],0x00007895546a4943
991374.0,555023,python,[JIT],0x0000769391dcfeb8
991374.0,554998,python,[JIT],0x000078955490571e
991374.0,554984,python,[JIT],0x00007603c144d7d0
991374.0,555009,python,[JIT],0x00007a2d2f4659ef
991373.0,555035,python,[JIT],0x000074c039e79c94
991373.0,555035,python,[JIT],0x000074c039e822ca
991373.0,555035,python,[JIT],0x000074c03a0e6658
991373.0,555023,python,[JIT],0x0000769391dc9c85
991373.0,555023,python,[JIT],0x0000769392436e11
991373.0,555009,python,[JIT],0x00007a2d2f458213
991373.0,555046,python,[JIT],0x00007af46fad88f0
991372.0,555035,python,[JIT],0x000074c039e60e21
991372.0,555035,python,[JIT],0x000074c03a0e58ad
991372.0,555023,python,[JIT],0x0000769391db83d6
991372.0,555023,python,[JIT],0x0000769391db8a9f
991372.0,555009,python,[JIT],0x00007a2d2f45d786
991372.0,555035,python,[JIT],0x000074c03ae13fb1
991371.0,555023,python,[JIT],0x0000769391d9596c
991371.0,554998,python,[JIT],0x000078955469709a
991371.0,555046,python,[JIT],0x00007af47072567f
991370.0,555046,python,[JIT],0x00007af46facaf81
991370.0,555046,python,[JIT],0x00007af46fad7929
991369.0,555035,python,[JIT],0x000074c039e7ef9c
991369.0,555035,python,python,PyObject_Malloc
991368.0,555035,python,[JIT],0x000074c039e33a90
991368.0,555035,python,[JIT],0x000074c03a0e65ae
991368.0,555035,python,[JIT],0x000074c03ae13e03
991368.0,554998,python,[JIT],0x000078955469b968
991368.0,555046,python,[JIT],0x00007af46fad6116
991368.0,555035,python,libc.so.6,_int_free_maybe_consolidate
991368.0,555035,python,[JIT],0x000074c039e7e9ca
991367.0,554977,python,[JIT],0x0000747c7bf28119
991366.0,555035,python,[JIT],0x000074c03ae13b26
991366.0,555023,python,[JIT],0x0000769391db800a
991366.0,554998,python,[JIT],0x00007895546a3665
991365.0,554998,python,[JIT],0x000078955469556d
991365.0,554998,python,[JIT],0x0000789555316a3c
991364.0,555035,python,[JIT],0x000074c039df061f
991364.0,555023,python,[JIT],0x0000769391dd2253
991364.0,554984,python,[JIT],0x00007603c144b5d3
991364.0,554998,python,[JIT],0x000078955469c5bd
991364.0,554998,python,[JIT],0x00007895546a4bd5
991364.0,555046,python,[JIT],0x00007af46fab9a78
991364.0,555009,python,[JIT],0x00007a2d2f6ce051
991363.0,555023,python,[JIT],0x000076939257b392
991363.0,555046,python,[JIT],0x00007af46fad1d8a
991363.0,555046,python,[JIT],0x00007af46fad8023
991363.0,554984,python,[JIT],0x00007603c14115ce
991362.0,555035,python,[JIT],0x000074c039e7a56b
991362.0,554984,python,[JIT],0x00007603c144de58
991362.0,554977,python,[JIT],0x0000747c7bed702d
991362.0,554984,python,[JIT],0x00007603c1bce9e7
991361.0,555035,python,[JIT],0x000074c039e7fcb9
991361.0,555035,python,[JIT],0x000074c03a4f89af
991361.0,555046,python,[JIT],0x00007af46facf4be
991361.0,554984,python,[JIT],0x00007603c140821a
991360.0,555035,python,python,cfunction_vectorcall_FASTCALL_KEYWORDS
991360.0,555035,python,[JIT],0x000074c039e7ef5b
991360.0,555023,python,[JIT],0x0000769391dd541e
991360.0,555046,python,[JIT],0x00007af46fad32b4
991360.0,554977,python,[JIT],0x0000747c7bf36e0a
991360.0,554984,python,[JIT],0x00007603c144d9a6
991360.0,554984,python,[JIT],0x00007603c144e566
991360.0,555035,python,[JIT],0x000074c039e82409
991359.0,555023,python,[JIT],0x0000769391d9be45
991359.0,555023,python,[JIT],0x0000769391db7755
991359.0,555023,python,[JIT],0x000076939257b897
991359.0,554998,python,[JIT],0x000078955469d0c0
991359.0,554998,python,[JIT],0x000078955490894a
991359.0,555046,python,[JIT],0x00007af46fd3da90
991359.0,554984,python,[JIT],0x00007603c144bb50
991358.0,555035,python,[JIT],0x000074c039e7a447
991358.0,555035,python,[JIT],0x000074c03ae13930
991358.0,555023,python,python,_PyStaticType_GetState
991358.0,555023,python,[JIT],0x0000769391db9170
991358.0,555023,python,[JIT],0x0000769392040c5a
991358.0,554998,python,[JIT],0x0000789554668db4
991358.0,555046,python,[JIT],0x00007af46fab8988
991358.0,555046,python,[JIT],0x00007af46fad6b6c
991358.0,554977,python,[JIT],0x0000747c7bf381ff
991357.0,555035,python,python,PyObject_IsSubclass
991357.0,555035,python,[JIT],0x000074c039e620e1
991357.0,555035,python,[JIT],0x000074c039e7753e
991357.0,555035,python,[JIT],0x000074c03a0e50d6
991357.0,555046,python,[JIT],0x00007af47076958d
991357.0,554984,python,[JIT],0x00007603c1aa779d
991356.0,555035,python,[JIT],0x000074c03a0e51b8
991356.0,555046,python,[JIT],0x00007af46faca5f8
991356.0,554984,python,[JIT],0x00007603c14445f9
991355.0,555035,python,[JIT],0x000074c039e48217
991355.0,555023,python,[JIT],0x0000769391dd8239
991355.0,555023,python,[JIT],0x000076939203cdb8
991355.0,554998,python,[JIT],0x0000789554909748
991355.0,555046,python,[JIT],0x00007af46fab95ce
991355.0,555046,python,[JIT],0x00007af46fad6b2a
991355.0,554984,python,[JIT],0x00007603c142dde0
991355.0,554984,python,[JIT],0x00007603c144ccbd
991354.0,555035,python,[JIT],0x000074c039e6029c
991354.0,554984,python,[JIT],0x00007603c141128a
991353.0,555035,python,[JIT],0x000074c039e77b16
991353.0,555035,python,[JIT],0x000074c039e79bae
991353.0,555009,python,[JIT],0x00007a2d2f447032
991353.0,555009,python,[JIT],0x00007a2d2f460634
991353.0,554984,python,[JIT],0x00007603c142f0ce
991352.0,555023,python,[JIT],0x0000769391d690fe
991352.0,555023,python,[JIT],0x0000769391db99e8
991352.0,555023,python,[JIT],0x0000769391dcfc0f
991352.0,555023,python,[JIT],0x0000769391dd01c1
991352.0,554998,python,[JIT],0x000078955469c6f7
991352.0,555046,python,[JIT],0x00007af46fd3d343
991352.0,555009,python,[JIT],0x00007a2d2f46695c
991351.0,554977,python,[JIT],0x0000747c7c1a3826
991350.0,555023,python,[JIT],0x0000769391db8194
991350.0,555023,python,[JIT],0x0000769391db972c
991350.0,555046,python,[JIT],0x00007af46fad7a7d
991350.0,554998,python,python,memory_getbuf
991350.0,554984,python,[JIT],0x00007603c142d1d1
991349.0,555009,python,[JIT],0x00007a2d2f464f1d
991349.0,554998,python,[JIT],0x000078955468e2ba
991349.0,554984,python,[JIT],0x00007603c142f479
991348.0,555035,python,[JIT],0x000074c039e78615
991348.0,555023,python,[JIT],0x000076939257b09b
991348.0,554984,python,[JIT],0x00007603c1413530
991348.0,554984,python,[JIT],0x00007603c144c158
991347.0,555035,python,[JIT],0x000074c039e80280
991347.0,555046,python,[JIT],0x00007af46fad24e3
991347.0,555046,python,[JIT],0x00007af46fad69fd
991347.0,555046,python,[JIT],0x00007af46fad85f6
991347.0,554984,python,[JIT],0x00007603c1400da5
991347.0,554984,python,[JIT],0x00007603c144d672
991347.0,554984,python,[JIT],0x00007603c1bcea58
991346.0,555035,python,[JIT],0x000074c039e774a6
991346.0,555023,python,[JIT],0x0000769391dd0cc5
991346.0,554984,python,python,_PyObject_GC_NewVar
991346.0,555046,python,[JIT],0x00007af46fd3d62a
991346.0,554984,python,[JIT],0x00007603c1433b29
991345.0,555023,python,[JIT],0x0000769391dc39c7
991345.0,554998,python,[JIT],0x000078955469a703
991345.0,555009,python,[JIT],0x00007a2d2f44b440
991345.0,554984,python,[JIT],0x00007603c144b6c8
991344.0,555023,python,[JIT],0x0000769391dceccc
991344.0,554998,python,[JIT],0x00007895546a3fcb
991344.0,555009,python,[JIT],0x00007a2d2f465ff6
991344.0,554984,python,[kernel.kallsyms],ttwu_queue_wakelist
991343.0,555035,python,[JIT],0x000074c039e60351
991343.0,555023,python,[JIT],0x0000769391dc46cf
991342.0,555023,python,[JIT],0x0000769391db9649
991342.0,554998,python,[JIT],0x00007895546971b8
991341.0,555023,python,[JIT],0x0000769391d8d6d7
991341.0,555023,python,[JIT],0x0000769391dbced3
991341.0,554977,python,[JIT],0x0000747c7bf3cd22
991339.0,555035,python,[JIT],0x000074c039e66064
991339.0,555035,python,[JIT],0x000074c039e7f85a
991339.0,555023,python,[JIT],0x0000769391dcfe48
991339.0,554998,python,[JIT],0x000078955469ade5
991339.0,554977,python,[JIT],0x0000747c7beef671
991339.0,555046,python,[JIT],0x00007af46fad6175
991339.0,555035,python,[JIT],0x000074c039e8105e
991338.0,554998,python,[JIT],0x00007895546a1560
991338.0,554977,python,[JIT],0x0000747c7c1a4791
991338.0,554984,python,[JIT],0x00007603c1445a84
991338.0,554984,python,[JIT],0x00007603c1446bda
991337.0,555009,python,[JIT],0x00007a2d2f45dee2
991337.0,554977,python,[JIT],0x0000747c7bf3d6c0
991337.0,554984,python,[kernel.kallsyms],pte_offset_map_nolock
991337.0,554984,python,[JIT],0x00007603c14452ca
991337.0,554984,python,[JIT],0x00007603c1bce7e4
991336.0,555035,python,[JIT],0x000074c039e1def4
991336.0,555035,python,[JIT],0x000074c039e798b5
991336.0,555023,python,[JIT],0x0000769391dd5003
991335.0,555035,python,[JIT],0x000074c039e789ec
991335.0,555035,python,[JIT],0x000074c039e79a48
991335.0,555023,python,[JIT],0x0000769391db934d
991335.0,555023,python,[JIT],0x0000769391dcb0c4
991335.0,554984,python,[JIT],0x00007603c1440002
991335.0,555009,python,[JIT],0x00007a2d2f6c9822
991335.0,555046,python,[JIT],0x00007af46fa5618d
991335.0,554984,python,[JIT],0x00007603c144bc8b
991334.0,555035,python,[JIT],0x000074c039e68faf
991334.0,555035,python,[JIT],0x000074c039e7e452
991334.0,555035,python,[JIT],0x000074c03ae13c00
991334.0,555023,python,[JIT],0x0000769391dd686a
991334.0,555023,python,[JIT],0x0000769391dd7cce
991333.0,555023,python,[JIT],0x0000769391dd1f93
991333.0,554998,python,[JIT],0x00007895546a4ff4
991333.0,554984,python,[JIT],0x00007603c142f6d5
991333.0,554984,python,[JIT],0x00007603c144ea5f
991333.0,554984,python,[JIT],0x00007603c16b2e28
991332.0,555035,python,[JIT],0x000074c039e810df
991332.0,554998,python,[JIT],0x000078955468402a
991332.0,554984,python,[JIT],0x00007603c16b2beb
991331.0,555035,python,[JIT],0x000074c039e7adc3
991331.0,555035,python,[JIT],0x000074c039e7ed04
991331.0,555023,python,[JIT],0x0000769391dcfcaa
991331.0,555023,python,[JIT],0x0000769391dd57bf
991331.0,555023,python,[JIT],0x0000769391dd5922
991331.0,554998,python,[JIT],0x00007895546a3d5c
991331.0,555046,python,[JIT],0x00007af46facf68a
991331.0,554984,python,[JIT],0x00007603c1421007
991331.0,554984,python,[JIT],0x00007603c144d859
991331.0,555035,python,[JIT],0x000074c03a0e5da5
991330.0,555035,python,[JIT],0x000074c039e66097
991330.0,555035,python,[JIT],0x000074c039e784ed
991330.0,555035,python,[JIT],0x000074c039e7fdef
991330.0,555023,python,[JIT],0x0000769391dd7aa5
991330.0,554998,python,[JIT],0x00007895546a30cd
991329.0,555035,python,[JIT],0x000074c039e79114
991329.0,555035,python,[JIT],0x000074c03ae13b34
991329.0,554998,python,[JIT],0x000078955469bb06
991329.0,554998,python,[JIT],0x000078955469cf00
991329.0,554977,python,[JIT],0x0000747c7bf353dd
991329.0,555009,python,python,_PyOptimizer_Optimize
991328.0,555035,python,[JIT],0x000074c039e7e7f6
991328.0,555023,python,[JIT],0x0000769391db8398
991328.0,555023,python,[JIT],0x0000769391dce824
991328.0,554998,python,[JIT],0x0000789554ce2afc
991328.0,554998,python,[JIT],0x00007895552eb3f5
991328.0,554984,python,[JIT],0x00007603c1432516
991328.0,554984,python,[JIT],0x00007603c16b3658
991327.0,555023,python,[JIT],0x0000769391dc1d35
991327.0,555046,python,python,_Py_hashtable_get_entry_generic
991326.0,555035,python,[JIT],0x000074c039e46940
991326.0,555035,python,[JIT],0x000074c039e7febc
991326.0,555023,python,[JIT],0x0000769391dd1367
991325.0,555023,python,[JIT],0x0000769391dd9525
991325.0,555023,python,[JIT],0x000076939203d942
991325.0,554984,python,[JIT],0x00007603c144c1be
991325.0,554998,python,[JIT],0x00007895546a1843
991325.0,554984,python,[JIT],0x00007603c144b000
991324.0,555023,python,[JIT],0x0000769391dd588c
991324.0,554977,python,[JIT],0x0000747c7c1a4c4b
991324.0,554984,python,[JIT],0x00007603c1aa91cd
991323.0,555035,python,[JIT],0x000074c039e624a6
991323.0,554998,python,[JIT],0x000078955469b595
991323.0,554998,python,[JIT],0x00007895546a3aef
991323.0,555046,python,[JIT],0x00007af46fd40c24
991322.0,555035,python,[JIT],0x000074c039e2ab36
991322.0,555035,python,[JIT],0x000074c039e61213
991322.0,555035,python,[JIT],0x000074c039e7e3e3
991322.0,555023,python,[JIT],0x0000769391db700a
991322.0,555023,python,[JIT],0x0000769391dca2e6
991322.0,555023,python,[JIT],0x0000769391dd5a68
991322.0,554998,python,[JIT],0x00007895546a1972
991322.0,555046,python,[JIT],0x00007af46faba74e
991322.0,555046,python,[JIT],0x00007af46facfe46
991322.0,554977,python,[JIT],0x0000747c7bf37340
991322.0,554977,python,[JIT],0x0000747c7c1a4217
991321.0,555035,python,[JIT],0x000074c039e7b2ef
991321.0,554977,python,[JIT],0x0000747c7c5c4170
991320.0,555035,python,[JIT],0x000074c039e78e6c
991320.0,555023,python,[JIT],0x0000769391dce2a2
991320.0,554998,python,[JIT],0x000078955469ad95
991320.0,555046,python,[JIT],0x00007af46fd3e050
991320.0,554984,python,[JIT],0x00007603c142ed4c
991320.0,554984,python,[JIT],0x00007603c144d6fb
991319.0,555035,python,[JIT],0x000074c039e1b2cc
991319.0,555023,python,[JIT],0x0000769391db8fd3
991319.0,555023,python,[JIT],0x0000769391dce478
991319.0,554998,python,[JIT],0x00007895546849e3
991319.0,554998,python,[JIT],0x0000789554695622
991319.0,554998,python,[JIT],0x00007895546a3c6e
991319.0,555009,python,python,tuple_hash
991319.0,555009,python,[JIT],0x00007a2d2f45eb45
991319.0,555046,python,[JIT],0x00007af46fabee0a
991319.0,555046,python,[JIT],0x00007af46fad6a2a
991319.0,554998,python,[JIT],0x000078955469d255
991318.0,555035,python,[JIT],0x000074c039e1a392
991318.0,555023,python,[JIT],0x0000769391db813c
991318.0,555009,python,[JIT],0x00007a2d2f446ffb
991318.0,555009,python,[JIT],0x00007a2d2f4665f6
991318.0,554977,python,[JIT],0x0000747c7bf38a4a
991317.0,555035,python,[JIT],0x000074c039e7f27b
991317.0,555046,python,[JIT],0x00007af47076aa21
991317.0,554977,python,[JIT],0x0000747c7bf369d7
991317.0,554984,python,[JIT],0x00007603c142db7d
991316.0,555035,python,[JIT],0x000074c039e7e31d
991316.0,555035,python,[JIT],0x000074c03a0e51d1
991316.0,555023,python,[JIT],0x0000769391db9608
991316.0,555023,python,[JIT],0x0000769391dd12e5
991316.0,554998,python,[JIT],0x000078955469a49d
991316.0,555046,python,[JIT],0x00007af46fab90ce
991316.0,555046,python,[JIT],0x00007af46fad165c
991316.0,554977,python,[JIT],0x0000747c7bf40128
991316.0,554984,python,[JIT],0x00007603c1444288
991316.0,554984,python,[JIT],0x00007603c16b3324
991315.0,555023,python,[JIT],0x0000769391dd51c2
991315.0,555023,python,[JIT],0x0000769391dd6ebf
991315.0,555046,python,[JIT],0x00007af46fad0945
991315.0,554984,python,[JIT],0x00007603c144654d
991314.0,555023,python,[JIT],0x0000769391db8e20
991314.0,555023,python,[JIT],0x000076939245d6c9
991314.0,554998,python,[JIT],0x000078955468d6a1
991313.0,555046,python,[JIT],0x00007af46fad0089
991313.0,555046,python,[JIT],0x00007af46fad0412
991313.0,554984,python,[JIT],0x00007603c20eb000
991312.0,555035,python,[JIT],0x000074c039e7ead8
991312.0,555023,python,python,_Py_uop_frame_new
991312.0,555023,python,[JIT],0x000076939203c4b6
991312.0,554998,python,[JIT],0x00007895546a21c9
991312.0,554998,python,[JIT],0x00007895546a5150
991312.0,555009,python,[JIT],0x00007a2d2f45f47e
991312.0,555046,python,[JIT],0x00007af46fab94b8
991312.0,554984,python,[JIT],0x00007603c14400d2
991312.0,554984,python,[JIT],0x00007603c144461b
991312.0,555009,python,python,resize_buffer_lock_held
991311.0,555023,python,[JIT],0x0000769391dd05e7
991311.0,555023,python,[JIT],0x000076939203cb8b
991311.0,555046,python,[JIT],0x00007af46fad12b3
991311.0,554984,python,[JIT],0x00007603c1444bb1
991311.0,554984,python,[JIT],0x00007603c1bcef74
991310.0,555009,python,[JIT],0x00007a2d305ee016
991309.0,555023,python,[JIT],0x000076939257bc41
991309.0,554998,python,[JIT],0x000078955469d01d
991309.0,555046,python,[JIT],0x00007af46fad6bd0
991309.0,554984,python,[JIT],0x00007603c144d678
991308.0,555035,python,[JIT],0x000074c03ae13143
991308.0,555023,python,[JIT],0x0000769391d71cb8
991308.0,555023,python,[JIT],0x0000769391dd2139
991308.0,555023,python,[JIT],0x0000769392438541
991308.0,554984,python,[JIT],0x00007603c144c11b
991308.0,555009,python,[JIT],0x00007a2d2f6ccd2e
991307.0,555035,python,[JIT],0x000074c039e8116c
991307.0,554998,python,[JIT],0x00007895546a336f
991307.0,554977,python,[JIT],0x0000747c7bf35d3b
991307.0,554984,python,[JIT],0x00007603c144c5b5
991306.0,555023,python,[JIT],0x0000769391db959a
991306.0,555046,python,[JIT],0x00007af46fada560
991306.0,554984,python,[JIT],0x00007603c1432378
991306.0,554984,python,[JIT],0x00007603c144db47
991305.0,554998,python,python,_PyObject_VectorcallPrepend
991305.0,555009,python,[JIT],0x00007a2d2f467ec9
991305.0,555035,python,[JIT],0x000074c039e772b1
991305.0,555035,python,[JIT],0x000074c039e80436
991305.0,555035,python,[JIT],0x000074c039e81fd0
991304.0,555035,python,[JIT],0x000074c039e61a22
991304.0,555035,python,[JIT],0x000074c039e7ef39
991304.0,555023,python,[JIT],0x000076939203d4f7
991304.0,554984,python,[JIT],0x00007603c1433337
991304.0,554998,python,[JIT],0x000078955468d894
991304.0,554984,python,[JIT],0x00007603c144429a
991304.0,554984,python,[JIT],0x00007603c144ce80
991304.0,554984,python,[JIT],0x00007603c16b2c5c
991303.0,555035,python,[JIT],0x000074c039e782ca
991303.0,555023,python,[JIT],0x0000769391dd059a
991303.0,555046,python,[JIT],0x00007af46faca4f9
991303.0,555046,python,[JIT],0x00007af46fad8278
991303.0,554998,python,[JIT],0x0000789554908c5a
991303.0,554984,python,[JIT],0x00007603c1450622
991302.0,555035,python,[JIT],0x000074c039e78339
991302.0,554977,python,[JIT],0x0000747c7bf352e4
991302.0,554977,python,[JIT],0x0000747c7bf358a3
991301.0,555023,python,[JIT],0x000076939203c4a4
991301.0,554998,python,[JIT],0x000078955469af80
991301.0,555046,python,python,Py_HashBuffer
991301.0,555046,python,[JIT],0x00007af46fad620e
991301.0,555046,python,[JIT],0x00007af46fd3d04c
991301.0,554998,python,[JIT],0x00007895546a510d
991300.0,555023,python,[JIT],0x0000769391dcf449
991300.0,554984,python,[JIT],0x00007603c144c129
991300.0,555046,python,[JIT],0x00007af46fad9322
991299.0,555023,python,[JIT],0x0000769391db82eb
991299.0,554998,python,[JIT],0x00007895546a3732
991299.0,554977,python,[JIT],0x0000747c7bf1e532
991299.0,554984,python,[JIT],0x00007603c144f4e5
991298.0,555035,python,[JIT],0x000074c039e61b59
991298.0,555035,python,[JIT],0x000074c03a0e5854
991298.0,554998,python,[JIT],0x00007895546a40ea
991298.0,555046,python,[JIT],0x00007af46fad2f40
991298.0,554998,python,python,PyBytesWriter_Create
991297.0,555035,python,[JIT],0x000074c039e7f4a9
991297.0,555023,python,[JIT],0x0000769391dca014
991297.0,554998,python,[JIT],0x0000789554684f83
991297.0,555046,python,[JIT],0x00007af46facb1f5
991297.0,554977,python,[JIT],0x0000747c7bf37c6e
991297.0,554977,python,[JIT],0x0000747c7bf3cb44
991297.0,554977,python,[JIT],0x0000747c7bf3e03e
991296.0,555035,python,[JIT],0x000074c039e6a592
991296.0,555023,python,[JIT],0x0000769391dd9195
991296.0,555046,python,[JIT],0x00007af46fad9dc6
991295.0,555035,python,[JIT],0x000074c03a0e541a
991295.0,555023,python,[JIT],0x000076939257bc00
991295.0,554984,python,[JIT],0x00007603c1445eea
991294.0,555035,python,[JIT],0x000074c039e7e0fe
991294.0,555046,python,[JIT],0x00007af46faca21e
991294.0,555046,python,[JIT],0x00007af46fad0d9e
991294.0,555046,python,[JIT],0x00007af46fad2d69
991294.0,555035,python,[JIT],0x000074c039e73f5d
991293.0,555035,python,[JIT],0x000074c039e809b5
991293.0,555035,python,[JIT],0x000074c03a0e6a4a
991293.0,555023,python,[JIT],0x0000769391db7513
991293.0,555023,python,[JIT],0x0000769391dd5ab4
991293.0,554998,python,[JIT],0x0000789554684409
991292.0,555035,python,[JIT],0x000074c039e73ac4
991292.0,555035,python,[JIT],0x000074c039e7872e
991292.0,555035,python,[JIT],0x000074c039e81bdd
991292.0,555009,python,[JIT],0x00007a2d2f45f971
991292.0,555046,python,[JIT],0x00007af46fad9661
991292.0,554977,python,[JIT],0x0000747c7bf4019f
991291.0,555035,python,[JIT],0x000074c039e44e04
991291.0,555035,python,[JIT],0x000074c039e744e0
991291.0,555035,python,[JIT],0x000074c039e78919
991291.0,555023,python,[JIT],0x000076939203cf01
991291.0,554998,python,[JIT],0x0000789554668838
991291.0,554998,python,[JIT],0x00007895546a3678
991291.0,555046,python,[JIT],0x00007af46fad61c4
991291.0,555046,python,[JIT],0x00007af470725824
991291.0,555035,python,python,PyObject_IsTrue
991290.0,555035,python,[JIT],0x000074c03a0e66be
991290.0,555023,python,python,PyObject_CheckBuffer
991290.0,555023,python,[JIT],0x0000769391d7627c
991290.0,554998,python,python,free@plt
991290.0,555046,python,[JIT],0x00007af46fd3e39b
991290.0,555046,python,[JIT],0x00007af470a133e2
991290.0,554984,python,[JIT],0x00007603c142d686
991290.0,554984,python,[JIT],0x00007603c14418cf
991290.0,555035,python,[JIT],0x000074c039e8274e
991289.0,555035,python,[JIT],0x000074c039e78e59
991289.0,555023,python,[JIT],0x0000769391dd6397
991289.0,554998,python,[JIT],0x000078955469ab25
991289.0,554998,python,[JIT],0x00007895546a5567
991289.0,554984,python,[JIT],0x00007603c144bac0
991288.0,555035,python,[JIT],0x000074c039e824f1
991288.0,554984,python,[kernel.kallsyms],native_flush_tlb_one_user
991288.0,554977,python,[JIT],0x0000747c7bf3112b
991287.0,555023,python,[JIT],0x0000769391dd6203
991287.0,554998,python,[JIT],0x000078955469bc0f
991287.0,554998,python,[JIT],0x00007895546a1933
991287.0,554998,python,[JIT],0x00007895546a5168
991287.0,554984,python,[JIT],0x00007603c13e76ad
991286.0,555023,python,[JIT],0x0000769391dd0e1d
991286.0,554998,python,[JIT],0x000078955468d000
991286.0,554984,python,[JIT],0x00007603c14330dc
991285.0,555035,python,[JIT],0x000074c039e7a1d1
991285.0,555035,python,[JIT],0x000074c039e8161b
991285.0,555035,python,[JIT],0x000074c03ae1367e
991285.0,555023,python,[JIT],0x0000769391dd0b67
991285.0,554998,python,[JIT],0x00007895546a4734
991285.0,555009,python,[JIT],0x00007a2d2f46436b
991285.0,554977,python,[JIT],0x0000747c7bf2065c
991285.0,555009,python,python,PyType_GetModuleByDef
991284.0,555035,python,[JIT],0x000074c039e60de0
991284.0,555035,python,[JIT],0x000074c039e7e228
991284.0,555035,python,[JIT],0x000074c039e7fb85
991284.0,555023,python,python,PyObject_GC_Del
991284.0,555023,python,[JIT],0x0000769391d762d8
991284.0,554984,python,libc.so.6,_int_free_merge_chunk
991283.0,555035,python,[JIT],0x000074c039e6ac6f
991283.0,555035,python,[JIT],0x000074c03ae13afc
991283.0,555023,python,[JIT],0x0000769391dce1b5
991283.0,555023,python,[JIT],0x000076939203c210
991283.0,555023,python,[JIT],0x000076939203c7d6
991283.0,554998,python,[JIT],0x000078955469e210
991283.0,555046,python,[JIT],0x00007af46fad92a5
991283.0,554977,python,[JIT],0x0000747c7bf37b24
991283.0,554977,python,[JIT],0x0000747c7bf3e3be
991282.0,555035,python,[JIT],0x000074c03a0e5210
991282.0,554998,python,[JIT],0x0000789554684f98
991282.0,554998,python,[JIT],0x00007895546a1141
991282.0,554977,python,[JIT],0x0000747c7c1a326f
991282.0,554998,python,[JIT],0x00007895546a4baa
991282.0,554984,python,[JIT],0x00007603c1440631
991281.0,555035,python,[JIT],0x000074c039e78009
991281.0,555035,python,[JIT],0x000074c039e7922c
991281.0,555035,python,[JIT],0x000074c039e7f7f0
991281.0,554998,python,[JIT],0x0000789554908c6d
991281.0,555009,python,[JIT],0x00007a2d2f4463e1
991281.0,555009,python,[JIT],0x00007a2d2f460a3a
991281.0,555009,python,[JIT],0x00007a2d2f4649d0
991281.0,555046,python,[JIT],0x00007af46fac2afa
991280.0,555023,python,[JIT],0x0000769391db8eca
991280.0,554984,python,[JIT],0x00007603c14470ce
991280.0,555046,python,[JIT],0x00007af46fac2a9c
991280.0,555046,python,[JIT],0x00007af46fd3d7e9
991280.0,555046,python,[JIT],0x00007af47076a7e4
991280.0,554977,python,[JIT],0x0000747c7bf35a72
991279.0,555035,python,[JIT],0x000074c039e79198
991279.0,555023,python,[JIT],0x0000769391dcae10
991279.0,555023,python,[JIT],0x0000769391dd1344
991279.0,555023,python,[JIT],0x0000769391dd8946
991279.0,554998,python,[JIT],0x000078955469c582
991279.0,554998,python,[JIT],0x000078955469ced1
991279.0,554998,python,[JIT],0x00007895546a2dc5
991279.0,555009,python,[JIT],0x00007a2d2f6cc47a
991279.0,554977,python,[JIT],0x0000747c7bf3c7f6
991279.0,554977,python,[JIT],0x0000747c7bf4077d
991279.0,554984,python,[JIT],0x00007603c1bcebdb
991278.0,555035,python,[JIT],0x000074c039e465a5
991278.0,555023,python,[JIT],0x0000769391dd5aa6
991278.0,555046,python,[JIT],0x00007af46fab8678
991278.0,555046,python,[JIT],0x00007af46fad1017
991278.0,555046,python,[JIT],0x00007af46fada4e2
991278.0,555046,python,[JIT],0x00007af46fd3d223
991278.0,554984,python,[JIT],0x00007603c1445ae3
991277.0,555023,python,[JIT],0x0000769391dd1c14
991277.0,555046,python,[JIT],0x00007af46fad2e55
991276.0,555035,python,[JIT],0x000074c039e7e193
991276.0,555023,python,[JIT],0x0000769391dd09c2
991276.0,554998,python,python,recursive_issubclass
991276.0,555046,python,[JIT],0x00007af46fab91fb
991276.0,555046,python,[JIT],0x00007af46fad2ec3
991276.0,555046,python,[JIT],0x00007af46fad6b41
991276.0,554984,python,[JIT],0x00007603c144bf8b
991275.0,555035,python,[JIT],0x000074c039e79a15
991275.0,555023,python,[JIT],0x0000769391dcb1b4
991275.0,555023,python,[JIT],0x0000769391dd5210
991275.0,555023,python,[JIT],0x0000769392e13088
991275.0,555046,python,[JIT],0x00007af46fad96e4
991275.0,554984,python,[JIT],0x00007603c16b244b
991274.0,555023,python,[JIT],0x0000769391dd6d38
991274.0,555046,python,[JIT],0x00007af46fad968b
991274.0,554984,python,[JIT],0x00007603c144f759
991274.0,555035,python,[JIT],0x000074c039e7912b
991273.0,555023,python,[JIT],0x0000769391db96fc
991273.0,555023,python,[JIT],0x0000769391dd0121
991273.0,554998,python,python,do_mkvalue
991273.0,555046,python,[JIT],0x00007af46fad60c0
991273.0,555046,python,[JIT],0x00007af46fad8317
991273.0,555046,python,[JIT],0x00007af46fad9571
991272.0,555035,python,[JIT],0x000074c039e65b60
991272.0,555035,python,[JIT],0x000074c039e79582
991272.0,555035,python,[JIT],0x000074c039e799ac
991272.0,555035,python,[JIT],0x000074c03a0e5cb9
991272.0,555023,python,python,PySequence_Contains
991272.0,555009,python,[JIT],0x00007a2d2f4485c9
991272.0,555046,python,[JIT],0x00007af46fab992c
991272.0,555046,python,[JIT],0x00007af46fd413ef
991272.0,554977,python,[kernel.kallsyms],update_process_times
991271.0,555023,python,[JIT],0x000076939243847f
991271.0,554977,python,[JIT],0x0000747c7bf3f347
991271.0,554984,python,[JIT],0x00007603c1420d00
991271.0,555009,python,[JIT],0x00007a2d2f45d2f4
991270.0,555023,python,[JIT],0x0000769391db8a83
991270.0,555023,python,[JIT],0x0000769391dd10b5
991270.0,554998,python,[JIT],0x0000789554909739
991270.0,555046,python,[JIT],0x00007af46fad29e9
991270.0,554977,python,[JIT],0x0000747c7bf3cf21
991270.0,554984,python,[JIT],0x00007603c13be50f
991270.0,554984,python,[JIT],0x00007603c144cd22
991269.0,555035,python,[JIT],0x000074c039e7a02c
991269.0,555023,python,[JIT],0x0000769391d748a3
991269.0,555023,python,[JIT],0x0000769391dd863d
991269.0,555046,python,[JIT],0x00007af46fad6d17
991269.0,555046,python,[JIT],0x00007af46fad788f
991269.0,554977,python,[JIT],0x0000747c7c1a4a59
991269.0,555009,python,[JIT],0x00007a2d2f6cb154
991268.0,555023,python,[JIT],0x0000769391dd5ac7
991268.0,555023,python,[JIT],0x0000769391dd8f8f
991268.0,555023,python,[JIT],0x0000769391dd945f
991268.0,554998,python,[JIT],0x000078955465905e
991268.0,555046,python,[JIT],0x00007af46facff92
991268.0,554977,python,[JIT],0x0000747c7bf30587
991268.0,554984,python,python,object_init
991267.0,555035,python,[JIT],0x000074c039e44238
991267.0,555035,python,[JIT],0x000074c039e79807
991267.0,555035,python,[JIT],0x000074c03ae13729
991267.0,555023,python,[JIT],0x0000769391dd02b3
991267.0,555023,python,[JIT],0x000076939245da5a
991267.0,555046,python,[JIT],0x00007af46fd3d6ce
991267.0,555035,python,python,_Py_uop_frame_new
991266.0,555035,python,[JIT],0x000074c039e78ac1
991266.0,555035,python,[JIT],0x000074c039e78da2
991266.0,555023,python,[JIT],0x000076939203d0cc
991266.0,555046,python,[JIT],0x00007af46fab9b4a
991266.0,554984,python,[JIT],0x00007603c144eec9
991265.0,555046,python,[JIT],0x00007af46fad16bf
991265.0,554998,python,[JIT],0x0000789554908f12
991264.0,555035,python,[JIT],0x000074c039e7f31a
991264.0,554998,python,[JIT],0x000078955468ded9
991264.0,555009,python,[JIT],0x00007a2d2f4382f5
991264.0,555009,python,[JIT],0x00007a2d2f6cb158
991263.0,555035,python,[JIT],0x000074c039e629dc
991263.0,555035,python,[JIT],0x000074c039e6b4f1
991263.0,555035,python,[JIT],0x000074c039e7414a
991263.0,555035,python,[JIT],0x000074c039e81d31
991263.0,555023,python,[JIT],0x000076939203c806
991263.0,555046,python,[JIT],0x00007af46fad9958
991263.0,555009,python,libc.so.6,memcpy@@GLIBC_2.14@plt
991262.0,555035,python,[JIT],0x000074c039e60af7
991262.0,555035,python,[JIT],0x000074c03ae13280
991262.0,555023,python,[JIT],0x0000769391db8dba
991262.0,554998,python,[JIT],0x00007895546a131d
991262.0,554984,python,[JIT],0x00007603c14446f6
991262.0,554984,python,[JIT],0x00007603c144789c
991261.0,555035,python,[JIT],0x000074c039e78f0a
991261.0,555046,python,[JIT],0x00007af46fa9d584
991261.0,555046,python,[JIT],0x00007af46fab8b7d
991261.0,554977,python,[JIT],0x0000747c7bf1f1fb
991261.0,554977,python,[JIT],0x0000747c7bf3f7f5
991261.0,554984,python,[JIT],0x00007603c144f1fc
991260.0,555046,python,[JIT],0x00007af46faba988
991260.0,554977,python,[JIT],0x0000747c7bf19000
991259.0,555035,python,[JIT],0x000074c03a0e3da3
991259.0,555023,python,[JIT],0x0000769391dced64
991259.0,555046,python,[JIT],0x00007af46fad78b0
991259.0,555046,python,[JIT],0x00007af47076a3e2
991259.0,554977,python,[kernel.kallsyms],update_load_avg
991259.0,554984,python,[JIT],0x00007603c14463a4
991259.0,555035,python,[JIT],0x000074c039e7e8bc
991258.0,555035,python,[JIT],0x000074c039e7aa84
991258.0,555009,python,[JIT],0x00007a2d2f45fc90
991258.0,555046,python,[JIT],0x00007af46facf45a
991258.0,555046,python,[JIT],0x00007af46facf605
991258.0,555046,python,[JIT],0x00007af46fd3affd
991258.0,554977,python,[JIT],0x0000747c7bed4621
991258.0,554977,python,[JIT],0x0000747c7bf35354
991258.0,554977,python,[JIT],0x0000747c7bf38f93
991258.0,554984,python,[JIT],0x00007603c144cf30
991257.0,555035,python,[JIT],0x000074c039e1e210
991257.0,555035,python,[JIT],0x000074c039e7b021
991257.0,555035,python,[JIT],0x000074c03a0e563a
991257.0,555046,python,[JIT],0x00007af46fad0e6e
991257.0,554977,python,[JIT],0x0000747c7bf24832
991257.0,554977,python,[JIT],0x0000747c7bf3f7d7
991257.0,554984,python,[JIT],0x00007603c144712c
991256.0,555035,python,python,memset@plt
991256.0,555035,python,[JIT],0x000074c03ae210ce
991256.0,555023,python,[JIT],0x0000769391dd50ad
991256.0,555023,python,[JIT],0x0000769391dd705d
991256.0,554984,python,[JIT],0x00007603c143f9af
991256.0,554998,python,[JIT],0x0000789554684bd8
991256.0,555046,python,[JIT],0x00007af46fa9003e
991256.0,555046,python,[JIT],0x00007af46fad31e6
991256.0,555046,python,[JIT],0x00007af46fad62e7
991256.0,554984,python,[JIT],0x00007603c1446870
991255.0,555023,python,[JIT],0x0000769391d8e781
991255.0,555009,python,python,batched_new
991255.0,555046,python,[JIT],0x00007af46fab8949
991255.0,555046,python,[JIT],0x00007af46fad863f
991255.0,554977,python,[JIT],0x0000747c7bee4268
991255.0,554977,python,[JIT],0x0000747c7bf2807a
991255.0,554984,python,[JIT],0x00007603c142d973
991254.0,555035,python,[JIT],0x000074c039dfcf50
991254.0,555035,python,[JIT],0x000074c039e79b9c
991254.0,555035,python,[JIT],0x000074c03ae13e4d
991254.0,554998,python,[JIT],0x00007895546a4309
991254.0,554998,python,[JIT],0x00007895546a4815
991254.0,555046,python,[JIT],0x00007af46fad30bb
991254.0,555046,python,[JIT],0x00007af46fad6a96
991254.0,554984,python,[JIT],0x00007603c1447f9c
991254.0,555009,python,python,dictresize
991253.0,555035,python,[JIT],0x000074c039e81109
991253.0,555023,python,[JIT],0x0000769391dc1d1a
991253.0,555023,python,[JIT],0x0000769391dd125f
991253.0,555046,python,[JIT],0x00007af46facf36b
991252.0,555035,python,[JIT],0x000074c039e7e40d
991252.0,555046,python,[JIT],0x00007af470727f2f
991252.0,554977,python,[kernel.kallsyms],update_curr
991252.0,554984,python,[JIT],0x00007603c16b3757
991251.0,555035,python,[JIT],0x000074c039e601e1
991251.0,555023,python,[JIT],0x0000769391dc9825
991251.0,555023,python,[JIT],0x0000769391dd537a
991251.0,555046,python,[JIT],0x00007af46fa72567
991251.0,555046,python,[JIT],0x00007af47076a3ce
991251.0,554977,python,[JIT],0x0000747c7bf204fb
991250.0,555035,python,[JIT],0x000074c039e7fb1b
991250.0,555023,python,[JIT],0x0000769391dabaf0
991250.0,555009,python,[JIT],0x00007a2d2f45f2b1
991250.0,555046,python,[JIT],0x00007af46fad2d0b
991250.0,555046,python,[JIT],0x00007af46fad661b
991250.0,554984,python,[JIT],0x00007603c14455fc
991249.0,555023,python,[JIT],0x0000769391d75979
991249.0,555023,python,[JIT],0x000076939203d718
991249.0,555046,python,[JIT],0x00007af46fad6a75
991249.0,554977,python,[JIT],0x0000747c7bf37332
991249.0,554977,python,[JIT],0x0000747c7c1a307a
991248.0,555035,python,[JIT],0x000074c039e7fc8e
991248.0,554998,python,[JIT],0x00007895546840b6
991247.0,555035,python,[JIT],0x000074c039e740d1
991247.0,555035,python,[JIT],0x000074c039e7adc7
991247.0,555023,python,[JIT],0x0000769391dd5987
991247.0,555023,python,[JIT],0x000076939203d669
991247.0,555046,python,[JIT],0x00007af46facf37c
991247.0,555009,python,libc.so.6,_int_free
991246.0,555035,python,[JIT],0x000074c039e787c2
991246.0,555046,python,[JIT],0x00007af46faba779
991246.0,555046,python,[JIT],0x00007af46facf851
991246.0,555046,python,[JIT],0x00007af46fad6196
991246.0,554977,python,[JIT],0x0000747c7bf1e72b
991246.0,554984,python,[JIT],0x00007603c1446a9a
991246.0,554984,python,[JIT],0x00007603c144ea9e
991245.0,555035,python,[JIT],0x000074c039e54545
991245.0,555035,python,[JIT],0x000074c039e77ebc
991245.0,555023,python,[JIT],0x0000769391d77992
991245.0,555023,python,[JIT],0x0000769391db7cdc
991245.0,554977,python,[JIT],0x0000747c7bf1e0c4
991244.0,555035,python,[JIT],0x000074c039e60336
991244.0,555035,python,[JIT],0x000074c03a0e60d3
991244.0,555023,python,[JIT],0x0000769391dd5752
991244.0,555009,python,[JIT],0x00007a2d2f464752
991244.0,555046,python,[JIT],0x00007af46fd3dba6
991244.0,554977,python,[JIT],0x0000747c7bf1ed46
991244.0,554977,python,[JIT],0x0000747c7bf3d4a9
991243.0,555035,python,[JIT],0x000074c039e772e4
991243.0,555023,python,[JIT],0x0000769391db891b
991243.0,554998,python,[JIT],0x000078955469ca0d
991243.0,555046,python,[JIT],0x00007af46fab9b9f
991243.0,555046,python,[JIT],0x00007af46fabea27
991242.0,555035,python,[JIT],0x000074c039e78df6
991242.0,555035,python,[JIT],0x000074c03a4f8995
991242.0,555035,python,[JIT],0x000074c03ae2137c
991242.0,555023,python,[JIT],0x0000769391db81ab
991242.0,555023,python,[JIT],0x0000769391dd2130
991242.0,555046,python,[JIT],0x00007af46facf393
991242.0,554977,python,[JIT],0x0000747c7bf1e8a0
991242.0,554984,python,[JIT],0x00007603c144d00a
991241.0,555023,python,[JIT],0x0000769391dd0b49
991241.0,555023,python,[JIT],0x0000769391dd130a
991241.0,554998,python,[JIT],0x0000789554908308
991241.0,555046,python,[JIT],0x00007af46fa77258
991241.0,555046,python,[JIT],0x00007af46fad276a
991241.0,555046,python,[JIT],0x00007af47076aa91
991241.0,554984,python,[JIT],0x00007603c144408a
991241.0,554984,python,[JIT],0x00007603c16b3942
991240.0,554998,python,[JIT],0x000078955469d07e
991240.0,555046,python,[JIT],0x00007af46fd3d57b
991240.0,555046,python,[JIT],0x00007af470a13251
991240.0,554984,python,[JIT],0x00007603c144cab6
991240.0,554984,python,[JIT],0x00007603c144e081
991240.0,554984,python,[JIT],0x00007603c1bcebd2
991239.0,555035,python,[JIT],0x000074c039e79de9
991239.0,555035,python,[JIT],0x000074c039e819c4
991239.0,555023,python,[JIT],0x0000769391dd700a
991239.0,554998,python,[JIT],0x000078955469b0e4
991239.0,554998,python,[JIT],0x00007895546a2be2
991239.0,554984,python,[JIT],0x00007603c16b2ec1
991239.0,555035,python,python,tupleiter_next
991238.0,554998,python,[JIT],0x000078955469de81
991238.0,554998,python,[JIT],0x00007895546a2569
991238.0,555046,python,python,memory_releasebuf
991238.0,554977,python,[JIT],0x0000747c7bf3c319
991237.0,555035,python,[JIT],0x000074c03ae22723
991237.0,555023,python,[JIT],0x0000769391dbe02a
991237.0,554998,python,[JIT],0x000078955469c91d
991237.0,554998,python,[JIT],0x000078955490c3da
991237.0,555046,python,[JIT],0x00007af46fad2c7e
991237.0,555046,python,[JIT],0x00007af46fd3e83a
991237.0,554977,python,[JIT],0x0000747c7bf38faf
991237.0,554984,python,[JIT],0x00007603c142dc3b
991237.0,555035,python,python,PyLong_AsLong
991236.0,555035,python,[JIT],0x000074c039e79b79
991236.0,555023,python,[JIT],0x000076939203c637
991236.0,555023,python,[JIT],0x000076939245d880
991236.0,555046,python,[JIT],0x00007af46fada409
991236.0,554977,python,[JIT],0x0000747c7bf3cd32
991235.0,554977,python,[JIT],0x0000747c7bf3c620
991235.0,554977,python,[JIT],0x0000747c7bf403c9
991235.0,554977,python,[JIT],0x0000747c7c1a4cfd
991235.0,554984,python,[JIT],0x00007603c144b997
991234.0,555035,python,[JIT],0x000074c039e7e31f
991234.0,555023,python,[JIT],0x000076939203c6fa
991234.0,555046,python,[JIT],0x00007af46fac2088
991234.0,555046,python,[JIT],0x00007af46fad1528
991234.0,554977,python,[JIT],0x0000747c7bf35000
991233.0,555035,python,[JIT],0x000074c039e7e36b
991233.0,555023,python,[JIT],0x0000769392040439
991233.0,555023,python,[JIT],0x000076939257b326
991233.0,554998,python,[JIT],0x000078955469cbcf
991233.0,554998,python,[JIT],0x000078955469cfe0
991233.0,555009,python,[JIT],0x00007a2d2f448578
991233.0,555046,python,[JIT],0x00007af46facaec6
991233.0,554977,python,[JIT],0x0000747c7bf203cf
991232.0,555035,python,[JIT],0x000074c039e77aa9
991232.0,555035,python,[JIT],0x000074c039e7a958
991232.0,555035,python,[JIT],0x000074c039e7e365
991232.0,555035,python,[JIT],0x000074c039e7f8be
991232.0,555023,python,python,_Py_type_getattro_stackref
991232.0,555023,python,[JIT],0x0000769391dd8e73
991232.0,554998,python,[JIT],0x000078955469a095
991232.0,555046,python,[JIT],0x00007af46facc7a8
991232.0,554984,python,[JIT],0x00007603c1bce0b8
991231.0,555035,python,[JIT],0x000074c039e1c846
991231.0,555035,python,[JIT],0x000074c039e6549a
991231.0,555035,python,[JIT],0x000074c039e7eed9
991231.0,555035,python,[JIT],0x000074c03a4f80b0
991231.0,555023,python,[JIT],0x0000769391db82c3
991231.0,554998,python,[JIT],0x00007895546a11c2
991231.0,554998,python,[JIT],0x00007895546a1dfa
991231.0,554998,python,[JIT],0x00007895549082a3
991230.0,555023,python,[JIT],0x0000769391db8bed
991230.0,554998,python,[JIT],0x000078955468ae08
991230.0,555046,python,[JIT],0x00007af46fad315f
991230.0,555046,python,[JIT],0x00007af46fd3e188
991230.0,554984,python,[JIT],0x00007603c144d0d1
991229.0,555035,python,[JIT],0x000074c039e7a787
991229.0,555023,python,[JIT],0x0000769391db8e4a
991229.0,555023,python,[JIT],0x0000769391dd09ac
991229.0,555023,python,[JIT],0x0000769391dd1de0
991229.0,555023,python,[JIT],0x0000769391dd5dba
991229.0,554998,python,[JIT],0x000078955469c87b
991229.0,555009,python,[JIT],0x00007a2d2f45d9e3
991229.0,555046,python,[JIT],0x00007af46fad6d1c
991229.0,555046,python,[JIT],0x00007af470727116
991229.0,554977,python,[JIT],0x0000747c7bf2017d
991229.0,554977,python,[JIT],0x0000747c7bf26faf
991228.0,555023,python,[JIT],0x0000769391d75bdc
991228.0,555023,python,[JIT],0x0000769391dd0e35
991228.0,555023,python,[JIT],0x0000769391dd89c4
991228.0,554998,python,[JIT],0x0000789554908478
991228.0,555009,python,python,_Py_module_getattro_impl
991228.0,555046,python,[JIT],0x00007af46fa6bc78
991227.0,555023,python,[JIT],0x0000769391db74e8
991227.0,555023,python,[JIT],0x0000769391dcfa5a
991227.0,554998,python,python,PyTuple_New
991227.0,555009,python,[JIT],0x00007a2d2fa94270
991227.0,555046,python,[JIT],0x00007af46fad9124
991227.0,555046,python,[JIT],0x00007af470a13152
991226.0,555035,python,[JIT],0x000074c039e625d8
991226.0,555023,python,[JIT],0x0000769391d77d62
991226.0,555046,python,[JIT],0x00007af46fad1918
991226.0,554977,python,[JIT],0x0000747c7bf1f15b
991225.0,555035,python,[JIT],0x000074c039e61aa1
991225.0,555023,python,[JIT],0x0000769391dd11a4
991225.0,555023,python,[JIT],0x0000769391dd88cc
991225.0,554984,python,python,PyObject_GC_UnTrack
991225.0,555046,python,[JIT],0x00007af46facf51c
991225.0,555046,python,[JIT],0x00007af46facf5be
991225.0,555046,python,[JIT],0x00007af46fad6bf7
991225.0,554977,python,[JIT],0x0000747c7bf1f779
991225.0,554984,python,[JIT],0x00007603c14447c0
991224.0,555035,python,[JIT],0x000074c039e17988
991224.0,555035,python,[JIT],0x000074c039e46260
991224.0,555023,python,[JIT],0x0000769391dd7444
991224.0,554984,python,[JIT],0x00007603c16b358b
991224.0,554984,python,[JIT],0x00007603c13f7bba
991223.0,555035,python,[JIT],0x000074c039e77bae
991223.0,555023,python,[JIT],0x0000769391db986c
991223.0,555023,python,[JIT],0x0000769391dd586d
991223.0,554984,python,[JIT],0x00007603c144e62e
991223.0,555046,python,[JIT],0x00007af46fad1d70
991223.0,555046,python,[JIT],0x00007af46fad3372
991223.0,554977,python,[JIT],0x0000747c7bf3df72
991223.0,554977,python,[JIT],0x0000747c7c1a4643
991223.0,554984,python,[JIT],0x00007603c144b825
991223.0,554984,python,[JIT],0x00007603c144b87b
991223.0,554984,python,[JIT],0x00007603c25db00e
991223.0,555009,python,python,_PyObject_GC_New
991222.0,555009,python,[JIT],0x00007a2d2f44b000
991222.0,555046,python,[JIT],0x00007af46facac57
991222.0,555035,python,[JIT],0x000074c039e7e589
991221.0,555035,python,[JIT],0x000074c039e6c9e1
991221.0,555023,python,[JIT],0x0000769391dd0d11
991221.0,555023,python,[JIT],0x0000769391dd5cc1
991221.0,555046,python,[JIT],0x00007af470a1320d
991221.0,554984,python,[JIT],0x00007603c142eb32
991220.0,555035,python,[JIT],0x000074c039e1c040
991220.0,555023,python,[JIT],0x0000769391dc1e76
991220.0,555023,python,[JIT],0x0000769391dd64a1
991220.0,554984,python,[JIT],0x00007603c1447f93
991219.0,555035,python,[JIT],0x000074c039e454f4
991219.0,555035,python,[JIT],0x000074c039e7842f
991219.0,555023,python,[JIT],0x0000769391db86c4
991219.0,555023,python,[JIT],0x0000769391dcfdba
991219.0,555046,python,[JIT],0x00007af46fab8bbe
991219.0,555046,python,[JIT],0x00007af46fad0b63
991219.0,554984,python,[JIT],0x00007603c14407cc
991219.0,554984,python,[JIT],0x00007603c1bce452
991219.0,555009,python,[JIT],0x00007a2d2f6c93bc
991218.0,555035,python,[JIT],0x000074c039e77446
991218.0,555035,python,[JIT],0x000074c039e78039
991218.0,554998,python,[JIT],0x000078955469c707
991218.0,554998,python,[JIT],0x000078955469c7ea
991218.0,555046,python,[JIT],0x00007af46fad17cb
991218.0,554984,python,[JIT],0x00007603c14371de
991217.0,555035,python,[JIT],0x000074c039e618ff
991217.0,555035,python,[JIT],0x000074c039e7f034
991217.0,555035,python,[JIT],0x000074c03ae13304
991217.0,555023,python,[JIT],0x0000769391dd0579
991217.0,555023,python,[JIT],0x000076939203d6b4
991217.0,554984,python,[JIT],0x00007603c144b3c8
991217.0,555009,python,[JIT],0x00007a2d2f6cbaa3
991217.0,555035,python,_struct.cpython-316-x86_64-linux-gnu.so,PyBytesWriter_Create@plt
991216.0,555023,python,python,int_bit_length
991216.0,554998,python,[JIT],0x00007895546a4571
991216.0,555046,python,[JIT],0x00007af47074ca6c
991216.0,554977,python,[JIT],0x0000747c7bf39029
991216.0,554998,python,[JIT],0x00007895546961ea
991215.0,555035,python,[JIT],0x000074c039e1d1c0
991215.0,555035,python,[JIT],0x000074c039e72f17
991215.0,555035,python,[JIT],0x000074c039e77dd3
991215.0,555035,python,[JIT],0x000074c039e7992d
991215.0,555023,python,[JIT],0x0000769391dcec92
991215.0,555023,python,[JIT],0x0000769391dd57e0
991215.0,554984,python,[JIT],0x00007603c144f779
991214.0,555035,python,[JIT],0x000074c039e60acb
991214.0,555035,python,[JIT],0x000074c039e7708a
991213.0,555035,python,[JIT],0x000074c039e45d61
991213.0,555035,python,[JIT],0x000074c039e802ae
991213.0,555035,python,[JIT],0x000074c039e81586
991213.0,555035,python,[JIT],0x000074c039e820dd
991213.0,555023,python,python,unicode_hash
991213.0,554984,python,[JIT],0x00007603c144e989
991213.0,554998,python,[JIT],0x0000789554688d8d
991213.0,554998,python,[JIT],0x00007895552eb738
991213.0,554984,python,[JIT],0x00007603c144173f
991213.0,554984,python,[JIT],0x00007603c144b292
991212.0,554998,python,[JIT],0x0000789554684892
991212.0,554998,python,[JIT],0x000078955469d824
991212.0,555046,python,[JIT],0x00007af46fa76661
991212.0,554984,python,[JIT],0x00007603c1445720
991212.0,555035,python,_struct.cpython-316-x86_64-linux-gnu.so,PyBytesWriter_GetData@plt
991212.0,555035,python,[JIT],0x000074c039e6613b
991211.0,555035,python,[JIT],0x000074c03ae13a4a
991211.0,555023,python,[JIT],0x0000769391dce8a1
991211.0,555023,python,[JIT],0x0000769391dd0d48
991211.0,555023,python,[JIT],0x0000769391dd22c7
991211.0,554977,python,[JIT],0x0000747c7bf3872c
991211.0,554977,python,[JIT],0x0000747c7c1a437c
991211.0,554984,python,[JIT],0x00007603c14477bb
991210.0,555035,python,[JIT],0x000074c03a0e544b
991210.0,555035,python,[JIT],0x000074c03a0e54f4
991210.0,555023,python,[JIT],0x0000769391db9a1e
991210.0,554998,python,[JIT],0x00007895546a1c90
991210.0,554998,python,[JIT],0x00007895549096cb
991210.0,555046,python,[JIT],0x00007af46fad6dfa
991210.0,554977,python,[JIT],0x0000747c7bf318c2
991210.0,554977,python,[JIT],0x0000747c7c1a0ee0
991210.0,554984,python,[JIT],0x00007603c1444ce6
991210.0,555035,python,[JIT],0x000074c039e7a01a
991209.0,555023,python,[JIT],0x0000769391dd13fd
991209.0,555046,python,[JIT],0x00007af46fad63d6
991209.0,554977,python,[JIT],0x0000747c7bf312c2
991209.0,554984,python,[JIT],0x00007603c1437521
991208.0,555035,python,python,realloc@plt
991208.0,555035,python,[JIT],0x000074c039e79c90
991208.0,555035,python,[JIT],0x000074c039e7ea0f
991208.0,555035,python,[JIT],0x000074c039e81d06
991208.0,555023,python,[JIT],0x0000769391dd2149
991208.0,555046,python,[JIT],0x00007af46fad0c23
991208.0,555046,python,[JIT],0x00007af47076aae0
991208.0,554984,python,[JIT],0x00007603c144cca3
991207.0,555035,python,[JIT],0x000074c03a4f8a4d
991207.0,555046,python,[JIT],0x00007af46fad2a8f
991207.0,555035,python,python,PyTuple_FromArray.part.0
991206.0,555035,python,[JIT],0x000074c039e79d30
991206.0,554998,python,[JIT],0x00007895546a174a
991206.0,554977,python,[JIT],0x0000747c7bf38c6a
991206.0,554977,python,[JIT],0x0000747c7bf3c9c7
991206.0,555009,python,[JIT],0x00007a2d2f464212
991205.0,555035,python,[JIT],0x000074c03a0e5ea7
991205.0,555023,python,[JIT],0x000076939257bbef
991205.0,554998,python,[JIT],0x000078955469afc8
991205.0,554998,python,[JIT],0x000078955469b068
991205.0,554998,python,[JIT],0x0000789555316849
991205.0,554977,python,[JIT],0x0000747c7bf1e410
991205.0,554998,python,[JIT],0x00007895553333e7
991205.0,554984,python,[JIT],0x00007603c144c186
991205.0,554984,python,[JIT],0x00007603c144c8f8
991205.0,554984,python,[JIT],0x00007603c144d2ae
991204.0,555023,python,[JIT],0x0000769391dd7ba6
991204.0,555046,python,[JIT],0x00007af46fad2488
991204.0,554977,python,[JIT],0x0000747c7bf35c92
991204.0,554984,python,[JIT],0x00007603c142f88d
991203.0,555023,python,[JIT],0x0000769391db8f6e
991203.0,554998,python,[JIT],0x00007895546a3b47
991203.0,555046,python,[JIT],0x00007af46fad68fc
991203.0,555046,python,[JIT],0x00007af470725b2b
991203.0,554984,python,[JIT],0x00007603c1447c55
991202.0,555035,python,[JIT],0x000074c039e7e5bc
991202.0,555035,python,[JIT],0x000074c039e80859
991202.0,554998,python,[JIT],0x000078955469ace2
991202.0,555046,python,[JIT],0x00007af46fad2acd
991202.0,555046,python,[JIT],0x00007af46fad6f07
991202.0,555046,python,[JIT],0x00007af47076aa71
991202.0,554984,python,[JIT],0x00007603c13c48c2
991201.0,555035,python,[JIT],0x000074c039e8104a
991201.0,555023,python,[JIT],0x0000769391dd5d42
991201.0,555023,python,[JIT],0x000076939203c73c
991201.0,554998,python,[JIT],0x000078955469ae59
991201.0,555009,python,[JIT],0x00007a2d2f6c723e
991201.0,554977,python,[JIT],0x0000747c7bf3c406
991201.0,554984,python,[JIT],0x00007603c144efff
991200.0,555035,python,[JIT],0x000074c039e1bd74
991200.0,555035,python,[JIT],0x000074c03ae1389f
991200.0,555023,python,[JIT],0x0000769391dd66b6
991200.0,554998,python,python,Py_GetConstant
991200.0,554998,python,[JIT],0x00007895546a21bb
991200.0,555046,python,[JIT],0x00007af46fd3a4e5
991199.0,555035,python,[JIT],0x000074c039e77b37
991199.0,555035,python,[JIT],0x000074c039e78213
991199.0,554998,python,[JIT],0x000078955469c3ab
991199.0,555046,python,python,cfunction_vectorcall_FASTCALL_KEYWORDS
991199.0,554977,python,[JIT],0x0000747c7bf1f812
991199.0,554977,python,[JIT],0x0000747c7bf3f000
991199.0,554984,python,[JIT],0x00007603c14386e8
991199.0,554984,python,[JIT],0x00007603c1447aba
991199.0,554984,python,[JIT],0x00007603c144f384
991199.0,555009,python,[kernel.kallsyms],__handle_mm_fault
991198.0,555023,python,[JIT],0x0000769391dcea4d
991198.0,554977,python,[JIT],0x0000747c7bf35617
991198.0,554977,python,[JIT],0x0000747c7bf35a4d
991198.0,554977,python,[JIT],0x0000747c7bf3d72e
991198.0,554977,python,[JIT],0x0000747c7bf3ec5b
991198.0,554998,python,[JIT],0x00007895546a1d13
991198.0,554984,python,[JIT],0x00007603c1446bdf
991198.0,554984,python,[JIT],0x00007603c144b4d0
991197.0,555023,python,[JIT],0x0000769391db87e6
991197.0,554998,python,[JIT],0x000078955469c0f1
991197.0,554998,python,[JIT],0x00007895546a24e1
991197.0,555046,python,[JIT],0x00007af47076a0c5
991196.0,554998,python,[JIT],0x000078955469bcd9
991195.0,555035,python,[JIT],0x000074c039e803b1
991195.0,555035,python,[JIT],0x000074c03ae1395d
991195.0,554998,python,[JIT],0x00007895553162ff
991195.0,555046,python,[JIT],0x00007af46fad8e72
991195.0,555046,python,[JIT],0x00007af46fd3dceb
991195.0,554984,python,[JIT],0x00007603c142f7e0
991195.0,554984,python,[JIT],0x00007603c144b116
991194.0,555035,python,[JIT],0x000074c03ae1396e
991194.0,554998,python,[JIT],0x000078955468866e
991194.0,555046,python,[JIT],0x00007af46facf7fd
991194.0,554977,python,[JIT],0x0000747c7bf3c0dc
991194.0,554984,python,[JIT],0x00007603c14447ab
991194.0,554984,python,[JIT],0x00007603c144c36e
991193.0,555035,python,[JIT],0x000074c039e80e92
991193.0,555035,python,[JIT],0x000074c03a0e53b2
991193.0,555009,python,python,PyObject_CheckBuffer
991193.0,555009,python,[JIT],0x00007a2d2f6c9527
991193.0,555046,python,[JIT],0x00007af46fabd9ef
991193.0,554977,python,[JIT],0x0000747c7bed6660
991193.0,554977,python,[JIT],0x0000747c7bf305b3
991193.0,554977,python,[JIT],0x0000747c7bf35def
991193.0,554977,python,[JIT],0x0000747c7bf38dfe
991193.0,554984,python,[JIT],0x00007603c14330bf
991193.0,554984,python,[JIT],0x00007603c1445e5b
991192.0,555035,python,[JIT],0x000074c039e73ffd
991192.0,555035,python,[JIT],0x000074c039e7ff50
991192.0,555023,python,[JIT],0x000076939203cd0b
991192.0,555009,python,[JIT],0x00007a2d2f6cc075
991192.0,555046,python,[JIT],0x00007af46fad8f00
991192.0,555046,python,[JIT],0x00007af46fada44c
991192.0,554977,python,[JIT],0x0000747c7bf40771
991192.0,554984,python,[JIT],0x00007603c14461f7
991192.0,554984,python,[JIT],0x00007603c144d302
991191.0,555035,python,[JIT],0x000074c039e80b45
991191.0,555023,python,[JIT],0x0000769391dd0870
991191.0,555023,python,[JIT],0x0000769391dd519e
991191.0,555023,python,[JIT],0x000076939257bf2d
991191.0,554998,python,[JIT],0x0000789554689bb9
991191.0,554998,python,[JIT],0x0000789554ce229a
991191.0,554984,python,[JIT],0x00007603c1437c30
991191.0,554984,python,[JIT],0x00007603c1445a3d
991191.0,555035,python,[JIT],0x000074c039e7fdbe
991190.0,555035,python,[JIT],0x000074c039e33076
991190.0,555035,python,[JIT],0x000074c039e74177
991190.0,555035,python,[JIT],0x000074c039e77967
991190.0,555023,python,[JIT],0x0000769391dd1894
991190.0,555046,python,[JIT],0x00007af46fad86bc
991190.0,554977,python,[JIT],0x0000747c7bf23d7d
991190.0,554977,python,[JIT],0x0000747c7bf3097b
991190.0,555035,python,[JIT],0x000074c039e7955b
991189.0,555035,python,[JIT],0x000074c039e74100
991189.0,555035,python,[JIT],0x000074c039e7f2e1
991189.0,555035,python,[JIT],0x000074c03a0e60f6
991189.0,555023,python,[JIT],0x0000769391dd1653
991189.0,555023,python,[JIT],0x000076939203c8c0
991189.0,554998,python,[JIT],0x00007895546851fb
991189.0,554998,python,[JIT],0x00007895546a5518
991189.0,554977,python,[JIT],0x0000747c7bf35d1d
991189.0,554977,python,[JIT],0x0000747c7c1a3a60
991189.0,555009,python,[JIT],0x00007a2d2f45dc46
991188.0,555035,python,[JIT],0x000074c039e77475
991188.0,555035,python,[JIT],0x000074c039e79cf9
991188.0,555035,python,[JIT],0x000074c039e7f910
991188.0,555023,python,[JIT],0x000076939203d62d
991188.0,555023,python,[JIT],0x000076939257b618
991188.0,554984,python,python,PyLong_AsLong
991188.0,554998,python,[JIT],0x000078955469bc5d
991188.0,554998,python,[JIT],0x0000789554909760
991188.0,554998,python,[JIT],0x0000789555316298
991188.0,555046,python,[JIT],0x00007af46fad2005
991188.0,555046,python,[JIT],0x00007af46fad62bc
991188.0,554977,python,[JIT],0x0000747c7bf38776
991187.0,555035,python,[JIT],0x000074c039e78c43
991187.0,555023,python,[JIT],0x0000769391dd0fb0
991187.0,555023,python,[JIT],0x0000769391dd61bb
991187.0,555023,python,[JIT],0x0000769392438510
991187.0,554998,python,python,siphash13
991187.0,554998,python,[JIT],0x0000789555316de5
991187.0,555009,python,[JIT],0x00007a2d2f451109
991187.0,555009,python,[JIT],0x00007a2d2f6cc156
991187.0,555046,python,[JIT],0x00007af46fad2c67
991187.0,554977,python,[JIT],0x0000747c7bf3095d
991187.0,554977,python,[JIT],0x0000747c7bf3795e
991186.0,555035,python,[JIT],0x000074c039e62762
991186.0,555035,python,[JIT],0x000074c039e79ae7
991186.0,555023,python,[JIT],0x0000769391db8b45
991186.0,555009,python,[JIT],0x00007a2d2f467a3a
991186.0,555046,python,[JIT],0x00007af46faba522
991186.0,555046,python,[JIT],0x00007af46fad0634
991186.0,554977,python,[JIT],0x0000747c7befd87e
991186.0,554977,python,[JIT],0x0000747c7bf3762f
991186.0,554977,python,[JIT],0x0000747c7bf38de0
991186.0,554984,python,[JIT],0x00007603c144cf50
991186.0,555009,python,python,_PyBytes_ResizeKeepOnError
991185.0,555009,python,[JIT],0x00007a2d2f6c9097
991185.0,555046,python,[JIT],0x00007af46fad18b1
991185.0,554977,python,[JIT],0x0000747c7bf3c752
991185.0,554977,python,[JIT],0x0000747c7bf3d598
991185.0,554977,python,[JIT],0x0000747c7c6cd052
991185.0,554984,python,[JIT],0x00007603c1440ffd
991184.0,555023,python,[JIT],0x0000769391dac028
991184.0,555023,python,[JIT],0x0000769391dce68a
991184.0,555023,python,[JIT],0x0000769391dd14b7
991184.0,555046,python,[JIT],0x00007af46fabf2cc
991184.0,555046,python,[JIT],0x00007af46facc287
991184.0,555046,python,[JIT],0x00007af46fad6c97
991183.0,555035,python,[JIT],0x000074c039e7e18b
991183.0,554998,python,[JIT],0x0000789554695444
991183.0,554998,python,[JIT],0x00007895546a3759
991183.0,554998,python,[JIT],0x0000789555316dbb
991183.0,555009,python,[JIT],0x00007a2d2f45e6c9
991183.0,555009,python,[JIT],0x00007a2d2f4685bf
991183.0,555046,python,python,dict_setdefault_ref_lock_held
991183.0,554977,python,[JIT],0x0000747c7bf3638e
991183.0,554998,python,[JIT],0x000078955469be8d
991183.0,554984,python,[JIT],0x00007603c1437ed9
991183.0,554984,python,[JIT],0x00007603c14473f5
991182.0,555035,python,[JIT],0x000074c03a0e5c46
991182.0,555023,python,python,_Py_module_getattro_impl
991182.0,554998,python,[JIT],0x00007895546a4f0b
991182.0,555046,python,[JIT],0x00007af46fab9673
991182.0,554977,python,[JIT],0x0000747c7bf1f624
991182.0,554984,python,[JIT],0x00007603c14113a8
991182.0,555035,python,[JIT],0x000074c03ae21ea3
991181.0,555035,python,[JIT],0x000074c039e603ac
991181.0,554998,python,[JIT],0x0000789554684f72
991181.0,554998,python,[JIT],0x00007895546967ac
991181.0,555046,python,[JIT],0x00007af46fada65f
991181.0,554984,python,[JIT],0x00007603c1446b86
991180.0,555035,python,[JIT],0x000074c039e78634
991180.0,555035,python,[JIT],0x000074c039e7f511
991180.0,555035,python,[JIT],0x000074c039e8034c
991180.0,555009,python,[JIT],0x00007a2d2f46566a
991180.0,554977,python,[JIT],0x0000747c7bf3822f
991180.0,554977,python,[JIT],0x0000747c7bf3f571
991180.0,554984,python,[JIT],0x00007603c142da87
991180.0,554984,python,[JIT],0x00007603c1444dda
991179.0,555009,python,[JIT],0x00007a2d2f459ab1
991179.0,555009,python,[JIT],0x00007a2d2f6c93e2
991179.0,554977,python,[JIT],0x0000747c7bf389f8
991179.0,554984,python,[JIT],0x00007603c144ef07
991179.0,555009,python,[JIT],0x00007a2d2f464403
991178.0,555035,python,[JIT],0x000074c039e78000
991178.0,555035,python,[JIT],0x000074c039e7b34f
991178.0,555035,python,[JIT],0x000074c03a0e5b0d
991178.0,554998,python,[JIT],0x0000789554908601
991178.0,555046,python,[JIT],0x00007af46fad1c6c
991178.0,555046,python,[JIT],0x00007af46fad9e73
991178.0,554977,python,[JIT],0x0000747c7bf36d09
991178.0,554984,python,[JIT],0x00007603c144b00a
991177.0,555035,python,[JIT],0x000074c039e7991d
991177.0,554998,python,[JIT],0x0000789554683052
991177.0,555009,python,[JIT],0x00007a2d2f447c5e
991177.0,555046,python,[JIT],0x00007af46faace5e
991177.0,554984,python,[JIT],0x00007603c1445d0b
991177.0,554984,python,[JIT],0x00007603c144f604
991176.0,555035,python,[JIT],0x000074c039e7846a
991176.0,555035,python,[JIT],0x000074c039e7fbac
991176.0,554984,python,[JIT],0x00007603c1440acd
991176.0,554998,python,[JIT],0x000078955469d3f5
991176.0,555046,python,[JIT],0x00007af46fab8551
991176.0,555046,python,[JIT],0x00007af46fabd1a0
991176.0,555046,python,[JIT],0x00007af46fad1027
991176.0,555046,python,[JIT],0x00007af46fad6212
991176.0,555046,python,[JIT],0x00007af46fad9df9
991176.0,554977,python,[JIT],0x0000747c7bf0756b
991175.0,554998,python,[JIT],0x000078955469e302
991175.0,555009,python,[JIT],0x00007a2d2f45d2ff
991175.0,555009,python,[JIT],0x00007a2d2f467ba6
991175.0,555046,python,[JIT],0x00007af46fa50e65
991175.0,555046,python,[JIT],0x00007af46fa9f5e1
991175.0,555046,python,[JIT],0x00007af46fab94db
991175.0,555046,python,[JIT],0x00007af46fad0d94
991175.0,554984,python,[JIT],0x00007603c142f4b3
991175.0,554984,python,[JIT],0x00007603c14441d4
991174.0,555023,python,[JIT],0x0000769391dc9ee1
991174.0,555023,python,[JIT],0x0000769391dcee46
991174.0,554998,python,[JIT],0x00007895546a1228
991174.0,555009,python,[JIT],0x00007a2d2f6cbba6
991174.0,555046,python,[JIT],0x00007af46fac3285
991174.0,555046,python,[JIT],0x00007af46fada762
991174.0,554977,python,[JIT],0x0000747c7bf3ec12
991174.0,554984,python,[JIT],0x00007603c1bce7ce
991173.0,555023,python,[JIT],0x0000769391db8f49
991173.0,555023,python,[JIT],0x0000769391dd71cd
991173.0,555023,python,[JIT],0x0000769391dd83d7
991173.0,554998,python,[JIT],0x00007895553163bc
991173.0,555046,python,[JIT],0x00007af46fad1807
991173.0,555046,python,[JIT],0x00007af46fd3e53a
991173.0,554977,python,[JIT],0x0000747c7bf38ae9
991173.0,554984,python,[JIT],0x00007603c143c3e1
991172.0,555035,python,[JIT],0x000074c039e80f57
991172.0,555023,python,[JIT],0x0000769391db88fa
991172.0,555023,python,[JIT],0x0000769391dcb6a2
991172.0,554977,python,[JIT],0x0000747c7bf1f796
991172.0,554977,python,[JIT],0x0000747c7c1a323a
991172.0,554998,python,[JIT],0x0000789554695db8
991172.0,554984,python,[JIT],0x00007603c1445177
991171.0,555023,python,[JIT],0x000076939245d3ef
991171.0,554998,python,[JIT],0x00007895546a5086
991171.0,555009,python,[JIT],0x00007a2d2f6c981f
991171.0,555046,python,[JIT],0x00007af46fab90fc
991171.0,555046,python,[JIT],0x00007af46fab919a
991171.0,554977,python,[JIT],0x0000747c7bf38270
991171.0,554984,python,[JIT],0x00007603c1445352
991170.0,555046,python,[JIT],0x00007af46fad11b2
991170.0,555046,python,[JIT],0x00007af46fd3e360
991170.0,555009,python,[JIT],0x00007a2d2f467ee4
991169.0,554998,python,[JIT],0x00007895546a1260
991169.0,554998,python,[JIT],0x00007895546a1d22
991169.0,555009,python,[JIT],0x00007a2d2f4646f2
991169.0,555046,python,[JIT],0x00007af46fd3d317
991169.0,554984,python,[JIT],0x00007603c142ea14
991168.0,554977,python,[JIT],0x0000747c7bf36f00
991168.0,554977,python,[JIT],0x0000747c7bf38280
991167.0,555023,python,[JIT],0x0000769391d9cddf
991167.0,555023,python,[JIT],0x0000769391dd6fd3
991167.0,555023,python,[JIT],0x00007693920403d7
991167.0,555046,python,[JIT],0x00007af46fa9c0a3
991167.0,555046,python,[JIT],0x00007af46fab8de0
991167.0,554977,python,[kernel.kallsyms],native_sched_clock
991167.0,554977,python,[JIT],0x0000747c7bf362e6
991167.0,554977,python,[JIT],0x0000747c7bf38f02
991166.0,555023,python,[JIT],0x0000769391d7827e
991166.0,555023,python,[JIT],0x0000769391dd5245
991166.0,554998,python,[JIT],0x000078955469a7e5
991166.0,554998,python,[JIT],0x000078955469ba96
991166.0,554998,python,[JIT],0x00007895546a5719
991166.0,554984,python,[JIT],0x00007603c1444b78
991165.0,555035,python,[JIT],0x000074c039e615dc
991165.0,555035,python,[JIT],0x000074c039e7b2fe
991165.0,555023,python,python,specialize_py_call
991165.0,555023,python,[JIT],0x0000769391dcfc5d
991165.0,555023,python,[JIT],0x0000769391dd5e2a
991165.0,555023,python,[JIT],0x0000769392e1304c
991165.0,555009,python,[JIT],0x00007a2d2f45d5f6
991165.0,555009,python,[JIT],0x00007a2d2f6c9745
991165.0,555046,python,[JIT],0x00007af46fad6e69
991165.0,554977,python,[JIT],0x0000747c7c1a45d7
991165.0,554984,python,[JIT],0x00007603c1433e3b
991165.0,555035,python,[JIT],0x000074c03ae21424
991164.0,555023,python,[JIT],0x000076939203d156
991164.0,554998,python,[JIT],0x00007895546a1754
991164.0,555046,python,[JIT],0x00007af47074c234
991164.0,554977,python,[JIT],0x0000747c7bf3f991
991164.0,554984,python,[JIT],0x00007603c142f976
991163.0,555035,python,[JIT],0x000074c039e7e811
991163.0,554998,python,[JIT],0x000078955469679f
991163.0,555046,python,[JIT],0x00007af46fad78c3
991163.0,555046,python,[JIT],0x00007af47076ab58
991163.0,554977,python,[JIT],0x0000747c7bed92d1
991163.0,554977,python,[JIT],0x0000747c7bf3f878
991163.0,554977,python,[JIT],0x0000747c7d0cd085
991163.0,554984,python,[JIT],0x00007603c1432527
991163.0,554984,python,[JIT],0x00007603c1445291
991163.0,554984,python,[JIT],0x00007603c144dd76
991162.0,555035,python,[JIT],0x000074c039e477d9
991162.0,555023,python,[JIT],0x000076939203ceee
991162.0,554998,python,[JIT],0x0000789554644866
991162.0,554998,python,[JIT],0x000078955468400a
991162.0,554998,python,[JIT],0x0000789554695cc7
991162.0,554998,python,[JIT],0x000078955469b480
991162.0,555009,python,python,_PyObject_GC_New
991162.0,555009,python,[JIT],0x00007a2d2f45e722
991162.0,555046,python,[JIT],0x00007af46fad6af4
991162.0,555009,python,[JIT],0x00007a2d2f465e8a
991161.0,555035,python,[JIT],0x000074c039e62745
991161.0,555035,python,[JIT],0x000074c039e7e843
991161.0,555023,python,[JIT],0x0000769391dcec43
991161.0,555023,python,[JIT],0x0000769391dd56da
991161.0,555046,python,[JIT],0x00007af46fd3d778
991161.0,554977,python,[kernel.kallsyms],sched_core_idle_cpu
991161.0,554977,python,[JIT],0x0000747c7bf3c52c
991161.0,554984,python,[JIT],0x00007603c14372bb
991161.0,554984,python,[JIT],0x00007603c144c776
991161.0,555035,python,[JIT],0x000074c039e7e534
991160.0,555023,python,[JIT],0x0000769391db7671
991160.0,554998,python,[JIT],0x000078955469a246
991160.0,555009,python,[JIT],0x00007a2d2f4611be
991160.0,555046,python,[JIT],0x00007af46fad1679
991160.0,554977,python,[JIT],0x0000747c7bef2102
991160.0,554977,python,[JIT],0x0000747c7bf3fe98
991160.0,554984,python,[JIT],0x00007603c144d6e7
991160.0,555009,python,[JIT],0x00007a2d2f45de11
991159.0,555035,python,[JIT],0x000074c039e7f7c5
991159.0,555009,python,[JIT],0x00007a2d2f45fc80
991159.0,555009,python,[JIT],0x00007a2d305ec67c
991158.0,555035,python,[JIT],0x000074c039e47030
991158.0,555035,python,[JIT],0x000074c03ae13c81
991158.0,555023,python,[JIT],0x0000769391d9c10f
991158.0,554977,python,[JIT],0x0000747c7bf3f9c2
991158.0,554984,python,[JIT],0x00007603c14464aa
991157.0,555035,python,[JIT],0x000074c039e1df6a
991157.0,555023,python,[JIT],0x0000769391db8034
991157.0,555023,python,[JIT],0x0000769391dd15ae
991157.0,555023,python,[JIT],0x0000769391dd16f8
991157.0,555023,python,[JIT],0x000076939203d885
991157.0,554998,python,[JIT],0x000078955469c5b3
991157.0,554998,python,[JIT],0x00007895546a163b
991157.0,555009,python,[JIT],0x00007a2d2fa94424
991157.0,555046,python,[JIT],0x00007af46fad64ef
991157.0,555046,python,[JIT],0x00007af46fad6e86
991157.0,554984,python,[JIT],0x00007603c1448035
991156.0,555035,python,[JIT],0x000074c039e6113a
991156.0,555035,python,[JIT],0x000074c03ae130b8
991156.0,555023,python,[JIT],0x0000769391dce53e
991156.0,554998,python,[JIT],0x000078955469d1e7
991156.0,554998,python,[JIT],0x00007895546a380f
991156.0,555009,python,[JIT],0x00007a2d2f45fe4d
991156.0,555046,python,[JIT],0x00007af46facfc27
991156.0,554977,python,[JIT],0x0000747c7bf356f6
991156.0,554977,python,[JIT],0x0000747c7bf36dd8
991156.0,554977,python,[JIT],0x0000747c7c1a33d7
991156.0,554984,python,[JIT],0x00007603c24132da
991155.0,555035,python,[JIT],0x000074c039e65c0c
991155.0,555035,python,[JIT],0x000074c039e7b2f2
991155.0,555009,python,[JIT],0x00007a2d2f6cd90c
991155.0,555046,python,[JIT],0x00007af46fad9e98
991155.0,554977,python,[kernel.kallsyms],arch_exit_to_user_mode_prepare.isra.0
991155.0,554977,python,[JIT],0x0000747c7bed438b
991155.0,554984,python,[JIT],0x00007603c1444b16
991155.0,554984,python,[JIT],0x00007603c1445fb7
991154.0,555035,python,[JIT],0x000074c03ae13131
991154.0,555023,python,[JIT],0x0000769391dbff94
991154.0,555023,python,[JIT],0x0000769391dd7f65
991154.0,555046,python,[JIT],0x00007af46fad1392
991154.0,554977,python,[JIT],0x0000747c7bf36ccc
991153.0,555023,python,[JIT],0x0000769391dcf808
991153.0,554984,python,[JIT],0x00007603c142ebed
991153.0,554984,python,[JIT],0x00007603c14452ea
991153.0,554984,python,[JIT],0x00007603c1448061
991152.0,554977,python,[JIT],0x0000747c7c1a43a1
991152.0,554984,python,[JIT],0x00007603c144686c
991151.0,555035,python,[JIT],0x000074c039e60d0f
991151.0,554998,python,[JIT],0x000078955468e2f6
991151.0,555009,python,[JIT],0x00007a2d2f42c246
991151.0,555046,python,[JIT],0x00007af46fab952d
991151.0,555046,python,[JIT],0x00007af46facf2ba
991151.0,555046,python,[JIT],0x00007af46fad827e
991150.0,555035,python,[JIT],0x000074c039e788a9
991150.0,555023,python,[JIT],0x0000769391dd8146
991150.0,555023,python,[JIT],0x0000769391dd8baa
991150.0,555023,python,[JIT],0x000076939203c335
991150.0,555023,python,[JIT],0x0000769392e1330f
991150.0,554998,python,[JIT],0x00007895546883db
991150.0,554998,python,[JIT],0x000078955468d393
991150.0,555046,python,[JIT],0x00007af46fa77b49
991150.0,554977,python,[JIT],0x0000747c7bf3919b
991150.0,554977,python,[JIT],0x0000747c7bf3e04e
991149.0,555023,python,[JIT],0x000076939203c6ce
991149.0,555023,python,[JIT],0x000076939257bc81
991149.0,555046,python,[JIT],0x00007af46fad71e2
991149.0,554977,python,[JIT],0x0000747c7bf3d16c
991149.0,554984,python,[JIT],0x00007603c1446d05
991148.0,555035,python,[JIT],0x000074c039e735c4
991148.0,555023,python,[JIT],0x000076939203c4a7
991148.0,555023,python,[JIT],0x000076939203d896
991148.0,554998,python,[JIT],0x000078955469d51b
991148.0,555009,python,[JIT],0x00007a2d2f464cbb
991148.0,555046,python,[JIT],0x00007af46fad080a
991148.0,555046,python,[JIT],0x00007af47076a0e2
991147.0,555035,python,[JIT],0x000074c039e77d95
991147.0,555035,python,[JIT],0x000074c039e80b5a
991147.0,555046,python,[JIT],0x00007af46fad99bc
991147.0,554977,python,[JIT],0x0000747c7bef763f
991147.0,554977,python,[JIT],0x0000747c7bf29411
991147.0,554977,python,[JIT],0x0000747c7c1a442e
991146.0,555035,python,[JIT],0x000074c039e7ee1b
991146.0,555023,python,[JIT],0x0000769391dd06a7
991146.0,555023,python,[JIT],0x0000769391dd1f08
991146.0,555009,python,[JIT],0x00007a2d2f464fd3
991146.0,554977,python,[kernel.kallsyms],timerqueue_add
991146.0,554977,python,[JIT],0x0000747c7bf3c46b
991146.0,554984,python,[JIT],0x00007603c1412ae3
991146.0,554984,python,[JIT],0x00007603c144b344
991146.0,554984,python,[JIT],0x00007603c144b3ba
991146.0,554984,python,[JIT],0x00007603c1bce5a5
991145.0,555035,python,[JIT],0x000074c039e82269
991145.0,555023,python,[JIT],0x000076939203ea3e
991145.0,554998,python,[JIT],0x00007895546a3ec8
991145.0,554977,python,[JIT],0x0000747c7bf40148
991145.0,554984,python,[JIT],0x00007603c144d2b1
991144.0,555046,python,[JIT],0x00007af46fab918d
991144.0,555046,python,[JIT],0x00007af46fada238
991144.0,555046,python,[JIT],0x00007af46fd3e345
991144.0,554977,python,[JIT],0x0000747c7bf3dca3
991144.0,554984,python,[JIT],0x00007603c141178c
991144.0,554984,python,[JIT],0x00007603c144f130
991143.0,554998,python,[JIT],0x00007895546a1813
991143.0,554977,python,[JIT],0x0000747c7c1a317a
991143.0,554977,python,[JIT],0x0000747c7c5c4ca2
991143.0,554984,python,[JIT],0x00007603c1444c0a
991143.0,554984,python,[JIT],0x00007603c16b398f
991143.0,555009,python,[JIT],0x00007a2d2f6c74e7
991142.0,555035,python,[JIT],0x000074c03a0e5430
991142.0,555023,python,[JIT],0x0000769391dcea87
991142.0,554998,python,[JIT],0x00007895546419e1
991142.0,555046,python,[JIT],0x00007af46fab82b7
991142.0,555046,python,[JIT],0x00007af46fab905a
991142.0,554984,python,[JIT],0x00007603c144df8a
991142.0,555035,python,[JIT],0x000074c039e7affe
991141.0,555035,python,[JIT],0x000074c039e8137c
991141.0,554998,python,[JIT],0x00007895546a3b06
991141.0,555009,python,[JIT],0x00007a2d2f4644d7
991141.0,555046,python,[JIT],0x00007af46fad93cd
991141.0,554984,python,[JIT],0x00007603c14321a3
991141.0,554984,python,[JIT],0x00007603c144d740
991140.0,555023,python,[JIT],0x0000769391dcfbb9
991140.0,555023,python,[JIT],0x0000769391dd5b6c
991140.0,554998,python,[JIT],0x000078955468367d
991140.0,554998,python,[JIT],0x000078955490a4a0
991140.0,554998,python,[JIT],0x0000789555316357
991140.0,555046,python,[JIT],0x00007af46fa86735
991140.0,554977,python,[JIT],0x0000747c7bf3eed5
991140.0,554984,python,[JIT],0x00007603c142e779
991140.0,554984,python,[JIT],0x00007603c16b241a
991140.0,554984,python,[JIT],0x00007603c16b294e
991139.0,555035,python,[JIT],0x000074c039e7f16c
991139.0,555035,python,[JIT],0x000074c039e821f2
991139.0,555023,python,[JIT],0x0000769391dd7e37
991139.0,554998,python,[JIT],0x00007895549093be
991139.0,555009,python,[JIT],0x00007a2d2f447232
991139.0,555046,python,[JIT],0x00007af46fad8cb9
991139.0,555046,python,[JIT],0x00007af46fada931
991139.0,555046,python,[JIT],0x00007af46fd3e268
991138.0,555035,python,[JIT],0x000074c039e72f7a
991138.0,555009,python,[JIT],0x00007a2d2f6c7521
991138.0,555046,python,[JIT],0x00007af46fad9fb9
991138.0,555046,python,[JIT],0x00007af470725ece
991138.0,554977,python,[JIT],0x0000747c7bf37d0b
991138.0,554977,python,[JIT],0x0000747c7bf38139
991138.0,554977,python,[JIT],0x0000747c7c5c4866
991138.0,554984,python,[JIT],0x00007603c16b4565
991137.0,555035,python,[JIT],0x000074c039e452f8
991137.0,555035,python,[JIT],0x000074c039e6d324
991137.0,555035,python,[JIT],0x000074c039e739e3
991137.0,555035,python,[JIT],0x000074c039e77c92
991137.0,555035,python,[JIT],0x000074c039e7a02f
991137.0,555035,python,[JIT],0x000074c039e7acf1
991137.0,555035,python,[JIT],0x000074c039e7b167
991137.0,554998,python,[JIT],0x000078955469a7f6
991137.0,555009,python,[JIT],0x00007a2d2f6c934c
991137.0,555046,python,[JIT],0x00007af46facb185
991137.0,554984,python,[JIT],0x00007603c14479c8
991137.0,555035,python,python,_PyObject_MakeTpCall
991136.0,555035,python,[JIT],0x000074c039e7faf5
991136.0,555035,python,[JIT],0x000074c03ae139d1
991136.0,555023,python,[JIT],0x0000769391d9bd19
991136.0,554998,python,[JIT],0x000078955469531a
991136.0,554998,python,[JIT],0x000078955469534e
991136.0,555046,python,[JIT],0x00007af46fad0000
991136.0,555046,python,[JIT],0x00007af46fad2b20
991136.0,555046,python,[JIT],0x00007af47076ad43
991136.0,554977,python,[JIT],0x0000747c7c1a380a
991136.0,554984,python,python,long_rshift
991136.0,555009,python,[JIT],0x00007a2d2f45df98
991135.0,555035,python,[JIT],0x000074c039e3afa1
991135.0,555023,python,[JIT],0x0000769391db3e9f
991135.0,555023,python,[JIT],0x0000769391dd64bf
991135.0,555023,python,[JIT],0x0000769391dd9560
991135.0,554998,python,[JIT],0x00007895546a3f65
991135.0,555009,python,[JIT],0x00007a2d2f450988
991135.0,555046,python,[JIT],0x00007af46faca4f6
991135.0,554977,python,[JIT],0x0000747c7bf314e5
991135.0,554984,python,[JIT],0x00007603c143732d
991135.0,554984,python,[JIT],0x00007603c144f4ad
991135.0,555009,python,python,PyObject_Free
991134.0,555035,python,[JIT],0x000074c039e78f88
991134.0,555023,python,[JIT],0x0000769391dd1ae2
991134.0,554977,python,[JIT],0x0000747c7bf3f4a2
991133.0,555035,python,[JIT],0x000074c039e802a0
991133.0,555023,python,[JIT],0x0000769391dd0860
991133.0,555023,python,[JIT],0x0000769391dd5de7
991133.0,554998,python,[JIT],0x000078955469b39a
991133.0,554998,python,[JIT],0x00007895546a1327
991133.0,554998,python,[JIT],0x00007895546a54ec
991133.0,555046,python,[JIT],0x00007af46faca744
991133.0,554977,python,[JIT],0x0000747c7bf31b97
991133.0,554977,python,[JIT],0x0000747c7bf371f7
991133.0,554984,python,[JIT],0x00007603c142df45
991133.0,554984,python,[JIT],0x00007603c16b2f9f
991132.0,555035,python,[JIT],0x000074c039e6cd2a
991132.0,555035,python,[JIT],0x000074c039e819a0
991132.0,554998,python,[JIT],0x000078955463e702
991132.0,554998,python,[JIT],0x000078955468899b
991132.0,554998,python,[JIT],0x00007895546a422b
991132.0,554977,python,[kernel.kallsyms],update_curr_se
991132.0,554984,python,[JIT],0x00007603c144ebbf
991132.0,555009,python,[JIT],0x00007a2d2f458577
991131.0,555035,python,[JIT],0x000074c039e7e90b
991131.0,555023,python,[JIT],0x000076939203df13
991131.0,555023,python,[JIT],0x000076939257b4ac
991131.0,554998,python,[JIT],0x00007895546a4d7a
991131.0,555009,python,[JIT],0x00007a2d2f6c9e4d
991131.0,555046,python,python,do_mktuple
991131.0,555046,python,[JIT],0x00007af46fad9765
991131.0,554984,python,[JIT],0x00007603c1440ab1
991130.0,555035,python,[JIT],0x000074c039e33000
991130.0,555035,python,[JIT],0x000074c039e6637b
991130.0,555035,python,[JIT],0x000074c039e73ba6
991130.0,555035,python,[JIT],0x000074c039e7ecb3
991130.0,555035,python,[JIT],0x000074c039e81f83
991130.0,555023,python,[JIT],0x0000769391dcf044
991130.0,555046,python,[JIT],0x00007af46fac34d0
991130.0,555046,python,[JIT],0x00007af46fd41436
991129.0,555023,python,[JIT],0x0000769391dce358
991129.0,554998,python,[JIT],0x000078955468923c
991129.0,554998,python,[JIT],0x000078955469d57a
991129.0,555046,python,[JIT],0x00007af46fad677a
991129.0,555046,python,[JIT],0x00007af46fad8181
991129.0,555046,python,[JIT],0x00007af46fd3deee
991129.0,554977,python,python,PyUnicode_RichCompare
991129.0,554977,python,[JIT],0x0000747c7bf405bf
991129.0,554984,python,[JIT],0x00007603c144692d
991129.0,554984,python,[JIT],0x00007603c144e42e
991128.0,555035,python,python,PyMem_Malloc
991128.0,555035,python,python,find_first_nonascii
991128.0,555035,python,[JIT],0x000074c039e7aa33
991128.0,555009,python,[JIT],0x00007a2d2f4671f4
991128.0,555009,python,[JIT],0x00007a2d2f6c9b4c
991128.0,555046,python,[JIT],0x00007af46fa6e18f
991128.0,555046,python,[JIT],0x00007af46faba614
991128.0,554977,python,[JIT],0x0000747c7bf1f95e
991128.0,554977,python,[JIT],0x0000747c7bf291bd
991128.0,554984,python,[JIT],0x00007603c143fbf2
991128.0,554984,python,[JIT],0x00007603c14462f0
991127.0,555035,python,[JIT],0x000074c039e79679
991127.0,555035,python,[JIT],0x000074c039e81475
991127.0,555023,python,[JIT],0x000076939257b21e
991127.0,554998,python,[JIT],0x000078955469df61
991127.0,555046,python,[JIT],0x00007af46fad065a
991127.0,555046,python,[JIT],0x00007af46fad0cea
991127.0,554977,python,[JIT],0x0000747c7bf3c60e
991126.0,555035,python,[JIT],0x000074c039e79133
991126.0,555035,python,[JIT],0x000074c039e82032
991126.0,555023,python,[JIT],0x0000769391dd5110
991126.0,555023,python,[JIT],0x0000769391dd608e
991126.0,554998,python,[JIT],0x00007895546885a9
991126.0,555046,python,[JIT],0x00007af46fad8665
991126.0,554984,python,[JIT],0x00007603c144d4f4
991125.0,555035,python,[JIT],0x000074c039e7e86d
991125.0,555023,python,_struct.cpython-316-x86_64-linux-gnu.so,memset@plt
991125.0,555009,python,[JIT],0x00007a2d2f44875a
991125.0,555046,python,[JIT],0x00007af46facf8a3
991124.0,555035,python,[JIT],0x000074c039e77617
991124.0,555035,python,[JIT],0x000074c039e7e60c
991124.0,554998,python,[JIT],0x0000789554685310
991124.0,555046,python,[JIT],0x00007af46facfdda
991124.0,555046,python,[JIT],0x00007af46fad09b6
991124.0,554977,python,[JIT],0x0000747c7bebc7f5
991124.0,554977,python,[JIT],0x0000747c7bf3782d
991123.0,555035,python,[JIT],0x000074c039e7f0cf
991123.0,555023,python,[JIT],0x0000769391db8dfe
991123.0,555023,python,[JIT],0x0000769391dcac64
991123.0,554998,python,[JIT],0x000078955469a7b6
991123.0,555009,python,[JIT],0x00007a2d2f43aa13
991123.0,555046,python,[JIT],0x00007af46fada34d
991123.0,555046,python,[JIT],0x00007af46fd3ebf9
991123.0,555046,python,[JIT],0x00007af47076adbb
991122.0,555035,python,[JIT],0x000074c039e80c96
991122.0,555035,python,[JIT],0x000074c039e814f9
991122.0,555046,python,[JIT],0x00007af46fabe2bf
991122.0,554977,python,[JIT],0x0000747c7bf20558
991122.0,554984,python,[JIT],0x00007603c142f897
991122.0,554984,python,[JIT],0x00007603c1447012
991121.0,555023,python,[JIT],0x0000769391db79d2
991121.0,555023,python,[JIT],0x0000769391dd6c18
991121.0,554998,python,[JIT],0x00007895546a1d04
991120.0,555035,python,[JIT],0x000074c039e618fc
991120.0,555023,python,[JIT],0x0000769391dd1cf9
991120.0,554998,python,[JIT],0x00007895546a195e
991120.0,555009,python,[JIT],0x00007a2d2f45d958
991120.0,555046,python,[JIT],0x00007af47076a60b
991120.0,554984,python,[JIT],0x00007603c16b3578
991119.0,554998,python,[JIT],0x0000789555316472
991119.0,555046,python,[JIT],0x00007af46fd3d6eb
991119.0,554977,python,[kernel.kallsyms],irq_work_tick
991119.0,554977,python,[JIT],0x0000747c7bf28e76
991119.0,554998,python,[JIT],0x0000789554909130
991119.0,555009,python,[JIT],0x00007a2d2f6cf252
991118.0,555023,python,[JIT],0x0000769391dd5c97
991118.0,554998,python,[JIT],0x000078955469cc5b
991118.0,554998,python,[JIT],0x00007895546a2d8f
991118.0,554998,python,[JIT],0x00007895549086d9
991118.0,555009,python,[JIT],0x00007a2d2f4650d3
991118.0,554977,python,[JIT],0x0000747c7bf1fe58
991118.0,554977,python,[JIT],0x0000747c7bf351ed
991118.0,554998,python,[JIT],0x0000789554909599
991118.0,555046,python,python,PyUnicode_FindChar
991117.0,555035,python,[JIT],0x000074c039e77086
991117.0,555035,python,[JIT],0x000074c039e7adfe
991117.0,555023,python,[JIT],0x0000769391db7a45
991117.0,555009,python,[JIT],0x00007a2d2fa943dd
991117.0,554977,python,[JIT],0x0000747c7bf37c98
991117.0,554977,python,[JIT],0x0000747c7c1a3d01
991117.0,554984,python,[JIT],0x00007603c1444134
991117.0,555035,python,[JIT],0x000074c039e81d5b
991116.0,555035,python,[JIT],0x000074c039e187d9
991116.0,555035,python,[JIT],0x000074c039e6119a
991116.0,555035,python,[JIT],0x000074c03a0e38cc
991116.0,555023,python,[JIT],0x0000769391dd50fb
991116.0,555023,python,[JIT],0x0000769391dd51e2
991116.0,555023,python,[JIT],0x0000769392438169
991116.0,555046,python,[JIT],0x00007af46fab81d8
991116.0,555046,python,[JIT],0x00007af46facfdcf
991116.0,555046,python,[JIT],0x00007af470725534
991116.0,554977,python,[JIT],0x0000747c7bf3185e
991116.0,554977,python,[JIT],0x0000747c7c1a4ace
991116.0,554984,python,[JIT],0x00007603c143f276
991116.0,554984,python,[JIT],0x00007603c16b302f
991115.0,555035,python,[JIT],0x000074c039e81614
991115.0,555023,python,[JIT],0x0000769391dd739e
991115.0,554998,python,[JIT],0x0000789554696319
991115.0,554998,python,[JIT],0x00007895546a24a9
991115.0,555009,python,[JIT],0x00007a2d2f45fa19
991115.0,554977,python,[JIT],0x0000747c7bf3c663
991115.0,554984,python,python,PyMem_Malloc
991115.0,555035,python,[JIT],0x000074c039e655a9
991114.0,555023,python,[JIT],0x0000769391dd8135
991114.0,555023,python,[JIT],0x0000769391dd8710
991114.0,554984,python,[JIT],0x00007603c144da50
991114.0,554998,python,[JIT],0x000078955466a115
991114.0,555046,python,[JIT],0x00007af46fa78019
991114.0,554977,python,[JIT],0x0000747c7bf23b24
991114.0,554977,python,[JIT],0x0000747c7bf30782
991114.0,554977,python,[JIT],0x0000747c7bf383f9
991114.0,554984,python,[JIT],0x00007603c142d256
991114.0,554984,python,[JIT],0x00007603c1447920
991114.0,554984,python,[JIT],0x00007603c144bf6e
991114.0,554984,python,[JIT],0x00007603c144d920
991113.0,555035,python,[JIT],0x000074c039e1c652
991113.0,555023,python,[JIT],0x0000769391dd1a4a
991113.0,554998,python,[JIT],0x0000789554908e18
991113.0,555009,python,[JIT],0x00007a2d2f45f90c
991113.0,555009,python,[JIT],0x00007a2d2f460cff
991113.0,555046,python,[JIT],0x00007af47074c5eb
991113.0,554977,python,[JIT],0x0000747c7bf1f7c9
991113.0,554977,python,[JIT],0x0000747c7bf378dd
991113.0,554984,python,[JIT],0x00007603c14015a7
991113.0,554984,python,[JIT],0x00007603c144b160
991112.0,555023,python,[JIT],0x0000769391dd8bdd
991112.0,554998,python,[JIT],0x00007895546a3393
991112.0,555046,python,python,builtin_callable
991112.0,555046,python,[JIT],0x00007af46fad6b80
991112.0,555046,python,[JIT],0x00007af46fad9b17
991112.0,554977,python,[JIT],0x0000747c7bf35475
991112.0,554984,python,[JIT],0x00007603c13db11f
991111.0,555023,python,[JIT],0x0000769391dc1b02
991111.0,554998,python,[JIT],0x000078955469d7cf
991111.0,555046,python,[JIT],0x00007af46facb8b8
991111.0,555046,python,[JIT],0x00007af46facf116
991111.0,554977,python,[JIT],0x0000747c7bf1e416
991111.0,554977,python,[JIT],0x0000747c7bf3605a
991110.0,555035,python,[JIT],0x000074c039e61aec
991110.0,555035,python,[JIT],0x000074c03a0e60c0
991110.0,555009,python,[JIT],0x00007a2d2f4655b5
991110.0,554977,python,[JIT],0x0000747c7bf316b2
991110.0,554977,python,[JIT],0x0000747c7bf374e0
991110.0,555009,python,[JIT],0x00007a2d2f45d950
991109.0,555035,python,[JIT],0x000074c039e60b7d
991109.0,555035,python,[JIT],0x000074c039e72452
991109.0,555023,python,[JIT],0x0000769391dd7bb8
991109.0,554998,python,[JIT],0x000078955469d1d1
991109.0,554998,python,[JIT],0x000078955469d2b4
991109.0,555009,python,[JIT],0x00007a2d2f45d2c0
991109.0,554977,python,[JIT],0x0000747c7bf1f64d
991109.0,554977,python,[JIT],0x0000747c7bf3cdb3
991109.0,554984,python,[JIT],0x00007603c1bce056
991109.0,555035,python,[JIT],0x000074c03ae135e1
991108.0,555035,python,[JIT],0x000074c039e734fa
991108.0,555035,python,[JIT],0x000074c03a0e659d
991108.0,554998,python,[JIT],0x00007895549095ff
991108.0,554977,python,[JIT],0x0000747c7bf3f497
991108.0,554977,python,[JIT],0x0000747c7c1a3a12
991108.0,554984,python,[JIT],0x00007603c1446cad
991108.0,554984,python,[JIT],0x00007603c144cb94
991108.0,554984,python,[JIT],0x00007603c144d721
991108.0,554984,python,[JIT],0x00007603c1aa9213
991107.0,555035,python,[JIT],0x000074c039e74364
991107.0,555035,python,[JIT],0x000074c039e79506
991107.0,555035,python,[JIT],0x000074c03a0e59a5
991107.0,555035,python,[JIT],0x000074c03ae133bc
991107.0,555023,python,[JIT],0x0000769391dd59bf
991107.0,554998,python,[JIT],0x000078955468419a
991107.0,555046,python,[JIT],0x00007af46fad71de
991107.0,555046,python,[JIT],0x00007af47074c505
991107.0,554977,python,[JIT],0x0000747c7bf1f52d
991107.0,554977,python,[JIT],0x0000747c7bf391f0
991107.0,554977,python,[JIT],0x0000747c7bf3da35
991106.0,555035,python,[JIT],0x000074c039e79c6a
991106.0,555046,python,[JIT],0x00007af46facf3b2
991106.0,555046,python,[JIT],0x00007af46facf64c
991106.0,554977,python,[JIT],0x0000747c7bf1fc7b
991106.0,554977,python,[JIT],0x0000747c7bf40480
991106.0,554977,python,[JIT],0x0000747c7bf4091c
991106.0,554977,python,[JIT],0x0000747c7c5c42e0
991105.0,555035,python,[JIT],0x000074c039e7a2c9
991105.0,555023,python,[JIT],0x000076939245d1a9
991105.0,555046,python,[JIT],0x00007af46fa507a6
991105.0,554984,python,[JIT],0x00007603c144ee7b
991104.0,555035,python,[JIT],0x000074c039e6b25d
991104.0,555035,python,[JIT],0x000074c039e6b64e
991104.0,555023,python,[JIT],0x0000769391d6973f
991104.0,555023,python,[JIT],0x0000769391d95046
991104.0,555023,python,[JIT],0x0000769391dce941
991104.0,555023,python,[JIT],0x0000769391dd22fe
991104.0,554998,python,python,strrchr@plt
991104.0,554998,python,[JIT],0x0000789554623f14
991104.0,554998,python,[JIT],0x00007895546a3653
991104.0,554998,python,[JIT],0x00007895546a436e
991104.0,555009,python,[JIT],0x00007a2d2f467b81
991104.0,554977,python,[JIT],0x0000747c7bf2804c
991104.0,554977,python,[JIT],0x0000747c7bf304f9
991104.0,554977,python,[JIT],0x0000747c7bf365fc
991104.0,554977,python,[JIT],0x0000747c7c5c47de
991104.0,554984,python,[JIT],0x00007603c13e7164
991104.0,554984,python,[JIT],0x00007603c144b130
991104.0,554984,python,[JIT],0x00007603c144cd0d
991103.0,555035,python,[JIT],0x000074c039e80a50
991103.0,555023,python,[JIT],0x0000769391dcff73
991103.0,555023,python,[JIT],0x0000769391dd21be
991103.0,555023,python,[JIT],0x0000769391dd701f
991103.0,555023,python,[JIT],0x0000769391dd7bb4
991103.0,554998,python,[JIT],0x00007895546a5153
991103.0,554998,python,[JIT],0x00007895546a52e5
991103.0,555046,python,[JIT],0x00007af46fad7f55
991103.0,554977,python,[JIT],0x0000747c7bf2060e
991103.0,554984,python,[JIT],0x00007603c1445df6
991103.0,554984,python,[JIT],0x00007603c144c0ae
991102.0,555035,python,[JIT],0x000074c03a4f8365
991102.0,554998,python,[JIT],0x00007895546a5651
991102.0,555009,python,[JIT],0x00007a2d2f44615d
991102.0,555046,python,[JIT],0x00007af46fad9a79
991102.0,554977,python,[JIT],0x0000747c7beb96bc
991102.0,554977,python,[JIT],0x0000747c7bf1ea06
991102.0,554977,python,[JIT],0x0000747c7bf3df50
991101.0,555035,python,[JIT],0x000074c039e72194
991101.0,555035,python,[JIT],0x000074c039e72e0c
991101.0,554998,python,[JIT],0x000078955468d8bc
991101.0,554998,python,[JIT],0x00007895546a3e2c
991101.0,555046,python,[JIT],0x00007af46fad64c2
991101.0,554984,python,python,method_vectorcall_FASTCALL_KEYWORDS_METHOD
991101.0,554984,python,[JIT],0x00007603c144b2d0
991101.0,554984,python,[JIT],0x00007603c144c76f
991101.0,554984,python,[JIT],0x00007603c16b3a36
991100.0,555046,python,[JIT],0x00007af47076ab50
991100.0,554984,python,[JIT],0x00007603c144c304
991100.0,555009,python,[JIT],0x00007a2d2f45e589
991099.0,555023,python,[JIT],0x0000769391dc1d79
991099.0,554998,python,python,PyType_IsSubtype
991099.0,554998,python,[JIT],0x00007895546a39d5
991099.0,554977,python,[JIT],0x0000747c7bf23207
991099.0,554984,python,[JIT],0x00007603c142ea17
991099.0,554984,python,[JIT],0x00007603c14451c2
991099.0,554984,python,[JIT],0x00007603c144b367
991098.0,554998,python,[JIT],0x0000789554684094
991098.0,554998,python,[JIT],0x000078955469792e
991098.0,554998,python,[JIT],0x0000789554909720
991098.0,555046,python,python,_Py_hashtable_get
991098.0,555046,python,[JIT],0x00007af46fad192d
991098.0,554977,python,[JIT],0x0000747c7bf3719b
991098.0,554977,python,[JIT],0x0000747c7c1a472b
991098.0,554984,python,[JIT],0x00007603c1411e52
991097.0,555035,python,[JIT],0x000074c039e7f9ef
991097.0,555035,python,[JIT],0x000074c039e80db0
991097.0,554998,python,[JIT],0x00007895546a227b
991097.0,554998,python,[JIT],0x000078955531660b
991097.0,555046,python,libc.so.6,unlink_chunk.isra.0
991097.0,555046,python,[JIT],0x00007af46fad1588
991097.0,554977,python,[JIT],0x0000747c7bf37fb0
991096.0,555035,python,[JIT],0x000074c039e44c4a
991096.0,555023,python,[JIT],0x0000769391dd92d9
991096.0,554998,python,[JIT],0x000078955466acc7
991096.0,554998,python,[JIT],0x000078955469b031
991096.0,555009,python,[JIT],0x00007a2d2f459123
991096.0,555046,python,[JIT],0x00007af46fab1284
991096.0,555046,python,[JIT],0x00007af46fad0aa1
991096.0,555046,python,[JIT],0x00007af46fad618f
991096.0,554977,python,[JIT],0x0000747c7bf3643c
991096.0,554977,python,[JIT],0x0000747c7bf3c553
991096.0,554984,python,[JIT],0x00007603c144bc2d
991096.0,555035,python,[JIT],0x000074c039e775a3
991095.0,555023,python,[JIT],0x0000769391dd6c3c
991095.0,555023,python,[JIT],0x0000769391dd6ca3
991095.0,555009,python,[JIT],0x00007a2d2f45e412
991095.0,554984,python,[JIT],0x00007603c16b2129
991094.0,555023,python,python,_PyStack_UnpackDict
991094.0,555046,python,[JIT],0x00007af46facb586
991094.0,554984,python,[JIT],0x00007603c144c129
991093.0,555035,python,[JIT],0x000074c039e65114
991093.0,555035,python,[JIT],0x000074c03a0e5d40
991093.0,555023,python,[JIT],0x0000769391dbc44f
991093.0,555023,python,[JIT],0x0000769391dd5228
991093.0,555023,python,[JIT],0x000076939257b6e2
991093.0,554998,python,[JIT],0x000078955531664f
991093.0,555009,python,[JIT],0x00007a2d2f4505e8
991093.0,555009,python,[JIT],0x00007a2d2f467f23
991093.0,555046,python,[JIT],0x00007af46facc440
991093.0,555046,python,[JIT],0x00007af470c696fd
991093.0,554977,python,[JIT],0x0000747c7bf1f211
991092.0,555023,python,[JIT],0x0000769391dd6ba6
991092.0,555023,python,[JIT],0x0000769391dd9269
991092.0,554998,python,[JIT],0x00007895546a13f9
991092.0,555046,python,[JIT],0x00007af46faca4c5
991091.0,555035,python,[JIT],0x000074c039e24404
991091.0,555035,python,[JIT],0x000074c039e7429d
991091.0,555023,python,[JIT],0x0000769391dd607f
991091.0,555046,python,[JIT],0x00007af46fad7268
991091.0,555046,python,[JIT],0x00007af46fad75f2
991091.0,554977,python,[JIT],0x0000747c7bf357c3
991091.0,554984,python,[JIT],0x00007603c144ba68
991091.0,554984,python,[JIT],0x00007603c144bdb3
991091.0,555035,python,[JIT],0x000074c03ae13be7
991090.0,555035,python,[JIT],0x000074c03a0e9439
991090.0,555023,python,[JIT],0x000076939203cb3c
991090.0,555023,python,[JIT],0x000076939257b9a2
991090.0,555046,python,[JIT],0x00007af46fab8bc1
991090.0,555046,python,[JIT],0x00007af46fad096c
991090.0,555046,python,[JIT],0x00007af46fad9d1e
991090.0,554977,python,[JIT],0x0000747c7bf38ffb
991090.0,554977,python,[JIT],0x0000747c7bf40130
991090.0,554984,python,[JIT],0x00007603c144d750
991089.0,555035,python,python,type_qualname
991089.0,555035,python,[JIT],0x000074c039e771c8
991089.0,555035,python,[JIT],0x000074c039e82467
991089.0,555035,python,[JIT],0x000074c03ae136b0
991089.0,554998,python,[JIT],0x00007895546a44dd
991089.0,555009,python,[JIT],0x00007a2d2f4653f1
991089.0,554977,python,[JIT],0x0000747c7bf3cb6c
991089.0,554984,python,[JIT],0x00007603c144b1f7
991088.0,555035,python,[JIT],0x000074c039e7b057
991088.0,555023,python,[JIT],0x0000769391daa255
991088.0,555023,python,[JIT],0x0000769391dd94cb
991088.0,554998,python,[JIT],0x00007895546424fb
991088.0,554998,python,[JIT],0x0000789554684fde
991088.0,554998,python,[JIT],0x000078955469acd8
991088.0,555046,python,[JIT],0x00007af46fa78280
991088.0,554984,python,[JIT],0x00007603c144e0a7
991088.0,555035,python,[JIT],0x000074c039e786f2
991087.0,555035,python,[JIT],0x000074c039e6076c
991087.0,555035,python,[JIT],0x000074c039e7a8f0
991087.0,555035,python,[JIT],0x000074c039e7e600
991087.0,554998,python,[JIT],0x000078955469a003
991087.0,555046,python,[JIT],0x00007af46fa55089
991087.0,554977,python,[JIT],0x0000747c7c1a34c2
991087.0,554984,python,[JIT],0x00007603c142e796
991086.0,555035,python,[JIT],0x000074c039e7e17f
991086.0,555035,python,[JIT],0x000074c039e80a7d
991086.0,555023,python,[JIT],0x0000769391dbd2a4
991086.0,554998,python,[JIT],0x000078955469a462
991086.0,554998,python,[JIT],0x000078955469e397
991086.0,554998,python,[JIT],0x00007895546a2d5a
991086.0,554998,python,[JIT],0x0000789554909160
991086.0,554977,python,[JIT],0x0000747c7bf392c3
991086.0,554984,python,[JIT],0x00007603c1446b9c
991086.0,554984,python,[JIT],0x00007603c144f732
991085.0,555023,python,[JIT],0x0000769391dd820e
991085.0,554998,python,[JIT],0x0000789554684880
991085.0,554998,python,[JIT],0x0000789554684fff
991085.0,554998,python,[JIT],0x000078955469dd70
991085.0,555009,python,[JIT],0x00007a2d2f4489dc
991085.0,555009,python,[JIT],0x00007a2d2f45ff8c
991085.0,554977,python,python,PyNumber_Rshift
991085.0,554977,python,[JIT],0x0000747c7bf207e0
991085.0,554977,python,[JIT],0x0000747c7bf3caaa
991085.0,554977,python,[JIT],0x0000747c7bf3e8c4
991085.0,554984,python,[JIT],0x00007603c142d248
991085.0,554984,python,[JIT],0x00007603c144f505
991084.0,555035,python,[JIT],0x000074c039e78e45
991084.0,555035,python,[JIT],0x000074c039e7e3de
991084.0,555035,python,[JIT],0x000074c039e7e8bc
991084.0,555035,python,[JIT],0x000074c039e7e8fc
991084.0,555035,python,[JIT],0x000074c039e80d0a
991084.0,555046,python,[JIT],0x00007af46fad63c8
991084.0,554984,python,[JIT],0x00007603c1bcec4a
991083.0,555023,python,python,builtin_issubclass
991083.0,555023,python,[JIT],0x000076939203d2f3
991083.0,555009,python,[JIT],0x00007a2d2f46535e
991083.0,554977,python,[JIT],0x0000747c7bf31e49
991083.0,554977,python,[JIT],0x0000747c7bf3ff03
991083.0,554977,python,[JIT],0x0000747c7c1a390c
991083.0,554998,python,[JIT],0x0000789554908a3e
991082.0,555035,python,[JIT],0x000074c039e55f0f
991082.0,555023,python,[JIT],0x0000769391dd0bbf
991082.0,555023,python,[JIT],0x000076939257bf69
991082.0,554998,python,[JIT],0x00007895546a4ae9
991082.0,555046,python,[JIT],0x00007af46fad67f6
991082.0,554977,python,[JIT],0x0000747c7bf31781
991081.0,555046,python,python,strrchr@plt
991081.0,555046,python,[JIT],0x00007af46faba2f3
991081.0,555046,python,[JIT],0x00007af46facc706
991081.0,555046,python,[JIT],0x00007af46fad2a4a
991080.0,555035,python,[JIT],0x000074c039e624e9
991080.0,555035,python,[JIT],0x000074c039e65dc0
991080.0,555046,python,[JIT],0x00007af46fad245a
991080.0,555046,python,[JIT],0x00007af46fad8a3b
991080.0,554977,python,[JIT],0x0000747c7bf36554
991080.0,554984,python,[JIT],0x00007603c1444a46
991079.0,555035,python,[JIT],0x000074c039e60103
991079.0,555035,python,[JIT],0x000074c039e65be2
991079.0,555035,python,[JIT],0x000074c03a4f85b0
991079.0,555023,python,[JIT],0x0000769391dc22ba
991079.0,554998,python,[JIT],0x000078955468306d
991079.0,554998,python,[JIT],0x0000789554688948
991079.0,554998,python,[JIT],0x000078955469ad24
991079.0,555046,python,[JIT],0x00007af46fad95c2
991079.0,554977,python,[JIT],0x0000747c7c6cd143
991079.0,554984,python,[JIT],0x00007603c13e7d6a
991078.0,555035,python,[JIT],0x000074c039e601c6
991078.0,555035,python,[JIT],0x000074c03a0e65d7
991078.0,554998,python,python,PyBool_FromLong
991078.0,554998,python,[JIT],0x000078955469a526
991078.0,555046,python,[JIT],0x00007af46fad32e3
991078.0,555046,python,[JIT],0x00007af46fad7504
991078.0,555046,python,[JIT],0x00007af46fd3daa3
991078.0,555046,python,[JIT],0x00007af46fd3e823
991077.0,555035,python,python,tuple_length
991077.0,554998,python,[JIT],0x00007895546846bc
991077.0,555046,python,[JIT],0x00007af46fab9649
991077.0,555046,python,[JIT],0x00007af46facfb8f
991077.0,554984,python,[JIT],0x00007603c16b0c7d
991076.0,555035,python,python,_PyUnicode_InternMortal
991076.0,555035,python,[JIT],0x000074c039e80360
991076.0,555035,python,[JIT],0x000074c03a4f84f6
991076.0,554998,python,[JIT],0x000078955468e048
991076.0,554998,python,[JIT],0x000078955469df50
991076.0,555046,python,[JIT],0x00007af46fad7f63
991076.0,554977,python,[JIT],0x0000747c7bf359e3
991076.0,554977,python,[JIT],0x0000747c7bf4010d
991076.0,554984,python,[JIT],0x00007603c1446542
991076.0,554984,python,[JIT],0x00007603c16b24a7
991075.0,555035,python,[JIT],0x000074c039e7a25f
991075.0,555023,python,[JIT],0x0000769391dbc645
991075.0,555023,python,[JIT],0x0000769391dd0363
991075.0,554998,python,[JIT],0x00007895546a1c73
991075.0,554998,python,[JIT],0x0000789554908c8e
991075.0,555009,python,[JIT],0x00007a2d2f467ce2
991075.0,555046,python,[JIT],0x00007af46fad67bf
991075.0,555046,python,[JIT],0x00007af46fad7d45
991075.0,555046,python,[JIT],0x00007af46fad8fcb
991075.0,554977,python,[JIT],0x0000747c7bf3c3c1
991075.0,554977,python,[JIT],0x0000747c7bf3d6b6
991074.0,555023,python,[JIT],0x0000769391dcebc4
991074.0,554998,python,[JIT],0x000078955469d03b
991074.0,555046,python,python,_PyLong_AsByteArray
991074.0,555046,python,[JIT],0x00007af46fad23b5
991074.0,555046,python,[JIT],0x00007af46fada7c4
991074.0,554977,python,[JIT],0x0000747c7bf20608
991074.0,555009,python,[JIT],0x00007a2d2f4513dd
991073.0,555035,python,[JIT],0x000074c039e7e984
991073.0,554998,python,[JIT],0x0000789554685382
991073.0,554998,python,[JIT],0x000078955469a149
991073.0,554998,python,[JIT],0x00007895546a2d38
991073.0,554998,python,[JIT],0x00007895546a30d6
991073.0,555046,python,[JIT],0x00007af46faba7e3
991073.0,554984,python,[JIT],0x00007603c142d65f
991073.0,554984,python,[JIT],0x00007603c142eb14
991072.0,555035,python,[JIT],0x000074c03a0e5699
991072.0,555035,python,[JIT],0x000074c03a4f8581
991072.0,555035,python,[JIT],0x000074c03ae13472
991072.0,555035,python,[JIT],0x000074c03ae13639
991072.0,555023,python,[JIT],0x0000769391d9c578
991072.0,555023,python,[JIT],0x0000769391dbc124
991072.0,555023,python,[JIT],0x000076939203c820
991072.0,554998,python,[JIT],0x000078955531681f
991072.0,555009,python,[JIT],0x00007a2d2f459794
991072.0,555009,python,[JIT],0x00007a2d2f6c7347
991072.0,555046,python,[JIT],0x00007af46fad9ee9
991072.0,555046,python,[JIT],0x00007af47076a161
991072.0,554984,python,[JIT],0x00007603c14118ce
991071.0,555023,python,[JIT],0x0000769391dbc000
991071.0,554998,python,[JIT],0x000078955468413a
991071.0,554998,python,[JIT],0x00007895553163ce
991071.0,555046,python,[JIT],0x00007af46fa9dd69
991071.0,554977,python,[JIT],0x0000747c7bf388fd
991071.0,554984,python,[JIT],0x00007603c144e7ad
991071.0,554984,python,[JIT],0x00007603c25d9268
991070.0,555023,python,[JIT],0x0000769391dd1fd1
991070.0,554998,python,[JIT],0x000078955469a93c
991070.0,555046,python,[JIT],0x00007af46fab8eda
991070.0,555046,python,[JIT],0x00007af46faca752
991070.0,554977,python,[kernel.kallsyms],perf_pmu_nop_void
991070.0,554977,python,[JIT],0x0000747c7bf28eca
991070.0,554977,python,[JIT],0x0000747c7bf37436
991070.0,554977,python,[JIT],0x0000747c7bf3cc97
991069.0,555023,python,[JIT],0x0000769391db82c8
991069.0,554998,python,[JIT],0x000078955469d7ec
991069.0,554998,python,[JIT],0x00007895552eb0b5
991069.0,555046,python,[JIT],0x00007af46fab889c
991069.0,554977,python,[JIT],0x0000747c7bf28761
991069.0,554984,python,[JIT],0x00007603c144c48a
991069.0,554984,python,[JIT],0x00007603c144f4fc
991068.0,555035,python,[JIT],0x000074c039e736b2
991068.0,555023,python,[JIT],0x0000769391dbe526
991068.0,555009,python,[JIT],0x00007a2d2f46819f
991068.0,554977,python,[JIT],0x0000747c7bf3c010
991068.0,554977,python,[JIT],0x0000747c7bf3cf6e
991067.0,555035,python,[JIT],0x000074c039e62578
991067.0,555035,python,[JIT],0x000074c039e78699
991067.0,555035,python,[JIT],0x000074c039e79fb0
991067.0,555023,python,[JIT],0x0000769391dd1ffe
991067.0,554977,python,python,malloc@plt
991067.0,554977,python,[JIT],0x0000747c7bf1ea45
991067.0,554984,python,[kernel.kallsyms],irq_work_tick
991067.0,554984,python,[JIT],0x00007603c144b37f
991067.0,554984,python,[JIT],0x00007603c144c8b8
991066.0,555035,python,[JIT],0x000074c039e6199a
991066.0,555035,python,[JIT],0x000074c039e81195
991066.0,555023,python,[JIT],0x0000769391dd6139
991066.0,555023,python,[JIT],0x0000769391dd6d5a
991066.0,554998,python,[JIT],0x0000789555316bd2
991066.0,555009,python,[JIT],0x00007a2d2f4488af
991066.0,555046,python,[JIT],0x00007af47074c4f6
991066.0,554977,python,[JIT],0x0000747c7bf28e28
991066.0,554984,python,[JIT],0x00007603c142f70e
991066.0,554984,python,[JIT],0x00007603c143250e
991065.0,555035,python,[JIT],0x000074c039e66a8e
991065.0,555035,python,[JIT],0x000074c039e8235b
991065.0,555023,python,[JIT],0x0000769391d9b32c
991065.0,555023,python,[JIT],0x000076939203d0a2
991065.0,555023,python,[JIT],0x000076939257b010
991065.0,554998,python,[JIT],0x000078955469a157
991065.0,555009,python,[JIT],0x00007a2d2f45973d
991065.0,555046,python,[JIT],0x00007af46fabd396
991065.0,555046,python,[JIT],0x00007af46fad663b
991065.0,554977,python,python,int_bit_length
991065.0,554977,python,[JIT],0x0000747c7bf1ffd6
991064.0,555035,python,[JIT],0x000074c039e34b0c
991064.0,555035,python,[JIT],0x000074c039e607d2
991064.0,554998,python,[JIT],0x00007895546688a9
991064.0,555009,python,python,dictiter_dealloc
991064.0,555009,python,[JIT],0x00007a2d2f466740
991064.0,555046,python,[JIT],0x00007af46fad6354
991064.0,555046,python,[JIT],0x00007af47076af51
991064.0,554977,python,[JIT],0x0000747c7bf1e9f3
991064.0,554977,python,[JIT],0x0000747c7bf38211
991064.0,554977,python,[JIT],0x0000747c7bf3d555
991064.0,554977,python,[JIT],0x0000747c7c5c4b11
991064.0,555035,python,[JIT],0x000074c039e74201
991063.0,555035,python,python,method_vectorcall_FASTCALL_KEYWORDS_METHOD
991063.0,555035,python,[JIT],0x000074c039e7ef7f
991063.0,555035,python,[JIT],0x000074c03ae13aed
991063.0,554998,python,[JIT],0x0000789554688e33
991063.0,554998,python,[JIT],0x000078955469c0e2
991063.0,554998,python,[JIT],0x00007895546a1682
991063.0,554998,python,[JIT],0x00007895546a23b5
991063.0,554998,python,[JIT],0x0000789554908b9d
991063.0,555046,python,python,_PyDict_Subscript
991063.0,555046,python,[JIT],0x00007af46fabab1a
991063.0,554984,python,[JIT],0x00007603c145061f
991062.0,555023,python,[JIT],0x0000769391dd0fe0
991062.0,555023,python,[JIT],0x0000769391dd8958
991062.0,554998,python,[JIT],0x000078955490956f
991062.0,554977,python,python,PyUnicode_FromString
991062.0,554977,python,python,PyUnicode_New.part.0
991062.0,554977,python,[JIT],0x0000747c7bf20691
991062.0,554977,python,[JIT],0x0000747c7c1a3644
991062.0,554984,python,[JIT],0x00007603c1421dbf
991062.0,554984,python,[JIT],0x00007603c142f25e
991062.0,554984,python,[JIT],0x00007603c144d491
991062.0,554984,python,[JIT],0x00007603c16b2193
991061.0,555035,python,[JIT],0x000074c039e7f1cf
991061.0,554998,python,[JIT],0x00007895546a2c7f
991061.0,554998,python,[JIT],0x00007895553160f7
991061.0,554977,python,[JIT],0x0000747c7bf1fd89
991061.0,554984,python,[JIT],0x00007603c144bf99
991061.0,554984,python,[JIT],0x00007603c144e919
991061.0,554984,python,[JIT],0x00007603c16b2164
991061.0,555035,python,[JIT],0x000074c03a0e55d9
991060.0,555035,python,[JIT],0x000074c039e6576b
991060.0,555023,python,[JIT],0x0000769391dcf60e
991060.0,555023,python,[JIT],0x0000769391dd5e1b
991060.0,554998,python,[JIT],0x00007895546a31d3
991060.0,555009,python,[JIT],0x00007a2d2f45fffe
991060.0,555046,python,[JIT],0x00007af46fa85b24
991060.0,555046,python,[JIT],0x00007af46fd3daa0
991060.0,555046,python,[JIT],0x00007af470a13273
991060.0,554977,python,python,Py_BuildValue
991060.0,554977,python,[JIT],0x0000747c7c5c4b50
991060.0,554984,python,[JIT],0x00007603c1447878
991060.0,554984,python,[JIT],0x00007603c144ee10
991060.0,554984,python,[JIT],0x00007603c144f45f
991059.0,555035,python,[JIT],0x000074c039e7e6b7
991059.0,555035,python,[JIT],0x000074c039e7ff58
991059.0,554998,python,[JIT],0x0000789554908e81
991059.0,555009,python,[JIT],0x00007a2d2f4460ba
991059.0,555046,python,[JIT],0x00007af46fabdb62
991059.0,555046,python,[JIT],0x00007af46faca204
991059.0,555046,python,[JIT],0x00007af46fad6257
991059.0,555046,python,[JIT],0x00007af46fd3eaa1
991059.0,554977,python,[JIT],0x0000747c7bf207a5
991059.0,554984,python,[JIT],0x00007603c144e1c8
991059.0,554984,python,[JIT],0x00007603c16b33a1
991059.0,555035,python,[JIT],0x000074c03a0e530f
991058.0,555035,python,[JIT],0x000074c039e61107
991058.0,555035,python,[JIT],0x000074c03ae135ad
991058.0,555023,python,[JIT],0x000076939203ea49
991058.0,555023,python,[JIT],0x000076939257b452
991058.0,555046,python,[JIT],0x00007af47076adc1
991058.0,554977,python,[JIT],0x0000747c7bf20a53
991058.0,554977,python,[JIT],0x0000747c7bf289b1
991058.0,554977,python,[JIT],0x0000747c7bf38a70
991058.0,554984,python,[JIT],0x00007603c14320dc
991058.0,554984,python,[JIT],0x00007603c144e64c
991057.0,554998,python,[JIT],0x00007895546843d6
991057.0,555046,python,[JIT],0x00007af46fad8670
991056.0,555035,python,[JIT],0x000074c039e78dd8
991056.0,555035,python,[JIT],0x000074c039e7a111
991056.0,555023,python,[JIT],0x0000769391d58d05
991056.0,555023,python,[JIT],0x0000769391d95f22
991056.0,555023,python,[JIT],0x0000769391dd0612
991056.0,555023,python,[JIT],0x0000769391dd2343
991056.0,555023,python,[JIT],0x0000769391dd5979
991056.0,555023,python,[JIT],0x000076939245d706
991056.0,555009,python,[JIT],0x00007a2d2f41e5c6
991056.0,555009,python,[JIT],0x00007a2d2f46867f
991056.0,555009,python,[JIT],0x00007a2d2f6cc9e5
991056.0,555046,python,[JIT],0x00007af46fad8618
991056.0,555046,python,[JIT],0x00007af46fada59c
991056.0,554977,python,[JIT],0x0000747c7bf3cb0c
991056.0,554977,python,[JIT],0x0000747c7c1a4996
991055.0,555023,python,[JIT],0x0000769391dd00cc
991055.0,555023,python,[JIT],0x0000769391dd671a
991055.0,555046,python,[JIT],0x00007af46fabe0fa
991055.0,555046,python,[JIT],0x00007af46face2e1
991055.0,555046,python,[JIT],0x00007af46fad9cb0
991055.0,555046,python,[JIT],0x00007af47076af2d
991055.0,554977,python,[JIT],0x0000747c7bf37c0a
991055.0,554977,python,[JIT],0x0000747c7bf3851b
991054.0,555035,python,[JIT],0x000074c039e77adf
991054.0,554998,python,[JIT],0x000078955469d50f
991054.0,554998,python,[JIT],0x00007895546a4f83
991054.0,555046,python,[JIT],0x00007af46fd3d2b7
991054.0,554977,python,[JIT],0x0000747c7bf3e2ae
991054.0,554977,python,[JIT],0x0000747c7bf407c4
991054.0,555035,python,[JIT],0x000074c039e72bfa
991053.0,555035,python,[JIT],0x000074c039e73931
991053.0,555035,python,[JIT],0x000074c039e7e897
991053.0,555023,python,[JIT],0x0000769391dc9a9f
991053.0,555023,python,[JIT],0x0000769391dd6442
991053.0,554998,python,[JIT],0x00007895546a15d7
991053.0,554998,python,[JIT],0x00007895546a4208
991053.0,555009,python,[JIT],0x00007a2d2f4664a2
991053.0,555009,python,[JIT],0x00007a2d2f6cca46
991053.0,555046,python,[JIT],0x00007af46fad136f
991053.0,554984,python,[JIT],0x00007603c142dba3
991052.0,555035,python,[JIT],0x000074c03a0e683a
991052.0,555035,python,[JIT],0x000074c03ae139e7
991052.0,555023,python,[JIT],0x0000769391db835f
991052.0,555009,python,[JIT],0x00007a2d2f429278
991052.0,555046,python,[JIT],0x00007af46fad1791
991052.0,554977,python,[JIT],0x0000747c7bf35fa7
991052.0,554977,python,[JIT],0x0000747c7bf369bc
991052.0,554984,python,[JIT],0x00007603c144d238
991052.0,554984,python,[JIT],0x00007603c144e4a6
991051.0,555035,python,[JIT],0x000074c03a0e69f4
991051.0,555023,python,[JIT],0x0000769391dd04aa
991051.0,555023,python,[JIT],0x0000769391dd1ada
991051.0,554998,python,[JIT],0x000078955468430e
991051.0,554998,python,[JIT],0x00007895546a4b42
991051.0,555046,python,[JIT],0x00007af46fad03be
991051.0,555046,python,[JIT],0x00007af46fad80a6
991051.0,555046,python,[JIT],0x00007af47076afb1
991051.0,554977,python,[JIT],0x0000747c7bf31fcd
991051.0,555035,python,[JIT],0x000074c03a0e5e28
991050.0,555023,python,[JIT],0x0000769391dd0c46
991050.0,555046,python,[JIT],0x00007af46fabe8bd
991050.0,555046,python,[JIT],0x00007af46fad0480
991050.0,555046,python,[JIT],0x00007af46fad876f
991050.0,554977,python,[JIT],0x0000747c7bf1ed0f
991050.0,554977,python,[JIT],0x0000747c7bf28393
991050.0,554977,python,[JIT],0x0000747c7c1a31c1
991050.0,554984,python,[JIT],0x00007603c142e5df
991049.0,554998,python,[JIT],0x00007895546a44a6
991049.0,554977,python,[JIT],0x0000747c7bf35b16
991049.0,554977,python,[JIT],0x0000747c7bf35f71
991049.0,554977,python,[JIT],0x0000747c7bf3f380
991049.0,554984,python,[JIT],0x00007603c144d76f
991048.0,555023,python,[JIT],0x0000769391dc92a9
991048.0,555023,python,[JIT],0x0000769391dcad21
991048.0,555023,python,[JIT],0x0000769391dd5560
991048.0,555023,python,[JIT],0x0000769391dd5773
991048.0,554998,python,[JIT],0x0000789554696c98
991048.0,555009,python,[JIT],0x00007a2d2f44844e
991048.0,555046,python,[JIT],0x00007af46fad091d
991048.0,554977,python,[JIT],0x0000747c7bf23948
991048.0,554977,python,[JIT],0x0000747c7bf31e10
991048.0,554977,python,[JIT],0x0000747c7bf35246
991048.0,554977,python,[JIT],0x0000747c7bf36352
991048.0,554977,python,[JIT],0x0000747c7bf36449
991048.0,554984,python,[JIT],0x00007603c1432c00
991048.0,554984,python,[JIT],0x00007603c144bcc7
991048.0,554984,python,[JIT],0x00007603c144f061
991047.0,555035,python,[JIT],0x000074c039e79149
991047.0,555023,python,[JIT],0x0000769391db8f2d
991047.0,554998,python,[JIT],0x000078955469b352
991047.0,554998,python,[JIT],0x000078955469e372
991047.0,555046,python,[JIT],0x00007af46fab86fb
991047.0,555046,python,[JIT],0x00007af46fad6997
991047.0,554984,python,python,asciilib_default_find
991046.0,555023,python,[JIT],0x0000769391dcff29
991046.0,555023,python,[JIT],0x000076939203c4b9
991046.0,555046,python,[JIT],0x00007af46face2da
991046.0,554977,python,[JIT],0x0000747c7c59fa2d
991046.0,554984,python,python,_Py_NewReferenceNoTotal
991046.0,554984,python,[JIT],0x00007603c13dc008
991046.0,554984,python,[JIT],0x00007603c1437c07
991046.0,554984,python,[JIT],0x00007603c144656a
991046.0,554984,python,[JIT],0x00007603c144d5e6
991045.0,555023,python,[JIT],0x000076939257a052
991045.0,554998,python,[JIT],0x0000789554683c66
991045.0,554998,python,[JIT],0x000078955469a6e7
991045.0,554998,python,[JIT],0x000078955469c59a
991045.0,554998,python,[JIT],0x0000789555316c41
991045.0,555046,python,[JIT],0x00007af46fac33aa
991045.0,555046,python,[JIT],0x00007af46facafc2
991045.0,555046,python,[JIT],0x00007af46fad31d8
991045.0,555046,python,[JIT],0x00007af4706eb810
991045.0,554984,python,[JIT],0x00007603c14446db
991045.0,554984,python,[JIT],0x00007603c16b25be
991044.0,555035,python,[JIT],0x000074c03ae1355d
991044.0,555023,python,[JIT],0x0000769391dcf27a
991044.0,555023,python,[JIT],0x0000769391dd77d0
991044.0,554998,python,[JIT],0x00007895549090ab
991044.0,555046,python,[JIT],0x00007af46fad1309
991044.0,555046,python,[JIT],0x00007af46fd3ef5f
991044.0,554977,python,[JIT],0x0000747c7bf30393
991043.0,555035,python,[JIT],0x000074c039e78068
991043.0,555035,python,[JIT],0x000074c039e79388
991043.0,555023,python,[JIT],0x0000769391dbcd5a
991043.0,555023,python,[JIT],0x0000769391dd51f7
991043.0,554998,python,[JIT],0x00007895546a28be
991043.0,555046,python,[JIT],0x00007af46fa96974
991043.0,555046,python,[JIT],0x00007af46fad1f4d
991043.0,555046,python,[JIT],0x00007af46fad7598
991043.0,555046,python,[JIT],0x00007af46fad8ec8
991043.0,554977,python,[JIT],0x0000747c7bf13028
991043.0,554977,python,[JIT],0x0000747c7bf3fb59
991043.0,554977,python,[JIT],0x0000747c7c1a3a78
991043.0,554984,python,[JIT],0x00007603c142f87e
991042.0,555035,python,[JIT],0x000074c039e7f38d
991042.0,555023,python,[JIT],0x0000769391dd5a3f
991042.0,555023,python,[JIT],0x000076939203ce22
991042.0,554998,python,[JIT],0x00007895546831d8
991042.0,554998,python,[JIT],0x0000789554ce2b37
991042.0,555009,python,[JIT],0x00007a2d2fa941ca
991042.0,555046,python,[JIT],0x00007af46fa63f3e
991042.0,555046,python,[JIT],0x00007af46fad0e22
991042.0,555046,python,[JIT],0x00007af47076aa0b
991042.0,554977,python,[JIT],0x0000747c7c1a4a27
991042.0,554984,python,[JIT],0x00007603c1bce733
991041.0,555035,python,[JIT],0x000074c039e615ce
991041.0,554998,python,[JIT],0x000078955469bf7d
991041.0,555046,python,[JIT],0x00007af46facb010
991041.0,554977,python,[JIT],0x0000747c7bf30000
991041.0,554984,python,[JIT],0x00007603c14321fa
991041.0,554984,python,[JIT],0x00007603c16b29c4
991040.0,555035,python,[JIT],0x000074c039e7e682
991040.0,555035,python,[JIT],0x000074c03a0e5f5f
991040.0,554998,python,[JIT],0x0000789554683c2a
991040.0,554998,python,[JIT],0x000078955469ba13
991040.0,554998,python,[JIT],0x000078955469d2c9
991040.0,554998,python,[JIT],0x00007895546a2280
991040.0,555046,python,[JIT],0x00007af46fab47d1
991040.0,554984,python,[JIT],0x00007603c14379f8
991040.0,554984,python,[JIT],0x00007603c144bdfa
991039.0,555035,python,[JIT],0x000074c03ae1357d
991039.0,555035,python,[JIT],0x000074c03ae13789
991039.0,555023,python,[JIT],0x0000769391dd69d2
991039.0,555023,python,[JIT],0x0000769392f67028
991039.0,554998,python,[JIT],0x00007895546513bf
991039.0,554998,python,[JIT],0x0000789554696e2f
991039.0,554998,python,[JIT],0x0000789554909791
991039.0,554977,python,[JIT],0x0000747c7c1a459d
991039.0,554977,python,[JIT],0x0000747c7c1a4cd7
991038.0,555023,python,[JIT],0x0000769391dcf380
991038.0,555023,python,[JIT],0x0000769391dd59fd
991038.0,555009,python,[JIT],0x00007a2d2f42833b
991038.0,554977,python,[JIT],0x0000747c7bed3dfb
991037.0,555035,python,python,optimize_uops.isra.0
991037.0,555023,python,[JIT],0x0000769391db8a14
991037.0,554998,python,[JIT],0x00007895546a53e7
991037.0,554998,python,[JIT],0x0000789555831085
991037.0,555046,python,[JIT],0x00007af46faba180
991037.0,554977,python,[JIT],0x0000747c7bf20b06
991036.0,555035,python,[JIT],0x000074c039e8162a
991036.0,555035,python,[JIT],0x000074c03ae2100a
991036.0,555023,python,[JIT],0x0000769391dd5173
991036.0,554998,python,[JIT],0x000078955469a46c
991036.0,554998,python,[JIT],0x0000789555316685
991036.0,555046,python,[JIT],0x00007af46facbddf
991036.0,555046,python,[JIT],0x00007af46fada3a1
991036.0,554977,python,[JIT],0x0000747c7bf3c165
991036.0,554984,python,[JIT],0x00007603c14468ba
991036.0,554984,python,[JIT],0x00007603c1447ec7
991036.0,555046,python,[JIT],0x00007af470a135d7
991035.0,555035,python,python,_PyJIT_Compile
991035.0,555035,python,[JIT],0x000074c039e734af
991035.0,555035,python,[JIT],0x000074c039e77288
991035.0,555035,python,[JIT],0x000074c039e78651
991035.0,555023,python,[JIT],0x0000769391db752a
991035.0,554998,python,[JIT],0x000078955469d053
991035.0,555009,python,[JIT],0x00007a2d2f6c7978
991035.0,555046,python,python,dictresize
991035.0,555046,python,[JIT],0x00007af46fd3e6a0
991035.0,554977,python,[JIT],0x0000747c7becbc69
991035.0,554977,python,[JIT],0x0000747c7bf4011e
991035.0,554984,python,[JIT],0x00007603c13cc8f8
991035.0,554984,python,[JIT],0x00007603c144b354
991034.0,555023,python,[JIT],0x0000769391d75d74
991034.0,555023,python,[JIT],0x0000769391dbca4f
991034.0,555023,python,[JIT],0x0000769391dd2153
991034.0,555023,python,[JIT],0x000076939203c0b8
991034.0,554998,python,[JIT],0x000078955469a48a
991034.0,554998,python,[JIT],0x000078955469c376
991034.0,554998,python,[JIT],0x00007895546a27db
991034.0,555046,python,python,getset_get
991034.0,555046,python,[JIT],0x00007af46fad6656
991034.0,554977,python,[JIT],0x0000747c7bf2002a
991034.0,554998,python,[JIT],0x00007895546890bf
991033.0,555035,python,[JIT],0x000074c039e72c12
991033.0,555035,python,[JIT],0x000074c039e82034
991033.0,555023,python,[JIT],0x0000769391d783ed
991033.0,555023,python,[JIT],0x0000769391db7248
991033.0,554998,python,[JIT],0x0000789554644210
991033.0,554977,python,[JIT],0x0000747c7bf39134
991033.0,554977,python,[JIT],0x0000747c7bf3c17f
991032.0,555035,python,[JIT],0x000074c039e77524
991032.0,555023,python,[JIT],0x0000769391dc906b
991032.0,554998,python,[JIT],0x000078955468f00f
991032.0,554977,python,[kernel.kallsyms],task_tick_fair
991032.0,554984,python,[JIT],0x00007603c144f594
991032.0,555009,python,[JIT],0x00007a2d2f45dbae
991031.0,555035,python,[JIT],0x000074c039e81ae5
991031.0,555023,python,[JIT],0x000076939203a48a
991031.0,555009,python,[JIT],0x00007a2d2f46030a
991031.0,555046,python,[JIT],0x00007af46faca5b3
991031.0,554984,python,[JIT],0x00007603c142eab1
991031.0,554984,python,[JIT],0x00007603c144bb1a
991030.0,554998,python,python,_PyFunction_Vectorcall
991030.0,554998,python,[JIT],0x000078955469b4c2
991030.0,554998,python,[JIT],0x000078955469c9ac
991030.0,554998,python,[JIT],0x00007895546a16b7
991030.0,554998,python,[JIT],0x00007895552eb3f3
991030.0,555046,python,[JIT],0x00007af46fa6b566
991030.0,555046,python,[JIT],0x00007af46fad7118
991030.0,555046,python,[JIT],0x00007af46fad8d85
991030.0,554977,python,[JIT],0x0000747c7bf1f19a
991030.0,554977,python,[JIT],0x0000747c7bf37b49
991030.0,554984,python,[JIT],0x00007603c144436b
991030.0,555035,python,[JIT],0x000074c039e8245b
991029.0,555023,python,[JIT],0x0000769391dcedc2
991029.0,554998,python,[JIT],0x000078955468429e
991029.0,554977,python,[JIT],0x0000747c7bf1e2c6
991028.0,555035,python,[JIT],0x000074c039e79868
991028.0,554998,python,[JIT],0x000078955468982b
991028.0,555009,python,[JIT],0x00007a2d2f45e8db
991028.0,555046,python,[JIT],0x00007af46fabf337
991028.0,555046,python,[JIT],0x00007af47076ae75
991028.0,554984,python,[JIT],0x00007603c14194e2
991028.0,554984,python,[JIT],0x00007603c144e2fa
991027.0,555023,python,[JIT],0x0000769391dd55f0
991027.0,555009,python,[JIT],0x00007a2d2f460e2a
991027.0,555009,python,[JIT],0x00007a2d2f6ce6d0
991027.0,554977,python,[JIT],0x0000747c7bf3f274
991027.0,554977,python,[JIT],0x0000747c7c5c48e4
991027.0,554984,python,[JIT],0x00007603c142ea83
991027.0,554984,python,[JIT],0x00007603c144599d
991026.0,555035,python,[JIT],0x000074c039e615f0
991026.0,555035,python,[JIT],0x000074c039e79918
991026.0,555035,python,[JIT],0x000074c039e7e922
991026.0,555023,python,[JIT],0x0000769391dcb4c3
991026.0,555023,python,[JIT],0x0000769391dd0376
991026.0,555023,python,[JIT],0x0000769391dd0ed5
991026.0,555023,python,[JIT],0x0000769391dd8601
991026.0,555046,python,[JIT],0x00007af46fad1585
991026.0,554977,python,[JIT],0x0000747c7bf3c3d2
991026.0,554984,python,[JIT],0x00007603c144e274
991025.0,555035,python,[JIT],0x000074c039e6661e
991025.0,555023,python,[JIT],0x0000769391dcb545
991025.0,555009,python,python,PyBool_FromLong
991025.0,555046,python,[JIT],0x00007af46fa9d18e
991025.0,554977,python,python,mbuf_add_view
991025.0,554977,python,[JIT],0x0000747c7bf36fb7
991025.0,554977,python,[JIT],0x0000747c7c1a4778
991025.0,554984,python,[JIT],0x00007603c13da07f
991025.0,554984,python,[JIT],0x00007603c1bce82c
991024.0,555035,python,[JIT],0x000074c03a0e6823
991024.0,554998,python,[JIT],0x0000789554695110
991024.0,554998,python,[JIT],0x00007895546a4541
991024.0,554984,python,[JIT],0x00007603c1448169
991024.0,554984,python,[JIT],0x00007603c144bd62
991023.0,555035,python,python,dict_items
991023.0,555035,python,[JIT],0x000074c039e77a6a
991023.0,555035,python,[JIT],0x000074c03a0e56ac
991023.0,555023,python,[JIT],0x0000769391dc9deb
991023.0,554998,python,[JIT],0x000078955469a531
991023.0,555046,python,[JIT],0x00007af46fac365e
991023.0,554977,python,[JIT],0x0000747c7bf363be
991023.0,554984,python,[JIT],0x00007603c16b2820
991022.0,555035,python,[JIT],0x000074c039e78803
991022.0,555035,python,[JIT],0x000074c03a0e5d4a
991022.0,555035,python,[JIT],0x000074c03a0e60ad
991022.0,555023,python,[JIT],0x0000769391d96af6
991022.0,555046,python,[JIT],0x00007af47074c061
991022.0,554977,python,[JIT],0x0000747c7bf38a84
991022.0,554977,python,[JIT],0x0000747c7bf3dff6
991022.0,554984,python,[JIT],0x00007603c144e39a
991021.0,555035,python,[JIT],0x000074c039e66b52
991021.0,555035,python,[JIT],0x000074c039e770ec
991021.0,555035,python,[JIT],0x000074c03a0e5a3e
991021.0,554998,python,[JIT],0x000078955469a51c
991021.0,554998,python,[JIT],0x000078955469dd9b
991021.0,555046,python,[JIT],0x00007af46fa50480
991021.0,554984,python,[JIT],0x00007603c144bfbd
991020.0,554998,python,[JIT],0x00007895546a221b
991020.0,555009,python,[JIT],0x00007a2d2f464325
991020.0,555046,python,[JIT],0x00007af46fa8e8ff
991020.0,555046,python,[JIT],0x00007af46fab8cd5
991020.0,554977,python,[JIT],0x0000747c7bf322d8
991020.0,554984,python,[JIT],0x00007603c144f2bc
991020.0,554984,python,[JIT],0x00007603c16b298b
991019.0,555035,python,[JIT],0x000074c03a0e6434
991019.0,554977,python,[kernel.kallsyms],scheduler_tick
991019.0,554977,python,[JIT],0x0000747c7bf1ed79
991019.0,554977,python,[JIT],0x0000747c7bf2079d
991019.0,554977,python,[JIT],0x0000747c7c1a3936
991018.0,554998,python,[JIT],0x000078955469af94
991018.0,554998,python,[JIT],0x0000789554908bb8
991018.0,554984,python,[JIT],0x00007603c1435fb2
991018.0,554984,python,[JIT],0x00007603c144417d
991018.0,554984,python,[JIT],0x00007603c1445fa4
991018.0,554984,python,[JIT],0x00007603c16b2aff
991018.0,554984,python,[JIT],0x00007603c1bce8b2
991017.0,555035,python,[JIT],0x000074c039e78161
991017.0,554998,python,[JIT],0x000078955468bfaf
991017.0,554998,python,[JIT],0x0000789554909296
991017.0,555009,python,[JIT],0x00007a2d2f4642bc
991017.0,555009,python,[JIT],0x00007a2d2f6cc4e3
991017.0,555046,python,[JIT],0x00007af46fad9678
991017.0,554977,python,[JIT],0x0000747c7bf20b17
991017.0,554984,python,[JIT],0x00007603c16b2824
991016.0,555035,python,[JIT],0x000074c039e806e7
991016.0,555035,python,[JIT],0x000074c039e81309
991016.0,555035,python,[JIT],0x000074c03ae21152
991016.0,555023,python,[JIT],0x0000769391dcf586
991016.0,554998,python,[JIT],0x00007895546833f6
991016.0,555046,python,[JIT],0x00007af46fa9e294
991016.0,555046,python,[JIT],0x00007af46fad6865
991016.0,554977,python,[JIT],0x0000747c7bf1efec
991016.0,554977,python,[JIT],0x0000747c7bf39183
991016.0,554998,python,[JIT],0x000078955469bdbf
991016.0,554984,python,[JIT],0x00007603c144e345
991015.0,555035,python,[JIT],0x000074c039e7a255
991015.0,555023,python,[JIT],0x0000769391dd7f79
991015.0,554998,python,[JIT],0x00007895546a1979
991015.0,555009,python,[JIT],0x00007a2d2f45d3a1
991015.0,555009,python,[JIT],0x00007a2d2f45f436
991015.0,555046,python,[JIT],0x00007af46fd3e025
991015.0,554977,python,[JIT],0x0000747c7becb120
991015.0,554977,python,[JIT],0x0000747c7bf2010c
991015.0,554984,python,[JIT],0x00007603c1445dba
991015.0,554984,python,[JIT],0x00007603c16b261b
991014.0,554998,python,[JIT],0x000078955490959d
991014.0,554977,python,[JIT],0x0000747c7bf30898
991014.0,554977,python,[JIT],0x0000747c7bf318aa
991014.0,554984,python,[JIT],0x00007603c142eaa3
991013.0,555035,python,[JIT],0x000074c039e79c5b
991013.0,555035,python,[JIT],0x000074c03ae13d43
991013.0,555023,python,[JIT],0x0000769391dd07a5
991013.0,555009,python,[JIT],0x00007a2d2f43a114
991013.0,555009,python,[JIT],0x00007a2d2f451401
991013.0,554977,python,[JIT],0x0000747c7bed6e12
991013.0,554977,python,[JIT],0x0000747c7bf1f102
991013.0,554977,python,[JIT],0x0000747c7bf3d5b3
991013.0,554977,python,[JIT],0x0000747c7c5c4789
991013.0,554977,python,[JIT],0x0000747c7c5c4e8f
991012.0,555023,python,[JIT],0x0000769391dd1e00
991012.0,554998,python,[JIT],0x000078955467c29f
991012.0,554998,python,[JIT],0x0000789554683f6c
991012.0,554998,python,[JIT],0x00007895546a1ce2
991012.0,555009,python,[JIT],0x00007a2d300eb5fa
991012.0,554977,python,[JIT],0x0000747c7bf20453
991012.0,554977,python,[JIT],0x0000747c7bf2bc19
991012.0,554984,python,python,_PyOptimizer_Optimize
991012.0,554984,python,[JIT],0x00007603c144b393
991011.0,555035,python,[JIT],0x000074c039e79c4a
991011.0,555023,python,[JIT],0x0000769391dd724b
991011.0,555023,python,[JIT],0x000076939203e713
991011.0,554998,python,[JIT],0x0000789555316485
991011.0,555046,python,[JIT],0x00007af46fd3e86f
991011.0,555046,python,[JIT],0x00007af470727648
991011.0,554977,python,[JIT],0x0000747c7bf3e081
991011.0,554977,python,[JIT],0x0000747c7c1a3c1a
991010.0,555035,python,[JIT],0x000074c039e66aea
991010.0,554984,python,[JIT],0x00007603c144c76f
991010.0,554998,python,[JIT],0x000078955469d5ee
991010.0,554984,python,[JIT],0x00007603c1bcea0b
991009.0,555023,python,[JIT],0x0000769391dab322
991009.0,555023,python,[JIT],0x0000769391db9318
991009.0,554998,python,[JIT],0x000078955462c973
991009.0,555046,python,[JIT],0x00007af46fad0ddc
991009.0,555046,python,[JIT],0x00007af46fd3dd20
991009.0,554977,python,[JIT],0x0000747c7bf31964
991009.0,554977,python,[JIT],0x0000747c7bf35526
991009.0,554977,python,[JIT],0x0000747c7c5c457d
991008.0,555023,python,[JIT],0x000076939243853e
991008.0,554998,python,[JIT],0x000078955468d761
991008.0,554977,python,[JIT],0x0000747c7c1a3308
991008.0,554984,python,[JIT],0x00007603c1446320
991008.0,554984,python,[JIT],0x00007603c14478e5
991008.0,554984,python,[JIT],0x00007603c144dfa8
991007.0,555035,python,[JIT],0x000074c039e4489b
991007.0,555009,python,[JIT],0x00007a2d2f6c9342
991007.0,555046,python,[JIT],0x00007af46facb052
991007.0,555046,python,[JIT],0x00007af46fad7aa8
991007.0,555046,python,[JIT],0x00007af47076ac12
991007.0,554977,python,[JIT],0x0000747c7bf2821c
991007.0,554977,python,[JIT],0x0000747c7bf3c77a
991007.0,554977,python,[JIT],0x0000747c7c1a4af6
991007.0,554984,python,[JIT],0x00007603c142f2b2
991006.0,555035,python,[JIT],0x000074c039e79a74
991006.0,555023,python,_struct.cpython-316-x86_64-linux-gnu.so,PyBytesWriter_Create@plt
991006.0,555023,python,python,dictiter_dealloc
991006.0,555023,python,[JIT],0x0000769391dcf2ca
991006.0,555023,python,[JIT],0x0000769391dd7da4
991006.0,554998,python,[JIT],0x000078955469cc74
991006.0,555046,python,python,PyLong_AsInt
991006.0,555046,python,[JIT],0x00007af470769807
991006.0,554977,python,[JIT],0x0000747c7bf327ee
991006.0,554977,python,[JIT],0x0000747c7bf37fb8
991006.0,554984,python,[JIT],0x00007603c14461a6
991006.0,554984,python,[JIT],0x00007603c1446c5b
991006.0,554984,python,[JIT],0x00007603c144c8c5
991005.0,555035,python,[JIT],0x000074c039e77499
991005.0,554998,python,[JIT],0x00007895546a2b90
991005.0,555046,python,python,_Py_module_getattro_impl
991005.0,554977,python,[JIT],0x0000747c7bf2478f
991005.0,554984,python,[JIT],0x00007603c144efb9
991005.0,555009,python,[JIT],0x00007a2d2f45e000
991004.0,555035,python,[JIT],0x000074c039e60628
991004.0,555023,python,[JIT],0x0000769391dd566d
991004.0,555023,python,[JIT],0x0000769391dd5c8b
991004.0,554998,python,[kernel.kallsyms],__mem_cgroup_charge
991004.0,554998,python,python,hashtable_unicode_hash
991004.0,555046,python,[JIT],0x00007af46fa6c4fa
991004.0,555046,python,[JIT],0x00007af46fab960f
991004.0,555046,python,[JIT],0x00007af47076a733
991004.0,554984,python,[JIT],0x00007603c1421c4a
991004.0,554984,python,[JIT],0x00007603c16b42f9
991004.0,554984,python,[JIT],0x00007603c1bce412
991004.0,555046,python,python,enum_next
991003.0,555035,python,[JIT],0x000074c039e6a0fe
991003.0,555035,python,[JIT],0x000074c03a0e6706
991003.0,554998,python,[JIT],0x000078955465a5b3
991003.0,555009,python,[JIT],0x00007a2d2f460415
991003.0,555009,python,[JIT],0x00007a2d2f6cc942
991003.0,555046,python,python,type_qualname
991003.0,555046,python,[JIT],0x00007af46facad4b
991003.0,555046,python,[JIT],0x00007af46fd3e5bd
991003.0,554977,python,[JIT],0x0000747c7bf3790c
991003.0,554977,python,[JIT],0x0000747c7bf3c682
991003.0,554977,python,[JIT],0x0000747c7bf3fc3d
991003.0,554984,python,[JIT],0x00007603c144e710
991002.0,555023,python,[JIT],0x0000769391dd8073
991002.0,554998,python,[JIT],0x00007895546a3ff4
991002.0,555046,python,[JIT],0x00007af46fad7dc9
991002.0,554977,python,python,PyMemoryView_FromObject
991002.0,554977,python,[JIT],0x0000747c7bf3e9d5
991002.0,554984,python,python,_Py_dict_lookup_threadsafe_stackref
991002.0,554984,python,[JIT],0x00007603c1446ae7
991002.0,554984,python,[JIT],0x00007603c1447371
991002.0,554984,python,[JIT],0x00007603c144b47d
991002.0,554984,python,[JIT],0x00007603c144e60b
991001.0,555035,python,[JIT],0x000074c039e7e82c
991001.0,554998,python,[JIT],0x00007895546763f2
991001.0,554998,python,[JIT],0x000078955469b8d0
991001.0,554998,python,[JIT],0x000078955469bd5d
991001.0,555046,python,[JIT],0x00007af46fad15bd
991001.0,555046,python,[JIT],0x00007af47076aab4
991001.0,554977,python,python,_Py_dict_lookup_threadsafe_stackref
991001.0,554977,python,[JIT],0x0000747c7bed9acd
991001.0,554984,python,[JIT],0x00007603c1420f6e
991000.0,555035,python,[JIT],0x000074c039e72b95
991000.0,555023,python,[JIT],0x0000769391dd84df
991000.0,555023,python,[JIT],0x0000769391dd87ad
991000.0,554998,python,[JIT],0x0000789554676659
991000.0,554998,python,[JIT],0x0000789554688d47
991000.0,555009,python,[JIT],0x00007a2d2f46716c
991000.0,555046,python,libc.so.6,__printf_buffer
991000.0,554977,python,[JIT],0x0000747c7c1a4236
990999.0,555023,python,[JIT],0x0000769391dd9384
990999.0,554998,python,[JIT],0x000078955469df34
990999.0,555046,python,[JIT],0x00007af46fabd645
990999.0,555046,python,[JIT],0x00007af46fad6f39
990999.0,555046,python,[JIT],0x00007af46fad8e3b
990999.0,555046,python,[JIT],0x00007af47076a206
990999.0,554984,python,python,unicode_hash
990998.0,555035,python,[JIT],0x000074c03ae133ce
990998.0,555023,python,[JIT],0x0000769391db84d1
990998.0,555023,python,[JIT],0x0000769391db9654
990998.0,555023,python,[JIT],0x0000769391dd6b2e
990998.0,555046,python,[JIT],0x00007af46facbffd
990998.0,554977,python,[JIT],0x0000747c7bf32647
990998.0,554977,python,[JIT],0x0000747c7bf3e69b
990998.0,554977,python,[JIT],0x0000747c7bf3ea25
990998.0,554984,python,[JIT],0x00007603c1bceb55
990998.0,555035,python,python,PyDict_Next
990997.0,555035,python,[JIT],0x000074c039e779f4
990997.0,555046,python,[JIT],0x00007af46fab9880
990997.0,555046,python,[JIT],0x00007af46fad20b5
990997.0,555046,python,[JIT],0x00007af47076adc7
990997.0,554977,python,[JIT],0x0000747c7bf30282
990997.0,554977,python,[JIT],0x0000747c7bf37a48
990997.0,554977,python,[JIT],0x0000747c7bf3800a
990996.0,555035,python,[JIT],0x000074c039e72b6e
990996.0,554998,python,[JIT],0x000078955469bbc3
990996.0,554998,python,[JIT],0x0000789554909360
990996.0,555009,python,[JIT],0x00007a2d2f6c9cf6
990996.0,555046,python,[JIT],0x00007af46fad24ca
990996.0,555046,python,[JIT],0x00007af46fad667b
990996.0,555046,python,[JIT],0x00007af46fad767f
990996.0,554977,python,python,builtin_issubclass
990996.0,554984,python,[JIT],0x00007603c1432ffd
990995.0,555035,python,[JIT],0x000074c039e8245f
990995.0,554998,python,[JIT],0x000078955469cee0
990995.0,554998,python,[JIT],0x0000789554908393
990995.0,555046,python,[JIT],0x00007af46fad82ea
990995.0,555046,python,[JIT],0x00007af46fd3da23
990995.0,554977,python,[JIT],0x0000747c7bef12fe
990995.0,554977,python,[JIT],0x0000747c7bf23bb0
990995.0,554977,python,[JIT],0x0000747c7bf28221
990995.0,554984,python,[JIT],0x00007603c1440400
990995.0,554984,python,[JIT],0x00007603c14440bf
990994.0,555035,python,[JIT],0x000074c039e81d14
990994.0,555035,python,[JIT],0x000074c03a0e55d9
990994.0,555023,python,[JIT],0x0000769391db9891
990994.0,555023,python,[JIT],0x0000769391dd7665
990994.0,555023,python,[JIT],0x000076939245d347
990994.0,554998,python,[JIT],0x00007895546a559c
990994.0,555009,python,[JIT],0x00007a2d2f466e7c
990994.0,555046,python,[JIT],0x00007af46fad7801
990994.0,554977,python,[JIT],0x0000747c7bf1ea1c
990994.0,554977,python,[JIT],0x0000747c7bf30d81
990994.0,554984,python,[JIT],0x00007603c143700a
990994.0,554984,python,[JIT],0x00007603c144b2eb
990993.0,555035,python,[JIT],0x000074c03ae13431
990993.0,555023,python,[JIT],0x0000769391d680e5
990993.0,555023,python,[JIT],0x0000769391db975e
990993.0,555046,python,[JIT],0x00007af46fad1c94
990993.0,554977,python,[JIT],0x0000747c7bf28b09
990993.0,554977,python,[JIT],0x0000747c7bf3d304
990992.0,555023,python,[JIT],0x0000769391db8fe0
990992.0,554998,python,[JIT],0x00007895546a254c
990992.0,555046,python,[JIT],0x00007af46fab8574
990992.0,555046,python,[JIT],0x00007af46fad27bb
990992.0,554977,python,[JIT],0x0000747c7bf38cb5
990992.0,554977,python,[JIT],0x0000747c7c1a59a0
990992.0,554977,python,[JIT],0x0000747c7c5c4c81
990992.0,554984,python,[JIT],0x00007603c14335b6
990991.0,555023,python,[JIT],0x0000769391d84532
990991.0,555023,python,[JIT],0x000076939203d100
990991.0,554998,python,[JIT],0x0000789554908c73
990991.0,554977,python,[JIT],0x0000747c7bf3d7d1
990990.0,555035,python,[JIT],0x000074c039e7a848
990990.0,555035,python,[JIT],0x000074c039e7edba
990990.0,555023,python,[JIT],0x0000769391db9314
990990.0,555023,python,[JIT],0x0000769391dcf224
990990.0,555023,python,[JIT],0x000076939203d37c
990990.0,554998,python,[JIT],0x000078955469ab49
990990.0,554998,python,[JIT],0x000078955469b0dc
990990.0,554998,python,[JIT],0x0000789555316494
990990.0,555046,python,[JIT],0x00007af46fad1a42
990990.0,555046,python,[JIT],0x00007af46fad8589
990990.0,554984,python,[JIT],0x00007603c1444f2a
990989.0,555046,python,[JIT],0x00007af46fad61f7
990989.0,555046,python,[JIT],0x00007af46fad6495
990989.0,555046,python,[JIT],0x00007af47076ad9e
990989.0,554984,python,[JIT],0x00007603c14325e8
990989.0,554984,python,[JIT],0x00007603c14451c7
990989.0,554984,python,[JIT],0x00007603c144560e
990988.0,555035,python,[JIT],0x000074c03a0e5644
990988.0,555023,python,[JIT],0x0000769391dbd59d
990988.0,555023,python,[JIT],0x000076939203cc6d
990988.0,555023,python,[JIT],0x000076939257b00a
990988.0,554998,python,[JIT],0x00007895552eb47e
990988.0,554998,python,[JIT],0x00007895558316eb
990988.0,555046,python,[JIT],0x00007af46fad8993
990988.0,554977,python,[JIT],0x0000747c7bf3557e
990988.0,554977,python,[JIT],0x0000747c7bf3e760
990988.0,554977,python,[JIT],0x0000747c7c6cd41f
990987.0,555046,python,python,init_flags
990987.0,554977,python,[JIT],0x0000747c7bf3693d
990987.0,554984,python,[JIT],0x00007603c1bce9fb
990987.0,555035,python,[JIT],0x000074c039e7ed04
990986.0,555023,python,[JIT],0x0000769391d8ec5f
990986.0,555023,python,[JIT],0x0000769391dd5930
990986.0,555023,python,[JIT],0x0000769391dd5c5f
990986.0,554977,python,[JIT],0x0000747c7bef0926
990985.0,555035,python,[JIT],0x000074c039e7aaa9
990985.0,555023,python,_struct.cpython-316-x86_64-linux-gnu.so,PyBytesWriter_FinishWithSize@plt
990985.0,555023,python,[JIT],0x0000769391dd111d
990985.0,554998,python,[JIT],0x00007895546478f6
990985.0,554998,python,[JIT],0x000078955468435f
990985.0,555046,python,[JIT],0x00007af46fad79bb
990985.0,555046,python,[JIT],0x00007af470a13097
990985.0,554977,python,[JIT],0x0000747c7bf1e010
990985.0,554977,python,[JIT],0x0000747c7bf37c55
990985.0,554977,python,[JIT],0x0000747c7c59d2cd
990985.0,554998,python,[JIT],0x00007895546a1d3f
990985.0,554984,python,[JIT],0x00007603c144c504
990984.0,554998,python,[JIT],0x000078955469d7bb
990984.0,554998,python,[JIT],0x00007895549089c8
990984.0,555009,python,[JIT],0x00007a2d2f4681b2
990984.0,555046,python,[JIT],0x00007af470a1330c
990984.0,554977,python,[JIT],0x0000747c7bf1f98e
990984.0,554977,python,[JIT],0x0000747c7bf3c1c4
990983.0,555035,python,[JIT],0x000074c039e72b18
990983.0,555035,python,[JIT],0x000074c039e80121
990983.0,554998,python,[JIT],0x00007895552eb4df
990983.0,554998,python,[JIT],0x0000789555333237
990983.0,555009,python,[JIT],0x00007a2d2f459359
990983.0,555046,python,[JIT],0x00007af47074c978
990983.0,554977,python,[JIT],0x0000747c7bed92c5
990983.0,554977,python,[JIT],0x0000747c7c1a4885
990983.0,554984,python,[JIT],0x00007603c14453de
990982.0,554984,python,[JIT],0x00007603c1444fa9
990982.0,554998,python,[JIT],0x000078955466ae1a
990982.0,555046,python,[JIT],0x00007af46fad8b5e
990982.0,555046,python,[JIT],0x00007af46fd3d308
990982.0,554977,python,[kernel.kallsyms],perf_event_task_tick
990982.0,554977,python,[JIT],0x0000747c7bed6d16
990982.0,554977,python,[JIT],0x0000747c7bf37d34
990982.0,554984,python,[JIT],0x00007603c142e4e7
990982.0,554984,python,[JIT],0x00007603c144cb7d
990981.0,555035,python,[JIT],0x000074c039e614c1
990981.0,555023,python,[JIT],0x0000769391d9b00a
990981.0,555023,python,[JIT],0x000076939203c0d6
990981.0,555023,python,[JIT],0x000076939203cd9b
990981.0,554998,python,[JIT],0x000078955469b7f6
990981.0,555046,python,[JIT],0x00007af46fa8f2a6
990980.0,555035,python,[JIT],0x000074c039e4248a
990980.0,555035,python,[JIT],0x000074c03a0e5c1a
990980.0,555023,python,[JIT],0x0000769391dd89a0
990980.0,555046,python,[JIT],0x00007af46facfc70
990980.0,555046,python,[JIT],0x00007af47076aacf
990980.0,554984,python,[JIT],0x00007603c1433cc0
990980.0,554984,python,[JIT],0x00007603c14482b8
990979.0,555035,python,[JIT],0x000074c039e6768b
990979.0,555035,python,[JIT],0x000074c039e80e50
990979.0,555035,python,[JIT],0x000074c039e8208e
990979.0,555023,python,[JIT],0x000076939257b45a
990979.0,555009,python,[JIT],0x00007a2d2f6c7647
990979.0,555046,python,[JIT],0x00007af46fad6ee8
990979.0,555046,python,[JIT],0x00007af46fd3d2e2
990979.0,555046,python,[JIT],0x00007af46fd3e6b4
990979.0,554977,python,[JIT],0x0000747c7bf301de
990978.0,554998,python,[JIT],0x00007895546a47cb
990978.0,555046,python,[JIT],0x00007af46fad296a
990978.0,554977,python,[JIT],0x0000747c7bf30be3
990977.0,555009,python,[JIT],0x00007a2d2f6cc748
990977.0,555046,python,[JIT],0x00007af46fa4ee42
990977.0,555046,python,[JIT],0x00007af46fad0f29
990977.0,555046,python,[JIT],0x00007af4707697e1
990977.0,554977,python,[JIT],0x0000747c7bf3e411
990977.0,554977,python,[JIT],0x0000747c7bf403ef
990977.0,554984,python,[JIT],0x00007603c1421f72
990977.0,554984,python,[JIT],0x00007603c14374ae
990976.0,555023,python,[JIT],0x000076939203d0c0
990976.0,554998,python,[JIT],0x00007895546895d8
990976.0,555009,python,[JIT],0x00007a2d2f45a796
990976.0,555046,python,[JIT],0x00007af46fd3e1b6
990975.0,555035,python,[JIT],0x000074c039e73e10
990975.0,555035,python,[JIT],0x000074c03ae13b11
990975.0,555023,python,[JIT],0x0000769391dbce45
990975.0,554998,python,[JIT],0x000078955469ccf9
990975.0,555046,python,[JIT],0x00007af46fab84b6
990975.0,554977,python,[JIT],0x0000747c7bf35d72
990975.0,554998,python,[JIT],0x0000789554909658
990975.0,554984,python,[JIT],0x00007603c144e08d
990975.0,554984,python,[JIT],0x00007603c16b2895
990974.0,555035,python,[JIT],0x000074c039e774a2
990974.0,555035,python,[JIT],0x000074c03a0e5504
990974.0,555023,python,[JIT],0x000076939203d86f
990974.0,555046,python,[JIT],0x00007af46fad641e
990974.0,554977,python,[JIT],0x0000747c7c5c4285
990973.0,555023,python,[JIT],0x0000769391db88e6
990973.0,554998,python,[JIT],0x00007895558314bc
990973.0,555046,python,[JIT],0x00007af46fa7817f
990973.0,554977,python,[JIT],0x0000747c7befea3b
990973.0,554977,python,[JIT],0x0000747c7bf1e38f
990973.0,554977,python,[JIT],0x0000747c7bf371d3
990972.0,555035,python,python,dictview_dealloc
990972.0,555035,python,[JIT],0x000074c039e4188e
990972.0,555035,python,[JIT],0x000074c039e42740
990972.0,555035,python,[JIT],0x000074c039e617c1
990972.0,555035,python,[JIT],0x000074c039e7849d
990972.0,555023,python,[JIT],0x0000769391dcf3dc
990972.0,555009,python,[JIT],0x00007a2d2f42bb2a
990972.0,555046,python,[JIT],0x00007af47076aaed
990972.0,554977,python,[JIT],0x0000747c7bf24671
990972.0,554977,python,[JIT],0x0000747c7bf3dc2b
990972.0,554977,python,[JIT],0x0000747c7c1a3ffe
990971.0,555035,python,[JIT],0x000074c039e60a8b
990971.0,555023,python,[JIT],0x000076939257bb50
990971.0,554998,python,[JIT],0x000078955469b28a
990971.0,554998,python,[JIT],0x000078955531636e
990971.0,555009,python,[JIT],0x00007a2d2f45d462
990971.0,555046,python,[JIT],0x00007af46fa79153
990971.0,555046,python,[JIT],0x00007af46fad851a
990971.0,554977,python,[JIT],0x0000747c7bf280ce
990971.0,554977,python,[JIT],0x0000747c7c1a7208
990971.0,554984,python,[JIT],0x00007603c142ec5e
990971.0,554984,python,[JIT],0x00007603c1438702
990971.0,554984,python,[JIT],0x00007603c1bce386
990970.0,555035,python,[JIT],0x000074c039e7b010
990970.0,555023,python,[JIT],0x0000769391d680b9
990970.0,555023,python,[JIT],0x000076939203c41a
990970.0,555023,python,[JIT],0x000076939203c61b
990970.0,554998,python,[JIT],0x000078955531677f
990970.0,555009,python,[JIT],0x00007a2d2f4372d4
990970.0,555009,python,[JIT],0x00007a2d2f460584
990970.0,555009,python,[JIT],0x00007a2d2f464a53
990970.0,555009,python,[JIT],0x00007a2d2f6c9bbf
990970.0,555046,python,[JIT],0x00007af46fab8693
990970.0,554977,python,[JIT],0x0000747c7c6cd393
990969.0,555035,python,[JIT],0x000074c039e7823c
990969.0,555023,python,[JIT],0x0000769391dbebdc
990969.0,554998,python,[JIT],0x000078955468432a
990969.0,555009,python,[JIT],0x00007a2d2f45833b
990969.0,555009,python,[JIT],0x00007a2d305ee00e
990969.0,555046,python,[JIT],0x00007af46fab84db
990968.0,555035,python,[JIT],0x000074c039e61255
990968.0,555035,python,[JIT],0x000074c039e82762
990968.0,555035,python,[JIT],0x000074c03a0e52f6
990968.0,555023,python,[JIT],0x0000769391db93f9
990968.0,554998,python,[JIT],0x000078955531627b
990968.0,555009,python,[JIT],0x00007a2d2f446dd7
990968.0,555046,python,[JIT],0x00007af46facc6aa
990968.0,554977,python,[JIT],0x0000747c7bed97cd
990968.0,554977,python,[JIT],0x0000747c7bf39121
990968.0,554984,python,[JIT],0x00007603c144c72b
990967.0,555035,python,[JIT],0x000074c039e6a300
990967.0,555035,python,[JIT],0x000074c039e7e77a
990967.0,555023,python,[JIT],0x0000769391dd03c2
990967.0,554998,python,[JIT],0x00007895546881a0
990967.0,555009,python,[JIT],0x00007a2d2f464292
990967.0,555009,python,[JIT],0x00007a2d2f46532d
990967.0,555046,python,[JIT],0x00007af46fac2115
990967.0,554977,python,[JIT],0x0000747c7c1a03f6
990966.0,555035,python,[JIT],0x000074c039e795f5
990966.0,555023,python,[JIT],0x000076939203c218
990966.0,555046,python,[JIT],0x00007af47074cb42
990966.0,555046,python,[JIT],0x00007af47076a36e
990966.0,554984,python,[JIT],0x00007603c142ec83
990966.0,554984,python,[JIT],0x00007603c1445bab
990966.0,554984,python,[JIT],0x00007603c1447c14
990966.0,554984,python,[JIT],0x00007603c1447e52
990966.0,554984,python,[JIT],0x00007603c16b2774
990966.0,554984,python,[JIT],0x00007603c16b2fb7
990965.0,555035,python,[JIT],0x000074c039e218f6
990965.0,555035,python,[JIT],0x000074c039e4a9df
990965.0,555035,python,[JIT],0x000074c039e66b29
990965.0,555035,python,[JIT],0x000074c039e80193
990965.0,555023,python,[JIT],0x0000769391db7b8e
990965.0,555023,python,[JIT],0x0000769391dd7bbe
990965.0,555023,python,[JIT],0x0000769391dd805a
990965.0,554998,python,[JIT],0x00007895546a145a
990965.0,554998,python,[JIT],0x00007895546a1e2a
990965.0,555009,python,[JIT],0x00007a2d2f4601b2
990965.0,555046,python,[JIT],0x00007af46fad2ec7
990965.0,555046,python,[JIT],0x00007af46fad305e
990965.0,555046,python,[JIT],0x00007af46fad96cd
990965.0,554977,python,[JIT],0x0000747c7bf24885
990965.0,554977,python,[JIT],0x0000747c7bf36516
990965.0,554977,python,[JIT],0x0000747c7bf3f4f5
990964.0,555035,python,python,dictitems_iter
990964.0,555023,python,[JIT],0x0000769391dcb3cc
990964.0,554998,python,[JIT],0x00007895546678bb
990964.0,554998,python,[JIT],0x000078955468ab26
990964.0,554998,python,[JIT],0x0000789554697036
990964.0,555009,python,[JIT],0x00007a2d2f4662a4
990964.0,554977,python,[JIT],0x0000747c7bf38805
990964.0,554984,python,[JIT],0x00007603c142ed0e
990964.0,554984,python,[JIT],0x00007603c1433836
990963.0,555035,python,[JIT],0x000074c03ae212cb
990963.0,554998,python,[JIT],0x00007895546a1c42
990963.0,555009,python,[JIT],0x00007a2d2f4475f0
990963.0,555009,python,[JIT],0x00007a2d2f460677
990963.0,555046,python,[JIT],0x00007af46fac73e4
990963.0,554977,python,[JIT],0x0000747c7bf37a53
990963.0,554977,python,[JIT],0x0000747c7bf3d158
990963.0,554984,python,[JIT],0x00007603c1444c31
990963.0,554984,python,[JIT],0x00007603c144623b
990963.0,554984,python,[JIT],0x00007603c1bce96e
990962.0,555023,python,[JIT],0x0000769391dd7ae5
990962.0,554998,python,[JIT],0x00007895546a2366
990962.0,555046,python,[JIT],0x00007af46fab9d4c
990962.0,555046,python,[JIT],0x00007af46fad7139
990962.0,555046,python,[JIT],0x00007af46fd3f357
990962.0,554977,python,[JIT],0x0000747c7beefc7f
990962.0,554977,python,[JIT],0x0000747c7c5c4e65
990962.0,554984,python,python,dict_setdefault_ref_lock_held
990962.0,554984,python,[JIT],0x00007603c14446ac
990961.0,555035,python,[JIT],0x000074c039e826b6
990961.0,555023,python,[JIT],0x0000769391d85399
990961.0,554984,python,[JIT],0x00007603c1447f29
990961.0,554998,python,[JIT],0x000078955468ac47
990961.0,554998,python,[JIT],0x000078955469b0f5
990961.0,555009,python,python,siphash13
990961.0,555009,python,[JIT],0x00007a2d2f45f579
990961.0,555046,python,[JIT],0x00007af46fab8f4f
990961.0,555046,python,[JIT],0x00007af46fad6c1f
990961.0,555046,python,[JIT],0x00007af46fada098
990961.0,555046,python,[JIT],0x00007af47074c000
990961.0,555046,python,[JIT],0x00007af47076ae00
990961.0,554977,python,[JIT],0x0000747c7bf35f42
990961.0,554977,python,[JIT],0x0000747c7bf38994
990961.0,554977,python,[JIT],0x0000747c7bf38cec
990961.0,554977,python,[JIT],0x0000747c7c5c4987
990961.0,554984,python,[JIT],0x00007603c144b495
990960.0,555035,python,[JIT],0x000074c03a0e5689
990960.0,554998,python,[JIT],0x00007895546a41ba
990960.0,554998,python,[JIT],0x00007895553168e4
990960.0,555046,python,python,_PyFunction_Vectorcall
990960.0,554977,python,[JIT],0x0000747c7bf3550e
990960.0,554984,python,[JIT],0x00007603c143f393
990959.0,555023,python,[JIT],0x0000769391dbec64
990959.0,555023,python,[JIT],0x0000769391dd13c5
990959.0,555023,python,[JIT],0x0000769391dd506a
990959.0,554998,python,[JIT],0x00007895546a2acb
990959.0,555009,python,python,tuple_length
990959.0,555046,python,[JIT],0x00007af46fad8378
990959.0,554977,python,[JIT],0x0000747c7bf259da
990958.0,555035,python,[JIT],0x000074c039e7749d
990958.0,555023,python,[JIT],0x0000769391db71c3
990958.0,555023,python,[JIT],0x0000769391db807a
990958.0,555023,python,[JIT],0x000076939257b95d
990958.0,554998,python,[JIT],0x0000789554695817
990958.0,555046,python,[JIT],0x00007af46fad91aa
990958.0,555046,python,[JIT],0x00007af46fd3e217
990958.0,554977,python,python,memory_length
990958.0,554984,python,[JIT],0x00007603c1bce298
990957.0,554998,python,[JIT],0x00007895546a33a8
990957.0,554998,python,[JIT],0x0000789555316d61
990957.0,555046,python,python,PyObject_CheckBuffer
990957.0,555046,python,[JIT],0x00007af46fad1149
990957.0,554977,python,[JIT],0x0000747c7bf1e606
990957.0,554977,python,[JIT],0x0000747c7c1a3723
990957.0,554984,python,[JIT],0x00007603c144776f
990956.0,555035,python,[JIT],0x000074c039e79cd8
990956.0,555023,python,[JIT],0x0000769391db892c
990956.0,555023,python,[JIT],0x0000769391dcf261
990956.0,554977,python,[JIT],0x0000747c7becb79e
990956.0,554977,python,[JIT],0x0000747c7bf38082
990956.0,554984,python,[JIT],0x00007603c1412318
990956.0,554984,python,[JIT],0x00007603c142f61c
990955.0,555035,python,[JIT],0x000074c039e80487
990955.0,555023,python,[JIT],0x0000769391dd2169
990955.0,555009,python,[JIT],0x00007a2d2f6c927b
990955.0,555046,python,[JIT],0x00007af46facc6a6
990955.0,554977,python,[JIT],0x0000747c7bf012f4
990955.0,554977,python,[JIT],0x0000747c7bf289f8
990954.0,555035,python,[JIT],0x000074c039e61cc5
990954.0,555023,python,[JIT],0x0000769391dcec8c
990954.0,554977,python,[JIT],0x0000747c7bf31577
990954.0,554977,python,[JIT],0x0000747c7c1a3b74
990953.0,555035,python,[JIT],0x000074c039e67458
990953.0,555023,python,[JIT],0x0000769391d691d4
990953.0,555023,python,[JIT],0x0000769391dbffaf
990953.0,555023,python,[JIT],0x0000769391dd7d85
990953.0,554998,python,[JIT],0x000078955469b1fa
990953.0,555009,python,[JIT],0x00007a2d2f4612a1
990953.0,555009,python,[JIT],0x00007a2d2f468026
990953.0,555046,python,[JIT],0x00007af46fab8c20
990953.0,554977,python,[JIT],0x0000747c7c1a3335
990953.0,554977,python,[JIT],0x0000747c7c5c4f69
990953.0,554984,python,[JIT],0x00007603c144c50e
990953.0,555009,python,python,enum_next
990953.0,555009,python,[JIT],0x00007a2d2f468003
990952.0,555035,python,[JIT],0x000074c039e5460f
990952.0,555035,python,[JIT],0x000074c039e7e933
990952.0,555035,python,[JIT],0x000074c039e82604
990952.0,555023,python,[JIT],0x0000769391dd1ce8
990952.0,555023,python,[JIT],0x0000769391dd54f5
990952.0,555023,python,[JIT],0x0000769391dd6cd4
990952.0,554998,python,[JIT],0x0000789554696449
990952.0,555009,python,[JIT],0x00007a2d2f4410e6
990952.0,554977,python,[JIT],0x0000747c7bf37740
990952.0,554977,python,[JIT],0x0000747c7bf3dffe
990952.0,554977,python,[JIT],0x0000747c7c5c4a87
990951.0,554998,python,[JIT],0x00007895549095e6
990951.0,555046,python,[JIT],0x00007af46fab9303
990951.0,555046,python,[JIT],0x00007af47076a56c
990951.0,554977,python,[JIT],0x0000747c7c1a49f8
990951.0,554977,python,[JIT],0x0000747c7c5c4e4d
990951.0,554984,python,[JIT],0x00007603c144ce7a
990950.0,555023,python,[JIT],0x0000769391db93cc
990950.0,555023,python,[JIT],0x0000769391dd6a1d
990950.0,554998,python,[JIT],0x00007895546a4fcb
990950.0,555046,python,[JIT],0x00007af46fad336e
990950.0,554984,python,[JIT],0x00007603c144c16c
990950.0,554984,python,[JIT],0x00007603c144ca7d
990950.0,554984,python,[JIT],0x00007603c20eb4a3
990950.0,555009,python,[JIT],0x00007a2d2f45a846
990949.0,555035,python,[JIT],0x000074c039e7385e
990949.0,555035,python,[JIT],0x000074c03a0e6a17
990949.0,555046,python,[JIT],0x00007af46fab9a90
990949.0,555046,python,[JIT],0x00007af46facfcf0
990949.0,554984,python,[JIT],0x00007603c13e7633
990949.0,554984,python,[JIT],0x00007603c142d8b5
990949.0,554984,python,[JIT],0x00007603c142f713
990949.0,554984,python,[JIT],0x00007603c144b74a
990948.0,555035,python,[JIT],0x000074c039e82637
990948.0,555023,python,python,listiter_dealloc
990948.0,554998,python,[JIT],0x00007895546a41bd
990948.0,554998,python,[JIT],0x0000789554908f27
990948.0,555046,python,[JIT],0x00007af47076a527
990948.0,554977,python,[JIT],0x0000747c7bf3c0f1
990947.0,555035,python,[JIT],0x000074c039e7e241
990947.0,555035,python,[JIT],0x000074c039e80b06
990947.0,555023,python,[JIT],0x0000769391dbd532
990947.0,554998,python,[JIT],0x000078955469ca9d
990947.0,555046,python,[JIT],0x00007af46fad9f83
990947.0,554977,python,[JIT],0x0000747c7bf12a73
990947.0,554977,python,[JIT],0x0000747c7bf1f52a
990947.0,554977,python,[JIT],0x0000747c7bf1fff5
990947.0,554977,python,[JIT],0x0000747c7bf23810
990947.0,554977,python,[JIT],0x0000747c7c1a32a3
990947.0,554984,python,[JIT],0x00007603c1446791
990947.0,554984,python,[JIT],0x00007603c144bf2f
990946.0,555035,python,[JIT],0x000074c039e6a6b9
990946.0,555023,python,[JIT],0x0000769391db8e76
990946.0,555023,python,[JIT],0x0000769391db9840
990946.0,555023,python,[JIT],0x0000769391dbd65e
990946.0,555023,python,[JIT],0x0000769391dce5fc
990946.0,554998,python,[JIT],0x000078955469af07
990946.0,555046,python,[JIT],0x00007af46fad1184
990946.0,554977,python,[JIT],0x0000747c7bf361d9
990946.0,554977,python,[JIT],0x0000747c7bf3e806
990946.0,554984,python,[JIT],0x00007603c13e9f00
990946.0,554984,python,[JIT],0x00007603c16b2494
990945.0,555035,python,[JIT],0x000074c039e659fc
990945.0,555035,python,[JIT],0x000074c039e7f198
990945.0,555035,python,[JIT],0x000074c039e7fc86
990945.0,555023,python,[JIT],0x0000769391dd84a6
990945.0,555023,python,[JIT],0x0000769391dd8974
990945.0,555023,python,[JIT],0x000076939257bc1e
990945.0,554998,python,[JIT],0x00007895546a11c4
990945.0,555009,python,[JIT],0x00007a2d2f428f93
990945.0,555009,python,[JIT],0x00007a2d2f464425
990945.0,555046,python,[JIT],0x00007af470725e46
990945.0,554977,python,[JIT],0x0000747c7bf36945
990944.0,555035,python,[JIT],0x000074c039e1b764
990944.0,555035,python,[JIT],0x000074c039e44486
990944.0,555009,python,[JIT],0x00007a2d2f6cf275
990944.0,555046,python,[JIT],0x00007af46fada0e4
990944.0,554977,python,[JIT],0x0000747c7bf1faec
990943.0,555035,python,[JIT],0x000074c039e7e7ce
990943.0,555046,python,[JIT],0x00007af46fabe832
990943.0,554977,python,[JIT],0x0000747c7bf3e746
990943.0,554977,python,[JIT],0x0000747c7c5c4ac7
990942.0,555035,python,[JIT],0x000074c039e74053
990942.0,555023,python,[JIT],0x0000769391d9cb16
990942.0,555023,python,[JIT],0x0000769391dcad5f
990942.0,554998,python,[JIT],0x000078955466796c
990942.0,554977,python,[JIT],0x0000747c7bf25337
990942.0,554984,python,[JIT],0x00007603c1432dd3
990941.0,555023,python,[JIT],0x0000769391dcfcb0
990941.0,554998,python,[JIT],0x000078955469bd09
990941.0,554998,python,[JIT],0x000078955531655d
990941.0,555009,python,[JIT],0x00007a2d2f4284f6
990941.0,555009,python,[JIT],0x00007a2d2f45a35e
990941.0,555009,python,[JIT],0x00007a2d2f45fca6
990941.0,555046,python,[JIT],0x00007af46fab92bb
990940.0,555035,python,[JIT],0x000074c039e79453
990940.0,555023,python,[JIT],0x0000769391dd583d
990940.0,554998,python,[JIT],0x0000789554668584
990940.0,554998,python,[JIT],0x00007895546a20ae
990940.0,554977,python,[JIT],0x0000747c7bf36412
990940.0,554977,python,[JIT],0x0000747c7bf36df1
990940.0,554984,python,[JIT],0x00007603c141169e
990940.0,554984,python,[JIT],0x00007603c16b2f85
990939.0,555035,python,[JIT],0x000074c039e787da
990939.0,555035,python,[JIT],0x000074c03ae13a79
990939.0,554998,python,[JIT],0x000078955469a2ec
990939.0,554998,python,[JIT],0x000078955469c272
990939.0,555046,python,[JIT],0x00007af46fad76a0
990939.0,554977,python,[JIT],0x0000747c7bef6783
990938.0,555023,python,[JIT],0x0000769391dd8551
990938.0,554998,python,[JIT],0x000078955469d6da
990938.0,554998,python,[JIT],0x0000789555316533
990938.0,555046,python,[JIT],0x00007af46fabeebb
990938.0,555046,python,[JIT],0x00007af46fac5aa4
990938.0,554977,python,[JIT],0x0000747c7c5c49f6
990937.0,554998,python,[JIT],0x0000789554909bdb
990937.0,554977,python,[JIT],0x0000747c7bf1eb2b
990937.0,554977,python,[JIT],0x0000747c7bf35195
990937.0,554977,python,[JIT],0x0000747c7bf35935
990937.0,554984,python,[JIT],0x00007603c13e8f2b
990936.0,555035,python,[JIT],0x000074c039e779b5
990936.0,555023,python,[JIT],0x0000769391dcfac1
990936.0,554998,python,[JIT],0x0000789554640dbe
990936.0,554998,python,[JIT],0x000078955469d3f9
990936.0,555009,python,[JIT],0x00007a2d2f46734f
990936.0,555046,python,[JIT],0x00007af46fabaa28
990936.0,554977,python,python,_Py_module_getattro_impl
990936.0,554977,python,[JIT],0x0000747c7bf3c185
990936.0,554984,python,[JIT],0x00007603c144c08e
990935.0,555023,python,[JIT],0x000076939203ccb9
990935.0,554998,python,[JIT],0x000078955469a061
990935.0,554998,python,[JIT],0x00007895546a1e1f
990935.0,555046,python,[JIT],0x00007af46faca33d
990935.0,555046,python,[JIT],0x00007af47076a69c
990935.0,554977,python,[JIT],0x0000747c7bf3f919
990935.0,554977,python,[JIT],0x0000747c7c59f505
990935.0,554984,python,[JIT],0x00007603c143fc18
990934.0,555035,python,[JIT],0x000074c039e7e210
990934.0,554998,python,[JIT],0x00007895546a104c
990934.0,554977,python,[kernel.kallsyms],asm_sysvec_apic_timer_interrupt
990934.0,554977,python,[JIT],0x0000747c7bf39277
990934.0,554977,python,[JIT],0x0000747c7c1a40b3
990934.0,554984,python,[JIT],0x00007603c142f964
990934.0,554984,python,[JIT],0x00007603c16b3434
990933.0,555035,python,[JIT],0x000074c039e549e8
990933.0,555035,python,[JIT],0x000074c039e7e62f
990933.0,555023,python,[JIT],0x0000769391db8141
990933.0,555023,python,[JIT],0x0000769391db88d3
990933.0,554984,python,[JIT],0x00007603c144c33b
990933.0,554998,python,[JIT],0x000078955469a7ab
990933.0,555009,python,[JIT],0x00007a2d2f446f79
990933.0,555046,python,[JIT],0x00007af46fad6177
990933.0,554977,python,[JIT],0x0000747c7bf300a3
990933.0,554984,python,[JIT],0x00007603c142e7f5
990932.0,555023,python,[JIT],0x0000769391dce6c7
990932.0,555023,python,[JIT],0x0000769391dd8f83
990932.0,555046,python,[JIT],0x00007af46fad63a7
990932.0,554977,python,[JIT],0x0000747c7c6cd31d
990932.0,554984,python,[JIT],0x00007603c142e6b3
990932.0,554984,python,[JIT],0x00007603c1445ece
990932.0,554984,python,[JIT],0x00007603c1447385
990932.0,554984,python,[JIT],0x00007603c16b295d
990932.0,554984,python,[JIT],0x00007603c16b2d01
990931.0,555023,python,[JIT],0x0000769391dd60bc
990931.0,555023,python,[JIT],0x000076939203cf27
990931.0,554998,python,[JIT],0x0000789554683cc5
990931.0,554998,python,[JIT],0x000078955468bf9e
990931.0,554998,python,[JIT],0x000078955469aac6
990931.0,554998,python,[JIT],0x00007895546a306f
990931.0,555009,python,[JIT],0x00007a2d2f46406a
990931.0,555046,python,python,list_dealloc
990931.0,555046,python,[JIT],0x00007af46fad1c90
990931.0,555046,python,[JIT],0x00007af46fad6319
990931.0,554977,python,[JIT],0x0000747c7c1a33f4
990930.0,555023,python,[JIT],0x0000769391dceb05
990930.0,555046,python,[JIT],0x00007af47076aeba
990930.0,554977,python,[JIT],0x0000747c7bf32620
990930.0,554977,python,[JIT],0x0000747c7bf3c21a
990930.0,554977,python,[JIT],0x0000747c7c1a39f2
990929.0,555035,python,[JIT],0x000074c039df79fd
990929.0,555035,python,[JIT],0x000074c03a4f65ac
990929.0,554998,python,[JIT],0x00007895546a4dfe
990929.0,555046,python,[JIT],0x00007af46fd3e47e
990929.0,554977,python,[JIT],0x0000747c7bf37b98
990929.0,554977,python,[JIT],0x0000747c7bf3f014
990928.0,555035,python,[JIT],0x000074c03a0e53f4
990928.0,555035,python,[JIT],0x000074c03ae139fb
990928.0,555023,python,[JIT],0x0000769391dcf2b9
990928.0,555023,python,[JIT],0x000076939203d116
990928.0,554998,python,[JIT],0x000078955468d3a0
990928.0,554998,python,[JIT],0x00007895546a467c
990928.0,555009,python,[JIT],0x00007a2d2f6c954f
990928.0,555046,python,[JIT],0x00007af46fad69ca
990928.0,555046,python,[JIT],0x00007af46fd3f170
990928.0,554998,python,[JIT],0x0000789554909434
990928.0,554984,python,python,Py_HashBuffer
990927.0,554998,python,[JIT],0x0000789554696aad
990927.0,555009,python,[JIT],0x00007a2d2f45d8e0
990927.0,555009,python,[JIT],0x00007a2d2f45ff45
990927.0,555009,python,[JIT],0x00007a2d2f46489f
990927.0,555009,python,[JIT],0x00007a2d2f464cd1
990927.0,555046,python,[JIT],0x00007af46fada09c
990927.0,555046,python,[JIT],0x00007af47076a8e7
990927.0,554977,python,[kernel.kallsyms],irq_enter_rcu
990927.0,554977,python,[JIT],0x0000747c7bf36e8d
990927.0,554977,python,[JIT],0x0000747c7bf37a9a
990927.0,554984,python,[JIT],0x00007603c14480c5
990926.0,555035,python,[JIT],0x000074c039e1b1b1
990926.0,555023,python,[JIT],0x0000769391dcaefc
990926.0,555046,python,[JIT],0x00007af46facc219
990926.0,555046,python,[JIT],0x00007af46facf00a
990926.0,554977,python,[JIT],0x0000747c7beefd98
990926.0,554977,python,[JIT],0x0000747c7bef0b10
990926.0,554984,python,[kernel.kallsyms],native_apic_msr_eoi
990926.0,554984,python,[JIT],0x00007603c142dccd
990925.0,555023,python,[JIT],0x0000769391d9c6ec
990925.0,555023,python,[JIT],0x0000769391dca087
990925.0,554984,python,[JIT],0x00007603c14455bd
990925.0,554998,python,[JIT],0x00007895546a21cf
990925.0,554998,python,[JIT],0x00007895556135b6
990925.0,555009,python,[JIT],0x00007a2d2f464fd5
990925.0,555009,python,[JIT],0x00007a2d2f6cc520
990925.0,555046,python,python,free@plt
990925.0,554977,python,[JIT],0x0000747c7beefc62
990925.0,554984,python,[JIT],0x00007603c1bce5e1
990924.0,554998,python,[JIT],0x00007895546a2822
990924.0,555046,python,[JIT],0x00007af46facfbbc
990924.0,555046,python,[JIT],0x00007af46fad09a1
990924.0,555046,python,[JIT],0x00007af46fad299b
990924.0,555046,python,[JIT],0x00007af46fd3e006
990924.0,554977,python,[JIT],0x0000747c7c5c4258
990924.0,554984,python,[JIT],0x00007603c14142b9
990923.0,555035,python,[JIT],0x000074c03a0e5393
990923.0,555035,python,[JIT],0x000074c03a0e5997
990923.0,555035,python,[JIT],0x000074c03a0e7954
990923.0,555023,python,[JIT],0x0000769391d9b4e1
990923.0,555023,python,[JIT],0x0000769391dd5312
990923.0,555023,python,[JIT],0x0000769391dd6034
990923.0,554998,python,[JIT],0x000078955469d391
990923.0,554998,python,[JIT],0x000078955469da52
990923.0,555009,python,[JIT],0x00007a2d2f45f2dc
990923.0,555046,python,[JIT],0x00007af46fad60ce
990923.0,554984,python,[JIT],0x00007603c142e004
990923.0,554984,python,[JIT],0x00007603c1445d26
990923.0,555035,python,[JIT],0x000074c039e6ad16
990922.0,555035,python,[JIT],0x000074c039e6799e
990922.0,554998,python,[JIT],0x000078955469b1ea
990922.0,554998,python,[JIT],0x00007895546a13fb
990922.0,555009,python,[JIT],0x00007a2d2f45f947
990922.0,555046,python,[JIT],0x00007af46fa6df4c
990922.0,554977,python,[JIT],0x0000747c7bf30fe9
990922.0,554984,python,[JIT],0x00007603c140ecc3
990922.0,554984,python,[JIT],0x00007603c14448a1
990921.0,555023,python,[JIT],0x0000769391db87ff
990921.0,554998,python,[JIT],0x00007895546a2dbb
990921.0,554998,python,[JIT],0x0000789554908502
990921.0,554977,python,[JIT],0x0000747c7bf20178
990921.0,554984,python,[JIT],0x00007603c1407389
990921.0,554984,python,[JIT],0x00007603c1447d74
990921.0,554984,python,[JIT],0x00007603c144edc3
990920.0,555035,python,[JIT],0x000074c039e800a6
990920.0,555035,python,[JIT],0x000074c03ae133f5
990920.0,555023,python,[JIT],0x0000769391dbe67c
990920.0,554998,python,[JIT],0x00007895546a21fd
990920.0,555046,python,[JIT],0x00007af46fada2bc
990920.0,555046,python,[JIT],0x00007af46fada472
990920.0,555046,python,[JIT],0x00007af470a13088
990920.0,554977,python,[JIT],0x0000747c7bed17b0
990920.0,554977,python,[JIT],0x0000747c7bf31931
990920.0,554977,python,[JIT],0x0000747c7c59d00a
990920.0,554984,python,[JIT],0x00007603c142081d
990920.0,554984,python,[JIT],0x00007603c1432ed3
990919.0,555035,python,[JIT],0x000074c039e738df
990919.0,555023,python,[JIT],0x0000769391db896d
990919.0,555023,python,[JIT],0x0000769391dce46c
990919.0,555023,python,[JIT],0x0000769391dd6f58
990919.0,555023,python,[JIT],0x0000769391dd85e9
990919.0,554998,python,[JIT],0x0000789554688114
990919.0,555009,python,[JIT],0x00007a2d2f446624
990919.0,555046,python,[JIT],0x00007af46fabf8d2
990919.0,554977,python,[JIT],0x0000747c7bf1e76c
990919.0,554977,python,[JIT],0x0000747c7bf20305
990918.0,555023,python,[JIT],0x0000769391dbc32e
990918.0,555046,python,[JIT],0x00007af46fd3dd9b
990918.0,554977,python,[JIT],0x0000747c7bf37b04
990917.0,555035,python,[JIT],0x000074c039e182d4
990917.0,554998,python,[JIT],0x000078955469c133
990917.0,554998,python,[JIT],0x000078955469c62f
990917.0,554998,python,[JIT],0x00007895546a416e
990917.0,555009,python,[JIT],0x00007a2d2f4668e1
990917.0,554977,python,[kernel.kallsyms],sched_clock_noinstr
990917.0,554977,python,[JIT],0x0000747c7bf1e3f6
990917.0,554977,python,[JIT],0x0000747c7bf365ac
990917.0,554977,python,[JIT],0x0000747c7bf3e07e
990917.0,554977,python,[JIT],0x0000747c7bf3ff16
990917.0,554977,python,[JIT],0x0000747c7c1a4456
990917.0,554984,python,[JIT],0x00007603c144c09c
990917.0,554984,python,[JIT],0x00007603c144e0f0
990916.0,555035,python,[JIT],0x000074c039e78e7a
990916.0,554998,python,[JIT],0x000078955469aa76
990916.0,555046,python,[JIT],0x00007af46fa9d490
990916.0,555046,python,[JIT],0x00007af46fd3d7cd
990916.0,554977,python,python,method_get
990916.0,554977,python,[JIT],0x0000747c7bf3cb70
990916.0,554984,python,[JIT],0x00007603c142f6bf
990915.0,555009,python,[JIT],0x00007a2d2f44c981
990915.0,554984,python,[JIT],0x00007603c1444983
990915.0,554984,python,[JIT],0x00007603c144c152
990915.0,554984,python,[JIT],0x00007603c16b3100
990914.0,555035,python,_struct.cpython-316-x86_64-linux-gnu.so,PyType_GetModuleByDef@plt
990914.0,555035,python,[JIT],0x000074c039e77fa9
990914.0,555035,python,[JIT],0x000074c039e81ed1
990914.0,555023,python,[JIT],0x0000769391db9009
990914.0,555023,python,[JIT],0x0000769391dbd017
990914.0,555023,python,[JIT],0x0000769391dceb55
990914.0,555009,python,python,builtin___import__
990914.0,555009,python,[JIT],0x00007a2d2fa942bc
990914.0,554977,python,[JIT],0x0000747c7bf1ffcb
990913.0,554998,python,[JIT],0x00007895546a3247
990913.0,554998,python,[JIT],0x0000789555316a27
990913.0,554977,python,[JIT],0x0000747c7bf3dc04
990912.0,555023,python,[JIT],0x0000769391dd51aa
990912.0,554998,python,[JIT],0x00007895546a1060
990912.0,555009,python,[JIT],0x00007a2d2f447014
990912.0,555009,python,[JIT],0x00007a2d2f45ee0a
990912.0,554977,python,[JIT],0x0000747c7bf23d25
990912.0,554984,python,[JIT],0x00007603c1aa7348
990911.0,555035,python,[JIT],0x000074c03ae21313
990911.0,554998,python,[JIT],0x0000789554667724
990911.0,554998,python,[JIT],0x00007895546a1185
990911.0,554977,python,[JIT],0x0000747c7bed9866
990911.0,554977,python,[JIT],0x0000747c7bf3eec8
990910.0,555035,python,[JIT],0x000074c039e1bf23
990910.0,555035,python,[JIT],0x000074c039e7fca3
990910.0,555035,python,[JIT],0x000074c03a0e5f12
990910.0,554998,python,[JIT],0x00007895546850f0
990910.0,554998,python,[JIT],0x00007895549083f9
990910.0,555046,python,[kernel.kallsyms],vma_complete
990910.0,555046,python,[JIT],0x00007af47076a868
990910.0,554977,python,[JIT],0x0000747c7bf1fd74
990910.0,554977,python,[JIT],0x0000747c7bf361c7
990910.0,554977,python,[JIT],0x0000747c7bf37af7
990909.0,555035,python,[JIT],0x000074c039e77cca
990909.0,555023,python,[JIT],0x0000769391dd8291
990909.0,555023,python,[JIT],0x000076939257be2d
990909.0,555023,python,[JIT],0x0000769392e1316e
990909.0,554998,python,[JIT],0x000078955468ac8f
990909.0,555046,python,[JIT],0x00007af46fab80d5
990909.0,555046,python,[JIT],0x00007af46fac205e
990909.0,555046,python,[JIT],0x00007af46fad8502
990909.0,555046,python,[JIT],0x00007af470725698
990909.0,554977,python,[JIT],0x0000747c7bf15538
990909.0,554977,python,[JIT],0x0000747c7bf3896a
990909.0,554977,python,[JIT],0x0000747c7bf3c4f3
990909.0,554984,python,[JIT],0x00007603c144b183
990908.0,555035,python,[JIT],0x000074c039e787ce
990908.0,555035,python,[JIT],0x000074c03ae135ab
990908.0,554998,python,[JIT],0x00007895546768ad
990908.0,554984,python,[JIT],0x00007603c1445e59
990908.0,554984,python,[JIT],0x00007603c14465e7
990907.0,555023,python,[JIT],0x0000769391db731b
990907.0,555023,python,[JIT],0x000076939203c677
990907.0,554998,python,[JIT],0x000078955468e5e8
990907.0,555046,python,[JIT],0x00007af46fabf34f
990907.0,555046,python,[JIT],0x00007af46fad6eaa
990907.0,555046,python,[JIT],0x00007af46fd3d1ff
990907.0,554977,python,[JIT],0x0000747c7bf3e79e
990906.0,555023,python,python,tupleiter_dealloc
990906.0,555023,python,[JIT],0x0000769391dd9109
990906.0,554998,python,[JIT],0x0000789554908858
990906.0,555046,python,[JIT],0x00007af46fad00a8
990906.0,554977,python,[JIT],0x0000747c7bf36261
990906.0,554984,python,[JIT],0x00007603c144b0f1
990906.0,554984,python,[JIT],0x00007603c16b2a7b
990905.0,555035,python,[JIT],0x000074c039e72b0e
990905.0,554998,python,[JIT],0x0000789554908854
990905.0,555046,python,[JIT],0x00007af46fad2dcb
990905.0,554977,python,[kernel.kallsyms],mem_cgroup_commit_charge
990905.0,554977,python,python,method_vectorcall
990905.0,554984,python,[JIT],0x00007603c142e042
990905.0,554984,python,[JIT],0x00007603c144dc99
990904.0,555035,python,[JIT],0x000074c03a0e5ee5
990904.0,554998,python,[JIT],0x000078955469e018
990904.0,555009,python,[JIT],0x00007a2d2f4590f5
990904.0,555046,python,python,_PyObject_GC_NewVar
990904.0,555046,python,[JIT],0x00007af46faba4fb
990904.0,555046,python,[JIT],0x00007af46fabfb18
990904.0,555046,python,[JIT],0x00007af46fad636b
990904.0,554977,python,[JIT],0x0000747c7bf319f8
990904.0,554977,python,[JIT],0x0000747c7bf3673e
990904.0,554977,python,[JIT],0x0000747c7bf3c303
990903.0,555035,python,[JIT],0x000074c03a0e5806
990903.0,554998,python,[JIT],0x00007895546a3dc0
990903.0,554998,python,[JIT],0x00007895546a51b2
990903.0,555009,python,[JIT],0x00007a2d305ec165
990903.0,554977,python,[JIT],0x0000747c7c6cd40b
990903.0,554984,python,[JIT],0x00007603c13c9d47
990902.0,555035,python,[JIT],0x000074c039e6205f
990902.0,555023,python,libc.so.6,memcpy@@GLIBC_2.14@plt
990902.0,554998,python,[JIT],0x0000789554689bdd
990902.0,554998,python,[JIT],0x000078955469d0ce
990902.0,554998,python,[JIT],0x0000789554909757
990902.0,555046,python,[JIT],0x00007af46fad23c5
990902.0,555046,python,[JIT],0x00007af46fad72c3
990902.0,554984,python,[JIT],0x00007603c142e281
990902.0,554984,python,[JIT],0x00007603c1bceb74
990901.0,555023,python,[JIT],0x0000769391dd9931
990901.0,554998,python,[JIT],0x000078955469b1c2
990901.0,554998,python,[JIT],0x00007895546a1eaa
990901.0,555009,python,[JIT],0x00007a2d2f45d398
990901.0,555046,python,[JIT],0x00007af46fa9ce4a
990901.0,554977,python,[JIT],0x0000747c7bf24337
990901.0,554977,python,[JIT],0x0000747c7bf36d2d
990901.0,554984,python,[JIT],0x00007603c144c4a3
990901.0,554984,python,[JIT],0x00007603c1aa93f3
990900.0,555035,python,[JIT],0x000074c039e7b18e
990900.0,555035,python,[JIT],0x000074c03a0e619d
990900.0,555023,python,[JIT],0x0000769391db8745
990900.0,555023,python,[JIT],0x0000769391dce412
990900.0,555023,python,[JIT],0x0000769391dce4be
990900.0,555023,python,[JIT],0x0000769391dd7a2b
990900.0,554998,python,[JIT],0x00007895553168d5
990900.0,555009,python,[JIT],0x00007a2d2f426c24
990900.0,555009,python,[JIT],0x00007a2d2f464e26
990900.0,554984,python,[JIT],0x00007603c144b185
990899.0,554984,python,[JIT],0x00007603c14468d0
990898.0,554998,python,python,PyMem_Free
990898.0,554998,python,[JIT],0x00007895546844d1
990898.0,555046,python,[JIT],0x00007af46faba976
990898.0,555046,python,[JIT],0x00007af46fad8b54
990898.0,554977,python,[kernel.kallsyms],__update_load_avg_se
990898.0,554977,python,[JIT],0x0000747c7bf28ae8
990898.0,554977,python,[JIT],0x0000747c7bf367da
990898.0,554984,python,[JIT],0x00007603c1bce607
990897.0,555023,python,[JIT],0x0000769391dd97f9
990897.0,554998,python,[JIT],0x0000789554689836
990897.0,555046,python,[JIT],0x00007af46fa75000
990897.0,554977,python,[JIT],0x0000747c7bf35bb5
990897.0,554984,python,[kernel.kallsyms],lru_gen_add_folio
990896.0,555035,python,[JIT],0x000074c039e56a19
990896.0,555035,python,[JIT],0x000074c039e74695
990896.0,555035,python,[JIT],0x000074c039e762da
990896.0,555035,python,[JIT],0x000074c039e819d7
990896.0,555035,python,[JIT],0x000074c03ae13fb1
990896.0,555023,python,python,_Py_type_getattro
990896.0,555023,python,[JIT],0x0000769391dd1efb
990896.0,555023,python,[JIT],0x0000769391dd69a5
990896.0,554977,python,[JIT],0x0000747c7bf3ddbb
990896.0,554984,python,[JIT],0x00007603c16b08ba
990895.0,555035,python,[JIT],0x000074c039e6a840
990895.0,554998,python,[JIT],0x0000789554677fff
990895.0,554998,python,[JIT],0x00007895546891a0
990895.0,554998,python,[JIT],0x00007895552eb20f
990895.0,555009,python,[JIT],0x00007a2d2f45827a
990895.0,555046,python,[JIT],0x00007af46fa9f219
990895.0,555046,python,[JIT],0x00007af46fada3c2
990895.0,554977,python,[JIT],0x0000747c7bf35fc6
990895.0,554984,python,[JIT],0x00007603c13dbd84
990895.0,554984,python,[JIT],0x00007603c144cb81
990894.0,555035,python,[JIT],0x000074c039e80c66
990894.0,555035,python,[JIT],0x000074c039e82457
990894.0,555023,python,[JIT],0x000076939257b415
990894.0,554998,python,libc.so.6,__strrchr_avx2
990894.0,554998,python,[JIT],0x000078955469c1c1
990894.0,554977,python,[JIT],0x0000747c7bed304c
990894.0,554977,python,[JIT],0x0000747c7bf2477c
990894.0,554984,python,[JIT],0x00007603c141137d
990894.0,554984,python,[JIT],0x00007603c16b2154
990894.0,555009,python,[JIT],0x00007a2d2f448253
990893.0,555035,python,python,emit__DEOPT_r10
990893.0,555035,python,[JIT],0x000074c039e7f96b
990893.0,555023,python,[JIT],0x0000769391dd04d6
990893.0,554998,python,[JIT],0x000078955469e354
990893.0,554998,python,[JIT],0x00007895546a20e4
990893.0,554977,python,[JIT],0x0000747c7bf3c336
990893.0,554977,python,[JIT],0x0000747c7c1a4452
990893.0,554984,python,[JIT],0x00007603c1bce527
990892.0,555035,python,[JIT],0x000074c039e78c09
990892.0,555035,python,[JIT],0x000074c039e7b222
990892.0,555023,python,[JIT],0x0000769391db9911
990892.0,554998,python,[JIT],0x00007895546923e1
990892.0,555009,python,[JIT],0x00007a2d2f464c90
990892.0,554977,python,[JIT],0x0000747c7c59faf8
990891.0,555035,python,[JIT],0x000074c03ae13f51
990891.0,555023,python,[JIT],0x0000769391dbd68b
990891.0,555023,python,[JIT],0x0000769391dd22a5
990891.0,554998,python,[JIT],0x000078955469c515
990891.0,554998,python,[JIT],0x00007895552eb762
990891.0,554998,python,[JIT],0x000078955531605e
990891.0,555009,python,[JIT],0x00007a2d2f429987
990891.0,555009,python,[JIT],0x00007a2d2f467dd7
990891.0,555046,python,[JIT],0x00007af46fa9c4b0
990891.0,555046,python,[JIT],0x00007af46facf698
990891.0,555046,python,[JIT],0x00007af46fad073e
990891.0,554977,python,[JIT],0x0000747c7bf20580
990891.0,554984,python,[JIT],0x00007603c142f870
990890.0,555035,python,[JIT],0x000074c039e81500
990890.0,555023,python,[JIT],0x0000769391dd80dc
990890.0,554998,python,[JIT],0x00007895546a378b
990890.0,554998,python,[JIT],0x000078955531604c
990890.0,555046,python,[JIT],0x00007af46fabf225
990890.0,555046,python,[JIT],0x00007af46fad707f
990890.0,554977,python,[JIT],0x0000747c7bef8996
990890.0,554977,python,[JIT],0x0000747c7bef8efe
990890.0,554977,python,[JIT],0x0000747c7bf3f27e
990890.0,554984,python,[JIT],0x00007603c1445586
990889.0,554998,python,[JIT],0x000078955469a857
990889.0,554998,python,[JIT],0x0000789555316250
990889.0,555009,python,[JIT],0x00007a2d2f464183
990889.0,555046,python,[JIT],0x00007af46fa91a01
990889.0,554977,python,[JIT],0x0000747c7bf20508
990889.0,554977,python,[JIT],0x0000747c7bf36907
990889.0,554977,python,[JIT],0x0000747c7bf3c24d
990888.0,555009,python,python,tupleiter_next
990888.0,554977,python,[JIT],0x0000747c7bf25cfc
990888.0,554977,python,[JIT],0x0000747c7bf3e12c
990888.0,554977,python,[JIT],0x0000747c7c5c4574
990888.0,554984,python,[JIT],0x00007603c14111c6
990888.0,554984,python,[JIT],0x00007603c14442ba
990887.0,555035,python,[JIT],0x000074c039e783ae
990887.0,555035,python,[JIT],0x000074c039e7f308
990887.0,555046,python,[JIT],0x00007af46fabaa00
990887.0,555046,python,[JIT],0x00007af46fabe795
990887.0,554977,python,python,PyObject_GC_Del
990887.0,554977,python,[JIT],0x0000747c7bf39394
990887.0,554977,python,[JIT],0x0000747c7d0cd016
990887.0,554984,python,[JIT],0x00007603c1444917
990887.0,554984,python,[JIT],0x00007603c144bbdf
990887.0,554984,python,[JIT],0x00007603c144ccf1
990887.0,554984,python,[JIT],0x00007603c1bce00a
990886.0,555035,python,[JIT],0x000074c039e6019c
990886.0,555035,python,[JIT],0x000074c039e82223
990886.0,555023,python,[JIT],0x000076939203a237
990886.0,554998,python,[JIT],0x0000789554908d44
990886.0,555046,python,[JIT],0x00007af46fd3e311
990886.0,554977,python,[JIT],0x0000747c7bf304f6
990886.0,554977,python,[JIT],0x0000747c7bf375e7
990886.0,554998,python,[JIT],0x00007895546a1d32
990886.0,554984,python,[JIT],0x00007603c1444cc5
990885.0,555035,python,[JIT],0x000074c039e77612
990885.0,555023,python,[JIT],0x000076939203c8a1
990885.0,555009,python,[JIT],0x00007a2d2f44623d
990885.0,554977,python,python,long_rshift
990885.0,554977,python,[JIT],0x0000747c7bf28df8
990885.0,554977,python,[JIT],0x0000747c7bf3248e
990885.0,554977,python,[JIT],0x0000747c7bf391db
990885.0,554998,python,[JIT],0x000078955469c985
990885.0,554984,python,[JIT],0x00007603c13cd678
990884.0,555035,python,[JIT],0x000074c039e7e87b
990884.0,555035,python,[JIT],0x000074c039e7fffe
990884.0,554998,python,[JIT],0x000078955468da3a
990884.0,554998,python,[JIT],0x00007895546a2139
990884.0,555009,python,[JIT],0x00007a2d2f459931
990884.0,555009,python,[JIT],0x00007a2d2f45e3d4
990884.0,555046,python,[JIT],0x00007af46fa772d8
990884.0,555046,python,[JIT],0x00007af46fab912d
990884.0,554984,python,[JIT],0x00007603c143fcac
990884.0,555009,python,[JIT],0x00007a2d2f4648cd
990883.0,555035,python,[JIT],0x000074c039e660dc
990883.0,555035,python,[JIT],0x000074c039e7eaf4
990883.0,555023,python,[JIT],0x000076939245d0bf
990883.0,554998,python,[JIT],0x000078955469a534
990883.0,555009,python,[JIT],0x00007a2d2f4485f5
990883.0,555046,python,[JIT],0x00007af46fad3397
990883.0,555046,python,[JIT],0x00007af46fad6c30
990883.0,555046,python,[JIT],0x00007af470725c27
990883.0,555046,python,[JIT],0x00007af47074c134
990883.0,554977,python,[JIT],0x0000747c7bf38f40
990883.0,554977,python,[JIT],0x0000747c7bf3de6d
990883.0,554984,python,[JIT],0x00007603c144f66e
990882.0,555035,python,[JIT],0x000074c039e773dd
990882.0,555046,python,[JIT],0x00007af46fa780bd
990882.0,555046,python,[JIT],0x00007af46facf143
990882.0,555046,python,[JIT],0x00007af46fad842b
990882.0,555046,python,[JIT],0x00007af46fd41270
990882.0,554977,python,[JIT],0x0000747c7bf12cff
990882.0,554977,python,[JIT],0x0000747c7bf2075e
990882.0,554977,python,[JIT],0x0000747c7c1a34a7
990881.0,555035,python,[JIT],0x000074c039e6168c
990881.0,555035,python,[JIT],0x000074c039e7e0ce
990881.0,555023,python,[JIT],0x0000769391dce493
990881.0,554984,python,[JIT],0x00007603c1446b5a
990881.0,554998,python,[JIT],0x00007895546a31ab
990881.0,555009,python,[JIT],0x00007a2d2f4469e1
990881.0,554984,python,[JIT],0x00007603c144bf24
990880.0,554998,python,[JIT],0x00007895546a2b8c
990880.0,554998,python,[JIT],0x00007895556138cf
990880.0,555009,python,[JIT],0x00007a2d2f4529c7
990880.0,555046,python,[JIT],0x00007af46fada0a7
990879.0,554998,python,[JIT],0x000078955469c5e7
990879.0,555009,python,[JIT],0x00007a2d2f41dbab
990879.0,554977,python,[JIT],0x0000747c7bf1ecd5
990879.0,554984,python,[JIT],0x00007603c140e88a
990879.0,554984,python,[JIT],0x00007603c142e4c1
990879.0,554984,python,[JIT],0x00007603c1447541
990878.0,555035,python,[JIT],0x000074c039e66cb9
990878.0,555035,python,[JIT],0x000074c039e7f7db
990878.0,554998,python,[JIT],0x00007895546a10d8
990878.0,555009,python,[JIT],0x00007a2d2f6cc857
990878.0,555046,python,[JIT],0x00007af46fad727b
990878.0,554977,python,[JIT],0x0000747c7bf2016c
990877.0,555035,python,python,PyObject_Call
990877.0,555035,python,[JIT],0x000074c039e62985
990877.0,555035,python,[JIT],0x000074c039e78f29
990877.0,555046,python,[JIT],0x00007af46fad9d14
990877.0,555046,python,[JIT],0x00007af47074c3c2
990877.0,554977,python,[JIT],0x0000747c7bf3fe08
990877.0,554977,python,[JIT],0x0000747c7c5c4fd0
990876.0,555023,python,[JIT],0x0000769391dcf4c2
990876.0,554998,python,[JIT],0x000078955466f0a7
990876.0,554998,python,[JIT],0x0000789554696627
990876.0,554998,python,[JIT],0x000078955469dfaf
990876.0,554977,python,[JIT],0x0000747c7bed4792
990876.0,554977,python,[JIT],0x0000747c7bf377d5
990876.0,554977,python,[JIT],0x0000747c7bf38ac1
990876.0,554977,python,[JIT],0x0000747c7bf406dc
990876.0,554977,python,[JIT],0x0000747c7c5c469c
990876.0,554984,python,[JIT],0x00007603c144033b
990876.0,554984,python,[JIT],0x00007603c144d9f7
990875.0,555035,python,[JIT],0x000074c039e7f6b6
990875.0,554998,python,python,unicode_split
990875.0,554998,python,[JIT],0x00007895546836c4
990875.0,555009,python,[JIT],0x00007a2d2f451143
990875.0,555009,python,[JIT],0x00007a2d2f45ec37
990875.0,555046,python,[JIT],0x00007af46facf010
990875.0,555046,python,[JIT],0x00007af46fad7e2d
990875.0,554977,python,[JIT],0x0000747c7bec9010
990875.0,554977,python,[JIT],0x0000747c7bf24d9c
990874.0,555035,python,[JIT],0x000074c039e6698a
990874.0,554998,python,[JIT],0x0000789554908613
990874.0,555046,python,[JIT],0x00007af46fad723c
990874.0,554977,python,[JIT],0x0000747c7bec825c
990874.0,554984,python,[JIT],0x00007603c13f749c
990873.0,555035,python,[JIT],0x000074c039e4727f
990873.0,555035,python,[JIT],0x000074c039e601da
990873.0,555035,python,[JIT],0x000074c039e7b0ad
990873.0,555023,python,[JIT],0x000076939203c359
990873.0,555046,python,[JIT],0x00007af46fad8d72
990873.0,555046,python,[JIT],0x00007af46fd3d1e9
990873.0,554977,python,[JIT],0x0000747c7bf3cbf7
990873.0,554977,python,[JIT],0x0000747c7bf3cd0f
990873.0,554977,python,[JIT],0x0000747c7bf3d63e
990873.0,554984,python,[JIT],0x00007603c144b0ab
990873.0,554984,python,[JIT],0x00007603c144e811
990873.0,554984,python,[JIT],0x00007603c16b3044
990872.0,555035,python,[JIT],0x000074c039e2b9ee
990872.0,555023,python,[JIT],0x0000769391db4867
990872.0,555023,python,[JIT],0x0000769391dcb2e7
990872.0,555023,python,[JIT],0x000076939203d467
990872.0,554998,python,[JIT],0x0000789554683d79
990872.0,554998,python,[JIT],0x000078955469cb5a
990872.0,554977,python,[JIT],0x0000747c7bf3fae9
990871.0,555035,python,[JIT],0x000074c03a4f6811
990871.0,554998,python,python,dict_items
990871.0,554998,python,[JIT],0x00007895549088c0
990871.0,555009,python,[JIT],0x00007a2d2f428985
990871.0,555046,python,[JIT],0x00007af46fabd844
990871.0,555046,python,[JIT],0x00007af46fd3d988
990871.0,554977,python,[JIT],0x0000747c7c1a3003
990871.0,554977,python,[JIT],0x0000747c7ce1300a
990871.0,554984,python,[JIT],0x00007603c143f59e
990871.0,555009,python,[JIT],0x00007a2d2f459efc
990870.0,554998,python,[JIT],0x0000789555833124
990870.0,555046,python,[JIT],0x00007af46fa9d3b1
990870.0,555046,python,[JIT],0x00007af46fabe01b
990870.0,555046,python,[JIT],0x00007af46fad653d
990869.0,555023,python,[JIT],0x0000769391db7da3
990869.0,555023,python,[JIT],0x0000769391dcf42f
990869.0,555023,python,[JIT],0x0000769391dd5704
990869.0,555023,python,[JIT],0x0000769391dd8cc8
990869.0,555023,python,[JIT],0x0000769391dd8fc7
990869.0,554998,python,[JIT],0x00007895546a1e5d
990869.0,555046,python,[JIT],0x00007af46fad882d
990869.0,555046,python,[JIT],0x00007af46fad9c81
990869.0,554977,python,[JIT],0x0000747c7bf1f680
990869.0,554977,python,[JIT],0x0000747c7bf366bc
990869.0,554977,python,[JIT],0x0000747c7bf38f25
990869.0,555035,python,[JIT],0x000074c039e7eed9
990868.0,555035,python,[JIT],0x000074c039e34c73
990868.0,555023,python,[JIT],0x0000769391dd0a6a
990868.0,555023,python,[JIT],0x0000769391dd8a30
990868.0,555023,python,[JIT],0x0000769391dd9409
990868.0,554998,python,[JIT],0x000078955468566d
990868.0,555046,python,[JIT],0x00007af46fad85a5
990868.0,555046,python,[JIT],0x00007af46fad9266
990868.0,555046,python,[JIT],0x00007af46fd3d706
990868.0,554977,python,[JIT],0x0000747c7bed9ad9
990868.0,554977,python,[JIT],0x0000747c7bf35ee2
990868.0,554977,python,[JIT],0x0000747c7bf3d3b5
990868.0,554977,python,[JIT],0x0000747c7bf40604
990868.0,554984,python,[JIT],0x00007603c16b2905
990868.0,554984,python,[JIT],0x00007603c16b35ff
990867.0,555035,python,[JIT],0x000074c039e78f49
990867.0,555035,python,[JIT],0x000074c03b00b22b
990867.0,555023,python,[JIT],0x0000769391dd1e7e
990867.0,555023,python,[JIT],0x000076939257b131
990867.0,555046,python,[JIT],0x00007af46fad82c3
990867.0,554977,python,[JIT],0x0000747c7bf36f77
990867.0,554977,python,[JIT],0x0000747c7c5c445a
990867.0,554977,python,[JIT],0x0000747c7c6cd1c1
990866.0,555035,python,[JIT],0x000074c039e81b59
990866.0,555023,python,[JIT],0x0000769391dcfdf6
990866.0,555023,python,[JIT],0x000076939257bdf8
990866.0,554998,python,[JIT],0x0000789554908aa3
990866.0,555009,python,[JIT],0x00007a2d2f6c957d
990866.0,555046,python,[JIT],0x00007af46fad75a2
990866.0,555035,python,[JIT],0x000074c039e7ef07
990865.0,555035,python,[JIT],0x000074c039e549c9
990865.0,555046,python,[JIT],0x00007af46fabe0bf
990865.0,555046,python,[JIT],0x00007af47076a83d
990865.0,554977,python,[JIT],0x0000747c7bf36131
990864.0,555035,python,[JIT],0x000074c039e77a8b
990864.0,555023,python,[JIT],0x0000769391dd1d93
990864.0,555023,python,[JIT],0x0000769391dd5ca6
990864.0,554998,python,[JIT],0x0000789554685994
990864.0,555046,python,[JIT],0x00007af46fad1e31
990864.0,555046,python,[JIT],0x00007af46fd3e162
990864.0,554977,python,[JIT],0x0000747c7bf31efc
990864.0,554977,python,[JIT],0x0000747c7c1a4933
990864.0,554984,python,[JIT],0x00007603c144545a
990863.0,555023,python,[JIT],0x0000769392438c7c
990863.0,554998,python,[JIT],0x000078955469abbc
990863.0,554998,python,[JIT],0x00007895546a1ab4
990863.0,554998,python,[JIT],0x00007895546a42b6
990863.0,555046,python,[JIT],0x00007af46fa86b03
990863.0,554977,python,[JIT],0x0000747c7bf3d1c5
990863.0,554977,python,[JIT],0x0000747c7c5c4e83
990863.0,554984,python,[JIT],0x00007603c142287f
990863.0,554984,python,[JIT],0x00007603c142f932
990862.0,555023,python,[JIT],0x0000769391d97372
990862.0,554998,python,[JIT],0x0000789554685193
990862.0,555046,python,[JIT],0x00007af46fab8cc5
990862.0,554977,python,[JIT],0x0000747c7bf3cdfa
990862.0,554984,python,[JIT],0x00007603c144f74e
990861.0,555035,python,[JIT],0x000074c039e7f64e
990861.0,555035,python,[JIT],0x000074c03a0e594a
990861.0,554977,python,[JIT],0x0000747c7bf31299
990861.0,554977,python,[JIT],0x0000747c7bf37a79
990860.0,555035,python,[JIT],0x000074c039e47673
990860.0,555023,python,[JIT],0x0000769391dbe629
990860.0,555023,python,[JIT],0x0000769391dcf3da
990860.0,555023,python,[JIT],0x0000769391dd7006
990860.0,554998,python,[JIT],0x000078955469d31b
990860.0,554998,python,[JIT],0x00007895549084d4
990860.0,555046,python,[JIT],0x00007af46fa9d58b
990860.0,554977,python,[JIT],0x0000747c7bf3e2a7
990860.0,554984,python,python,va_build_value
990860.0,554984,python,[JIT],0x00007603c142d224
990859.0,555009,python,[JIT],0x00007a2d2f464064
990859.0,555046,python,[JIT],0x00007af46fada7af
990858.0,555035,python,[JIT],0x000074c039e608d5
990858.0,555035,python,[JIT],0x000074c039e61792
990858.0,555035,python,[JIT],0x000074c039e66565
990858.0,554998,python,[JIT],0x000078955469b9c9
990858.0,554998,python,[JIT],0x00007895546a225a
990858.0,555046,python,[JIT],0x00007af46fad879e
990858.0,555046,python,[JIT],0x00007af46fad89f7
990858.0,554977,python,[JIT],0x0000747c7bf1f3b1
990858.0,554977,python,[JIT],0x0000747c7bf37bcf
990858.0,554984,python,[JIT],0x00007603c1446691
990857.0,554998,python,[JIT],0x000078955490810c
990857.0,555009,python,[JIT],0x00007a2d2f6cc53a
990857.0,555046,python,[JIT],0x00007af46fad0a86
990857.0,554977,python,[JIT],0x0000747c7bf3e5da
990857.0,554998,python,[JIT],0x00007895546a17f6
990857.0,554984,python,[JIT],0x00007603c144d983
990857.0,555009,python,[JIT],0x00007a2d2f464e59
990856.0,555035,python,[JIT],0x000074c039e78034
990856.0,555035,python,[JIT],0x000074c03ae1335f
990856.0,555035,python,[JIT],0x000074c03ae133e2
990856.0,555009,python,[JIT],0x00007a2d2f45f81a
990856.0,555009,python,[JIT],0x00007a2d2f6cb1bc
990856.0,555046,python,[JIT],0x00007af46fad18f0
990856.0,554977,python,[JIT],0x0000747c7bf35bd2
990856.0,554977,python,[JIT],0x0000747c7c59d844
990855.0,555023,python,python,tuple_hash
990855.0,555023,python,[JIT],0x0000769391dbe00c
990855.0,555009,python,[JIT],0x00007a2d2f45db9a
990855.0,555009,python,[JIT],0x00007a2d2f460d93
990855.0,554977,python,[JIT],0x0000747c7bed6a18
990855.0,554984,python,[JIT],0x00007603c1445041
990854.0,555035,python,python,unicode_split
990854.0,555035,python,[JIT],0x000074c039e805f6
990854.0,555035,python,[JIT],0x000074c03aaeb898
990854.0,555009,python,[JIT],0x00007a2d2f46758d
990854.0,555046,python,[JIT],0x00007af46fad94d5
990854.0,555046,python,[JIT],0x00007af46fd3d86b
990854.0,554977,python,[JIT],0x0000747c7bf1fccd
990854.0,554984,python,[JIT],0x00007603c1437000
990853.0,555035,python,[JIT],0x000074c039e7a5ae
990853.0,555023,python,[JIT],0x0000769391dd7589
990853.0,555023,python,[JIT],0x0000769391dd8594
990853.0,555023,python,[JIT],0x0000769391dd94ab
990853.0,554998,python,[JIT],0x000078955469b3ef
990853.0,554998,python,[JIT],0x000078955469e0ad
990853.0,554998,python,[JIT],0x0000789554909933
990853.0,554998,python,[JIT],0x00007895549099ba
990853.0,555009,python,[JIT],0x00007a2d2f466618
990853.0,555046,python,[JIT],0x00007af46fad0942
990853.0,555046,python,[JIT],0x00007af46fd3e590
990853.0,555046,python,[JIT],0x00007af47076a5fe
990853.0,555046,python,[JIT],0x00007af47076ac14
990853.0,554984,python,python,list_dealloc
990852.0,555035,python,[JIT],0x000074c03ae21003
990852.0,555023,python,[JIT],0x0000769391d8ea1e
990852.0,554998,python,[JIT],0x0000789554685709
990852.0,554998,python,[JIT],0x000078955469ccc8
990852.0,555046,python,[JIT],0x00007af46fabedc1
990852.0,555046,python,[JIT],0x00007af46fad6d32
990852.0,555046,python,[JIT],0x00007af46fad7a07
990852.0,554984,python,[kernel.kallsyms],do_anonymous_page
990852.0,554984,python,[JIT],0x00007603c142e1ab
990851.0,555035,python,[JIT],0x000074c039e7f5bf
990851.0,554984,python,[JIT],0x00007603c144e0b0
990851.0,554998,python,[JIT],0x0000789554908a8d
990851.0,555009,python,[JIT],0x00007a2d2f465eef
990851.0,555009,python,[JIT],0x00007a2d2f6cb61b
990851.0,555046,python,[JIT],0x00007af46facfadf
990851.0,555046,python,[JIT],0x00007af46fad7a96
990851.0,555046,python,[JIT],0x00007af46fad84d6
990851.0,554977,python,[JIT],0x0000747c7bf382ef
990851.0,554977,python,[JIT],0x0000747c7c1a42d8
990851.0,554984,python,[JIT],0x00007603c14400cc
990850.0,554998,python,[JIT],0x000078955469ce35
990850.0,555046,python,[JIT],0x00007af46fa9693b
990850.0,554977,python,[JIT],0x0000747c7bf1f44f
990850.0,554984,python,[JIT],0x00007603c1444621
990850.0,554984,python,[JIT],0x00007603c144624d
990850.0,554984,python,[JIT],0x00007603c1447329
990849.0,555023,python,[JIT],0x0000769391db82bf
990849.0,554998,python,[JIT],0x00007895546833e1
990849.0,554998,python,[JIT],0x000078955469c37a
990849.0,555009,python,[JIT],0x00007a2d2f6c7941
990849.0,555009,python,[JIT],0x00007a2d2f6cb4bc
990849.0,554977,python,[JIT],0x0000747c7bf362ca
990849.0,554984,python,[JIT],0x00007603c13c40cf
990849.0,554984,python,[JIT],0x00007603c144e6e0
990848.0,555035,python,[JIT],0x000074c03a0e5cb5
990848.0,555009,python,[JIT],0x00007a2d2f4487f4
990848.0,555046,python,[JIT],0x00007af46fad0dba
990848.0,554977,python,[JIT],0x0000747c7bf36013
990848.0,554977,python,[JIT],0x0000747c7bf3cb41
990848.0,554984,python,[JIT],0x00007603c13eb28d
990847.0,555035,python,[JIT],0x000074c039e23dae
990847.0,555035,python,[JIT],0x000074c039e6235b
990847.0,554998,python,[JIT],0x00007895546a4146
990847.0,555046,python,[JIT],0x00007af46faaca73
990847.0,554984,python,[JIT],0x00007603c1445daa
990847.0,554984,python,[JIT],0x00007603c144c673
990847.0,554984,python,[JIT],0x00007603c16b2c49
990846.0,555035,python,python,_PyObject_VectorcallPrepend
990846.0,555035,python,[JIT],0x000074c03a0e637c
990846.0,555023,python,[JIT],0x0000769391dd5ccf
990846.0,554998,python,[JIT],0x000078955466f533
990846.0,555009,python,[JIT],0x00007a2d2f464589
990846.0,555009,python,[JIT],0x00007a2d2f6cbe9d
990846.0,555046,python,[JIT],0x00007af46fad30ec
990846.0,555046,python,[JIT],0x00007af47076a8bc
990846.0,554977,python,[JIT],0x0000747c7bf38aba
990846.0,554977,python,[JIT],0x0000747c7bf3d442
990845.0,554998,python,[JIT],0x0000789555316392
990845.0,555009,python,[JIT],0x00007a2d2f45f2f0
990845.0,555009,python,[JIT],0x00007a2d2f6c9868
990845.0,555046,python,[JIT],0x00007af4707252d5
990845.0,554977,python,[JIT],0x0000747c7bf3165e
990845.0,554977,python,[JIT],0x0000747c7bf400a3
990845.0,554984,python,[kernel.kallsyms],update_rq_clock
990845.0,554984,python,[JIT],0x00007603c144bc7d
990845.0,555035,python,[JIT],0x000074c039e7fc8e
990844.0,555035,python,[JIT],0x000074c039e784d7
990844.0,555023,python,[JIT],0x0000769391dd594b
990844.0,554998,python,[JIT],0x0000789554697057
990844.0,555046,python,[JIT],0x00007af46fab96b3
990843.0,555035,python,[JIT],0x000074c039e7e95e
990843.0,555023,python,[JIT],0x0000769391dbcfeb
990843.0,555023,python,[JIT],0x000076939257b7cc
990843.0,555046,python,[JIT],0x00007af46fd3e100
990843.0,554977,python,[kernel.kallsyms],update_deadline
990843.0,554977,python,[JIT],0x0000747c7bf32125
990842.0,555035,python,[JIT],0x000074c039e7f627
990842.0,555035,python,[JIT],0x000074c039e808b7
990842.0,555023,python,[JIT],0x0000769391d8eac3
990842.0,555023,python,[JIT],0x0000769391dbc7f0
990842.0,555023,python,[JIT],0x0000769392f65270
990842.0,554998,python,[JIT],0x00007895546855b7
990842.0,555046,python,[JIT],0x00007af46fab9dba
990842.0,554977,python,[JIT],0x0000747c7bf30e2d
990842.0,554977,python,[JIT],0x0000747c7bf3f49b
990842.0,554984,python,[JIT],0x00007603c16b22e7
990841.0,555023,python,[JIT],0x0000769391dcff82
990841.0,555023,python,[JIT],0x0000769391dd1f73
990841.0,554977,python,[JIT],0x0000747c7bef70ea
990840.0,555035,python,[JIT],0x000074c039e731fd
990840.0,555035,python,[JIT],0x000074c039e78db3
990840.0,554998,python,[JIT],0x0000789554625703
990840.0,555009,python,[JIT],0x00007a2d2f45da6a
990840.0,555009,python,[JIT],0x00007a2d2f6c7706
990840.0,554977,python,python,PyLong_AsInt
990840.0,555035,python,[JIT],0x000074c03a0e680d
990839.0,555035,python,[JIT],0x000074c039e7f562
990839.0,554998,python,[JIT],0x00007895546684f4
990839.0,554998,python,[JIT],0x00007895546899ba
990839.0,554998,python,[JIT],0x0000789555316618
990839.0,555046,python,[JIT],0x00007af46fab87f3
990839.0,554977,python,[JIT],0x0000747c7bf32706
990839.0,554977,python,[JIT],0x0000747c7bf35f50
990839.0,554977,python,[JIT],0x0000747c7bf3e565
990839.0,554984,python,[JIT],0x00007603c144bca9
990838.0,555035,python,[JIT],0x000074c039e600cf
990838.0,555035,python,[JIT],0x000074c039e73aa2
990838.0,554998,python,[JIT],0x000078955468e19c
990838.0,554998,python,[JIT],0x00007895546977fc
990838.0,554998,python,[JIT],0x00007895546a4f74
990838.0,555009,python,[JIT],0x00007a2d2f446444
990838.0,555009,python,[JIT],0x00007a2d2f4678fc
990838.0,555046,python,[JIT],0x00007af46fa8ed66
990838.0,554977,python,[JIT],0x0000747c7bf24947
990838.0,554984,python,python,_Py_CallBuiltinClass_StackRef
990838.0,554984,python,[JIT],0x00007603c1428e1e
990837.0,555035,python,[JIT],0x000074c039e65b31
990837.0,555035,python,[JIT],0x000074c039e793a8
990837.0,555035,python,[JIT],0x000074c039e7ee69
990837.0,555023,python,[JIT],0x0000769391db76df
990837.0,555023,python,[JIT],0x0000769391dd1cb8
990837.0,554998,python,[JIT],0x0000789554695d77
990837.0,555009,python,[JIT],0x00007a2d2f46524f
990837.0,555046,python,python,PyMemoryView_FromObject
990837.0,554977,python,[JIT],0x0000747c7bf35f98
990837.0,554977,python,[JIT],0x0000747c7bf383da
990837.0,554984,python,[JIT],0x00007603c142e6ab
990836.0,555023,python,[JIT],0x0000769391d75212
990836.0,555023,python,[JIT],0x000076939203d36f
990836.0,554998,python,python,PyObject_GenericGetAttr
990836.0,555046,python,[JIT],0x00007af46facf76e
990836.0,554977,python,[JIT],0x0000747c7bf1e215
990836.0,554984,python,[JIT],0x00007603c142d3ec
990836.0,554984,python,[JIT],0x00007603c16b2b0d
990836.0,554984,python,[JIT],0x00007603c16b2c73
990835.0,555035,python,python,_PyCompactLong_Add
990835.0,555035,python,[JIT],0x000074c039e81bfe
990835.0,554984,python,[JIT],0x00007603c16b2988
990835.0,555009,python,[JIT],0x00007a2d2f466c99
990835.0,555046,python,python,mbuf_add_view
990835.0,555046,python,[JIT],0x00007af46fab9509
990835.0,555046,python,[JIT],0x00007af46fad2dae
990835.0,555046,python,[JIT],0x00007af46fad8b47
990835.0,554984,python,[JIT],0x00007603c14121d7
990835.0,554984,python,[JIT],0x00007603c144b41e
990834.0,554998,python,[JIT],0x0000789555316200
990834.0,555046,python,[JIT],0x00007af46faa110f
990834.0,555046,python,[JIT],0x00007af46fad6d22
990834.0,555046,python,[JIT],0x00007af46fada18e
990834.0,554977,python,[JIT],0x0000747c7c1a491e
990833.0,555035,python,[JIT],0x000074c03ae1383f
990833.0,555023,python,[JIT],0x0000769391dbd358
990833.0,554998,python,python,_PyObject_GC_Link
990833.0,555046,python,[JIT],0x00007af46fad953e
990833.0,554977,python,[JIT],0x0000747c7bf12ca3
990832.0,555035,python,[JIT],0x000074c039e7a8b6
990832.0,555023,python,[JIT],0x0000769391dd140f
990832.0,555023,python,[JIT],0x0000769391dd5193
990832.0,555023,python,[JIT],0x000076939257bc90
990832.0,554984,python,[JIT],0x00007603c1438421
990832.0,554998,python,[JIT],0x0000789554909184
990832.0,555009,python,[JIT],0x00007a2d2f44ca8e
990832.0,555046,python,[JIT],0x00007af46faba301
990832.0,554977,python,[JIT],0x0000747c7bf37da1
990832.0,554977,python,[JIT],0x0000747c7bf3ea18
990831.0,555035,python,[JIT],0x000074c039e2b0b5
990831.0,555035,python,[JIT],0x000074c039e67c47
990831.0,555035,python,[JIT],0x000074c039e7279e
990831.0,555035,python,[JIT],0x000074c03a0e60eb
990831.0,555023,python,[JIT],0x0000769391dceadf
990831.0,555023,python,[JIT],0x0000769391dd0fac
990831.0,554998,python,[JIT],0x00007895546a57af
990831.0,555009,python,[JIT],0x00007a2d2f461354
990831.0,555046,python,[JIT],0x00007af46fab881c
990831.0,555046,python,[JIT],0x00007af46fad63af
990831.0,554977,python,[JIT],0x0000747c7bf3ddea
990831.0,554984,python,python,new_keys_object
990830.0,555035,python,[JIT],0x000074c039e6a65c
990830.0,555035,python,[JIT],0x000074c039e780e4
990830.0,555023,python,[JIT],0x0000769391dd01ec
990830.0,555023,python,[JIT],0x000076939203c81d
990830.0,554998,python,[JIT],0x000078955469c8b5
990830.0,554998,python,[JIT],0x0000789554908aea
990830.0,555009,python,[JIT],0x00007a2d2f46755c
990830.0,555046,python,[JIT],0x00007af46fad25dc
990830.0,555046,python,[JIT],0x00007af47076a55d
990830.0,554977,python,[JIT],0x0000747c7bf38e44
990830.0,554977,python,[JIT],0x0000747c7bf3c773
990830.0,554984,python,[JIT],0x00007603c142d003
990830.0,554984,python,[JIT],0x00007603c14470f1
990829.0,555035,python,[JIT],0x000074c039e77576
990829.0,555035,python,[JIT],0x000074c039e7fe29
990829.0,554998,python,[JIT],0x000078955469af1c
990829.0,554998,python,[JIT],0x00007895546a5012
990829.0,555046,python,[JIT],0x00007af46fa85c87
990829.0,554977,python,[JIT],0x0000747c7bf1feca
990829.0,554977,python,[JIT],0x0000747c7c1a4760
990829.0,554984,python,[JIT],0x00007603c143fe5c
990828.0,555035,python,[JIT],0x000074c039e774be
990828.0,555035,python,[JIT],0x000074c03a4f800a
990828.0,555023,python,[JIT],0x0000769391dd8b8f
990828.0,555046,python,[JIT],0x00007af46fabdbfd
990828.0,555046,python,[JIT],0x00007af46fad0216
990828.0,554977,python,[JIT],0x0000747c7bf4034d
990828.0,554984,python,[JIT],0x00007603c1bce37e
990827.0,555023,python,[JIT],0x0000769391d9b8a3
990827.0,555046,python,[JIT],0x00007af46facf8e0
990827.0,555046,python,[JIT],0x00007af46fd3d197
990827.0,555046,python,[JIT],0x00007af470c695fe
990827.0,554977,python,[JIT],0x0000747c7bf3829b
990827.0,554984,python,[JIT],0x00007603c142e820
990826.0,555035,python,[JIT],0x000074c039e1cb72
990826.0,555035,python,[JIT],0x000074c039e7f167
990826.0,555023,python,[JIT],0x0000769391dbc95b
990826.0,555023,python,[JIT],0x000076939203c605
990826.0,555023,python,[JIT],0x000076939257b11d
990826.0,555009,python,[JIT],0x00007a2d2f44bdcb
990826.0,555009,python,[JIT],0x00007a2d2f45da0a
990825.0,555009,python,python,_Py_BuildMap_StackRefSteal
990825.0,554977,python,python,PyObject_Realloc
990825.0,554977,python,[JIT],0x0000747c7bf1ee7e
990825.0,554977,python,[JIT],0x0000747c7c1a3677
990824.0,555023,python,[JIT],0x0000769391dbc408
990824.0,555009,python,[JIT],0x00007a2d2f447cbd
990824.0,555046,python,[JIT],0x00007af46fad2a18
990824.0,554977,python,[JIT],0x0000747c7bf208d4
990824.0,554977,python,[JIT],0x0000747c7bf3f174
990824.0,554984,python,[JIT],0x00007603c24131bc
990823.0,555035,python,[JIT],0x000074c039e616c4
990823.0,555035,python,[JIT],0x000074c039e806bc
990823.0,554998,python,[JIT],0x00007895546a534d
990823.0,554998,python,[JIT],0x0000789554908974
990823.0,554998,python,[JIT],0x000078955490909d
990823.0,554977,python,[JIT],0x0000747c7bf3cf85
990823.0,554984,python,[JIT],0x00007603c142d17d
990823.0,554984,python,[JIT],0x00007603c1447264
990822.0,555035,python,[JIT],0x000074c039e106ef
990822.0,555035,python,[JIT],0x000074c039e61b32
990822.0,554998,python,[JIT],0x000078955469b881
990822.0,555009,python,[JIT],0x00007a2d2f43a935
990822.0,555046,python,[JIT],0x00007af46fa78b70
990822.0,554984,python,[JIT],0x00007603c144b6da
990822.0,554984,python,[JIT],0x00007603c16b35e6
990821.0,554998,python,[JIT],0x000078955461f5ff
990821.0,554998,python,[JIT],0x0000789554688ae2
990821.0,554998,python,[JIT],0x000078955469d681
990821.0,554998,python,[JIT],0x0000789554909113
990821.0,555009,python,python,free@plt
990821.0,554977,python,[JIT],0x0000747c7bf25a89
990821.0,554977,python,[JIT],0x0000747c7c1a38d3
990820.0,555035,python,[JIT],0x000074c039e1ce79
990820.0,555035,python,[JIT],0x000074c039e3bb31
990820.0,555035,python,[JIT],0x000074c039e80618
990820.0,555023,python,[JIT],0x0000769391dd5640
990820.0,554998,python,[JIT],0x000078955469c22c
990820.0,555009,python,[JIT],0x00007a2d2f3fca67
990820.0,555009,python,[JIT],0x00007a2d2f458f84
990820.0,555009,python,[JIT],0x00007a2d2f45d665
990820.0,555046,python,[JIT],0x00007af46fad1158
990820.0,554984,python,[JIT],0x00007603c13c457f
990820.0,554984,python,[JIT],0x00007603c143f415
990820.0,554984,python,[JIT],0x00007603c144f651
990819.0,555035,python,[JIT],0x000074c039e44717
990819.0,555035,python,[JIT],0x000074c03ae137cc
990819.0,555023,python,[JIT],0x0000769391dcedba
990819.0,555009,python,[JIT],0x00007a2d2f45fc5b
990819.0,555046,python,[JIT],0x00007af46fab89f3
990819.0,554977,python,[JIT],0x0000747c7bf1fd1f
990818.0,555035,python,[JIT],0x000074c039e65810
990818.0,555023,python,[JIT],0x0000769391dd1ec7
990818.0,554998,python,[JIT],0x000078955469daf6
990818.0,554998,python,[JIT],0x00007895546a4c81
990818.0,554977,python,[JIT],0x0000747c7c6cd010
990818.0,554984,python,[JIT],0x00007603c1432c03
990817.0,555035,python,[JIT],0x000074c03ae131fc
990817.0,555009,python,python,malloc@plt
990817.0,555009,python,[JIT],0x00007a2d2f4655c3
990817.0,555046,python,[JIT],0x00007af46fad112b
990817.0,555046,python,[JIT],0x00007af46fd3e688
990817.0,554977,python,[JIT],0x0000747c7bf1ff00
990817.0,554977,python,[JIT],0x0000747c7bf35cc5
990817.0,554984,python,[JIT],0x00007603c16b342e
990816.0,554998,python,[JIT],0x000078955466f78c
990816.0,554998,python,[JIT],0x000078955468e2a1
990816.0,554998,python,[JIT],0x000078955469add3
990816.0,554998,python,[JIT],0x00007895546a2287
990816.0,554998,python,[JIT],0x00007895546a3a4c
990816.0,554984,python,[JIT],0x00007603c144f0f9
990816.0,554984,python,[JIT],0x00007603c1bce0a3
990815.0,555035,python,[JIT],0x000074c039e7a915
990815.0,554998,python,[JIT],0x000078955469b4ed
990815.0,555046,python,python,tupleiter_dealloc
990815.0,554977,python,[JIT],0x0000747c7bf35143
990814.0,555023,python,[kernel.kallsyms],crc32c_pcl_intel_update
990814.0,554998,python,python,_Py_module_getattro_impl
990814.0,554998,python,[JIT],0x000078955469748e
990814.0,554998,python,[JIT],0x00007895546a3e1f
990814.0,555009,python,[JIT],0x00007a2d2f465118
990814.0,555046,python,[JIT],0x00007af46fad6863
990814.0,554977,python,[JIT],0x0000747c7bf37839
990814.0,554984,python,[JIT],0x00007603c143273e
990814.0,554984,python,[JIT],0x00007603c144d782
990813.0,555035,python,[JIT],0x000074c039e61eca
990813.0,555035,python,[JIT],0x000074c039e65527
990813.0,554977,python,[JIT],0x0000747c7bf3e7fe
990813.0,554977,python,[JIT],0x0000747c7c6cd088
990812.0,555035,python,[JIT],0x000074c03ae1368d
990812.0,554998,python,[JIT],0x0000789554635309
990812.0,554998,python,[JIT],0x00007895546a1257
990812.0,554998,python,[JIT],0x00007895546a1d3f
990812.0,555009,python,[JIT],0x00007a2d2f465152
990812.0,554977,python,[JIT],0x0000747c7bf30d14
990812.0,554984,python,[JIT],0x00007603c1448192
990811.0,555035,python,[JIT],0x000074c039e601e5
990811.0,555023,python,[JIT],0x0000769391db38b8
990811.0,554998,python,[JIT],0x0000789554654241
990811.0,555009,python,python,PyUnicode_FindChar
990811.0,555046,python,[JIT],0x00007af46facffa3
990811.0,555046,python,[JIT],0x00007af46fad65f3
990811.0,554998,python,[JIT],0x0000789554685958
990810.0,555035,python,[JIT],0x000074c039e7996a
990810.0,555023,python,[JIT],0x0000769391d8e0c4
990810.0,555023,python,[JIT],0x000076939257b0fe
990810.0,555009,python,[JIT],0x00007a2d2f46669b
990810.0,555046,python,[JIT],0x00007af46faba2b0
990810.0,554977,python,[JIT],0x0000747c7bf23656
990810.0,554977,python,[JIT],0x0000747c7c1a31d1
990810.0,554984,python,[JIT],0x00007603c142eb79
990810.0,554984,python,[JIT],0x00007603c144f3d6
990809.0,555035,python,[JIT],0x000074c039e8149b
990809.0,555023,python,[JIT],0x0000769391db9815
990809.0,554998,python,[JIT],0x00007895546836b5
990809.0,554998,python,[JIT],0x000078955469b86d
990809.0,554998,python,[JIT],0x00007895546a5619
990809.0,554998,python,[JIT],0x0000789554ce2c6b
990809.0,555009,python,python,PyDict_Next
990809.0,555009,python,[JIT],0x00007a2d2f468732
990809.0,555046,python,python,_PyOptimizer_Optimize
990809.0,554977,python,[JIT],0x0000747c7bf3ddfe
990809.0,554977,python,[JIT],0x0000747c7c1a418b
990808.0,555023,python,[JIT],0x0000769391db97f4
990808.0,555023,python,[JIT],0x0000769391dd6276
990808.0,555046,python,[JIT],0x00007af46fd3d49e
990808.0,554977,python,[JIT],0x0000747c7bf1e351
990808.0,554977,python,[JIT],0x0000747c7bf2540b
990808.0,554977,python,[JIT],0x0000747c7c6cd26c
990808.0,554984,python,[JIT],0x00007603c142f455
990808.0,554984,python,[JIT],0x00007603c14407b6
990808.0,554984,python,[JIT],0x00007603c1444958
990808.0,554984,python,[JIT],0x00007603c1444db0
990807.0,555035,python,[JIT],0x000074c039e803a8
990807.0,555023,python,[JIT],0x0000769391dcaacd
990807.0,554977,python,[JIT],0x0000747c7bf40461
990807.0,554984,python,[JIT],0x00007603c14348a0
990807.0,554984,python,[JIT],0x00007603c144f719
990806.0,555023,python,[JIT],0x0000769391db890b
990806.0,555009,python,[JIT],0x00007a2d2f45f149
990806.0,555009,python,[JIT],0x00007a2d2f6c9443
990806.0,555046,python,[JIT],0x00007af46fada3ef
990806.0,554977,python,[JIT],0x0000747c7bf38efe
990806.0,554977,python,[JIT],0x0000747c7bf3ca96
990806.0,554977,python,[JIT],0x0000747c7bf3ce2a
990806.0,554977,python,[JIT],0x0000747c7c1a41f6
990806.0,554984,python,[JIT],0x00007603c16b36f3
990805.0,555035,python,[JIT],0x000074c039e74155
990805.0,555009,python,[JIT],0x00007a2d2f447c42
990805.0,555009,python,[JIT],0x00007a2d2f4654a1
990805.0,554977,python,[JIT],0x0000747c7bf1fbca
990805.0,554977,python,[JIT],0x0000747c7bf236ac
990805.0,554977,python,[JIT],0x0000747c7bf3e19b
990805.0,554977,python,[JIT],0x0000747c7c5c46c6
990804.0,555035,python,[JIT],0x000074c039e6a497
990804.0,554984,python,[JIT],0x00007603c144b389
990803.0,555023,python,[JIT],0x0000769391db7693
990803.0,555023,python,[JIT],0x000076939245d7e4
990803.0,554998,python,[JIT],0x000078955469ba5a
990803.0,554998,python,[JIT],0x000078955469d18c
990803.0,555009,python,[JIT],0x00007a2d2f4640bd
990803.0,554977,python,python,bytesiobuf_dealloc
990803.0,554977,python,[JIT],0x0000747c7c59e689
990803.0,554984,python,[JIT],0x00007603c16b626d
990802.0,555023,python,[JIT],0x0000769391d641a9
990802.0,554998,python,[JIT],0x000078955469dd74
990802.0,555009,python,[JIT],0x00007a2d2f44b630
990802.0,555009,python,[JIT],0x00007a2d2f44b844
990802.0,555009,python,[JIT],0x00007a2d2f44c671
990802.0,555046,python,[JIT],0x00007af46fa9d531
990802.0,555046,python,[JIT],0x00007af46fad89f3
990802.0,554977,python,[JIT],0x0000747c7bf1e674
990802.0,554977,python,[JIT],0x0000747c7bf25041
990802.0,554977,python,[JIT],0x0000747c7bf36c67
990802.0,554984,python,[JIT],0x00007603c1432e45
990802.0,554984,python,[JIT],0x00007603c16b0855
990801.0,555035,python,[JIT],0x000074c039e775bc
990801.0,555023,python,python,object___reduce_ex__
990801.0,555023,python,[JIT],0x000076939257b112
990801.0,554998,python,libc.so.6,memcpy@@GLIBC_2.14@plt
990801.0,554998,python,[JIT],0x000078955469e33c
990801.0,555009,python,[JIT],0x00007a2d2f460f08
990801.0,554977,python,[JIT],0x0000747c7bf40330
990801.0,554977,python,[JIT],0x0000747c7c1a3c69
990801.0,554977,python,[JIT],0x0000747c7c5c48f9
990800.0,555023,python,[JIT],0x0000769391dbd3f7
990800.0,554998,python,[JIT],0x000078955469ca09
990800.0,555046,python,[JIT],0x00007af46fab8713
990800.0,554977,python,[JIT],0x0000747c7bf3e868
990800.0,554984,python,[JIT],0x00007603c142f399
990800.0,554984,python,[JIT],0x00007603c1444874
990799.0,555023,python,[JIT],0x0000769391dd70a6
990799.0,554998,python,[JIT],0x00007895546a3a3f
990799.0,555009,python,[JIT],0x00007a2d2f44865c
990799.0,555009,python,[JIT],0x00007a2d2f45db80
990799.0,555009,python,[JIT],0x00007a2d305ee085
990799.0,555046,python,[JIT],0x00007af46fa951f3
990799.0,555046,python,[JIT],0x00007af46fd3d6a9
990799.0,554977,python,[JIT],0x0000747c7bf3584d
990799.0,554977,python,[JIT],0x0000747c7bf388d3
990799.0,554977,python,[JIT],0x0000747c7bf3edfa
990799.0,554977,python,[JIT],0x0000747c7c1a4614
990799.0,554984,python,[JIT],0x00007603c14445bc
990799.0,554984,python,[JIT],0x00007603c144d01f
990798.0,555035,python,[JIT],0x000074c039e66e91
990798.0,555035,python,[JIT],0x000074c039e7e334
990798.0,555023,python,[JIT],0x000076939203d823
990798.0,554998,python,[JIT],0x00007895546831d5
990798.0,555009,python,[JIT],0x00007a2d2f45f4c4
990798.0,554977,python,[JIT],0x0000747c7bf31087
990798.0,554977,python,[JIT],0x0000747c7bf3f08d
990798.0,554977,python,[JIT],0x0000747c7c6cd1b4
990798.0,554984,python,[JIT],0x00007603c143479d
990798.0,554984,python,[JIT],0x00007603c1446a88
990798.0,555009,python,[JIT],0x00007a2d2f467c3d
990797.0,555023,python,[JIT],0x0000769391dbdc7e
990797.0,554998,python,python,method_vectorcall_FASTCALL_KEYWORDS_METHOD
990797.0,555009,python,[JIT],0x00007a2d2f4595c4
990797.0,555046,python,[JIT],0x00007af46fad812c
990796.0,555023,python,python,va_build_value
990795.0,555023,python,[JIT],0x0000769391dd718f
990795.0,555023,python,[JIT],0x0000769391dd7276
990795.0,555046,python,[JIT],0x00007af46fabde8c
990795.0,555046,python,[JIT],0x00007af46fabf7a0
990795.0,554977,python,[JIT],0x0000747c7c59f96a
990795.0,554984,python,[JIT],0x00007603c142e097
990795.0,554984,python,[JIT],0x00007603c1444b6c
990795.0,554984,python,[JIT],0x00007603c144e176
990794.0,555023,python,[JIT],0x0000769391d92663
990794.0,555023,python,[JIT],0x0000769391dd1057
990794.0,554998,python,[JIT],0x0000789554683717
990794.0,554977,python,[JIT],0x0000747c7bf387c9
990794.0,554977,python,[JIT],0x0000747c7bf3c403
990794.0,554977,python,[JIT],0x0000747c7bf3d33b
990794.0,554977,python,[JIT],0x0000747c7bf3f269
990794.0,554984,python,[JIT],0x00007603c16b302c
990793.0,554998,python,[JIT],0x0000789554684620
990793.0,554998,python,[JIT],0x0000789554ce529c
990793.0,554998,python,[JIT],0x00007895553169a2
990793.0,555009,python,[JIT],0x00007a2d2f3fe84e
990793.0,554977,python,[JIT],0x0000747c7bf38032
990793.0,554984,python,[JIT],0x00007603c14335e4
990792.0,555035,python,[JIT],0x000074c03a0e6631
990792.0,555023,python,[JIT],0x0000769391db8415
990792.0,555023,python,[JIT],0x0000769391dd1703
990792.0,554998,python,[JIT],0x00007895546614ae
990792.0,554998,python,[JIT],0x000078955468443b
990792.0,554998,python,[JIT],0x000078955468497a
990792.0,554998,python,[JIT],0x000078955469b9a1
990792.0,554998,python,[JIT],0x00007895546a1de7
990792.0,554977,python,[JIT],0x0000747c7bf31ff9
990791.0,555009,python,[JIT],0x00007a2d2f460c7e
990791.0,555009,python,[JIT],0x00007a2d2f4648df
990791.0,555009,python,[JIT],0x00007a2d2f464e17
990791.0,555009,python,[JIT],0x00007a2d2f6c9f13
990791.0,555046,python,[JIT],0x00007af46fad8a61
990790.0,555023,python,[JIT],0x0000769391dd1878
990790.0,555023,python,[JIT],0x0000769391dd71a7
990790.0,554977,python,[JIT],0x0000747c7bf32554
990790.0,554977,python,[JIT],0x0000747c7c5c44a4
990789.0,555035,python,[JIT],0x000074c039e6a003
990789.0,555023,python,[JIT],0x0000769391dd1807
990789.0,554998,python,[JIT],0x00007895546859b8
990789.0,555009,python,[JIT],0x00007a2d2f44673b
990789.0,554977,python,[JIT],0x0000747c7bf1ffc9
990788.0,555023,python,[JIT],0x0000769391db8a26
990788.0,555023,python,[JIT],0x0000769391dbe590
990788.0,555046,python,[JIT],0x00007af46fad7304
990788.0,554977,python,[JIT],0x0000747c7bf253c4
990788.0,554977,python,[JIT],0x0000747c7bf38a18
990788.0,554977,python,[JIT],0x0000747c7bf3cf5b
990788.0,554984,python,[JIT],0x00007603c144b114
990787.0,555009,python,[JIT],0x00007a2d2f450d4d
990787.0,554977,python,[JIT],0x0000747c7bf36575
990787.0,554977,python,[JIT],0x0000747c7c59f00a
990787.0,554984,python,[JIT],0x00007603c144722f
990787.0,554984,python,[JIT],0x00007603c144b987
990786.0,555035,python,[JIT],0x000074c039e66f82
990786.0,555023,python,[JIT],0x0000769391db7ff7
990786.0,555023,python,[JIT],0x0000769391dce906
990786.0,554998,python,[JIT],0x0000789554659cc5
990786.0,554998,python,[JIT],0x000078955469b9d7
990786.0,554977,python,[JIT],0x0000747c7bf1ffe0
990785.0,555035,python,[JIT],0x000074c039e7e3ff
990785.0,555023,python,[JIT],0x0000769391db9461
990785.0,555023,python,[JIT],0x0000769391dd808d
990785.0,555023,python,[JIT],0x000076939257b36e
990785.0,554998,python,[JIT],0x00007895546a377e
990785.0,554998,python,[JIT],0x00007895546a3e92
990785.0,554998,python,[JIT],0x00007895546a47f0
990785.0,555046,python,[JIT],0x00007af46fad6cd1
990785.0,554977,python,[JIT],0x0000747c7bf254ba
990785.0,554984,python,[JIT],0x00007603c13da620
990785.0,554984,python,[JIT],0x00007603c13db966
990784.0,555035,python,[JIT],0x000074c039e7afcf
990784.0,554984,python,[JIT],0x00007603c16b23ec
990784.0,554998,python,python,meth_dealloc
990784.0,554998,python,[JIT],0x0000789554688e63
990784.0,554998,python,[JIT],0x000078955469ca53
990784.0,554998,python,[JIT],0x000078955531646c
990784.0,555009,python,[JIT],0x00007a2d2f43960e
990784.0,555009,python,[JIT],0x00007a2d2f453491
990784.0,554977,python,[JIT],0x0000747c7bf28e68
990784.0,554977,python,[JIT],0x0000747c7c1a3c0b
990784.0,554977,python,[JIT],0x0000747c7c6cd404
990784.0,554984,python,python,_PyMem_RawMalloc
990784.0,554984,python,[JIT],0x00007603c16b205e
990784.0,554984,python,[JIT],0x00007603c16b2ff0
990783.0,555023,python,[JIT],0x0000769391dd5f41
990783.0,555009,python,[JIT],0x00007a2d2f45fdfb
990783.0,554977,python,[JIT],0x0000747c7c5c4260
990783.0,554984,python,[JIT],0x00007603c14479cd
990782.0,554998,python,python,_Py_type_getattro
990782.0,554998,python,python,tuple_length
990782.0,555009,python,[JIT],0x00007a2d2f6cbc1a
990782.0,555046,python,[JIT],0x00007af46fad9aca
990782.0,554977,python,[JIT],0x0000747c7bf3033b
990782.0,554977,python,[JIT],0x0000747c7bf36209
990782.0,554977,python,[JIT],0x0000747c7bf37100
990781.0,555023,python,[JIT],0x0000769391dbd2d7
990781.0,555009,python,[JIT],0x00007a2d2f40070f
990781.0,555046,python,[JIT],0x00007af46fad6a0f
990781.0,554977,python,[JIT],0x0000747c7bee6076
990781.0,554977,python,[JIT],0x0000747c7c5c4729
990781.0,554984,python,[JIT],0x00007603c1446899
990781.0,554984,python,[JIT],0x00007603c144c801
990780.0,554998,python,[JIT],0x0000789554684849
990780.0,554998,python,[JIT],0x0000789555316d9e
990780.0,554977,python,[JIT],0x0000747c7bf24772
990780.0,554984,python,[JIT],0x00007603c1445ad4
990779.0,555035,python,[JIT],0x000074c039e62870
990779.0,555035,python,[JIT],0x000074c039e79027
990779.0,554977,python,[JIT],0x0000747c7bf36f11
990779.0,554984,python,[JIT],0x00007603c144577e
990778.0,555023,python,[JIT],0x0000769391db8db7
990778.0,555023,python,[JIT],0x0000769391dd5c24
990778.0,555023,python,[JIT],0x0000769391dd66a8
990778.0,554998,python,[JIT],0x00007895546835e3
990778.0,554977,python,[JIT],0x0000747c7bf38787
990778.0,554977,python,[JIT],0x0000747c7bf3c1ca
990777.0,555035,python,[JIT],0x000074c039e72583
990777.0,554998,python,[JIT],0x0000789555316e9e
990777.0,555046,python,[JIT],0x00007af46fab9255
990777.0,554977,python,python,batched_new
990777.0,554977,python,[JIT],0x0000747c7bf352ec
990777.0,554977,python,[JIT],0x0000747c7bf3c210
990777.0,554977,python,[JIT],0x0000747c7bf3cccf
990777.0,554984,python,python,PyLong_AsNativeBytes.constprop.0
990777.0,554984,python,[JIT],0x00007603c144de7c
990776.0,555035,python,[JIT],0x000074c039e82079
990776.0,555035,python,[JIT],0x000074c03a0e5706
990776.0,554998,python,[JIT],0x00007895546854d0
990776.0,554998,python,[JIT],0x00007895546a35f6
990776.0,554998,python,[JIT],0x00007895546a4799
990776.0,555009,python,[JIT],0x00007a2d2f6c719f
990776.0,555009,python,[JIT],0x00007a2d2f6cb381
990776.0,555046,python,[JIT],0x00007af46fab4371
990776.0,555046,python,[JIT],0x00007af46fad2255
990776.0,554977,python,[JIT],0x0000747c7bf30e82
990776.0,554977,python,[JIT],0x0000747c7bf37eda
990776.0,554984,python,[JIT],0x00007603c1434574
990775.0,555035,python,[JIT],0x000074c039e6a8f8
990775.0,554998,python,[JIT],0x0000789554688ee6
990775.0,555009,python,[JIT],0x00007a2d2f4479c3
990775.0,555009,python,[JIT],0x00007a2d2f448a68
990775.0,555046,python,[JIT],0x00007af46fad2707
990775.0,554977,python,[JIT],0x0000747c7bf3f6ca
990774.0,555035,python,[JIT],0x000074c039e448b2
990774.0,555035,python,[JIT],0x000074c039e55028
990774.0,555035,python,[JIT],0x000074c039e66ccb
990774.0,555035,python,[JIT],0x000074c039e672a1
990774.0,555023,python,[JIT],0x0000769391db9739
990774.0,555046,python,[JIT],0x00007af46fa51926
990774.0,554977,python,[JIT],0x0000747c7bed6ddd
990774.0,554977,python,[JIT],0x0000747c7bf35e11
990774.0,554977,python,[JIT],0x0000747c7bf3fb9e
990774.0,554977,python,[JIT],0x0000747c7bf4003c
990774.0,554984,python,[JIT],0x00007603c144be6d
990773.0,555023,python,[JIT],0x0000769391dcedda
990773.0,554998,python,[JIT],0x00007895546840db
990773.0,554998,python,[JIT],0x00007895546a14f5
990773.0,555046,python,[JIT],0x00007af46fa6bd8d
990773.0,555046,python,[JIT],0x00007af46fad7ff6
990773.0,554977,python,[JIT],0x0000747c7bf1f79b
990773.0,554977,python,[JIT],0x0000747c7c1a33ec
990773.0,554984,python,[JIT],0x00007603c143812a
990772.0,555023,python,[JIT],0x0000769391dbde91
990772.0,554977,python,[JIT],0x0000747c7c1a068a
990771.0,555023,python,[JIT],0x0000769391dce0ec
990771.0,555023,python,[JIT],0x0000769391dd9130
990771.0,554998,python,[JIT],0x00007895546835ed
990771.0,555046,python,[JIT],0x00007af47076a7f2
990770.0,555035,python,[JIT],0x000074c039e6e46c
990770.0,554998,python,[JIT],0x0000789554689832
990770.0,555009,python,[JIT],0x00007a2d2f469604
990770.0,555009,python,[JIT],0x00007a2d2f6c93ce
990770.0,555046,python,[JIT],0x00007af46fad662f
990770.0,555046,python,[JIT],0x00007af47076accd
990770.0,554984,python,[JIT],0x00007603c1403810
990770.0,554984,python,[JIT],0x00007603c144dbc4
990770.0,554984,python,[JIT],0x00007603c1aa98c8
990769.0,555035,python,[JIT],0x000074c039e340b2
990769.0,555035,python,[JIT],0x000074c03a0e656f
990769.0,555023,python,[JIT],0x0000769391dd60d3
990769.0,554998,python,[JIT],0x0000789554684be2
990768.0,554998,python,[JIT],0x000078955466842d
990768.0,554998,python,[JIT],0x000078955468eb9b
990768.0,554998,python,[JIT],0x00007895546a1279
990768.0,555009,python,[JIT],0x00007a2d2f6cb0b1
990768.0,555046,python,[JIT],0x00007af46fad67d0
990768.0,554977,python,[JIT],0x0000747c7bec8862
990768.0,554977,python,[JIT],0x0000747c7bedab38
990768.0,554977,python,[JIT],0x0000747c7bf36aa1
990768.0,554977,python,[JIT],0x0000747c7bf387e4
990767.0,555035,python,[JIT],0x000074c03a0e5be3
990767.0,555023,python,[JIT],0x0000769391dc1115
990767.0,555009,python,[JIT],0x00007a2d2f4672fa
990767.0,554984,python,[JIT],0x00007603c1429072
990767.0,554984,python,[JIT],0x00007603c142db49
990767.0,554984,python,[JIT],0x00007603c144b834
990766.0,555035,python,[JIT],0x000074c039e7a83a
990766.0,555023,python,[JIT],0x0000769391d743fe
990766.0,554998,python,[JIT],0x00007895546a2e8a
990766.0,555009,python,[JIT],0x00007a2d2f4478bb
990766.0,555009,python,[JIT],0x00007a2d2f6cc720
990766.0,555046,python,[JIT],0x00007af46fabd34e
990765.0,554998,python,[JIT],0x0000789555316fd0
990765.0,555009,python,[JIT],0x00007a2d2f44d8ac
990765.0,555046,python,[JIT],0x00007af46fad8c79
990765.0,554984,python,[JIT],0x00007603c144f480
990764.0,554998,python,[JIT],0x0000789554690593
990764.0,554998,python,[JIT],0x00007895546a1253
990764.0,555009,python,[JIT],0x00007a2d2f4656a8
990764.0,555046,python,[JIT],0x00007af470725621
990764.0,554977,python,[JIT],0x0000747c7bedab21
990764.0,554977,python,[JIT],0x0000747c7bf3f266
990764.0,554984,python,[JIT],0x00007603c14324e1
990763.0,555035,python,[JIT],0x000074c039e73c2d
990763.0,555035,python,[JIT],0x000074c039e8281f
990763.0,554998,python,[JIT],0x00007895546a14ed
990763.0,555009,python,[JIT],0x00007a2d2f46450b
990763.0,555046,python,[JIT],0x00007af46fd3e1f6
990763.0,554977,python,[JIT],0x0000747c7befd8b0
990763.0,554977,python,[JIT],0x0000747c7bf356c7
990763.0,554977,python,[JIT],0x0000747c7bf3840c
990763.0,554977,python,[JIT],0x0000747c7d0cb0ca
990763.0,554984,python,[JIT],0x00007603c144e04e
990762.0,555023,python,[JIT],0x0000769391d51dd7
990762.0,554998,python,[JIT],0x0000789554684cd5
990762.0,555009,python,[JIT],0x00007a2d2f6c72d8
990762.0,555046,python,[JIT],0x00007af46fada4cb
990762.0,554977,python,[JIT],0x0000747c7bf36cb0
990761.0,555035,python,[JIT],0x000074c039e67671
990761.0,555035,python,[JIT],0x000074c039e74554
990761.0,555009,python,[JIT],0x00007a2d2f41c9d7
990761.0,555009,python,[JIT],0x00007a2d2f4464a2
990761.0,555046,python,[JIT],0x00007af46fab8139
990761.0,554977,python,[JIT],0x0000747c7bf350f7
990761.0,554984,python,[JIT],0x00007603c142ef86
990760.0,555035,python,[JIT],0x000074c039e79d53
990760.0,555023,python,[JIT],0x0000769391dd5555
990760.0,555023,python,[JIT],0x0000769391dd610d
990760.0,555023,python,[JIT],0x0000769391dd6910
990760.0,554998,python,[JIT],0x00007895546a44f5
990760.0,555009,python,[JIT],0x00007a2d2f459002
990760.0,554977,python,python,_PyUnicode_InternMortal
990760.0,554977,python,[JIT],0x0000747c7bf3811d
990760.0,554977,python,[JIT],0x0000747c7bf38ef0
990760.0,554984,python,[JIT],0x00007603c14370fe
990760.0,554984,python,[JIT],0x00007603c144c567
990759.0,555035,python,[JIT],0x000074c039e60f41
990759.0,555035,python,[JIT],0x000074c039e65a43
990759.0,555009,python,python,_PyNumber_Index
990759.0,555009,python,[JIT],0x00007a2d2f46563e
990759.0,555046,python,[JIT],0x00007af46fabf4c7
990759.0,554984,python,[JIT],0x00007603c1447437
990758.0,555046,python,[JIT],0x00007af4706eb5c3
990758.0,554977,python,[JIT],0x0000747c7bf1eaa2
990758.0,554977,python,[JIT],0x0000747c7bf2012f
990758.0,554977,python,[JIT],0x0000747c7c1a4e4a
990758.0,554984,python,[JIT],0x00007603c144e931
990757.0,555035,python,[JIT],0x000074c039df2410
990757.0,555035,python,[JIT],0x000074c039e66629
990757.0,555035,python,[JIT],0x000074c039e7e245
990757.0,554998,python,[JIT],0x000078955463d828
990757.0,555046,python,[JIT],0x00007af46facab01
990757.0,555046,python,[JIT],0x00007af46fad0c32
990757.0,555046,python,[JIT],0x00007af46fada1b2
990757.0,554984,python,[JIT],0x00007603c13c47cc
990757.0,554984,python,[JIT],0x00007603c144c5fa
990756.0,555035,python,[JIT],0x000074c039e6b35b
990756.0,555023,python,[JIT],0x0000769391dd1dc3
990756.0,555023,python,[JIT],0x0000769391dd21d1
990756.0,555046,python,[JIT],0x00007af46fad9799
990756.0,554977,python,[JIT],0x0000747c7bf3c7bf
990756.0,554984,python,[JIT],0x00007603c142ed74
990756.0,554984,python,[JIT],0x00007603c14469f8
990755.0,555035,python,[JIT],0x000074c039e7fd53
990755.0,554998,python,[JIT],0x00007895546a4c6b
990755.0,555009,python,[JIT],0x00007a2d2f46575e
990755.0,555046,python,[JIT],0x00007af46fad19ea
990755.0,554977,python,[JIT],0x0000747c7bec91fb
990755.0,554977,python,[JIT],0x0000747c7bf252cc
990755.0,555035,python,[JIT],0x000074c039e814aa
990754.0,555009,python,[JIT],0x00007a2d2f437761
990754.0,555046,python,[JIT],0x00007af46fa881c3
990754.0,554977,python,[JIT],0x0000747c7bf1e6d3
990754.0,554977,python,[JIT],0x0000747c7bf20ab2
990754.0,554977,python,[JIT],0x0000747c7bf361b6
990753.0,555035,python,[JIT],0x000074c039e7e109
990753.0,555023,python,[JIT],0x0000769391dd5620
990753.0,554998,python,[JIT],0x0000789555316aa2
990753.0,555046,python,[JIT],0x00007af46fd3d858
990752.0,555035,python,[JIT],0x000074c039e6198e
990752.0,555035,python,[JIT],0x000074c039e73f22
990752.0,555035,python,[JIT],0x000074c039e78f05
990752.0,555035,python,[JIT],0x000074c039e7e4d0
990752.0,555023,python,[JIT],0x0000769391dd7427
990752.0,555023,python,[JIT],0x0000769392436261
990752.0,555009,python,[JIT],0x00007a2d2f44676c
990752.0,555046,python,[JIT],0x00007af4707250e8
990752.0,554984,python,[JIT],0x00007603c1444d1d
990751.0,554998,python,[JIT],0x000078955465b0b7
990751.0,555046,python,[JIT],0x00007af46fad7160
990751.0,555046,python,[JIT],0x00007af46fad8dee
990751.0,555046,python,[JIT],0x00007af46fd3eda0
990750.0,555035,python,[JIT],0x000074c039e53401
990750.0,555035,python,[JIT],0x000074c039e653e1
990750.0,555023,python,[JIT],0x0000769391dbd64c
990750.0,555023,python,[JIT],0x0000769391dd5b26
990750.0,554998,python,[JIT],0x0000789554696d21
990750.0,554998,python,[JIT],0x00007895546a3db0
990750.0,555009,python,[JIT],0x00007a2d2f460355
990750.0,554977,python,[kernel.kallsyms],run_posix_cpu_timers
990750.0,554977,python,[JIT],0x0000747c7bf2410b
990750.0,554977,python,[JIT],0x0000747c7bf35a87
990750.0,554977,python,[JIT],0x0000747c7bf374c4
990750.0,554998,python,[JIT],0x00007895546a4174
990750.0,554984,python,[JIT],0x00007603c144f7f9
990749.0,555035,python,[JIT],0x000074c039e744de
990749.0,555009,python,[JIT],0x00007a2d2f460748
990749.0,555009,python,[JIT],0x00007a2d2f46752e
990749.0,555046,python,[JIT],0x00007af46fad3115
990749.0,555046,python,[JIT],0x00007af46fad6a3f
990749.0,554977,python,[JIT],0x0000747c7becc07e
990749.0,554977,python,[JIT],0x0000747c7bf3c8df
990749.0,554977,python,[JIT],0x0000747c7bf3e993
990749.0,554977,python,[JIT],0x0000747c7c5c45fe
990748.0,554984,python,[JIT],0x00007603c16b3599
990748.0,554998,python,[JIT],0x00007895546a2c1b
990748.0,555009,python,[JIT],0x00007a2d2f446f97
990748.0,554977,python,[JIT],0x0000747c7bf0941c
990747.0,555035,python,[JIT],0x000074c03a0e54f0
990747.0,554998,python,[JIT],0x0000789554697540
990747.0,555009,python,[JIT],0x00007a2d2f423b2e
990747.0,555009,python,[JIT],0x00007a2d2f44c9ab
990747.0,555046,python,[JIT],0x00007af46fad0bab
990747.0,554984,python,[JIT],0x00007603c16b34e3
990746.0,554998,python,[JIT],0x000078955469b11f
990746.0,554998,python,[JIT],0x00007895546a4985
990746.0,555009,python,[JIT],0x00007a2d2f460cfd
990746.0,555009,python,[JIT],0x00007a2d2f6cbc69
990746.0,554984,python,[JIT],0x00007603c143fa61
990745.0,554998,python,[JIT],0x00007895546952d4
990745.0,555009,python,[JIT],0x00007a2d2f4651c9
990745.0,555046,python,[JIT],0x00007af46fad7c04
990745.0,555046,python,[JIT],0x00007af46fad8276
990744.0,555035,python,[JIT],0x000074c039e667fe
990744.0,555023,python,[JIT],0x000076939243862f
990744.0,554998,python,[JIT],0x0000789554683de0
990744.0,554998,python,[JIT],0x000078955468d8f8
990744.0,555046,python,[JIT],0x00007af46facc7f1
990744.0,555046,python,[JIT],0x00007af46facf446
990744.0,554977,python,[JIT],0x0000747c7bf35976
990744.0,554977,python,[JIT],0x0000747c7bf4059c
990743.0,555023,python,[JIT],0x000076939257b1a5
990743.0,555046,python,[JIT],0x00007af46fad8861
990743.0,554977,python,[JIT],0x0000747c7bf3d0bc
990743.0,554977,python,[JIT],0x0000747c7bf3e41d
990743.0,554977,python,[JIT],0x0000747c7bf3f204
990743.0,554984,python,[JIT],0x00007603c1445bc3
990743.0,554984,python,[JIT],0x00007603c144b268
990742.0,555035,python,[JIT],0x000074c03ae13981
990742.0,554998,python,[JIT],0x0000789554908aa8
990742.0,554998,python,[JIT],0x000078955490924a
990742.0,555046,python,[JIT],0x00007af46fa6d2dd
990742.0,555046,python,[JIT],0x00007af46faba453
990742.0,555046,python,[JIT],0x00007af46fabeffb
990742.0,555046,python,[JIT],0x00007af46fd3d662
990742.0,554977,python,[JIT],0x0000747c7bf390d6
990742.0,554984,python,[JIT],0x00007603c144f3c9
990741.0,555035,python,[JIT],0x000074c039e8032a
990741.0,555023,python,[JIT],0x0000769391dd61be
990741.0,554998,python,[JIT],0x00007895546a3c2c
990741.0,555009,python,[JIT],0x00007a2d2f45fc70
990741.0,555046,python,[JIT],0x00007af46fabf3c6
990741.0,555046,python,[JIT],0x00007af46fad8ed5
990741.0,554977,python,[JIT],0x0000747c7bf3781a
990741.0,554977,python,[JIT],0x0000747c7d0cb05c
990741.0,554984,python,[JIT],0x00007603c1446606
990741.0,554984,python,[JIT],0x00007603c1bce54f
990740.0,555035,python,[JIT],0x000074c039e350b7
990740.0,555035,python,[JIT],0x000074c039e617cb
990740.0,555035,python,[JIT],0x000074c039e81e1a
990740.0,555046,python,[JIT],0x00007af46faae01e
990739.0,555023,python,[JIT],0x0000769391db7503
990739.0,554998,python,[JIT],0x00007895546a1000
990739.0,554998,python,[JIT],0x00007895546a1ed5
990739.0,554998,python,[JIT],0x0000789554909100
990739.0,555046,python,[JIT],0x00007af46fad912e
990739.0,554977,python,python,object_isinstance
990739.0,554977,python,[JIT],0x0000747c7bf3cbdb
990739.0,554984,python,[JIT],0x00007603c144d247
990738.0,554977,python,[JIT],0x0000747c7bf3cc9b
990738.0,554984,python,[JIT],0x00007603c143fdd9
990738.0,555009,python,python,_PyForIter_VirtualIteratorNext
990737.0,555035,python,[JIT],0x000074c039e574b9
990737.0,555035,python,[JIT],0x000074c039e6629e
990737.0,555035,python,[JIT],0x000074c039e662d7
990737.0,554998,python,[JIT],0x000078955469ada6
990737.0,554998,python,[JIT],0x000078955469d211
990737.0,554998,python,[JIT],0x00007895546a48a8
990737.0,555046,python,[JIT],0x00007af46facf756
990737.0,554977,python,[JIT],0x0000747c7bf11351
990736.0,555035,python,[JIT],0x000074c039df333f
990736.0,554998,python,[JIT],0x00007895546a5609
990736.0,555009,python,[JIT],0x00007a2d2f45d96a
990736.0,555009,python,[JIT],0x00007a2d2f467640
990736.0,555046,python,[JIT],0x00007af46fabdedb
990736.0,554977,python,python,cfunction_vectorcall_NOARGS
990736.0,554984,python,[JIT],0x00007603c1434167
990736.0,554984,python,[JIT],0x00007603c144bb0c
990735.0,555035,python,[JIT],0x000074c039e81dc6
990735.0,555023,python,python,PyMem_Malloc
990735.0,554977,python,[JIT],0x0000747c7befd4cc
990735.0,554977,python,[JIT],0x0000747c7bf3e296
990735.0,554998,python,[JIT],0x00007895553169f6
990735.0,554984,python,[JIT],0x00007603c1434530
990735.0,554984,python,[JIT],0x00007603c1446272
990734.0,555035,python,[JIT],0x000074c039e60cf0
990734.0,555023,python,[JIT],0x0000769391dd161d
990734.0,555023,python,[JIT],0x0000769391dd6d60
990734.0,555009,python,[JIT],0x00007a2d2f458705
990734.0,555009,python,[JIT],0x00007a2d2f6c9c06
990734.0,554977,python,[JIT],0x0000747c7bf1efa7
990734.0,554977,python,[JIT],0x0000747c7c59f6f3
990734.0,554984,python,[JIT],0x00007603c1447874
990733.0,555035,python,[kernel.kallsyms],__mem_cgroup_charge
990733.0,555023,python,python,do_mktuple
990733.0,555023,python,[JIT],0x0000769391d5100a
990733.0,554998,python,[JIT],0x00007895546a25a2
990733.0,555009,python,python,object_get_class
990733.0,555009,python,[JIT],0x00007a2d2f466c5b
990733.0,555046,python,[JIT],0x00007af46fd3e91e
990733.0,554977,python,python,do_mktuple
990733.0,554977,python,[JIT],0x0000747c7bf3ceaa
990733.0,554977,python,[JIT],0x0000747c7c5c4bd2
990733.0,554984,python,[JIT],0x00007603c144c537
990732.0,554977,python,[JIT],0x0000747c7c1a3210
990732.0,554984,python,[JIT],0x00007603c144f09c
990731.0,555035,python,[JIT],0x000074c039e2b05d
990731.0,555035,python,[JIT],0x000074c039e65563
990731.0,554998,python,[JIT],0x00007895546830a9
990731.0,555009,python,[JIT],0x00007a2d2f460943
990731.0,555009,python,[JIT],0x00007a2d2f46772d
990731.0,554977,python,[JIT],0x0000747c7bf1eb6f
990731.0,554977,python,[JIT],0x0000747c7bf3572a
990731.0,554977,python,[JIT],0x0000747c7bf3ceec
990731.0,554984,python,[JIT],0x00007603c144b052
990730.0,555023,python,[JIT],0x000076939257b094
990730.0,554998,python,[JIT],0x000078955469bed1
990730.0,555009,python,[JIT],0x00007a2d2f46760b
990730.0,555009,python,[JIT],0x00007a2d2f6cc5ae
990730.0,554984,python,[JIT],0x00007603c1433605
990729.0,555035,python,[JIT],0x000074c039e7ee4a
990729.0,555035,python,[JIT],0x000074c039e7f629
990729.0,555023,python,[JIT],0x0000769391dcef80
990729.0,554998,python,[JIT],0x00007895546a18eb
990729.0,555009,python,[JIT],0x00007a2d2f45fd14
990729.0,555046,python,python,PyObject_GC_Del
990729.0,555046,python,[JIT],0x00007af46fad600a
990729.0,554977,python,[JIT],0x0000747c7bf1e7f0
990729.0,554977,python,[JIT],0x0000747c7bf30807
990729.0,554977,python,[JIT],0x0000747c7bf3d4bf
990729.0,554977,python,[JIT],0x0000747c7c1a46be
990727.0,555035,python,[JIT],0x000074c039e80885
990727.0,554998,python,[JIT],0x00007895546a1156
990727.0,555009,python,[JIT],0x00007a2d2f46628e
990726.0,555009,python,[JIT],0x00007a2d2f6c968d
990726.0,554977,python,[JIT],0x0000747c7bf3dfc7
990726.0,554977,python,[JIT],0x0000747c7c1a3aa3
990726.0,554984,python,[JIT],0x00007603c1bce629
990725.0,555035,python,[JIT],0x000074c039e7a2fa
990725.0,555009,python,[JIT],0x00007a2d2f446693
990725.0,555046,python,[JIT],0x00007af46fac2a4a
990725.0,554977,python,[JIT],0x0000747c7bf37bda
990725.0,554977,python,[JIT],0x0000747c7bf37f20
990724.0,555023,python,[JIT],0x0000769391db8069
990724.0,554998,python,[JIT],0x00007895546a2f5e
990724.0,555046,python,[JIT],0x00007af46fab9d39
990724.0,555046,python,[JIT],0x00007af46fad159a
990724.0,555046,python,[JIT],0x00007af46fad2b8a
990724.0,554984,python,[JIT],0x00007603c16b255d
990723.0,554998,python,[JIT],0x00007895546a13a3
990723.0,555046,python,[JIT],0x00007af46fad2222
990723.0,554984,python,[JIT],0x00007603c144c467
990722.0,555035,python,[JIT],0x000074c03a0e5097
990722.0,555023,python,[JIT],0x0000769391dc149d
990722.0,555023,python,[JIT],0x000076939203c462
990722.0,555023,python,[JIT],0x0000769392f653b9
990722.0,554998,python,[JIT],0x000078955468e708
990722.0,554998,python,[JIT],0x00007895546960f5
990722.0,554998,python,[JIT],0x000078955469ca74
990722.0,555046,python,[JIT],0x00007af46fad73f1
990722.0,554977,python,[JIT],0x0000747c7bf361dd
990722.0,554984,python,[JIT],0x00007603c1433611
990721.0,555023,python,[JIT],0x0000769391dd0017
990721.0,554998,python,[JIT],0x00007895546a2590
990721.0,555009,python,[JIT],0x00007a2d2f6cbab9
990721.0,554977,python,[JIT],0x0000747c7bf130e7
990721.0,554977,python,[JIT],0x0000747c7bf39049
990720.0,555023,python,[JIT],0x0000769391dcff26
990720.0,555023,python,[JIT],0x000076939257a18c
990720.0,554998,python,[JIT],0x00007895546952a9
990720.0,555009,python,[JIT],0x00007a2d2f44600a
990720.0,555009,python,[JIT],0x00007a2d2f464e69
990720.0,555009,python,[JIT],0x00007a2d2f4675fb
990720.0,555046,python,[JIT],0x00007af46fab8f95
990720.0,554977,python,[JIT],0x0000747c7bf2403b
990720.0,554977,python,[JIT],0x0000747c7bf37133
990720.0,554998,python,[JIT],0x0000789554909563
990720.0,554984,python,[JIT],0x00007603c14408d5
990719.0,555023,python,[JIT],0x0000769391dd1c03
990719.0,555023,python,[JIT],0x000076939243966b
990719.0,555009,python,[JIT],0x00007a2d2f6c914f
990719.0,554977,python,[JIT],0x0000747c7bf2a517
990719.0,554984,python,python,memset@plt
990719.0,554984,python,[JIT],0x00007603c16b319d
990718.0,555023,python,[JIT],0x0000769392e13195
990718.0,554998,python,[JIT],0x00007895549093a1
990718.0,555046,python,[JIT],0x00007af46fad637f
990718.0,554977,python,[JIT],0x0000747c7bf1aa27
990718.0,554984,python,[JIT],0x00007603c1434bbb
990718.0,554984,python,[JIT],0x00007603c1447df8
990717.0,555035,python,[JIT],0x000074c039e612bf
990717.0,554998,python,[JIT],0x0000789555316e12
990717.0,555009,python,python,_Py_CheckFunctionResult
990717.0,554998,python,[JIT],0x00007895546a2b1b
990716.0,554998,python,[JIT],0x0000789554685722
990716.0,554998,python,[JIT],0x000078955469a398
990716.0,555046,python,[JIT],0x00007af46fabd3e1
990716.0,555046,python,[JIT],0x00007af46fad8444
990716.0,554977,python,python,free@plt
990716.0,554984,python,[JIT],0x00007603c1440563
990715.0,555035,python,[JIT],0x000074c039e18621
990715.0,555023,python,[JIT],0x0000769391dd19b1
990715.0,555009,python,[JIT],0x00007a2d2f439bd6
990715.0,555009,python,[JIT],0x00007a2d2f44740d
990715.0,555009,python,[JIT],0x00007a2d2f447ce0
990715.0,555009,python,[JIT],0x00007a2d2f46619e
990715.0,555009,python,[JIT],0x00007a2d2f467b46
990715.0,555046,python,[JIT],0x00007af470727b29
990715.0,554977,python,[JIT],0x0000747c7beb1ae6
990715.0,554977,python,[JIT],0x0000747c7bf36586
990715.0,554984,python,[JIT],0x00007603c144b20e
990714.0,555046,python,[JIT],0x00007af46fad6130
990714.0,554977,python,[JIT],0x0000747c7bf23516
990714.0,554977,python,[JIT],0x0000747c7bf3eb6a
990714.0,554977,python,[JIT],0x0000747c7c59f3b4
990714.0,554984,python,[JIT],0x00007603c1428afb
990714.0,554984,python,[JIT],0x00007603c144e34f
990713.0,555035,python,[JIT],0x000074c039e77061
990713.0,555035,python,[JIT],0x000074c039e809c9
990713.0,555023,python,[JIT],0x0000769391dc9c34
990713.0,555009,python,[JIT],0x00007a2d2f44c698
990713.0,554977,python,[JIT],0x0000747c7bf36d23
990713.0,554984,python,[JIT],0x00007603c1414496
990713.0,554984,python,[JIT],0x00007603c143394b
990712.0,555023,python,[JIT],0x0000769391dd623c
990712.0,555046,python,[JIT],0x00007af46fad6dec
990712.0,554984,python,[JIT],0x00007603c13d71ac
990712.0,554984,python,[JIT],0x00007603c14400f5
990712.0,554984,python,[JIT],0x00007603c14418c6
990711.0,555035,python,[JIT],0x000074c039e66060
990711.0,555035,python,[JIT],0x000074c039e8136e
990711.0,555023,python,[JIT],0x0000769391d9bbf6
990711.0,554998,python,[JIT],0x000078955469d2fc
990711.0,554977,python,[JIT],0x0000747c7bf23dcf
990710.0,555035,python,python,tuple_hash
990710.0,555023,python,[JIT],0x0000769391db90d9
990710.0,554998,python,[JIT],0x00007895546a2fc7
990710.0,554998,python,[JIT],0x00007895549082e2
990710.0,555009,python,[JIT],0x00007a2d2f3fe783
990710.0,555009,python,[JIT],0x00007a2d2f44c1f9
990710.0,555009,python,[JIT],0x00007a2d2f464e37
990710.0,554984,python,[JIT],0x00007603c1bce95d
990709.0,555023,python,[JIT],0x0000769391db757a
990709.0,555023,python,[JIT],0x0000769391db944e
990709.0,554998,python,[JIT],0x000078955468a6d3
990709.0,554998,python,[JIT],0x000078955469c1cc
990709.0,554977,python,[JIT],0x0000747c7c1a4b04
990708.0,554998,python,[JIT],0x000078955469c8dd
990708.0,554998,python,[JIT],0x00007895546a150b
990708.0,554998,python,[JIT],0x00007895546a28bb
990708.0,555009,python,[JIT],0x00007a2d2f464560
990708.0,555009,python,[JIT],0x00007a2d2f6c9f2d
990708.0,554977,python,[JIT],0x0000747c7bf35a6a
990708.0,554977,python,[JIT],0x0000747c7c5c436e
990707.0,555035,python,python,PyMethod_New
990707.0,555009,python,[JIT],0x00007a2d2f4607e4
990707.0,555046,python,[JIT],0x00007af46fa5a1e6
990707.0,554977,python,[JIT],0x0000747c7bed379c
990707.0,554977,python,[JIT],0x0000747c7ce13373
990706.0,555035,python,[JIT],0x000074c039e65656
990706.0,554998,python,[JIT],0x000078955468888c
990706.0,554998,python,[JIT],0x000078955469e139
990706.0,554998,python,[JIT],0x00007895546973aa
990705.0,555035,python,[JIT],0x000074c03ae13359
990705.0,555023,python,[JIT],0x0000769391d9c359
990705.0,555023,python,[JIT],0x000076939203cbd5
990705.0,555023,python,[JIT],0x000076939257bb68
990705.0,555009,python,[JIT],0x00007a2d2f4464f9
990705.0,555009,python,[JIT],0x00007a2d2f6cbf27
990705.0,555046,python,[JIT],0x00007af46facffd6
990705.0,554977,python,[JIT],0x0000747c7bf1e1d5
990705.0,554984,python,[JIT],0x00007603c144ccd6
990705.0,554984,python,[JIT],0x00007603c144e670
990705.0,554984,python,[JIT],0x00007603c144e9ee
990704.0,554977,python,[kernel.kallsyms],__count_memcg_events
990704.0,554977,python,[JIT],0x0000747c7c5c4c1e
990704.0,554984,python,[JIT],0x00007603c1432ee6
990704.0,554984,python,[JIT],0x00007603c144de28
990704.0,554984,python,[JIT],0x00007603c1aa99cc
990703.0,554998,python,[JIT],0x000078955465a382
990703.0,554998,python,[JIT],0x0000789554685578
990703.0,554998,python,[JIT],0x000078955469ac35
990703.0,554998,python,[JIT],0x000078955469dcf9
990703.0,555046,python,[JIT],0x00007af47072593c
990703.0,554984,python,[JIT],0x00007603c1444a0a
990702.0,555035,python,[JIT],0x000074c039e73718
990702.0,555009,python,[JIT],0x00007a2d2f43942a
990702.0,555046,python,[JIT],0x00007af46fab9467
990702.0,554977,python,[JIT],0x0000747c7bf26f94
990702.0,554984,python,[JIT],0x00007603c140fa4b
990702.0,554984,python,[JIT],0x00007603c143f0a3
990702.0,555009,python,[JIT],0x00007a2d2f45d6ca
990702.0,555009,python,[JIT],0x00007a2d305ee124
990701.0,555023,python,[JIT],0x0000769391db7918
990701.0,555023,python,[JIT],0x000076939257b6d4
990701.0,554998,python,[JIT],0x00007895546a4598
990701.0,555009,python,[JIT],0x00007a2d2f41cabb
990701.0,555009,python,[JIT],0x00007a2d2f448608
990701.0,554977,python,[JIT],0x0000747c7bf233d1
990701.0,554977,python,[JIT],0x0000747c7bf280fe
990701.0,554977,python,[JIT],0x0000747c7bf3c60c
990701.0,554977,python,[JIT],0x0000747c7bf3e302
990700.0,555035,python,[JIT],0x000074c039e611fb
990700.0,555035,python,[JIT],0x000074c039e7ed17
990700.0,555023,python,[JIT],0x0000769391db8796
990700.0,554998,python,[JIT],0x00007895553332e6
990700.0,554977,python,[JIT],0x0000747c7bf3c560
990700.0,554977,python,[JIT],0x0000747c7bf3fc81
990699.0,555035,python,[JIT],0x000074c039df8f7f
990699.0,555023,python,[JIT],0x0000769391dce7c0
990699.0,554998,python,[JIT],0x0000789554689c4c
990699.0,554977,python,[JIT],0x0000747c7bee761f
990699.0,554984,python,[JIT],0x00007603c1433d75
990698.0,555023,python,[JIT],0x0000769391dbe883
990698.0,554984,python,[JIT],0x00007603c144c416
990698.0,554998,python,[JIT],0x000078955467c284
990698.0,554998,python,[JIT],0x0000789554685a17
990698.0,554998,python,[JIT],0x0000789554695000
990698.0,554998,python,[JIT],0x0000789554909b35
990698.0,555046,python,python,list_iter
990698.0,555046,python,[JIT],0x00007af46fa882fc
990698.0,555046,python,[JIT],0x00007af46fabda43
990698.0,555046,python,[JIT],0x00007af46fad2661
990698.0,554977,python,[JIT],0x0000747c7c1a46cb
990697.0,554998,python,[JIT],0x000078955468a3a9
990697.0,554998,python,[JIT],0x00007895546a1987
990697.0,555046,python,[JIT],0x00007af46faba204
990697.0,554977,python,[JIT],0x0000747c7bf1e4e8
990697.0,554977,python,[JIT],0x0000747c7bf1ffe6
990697.0,554977,python,[JIT],0x0000747c7bf23f25
990697.0,554984,python,[JIT],0x00007603c16b2012
990696.0,555023,python,[JIT],0x0000769391dd088e
990696.0,555023,python,[JIT],0x0000769391dd7b3f
990696.0,554998,python,[JIT],0x000078955469c149
990696.0,555046,python,[JIT],0x00007af46fab8e82
990696.0,555046,python,[JIT],0x00007af46fab9281
990696.0,555046,python,[JIT],0x00007af46faba8dc
990696.0,555046,python,[JIT],0x00007af46fabf467
990696.0,555046,python,[JIT],0x00007af470a131e7
990695.0,555023,python,[JIT],0x0000769391dc964a
990695.0,554998,python,[JIT],0x0000789554908826
990695.0,555046,python,[JIT],0x00007af47076a9e7
990695.0,554977,python,[JIT],0x0000747c7bf36e59
990695.0,554977,python,[JIT],0x0000747c7bf3ee09
990695.0,554977,python,[JIT],0x0000747c7c1a3fda
990694.0,554998,python,[JIT],0x00007895549098e5
990694.0,555009,python,[JIT],0x00007a2d2f44792c
990694.0,555009,python,[JIT],0x00007a2d2f45dfbe
990694.0,555009,python,[JIT],0x00007a2d2f45f9c9
990694.0,555009,python,[JIT],0x00007a2d2f6cc304
990694.0,554984,python,[JIT],0x00007603c144edf9
990694.0,554984,python,[JIT],0x00007603c144f822
990693.0,555023,python,[JIT],0x0000769391dd87cf
990693.0,555023,python,[JIT],0x000076939257b4e5
990693.0,555009,python,[JIT],0x00007a2d2f465e7a
990693.0,554984,python,[JIT],0x00007603c1445c8d
990692.0,555009,python,[JIT],0x00007a2d2f468525
990692.0,554977,python,[JIT],0x0000747c7bf1e12c
990692.0,554984,python,[JIT],0x00007603c1444086
990692.0,554984,python,[JIT],0x00007603c1446cd4
990691.0,555023,python,[JIT],0x0000769391dd779e
990691.0,554977,python,[JIT],0x0000747c7bf1fbbb
990691.0,554977,python,[JIT],0x0000747c7c5c4ccd
990691.0,554977,python,[JIT],0x0000747c7c6cd000
990690.0,555035,python,[JIT],0x000074c039e42657
990690.0,555009,python,[JIT],0x00007a2d2f464ed1
990690.0,554984,python,[JIT],0x00007603c16b3556
990690.0,554984,python,[JIT],0x00007603c1bcebe2
990690.0,555009,python,[JIT],0x00007a2d2f466942
990690.0,555009,python,[JIT],0x00007a2d2f6c982c
990689.0,555035,python,[JIT],0x000074c039e6b100
990689.0,555035,python,[JIT],0x000074c03a0e62fc
990689.0,555023,python,_struct.cpython-316-x86_64-linux-gnu.so,PyBytesWriter_GetData@plt
990689.0,555023,python,[JIT],0x0000769391dbdaf1
990689.0,555023,python,[JIT],0x0000769391dd205e
990689.0,554998,python,[JIT],0x0000789554690079
990689.0,555046,python,python,dict_items
990689.0,555046,python,[JIT],0x00007af46fad6602
990689.0,554977,python,[JIT],0x0000747c7c1a4279
990688.0,555035,python,[JIT],0x000074c039e66c83
990688.0,554998,python,[JIT],0x0000789554689079
990688.0,554977,python,[JIT],0x0000747c7bed6166
990688.0,554977,python,[JIT],0x0000747c7bf30f29
990688.0,554977,python,[JIT],0x0000747c7c1a3820
990688.0,554984,python,[JIT],0x00007603c13fb3ad
990688.0,554984,python,[JIT],0x00007603c1438605
990687.0,555035,python,[JIT],0x000074c039e3a2b5
990687.0,555035,python,[JIT],0x000074c039e65f77
990687.0,555035,python,[JIT],0x000074c039e77ca3
990687.0,554998,python,[JIT],0x0000789554661c2a
990687.0,555009,python,[JIT],0x00007a2d2f460817
990687.0,555009,python,[JIT],0x00007a2d2f467f8f
990687.0,555046,python,[JIT],0x00007af46fab357e
990687.0,555046,python,[JIT],0x00007af46fac30e5
990687.0,554977,python,[JIT],0x0000747c7bf308bd
990686.0,555035,python,[kernel.kallsyms],do_anonymous_page
990686.0,555035,python,[JIT],0x000074c039e65539
990686.0,554998,python,[JIT],0x00007895553160b1
990686.0,555009,python,[JIT],0x00007a2d2f6cb867
990686.0,555046,python,[JIT],0x00007af46fa89689
990686.0,554977,python,[JIT],0x0000747c7c1a412b
990686.0,554984,python,[JIT],0x00007603c142d8b1
990686.0,554984,python,[JIT],0x00007603c1bce791
990685.0,554998,python,[JIT],0x00007895549085c2
990685.0,555009,python,[JIT],0x00007a2d2f4267b6
990685.0,555046,python,[JIT],0x00007af46fabf702
990685.0,554984,python,[JIT],0x00007603c14194fd
990684.0,555023,python,[JIT],0x000076939203c8f6
990684.0,555009,python,[JIT],0x00007a2d2f448ab2
990683.0,555023,python,[JIT],0x0000769391d77300
990683.0,555009,python,[JIT],0x00007a2d2f45a6a2
990683.0,555046,python,[JIT],0x00007af46fad88fa
990683.0,554977,python,[JIT],0x0000747c7beccbd2
990683.0,554977,python,[JIT],0x0000747c7bf36f7d
990683.0,554984,python,[JIT],0x00007603c1434aa6
990682.0,555035,python,[JIT],0x000074c03ae2141c
990682.0,555023,python,[JIT],0x0000769391dd5299
990682.0,554977,python,[JIT],0x0000747c7bf37fa8
990682.0,554977,python,[JIT],0x0000747c7bf38f50
990681.0,555009,python,[JIT],0x00007a2d2f46538d
990681.0,554977,python,[JIT],0x0000747c7bf1fe6d
990681.0,554977,python,[JIT],0x0000747c7bf201fb
990680.0,555023,python,[JIT],0x0000769391dcf80a
990680.0,554998,python,[JIT],0x000078955468a967
990680.0,554984,python,[JIT],0x00007603c14380f2
990679.0,555023,python,[JIT],0x0000769391d887d4
990679.0,555023,python,[JIT],0x0000769391dd1ce0
990679.0,554998,python,[JIT],0x0000789554688a74
990679.0,554998,python,[JIT],0x000078955469ca82
990679.0,555009,python,[JIT],0x00007a2d2f45ebf8
990679.0,555009,python,[JIT],0x00007a2d2f466280
990679.0,555046,python,[JIT],0x00007af47074c204
990679.0,554977,python,[JIT],0x0000747c7bf1f1b7
990678.0,555035,python,[JIT],0x000074c039e2c36c
990678.0,555035,python,[JIT],0x000074c039e7e94f
990678.0,555035,python,[JIT],0x000074c03a0e618b
990678.0,554998,python,[JIT],0x000078955461d606
990678.0,555009,python,[JIT],0x00007a2d2f465e9a
990678.0,555009,python,[JIT],0x00007a2d2f4665da
990678.0,555009,python,[JIT],0x00007a2d2f6ccb75
990678.0,555046,python,[JIT],0x00007af46fabd4bf
990678.0,555046,python,[JIT],0x00007af46fad7933
990678.0,554977,python,[JIT],0x0000747c7c59fb47
990678.0,554984,python,[JIT],0x00007603c16b2778
990677.0,554998,python,[JIT],0x0000789554684fc9
990677.0,554998,python,[JIT],0x000078955469c839
990677.0,554998,python,[JIT],0x00007895546a2fe4
990677.0,555009,python,[JIT],0x00007a2d2f44bea3
990677.0,555046,python,[JIT],0x00007af46faca59e
990677.0,554977,python,[JIT],0x0000747c7bef7e39
990677.0,554984,python,[JIT],0x00007603c1447d93
990677.0,555009,python,[JIT],0x00007a2d2f45eaf3
990676.0,555035,python,[JIT],0x000074c039df2030
990676.0,554998,python,[JIT],0x00007895546787e6
990676.0,555046,python,[JIT],0x00007af46facffa9
990676.0,554977,python,[JIT],0x0000747c7bf3646a
990676.0,554977,python,[JIT],0x0000747c7bf3724d
990675.0,555035,python,[JIT],0x000074c039e7b130
990675.0,554977,python,[JIT],0x0000747c7bf3534b
990675.0,554977,python,[JIT],0x0000747c7bf40067
990675.0,554984,python,[JIT],0x00007603c1429dd7
990675.0,555009,python,python,PyObject_GC_Del
990674.0,555035,python,[JIT],0x000074c039e7a762
990674.0,555009,python,[JIT],0x00007a2d2f3ff8e0
990674.0,555009,python,[JIT],0x00007a2d2f464fa4
990674.0,555046,python,python,memory_dealloc
990674.0,555046,python,python,method_vectorcall_FASTCALL_KEYWORDS
990674.0,555046,python,[JIT],0x00007af46fabf90b
990674.0,554977,python,[JIT],0x0000747c7bebb302
990674.0,554977,python,[JIT],0x0000747c7bf39285
990674.0,554984,python,python,_PyMem_RawFree
990673.0,555046,python,[JIT],0x00007af46facf427
990673.0,554977,python,[JIT],0x0000747c7bf3ced9
990673.0,554984,python,[kernel.kallsyms],timekeeping_advance
990672.0,555023,python,[JIT],0x0000769391dbc289
990672.0,554998,python,[JIT],0x00007895546a47e6
990672.0,555009,python,[JIT],0x00007a2d2f4469f7
990672.0,555046,python,[JIT],0x00007af46fabd8cf
990672.0,554984,python,python,init_flags
990672.0,554984,python,[JIT],0x00007603c142f1d6
990672.0,554984,python,[JIT],0x00007603c144f168
990671.0,555035,python,[JIT],0x000074c039e79cb2
990671.0,554977,python,[JIT],0x0000747c7bf36d65
990671.0,554977,python,[JIT],0x0000747c7bf3ffa0
990671.0,554984,python,python,PyUnicode_Contains
990671.0,554984,python,[JIT],0x00007603c1446a62
990671.0,554984,python,[JIT],0x00007603c1447447
990671.0,554984,python,[JIT],0x00007603c144b156
990670.0,555035,python,[JIT],0x000074c039e663d6
990670.0,555023,python,[JIT],0x0000769391dd7177
990670.0,555009,python,[JIT],0x00007a2d2f6cbbd5
990670.0,555046,python,[JIT],0x00007af46fa9eeb3
990670.0,554984,python,[JIT],0x00007603c144debe
990669.0,555023,python,[JIT],0x0000769391dd6822
990669.0,554998,python,[JIT],0x0000789554683c6a
990669.0,555009,python,[JIT],0x00007a2d2f460c67
990669.0,555046,python,[JIT],0x00007af46fad2ca8
990669.0,554977,python,[JIT],0x0000747c7bf239db
990669.0,554977,python,[JIT],0x0000747c7bf257d4
990669.0,554977,python,[JIT],0x0000747c7bf38809
990668.0,555035,python,[JIT],0x000074c039e7b039
990668.0,555023,python,[JIT],0x000076939203d462
990668.0,554998,python,[JIT],0x000078955469b064
990668.0,555046,python,[JIT],0x00007af46fab8ccd
990668.0,554977,python,[JIT],0x0000747c7bf2076f
990668.0,554984,python,python,PyDescr_IsData
990668.0,554984,python,[JIT],0x00007603c142ec1e
990668.0,554984,python,[JIT],0x00007603c14445e0
990667.0,555023,python,[JIT],0x0000769391dcaf13
990667.0,554977,python,[JIT],0x0000747c7bf09205
990666.0,554998,python,[JIT],0x000078955468a68b
990666.0,555046,python,[JIT],0x00007af46fad016e
990666.0,554977,python,[JIT],0x0000747c7bf20011
990665.0,555023,python,python,_PyType_GetDict
990665.0,555023,python,[JIT],0x0000769391dd7e72
990665.0,555023,python,[JIT],0x0000769391dd9594
990665.0,554998,python,[JIT],0x0000789554684ef3
990665.0,555046,python,[JIT],0x00007af46fad6b47
990665.0,554977,python,[JIT],0x0000747c7bf23f06
990664.0,554977,python,python,_Py_CheckFunctionResult
990664.0,554977,python,[JIT],0x0000747c7bf36c7f
990664.0,554977,python,[JIT],0x0000747c7bf38af6
990664.0,554977,python,[JIT],0x0000747c7bf3f02b
990664.0,554977,python,[JIT],0x0000747c7c1a40d3
990663.0,554998,python,[JIT],0x0000789554683eda
990663.0,555009,python,[JIT],0x00007a2d2f44bed3
990663.0,555009,python,[JIT],0x00007a2d2f4642eb
990663.0,554984,python,[JIT],0x00007603c13e94e8
990662.0,555009,python,python,method_vectorcall_FASTCALL_KEYWORDS
990662.0,555009,python,[JIT],0x00007a2d2f45e339
990662.0,555009,python,[JIT],0x00007a2d2f468822
990662.0,555009,python,[JIT],0x00007a2d2f6c9ae0
990662.0,554977,python,[JIT],0x0000747c7bf23d72
990661.0,555023,python,python,mbuf_dealloc
990661.0,554998,python,[JIT],0x0000789554685a04
990661.0,555009,python,[JIT],0x00007a2d2f40c2e9
990661.0,555046,python,[JIT],0x00007af46fabf650
990661.0,555046,python,[JIT],0x00007af46fad8aad
990661.0,554977,python,python,import_ensure_initialized
990661.0,554977,python,[JIT],0x0000747c7bf2570c
990661.0,554984,python,[JIT],0x00007603c142f285
990660.0,555035,python,[JIT],0x000074c039e7ed0f
990660.0,555023,python,[JIT],0x0000769391dcf642
990660.0,555023,python,[JIT],0x0000769391dd0d34
990660.0,555023,python,[JIT],0x0000769391dd91f2
990660.0,555023,python,[JIT],0x0000769391dd940d
990660.0,555009,python,[JIT],0x00007a2d2f465f67
990660.0,555046,python,[JIT],0x00007af46fad88bc
990660.0,554977,python,[JIT],0x0000747c7bf25643
990660.0,554984,python,[JIT],0x00007603c14333f7
990660.0,554984,python,[JIT],0x00007603c144d528
990660.0,554984,python,[JIT],0x00007603c1aa9af8
990660.0,555035,python,[JIT],0x000074c039e72c09
990659.0,554984,python,[JIT],0x00007603c143468b
990658.0,555035,python,[JIT],0x000074c039e7f28a
990658.0,555023,python,[JIT],0x0000769391db8213
990658.0,555023,python,[JIT],0x000076939245db3f
990658.0,554998,python,[JIT],0x0000789554662c22
990658.0,554998,python,[JIT],0x000078955469e2f2
990658.0,555046,python,[JIT],0x00007af46fad60b9
990658.0,555046,python,[JIT],0x00007af46fd3e332
990658.0,554977,python,[JIT],0x0000747c7bf28920
990658.0,554998,python,[JIT],0x0000789554695430
990658.0,554984,python,[JIT],0x00007603c13c2d0b
990658.0,554984,python,[JIT],0x00007603c1411b51
990657.0,554998,python,[JIT],0x000078955469b199
990657.0,554998,python,[JIT],0x0000789555316d12
990657.0,554977,python,[JIT],0x0000747c7bf1f3e3
990657.0,554977,python,[JIT],0x0000747c7bf38d70
990657.0,554984,python,[JIT],0x00007603c142d574
990656.0,554998,python,[JIT],0x0000789554908e9d
990656.0,555046,python,[JIT],0x00007af46fad7676
990655.0,554998,python,[JIT],0x0000789554685318
990655.0,554977,python,[JIT],0x0000747c7bf1f29e
990655.0,554984,python,[JIT],0x00007603c142ef98
990655.0,555009,python,[JIT],0x00007a2d2f458bf2
990654.0,555035,python,[JIT],0x000074c039e79ba0
990654.0,555009,python,[JIT],0x00007a2d2f447705
990654.0,555009,python,[JIT],0x00007a2d2f4663b1
990654.0,555046,python,[JIT],0x00007af46fad013d
990654.0,554977,python,[JIT],0x0000747c7bf384f2
990654.0,554984,python,[JIT],0x00007603c14074f3
990653.0,555035,python,python,_PyStack_UnpackDict
990653.0,555023,python,[JIT],0x0000769391db98aa
990653.0,554977,python,[JIT],0x0000747c7bf4020e
990652.0,555023,python,[JIT],0x0000769391dbd698
990652.0,554998,python,[JIT],0x000078955468324c
990652.0,554998,python,[JIT],0x00007895546a2e13
990652.0,555009,python,[JIT],0x00007a2d2f447926
990652.0,555009,python,[JIT],0x00007a2d2f46453d
990652.0,555046,python,[JIT],0x00007af46fad91f4
990652.0,554977,python,[JIT],0x0000747c7bf3c3de
990652.0,554977,python,[JIT],0x0000747c7bf3f985
990652.0,554984,python,[JIT],0x00007603c144c07f
990651.0,555035,python,[JIT],0x000074c039e60e12
990651.0,555023,python,[JIT],0x000076939257bf34
990651.0,554977,python,[JIT],0x0000747c7bf3f1bd
990651.0,554984,python,[JIT],0x00007603c1444c5a
990650.0,554998,python,[JIT],0x00007895546a162f
990650.0,555046,python,[JIT],0x00007af46fa6e002
990650.0,555046,python,[JIT],0x00007af46fd3ecbf
990650.0,554977,python,[JIT],0x0000747c7bf239de
990650.0,554977,python,[JIT],0x0000747c7bf37bf7
990649.0,555035,python,[JIT],0x000074c03ae13a29
990649.0,554984,python,[JIT],0x00007603c1437725
990648.0,554998,python,[JIT],0x000078955469abe0
990648.0,555009,python,[JIT],0x00007a2d2f44620d
990648.0,554977,python,[JIT],0x0000747c7bf355fc
990648.0,554984,python,[JIT],0x00007603c144b94f
990648.0,554984,python,[JIT],0x00007603c144e962
990647.0,555035,python,[JIT],0x000074c03a0e5e28
990647.0,555023,python,python,_PyJIT_Compile
990647.0,554998,python,[JIT],0x000078955469aca3
990647.0,554998,python,[JIT],0x000078955469b6ff
990647.0,555009,python,[JIT],0x00007a2d2f4484c6
990647.0,555046,python,[JIT],0x00007af46fabd150
990647.0,555046,python,[JIT],0x00007af46fabd698
990647.0,554977,python,python,_PyUnicode_Equal
990647.0,554984,python,[JIT],0x00007603c1420afd
990646.0,555023,python,[JIT],0x0000769391dbd097
990646.0,555046,python,[JIT],0x00007af46fd3e6e0
990646.0,554977,python,[JIT],0x0000747c7bf37755
990646.0,554984,python,[JIT],0x00007603c14343ba
990645.0,555023,python,[JIT],0x0000769391d88d0a
990645.0,555023,python,[JIT],0x0000769391dbd155
990645.0,554998,python,[JIT],0x0000789554909766
990645.0,555009,python,[JIT],0x00007a2d2f464d3f
990645.0,554977,python,[JIT],0x0000747c7c1a40b1
990645.0,554977,python,[JIT],0x0000747c7c1a5437
990645.0,554984,python,[JIT],0x00007603c14347a0
990644.0,555023,python,[JIT],0x0000769391d6a327
990644.0,554977,python,[JIT],0x0000747c7bf20afc
990644.0,554977,python,[JIT],0x0000747c7c1a35c8
990643.0,555035,python,[JIT],0x000074c039e7932a
990643.0,555023,python,[JIT],0x000076939257bf56
990643.0,554998,python,[JIT],0x00007895546673b0
990643.0,555009,python,[JIT],0x00007a2d2f4612eb
990643.0,555009,python,[JIT],0x00007a2d2f467566
990643.0,555046,python,[JIT],0x00007af46fad6344
990643.0,555046,python,[JIT],0x00007af46fad7a1d
990643.0,554977,python,[JIT],0x0000747c7bf3125a
990643.0,554977,python,[JIT],0x0000747c7c1a31bc
990643.0,554984,python,[JIT],0x00007603c1433a44
990642.0,554998,python,[JIT],0x00007895546847c1
990642.0,554998,python,[JIT],0x000078955468abdf
990642.0,555009,python,[JIT],0x00007a2d2f44b937
990642.0,554977,python,[JIT],0x0000747c7bebacea
990642.0,554984,python,[JIT],0x00007603c14123d4
990642.0,554984,python,[JIT],0x00007603c143370e
990641.0,555023,python,[JIT],0x0000769391d69092
990641.0,555023,python,[JIT],0x0000769391db3f17
990641.0,554998,python,[JIT],0x0000789554677436
990641.0,554998,python,[JIT],0x00007895546a1ac7
990641.0,554977,python,[JIT],0x0000747c7bf25a90
990641.0,554984,python,[JIT],0x00007603c144d0f0
990640.0,555009,python,[JIT],0x00007a2d2f450ed4
990640.0,555009,python,[JIT],0x00007a2d2f466598
990640.0,554977,python,[JIT],0x0000747c7bf3ccb3
990640.0,554984,python,[JIT],0x00007603c1433358
990639.0,555023,python,[JIT],0x000076939257a1d2
990639.0,554998,python,[JIT],0x00007895546836d3
990639.0,554998,python,[JIT],0x00007895546a5467
990639.0,555046,python,[JIT],0x00007af46fad6a53
990639.0,554984,python,[JIT],0x00007603c144ba96
990638.0,555023,python,[JIT],0x000076939204026d
990638.0,554998,python,[JIT],0x00007895546595ec
990638.0,555009,python,[JIT],0x00007a2d2f466760
990638.0,555046,python,[JIT],0x00007af46fabd8b2
990638.0,554977,python,[JIT],0x0000747c7beef010
990638.0,554977,python,[JIT],0x0000747c7bf1195a
990638.0,554977,python,[JIT],0x0000747c7bf25b60
990637.0,555035,python,[JIT],0x000074c039e81717
990637.0,555035,python,[JIT],0x000074c039e81c6b
990637.0,554998,python,[kernel.kallsyms],_raw_spin_lock
990637.0,554998,python,[JIT],0x0000789554689ba7
990637.0,555009,python,[JIT],0x00007a2d2f44c926
990637.0,554977,python,[JIT],0x0000747c7beb8393
990637.0,554984,python,[JIT],0x00007603c14002f7
990637.0,554984,python,[JIT],0x00007603c143853e
990636.0,554998,python,[JIT],0x000078955469ae6f
990636.0,555046,python,[JIT],0x00007af46facc683
990636.0,554977,python,[kernel.kallsyms],timekeeping_adjust.constprop.0
990636.0,554977,python,[JIT],0x0000747c7bef8b74
990635.0,555035,python,[JIT],0x000074c039e2b8a5
990635.0,554998,python,[JIT],0x00007895546a4544
990635.0,555009,python,[JIT],0x00007a2d2f448687
990635.0,555009,python,[JIT],0x00007a2d2f467710
990635.0,555009,python,[JIT],0x00007a2d2f467765
990635.0,554977,python,[JIT],0x0000747c7c59d000
990635.0,554984,python,[JIT],0x00007603c1445881
990634.0,555035,python,[JIT],0x000074c039e60ce4
990634.0,555035,python,[JIT],0x000074c039e80773
990634.0,555023,python,[JIT],0x0000769391d9b96c
990634.0,554998,python,[JIT],0x000078955468ac2d
990634.0,554998,python,[JIT],0x000078955469c392
990634.0,555009,python,[JIT],0x00007a2d2f416fc4
990634.0,554984,python,[JIT],0x00007603c144de5f
990633.0,555035,python,[JIT],0x000074c039e6ab60
990633.0,555035,python,[JIT],0x000074c039e7eb08
990633.0,555009,python,[JIT],0x00007a2d2f446d79
990633.0,555009,python,[JIT],0x00007a2d2f44b88c
990633.0,555009,python,[JIT],0x00007a2d2f468567
990633.0,555046,python,[JIT],0x00007af46fa78f03
990633.0,555046,python,[JIT],0x00007af46fabd88c
990633.0,555046,python,[JIT],0x00007af46facfa4d
990633.0,554977,python,[JIT],0x0000747c7bf2498d
990633.0,554977,python,[JIT],0x0000747c7bf3da6d
990632.0,555035,python,[JIT],0x000074c03a4f8222
990632.0,554998,python,[JIT],0x000078955469b945
990632.0,554998,python,[JIT],0x0000789554909658
990632.0,554998,python,[JIT],0x00007895552eb88e
990632.0,554977,python,[JIT],0x0000747c7bf1ff98
990632.0,554977,python,[JIT],0x0000747c7bf24ac3
990632.0,554977,python,[JIT],0x0000747c7bf36968
990632.0,554984,python,[JIT],0x00007603c1bce07e
990631.0,554998,python,[JIT],0x00007895546a1325
990631.0,555009,python,[JIT],0x00007a2d2f44d0f3
990631.0,555009,python,[JIT],0x00007a2d2f465c0c
990631.0,554984,python,[JIT],0x00007603c1444493
990631.0,554984,python,[JIT],0x00007603c144b67b
990631.0,554984,python,[JIT],0x00007603c144bff1
990630.0,555023,python,[JIT],0x0000769391db70da
990630.0,554998,python,[JIT],0x0000789554688bd6
990630.0,554998,python,[JIT],0x000078955469d913
990630.0,555046,python,[JIT],0x00007af46fad743c
990630.0,555046,python,[JIT],0x00007af46fad908d
990630.0,554977,python,[JIT],0x0000747c7bf3571f
990630.0,555009,python,[JIT],0x00007a2d2f45966c
990629.0,555023,python,[JIT],0x0000769391dd7952
990629.0,555009,python,[JIT],0x00007a2d2f4480d9
990629.0,555009,python,[JIT],0x00007a2d2f466fcb
990629.0,555046,python,[JIT],0x00007af46fada1b8
990629.0,554977,python,[JIT],0x0000747c7bf3f4a6
990629.0,554977,python,[JIT],0x0000747c7bf3f646
990628.0,555009,python,[JIT],0x00007a2d2f3fe27c
990628.0,555009,python,[JIT],0x00007a2d2f459acd
990628.0,555046,python,[JIT],0x00007af46fab8ae8
990628.0,554977,python,[JIT],0x0000747c7bf3c41e
990628.0,554977,python,[JIT],0x0000747c7bf3c95e
990628.0,554977,python,[JIT],0x0000747c7bf3e27e
990627.0,555023,python,[JIT],0x0000769391dcfc37
990627.0,554998,python,[JIT],0x00007895546a1a26
990627.0,555009,python,[JIT],0x00007a2d2f46514e
990627.0,554977,python,[JIT],0x0000747c7bf3c228
990627.0,554977,python,[JIT],0x0000747c7bf3d12d
990627.0,554977,python,[JIT],0x0000747c7c1a436f
990627.0,555046,python,[JIT],0x00007af46fd3dc0b
990626.0,555009,python,[JIT],0x00007a2d2f464b80
990626.0,555046,python,[JIT],0x00007af46fab988e
990626.0,554977,python,[JIT],0x0000747c7bf3d129
990625.0,555035,python,[JIT],0x000074c039e6694b
990625.0,555009,python,[JIT],0x00007a2d2f45e96c
990625.0,554977,python,[JIT],0x0000747c7bf25a98
990624.0,555023,python,[JIT],0x000076939257b05e
990624.0,554998,python,[JIT],0x00007895546a40a7
990624.0,555009,python,[JIT],0x00007a2d2f46084b
990624.0,555046,python,[JIT],0x00007af46fd3d263
990623.0,555023,python,[JIT],0x0000769391dd79d7
990623.0,555009,python,[JIT],0x00007a2d2f41c2b5
990623.0,555009,python,[JIT],0x00007a2d2f467659
990623.0,554977,python,[JIT],0x0000747c7beb3e99
990623.0,554977,python,[JIT],0x0000747c7bf37612
990623.0,554984,python,[JIT],0x00007603c1432729
990622.0,555035,python,[JIT],0x000074c039e60483
990622.0,555035,python,[JIT],0x000074c039e6affe
990622.0,554998,python,[JIT],0x0000789554688563
990622.0,555009,python,[JIT],0x00007a2d2f4650bc
990622.0,555009,python,[JIT],0x00007a2d2f466d5f
990622.0,555009,python,[JIT],0x00007a2d2f6cc167
990622.0,555009,python,[JIT],0x00007a2d2fa942b4
990622.0,555046,python,[JIT],0x00007af46fabd9d1
990621.0,555035,python,[JIT],0x000074c039e82505
990621.0,555023,python,[JIT],0x0000769391dd58df
990621.0,555023,python,[JIT],0x000076939203d8fe
990621.0,554998,python,[JIT],0x00007895549089f2
990621.0,554998,python,[JIT],0x0000789554909afb
990621.0,555009,python,[JIT],0x00007a2d2f44bd0a
990621.0,555009,python,[JIT],0x00007a2d2f44c1b9
990621.0,554977,python,[JIT],0x0000747c7bf3f710
990621.0,554977,python,[JIT],0x0000747c7bf402e5
990620.0,554998,python,[JIT],0x000078955469cc5d
990620.0,555009,python,[JIT],0x00007a2d2f6cc778
990620.0,555046,python,[JIT],0x00007af46fad7d8b
990619.0,555009,python,[JIT],0x00007a2d2f46700f
990619.0,555009,python,[JIT],0x00007a2d2f6cc575
990619.0,555046,python,[JIT],0x00007af46fad2dc7
990619.0,554984,python,[JIT],0x00007603c1400854
990619.0,554984,python,[JIT],0x00007603c144148e
990618.0,555035,python,[JIT],0x000074c039e7f29c
990618.0,555009,python,[JIT],0x00007a2d2f46813c
990618.0,554977,python,[JIT],0x0000747c7bf292a1
990618.0,554977,python,[JIT],0x0000747c7bf38333
990618.0,554977,python,[JIT],0x0000747c7c5c4772
990618.0,554984,python,[JIT],0x00007603c142ddd7
990617.0,554998,python,python,split
990617.0,555009,python,[JIT],0x00007a2d2f6c9250
990617.0,555009,python,[JIT],0x00007a2d2f6c9a95
990617.0,555046,python,[JIT],0x00007af47074c08a
990617.0,554977,python,[JIT],0x0000747c7bf3c724
990617.0,554977,python,[JIT],0x0000747c7c5c4a4a
990617.0,554984,python,[JIT],0x00007603c14222c3
990616.0,554998,python,[JIT],0x0000789554684b76
990616.0,555046,python,[JIT],0x00007af46fa5752c
990616.0,555046,python,[JIT],0x00007af46facc268
990616.0,554984,python,[JIT],0x00007603c144b76f
990615.0,555035,python,[JIT],0x000074c039e629b0
990615.0,555023,python,[JIT],0x0000769391dbc473
990615.0,555023,python,[JIT],0x0000769391dd8b1f
990615.0,554998,python,[JIT],0x0000789554688551
990615.0,555046,python,[JIT],0x00007af470c6b023
990615.0,554977,python,python,_Py_hashtable_get
990614.0,555023,python,[JIT],0x0000769391dcef94
990614.0,554998,python,[JIT],0x000078955468e078
990614.0,554998,python,[JIT],0x00007895546a413d
990614.0,554984,python,[JIT],0x00007603c16b27cd
990613.0,555009,python,[JIT],0x00007a2d2f464984
990613.0,555009,python,[JIT],0x00007a2d2f6c95ad
990613.0,555009,python,[JIT],0x00007a2d2f6cb5d9
990613.0,554977,python,[JIT],0x0000747c7bf3e840
990613.0,554977,python,[JIT],0x0000747c7c5c426e
990613.0,554984,python,[JIT],0x00007603c1423c91
990612.0,555035,python,[JIT],0x000074c039e81ded
990612.0,555023,python,[JIT],0x0000769391dd5c4e
990612.0,554998,python,[JIT],0x0000789554683139
990612.0,554977,python,[JIT],0x0000747c7bf248ac
990612.0,554984,python,[JIT],0x00007603c1448015
990612.0,554984,python,[JIT],0x00007603c144c62b
990611.0,555023,python,[JIT],0x0000769391dd51f0
990611.0,554998,python,[JIT],0x00007895546a12b8
990611.0,554998,python,[JIT],0x00007895546a27ac
990611.0,555009,python,[JIT],0x00007a2d2f4584aa
990611.0,555009,python,[JIT],0x00007a2d2f45ddb0
990610.0,555023,python,[JIT],0x0000769392438f02
990610.0,554984,python,[JIT],0x00007603c14338ac
990609.0,555035,python,[JIT],0x000074c039e4480d
990609.0,555035,python,[JIT],0x000074c039e6c9c7
990609.0,555035,python,[JIT],0x000074c039e722d4
990609.0,554998,python,[JIT],0x000078955468a31e
990609.0,554998,python,[JIT],0x000078955469d8f0
990609.0,555009,python,python,_PyLong_AsByteArray
990609.0,555009,python,[JIT],0x00007a2d2f4584eb
990609.0,555009,python,[JIT],0x00007a2d2f6cbfbb
990609.0,555046,python,[JIT],0x00007af46fab831b
990609.0,555046,python,[JIT],0x00007af46fabd22c
990609.0,555046,python,[JIT],0x00007af46fabe73b
990609.0,554977,python,[JIT],0x0000747c7bf25a12
990609.0,554977,python,[JIT],0x0000747c7c1a30a3
990608.0,555023,python,[JIT],0x0000769391d8648c
990608.0,555023,python,[JIT],0x0000769391dbdd4a
990608.0,555023,python,[JIT],0x0000769392e130fe
990608.0,554998,python,python,_PyJit_translate_single_bytecode_to_trace
990608.0,554998,python,[JIT],0x0000789554689853
990608.0,555046,python,python,object_get_class
990608.0,555046,python,[JIT],0x00007af46fd3f9ad
990608.0,555046,python,[JIT],0x00007af470727323
990608.0,554977,python,[JIT],0x0000747c7bf37f55
990608.0,554984,python,[JIT],0x00007603c144493c
990608.0,554984,python,[JIT],0x00007603c144502d
990608.0,554984,python,[JIT],0x00007603c14453a9
990608.0,554984,python,[JIT],0x00007603c1bcee87
990607.0,555035,python,[JIT],0x000074c039e78bd1
990607.0,555046,python,[JIT],0x00007af46fada512
990607.0,554977,python,[JIT],0x0000747c7bf3c2a0
990607.0,554984,python,[JIT],0x00007603c1437290
990607.0,554984,python,[JIT],0x00007603c144f109
990606.0,555035,python,[kernel.kallsyms],native_flush_tlb_one_user
990606.0,555035,python,[JIT],0x000074c039e77b9a
990606.0,555009,python,[JIT],0x00007a2d2f42800a
990606.0,554977,python,[JIT],0x0000747c7bf3d715
990605.0,555046,python,[JIT],0x00007af47076a22f
990605.0,554977,python,[JIT],0x0000747c7bf1e693
990605.0,555009,python,[JIT],0x00007a2d2f45d967
990604.0,555023,python,[JIT],0x0000769391dbe101
990604.0,555023,python,[JIT],0x0000769391dc15e5
990604.0,555023,python,[JIT],0x0000769391dd1b6c
990604.0,554998,python,[JIT],0x00007895546a57c4
990604.0,555009,python,[JIT],0x00007a2d2f6c921e
990604.0,555046,python,[JIT],0x00007af46fad0ca3
990604.0,554977,python,python,asciilib_default_find
990604.0,554977,python,[JIT],0x0000747c7c1a4688
990604.0,554984,python,[JIT],0x00007603c13f901d
990603.0,555035,python,python,PySequence_Contains
990603.0,555023,python,[JIT],0x0000769391db7cd5
990603.0,554998,python,[JIT],0x000078955469b13d
990603.0,555009,python,[JIT],0x00007a2d2f4476c8
990603.0,554977,python,[JIT],0x0000747c7bed9769
990603.0,554977,python,[JIT],0x0000747c7bf37027
990603.0,554977,python,[JIT],0x0000747c7c5c4f3f
990603.0,554984,python,[JIT],0x00007603c144ce55
990602.0,555035,python,[JIT],0x000074c03a4f8971
990602.0,555035,python,[JIT],0x000074c03ae13b58
990602.0,555023,python,[JIT],0x0000769391dd918e
990602.0,555023,python,[JIT],0x0000769392438796
990602.0,554998,python,[JIT],0x00007895546857f4
990602.0,554977,python,[JIT],0x0000747c7bf3d96b
990602.0,554984,python,[JIT],0x00007603c14441c0
990601.0,555023,python,python,unicode_decode_utf8.part.0
990601.0,554998,python,[JIT],0x0000789554909643
990601.0,555009,python,[JIT],0x00007a2d2f45ff02
990601.0,555009,python,[JIT],0x00007a2d2f464cde
990601.0,555046,python,[JIT],0x00007af46fad2de0
990601.0,554977,python,[JIT],0x0000747c7bf3f566
990601.0,554977,python,[JIT],0x0000747c7c59f3fb
990601.0,554984,python,[JIT],0x00007603c141106b
990600.0,555009,python,[JIT],0x00007a2d2f466136
990600.0,555046,python,[JIT],0x00007af46faad994
990600.0,554977,python,[JIT],0x0000747c7bf37c4a
990599.0,555035,python,[JIT],0x000074c039e3329b
990599.0,555023,python,[JIT],0x000076939203d599
990599.0,554998,python,python,_PyObject_InitInlineValues
990598.0,555023,python,[JIT],0x0000769391dbe31a
990598.0,555023,python,[JIT],0x000076939257b54b
990598.0,555009,python,[JIT],0x00007a2d2f4677d7
990598.0,554984,python,[JIT],0x00007603c13fa4b2
990597.0,555023,python,[JIT],0x0000769391dcf1a7
990597.0,554998,python,[JIT],0x000078955468e0a0
990597.0,555009,python,[JIT],0x00007a2d2f46430e
990596.0,555009,python,[JIT],0x00007a2d2f45e1fa
990596.0,554984,python,[JIT],0x00007603c144ebd5
990595.0,555023,python,[JIT],0x0000769391d6a7a9
990595.0,554998,python,[JIT],0x00007895546836df
990595.0,554984,python,[JIT],0x00007603c1434327
990594.0,555009,python,[JIT],0x00007a2d2f6cb7e9
990594.0,555046,python,[JIT],0x00007af46fac2ef1
990593.0,555035,python,[JIT],0x000074c039e81d92
990593.0,555009,python,[JIT],0x00007a2d2f467958
990593.0,554977,python,[JIT],0x0000747c7bf3fa47
990592.0,555023,python,[JIT],0x0000769391dc14c0
990592.0,554998,python,[JIT],0x0000789554685a1e
990592.0,555009,python,[JIT],0x00007a2d2f45f0f1
990592.0,554984,python,[JIT],0x00007603c13f8d97
990591.0,554998,python,[JIT],0x000078955468970e
990591.0,555009,python,[JIT],0x00007a2d2f45070b
990591.0,555046,python,[JIT],0x00007af46fabd5a9
990591.0,554977,python,[JIT],0x0000747c7c5c450c
990590.0,554998,python,[JIT],0x000078955469530d
990590.0,555009,python,[JIT],0x00007a2d2f44c9a6
990590.0,554984,python,[JIT],0x00007603c14118dd
990590.0,554984,python,[JIT],0x00007603c1411f65
990590.0,554984,python,[JIT],0x00007603c144f032
990589.0,555035,python,[JIT],0x000074c039e0a18e
990589.0,555023,python,[JIT],0x0000769391db96ce
990589.0,555023,python,[JIT],0x0000769391dd1499
990589.0,554984,python,[JIT],0x00007603c142d271
990588.0,555009,python,[JIT],0x00007a2d2f44ba91
990588.0,554977,python,[JIT],0x0000747c7bf3fa88
990587.0,555035,python,[JIT],0x000074c039e61c9b
990587.0,555035,python,[JIT],0x000074c039e678fc
990587.0,555009,python,[JIT],0x00007a2d2f44c7a8
990587.0,554977,python,[JIT],0x0000747c7bf19eed
990587.0,554977,python,[JIT],0x0000747c7bf30541
990586.0,555023,python,[JIT],0x000076939203cd83
990586.0,555009,python,[JIT],0x00007a2d2f6cbb0d
990586.0,554977,python,[JIT],0x0000747c7bf3532d
990586.0,554998,python,python,PyObject_RichCompareBool
990585.0,555023,python,[JIT],0x0000769391d9b0fa
990585.0,555009,python,[JIT],0x00007a2d2f44d5fd
990585.0,554977,python,[JIT],0x0000747c7bf3eaec
990585.0,554977,python,[JIT],0x0000747c7c1a3ca6
990585.0,554984,python,[JIT],0x00007603c144c03e
990584.0,554998,python,[JIT],0x000078955469a80f
990584.0,554998,python,[JIT],0x00007895546a48dc
990584.0,554998,python,[JIT],0x0000789554908bf7
990584.0,555009,python,[JIT],0x00007a2d2f467f62
990584.0,555009,python,[JIT],0x00007a2d2f6cc0d3
990584.0,554984,python,[JIT],0x00007603c144cfc7
990583.0,555035,python,[JIT],0x000074c039e350a9
990583.0,554998,python,[JIT],0x0000789554643c81
990583.0,555009,python,[JIT],0x00007a2d2f464710
990583.0,555009,python,[JIT],0x00007a2d2f465497
990583.0,555046,python,[JIT],0x00007af47076a3a3
990583.0,554977,python,[JIT],0x0000747c7bf1ba47
990582.0,554998,python,[JIT],0x000078955467a4ad
990582.0,554998,python,[JIT],0x00007895546a1710
990581.0,555046,python,[JIT],0x00007af46fad19ac
990581.0,554977,python,[JIT],0x0000747c7bf4032b
990580.0,554998,python,[JIT],0x000078955469c88e
990580.0,554977,python,[JIT],0x0000747c7c6cd04c
990579.0,555035,python,[JIT],0x000074c039e65eea
990579.0,554998,python,[JIT],0x000078955468a4fd
990579.0,554998,python,[JIT],0x00007895546a120c
990579.0,555009,python,[JIT],0x00007a2d2f45e654
990579.0,554977,python,[JIT],0x0000747c7bf35f9f
990578.0,555009,python,[JIT],0x00007a2d2f44797a
990578.0,555009,python,[JIT],0x00007a2d2f4485b7
990577.0,555023,python,[JIT],0x0000769391dd629c
990577.0,555023,python,[JIT],0x0000769391dd7a7d
990577.0,554998,python,[JIT],0x0000789554684f49
990577.0,554998,python,[JIT],0x000078955469bf00
990577.0,554998,python,[JIT],0x000078955469ca88
990577.0,554998,python,[JIT],0x00007895546a1e37
990577.0,555009,python,[JIT],0x00007a2d2f430e63
990577.0,555009,python,[JIT],0x00007a2d2f43867c
990577.0,555046,python,python,PyMem_Free
990576.0,555023,python,[JIT],0x000076939203cc7b
990576.0,555046,python,[JIT],0x00007af46fabd56f
990576.0,554977,python,[JIT],0x0000747c7bf3d0bf
990575.0,554998,python,[JIT],0x0000789554ce27ce
990575.0,555046,python,[JIT],0x00007af46fad0ef2
990575.0,555046,python,[JIT],0x00007af46fd3e3be
990575.0,554977,python,[JIT],0x0000747c7bee96a2
990575.0,554977,python,[JIT],0x0000747c7bf3cd00
990575.0,554977,python,[JIT],0x0000747c7c1a3223
990574.0,555023,python,[JIT],0x0000769391dd6a6d
990574.0,554998,python,[JIT],0x00007895549084cf
990574.0,554998,python,[JIT],0x0000789555316f56
990574.0,555009,python,[JIT],0x00007a2d2f446473
990573.0,555023,python,[JIT],0x0000769391dce363
990573.0,555023,python,[JIT],0x0000769391dd0868
990573.0,554998,python,[JIT],0x00007895546a46e8
990573.0,555009,python,[JIT],0x00007a2d2f46768b
990573.0,554977,python,[JIT],0x0000747c7bf355c3
990572.0,554998,python,[JIT],0x000078955461eb34
990572.0,554977,python,[JIT],0x0000747c7bf3ccc1
990571.0,554998,python,[JIT],0x000078955467963d
990571.0,555009,python,[JIT],0x00007a2d2f45e45a
990571.0,555009,python,[JIT],0x00007a2d2f464de7
990571.0,555009,python,[JIT],0x00007a2d2f465715
990571.0,555009,python,[JIT],0x00007a2d2f6cbf7b
990571.0,554977,python,[JIT],0x0000747c7bf233df
990570.0,555009,python,[JIT],0x00007a2d2f448745
990570.0,555046,python,[JIT],0x00007af46fad96ef
990570.0,554977,python,[JIT],0x0000747c7bec9d25
990569.0,555046,python,[JIT],0x00007af46fd3dd4e
990568.0,555009,python,python,_PyObject_VectorcallPrepend
990568.0,555046,python,[JIT],0x00007af46fabdb2c
990568.0,554977,python,[JIT],0x0000747c7bed79eb
990568.0,554977,python,[JIT],0x0000747c7c1a3052
990567.0,555035,python,[JIT],0x000074c039e0554c
990567.0,555023,python,[JIT],0x0000769391dd901c
990567.0,555046,python,[JIT],0x00007af46fad3121
990567.0,555046,python,[JIT],0x00007af46fad95f6
990566.0,554984,python,[JIT],0x00007603c16b2d83
990566.0,554998,python,[JIT],0x00007895546673e6
990566.0,554998,python,[JIT],0x00007895546a1f21
990566.0,554977,python,[JIT],0x0000747c7bf370cc
990566.0,554984,python,python,type_get_module
990566.0,554984,python,[JIT],0x00007603c1444def
990565.0,555009,python,[JIT],0x00007a2d2f4606eb
990565.0,555046,python,[JIT],0x00007af46fa8fc4c
990564.0,555009,python,python,_PyMem_RawMalloc
990564.0,555009,python,[JIT],0x00007a2d2f6c9191
990564.0,555046,python,[JIT],0x00007af46fa8e8d6
990564.0,554984,python,[JIT],0x00007603c16b2d44
990563.0,555023,python,[JIT],0x0000769391d8d4cc
990563.0,555023,python,[JIT],0x0000769391dd188a
990563.0,555046,python,[JIT],0x00007af46fad8cea
990563.0,554977,python,[JIT],0x0000747c7bf39018
990562.0,555023,python,[JIT],0x0000769391dd6bfd
990562.0,554998,python,[JIT],0x00007895546a243a
990562.0,554984,python,[JIT],0x00007603c144e612
990561.0,555035,python,[JIT],0x000074c039e61fd3
990561.0,555035,python,[JIT],0x000074c039e72c0c
990561.0,555035,python,[JIT],0x000074c03ae138c4
990561.0,555023,python,python,__popcountdi2
990561.0,554998,python,[JIT],0x0000789554643f98
990561.0,555046,python,python,_PyEval_Vector
990561.0,554977,python,[JIT],0x0000747c7bf3e4a2
990560.0,555035,python,[JIT],0x000074c039e655f0
990560.0,555035,python,[JIT],0x000074c039e7e1ff
990560.0,555035,python,[JIT],0x000074c03a0e6178
990560.0,554998,python,[JIT],0x0000789554689df2
990560.0,554998,python,[JIT],0x000078955469b7da
990560.0,554977,python,[JIT],0x0000747c7bf1e0a9
990559.0,554998,python,[JIT],0x0000789554689a61
990559.0,555046,python,[JIT],0x00007af46fab93b1
990558.0,555023,python,[JIT],0x0000769391dbd4f2
990558.0,554998,python,[JIT],0x0000789554696eea
990558.0,555009,python,[JIT],0x00007a2d2f6cc6e4
990558.0,555009,python,[JIT],0x00007a2d305ee149
990557.0,554977,python,python,mbuf_dealloc
990557.0,554977,python,[JIT],0x0000747c7bf23a91
990557.0,554977,python,[JIT],0x0000747c7bf37ded
990556.0,554998,python,[JIT],0x0000789554676351
990556.0,555046,python,[JIT],0x00007af46fabe21c
990556.0,555046,python,[JIT],0x00007af46facf703
990556.0,555009,python,python,mbuf_dealloc
990555.0,555023,python,[JIT],0x0000769391daba13
990555.0,555009,python,[JIT],0x00007a2d2f6cb9b9
990555.0,554977,python,[JIT],0x0000747c7beb2a31
990555.0,554977,python,[JIT],0x0000747c7bf1e818
990555.0,554977,python,[JIT],0x0000747c7bf233f8
990555.0,554977,python,[JIT],0x0000747c7c5c4bef
990554.0,554998,python,[JIT],0x000078955490947a
990553.0,555023,python,[JIT],0x0000769391db770f
990553.0,554984,python,[JIT],0x00007603c1bcef7c
990553.0,554977,python,[JIT],0x0000747c7bf2568b
990553.0,554977,python,[JIT],0x0000747c7bf3c577
990553.0,554977,python,[JIT],0x0000747c7c1a3763
990552.0,555035,python,[JIT],0x000074c039e62658
990552.0,555035,python,[JIT],0x000074c039e778ba
990552.0,555035,python,[JIT],0x000074c039e7f76b
990552.0,555023,python,[JIT],0x0000769391d8e455
990552.0,555023,python,[JIT],0x0000769391dd5f8b
990552.0,554998,python,[JIT],0x0000789554685522
990552.0,555009,python,[JIT],0x00007a2d2f447ac8
990552.0,555009,python,[JIT],0x00007a2d2f461372
990552.0,555009,python,[JIT],0x00007a2d2f466317
990552.0,555046,python,[JIT],0x00007af46fabf588
990552.0,555046,python,[JIT],0x00007af46fada034
990552.0,555046,python,[JIT],0x00007af47076ab72
990551.0,554998,python,[JIT],0x000078955469a2e4
990551.0,555009,python,[JIT],0x00007a2d2f465452
990551.0,554977,python,[JIT],0x0000747c7bf37d18
990550.0,554998,python,[JIT],0x0000789554689a77
990550.0,555009,python,[JIT],0x00007a2d2f4677f5
990550.0,555046,python,[JIT],0x00007af46fad8b6a
990549.0,555046,python,[JIT],0x00007af46fad7c93
990549.0,554977,python,[JIT],0x0000747c7bf3c04c
990549.0,554984,python,[JIT],0x00007603c14326fc
990548.0,555023,python,[JIT],0x0000769391dd0f45
990548.0,554998,python,[JIT],0x0000789554688fdd
990548.0,555046,python,[JIT],0x00007af46fab8271
990548.0,554984,python,[JIT],0x00007603c14341b3
990546.0,555009,python,[JIT],0x00007a2d2f464212
990546.0,555046,python,[JIT],0x00007af47076aada
990545.0,555035,python,[JIT],0x000074c03aaeb000
990545.0,555023,python,[JIT],0x0000769391dcfd23
990545.0,554998,python,[JIT],0x00007895546a100a
990545.0,555009,python,python,optimize_uops.isra.0
990545.0,555009,python,[JIT],0x00007a2d2f3da9c3
990545.0,555009,python,[JIT],0x00007a2d2f45ff06
990545.0,555009,python,[JIT],0x00007a2d2f46798f
990544.0,555035,python,[JIT],0x000074c039e627e0
990544.0,554977,python,[JIT],0x0000747c7bf1facc
990544.0,554977,python,[JIT],0x0000747c7c59f213
990544.0,554984,python,[JIT],0x00007603c14381bd
990543.0,555023,python,[JIT],0x0000769391dbd605
990543.0,555009,python,[JIT],0x00007a2d2f4581d0
990543.0,554977,python,[JIT],0x0000747c7bef0932
990543.0,554984,python,[JIT],0x00007603c16b324a
990542.0,555023,python,[JIT],0x0000769391dbde47
990542.0,555009,python,[JIT],0x00007a2d2f6cbcc7
990542.0,555046,python,[JIT],0x00007af46fab98be
990542.0,555046,python,[JIT],0x00007af46fad96bd
990542.0,554984,python,[JIT],0x00007603c144c28a
990541.0,555009,python,[JIT],0x00007a2d2f447213
990541.0,555009,python,[JIT],0x00007a2d2f448314
990541.0,554977,python,[JIT],0x0000747c7beea992
990541.0,554984,python,[JIT],0x00007603c1433e7c
990540.0,554998,python,[JIT],0x0000789554683215
990540.0,554998,python,[JIT],0x00007895546a167b
990540.0,554998,python,[JIT],0x00007895549090b3
990540.0,555009,python,[JIT],0x00007a2d2f460fc3
990540.0,554984,python,[JIT],0x00007603c144527a
990540.0,554984,python,[JIT],0x00007603c144c019
990539.0,555009,python,[JIT],0x00007a2d2f4481c7
990539.0,554977,python,[JIT],0x0000747c7bf249cc
990539.0,554984,python,[JIT],0x00007603c144f156
990538.0,555023,python,[JIT],0x0000769391dbd19b
990538.0,555023,python,[JIT],0x0000769391dcb796
990538.0,555009,python,[JIT],0x00007a2d2f4658bb
990537.0,555009,python,[JIT],0x00007a2d2f447c95
990537.0,555009,python,[JIT],0x00007a2d2f465840
990537.0,555046,python,python,PyList_New
990537.0,554977,python,[kernel.kallsyms],sysvec_apic_timer_interrupt
990536.0,555023,python,[JIT],0x0000769391dbd08f
990536.0,555023,python,[JIT],0x0000769391dcf9a6
990536.0,555023,python,[JIT],0x0000769391dd01df
990536.0,555009,python,[JIT],0x00007a2d2f45807a
990536.0,554977,python,[JIT],0x0000747c7bf406fe
990536.0,554984,python,[JIT],0x00007603c144ef2b
990535.0,555035,python,[JIT],0x000074c039e41000
990535.0,555023,python,[JIT],0x0000769391dd5cd1
990535.0,555009,python,[JIT],0x00007a2d2f3fa608
990535.0,555046,python,[JIT],0x00007af46fabfb07
990535.0,555046,python,[JIT],0x00007af46facfbba
990535.0,554984,python,[JIT],0x00007603c16b2052
990534.0,555035,python,[JIT],0x000074c039e6b702
990534.0,555009,python,_struct.cpython-316-x86_64-linux-gnu.so,memset@plt
990534.0,555009,python,[JIT],0x00007a2d2f45e933
990534.0,554984,python,[kernel.kallsyms],update_vdso_data.constprop.0
990533.0,554998,python,[JIT],0x0000789554688261
990533.0,554977,python,[JIT],0x0000747c7bf25c02
990532.0,555023,python,[JIT],0x0000769391dce77a
990532.0,555023,python,[JIT],0x0000769391dd5600
990532.0,555023,python,[JIT],0x0000769391dd802e
990532.0,554977,python,[JIT],0x0000747c7bec073f
990532.0,554977,python,[JIT],0x0000747c7bf38f61
990531.0,555023,python,[JIT],0x0000769391dbc3b2
990531.0,555009,python,[JIT],0x00007a2d2f466557
990531.0,555046,python,[JIT],0x00007af46fad82fb
990531.0,555046,python,[JIT],0x00007af46fd3e9e9
990531.0,554984,python,[JIT],0x00007603c1411525
990531.0,554984,python,[JIT],0x00007603c14283a7
990530.0,555023,python,[JIT],0x0000769391dcee6f
990530.0,554998,python,[JIT],0x0000789554684aca
990530.0,554998,python,[JIT],0x00007895546a3c89
990530.0,554998,python,[JIT],0x00007895546a52bc
990530.0,554998,python,[JIT],0x00007895553161f9
990529.0,555023,python,[JIT],0x0000769391dcece2
990529.0,554998,python,[JIT],0x00007895546846b3
990529.0,554998,python,[JIT],0x00007895546a5034
990529.0,555009,python,[JIT],0x00007a2d2f42486a
990529.0,555009,python,[JIT],0x00007a2d2f44b0e0
990529.0,554977,python,[JIT],0x0000747c7bf36634
990528.0,554977,python,[JIT],0x0000747c7beea035
990528.0,554977,python,[JIT],0x0000747c7bf392a1
990528.0,555046,python,[JIT],0x00007af46fd3d91e
990527.0,555009,python,[JIT],0x00007a2d2f40f757
990527.0,555009,python,[JIT],0x00007a2d2f465ebf
990527.0,555046,python,[JIT],0x00007af46fad7721
990527.0,555046,python,[JIT],0x00007af46fad7b7d
990527.0,554977,python,[JIT],0x0000747c7bf36992
990527.0,554984,python,[JIT],0x00007603c25d9000
990527.0,555035,python,python,new_dict.constprop.0
990526.0,554998,python,[JIT],0x000078955469df1b
990526.0,555009,python,[JIT],0x00007a2d2f4680e6
990526.0,554977,python,[JIT],0x0000747c7bf2002c
990525.0,555035,python,[JIT],0x000074c039e4249e
990525.0,555035,python,[JIT],0x000074c03a0e60ab
990525.0,554998,python,[JIT],0x0000789554697536
990525.0,554998,python,[JIT],0x000078955469a0b5
990525.0,554998,python,[JIT],0x00007895546a112c
990525.0,555046,python,[JIT],0x00007af46fd3da60
990524.0,555035,python,[JIT],0x000074c039e7ac7a
990524.0,554998,python,python,_PyStaticType_GetState
990524.0,554998,python,[JIT],0x000078955490849e
990524.0,555009,python,[JIT],0x00007a2d2f45f4bc
990524.0,555046,python,[kernel.kallsyms],__rcu_read_lock
990524.0,555046,python,[JIT],0x00007af46fabf47d
990524.0,555046,python,[JIT],0x00007af46fd3d10c
990524.0,555046,python,[JIT],0x00007af46fd3e2ee
990524.0,554977,python,[JIT],0x0000747c7bf25022
990524.0,554984,python,[JIT],0x00007603c144e668
990524.0,554984,python,[JIT],0x00007603c1bcea2b
990523.0,554998,python,[JIT],0x0000789554659e5c
990523.0,555009,python,[JIT],0x00007a2d2f466085
990523.0,554984,python,[JIT],0x00007603c13beafe
990522.0,554977,python,[JIT],0x0000747c7bf357f8
990522.0,554984,python,[JIT],0x00007603c25d9003
990521.0,554984,python,libc.so.6,cfree@GLIBC_2.2.5
990521.0,554998,python,[JIT],0x000078955469dec7
990521.0,554998,python,[JIT],0x00007895546a1919
990521.0,555009,python,python,_PyOptimizer_Optimize
990521.0,555009,python,[JIT],0x00007a2d2f464607
990521.0,554977,python,[JIT],0x0000747c7bf1e69f
990521.0,554984,python,[JIT],0x00007603c144cc5e
990520.0,554977,python,[JIT],0x0000747c7bf25c25
990519.0,555023,python,python,PyObject_IsSubclass
990519.0,555023,python,[JIT],0x0000769391db9305
990519.0,555023,python,[JIT],0x0000769391dcb016
990519.0,554998,python,[JIT],0x000078955469d787
990519.0,555009,python,[JIT],0x00007a2d2fa940c9
990519.0,554977,python,[JIT],0x0000747c7bf13384
990519.0,554977,python,[JIT],0x0000747c7bf2512c
990518.0,555009,python,python,_Py_uop_sym_set_type_version
990518.0,555009,python,[JIT],0x00007a2d2f44713a
990518.0,555009,python,[JIT],0x00007a2d2f46809c
990518.0,555009,python,[JIT],0x00007a2d2fa94400
990518.0,554977,python,[JIT],0x0000747c7bf23a2e
990517.0,555009,python,[JIT],0x00007a2d2f460520
990517.0,555009,python,[JIT],0x00007a2d2f460f2f
990517.0,554977,python,[JIT],0x0000747c7bf23215
990516.0,555023,python,[JIT],0x0000769391dd8521
990516.0,554998,python,[JIT],0x000078955469db8a
990516.0,555009,python,[JIT],0x00007a2d2f45845a
990516.0,555009,python,[JIT],0x00007a2d2f464538
990516.0,555046,python,[JIT],0x00007af46fad6553
990515.0,555035,python,[JIT],0x000074c039e462c4
990515.0,555009,python,[JIT],0x00007a2d2f447b14
990515.0,554977,python,[JIT],0x0000747c7bf38dae
990515.0,554977,python,[JIT],0x0000747c7bf3c0ad
990515.0,554984,python,[JIT],0x00007603c13bd3a3
990515.0,554984,python,[JIT],0x00007603c1bce6c6
990514.0,555023,python,[JIT],0x0000769391dbe6f4
990514.0,554998,python,[JIT],0x0000789554683586
990514.0,555046,python,[JIT],0x00007af46fabd36a
990514.0,554977,python,[JIT],0x0000747c7bf36869
990512.0,555023,python,[JIT],0x0000769391d66943
990512.0,554998,python,[JIT],0x00007895546a476f
990512.0,554977,python,[JIT],0x0000747c7bf20399
990512.0,554977,python,[JIT],0x0000747c7bf2336a
990511.0,554998,python,[JIT],0x00007895546a2160
990510.0,555023,python,python,dictitems_iter
990510.0,554998,python,[JIT],0x000078955467f836
990510.0,555009,python,[JIT],0x00007a2d2f458110
990510.0,555046,python,[JIT],0x00007af46fa88ed6
990510.0,554977,python,[JIT],0x0000747c7bf361c2
990510.0,554984,python,[JIT],0x00007603c1bceaab
990509.0,555035,python,[JIT],0x000074c039e79ded
990509.0,555009,python,[JIT],0x00007a2d2f6c9c81
990509.0,554977,python,[JIT],0x0000747c7bf3f0ff
990508.0,555023,python,[JIT],0x0000769391dd8f07
990508.0,554998,python,[JIT],0x00007895546837e8
990508.0,555046,python,[JIT],0x00007af46fa9cd3b
990508.0,554984,python,[JIT],0x00007603c142159f
990508.0,554984,python,[JIT],0x00007603c14242ab
990507.0,555023,python,[JIT],0x0000769391dce487
990507.0,555023,python,[JIT],0x0000769391dd65b5
990506.0,555009,python,[JIT],0x00007a2d2f4500a8
990506.0,555009,python,[JIT],0x00007a2d2f45a584
990506.0,554977,python,[JIT],0x0000747c7bf25276
990506.0,554977,python,[JIT],0x0000747c7c59f94e
990506.0,554977,python,[JIT],0x0000747c7c6cd13d
990505.0,555023,python,[JIT],0x000076939203de15
990505.0,555009,python,[JIT],0x00007a2d2f450cc0
990505.0,554977,python,[JIT],0x0000747c7bf1fb59
990504.0,554998,python,[JIT],0x0000789554634402
990504.0,554998,python,[JIT],0x000078955468e702
990504.0,554984,python,[JIT],0x00007603c14347a6
990503.0,555023,python,[JIT],0x0000769391dd66d5
990503.0,554998,python,[JIT],0x0000789554688b70
990502.0,555009,python,[JIT],0x00007a2d2f460883
990501.0,555023,python,[JIT],0x0000769391dbc244
990501.0,554998,python,[JIT],0x000078955468480f
990501.0,554998,python,[JIT],0x0000789554689340
990501.0,555009,python,[JIT],0x00007a2d2f4167b0
990501.0,555009,python,[JIT],0x00007a2d2f45e586
990501.0,555009,python,[JIT],0x00007a2d2f6c9c90
990501.0,554977,python,[JIT],0x0000747c7c1a38bc
990501.0,554984,python,python,cfunction_vectorcall_FASTCALL_KEYWORDS
990500.0,554998,python,[JIT],0x00007895546a2295
990500.0,555009,python,[JIT],0x00007a2d2f45e8a3
990500.0,555009,python,[JIT],0x00007a2d2f45ed6e
990500.0,555009,python,[JIT],0x00007a2d2f6c94e5
990500.0,554984,python,[JIT],0x00007603c144680f
990499.0,554998,python,python,Py_BuildValue
990499.0,554998,python,[JIT],0x000078955467e4cc
990499.0,554984,python,[JIT],0x00007603c13fb5c1
990498.0,555009,python,[JIT],0x00007a2d2f44d693
990498.0,555009,python,[JIT],0x00007a2d2f45d6f6
990498.0,555046,python,[JIT],0x00007af46fad7198
990497.0,555035,python,[JIT],0x000074c039e53e65
990497.0,555035,python,[JIT],0x000074c039e7e9aa
990497.0,555046,python,[JIT],0x00007af46fad992a
990496.0,555046,python,[JIT],0x00007af47076aad8
990496.0,554977,python,python,PyNumber_AsSsize_t
990495.0,555009,python,[JIT],0x00007a2d2f6c97cc
990495.0,555009,python,[JIT],0x00007a2d2f6cbf3b
990494.0,555035,python,[JIT],0x000074c039e7e88c
990494.0,555035,python,[JIT],0x000074c039e8220e
990494.0,555009,python,[JIT],0x00007a2d2f464a0f
990494.0,555046,python,[JIT],0x00007af46faba709
990494.0,555046,python,[JIT],0x00007af46fd3daff
990494.0,554977,python,[JIT],0x0000747c7bf232cf
990493.0,554998,python,[JIT],0x000078955469533d
990493.0,555009,python,[JIT],0x00007a2d2f42917c
990493.0,555046,python,[JIT],0x00007af46fd3e778
990493.0,554977,python,[JIT],0x0000747c7c59d0c5
990492.0,555009,python,[JIT],0x00007a2d2f45e792
990492.0,554977,python,[JIT],0x0000747c7bf3c863
990492.0,554984,python,python,_PyCompactLong_Add
990492.0,554984,python,[JIT],0x00007603c144c654
990491.0,555035,python,[JIT],0x000074c039e7fa0a
990491.0,554998,python,[JIT],0x00007895546a229f
990491.0,555046,python,[JIT],0x00007af46facf08a
990491.0,554984,python,[JIT],0x00007603c1432a66
990490.0,555035,python,[JIT],0x000074c039e735c8
990489.0,555023,python,[JIT],0x0000769391dd5fad
990489.0,555023,python,[JIT],0x0000769391dd6bc7
990489.0,554998,python,[JIT],0x000078955468a2d0
990489.0,555009,python,[JIT],0x00007a2d2f45f7fa
990489.0,554977,python,[JIT],0x0000747c7bf38867
990489.0,554984,python,[JIT],0x00007603c1434253
990489.0,554984,python,[JIT],0x00007603c16b274d
990488.0,555023,python,[JIT],0x0000769391db39ba
990488.0,555023,python,[JIT],0x0000769391dcef38
990488.0,554998,python,[JIT],0x000078955469c9dd
990488.0,554984,python,[JIT],0x00007603c144f827
990487.0,555009,python,[JIT],0x00007a2d2f3f20cb
990487.0,555046,python,[JIT],0x00007af46fabddd3
990487.0,554977,python,[JIT],0x0000747c7bf3d71e
990487.0,554984,python,_struct.cpython-316-x86_64-linux-gnu.so,np_ulonglong
990486.0,555035,python,[JIT],0x000074c03a0e310e
990486.0,554998,python,[JIT],0x000078955469c36f
990486.0,554998,python,[JIT],0x000078955490a47f
990486.0,555009,python,[JIT],0x00007a2d2f44b2e9
990486.0,555009,python,[JIT],0x00007a2d2f44bdd8
990486.0,555009,python,[JIT],0x00007a2d2f4642ae
990486.0,554977,python,[JIT],0x0000747c7beb1fb9
990486.0,554977,python,[JIT],0x0000747c7c5c47f2
990486.0,554984,python,[JIT],0x00007603c14328cb
990485.0,555035,python,[JIT],0x000074c039e80006
990485.0,555009,python,[JIT],0x00007a2d2f45ee87
990485.0,554977,python,[JIT],0x0000747c7bf1ffb7
990484.0,555023,python,[JIT],0x0000769391d71d87
990484.0,555009,python,[JIT],0x00007a2d2f6cc3a1
990484.0,554977,python,[JIT],0x0000747c7bec13c1
990484.0,554977,python,[JIT],0x0000747c7bf23796
990484.0,554984,python,python,hashtable_unicode_hash
990484.0,554984,python,[JIT],0x00007603c16b2bd9
990483.0,554998,python,[JIT],0x00007895546a368d
990483.0,554977,python,[JIT],0x0000747c7bed781f
990482.0,555023,python,[JIT],0x0000769391dc96f4
990482.0,555023,python,[JIT],0x000076939203d91e
990482.0,554998,python,[JIT],0x00007895553330d6
990482.0,555046,python,[JIT],0x00007af46fa97156
990482.0,554977,python,[JIT],0x0000747c7bf23cec
990482.0,554984,python,[JIT],0x00007603c144d6cb
990481.0,554998,python,[JIT],0x00007895552eba95
990481.0,555009,python,[JIT],0x00007a2d2f41f0e2
990481.0,554977,python,[JIT],0x0000747c7bed0000
990481.0,554977,python,[JIT],0x0000747c7bf070e4
990481.0,554984,python,[JIT],0x00007603c140864a
990481.0,554984,python,[JIT],0x00007603c140ac34
990481.0,554984,python,[JIT],0x00007603c144b0ea
990481.0,554984,python,[JIT],0x00007603c144bd13
990480.0,554998,python,[JIT],0x000078955468a90b
990480.0,555009,python,[JIT],0x00007a2d2f45f54d
990480.0,555046,python,[JIT],0x00007af46fad2f9c
990479.0,555023,python,[JIT],0x0000769391db4249
990478.0,554998,python,[JIT],0x0000789554659e37
990478.0,555046,python,[JIT],0x00007af46fad633c
990478.0,554977,python,python,object___reduce_ex__
990478.0,554984,python,[JIT],0x00007603c144d250
990477.0,555035,python,[JIT],0x000074c039e659de
990477.0,555009,python,[JIT],0x00007a2d2f46560c
990477.0,555046,python,[JIT],0x00007af46fd3d164
990477.0,554977,python,[JIT],0x0000747c7bf1f4a5
990476.0,555035,python,[JIT],0x000074c03a4f8a3a
990476.0,555046,python,[JIT],0x00007af46fa9eb35
990476.0,555046,python,[JIT],0x00007af46fd3d62d
990476.0,554977,python,[JIT],0x0000747c7bf1e366
990476.0,554977,python,[JIT],0x0000747c7bf3f8d8
990475.0,555023,python,[JIT],0x0000769391dd768d
990475.0,555023,python,[JIT],0x0000769391dd86e8
990475.0,554998,python,[JIT],0x000078955466b2d4
990475.0,555009,python,[JIT],0x00007a2d2f44c14a
990475.0,555009,python,[JIT],0x00007a2d2f465988
990475.0,555009,python,[JIT],0x00007a2d2f6cc217
990475.0,554984,python,[JIT],0x00007603c144cb77
990474.0,555035,python,[JIT],0x000074c039e62682
990474.0,555023,python,[JIT],0x0000769391dd8e9a
990474.0,555046,python,[JIT],0x00007af46fd3d9dd
990474.0,554977,python,[JIT],0x0000747c7c1a4006
990474.0,555035,python,libc.so.6,_int_free
990473.0,555035,python,[JIT],0x000074c03aaeb4a7
990473.0,555009,python,[JIT],0x00007a2d2f466547
990473.0,555046,python,[JIT],0x00007af46fabe70e
990472.0,554998,python,[JIT],0x0000789554688861
990472.0,554998,python,[JIT],0x0000789554689c7b
990472.0,555009,python,[JIT],0x00007a2d2f6c9431
990472.0,554977,python,[JIT],0x0000747c7bf40321
990471.0,555046,python,[JIT],0x00007af47074c540
990471.0,554977,python,[JIT],0x0000747c7bf3fa9e
990471.0,554984,python,[JIT],0x00007603c140f6c0
990470.0,555009,python,[JIT],0x00007a2d2f45e7ce
990470.0,554977,python,[JIT],0x0000747c7bf40505
990470.0,554984,python,[JIT],0x00007603c143287b
990469.0,555035,python,[JIT],0x000074c039e7e185
990469.0,555023,python,[JIT],0x0000769391db991f
990469.0,554984,python,[JIT],0x00007603c1bcee15
990468.0,554998,python,[JIT],0x000078955469d1d8
990468.0,555046,python,[JIT],0x00007af46fad807e
990468.0,554984,python,[JIT],0x00007603c14114a5
990467.0,555023,python,[JIT],0x0000769391d4aa0b
990466.0,554998,python,[JIT],0x00007895546a4551
990466.0,555009,python,[JIT],0x00007a2d2f460920
990466.0,555009,python,[JIT],0x00007a2d2f6cc36f
990465.0,555023,python,python,mbuf_add_view
990465.0,555023,python,[JIT],0x0000769391dceac6
990465.0,555009,python,[JIT],0x00007a2d2f4475ba
990465.0,554977,python,[JIT],0x0000747c7bed92d9
990465.0,554977,python,[JIT],0x0000747c7bf3d11b
990465.0,554977,python,[JIT],0x0000747c7c1a3ceb
990465.0,555009,python,python,_PyDict_SetItem_Take2
990464.0,555035,python,python,memory_getbuf
990464.0,555035,python,[JIT],0x000074c039e652ed
990464.0,555046,python,[JIT],0x00007af46facb9a8
990463.0,555035,python,[JIT],0x000074c039e7a48c
990463.0,555023,python,[JIT],0x000076939203c00a
990463.0,555023,python,[JIT],0x000076939203d188
990463.0,554998,python,[JIT],0x000078955466f014
990462.0,555023,python,[JIT],0x0000769391dd9908
990462.0,554998,python,[JIT],0x000078955469cd60
990462.0,554977,python,[JIT],0x0000747c7bf2349f
990462.0,554984,python,[JIT],0x00007603c144b3c1
990461.0,555046,python,[JIT],0x00007af46fad99eb
990461.0,554977,python,[JIT],0x0000747c7befdc44
990461.0,554977,python,[JIT],0x0000747c7c5c4acf
990461.0,554984,python,[JIT],0x00007603c144ec30
990460.0,555009,python,[JIT],0x00007a2d2f4641fd
990460.0,555009,python,[JIT],0x00007a2d2f6c7222
990460.0,555009,python,[JIT],0x00007a2d300eb70f
990460.0,554977,python,[JIT],0x0000747c7bf25aab
990460.0,554977,python,[JIT],0x0000747c7bf3cd04
990459.0,554998,python,[JIT],0x000078955467e5f4
990459.0,554998,python,[JIT],0x000078955469b177
990459.0,554984,python,[JIT],0x00007603c142f4c6
990458.0,555009,python,[JIT],0x00007a2d2f3fc340
990458.0,554977,python,[JIT],0x0000747c7beca3c6
990457.0,555009,python,[JIT],0x00007a2d2f46466d
990456.0,555023,python,[JIT],0x0000769391dc9be7
990456.0,555009,python,[JIT],0x00007a2d2f43beab
990456.0,555009,python,[JIT],0x00007a2d2f46477e
990456.0,555009,python,[JIT],0x00007a2d2f464a96
990456.0,555009,python,[JIT],0x00007a2d2f46770c
990456.0,555046,python,[JIT],0x00007af46fada375
990455.0,555023,python,[JIT],0x0000769391dab581
990455.0,554998,python,[JIT],0x0000789554633077
990455.0,554998,python,[JIT],0x0000789554685418
990455.0,554977,python,[JIT],0x0000747c7bf3da96
990455.0,554984,python,[JIT],0x00007603c144e12e
990454.0,555023,python,[JIT],0x0000769391dbdd1a
990454.0,555023,python,[JIT],0x0000769391dc17fa
990453.0,555023,python,[JIT],0x0000769391dd94bc
990453.0,555009,python,[JIT],0x00007a2d2f458767
990453.0,555009,python,[JIT],0x00007a2d2f467c13
990453.0,555009,python,[JIT],0x00007a2d2f468505
990452.0,555023,python,[JIT],0x0000769391daa72e
990452.0,554998,python,[JIT],0x00007895546a4508
990451.0,555009,python,[JIT],0x00007a2d2f450cde
990451.0,555009,python,[JIT],0x00007a2d2f45f9f8
990451.0,555046,python,[JIT],0x00007af46fad627d
990451.0,555046,python,[JIT],0x00007af46fd3e167
990451.0,554977,python,[JIT],0x0000747c7bf23e6f
990451.0,554984,python,[JIT],0x00007603c144cf63
990451.0,555009,python,[JIT],0x00007a2d2f466f8a
990450.0,554998,python,[JIT],0x000078955469d867
990450.0,555009,python,[JIT],0x00007a2d2f6cb7e5
990450.0,555046,python,[JIT],0x00007af46fad6d04
990449.0,555009,python,[JIT],0x00007a2d2f448197
990449.0,554977,python,[JIT],0x0000747c7bf3c660
990448.0,555009,python,[JIT],0x00007a2d2f44bef3
990447.0,555009,python,[JIT],0x00007a2d2f44768e
990447.0,554977,python,[JIT],0x0000747c7bf1eb7d
990446.0,555023,python,[JIT],0x0000769391d5629a
990445.0,554977,python,[JIT],0x0000747c7becc81f
990445.0,554977,python,[JIT],0x0000747c7bf1e103
990444.0,555023,python,[JIT],0x0000769391dab70d
990444.0,555023,python,[JIT],0x000076939203d585
990444.0,555023,python,[JIT],0x000076939203d698
990443.0,555009,python,python,_PyMem_RawRealloc
990443.0,555009,python,[JIT],0x00007a2d2f44670f
990443.0,555046,python,[JIT],0x00007af470a14714
990443.0,554984,python,[JIT],0x00007603c144bf41
990442.0,554998,python,[JIT],0x000078955469ab02
990442.0,555046,python,[JIT],0x00007af46fad6857
990442.0,554977,python,[JIT],0x0000747c7bf3c4e4
990442.0,554977,python,[JIT],0x0000747c7bf403d6
990441.0,555046,python,[JIT],0x00007af46fad2415
990439.0,555035,python,[JIT],0x000074c039e72601
990439.0,555009,python,[JIT],0x00007a2d2f40c9c9
990439.0,555046,python,[JIT],0x00007af46fabe095
990439.0,554977,python,python,_PyMem_RawMalloc
990439.0,554977,python,[JIT],0x0000747c7bee957f
990439.0,554977,python,[JIT],0x0000747c7bf319a8
990438.0,554977,python,[JIT],0x0000747c7bf259fa
990437.0,555023,python,[JIT],0x0000769391dd52e7
990437.0,555009,python,[JIT],0x00007a2d2f45d5d1
990436.0,555023,python,[JIT],0x0000769391dced3b
990436.0,555009,python,[JIT],0x00007a2d2f44d520
990436.0,555009,python,[JIT],0x00007a2d2f45e341
990435.0,554998,python,[JIT],0x0000789554667bfe
990435.0,555009,python,python,mbuf_dealloc
990435.0,555009,python,[JIT],0x00007a2d2f446883
990435.0,555046,python,[JIT],0x00007af46fa6a6cc
990435.0,555046,python,[JIT],0x00007af46fad6704
990435.0,555046,python,[JIT],0x00007af4706ecb31
990434.0,555009,python,[JIT],0x00007a2d2f44d458
990434.0,555009,python,[JIT],0x00007a2d2f45f1b2
990434.0,555009,python,[JIT],0x00007a2d2f467111
990433.0,555009,python,[JIT],0x00007a2d2f410abf
990433.0,554984,python,[JIT],0x00007603c14338fc
990433.0,554984,python,[JIT],0x00007603c1bce57d
990432.0,554998,python,[JIT],0x00007895546a3707
990431.0,554998,python,[JIT],0x0000789554685a30
990431.0,555009,python,[JIT],0x00007a2d2f6cba3e
990430.0,555009,python,[JIT],0x00007a2d2f45947b
990429.0,555035,python,[JIT],0x000074c039e74416
990429.0,554998,python,[JIT],0x0000789554688b24
990429.0,554998,python,[JIT],0x0000789554696c79
990429.0,555009,python,[JIT],0x00007a2d2f465034
990429.0,555046,python,[JIT],0x00007af46fa9f648
990429.0,555046,python,[JIT],0x00007af46fabdb52
990429.0,555046,python,[JIT],0x00007af46fad7b4b
990428.0,555023,python,[JIT],0x0000769391dbcab9
990428.0,555023,python,[JIT],0x0000769392f6700e
990428.0,555046,python,[JIT],0x00007af46fd3d44b
990428.0,554984,python,python,PyType_IsSubtype
990428.0,555009,python,[JIT],0x00007a2d2f6cb820
990427.0,555023,python,[JIT],0x000076939243885f
990427.0,555009,python,[JIT],0x00007a2d2f6cb337
990426.0,555035,python,[JIT],0x000074c039e0e0c4
990426.0,555035,python,[JIT],0x000074c039e7a88a
990426.0,555023,python,[JIT],0x0000769391dd8b17
990426.0,555009,python,[JIT],0x00007a2d2f6c904c
990426.0,555046,python,[JIT],0x00007af46fd3d23a
990426.0,554984,python,[JIT],0x00007603c14122e9
990425.0,554998,python,[JIT],0x000078955465abfc
990425.0,555009,python,[JIT],0x00007a2d2f6c9951
990425.0,555046,python,[JIT],0x00007af47076ac32
990425.0,554984,python,[JIT],0x00007603c144e16e
990425.0,555035,python,[JIT],0x000074c039e7e3de
990424.0,555009,python,[JIT],0x00007a2d2f46050f
990424.0,555009,python,[JIT],0x00007a2d2f4679aa
990424.0,554977,python,[JIT],0x0000747c7bf374aa
990424.0,554977,python,[JIT],0x0000747c7c5c466c
990424.0,555009,python,[JIT],0x00007a2d2f45fffe
990423.0,554977,python,[JIT],0x0000747c7bf3d6e5
990422.0,554998,python,[JIT],0x000078955468d685
990422.0,554998,python,[JIT],0x0000789555316000
990422.0,555009,python,[JIT],0x00007a2d2f465e1a
990422.0,555046,python,[JIT],0x00007af46fad3354
990421.0,555009,python,[JIT],0x00007a2d2f448005
990419.0,555023,python,[JIT],0x0000769391dbca66
990419.0,554998,python,[JIT],0x000078955469c807
990418.0,555035,python,[JIT],0x000074c039e33e37
990418.0,555009,python,[JIT],0x00007a2d2f45d86c
990418.0,555009,python,[JIT],0x00007a2d2f6c9c32
990417.0,554998,python,[JIT],0x00007895546a13c8
990417.0,555009,python,[JIT],0x00007a2d2f45e048
990417.0,554977,python,[JIT],0x0000747c7c1a0d5e
990416.0,555023,python,[JIT],0x0000769391d8685e
990416.0,555009,python,[JIT],0x00007a2d2f46637b
990415.0,555009,python,[JIT],0x00007a2d2f3e6fcd
990415.0,555009,python,[JIT],0x00007a2d2f4242a9
990415.0,555009,python,[JIT],0x00007a2d2f6cb4cb
990415.0,555009,python,[JIT],0x00007a2d2f6cc24a
990415.0,554977,python,[JIT],0x0000747c7bf230dc
990415.0,554984,python,[JIT],0x00007603c14327db
990414.0,554977,python,[JIT],0x0000747c7bf2d3e4
990413.0,555009,python,python,PyNumber_Long
990413.0,554984,python,[JIT],0x00007603c1444b68
990412.0,555023,python,[JIT],0x0000769391db88bb
990412.0,555009,python,[JIT],0x00007a2d2f464a26
990412.0,554977,python,[JIT],0x0000747c7bf3f586
990411.0,554998,python,[JIT],0x0000789554618abb
990411.0,554977,python,[JIT],0x0000747c7bf31281
990411.0,554977,python,[JIT],0x0000747c7bf3c156
990411.0,554977,python,[JIT],0x0000747c7c1a4a0b
990411.0,554984,python,[JIT],0x00007603c144e174
990410.0,554998,python,[JIT],0x00007895546a2aa8
990410.0,554998,python,[JIT],0x000078955531675c
990410.0,555009,python,[JIT],0x00007a2d2f3d57d8
990410.0,555009,python,[JIT],0x00007a2d2f6cf252
990410.0,554977,python,[JIT],0x0000747c7c1a40c0
990409.0,555023,python,[JIT],0x0000769391dd0332
990409.0,554984,python,[JIT],0x00007603c1433ff8
990408.0,555035,python,[JIT],0x000074c039e78c15
990408.0,555035,python,[JIT],0x000074c039e79ffe
990408.0,555009,python,python,_io_BytesIO___init__
990408.0,555046,python,[JIT],0x00007af46fabfcc0
990408.0,554977,python,[JIT],0x0000747c7befd239
990408.0,554984,python,[JIT],0x00007603c144d670
990407.0,554977,python,[JIT],0x0000747c7befdbcc
990405.0,555035,python,[JIT],0x000074c039e80d85
990405.0,555009,python,[JIT],0x00007a2d2f40c71e
990405.0,555009,python,[JIT],0x00007a2d2f4640fe
990404.0,555035,python,[JIT],0x000074c039e77393
990404.0,555009,python,[JIT],0x00007a2d2f45f9e0
990403.0,555035,python,[JIT],0x000074c039e605e0
990403.0,555009,python,[JIT],0x00007a2d2f458742
990402.0,555023,python,[JIT],0x0000769391dcec8f
990402.0,555009,python,[JIT],0x00007a2d2f410404
990402.0,555009,python,[JIT],0x00007a2d2f446fbd
990402.0,555009,python,[JIT],0x00007a2d2f6c9357
990402.0,554977,python,[JIT],0x0000747c7bf24351
990401.0,554998,python,[JIT],0x000078955469aff1
990401.0,555009,python,[JIT],0x00007a2d2f45e1c2
990400.0,555009,python,[JIT],0x00007a2d2f45d8b7
990399.0,555009,python,[JIT],0x00007a2d2f42866a
990399.0,555046,python,python,long_vectorcall
990399.0,554977,python,[JIT],0x0000747c7bf35970
990399.0,554977,python,[JIT],0x0000747c7bf3d060
990399.0,554984,python,[JIT],0x00007603c16b2be7
990398.0,555023,python,[JIT],0x0000769391dd5963
990398.0,555023,python,[JIT],0x000076939203cf85
990398.0,555009,python,[JIT],0x00007a2d2f45d93c
990397.0,555035,python,[JIT],0x000074c03a0e5b31
990397.0,555009,python,[JIT],0x00007a2d2f461142
990397.0,555009,python,[JIT],0x00007a2d2f4650fd
990397.0,555009,python,[JIT],0x00007a2d2f4656ec
990397.0,555009,python,[JIT],0x00007a2d2f6c9bc6
990395.0,555023,python,[JIT],0x0000769391db83da
990394.0,555023,python,[JIT],0x0000769391dcf7a4
990394.0,555009,python,[JIT],0x00007a2d2f45e730
990394.0,554977,python,[JIT],0x0000747c7c1a46e4
990393.0,555009,python,[JIT],0x00007a2d2f4464e8
990393.0,555046,python,[JIT],0x00007af46facc297
990392.0,554998,python,[JIT],0x00007895546a3bb4
990392.0,554984,python,[JIT],0x00007603c1446436
990392.0,554984,python,[JIT],0x00007603c20eb484
990391.0,555035,python,[JIT],0x000074c039e7a76a
990391.0,555023,python,[JIT],0x0000769391dc12a9
990391.0,555009,python,[JIT],0x00007a2d2f3deb68
990391.0,554977,python,[JIT],0x0000747c7bf3d31a
990390.0,554998,python,[JIT],0x00007895546a435d
990389.0,555009,python,python,PyObject_ClearManagedDict
990389.0,555009,python,[JIT],0x00007a2d2f464865
990389.0,555046,python,[JIT],0x00007af46facf0b5
990388.0,555046,python,[JIT],0x00007af46fabda6b
990387.0,554998,python,[JIT],0x000078955463a6f0
990387.0,555009,python,[JIT],0x00007a2d2f448468
990386.0,555035,python,[JIT],0x000074c039e781e7
990385.0,554998,python,[JIT],0x000078955461e5df
990385.0,554984,python,[JIT],0x00007603c144b064
990384.0,554977,python,[JIT],0x0000747c7bf24ee7
990383.0,554998,python,[JIT],0x000078955469ddb8
990383.0,555009,python,[JIT],0x00007a2d2f4647b2
990383.0,554977,python,[JIT],0x0000747c7bf1ffde
990383.0,554977,python,[JIT],0x0000747c7bf25167
990383.0,554977,python,[JIT],0x0000747c7c1a371d
990382.0,555023,python,[JIT],0x0000769391d861a3
990382.0,554998,python,[JIT],0x0000789554ce25dc
990382.0,554984,python,python,_PyObject_GC_NewVar
990381.0,554998,python,[JIT],0x000078955469dab6
990381.0,555009,python,[JIT],0x00007a2d2fa94391
990381.0,555046,python,[JIT],0x00007af46fad6dfc
990381.0,554977,python,[JIT],0x0000747c7bf28e3e
990381.0,554977,python,[JIT],0x0000747c7bf35b09
990380.0,555009,python,[JIT],0x00007a2d2f45005e
990379.0,555009,python,[JIT],0x00007a2d2f4152fb
990379.0,555009,python,[JIT],0x00007a2d2f464d93
990379.0,554977,python,[JIT],0x0000747c7c1a6c27
990378.0,554977,python,python,realloc@plt
990378.0,554977,python,[JIT],0x0000747c7bf25cb2
990377.0,555023,python,[JIT],0x0000769391dc982f
990377.0,555009,python,[JIT],0x00007a2d2f441737
990376.0,555009,python,[JIT],0x00007a2d2f466b38
990376.0,554984,python,[JIT],0x00007603c13d2c4a
990373.0,555035,python,[JIT],0x000074c03a0e6643
990373.0,554998,python,[JIT],0x0000789554654fe3
990373.0,555009,python,[JIT],0x00007a2d2f3f22b9
990373.0,555009,python,[JIT],0x00007a2d2f6cc6be
990373.0,554977,python,[JIT],0x0000747c7bf3ca26
990373.0,554984,python,[JIT],0x00007603c1446836
990372.0,554998,python,[JIT],0x00007895549067c3
990372.0,555009,python,[JIT],0x00007a2d2f4657c9
990372.0,554977,python,[JIT],0x0000747c7bf35cf0
990372.0,554984,python,[JIT],0x00007603c14243e9
990371.0,555009,python,[JIT],0x00007a2d2f44711d
990371.0,555009,python,[JIT],0x00007a2d2f6cb7a2
990371.0,555046,python,[JIT],0x00007af46fad1ac1
990371.0,554977,python,[JIT],0x0000747c7beb27a3
990370.0,555023,python,[JIT],0x0000769391d9b5eb
990370.0,555046,python,[JIT],0x00007af46fad776b
990369.0,555023,python,[JIT],0x0000769391db87c9
990369.0,554984,python,libc.so.6,malloc_consolidate
990369.0,555009,python,[JIT],0x00007a2d2f3de061
990368.0,555035,python,[JIT],0x000074c03a0e5b8b
990368.0,554984,python,[JIT],0x00007603c144433e
990367.0,555035,python,[JIT],0x000074c039e777b6
990367.0,555009,python,[JIT],0x00007a2d2f447405
990367.0,555009,python,[JIT],0x00007a2d2f4486bf
990366.0,554998,python,[JIT],0x00007895546895e4
990366.0,555009,python,[JIT],0x00007a2d2f464a75
990365.0,555023,python,[JIT],0x0000769391dd0fe6
990365.0,554998,python,[JIT],0x000078955469c23f
990365.0,555009,python,[JIT],0x00007a2d2f40d014
990365.0,554984,python,[JIT],0x00007603c140e8d8
990364.0,555035,python,[JIT],0x000074c03a0e60d0
990364.0,554998,python,[JIT],0x00007895546a1f5b
990364.0,555009,python,[JIT],0x00007a2d2f447649
990364.0,555009,python,[JIT],0x00007a2d2f4610d8
990364.0,555046,python,[JIT],0x00007af46fab92b0
990364.0,555046,python,[JIT],0x00007af46fada35f
990363.0,554998,python,[JIT],0x0000789554909081
990363.0,554977,python,[JIT],0x0000747c7bf23bb3
990362.0,555009,python,[JIT],0x00007a2d2f45155d
990362.0,555046,python,[JIT],0x00007af46fac73e9
990360.0,555009,python,[JIT],0x00007a2d2f460c03
990360.0,555009,python,[JIT],0x00007a2d2f46763d
990360.0,554977,python,[JIT],0x0000747c7c1a30f7
990359.0,555009,python,[JIT],0x00007a2d2f3db9c3
990359.0,555009,python,[JIT],0x00007a2d2f43b313
990359.0,555009,python,[JIT],0x00007a2d2f446224
990359.0,554977,python,[JIT],0x0000747c7bf2465e
990359.0,554977,python,[JIT],0x0000747c7bf2578e
990357.0,555046,python,[JIT],0x00007af46faab191
990357.0,555035,python,[JIT],0x000074c039e824ec
990355.0,554984,python,[JIT],0x00007603c16b33f3
990354.0,554998,python,[JIT],0x0000789554668423
990354.0,554977,python,[JIT],0x0000747c7c1a49e9
990352.0,555035,python,[JIT],0x000074c039e6760b
990352.0,554977,python,[JIT],0x0000747c7bed3af6
990351.0,555035,python,[JIT],0x000074c039e60620
990351.0,555035,python,[JIT],0x000074c039e6785b
990351.0,555009,python,[JIT],0x00007a2d2f44846b
990351.0,555046,python,[JIT],0x00007af46facb9bb
990350.0,555023,python,[JIT],0x0000769391dd52da
990350.0,554977,python,[JIT],0x0000747c7bf37d14
990349.0,555023,python,[JIT],0x0000769391d96c93
990348.0,555009,python,[JIT],0x00007a2d2f3df412
990348.0,555009,python,[JIT],0x00007a2d2f40c5dc
990348.0,555009,python,[JIT],0x00007a2d2f44b8ec
990347.0,555009,python,[JIT],0x00007a2d2f46585a
990346.0,555009,python,[JIT],0x00007a2d2f44b539
990346.0,555009,python,[JIT],0x00007a2d2f46087c
990346.0,554977,python,[JIT],0x0000747c7bf249b7
990346.0,554984,python,[JIT],0x00007603c144c5a2
990345.0,555009,python,[JIT],0x00007a2d2f46451d
990345.0,554984,python,[JIT],0x00007603c16b2763
990344.0,555009,python,[JIT],0x00007a2d2f465225
990344.0,555035,python,[JIT],0x000074c03a0e54aa
990343.0,555023,python,[JIT],0x0000769391dd68a2
990342.0,555023,python,[JIT],0x0000769391dd1cbd
990342.0,554998,python,[JIT],0x00007895546a53c9
990342.0,554984,python,[JIT],0x00007603c1432ef3
990342.0,555035,python,python,_PyDict_SetItem_Take2
990341.0,554984,python,[JIT],0x00007603c14325b3
990340.0,554977,python,_struct.cpython-316-x86_64-linux-gnu.so,PyType_GetModuleByDef@plt
990339.0,555046,python,[JIT],0x00007af46fab9555
990338.0,554998,python,[JIT],0x00007895546a4d9f
990338.0,555009,python,[JIT],0x00007a2d2f460f4a
990338.0,554977,python,[kernel.kallsyms],account_user_time
990337.0,555009,python,[JIT],0x00007a2d2f44ef94
990337.0,554977,python,[JIT],0x0000747c7bf3e914
990337.0,554977,python,[JIT],0x0000747c7c59fac0
990337.0,555035,python,[JIT],0x000074c039e781b6
990335.0,554998,python,[JIT],0x00007895546842bf
990335.0,554977,python,_struct.cpython-316-x86_64-linux-gnu.so,PyLong_AsLong@plt
990334.0,555023,python,[JIT],0x0000769391dbea16
990334.0,554977,python,[JIT],0x0000747c7bf39125
990333.0,555009,python,[JIT],0x00007a2d2f467152
990333.0,554977,python,[JIT],0x0000747c7bf3e63f
990332.0,555035,python,[JIT],0x000074c039e67c7c
990332.0,555035,python,[JIT],0x000074c039e809fb
990332.0,555023,python,[JIT],0x0000769391dd518b
990332.0,555023,python,[JIT],0x0000769391dd6154
990332.0,555009,python,[JIT],0x00007a2d2f44d4ae
990332.0,554977,python,python,memory_dealloc
990332.0,554984,python,[kernel.kallsyms],perf_event_task_tick
990332.0,554984,python,[JIT],0x00007603c142df4f
990332.0,554984,python,[JIT],0x00007603c143f622
990330.0,555035,python,python,enum_new_impl
990330.0,554984,python,[JIT],0x00007603c14459a1
990330.0,555009,python,[JIT],0x00007a2d2f6cb81d
990329.0,555009,python,[JIT],0x00007a2d2f46524d
990327.0,555035,python,[JIT],0x000074c039e7e9ca
990327.0,554998,python,[JIT],0x000078955469c158
990327.0,555009,python,[JIT],0x00007a2d2f45def2
990325.0,555009,python,[JIT],0x00007a2d2f4170b7
990324.0,554977,python,[JIT],0x0000747c7bf247c4
990324.0,554977,python,[JIT],0x0000747c7bf3c20e
990322.0,554984,python,[JIT],0x00007603c14479c8
990321.0,555035,python,[JIT],0x000074c039e79184
990321.0,554998,python,[JIT],0x00007895546a52d9
990321.0,555009,python,[JIT],0x00007a2d2f4605aa
990321.0,555009,python,[JIT],0x00007a2d2f461240
990321.0,554977,python,[JIT],0x0000747c7bf35c5a
990320.0,554977,python,[JIT],0x0000747c7bf3f1f4
990319.0,555023,python,[JIT],0x0000769391dbd6fe
990319.0,555009,python,[JIT],0x00007a2d2f450088
990317.0,554984,python,[JIT],0x00007603c16b217a
990316.0,555035,python,[JIT],0x000074c03a0e612b
990316.0,555035,python,libc.so.6,cfree@GLIBC_2.2.5
990315.0,555023,python,[JIT],0x0000769391db873f
990315.0,555009,python,[JIT],0x00007a2d2f465cf1
990315.0,554977,python,[JIT],0x0000747c7bf3d988
990315.0,554977,python,[JIT],0x0000747c7bf3e1d3
990315.0,554984,python,[JIT],0x00007603c142efe0
990315.0,555009,python,[JIT],0x00007a2d2f4663be
990314.0,555023,python,[JIT],0x0000769391dd948e
990312.0,555035,python,[JIT],0x000074c039e60c3f
990312.0,555009,python,[JIT],0x00007a2d2f4553e1
990312.0,554977,python,[JIT],0x0000747c7bf3ed51
990311.0,554998,python,[JIT],0x0000789554696075
990310.0,554984,python,[JIT],0x00007603c13e0dda
990309.0,555035,python,[JIT],0x000074c039e41f93
990309.0,555009,python,[JIT],0x00007a2d2f451569
990309.0,555009,python,[JIT],0x00007a2d2f464754
990309.0,554977,python,[JIT],0x0000747c7bf2345f
990308.0,555009,python,[JIT],0x00007a2d2f6cbd01
990308.0,555046,python,[JIT],0x00007af46fad20e2
990307.0,555023,python,[JIT],0x0000769391db7440
990307.0,555009,python,[JIT],0x00007a2d2f45e51e
990307.0,555009,python,[JIT],0x00007a2d2f45eaf3
990307.0,555009,python,[JIT],0x00007a2d2f6cc19d
990306.0,554984,python,[JIT],0x00007603c140e757
990305.0,555046,python,[JIT],0x00007af46fad8464
990304.0,555023,python,[JIT],0x0000769391dd6f6d
990304.0,555009,python,[JIT],0x00007a2d2f45ddd3
990303.0,554998,python,[JIT],0x0000789554683af7
990302.0,555035,python,[JIT],0x000074c039e61a90
990302.0,555009,python,[JIT],0x00007a2d2f6cbf85
990302.0,554977,python,[JIT],0x0000747c7c1a554c
990302.0,554984,python,[JIT],0x00007603c14449f4
990301.0,555009,python,[JIT],0x00007a2d2f4678d4
990301.0,555046,python,[JIT],0x00007af46fabd49a
990301.0,554984,python,[JIT],0x00007603c1aa9170
990300.0,555035,python,[JIT],0x000074c039e3c2eb
990300.0,555035,python,[JIT],0x000074c039e54ee8
990300.0,555035,python,[JIT],0x000074c03a4f87c5
990300.0,554977,python,[JIT],0x0000747c7bf31ac4
990300.0,554977,python,[JIT],0x0000747c7bf391fb
990300.0,554984,python,[JIT],0x00007603c1428bc0
990299.0,554998,python,[JIT],0x0000789554908b25
990299.0,555009,python,[JIT],0x00007a2d2f45ecaa
990298.0,555046,python,[JIT],0x00007af46fab9745
990298.0,554977,python,[JIT],0x0000747c7bf1feef
990298.0,554984,python,[JIT],0x00007603c14326dc
990297.0,555023,python,[JIT],0x0000769391dc1a4a
990296.0,555009,python,[JIT],0x00007a2d2f467e73
990295.0,555009,python,[JIT],0x00007a2d2f6c9fb5
990295.0,554984,python,[JIT],0x00007603c1432b0f
990294.0,555009,python,[JIT],0x00007a2d2f45dd47
990294.0,555009,python,[JIT],0x00007a2d2f467e10
990293.0,554977,python,[JIT],0x0000747c7bf3f208
990292.0,555023,python,[JIT],0x000076939203d95a
990292.0,555009,python,[JIT],0x00007a2d2f42e9e2
990292.0,555009,python,[JIT],0x00007a2d2f464f39
990292.0,554977,python,[JIT],0x0000747c7bf23e8c
990291.0,555009,python,[JIT],0x00007a2d2f4586dd
990291.0,554977,python,[JIT],0x0000747c7bf25c47
990290.0,555009,python,[JIT],0x00007a2d2f6cc296
990288.0,554998,python,[JIT],0x00007895546842c3
990288.0,555009,python,[JIT],0x00007a2d2f3f197e
990286.0,554977,python,[JIT],0x0000747c7bf368a9
990284.0,554998,python,[JIT],0x0000789555316b8d
990284.0,555009,python,[JIT],0x00007a2d2f4605dc
990282.0,555009,python,[JIT],0x00007a2d2f464c55
990282.0,554998,python,python,PyObject_Malloc
990281.0,554998,python,[JIT],0x0000789554659000
990281.0,555046,python,[JIT],0x00007af46fa627b3
990281.0,554977,python,[JIT],0x0000747c7c1a73ef
990280.0,555035,python,[JIT],0x000074c039e82080
990280.0,555009,python,[JIT],0x00007a2d2f45fec2
990280.0,555009,python,[JIT],0x00007a2d2f6cf3f4
990280.0,555035,python,[JIT],0x000074c03a0e6311
990279.0,555023,python,[JIT],0x0000769391dd6ffa
990279.0,555009,python,[JIT],0x00007a2d2f4479f4
990279.0,555046,python,[JIT],0x00007af46faba6d5
990279.0,555035,python,[JIT],0x000074c039e79400
990277.0,555023,python,[JIT],0x0000769391dcf720
990277.0,555009,python,[JIT],0x00007a2d2f465562
990276.0,554977,python,[JIT],0x0000747c7c1a3d9b
990274.0,554998,python,[JIT],0x0000789554668816
990274.0,555009,python,[JIT],0x00007a2d2f44da94
990274.0,555009,python,[JIT],0x00007a2d2f458f81
990273.0,555009,python,[JIT],0x00007a2d2f46454d
990273.0,554977,python,[JIT],0x0000747c7bf281e8
990272.0,555009,python,[JIT],0x00007a2d2f3f7805
990272.0,554998,python,python,strlen@plt
990271.0,555023,python,[JIT],0x0000769391dd75da
990271.0,555009,python,[JIT],0x00007a2d2f45e907
990271.0,555009,python,[JIT],0x00007a2d2f45fff4
990271.0,555009,python,[JIT],0x00007a2d2f464e5d
990271.0,554977,python,[JIT],0x0000747c7c5c4f3c
990270.0,554998,python,[JIT],0x00007895553169e7
990270.0,555009,python,[JIT],0x00007a2d2f45e77e
990270.0,555009,python,[JIT],0x00007a2d2f45e9bc
990270.0,555009,python,[JIT],0x00007a2d2f466ab2
990269.0,555009,python,[JIT],0x00007a2d2f46075e
990269.0,555009,python,[JIT],0x00007a2d2f6cc599
990269.0,554977,python,[JIT],0x0000747c7bf206b6
990268.0,554998,python,[JIT],0x00007895546a1cbb
990267.0,554998,python,[JIT],0x00007895552eb204
990267.0,555009,python,[JIT],0x00007a2d2f40c2a1
990267.0,554977,python,[JIT],0x0000747c7bf1e4a2
990266.0,555035,python,[JIT],0x000074c039e1c12d
990266.0,555023,python,[JIT],0x000076939245d0fe
990265.0,555035,python,[JIT],0x000074c039e3b96a
990264.0,554998,python,[JIT],0x00007895552eb23e
990264.0,554977,python,python,init_flags
990264.0,554984,python,[JIT],0x00007603c144ba53
990263.0,554998,python,[JIT],0x00007895546a2504
990263.0,555009,python,[JIT],0x00007a2d2f4506c4
990262.0,554984,python,[JIT],0x00007603c1bce66c
990261.0,555035,python,[JIT],0x000074c039e77153
990261.0,555009,python,[JIT],0x00007a2d2f44c41a
990261.0,555009,python,[JIT],0x00007a2d2f6cb6dd
990261.0,554984,python,[JIT],0x00007603c144d3b1
990260.0,555009,python,[JIT],0x00007a2d2f4649af
990260.0,554977,python,[JIT],0x0000747c7bed71ec
990259.0,555023,python,[JIT],0x0000769391dd73a2
990259.0,555009,python,[JIT],0x00007a2d2f40f725
990258.0,555035,python,[JIT],0x000074c039e802c1
990258.0,555035,python,[JIT],0x000074c03a0e5f25
990258.0,555023,python,[JIT],0x0000769391d9c53f
990258.0,555023,python,[JIT],0x0000769391dd53d2
990257.0,555009,python,[JIT],0x00007a2d2f45d3e8
990257.0,554977,python,[JIT],0x0000747c7beca1c0
990257.0,554977,python,[JIT],0x0000747c7bf3f8d0
990255.0,554998,python,[JIT],0x00007895546887db
990255.0,555046,python,[JIT],0x00007af46fad0f0e
990255.0,555009,python,[JIT],0x00007a2d2f464538
990253.0,554977,python,[JIT],0x0000747c7bf362a1
990253.0,554984,python,[JIT],0x00007603c1400551
990252.0,555009,python,[JIT],0x00007a2d2f458825
990252.0,555009,python,[JIT],0x00007a2d2f4660e6
990252.0,555046,python,[JIT],0x00007af46fad8678
990251.0,555009,python,[JIT],0x00007a2d2f3ee4cf
990250.0,555035,python,[JIT],0x000074c039e6111d
990248.0,555035,python,[JIT],0x000074c039e80f65
990248.0,554977,python,[JIT],0x0000747c7c1a12f8
990247.0,555046,python,[JIT],0x00007af46fad8721
990247.0,554984,python,[JIT],0x00007603c1447dc7
990246.0,555023,python,[JIT],0x0000769391dca815
990245.0,554998,python,[JIT],0x000078955469c4ed
990245.0,554984,python,python,_io_BytesIO_getbuffer
990244.0,555023,python,[JIT],0x0000769391d8d863
990243.0,555009,python,[JIT],0x00007a2d2f45a743
990242.0,555035,python,[JIT],0x000074c039e614ad
990241.0,555023,python,[JIT],0x0000769391dd85f6
990241.0,555009,python,[JIT],0x00007a2d2f6cb662
990241.0,555046,python,[JIT],0x00007af46facbaad
990240.0,555023,python,[JIT],0x0000769391dd18f8
990240.0,554977,python,[JIT],0x0000747c7bf2577b
990239.0,555009,python,[JIT],0x00007a2d2f466c49
990239.0,555009,python,[JIT],0x00007a2d2f6c9359
990238.0,555035,python,[JIT],0x000074c039e74325
990237.0,555009,python,[JIT],0x00007a2d2f44b36a
990237.0,555009,python,[JIT],0x00007a2d2f44d58c
990237.0,555009,python,[JIT],0x00007a2d2f464ccf
990236.0,555035,python,[JIT],0x000074c039e791d3
990236.0,555023,python,[JIT],0x0000769391d952c6
990236.0,555035,python,[JIT],0x000074c039e775f2
990235.0,554998,python,[JIT],0x000078955464295d
990235.0,555009,python,[JIT],0x00007a2d2f44842c
990235.0,555009,python,[JIT],0x00007a2d2f6c9d43
990234.0,554998,python,[JIT],0x000078955462419b
990233.0,554977,python,[JIT],0x0000747c7bf15a73
990232.0,555023,python,[JIT],0x0000769391dac407
990232.0,555009,python,[JIT],0x00007a2d2f4489ca
990232.0,555046,python,[JIT],0x00007af46facf423
990232.0,554984,python,[JIT],0x00007603c144ba3f
990231.0,554998,python,[JIT],0x00007895546364d0
990231.0,555009,python,[JIT],0x00007a2d2f45fcd8
990231.0,554977,python,[JIT],0x0000747c7bf2584f
990230.0,555009,python,[JIT],0x00007a2d2f468438
990230.0,555009,python,[JIT],0x00007a2d2f6cb15e
990229.0,555046,python,[JIT],0x00007af46fa88b0a
990228.0,555035,python,[JIT],0x000074c039e73334
990227.0,554998,python,[JIT],0x000078955469d25f
990225.0,554998,python,[JIT],0x000078955468889c
990225.0,555009,python,[JIT],0x00007a2d2f464d89
990224.0,554998,python,[JIT],0x0000789554689064
990224.0,554998,python,[JIT],0x00007895546a31c3
990224.0,554977,python,[JIT],0x0000747c7bf25beb
990219.0,555009,python,[JIT],0x00007a2d2f46736e
990218.0,555009,python,[JIT],0x00007a2d2f6cc8d5
990218.0,555046,python,[JIT],0x00007af46fad2f34
990218.0,554977,python,[JIT],0x0000747c7bf23a7b
990218.0,554984,python,[JIT],0x00007603c1446340
990217.0,555023,python,[JIT],0x0000769391dbc57e
990216.0,555009,python,[JIT],0x00007a2d2f45e699
990216.0,554998,python,[JIT],0x000078955469ddcb
990215.0,555009,python,[JIT],0x00007a2d2f44b693
990215.0,555009,python,[JIT],0x00007a2d2f4671c0
990214.0,555009,python,[JIT],0x00007a2d2f46509c
990213.0,555023,python,[JIT],0x0000769391dbcd47
990213.0,554998,python,[JIT],0x000078955469c81a
990211.0,554998,python,[JIT],0x0000789554635886
990211.0,555009,python,[JIT],0x00007a2d2f464e1f
990210.0,555009,python,[JIT],0x00007a2d2f450878
990210.0,555046,python,[JIT],0x00007af46fabdd9a
990210.0,554977,python,[JIT],0x0000747c7bea9000
990209.0,555009,python,[JIT],0x00007a2d2f464bd9
990208.0,555009,python,[JIT],0x00007a2d2f4469b5
990205.0,555009,python,[JIT],0x00007a2d2f4481ff
990205.0,555009,python,[JIT],0x00007a2d2f460dcb
990205.0,555009,python,[JIT],0x00007a2d2f4650e4
990204.0,555023,python,[JIT],0x0000769391dbca1f
990204.0,555023,python,[JIT],0x0000769391dd50ab
990202.0,555023,python,[JIT],0x0000769391db85df
990202.0,554998,python,[JIT],0x000078955467981d
990202.0,555009,python,[JIT],0x00007a2d2f44b1d5
990202.0,555009,python,[JIT],0x00007a2d2f44caab
990202.0,555009,python,[JIT],0x00007a2d2f464b50
990201.0,555035,python,[JIT],0x000074c039e6a119
990201.0,554977,python,[JIT],0x0000747c7befdf87
990199.0,554977,python,[JIT],0x0000747c7bedd914
990199.0,554984,python,[JIT],0x00007603c1445ed9
990198.0,554998,python,[JIT],0x000078955469cc8c
990198.0,555009,python,[JIT],0x00007a2d2f46595d
990197.0,555009,python,[JIT],0x00007a2d2f45da12
990197.0,554977,python,[JIT],0x0000747c7bf25bcb
990195.0,555009,python,[kernel.kallsyms],pmd_val
990195.0,555009,python,[JIT],0x00007a2d2f45e131
990194.0,555009,python,python,list_iter
990194.0,555009,python,[JIT],0x00007a2d2f6cc292
990194.0,554977,python,[JIT],0x0000747c7bec2817
990193.0,555009,python,[JIT],0x00007a2d2f3d22be
990193.0,555009,python,[JIT],0x00007a2d2f4480a0
990193.0,555009,python,[JIT],0x00007a2d2f6cb3aa
990193.0,555009,python,[JIT],0x00007a2d2f6cbedc
990193.0,554977,python,[JIT],0x0000747c7bf245af
990192.0,555023,python,[JIT],0x000076939245d969
990192.0,554998,python,[JIT],0x0000789554688c8c
990192.0,554998,python,[JIT],0x000078955468aca5
990192.0,555009,python,[JIT],0x00007a2d2f45dfc6
990189.0,555009,python,[JIT],0x00007a2d2f3fd930
990188.0,555023,python,[JIT],0x0000769391db8335
990188.0,555009,python,[JIT],0x00007a2d2f4606f8
990188.0,554977,python,[JIT],0x0000747c7bf1ee95
990187.0,554998,python,[JIT],0x0000789554689990
990185.0,555009,python,[JIT],0x00007a2d2f45f2c1
990185.0,555009,python,[JIT],0x00007a2d2f6c9a29
990185.0,555009,python,[JIT],0x00007a2d2f46727e
990184.0,555046,python,[JIT],0x00007af46faae580
990184.0,555046,python,[JIT],0x00007af46fab5a1e
990184.0,554977,python,[JIT],0x0000747c7bf3c94f
990183.0,555023,python,[JIT],0x0000769391d85e3d
990183.0,554977,python,[JIT],0x0000747c7bf363fd
990182.0,555009,python,[JIT],0x00007a2d2f45f588
990181.0,555046,python,[JIT],0x00007af46fad06c9
990180.0,555023,python,[JIT],0x0000769391dd5f5b
990180.0,554998,python,[JIT],0x0000789554651c1c
990178.0,555009,python,[JIT],0x00007a2d2f44cece
990178.0,554977,python,[JIT],0x0000747c7bf1e8bf
990177.0,555035,python,[JIT],0x000074c039e7f5f2
990177.0,555009,python,[JIT],0x00007a2d2f6c9ccd
990177.0,555046,python,[JIT],0x00007af46fad6f2f
990177.0,555009,python,[JIT],0x00007a2d2f459ac4
990176.0,555009,python,[JIT],0x00007a2d2f464495
990175.0,555009,python,[JIT],0x00007a2d2f4475ce
990174.0,555009,python,python,_PyObject_Calloc
990174.0,555009,python,python,unicode_split
990173.0,555023,python,[JIT],0x0000769391d4a111
990173.0,555009,python,[JIT],0x00007a2d2f467fff
990172.0,554977,python,[JIT],0x0000747c7bf30ae2
990171.0,555023,python,[JIT],0x0000769391dd176a
990171.0,554998,python,python,PySequence_Contains
990168.0,554984,python,[JIT],0x00007603c16b23d7
990168.0,555009,python,[JIT],0x00007a2d2f6c9748
990166.0,554998,python,[JIT],0x000078955467a2ab
990165.0,554977,python,[JIT],0x0000747c7bf3c6c8
990164.0,555046,python,[JIT],0x00007af46fad9bfa
990162.0,555009,python,[JIT],0x00007a2d2f459400
990160.0,555009,python,[JIT],0x00007a2d2f6c708a
990157.0,555009,python,[JIT],0x00007a2d2f6c9eb0
990156.0,555009,python,[JIT],0x00007a2d2f45fc8c
990156.0,555009,python,[JIT],0x00007a2d2f6cc5d7
990155.0,555035,python,[JIT],0x000074c03ae13818
990155.0,555009,python,[JIT],0x00007a2d2f451fcd
990154.0,555009,python,[JIT],0x00007a2d2f464175
990153.0,555009,python,[JIT],0x00007a2d2f40d386
990153.0,555009,python,[JIT],0x00007a2d2f4474e7
990153.0,555009,python,[JIT],0x00007a2d2f465ba3
990151.0,554984,python,[JIT],0x00007603c1446a0d
990150.0,555035,python,[JIT],0x000074c039e627f4
990150.0,554984,python,[JIT],0x00007603c16b4a42
990150.0,554984,python,[JIT],0x00007603c1bce3ce
990149.0,554984,python,[JIT],0x00007603c144015f
990148.0,555009,python,[JIT],0x00007a2d2f464734
990148.0,555009,python,[JIT],0x00007a2d2f466e09
990148.0,555009,python,[JIT],0x00007a2d2f6c9f56
990148.0,555009,python,[JIT],0x00007a2d300eb146
990147.0,555009,python,python,bytesiobuf_getbuffer
990145.0,554998,python,[JIT],0x000078955468de9a
990145.0,555009,python,[JIT],0x00007a2d2f460715
990144.0,555009,python,[JIT],0x00007a2d2f45e919
990144.0,555009,python,[JIT],0x00007a2d2f6cc3e0
990144.0,554984,python,[JIT],0x00007603c144e039
990142.0,555046,python,[JIT],0x00007af46faba44e
990142.0,555046,python,[JIT],0x00007af46fad8914
990141.0,554998,python,[JIT],0x000078955469b77e
990141.0,555009,python,[JIT],0x00007a2d2f464997
990139.0,554998,python,[JIT],0x000078955469d0e2
990138.0,554998,python,[JIT],0x0000789554684335
990137.0,555023,python,[JIT],0x000076939203c59d
990137.0,555009,python,[JIT],0x00007a2d2f43c394
990137.0,555009,python,[JIT],0x00007a2d2f6c71bd
990137.0,554984,python,[JIT],0x00007603c16b3292
990135.0,554998,python,[JIT],0x00007895546a36a3
990132.0,555046,python,[JIT],0x00007af46facfa0a
990132.0,554984,python,[JIT],0x00007603c143fa5c
990130.0,555009,python,[JIT],0x00007a2d2f4680be
990129.0,555009,python,[JIT],0x00007a2d2f46867a
990126.0,555009,python,[JIT],0x00007a2d2f446cdc
990125.0,555009,python,[JIT],0x00007a2d2f4476b3
990125.0,555009,python,[JIT],0x00007a2d2f45d917
990123.0,555009,python,[JIT],0x00007a2d2f6cb4b2
990123.0,555009,python,[JIT],0x00007a2d2f44bb83
990122.0,555009,python,[JIT],0x00007a2d2f448011
990122.0,555009,python,[JIT],0x00007a2d2f4678ab
990122.0,554977,python,[JIT],0x0000747c7bf31422
990121.0,555035,python,[JIT],0x000074c039e79404
990121.0,554977,python,[JIT],0x0000747c7bf3853a
990120.0,555035,python,[JIT],0x000074c03ae13a91
990119.0,554998,python,[JIT],0x00007895546613e1
990119.0,555009,python,[JIT],0x00007a2d2f6cb7bf
990117.0,555046,python,python,find_first_nonascii
990115.0,555009,python,[JIT],0x00007a2d2f45d913
990115.0,555009,python,[JIT],0x00007a2d2f4643ba
990115.0,555046,python,[JIT],0x00007af46fad2371
990114.0,554998,python,[JIT],0x0000789554688dd8
990111.0,555023,python,[JIT],0x000076939203cb9d
990111.0,554998,python,[JIT],0x00007895546890bf
990111.0,555009,python,[JIT],0x00007a2d2f4605ee
990109.0,555035,python,[JIT],0x000074c039e775d1
990109.0,555035,python,[JIT],0x000074c039e8003e
990108.0,555035,python,[JIT],0x000074c039e78f43
990108.0,555023,python,[JIT],0x0000769391db94d0
990107.0,555023,python,[JIT],0x000076939203d660
990107.0,554977,python,[JIT],0x0000747c7c1a3097
990105.0,555009,python,[JIT],0x00007a2d2f447415
990105.0,555009,python,[JIT],0x00007a2d2f45a587
990104.0,554998,python,[JIT],0x000078955469a5e0
990103.0,555023,python,[JIT],0x000076939203c214
990099.0,555009,python,[JIT],0x00007a2d2f466ae5
990098.0,555023,python,[JIT],0x0000769391dce86e
990098.0,555009,python,[JIT],0x00007a2d2f43d2ab
990098.0,555046,python,[JIT],0x00007af46fd3d5ed
990096.0,555023,python,[JIT],0x0000769391dd5d89
990096.0,555009,python,[JIT],0x00007a2d2f45d82e
990096.0,555009,python,[JIT],0x00007a2d2f460dd0
990095.0,555035,python,[JIT],0x000074c039e7738b
990093.0,554998,python,python,tuple_hash
990093.0,555009,python,[JIT],0x00007a2d2f464d42
990092.0,555009,python,[JIT],0x00007a2d2f4679d5
990090.0,555035,python,[JIT],0x000074c03a0e56eb
990090.0,555009,python,[JIT],0x00007a2d2f459e2f
990089.0,555009,python,[JIT],0x00007a2d2f40ca09
990088.0,554998,python,[JIT],0x000078955469de7e
990088.0,554984,python,[JIT],0x00007603c1bcef58
990087.0,554984,python,[JIT],0x00007603c16b3a93
990085.0,554998,python,[JIT],0x000078955466075c
990085.0,554977,python,[JIT],0x0000747c7bf3ef9b
990083.0,555009,python,[JIT],0x00007a2d2f6cc91e
990083.0,555046,python,[JIT],0x00007af46fd3e69a
990082.0,554998,python,[JIT],0x000078955469b048
990082.0,554998,python,[JIT],0x0000789554906013
990082.0,554984,python,[JIT],0x00007603c144b8eb
990079.0,554977,python,[JIT],0x0000747c7bf358a1
990078.0,555009,python,[JIT],0x00007a2d2f45ec0f
990078.0,555046,python,[JIT],0x00007af46fac31a4
990077.0,555009,python,[JIT],0x00007a2d2f44beed
990076.0,554998,python,python,PyNumber_Long
990076.0,555009,python,[JIT],0x00007a2d2f44835b
990076.0,555009,python,[JIT],0x00007a2d2f45d9b5
990076.0,555009,python,[JIT],0x00007a2d2f46419a
990076.0,554977,python,[JIT],0x0000747c7bf36ff8
990076.0,554984,python,[JIT],0x00007603c144b30e
990075.0,555035,python,[JIT],0x000074c039e7f8c1
990075.0,554977,python,[JIT],0x0000747c7bf40393
990074.0,554998,python,[JIT],0x00007895546a2ebf
990074.0,554977,python,[JIT],0x0000747c7bf39343
990074.0,554984,python,[JIT],0x00007603c144122b
990073.0,555035,python,[JIT],0x000074c039e77992
990073.0,555009,python,[JIT],0x00007a2d2f4651c5
990072.0,555046,python,[JIT],0x00007af46fad7476
990071.0,555009,python,[JIT],0x00007a2d2f446513
990071.0,554977,python,[JIT],0x0000747c7beb257d
990070.0,555023,python,[JIT],0x0000769391dc1731
990070.0,554984,python,python,_PyType_AllocNoTrack
990069.0,555009,python,[JIT],0x00007a2d2f44b5cb
990067.0,555035,python,python,int_bit_length
990067.0,555035,python,[JIT],0x000074c039e7e89f
990067.0,554998,python,[JIT],0x000078955469d61d
990067.0,554998,python,[JIT],0x00007895546a5363
990067.0,555009,python,[JIT],0x00007a2d2f45db94
990067.0,554977,python,[JIT],0x0000747c7bf1e9fd
990066.0,554977,python,[JIT],0x0000747c7c5c4b8d
990064.0,555035,python,python,_PyMem_RawRealloc
990064.0,555009,python,[JIT],0x00007a2d2f460cf9
990060.0,555009,python,[JIT],0x00007a2d2f415662
990060.0,554977,python,[JIT],0x0000747c7bf37d60
990060.0,554977,python,[JIT],0x0000747c7bf40316
990060.0,554984,python,[JIT],0x00007603c144bc19
990059.0,555009,python,python,_PyCompactLong_Add
990059.0,555009,python,[JIT],0x00007a2d2f4649b8
990055.0,555035,python,[JIT],0x000074c039e79e35
990054.0,555046,python,[JIT],0x00007af46fad0529
990053.0,555009,python,[JIT],0x00007a2d2f6cbee5
990053.0,554977,python,[JIT],0x0000747c7bf3d24f
990051.0,555009,python,[JIT],0x00007a2d2f3ffd1e
990051.0,554977,python,[JIT],0x0000747c7bf37222
990050.0,555035,python,[JIT],0x000074c039e817ad
990050.0,555023,python,[JIT],0x0000769391dd0133
990050.0,554998,python,[JIT],0x000078955466a04a
990049.0,554998,python,[JIT],0x00007895546a15f0
990049.0,555046,python,[JIT],0x00007af46fad2a5d
990048.0,555046,python,[JIT],0x00007af46fab9967
990047.0,555009,python,python,new_dict.constprop.0
990047.0,554977,python,[JIT],0x0000747c7bf1ef86
990047.0,554998,python,[JIT],0x00007895553333d3
990045.0,554998,python,[JIT],0x00007895546a2d9e
990045.0,555009,python,[JIT],0x00007a2d2f6cb1f1
990045.0,554977,python,[JIT],0x0000747c7bf28d1e
990044.0,554998,python,[JIT],0x00007895546a48a8
990044.0,554984,python,[JIT],0x00007603c144db8d
990043.0,555009,python,[JIT],0x00007a2d2f459832
990042.0,555009,python,[JIT],0x00007a2d2f461293
990041.0,555035,python,[JIT],0x000074c039e773d2
990039.0,555035,python,[JIT],0x000074c039e66eac
990039.0,555009,python,[JIT],0x00007a2d2f460ea9
990037.0,555035,python,[JIT],0x000074c039e77cd4
990037.0,555035,python,[JIT],0x000074c039e7ee2e
990037.0,555009,python,[JIT],0x00007a2d2f6cbd83
990035.0,555035,python,[JIT],0x000074c039e74407
990035.0,555023,python,[JIT],0x000076939203cbc8
990031.0,555009,python,[JIT],0x00007a2d2f450677
990029.0,554984,python,[JIT],0x00007603c14448e0
990027.0,555035,python,[JIT],0x000074c039e81571
990027.0,555009,python,[JIT],0x00007a2d2f45f1ec
990027.0,554984,python,[JIT],0x00007603c144def0
990025.0,555023,python,[JIT],0x0000769391d84ba7
990025.0,555023,python,[JIT],0x0000769391db8b55
990025.0,555009,python,[JIT],0x00007a2d2f44cc9a
990025.0,554977,python,[JIT],0x0000747c7c1a342a
990023.0,555035,python,python,_Py_hashtable_get
990023.0,555046,python,[JIT],0x00007af46fad9d10
990023.0,554984,python,[JIT],0x00007603c142de53
990020.0,555009,python,[JIT],0x00007a2d2f6c9e00
990013.0,555009,python,[JIT],0x00007a2d2f446412
990011.0,555023,python,[JIT],0x000076939203c24e
990009.0,555009,python,[JIT],0x00007a2d2f3fdbd8
990009.0,554977,python,[JIT],0x0000747c7bf2912a
990007.0,554977,python,[JIT],0x0000747c7bf29357
990004.0,554998,python,[JIT],0x000078955469b3fd
990004.0,554998,python,[JIT],0x000078955469d584
990000.0,555035,python,[JIT],0x000074c03a0e5910
989999.0,555023,python,[kernel.kallsyms],__rmqueue_pcplist
989998.0,555009,python,[JIT],0x00007a2d2f3db453
989996.0,555009,python,[JIT],0x00007a2d2f45e3a9
989994.0,555009,python,[JIT],0x00007a2d2f4644e4
989993.0,554998,python,python,PyImport_ImportModuleLevelObject
989992.0,554998,python,[JIT],0x00007895546a4a93
989991.0,555046,python,[JIT],0x00007af46fd3e7d3
989990.0,554977,python,[JIT],0x0000747c7bf1e33d
989990.0,554977,python,[JIT],0x0000747c7bf1fc95
989989.0,554984,python,[JIT],0x00007603c144c268
989989.0,554984,python,[JIT],0x00007603c1bce4a4
989988.0,555035,python,[JIT],0x000074c039e61dee
989988.0,555035,python,[JIT],0x000074c039e80bbe
989988.0,555009,python,python,batched_dealloc
989987.0,554998,python,[JIT],0x00007895553168c4
989985.0,554998,python,[JIT],0x00007895546a3bdd
989985.0,555009,python,[JIT],0x00007a2d2f3d2fc1
989985.0,555046,python,[JIT],0x00007af46fa7717c
989983.0,555035,python,[JIT],0x000074c03ae21000
989983.0,555046,python,[JIT],0x00007af46fabe7ba
989982.0,555023,python,[JIT],0x0000769391d6a643
989980.0,555009,python,[JIT],0x00007a2d2f6c936e
989980.0,555046,python,[JIT],0x00007af46fab8a41
989979.0,554998,python,[JIT],0x00007895546842bb
989979.0,554998,python,[JIT],0x00007895546a225d
989977.0,555009,python,[JIT],0x00007a2d2f45d1c8
989977.0,555046,python,[JIT],0x00007af470a1341c
989976.0,555035,python,[JIT],0x000074c039df1118
989976.0,555035,python,[JIT],0x000074c039e7a11d
989976.0,555009,python,[JIT],0x00007a2d2f458387
989976.0,555009,python,[JIT],0x00007a2d2f6c9df1
989975.0,554998,python,[JIT],0x00007895546a2776
989972.0,555035,python,[JIT],0x000074c039e800e6
989971.0,555023,python,[JIT],0x0000769391dc357d
989971.0,554977,python,[JIT],0x0000747c7bf1e1af
989971.0,554977,python,[JIT],0x0000747c7bf372f0
989970.0,555046,python,[JIT],0x00007af46fad1f6a
989969.0,554984,python,[JIT],0x00007603c1445d46
989969.0,555035,python,[JIT],0x000074c039e826a2
989968.0,555009,python,[JIT],0x00007a2d2f44c977
989968.0,554977,python,[JIT],0x0000747c7bf1e574
989967.0,555009,python,[JIT],0x00007a2d2f465776
989965.0,555046,python,[JIT],0x00007af46fada27f
989963.0,555035,python,[JIT],0x000074c039e613b1
989962.0,555035,python,[JIT],0x000074c03a0e5d83
989962.0,554998,python,python,int_bit_length
989961.0,555009,python,[JIT],0x00007a2d2f46619b
989960.0,554998,python,[JIT],0x000078955469a86e
989959.0,555023,python,[JIT],0x0000769391d94081
989959.0,555023,python,[JIT],0x0000769391db8ff5
989958.0,555009,python,[JIT],0x00007a2d2f45e480
989958.0,554984,python,[JIT],0x00007603c144e8f7
989957.0,555023,python,python,realloc@plt
989957.0,555009,python,[JIT],0x00007a2d2f4473fe
989957.0,554977,python,python,dictiter_dealloc
989954.0,554998,python,[JIT],0x000078955469550e
989953.0,555023,python,[JIT],0x0000769391dd5543
989952.0,554998,python,[JIT],0x0000789554691286
989950.0,555023,python,[JIT],0x0000769391dd0a06
989950.0,554984,python,[JIT],0x00007603c16b3520
989949.0,554984,python,[JIT],0x00007603c1447e8e
989949.0,554998,python,[JIT],0x000078955469aeab
989948.0,555009,python,[JIT],0x00007a2d2f45d06f
989948.0,555046,python,[JIT],0x00007af46fad0d07
989947.0,555009,python,[JIT],0x00007a2d2f3f0ffd
989944.0,555035,python,[JIT],0x000074c039e7b1e6
989942.0,555035,python,[JIT],0x000074c039e81e58
989942.0,555023,python,[JIT],0x0000769392438604
989941.0,554998,python,[JIT],0x00007895546a1f07
989937.0,554977,python,[JIT],0x0000747c7bf3c3d6
989937.0,554984,python,[JIT],0x00007603c1446bba
989931.0,554977,python,[JIT],0x0000747c7bf23f77
989931.0,554984,python,python,PyObject_IsSubclass
989930.0,555009,python,python,object_recursive_isinstance
989930.0,555009,python,[JIT],0x00007a2d2f467e5e
989930.0,554977,python,[JIT],0x0000747c7bf3c656
989929.0,555009,python,[JIT],0x00007a2d2f4163ef
989926.0,555009,python,[JIT],0x00007a2d2f44b010
989925.0,555035,python,[JIT],0x000074c039e66553
989925.0,555009,python,[JIT],0x00007a2d2f4683c2
989924.0,554977,python,[JIT],0x0000747c7c1a0599
989921.0,555009,python,[JIT],0x00007a2d2f43a084
989921.0,555046,python,[JIT],0x00007af46fd3e2c3
989919.0,554977,python,[JIT],0x0000747c7c6cd70f
989917.0,555035,python,[JIT],0x000074c039e7e7b2
989915.0,555009,python,[JIT],0x00007a2d2f3d466c
989913.0,555009,python,[JIT],0x00007a2d2f44ba4f
989910.0,554998,python,[JIT],0x0000789554684f6e
989910.0,555046,python,[JIT],0x00007af46fa957fc
989909.0,555046,python,[JIT],0x00007af46fad9ded
989908.0,555023,python,[JIT],0x0000769391dd0f2e
989905.0,555035,python,[JIT],0x000074c039e65e45
989900.0,555046,python,[JIT],0x00007af46fac2be4
989900.0,555046,python,[JIT],0x00007af46fad6c69
989899.0,554998,python,[JIT],0x00007895546961ea
989898.0,555046,python,python,mbuf_dealloc
989897.0,555035,python,[JIT],0x000074c039e7a6a2
989894.0,555009,python,[JIT],0x00007a2d2f4660fc
989893.0,555046,python,[JIT],0x00007af47076a07e
989892.0,555023,python,[JIT],0x0000769391dd0e5d
989891.0,555046,python,[JIT],0x00007af46fad01c7
989891.0,554977,python,[JIT],0x0000747c7bf20614
989891.0,554984,python,[JIT],0x00007603c1437731
989890.0,555023,python,[JIT],0x0000769391dd624d
989887.0,555009,python,[JIT],0x00007a2d2f400b73
989886.0,554998,python,[JIT],0x000078955469e06b
989886.0,554977,python,[JIT],0x0000747c7bf36220
989884.0,555046,python,python,PyNumber_Index
989883.0,555009,python,[JIT],0x00007a2d2f465129
989882.0,555023,python,[JIT],0x0000769391d9cb0d
989882.0,555023,python,[JIT],0x0000769391dd15aa
989881.0,555023,python,[JIT],0x0000769391dd2074
989880.0,554998,python,[JIT],0x000078955469c691
989878.0,555023,python,[JIT],0x0000769391dd1e44
989878.0,554977,python,[JIT],0x0000747c7bf30dc9
989876.0,555023,python,[JIT],0x0000769391dce3dd
989875.0,554984,python,python,PyObject_RichCompare
989875.0,554998,python,[JIT],0x0000789554688a66
989875.0,554998,python,[JIT],0x00007895546958df
989875.0,554998,python,[JIT],0x00007895546a1425
989873.0,555009,python,[JIT],0x00007a2d2f45ec32
989869.0,554998,python,[JIT],0x000078955465a1fb
989869.0,554998,python,[JIT],0x0000789554689a44
989868.0,554998,python,[JIT],0x00007895546676b1
989868.0,555046,python,[JIT],0x00007af46fad269e
989867.0,554984,python,[JIT],0x00007603c14085fe
989866.0,555035,python,[JIT],0x000074c039e7424d
989866.0,554998,python,[JIT],0x00007895546a4fb3
989865.0,554984,python,[JIT],0x00007603c14020b7
989864.0,555009,python,[JIT],0x00007a2d2f460280
989863.0,555009,python,[JIT],0x00007a2d2f424a02
989863.0,554984,python,[JIT],0x00007603c1432bf1
989863.0,554984,python,[JIT],0x00007603c144dead
989863.0,555009,python,python,_PyCallMethodDescriptorFastWithKeywords_StackRef
989860.0,554984,python,[JIT],0x00007603c1bce06f
989859.0,555009,python,[JIT],0x00007a2d2f464fbd
989859.0,555009,python,[JIT],0x00007a2d2f6cb6a9
989858.0,555009,python,[JIT],0x00007a2d2f6c956c
989858.0,554998,python,python,_PyCallMethodDescriptorFastWithKeywords_StackRef
989856.0,554977,python,[JIT],0x0000747c7bf4025a
989852.0,554984,python,[JIT],0x00007603c16b3345
989849.0,555023,python,[JIT],0x0000769391dc981a
989849.0,554998,python,[JIT],0x000078955469bcea
989849.0,555009,python,[JIT],0x00007a2d2f44896b
989848.0,554984,python,[JIT],0x00007603c24137f6
989847.0,555023,python,[JIT],0x000076939203d2fc
989846.0,554998,python,[JIT],0x00007895546a12da
989841.0,555035,python,[JIT],0x000074c039e79421
989840.0,554998,python,[JIT],0x00007895546a5782
989840.0,554977,python,[JIT],0x0000747c7bf202d6
989838.0,555035,python,[JIT],0x000074c039e73e0c
989838.0,555046,python,[JIT],0x00007af46facb4be
989836.0,555023,python,[JIT],0x000076939204025c
989834.0,555046,python,[JIT],0x00007af46facff64
989833.0,555023,python,[JIT],0x0000769391dc1ffe
989829.0,554998,python,[JIT],0x0000789554688300
989828.0,554977,python,[JIT],0x0000747c7bf236bc
989827.0,555035,python,[JIT],0x000074c039e79376
989824.0,555009,python,[JIT],0x00007a2d2f6cc444
989822.0,554984,python,[JIT],0x00007603c143f3ac
989821.0,554998,python,[JIT],0x00007895546887cc
989819.0,555009,python,[JIT],0x00007a2d2f46713d
989817.0,554998,python,[JIT],0x000078955466edc7
989817.0,554998,python,[JIT],0x000078955469dffb
989817.0,555046,python,[JIT],0x00007af46fad0d23
989815.0,554984,python,[JIT],0x00007603c16b200a
989815.0,555009,python,[JIT],0x00007a2d2f4469d0
989813.0,554977,python,[JIT],0x0000747c7bf30efc
989812.0,554998,python,[JIT],0x0000789554696464
989811.0,554998,python,[JIT],0x00007895546a29b3
989810.0,555046,python,[JIT],0x00007af46fad1f08
989810.0,554984,python,[JIT],0x00007603c144d7ad
989809.0,554977,python,[JIT],0x0000747c7bf20671
989805.0,554984,python,[JIT],0x00007603c1447ada
989803.0,554998,python,[JIT],0x00007895546a494a
989803.0,555046,python,[JIT],0x00007af46fad677e
989798.0,555035,python,[JIT],0x000074c03ae13527
989797.0,555009,python,[JIT],0x00007a2d2f6c9ca2
989796.0,554998,python,[JIT],0x000078955468357f
989796.0,555009,python,[JIT],0x00007a2d2f45d621
989791.0,555009,python,[JIT],0x00007a2d2f4669d7
989789.0,555035,python,[JIT],0x000074c039e7f22e
989788.0,555046,python,[JIT],0x00007af46fad6175
989788.0,554984,python,[JIT],0x00007603c25d900a
989783.0,555035,python,[JIT],0x000074c039e77f1c
989783.0,555009,python,[JIT],0x00007a2d2f45f421
989780.0,555009,python,[JIT],0x00007a2d2f44c8fc
989780.0,554977,python,[JIT],0x0000747c7bf3f1ba
989780.0,554977,python,[JIT],0x0000747c7c1a0010
989780.0,554998,python,[JIT],0x00007895546a117b
989778.0,554977,python,[JIT],0x0000747c7bf3c330
989776.0,555009,python,[JIT],0x00007a2d2f40f931
989775.0,555009,python,[JIT],0x00007a2d2f6cb6d6
989770.0,555023,python,[JIT],0x0000769391dd92ca
989770.0,555009,python,[JIT],0x00007a2d2f447e3e
989770.0,555009,python,[JIT],0x00007a2d2f44ba35
989770.0,554977,python,[JIT],0x0000747c7bf3e36f
989769.0,555023,python,[JIT],0x0000769391db9773
989767.0,554977,python,[JIT],0x0000747c7bf3804d
989767.0,555009,python,[JIT],0x00007a2d2f464fdb
989766.0,555009,python,[JIT],0x00007a2d2f4681f2
989764.0,554998,python,[JIT],0x00007895546a43cd
989763.0,555035,python,[JIT],0x000074c039e7708f
989763.0,554998,python,[JIT],0x000078955469b4d7
989761.0,555035,python,[JIT],0x000074c03a0e598b
989760.0,555009,python,[JIT],0x00007a2d2f45f8a5
989758.0,555035,python,[JIT],0x000074c039e7febf
989757.0,555023,python,[JIT],0x0000769392039ec8
989756.0,555023,python,[JIT],0x0000769391db9964
989754.0,555046,python,[JIT],0x00007af46fabd9fc
989748.0,555035,python,[JIT],0x000074c039e7edd0
989747.0,555035,python,[JIT],0x000074c039e800d1
989747.0,554998,python,[JIT],0x0000789555316913
989747.0,555046,python,[JIT],0x00007af46fad62ae
989746.0,554977,python,[JIT],0x0000747c7bee659e
989746.0,554977,python,[JIT],0x0000747c7bf3840f
989745.0,555035,python,[JIT],0x000074c039e6599b
989745.0,555046,python,[JIT],0x00007af46fa7ff5c
989744.0,555035,python,[JIT],0x000074c039e65355
989743.0,554984,python,[JIT],0x00007603c1432228
989742.0,554998,python,[JIT],0x0000789554684ce0
989741.0,554977,python,[JIT],0x0000747c7bf3fac6
989738.0,554984,python,[JIT],0x00007603c144be37
989731.0,555046,python,[JIT],0x00007af470725855
989731.0,555046,python,[JIT],0x00007af47074c4f2
989730.0,555035,python,[JIT],0x000074c039e7f3b5
989730.0,555023,python,[JIT],0x0000769391d9bc06
989727.0,555009,python,[JIT],0x00007a2d2f4667fe
989726.0,555023,python,[JIT],0x0000769391dc503f
989726.0,554998,python,[JIT],0x00007895546841e2
989725.0,555023,python,[JIT],0x0000769391d8f081
989725.0,554984,python,[JIT],0x00007603c144d924
989724.0,554977,python,[JIT],0x0000747c7bf205d8
989723.0,555009,python,[JIT],0x00007a2d2f6c9df8
989723.0,554977,python,[JIT],0x0000747c7bf25be6
989723.0,554977,python,[JIT],0x0000747c7bf390ad
989721.0,555035,python,[JIT],0x000074c039e8008a
989720.0,555035,python,[JIT],0x000074c03a0e5cf7
989720.0,554998,python,[JIT],0x0000789554688feb
989720.0,555046,python,[JIT],0x00007af46fad726c
989719.0,555023,python,[JIT],0x0000769391dd81cb
989717.0,554998,python,[JIT],0x000078955468aba8
989715.0,555009,python,[JIT],0x00007a2d2f459f2b
989714.0,555009,python,[JIT],0x00007a2d2f45fd53
989714.0,554977,python,[JIT],0x0000747c7bf1a9a6
989712.0,554998,python,[JIT],0x0000789554909259
989712.0,554977,python,[JIT],0x0000747c7bf3e3a5
989709.0,554998,python,[JIT],0x00007895546a1724
989703.0,554977,python,[JIT],0x0000747c7bf37588
989701.0,555023,python,[JIT],0x0000769391dd5268
989700.0,554977,python,[JIT],0x0000747c7bef7654
989699.0,554998,python,[JIT],0x00007895558316c1
989695.0,554977,python,[JIT],0x0000747c7bf3f2fa
989692.0,554977,python,[JIT],0x0000747c7bf366c9
989688.0,555009,python,[JIT],0x00007a2d2f466a6e
989688.0,554984,python,[JIT],0x00007603c16b2126
989687.0,554977,python,[JIT],0x0000747c7bf20386
989686.0,554977,python,[JIT],0x0000747c7bf37579
989685.0,555009,python,[JIT],0x00007a2d2f448815
989685.0,555035,python,[JIT],0x000074c03a0e6160
989684.0,555035,python,[JIT],0x000074c039e54f72
989684.0,554998,python,[JIT],0x00007895546a577d
989684.0,554977,python,[JIT],0x0000747c7bf35dcc
989683.0,554977,python,[JIT],0x0000747c7bf37f47
989682.0,555046,python,[JIT],0x00007af46fd3d0c2
989682.0,554984,python,[JIT],0x00007603c1447ef0
989680.0,555023,python,[JIT],0x0000769391dcf341
989679.0,555023,python,[JIT],0x0000769391d944f3
989679.0,555023,python,[JIT],0x0000769391dd222c
989677.0,555009,python,[JIT],0x00007a2d2f6cc49e
989675.0,554977,python,[JIT],0x0000747c7c5c4b68
989674.0,555009,python,[JIT],0x00007a2d2f464299
989668.0,554998,python,[JIT],0x000078955468918f
989668.0,555009,python,python,Py_HashBuffer
989667.0,555009,python,[JIT],0x00007a2d2f4486d8
989667.0,555046,python,[JIT],0x00007af46fd3d6fa
989659.0,554998,python,[JIT],0x00007895552ebac5
989658.0,555009,python,[JIT],0x00007a2d2f459140
989657.0,554998,python,[JIT],0x00007895546a4b1f
989656.0,554984,python,_struct.cpython-316-x86_64-linux-gnu.so,PyBytesWriter_FinishWithSize@plt
989656.0,554984,python,[JIT],0x00007603c142de12
989655.0,554977,python,[JIT],0x0000747c7bf39295
989653.0,555023,python,[JIT],0x0000769391dc1707
989652.0,554984,python,[JIT],0x00007603c144f514
989649.0,555035,python,[JIT],0x000074c039e7e30e
989649.0,554977,python,[JIT],0x0000747c7bf3f678
989643.0,554998,python,[JIT],0x00007895546a1d7e
989642.0,555035,python,[JIT],0x000074c039e61d74
989640.0,554977,python,[JIT],0x0000747c7bf3f6e4
989638.0,554984,python,[JIT],0x00007603c1438048
989637.0,554977,python,[JIT],0x0000747c7c5c4a0b
989636.0,555046,python,[JIT],0x00007af46fad6d00
989635.0,555046,python,[JIT],0x00007af46fa8f4bb
989635.0,554984,python,[JIT],0x00007603c144c04f
989634.0,554998,python,[JIT],0x000078955469dfd1
989633.0,555023,python,[JIT],0x000076939257b494
989633.0,554998,python,python,PyObject_ClearWeakRefs
989633.0,555046,python,[JIT],0x00007af46fad04cd
989633.0,555046,python,[JIT],0x00007af46fad254e
989633.0,554977,python,[JIT],0x0000747c7bf36199
989631.0,555035,python,[JIT],0x000074c039e8034f
989627.0,554998,python,[JIT],0x0000789554688806
989626.0,555046,python,[JIT],0x00007af46facf5c8
989625.0,555035,python,[JIT],0x000074c039e6550e
989625.0,554977,python,[JIT],0x0000747c7bf31aad
989624.0,555009,python,[JIT],0x00007a2d2f466dd3
989622.0,555023,python,[JIT],0x000076939257b25c
989620.0,555046,python,[JIT],0x00007af46facfac6
989619.0,555023,python,[JIT],0x000076939203c478
989617.0,555035,python,[JIT],0x000074c039e78296
989616.0,554984,python,[JIT],0x00007603c1444db3
989616.0,555009,python,[JIT],0x00007a2d2f466f6f
989614.0,555023,python,[JIT],0x000076939203d639
989614.0,555035,python,[JIT],0x000074c03ae2128b
989611.0,555009,python,[JIT],0x00007a2d2f42fd9f
989603.0,554998,python,[JIT],0x00007895546896e5
989602.0,555023,python,[JIT],0x0000769391db8255
989594.0,555009,python,[JIT],0x00007a2d2f45ea13
989594.0,554977,python,python,_PyStaticType_GetState
989591.0,554984,python,[JIT],0x00007603c1445f7d
989591.0,554998,python,[JIT],0x00007895546a209c
989590.0,554998,python,[JIT],0x00007895549081e2
989586.0,554977,python,[JIT],0x0000747c7bf29580
989585.0,555009,python,[JIT],0x00007a2d2f6c71e5
989582.0,554977,python,[JIT],0x0000747c7bf3698a
989580.0,555009,python,[JIT],0x00007a2d2f465de0
989578.0,555009,python,[JIT],0x00007a2d2f6cc42e
989577.0,555046,python,[JIT],0x00007af46faba1a8
989577.0,554984,python,[JIT],0x00007603c144c1e4
989576.0,555009,python,[JIT],0x00007a2d2f3db9dc
989575.0,554998,python,[JIT],0x000078955469acf0
989573.0,555035,python,[JIT],0x000074c039e6596c
989572.0,555046,python,[kvm],pvclock_gtod_notify
989570.0,554998,python,python,_PyMem_RawRealloc
989568.0,555009,python,[JIT],0x00007a2d2f45ffa1
989566.0,555023,python,[JIT],0x0000769391dd5663
989566.0,554998,python,[JIT],0x00007895546a4ade
989565.0,555035,python,[JIT],0x000074c039e7eb50
989565.0,554984,python,[JIT],0x00007603c144c0d3
989555.0,554977,python,[JIT],0x0000747c7bf3fcb0
989551.0,554998,python,[JIT],0x000078955469b6f6
989549.0,555009,python,python,optimize_uops.isra.0
989547.0,555009,python,[JIT],0x00007a2d2f6cb95d
989545.0,555035,python,[JIT],0x000074c039e7f8c5
989545.0,554984,python,[JIT],0x00007603c144f7bd
989545.0,554998,python,[JIT],0x00007895546a3b89
989545.0,554998,python,[JIT],0x0000789555316597
989544.0,555009,python,[JIT],0x00007a2d2f6cd1ed
989537.0,555035,python,[JIT],0x000074c03a0e523a
989537.0,555009,python,[JIT],0x00007a2d2f45fa28
989536.0,555046,python,[JIT],0x00007af46fada45b
989535.0,555009,python,[JIT],0x00007a2d2f465b7d
989534.0,555035,python,[JIT],0x000074c039e77a0a
989534.0,554977,python,[JIT],0x0000747c7bf3fedd
989533.0,555009,python,[JIT],0x00007a2d2f45e8ce
989532.0,555035,python,[JIT],0x000074c039e73377
989531.0,554984,python,[JIT],0x00007603c14381c3
989529.0,554998,python,[JIT],0x00007895546a3618
989529.0,554977,python,[JIT],0x0000747c7bf3cd1c
989529.0,554984,python,[JIT],0x00007603c1407c67
989528.0,555046,python,[JIT],0x00007af4706ebe2b
989527.0,554998,python,[JIT],0x00007895546a288f
989524.0,554977,python,[JIT],0x0000747c7bf3cb1a
989522.0,554984,python,[JIT],0x00007603c1bcee9a
989521.0,554984,python,[JIT],0x00007603c144e29b
989520.0,555023,python,[JIT],0x0000769391dbcf06
989520.0,554984,python,[JIT],0x00007603c144caf2
989519.0,555023,python,[JIT],0x000076939245d762
989518.0,555046,python,[JIT],0x00007af46fad7edd
989516.0,555046,python,[JIT],0x00007af46fab9d1f
989516.0,555046,python,[JIT],0x00007af46fad251b
989514.0,555035,python,[JIT],0x000074c039e79a1e
989514.0,554998,python,[JIT],0x00007895549096f3
989514.0,554984,python,[JIT],0x00007603c144b589
989510.0,555009,python,[JIT],0x00007a2d2f45d88e
989510.0,554977,python,[JIT],0x0000747c7bf23a7f
989507.0,554984,python,[JIT],0x00007603c1445ee4
989506.0,554998,python,[JIT],0x00007895549087db
989497.0,554977,python,[JIT],0x0000747c7bf3722c
989497.0,554984,python,[JIT],0x00007603c16b2eaa
989493.0,555035,python,[JIT],0x000074c039e0fadb
989492.0,555035,python,[JIT],0x000074c039e77703
989492.0,554998,python,[JIT],0x0000789555316f2d
989491.0,555035,python,[JIT],0x000074c039e7eb44
989490.0,554984,python,[JIT],0x00007603c1446421
989488.0,555035,python,[JIT],0x000074c039e7216b
989488.0,554998,python,[JIT],0x00007895546968e9
989487.0,554977,python,[JIT],0x0000747c7bf1e29c
989482.0,554998,python,[JIT],0x00007895546a5100
989481.0,555023,python,[JIT],0x000076939203daf6
989480.0,554984,python,[JIT],0x00007603c16b468b
989478.0,555035,python,[JIT],0x000074c039e62268
989476.0,554977,python,[JIT],0x0000747c7bf3e7d0
989474.0,555046,python,[JIT],0x00007af46fad08fd
989473.0,555046,python,[JIT],0x00007af46fad6ca9
989470.0,554977,python,[JIT],0x0000747c7c5c4f51
989468.0,554984,python,[JIT],0x00007603c1447b37
989465.0,554998,python,[JIT],0x000078955469de92
989460.0,555009,python,python,strrchr@plt
989460.0,555046,python,[JIT],0x00007af46fad61e9
989460.0,554998,python,[JIT],0x000078955469c56a
989458.0,554977,python,[JIT],0x0000747c7bf244fe
989458.0,554984,python,[JIT],0x00007603c144d942
989456.0,555009,python,python,PyObject_Size
989455.0,555035,python,[JIT],0x000074c03a0e5b41
989454.0,555023,python,[JIT],0x0000769391dd2397
989452.0,554984,python,[JIT],0x00007603c16b413f
989452.0,555009,python,python,type_call
989451.0,554977,python,[JIT],0x0000747c7bf1ee53
989451.0,554977,python,[JIT],0x0000747c7bf3d504
989447.0,555035,python,[JIT],0x000074c039e61a0f
989447.0,554998,python,[JIT],0x00007895546a13c3
989446.0,555046,python,[JIT],0x00007af46fad7129
989445.0,555046,python,[JIT],0x00007af46fd3e467
989444.0,554998,python,[JIT],0x00007895546a49bc
989444.0,554984,python,[JIT],0x00007603c142dc20
989442.0,554977,python,[JIT],0x0000747c7c1a4a36
989441.0,555009,python,[JIT],0x00007a2d2f45e2aa
989439.0,555046,python,python,_PyDict_FromItems
989438.0,554984,python,[JIT],0x00007603c16b3720
989438.0,554998,python,[JIT],0x0000789554683bed
989436.0,555035,python,[JIT],0x000074c039e664bc
989435.0,555046,python,[JIT],0x00007af46fad69bb
989432.0,554977,python,[JIT],0x0000747c7bf357ab
989430.0,555009,python,[JIT],0x00007a2d2f44d79d
989427.0,554998,python,[JIT],0x00007895546a3993
989427.0,555009,python,[JIT],0x00007a2d2f4484ef
989424.0,555023,python,[JIT],0x0000769391dd7914
989424.0,554977,python,[JIT],0x0000747c7c1a4100
989421.0,555023,python,[JIT],0x0000769391dcef2e
989413.0,555035,python,python,_PyTuple_FromPairSteal
989410.0,554977,python,[JIT],0x0000747c7bf3832d
989408.0,554998,python,[JIT],0x00007895546951b3
989406.0,555035,python,[JIT],0x000074c039e79b67
989405.0,555009,python,[JIT],0x00007a2d2f4684cb
989399.0,555035,python,python,PyLong_AsUnsignedLongLong
989399.0,555009,python,[JIT],0x00007a2d2f45f133
989398.0,554977,python,[JIT],0x0000747c7bef465c
989395.0,555035,python,[JIT],0x000074c039e7a4f2
989392.0,555009,python,[JIT],0x00007a2d2f467dfe
989392.0,554977,python,[JIT],0x0000747c7bf363a5
989391.0,555023,python,[JIT],0x000076939203d7f0
989390.0,555023,python,[JIT],0x0000769391dcfb06
989387.0,555023,python,[JIT],0x0000769391dced95
989386.0,554984,python,libc.so.6,__strrchr_avx2
989384.0,555009,python,[JIT],0x00007a2d2f4657f4
989384.0,554984,python,[JIT],0x00007603c14297d1
989383.0,554984,python,python,int_bit_length
989379.0,555009,python,[JIT],0x00007a2d2f6cb17a
989377.0,555009,python,[JIT],0x00007a2d2f461128
989373.0,555009,python,[JIT],0x00007a2d2f6cc4f1
989369.0,554984,python,[JIT],0x00007603c1bce95d
989368.0,554977,python,[JIT],0x0000747c7bf24cd7
989364.0,555009,python,[JIT],0x00007a2d2f42871f
989364.0,554977,python,[JIT],0x0000747c7beeabcc
989364.0,554977,python,[JIT],0x0000747c7bf3d7f8
989361.0,554984,python,python,batched_dealloc
989360.0,554984,python,[JIT],0x00007603c14482f6
989359.0,555009,python,[JIT],0x00007a2d2f45ff31
989357.0,555046,python,[JIT],0x00007af46faba3ad
989352.0,554998,python,[JIT],0x00007895546a1b08
989351.0,554984,python,[JIT],0x00007603c144e2a5
989351.0,554977,python,[JIT],0x0000747c7bf1f502
989341.0,555009,python,[JIT],0x00007a2d2f466291
989336.0,555009,python,[JIT],0x00007a2d2f6c9ac7
989336.0,555009,python,[JIT],0x00007a2d2f6cbad5
989335.0,555046,python,[JIT],0x00007af46fad93b5
989333.0,555023,python,[JIT],0x0000769391dd871f
989320.0,554984,python,[JIT],0x00007603c142e2c3
989319.0,554984,python,[JIT],0x00007603c1402309
989318.0,555023,python,[JIT],0x000076939257bd69
989316.0,554984,python,[JIT],0x00007603c1434420
989314.0,555023,python,[JIT],0x0000769391d8da8c
989312.0,554984,python,[JIT],0x00007603c2413c4a
989312.0,555009,python,[JIT],0x00007a2d2f403911
989307.0,555035,python,[JIT],0x000074c039e8031e
989307.0,555035,python,[JIT],0x000074c039e7e51d
989306.0,555023,python,[JIT],0x000076939203c32e
989303.0,555023,python,[JIT],0x0000769391dbdd42
989302.0,555023,python,[JIT],0x0000769391dd6c7f
989302.0,554984,python,[JIT],0x00007603c144f30f
989301.0,555046,python,[JIT],0x00007af46fad0595
989300.0,554977,python,[JIT],0x0000747c7c1a363a
989300.0,554984,python,[JIT],0x00007603c1447f2f
989299.0,555035,python,[JIT],0x000074c039e2a4c3
989297.0,554984,python,[JIT],0x00007603c14442ec
989295.0,554984,python,[JIT],0x00007603c16b3643
989294.0,555046,python,[JIT],0x00007af46fad99aa
989293.0,554984,python,[JIT],0x00007603c144b16f
989292.0,555046,python,[JIT],0x00007af46fad0f82
989290.0,554977,python,[JIT],0x0000747c7c1a3b59
989285.0,555023,python,[JIT],0x0000769391dd8e71
989284.0,555009,python,[JIT],0x00007a2d2f459a90
989281.0,554998,python,[JIT],0x000078955469d878
989280.0,554977,python,[JIT],0x0000747c7bf371df
989278.0,555009,python,[JIT],0x00007a2d2f446cd5
989276.0,555023,python,[JIT],0x0000769391db8e2f
989276.0,555023,python,[JIT],0x0000769391dd6295
989276.0,555023,python,[JIT],0x0000769391dd73a8
989275.0,555023,python,[JIT],0x0000769391dd0cea
989273.0,555023,python,[JIT],0x0000769391dd5825
989272.0,555046,python,[JIT],0x00007af47076abca
989270.0,555046,python,[JIT],0x00007af46fab83a1
989269.0,554998,python,[JIT],0x00007895546a18ff
989268.0,554998,python,[JIT],0x00007895553164ac
989268.0,555009,python,[JIT],0x00007a2d2f466444
989265.0,554984,python,[JIT],0x00007603c144d432
989265.0,555035,python,python,PyType_GenericAlloc
989263.0,555035,python,[JIT],0x000074c039e7a8e5
989262.0,555023,python,[JIT],0x000076939257b729
989260.0,554977,python,[JIT],0x0000747c7c1a3662
989258.0,555009,python,[JIT],0x00007a2d2f45f9dd
989257.0,555009,python,[JIT],0x00007a2d2f4651e8
989255.0,555035,python,[JIT],0x000074c039e78865
989254.0,554977,python,[JIT],0x0000747c7bf3cd66
989251.0,555035,python,[JIT],0x000074c039e547cb
989251.0,554977,python,[JIT],0x0000747c7bf1edd7
989251.0,554977,python,[JIT],0x0000747c7bf305a8
989248.0,554984,python,[JIT],0x00007603c1445cd9
989247.0,554984,python,[JIT],0x00007603c1447c42
989246.0,554977,python,[JIT],0x0000747c7c1a3132
989244.0,555023,python,python,_PyObject_Call_Prepend
989241.0,555023,python,[JIT],0x0000769391d88a4d
989241.0,554977,python,[JIT],0x0000747c7bf1e139
989240.0,555009,python,[JIT],0x00007a2d2f466c2c
989237.0,555009,python,[JIT],0x00007a2d2f465467
989236.0,554977,python,[JIT],0x0000747c7bf35f2a
989235.0,555046,python,[JIT],0x00007af46fada567
989230.0,555035,python,python,_io_BytesIO_getvalue
989228.0,555009,python,[JIT],0x00007a2d2f45e9ec
989227.0,555046,python,[JIT],0x00007af46fada6a5
989226.0,555009,python,[JIT],0x00007a2d2f415408
989221.0,554977,python,[JIT],0x0000747c7bf38cc1
989219.0,554998,python,[JIT],0x0000789554684bf7
989218.0,554984,python,[JIT],0x00007603c144ce80
989217.0,555035,python,[JIT],0x000074c039e81ac6
989217.0,554977,python,[JIT],0x0000747c7bf358ba
989216.0,555035,python,[JIT],0x000074c039e78412
989216.0,554984,python,[JIT],0x00007603c144be08
989213.0,555046,python,[JIT],0x00007af46facf26a
989209.0,555023,python,[JIT],0x0000769391dd10c0
989205.0,555046,python,[JIT],0x00007af46fad014c
989204.0,555009,python,[JIT],0x00007a2d2f468520
989199.0,555009,python,[JIT],0x00007a2d2f4483e3
989198.0,555009,python,python,_PyInterpreterState_GetConfig
989196.0,555009,python,[JIT],0x00007a2d2f4664d6
989196.0,554984,python,[JIT],0x00007603c1432844
989191.0,554977,python,[JIT],0x0000747c7becb5fc
989186.0,554998,python,[JIT],0x00007895546a4981
989180.0,555046,python,[JIT],0x00007af46facf1c8
989179.0,555023,python,[JIT],0x0000769391dcfad4
989178.0,554998,python,[JIT],0x000078955468a874
989176.0,555023,python,[JIT],0x000076939203ca90
989175.0,554984,python,[JIT],0x00007603c1437a18
989174.0,555046,python,[JIT],0x00007af46fad9dd7
989174.0,554984,python,[JIT],0x00007603c142f46b
989169.0,555023,python,[JIT],0x0000769391dd6605
989165.0,555009,python,[JIT],0x00007a2d2f45d5d4
989165.0,554977,python,python,siphash13
989163.0,555046,python,[JIT],0x00007af46fad9f45
989162.0,554984,python,python,bytesio_new
989154.0,555009,python,[JIT],0x00007a2d2f6c9dac
989154.0,554984,python,[JIT],0x00007603c1420b7c
989153.0,555009,python,[JIT],0x00007a2d305ee119
989152.0,555035,python,[JIT],0x000074c03ae210d6
989151.0,555035,python,[JIT],0x000074c039e7f537
989151.0,555035,python,[JIT],0x000074c039e81fb9
989151.0,555035,python,[JIT],0x000074c03ae2125e
989149.0,554977,python,[JIT],0x0000747c7bf3d594
989148.0,555046,python,[JIT],0x00007af46fad90f0
989147.0,555035,python,[JIT],0x000074c039e7e0c0
989147.0,555009,python,[JIT],0x00007a2d2f45de59
989147.0,554984,python,[JIT],0x00007603c13faadf
989147.0,554984,python,[JIT],0x00007603c24131e7
989146.0,554998,python,[JIT],0x000078955469d1a4
989145.0,554984,python,[JIT],0x00007603c142f005
989143.0,555023,python,[JIT],0x0000769391dcea3e
989142.0,555009,python,[JIT],0x00007a2d2f461024
989141.0,555009,python,[JIT],0x00007a2d2f467464
989140.0,555023,python,[JIT],0x0000769391dd1530
989140.0,555035,python,[JIT],0x000074c039e7b121
989133.0,554984,python,[JIT],0x00007603c144f7c4
989132.0,555035,python,[JIT],0x000074c03ae132f5
989130.0,555023,python,[JIT],0x0000769391dd5bdb
989130.0,555023,python,[JIT],0x0000769391dd63c3
989130.0,555046,python,[JIT],0x00007af46facfdef
989127.0,555009,python,[JIT],0x00007a2d2f45e651
989126.0,555035,python,[JIT],0x000074c039e79f6a
989122.0,555035,python,[JIT],0x000074c039e77842
989122.0,555009,python,[JIT],0x00007a2d2f466689
989121.0,554984,python,[JIT],0x00007603c1446c6a
989119.0,555046,python,[JIT],0x00007af46fad7776
989118.0,555023,python,python,PyUnicode_RichCompare
989118.0,555009,python,[JIT],0x00007a2d2f4589f3
989117.0,554998,python,[JIT],0x0000789554689158
989117.0,555009,python,[JIT],0x00007a2d2f4601e7
989115.0,555035,python,[JIT],0x000074c039e78364
989115.0,555009,python,[JIT],0x00007a2d2f45d326
989115.0,554998,python,[JIT],0x0000789554695f5f
989112.0,555009,python,[JIT],0x00007a2d2f6cc2c3
989111.0,555023,python,[JIT],0x0000769391dd57b2
989109.0,555035,python,[JIT],0x000074c039e7a3f5
989106.0,555009,python,[JIT],0x00007a2d2f45fa4d
989105.0,555009,python,[JIT],0x00007a2d2f45d0fa
989104.0,555009,python,[JIT],0x00007a2d2f3fdbfb
989103.0,555009,python,[JIT],0x00007a2d2f46739a
989103.0,554984,python,[JIT],0x00007603c1434dfe
989102.0,554998,python,[JIT],0x00007895546970e2
989102.0,555009,python,[JIT],0x00007a2d2f4669bf
989098.0,554984,python,[JIT],0x00007603c142f413
989098.0,554984,python,[JIT],0x00007603c1446a53
989094.0,555046,python,[JIT],0x00007af46fad0449
989093.0,554998,python,[JIT],0x00007895546a57f1
989091.0,555023,python,[JIT],0x0000769391dd08dd
989089.0,555035,python,python,PyCMethod_New
989087.0,554998,python,[JIT],0x00007895546a1212
989083.0,554984,python,python,_PyCompactLong_Add
989077.0,555046,python,[JIT],0x00007af46fad0f05
989075.0,554998,python,[JIT],0x00007895546a38c4
989075.0,555009,python,[JIT],0x00007a2d2f4640e3
989066.0,554998,python,[JIT],0x0000789554908e8f
989066.0,555009,python,[JIT],0x00007a2d2f45dfaf
989063.0,554984,python,[JIT],0x00007603c1aa915b
989062.0,555023,python,[JIT],0x0000769391dd0515
989059.0,555023,python,[JIT],0x0000769391dd2057
989057.0,555023,python,[JIT],0x0000769391dced24
989057.0,554998,python,[JIT],0x000078955469d6cc
989057.0,554984,python,[JIT],0x00007603c144f54f
989055.0,555009,python,[JIT],0x00007a2d2f45e7da
989055.0,555046,python,[JIT],0x00007af46fac2e5c
989051.0,554998,python,[JIT],0x00007895546a1589
989049.0,555046,python,[JIT],0x00007af46fad3210
989045.0,554998,python,[JIT],0x00007895546a2186
989045.0,555046,python,[JIT],0x00007af46fad1b46
989042.0,555046,python,[JIT],0x00007af46fad7081
989040.0,554998,python,[JIT],0x000078955469adba
989039.0,554998,python,[JIT],0x000078955468452a
989037.0,555046,python,[JIT],0x00007af46facb64f
989033.0,555035,python,[JIT],0x000074c039e80259
989033.0,555046,python,[JIT],0x00007af46fad0b45
989032.0,555023,python,[JIT],0x0000769391dd1d17
989031.0,555023,python,[JIT],0x000076939203cbc4
989030.0,555023,python,[JIT],0x0000769391dce72d
989030.0,554998,python,[JIT],0x00007895546a117f
989030.0,555009,python,[JIT],0x00007a2d2f45eb91
989029.0,554984,python,[JIT],0x00007603c144e01e
989028.0,554998,python,[JIT],0x0000789554695a1f
989028.0,554977,python,[JIT],0x0000747c7bf1f494
989027.0,555035,python,[JIT],0x000074c039e80547
989025.0,555023,python,[JIT],0x0000769391d84c0e
989024.0,555009,python,[JIT],0x00007a2d2f4647f6
989022.0,555035,python,[JIT],0x000074c039e800e6
989022.0,555023,python,[JIT],0x0000769391dc212d
989020.0,554998,python,[JIT],0x00007895546a5908
989017.0,554984,python,[JIT],0x00007603c143f000
989013.0,555035,python,[JIT],0x000074c039e81221
989011.0,554984,python,python,builtin_callable
989009.0,555023,python,[JIT],0x0000769391db929f
989009.0,554984,python,[JIT],0x00007603c14467fa
989006.0,555035,python,[JIT],0x000074c039e824e2
989006.0,555009,python,[JIT],0x00007a2d2f466c4b
989004.0,555009,python,python,memset@plt
988996.0,554984,python,[JIT],0x00007603c144b4d7
988992.0,555035,python,[JIT],0x000074c039e7e660
988990.0,554984,python,[JIT],0x00007603c14479f8
988990.0,555035,python,[kernel.kallsyms],kmem_cache_alloc
988981.0,555023,python,[JIT],0x0000769391dcf089
988978.0,554977,python,[JIT],0x0000747c7beda64b
988977.0,555023,python,python,method_get
988975.0,555023,python,[JIT],0x0000769391dc25d0
988974.0,554977,python,[JIT],0x0000747c7c1a45e2
988973.0,554998,python,[JIT],0x0000789554684405
988973.0,554984,python,python,split
988972.0,555023,python,[JIT],0x000076939203ca60
988971.0,554998,python,[JIT],0x0000789555316540
988969.0,554998,python,python,listiter_dealloc
988968.0,555035,python,[JIT],0x000074c039e62009
988967.0,555009,python,[JIT],0x00007a2d2f464b6c
988956.0,555023,python,[JIT],0x0000769391dd7997
988955.0,555023,python,[JIT],0x000076939257bac7
988951.0,554977,python,[JIT],0x0000747c7bf3c67b
988944.0,555009,python,[JIT],0x00007a2d2f465e65
988944.0,554977,python,[JIT],0x0000747c7c1a44b6
988943.0,554977,python,[JIT],0x0000747c7c1a35d2
988941.0,555046,python,[JIT],0x00007af46fa6e322
988938.0,555046,python,[JIT],0x00007af46fd3e6be
988936.0,555009,python,[JIT],0x00007a2d2f45fe19
988934.0,554998,python,[JIT],0x000078955469d92e
988933.0,554998,python,[JIT],0x000078955469c90c
988931.0,555046,python,[JIT],0x00007af46fad6922
988930.0,554977,python,[JIT],0x0000747c7bf201ff
988924.0,554977,python,[JIT],0x0000747c7bf324e0
988921.0,555009,python,[JIT],0x00007a2d2f465627
988920.0,554984,python,[JIT],0x00007603c1445ef6
988919.0,555046,python,[JIT],0x00007af46fab8eae
988919.0,554977,python,[JIT],0x0000747c7bf3d9ef
988917.0,554998,python,[JIT],0x000078955469d280
988916.0,555023,python,[JIT],0x0000769391db91a2
988914.0,555035,python,[JIT],0x000074c039e621ff
988914.0,555009,python,[JIT],0x00007a2d2f4602ef
988910.0,555035,python,[JIT],0x000074c039e79c8c
988908.0,555046,python,[JIT],0x00007af46facb0d2
988907.0,555035,python,[JIT],0x000074c039e66977
988903.0,554984,python,[JIT],0x00007603c140f729
988901.0,555046,python,[JIT],0x00007af46fada007
988898.0,555046,python,python,visit_decref
988898.0,555009,python,[JIT],0x00007a2d2f464344
988897.0,554977,python,[JIT],0x0000747c7bf292ff
988896.0,555046,python,[JIT],0x00007af46fad8e89
988894.0,554998,python,[JIT],0x00007895546a3072
988886.0,555009,python,[JIT],0x00007a2d2f45a612
988882.0,555035,python,[JIT],0x000074c039dff1b2
988882.0,555023,python,[JIT],0x0000769391dc9f84
988881.0,555023,python,[JIT],0x000076939203d07e
988880.0,555046,python,[JIT],0x00007af46fabedf2
988879.0,554998,python,[JIT],0x000078955469d3c5
988874.0,555009,python,[JIT],0x00007a2d2fa941e7
988874.0,554977,python,[JIT],0x0000747c7bf30456
988873.0,554998,python,[JIT],0x00007895546a3a31
988867.0,554998,python,[JIT],0x0000789554689947
988867.0,554984,python,[JIT],0x00007603c144c454
988864.0,555035,python,[JIT],0x000074c039e827af
988864.0,555023,python,[JIT],0x0000769391dbd30d
988864.0,554984,python,[JIT],0x00007603c2413226
988861.0,554977,python,[JIT],0x0000747c7bf3cb50
988855.0,554984,python,[JIT],0x00007603c144b6f2
988854.0,554998,python,[JIT],0x000078955531696e
988853.0,554984,python,[JIT],0x00007603c13daadc
988850.0,555023,python,[JIT],0x0000769391dceb37
988846.0,554977,python,[JIT],0x0000747c7bf3f22b
988841.0,555046,python,[JIT],0x00007af46fad824b
988839.0,554977,python,[JIT],0x0000747c7bf30052
988838.0,555035,python,[JIT],0x000074c03a0e5820
988836.0,554977,python,[JIT],0x0000747c7bf35cd1
988835.0,555009,python,python,dict_length
988832.0,555009,python,[JIT],0x00007a2d2f4591c5
988831.0,554998,python,[JIT],0x0000789554688f25
988826.0,554977,python,[JIT],0x0000747c7bf378c6
988825.0,554998,python,[JIT],0x000078955469c791
988825.0,555009,python,[JIT],0x00007a2d2f4469c2
988825.0,555009,python,python,method_get
988821.0,555009,python,[JIT],0x00007a2d2f465e09
988818.0,554977,python,[JIT],0x0000747c7c1a1274
988817.0,554998,python,[JIT],0x00007895553164f6
988817.0,555046,python,python,PyLong_AsSsize_t
988816.0,554984,python,[JIT],0x00007603c1448111
988814.0,554998,python,[JIT],0x0000789554695088
988814.0,554984,python,[JIT],0x00007603c1444a87
988812.0,554984,python,[JIT],0x00007603c16b2f67
988812.0,554984,python,[JIT],0x00007603c1aa9282
988810.0,554998,python,[JIT],0x00007895546a4df9
988807.0,555046,python,[JIT],0x00007af46fad8d5f
988807.0,555046,python,[JIT],0x00007af47076a7cc
988807.0,554984,python,[JIT],0x00007603c1444e59
988800.0,554998,python,[JIT],0x000078955469bc37
988796.0,555009,python,[JIT],0x00007a2d2f44b98d
988792.0,554998,python,[JIT],0x0000789554696f04
988791.0,554998,python,[JIT],0x0000789554908928
988790.0,554998,python,[JIT],0x0000789554684683
988789.0,555009,python,[JIT],0x00007a2d2f465f35
988788.0,555046,python,[JIT],0x00007af46fabfb9c
988783.0,555009,python,python,_PyObject_MakeTpCall
988780.0,555035,python,[JIT],0x000074c039e80a6e
988778.0,554977,python,[JIT],0x0000747c7bf407bd
988773.0,554984,python,[JIT],0x00007603c13eae7d
988772.0,555035,python,[JIT],0x000074c039df8323
988771.0,555046,python,[JIT],0x00007af46fab9e14
988769.0,555035,python,[JIT],0x000074c039e7fea4
988767.0,554984,python,[JIT],0x00007603c144467f
988765.0,555035,python,[JIT],0x000074c039e81e94
988756.0,554998,python,[JIT],0x000078955468505f
988756.0,555009,python,[JIT],0x00007a2d2f44c5c0
988753.0,555035,python,[JIT],0x000074c039e1c043
988751.0,554998,python,[JIT],0x0000789554688124
988750.0,555035,python,[JIT],0x000074c039e78ba3
988750.0,554977,python,[JIT],0x0000747c7beea792
988748.0,554984,python,[JIT],0x00007603c144496a
988747.0,555009,python,[JIT],0x00007a2d2f6cd9ae
988741.0,554977,python,[JIT],0x0000747c7bf1f75e
988740.0,555023,python,[JIT],0x0000769391dce8b7
988732.0,555035,python,[JIT],0x000074c039e78148
988729.0,554977,python,[JIT],0x0000747c7c5c47e4
988727.0,555023,python,[JIT],0x0000769391dd59aa
988726.0,555009,python,[JIT],0x00007a2d2f446ce2
988724.0,554984,python,[JIT],0x00007603c144e039
988723.0,554998,python,[JIT],0x000078955469dc44
988720.0,555023,python,[JIT],0x0000769391db9543
988718.0,555046,python,[JIT],0x00007af46fa9aaea
988716.0,555046,python,[JIT],0x00007af46fada5ad
988712.0,555046,python,[JIT],0x00007af46fad1f02
988709.0,555046,python,[JIT],0x00007af46fabd0fd
988707.0,554984,python,[JIT],0x00007603c14331d4
988706.0,555009,python,[JIT],0x00007a2d2f459705
988705.0,555046,python,[JIT],0x00007af46fd3e324
988702.0,555035,python,[JIT],0x000074c039e725e6
988702.0,554984,python,[JIT],0x00007603c1441647
988699.0,555009,python,[JIT],0x00007a2d2f465f16
988698.0,555035,python,[JIT],0x000074c039e81c5b
988696.0,555023,python,[JIT],0x0000769391d72608
988696.0,555009,python,[JIT],0x00007a2d2f453561
988695.0,555035,python,[JIT],0x000074c03b00b748
988694.0,554998,python,[JIT],0x00007895546958a4
988694.0,555046,python,[JIT],0x00007af46fad6ccf
988692.0,554977,python,python,_PyObject_Calloc
988692.0,555009,python,python,emit__COLD_EXIT_r00
988687.0,555023,python,[JIT],0x0000769391db8f51
988687.0,555023,python,[JIT],0x0000769391dd751a
988687.0,554998,python,[JIT],0x000078955469a77a
988686.0,555035,python,[JIT],0x000074c03ae13390
988685.0,555046,python,[JIT],0x00007af46fad6c9e
988684.0,555009,python,[JIT],0x00007a2d2f459790
988680.0,554977,python,[JIT],0x0000747c7c1a324e
988678.0,555035,python,[JIT],0x000074c03a0e6933
988677.0,555009,python,[JIT],0x00007a2d2f6cbd8f
988675.0,555046,python,[JIT],0x00007af47076aac7
988674.0,554998,python,[JIT],0x00007895553344d7
988674.0,554984,python,[kernel.kallsyms],update_process_times
988669.0,554977,python,[JIT],0x0000747c7c1a3ba6
988661.0,555046,python,[JIT],0x00007af46fad1cc8
988661.0,554977,python,python,tuple_iter
988658.0,555009,python,[JIT],0x00007a2d2f45eae3
988658.0,555046,python,[JIT],0x00007af46fd3e1ec
988657.0,554977,python,[JIT],0x0000747c7bf3c5fd
988656.0,554984,python,[JIT],0x00007603c144578e
988655.0,555046,python,[JIT],0x00007af46fa8e629
988653.0,555046,python,[JIT],0x00007af47076af69
988651.0,554998,python,[JIT],0x0000789554685629
988646.0,555023,python,[JIT],0x0000769391dd5285
988645.0,555023,python,[JIT],0x0000769391dcac77
988644.0,555035,python,[JIT],0x000074c03a0e557b
988643.0,555023,python,[JIT],0x0000769391db7bb2
988640.0,555035,python,[JIT],0x000074c039e7802a
988639.0,555009,python,[JIT],0x00007a2d2f6cbb9d
988635.0,555046,python,[JIT],0x00007af46fab8cba
988633.0,555035,python,[JIT],0x000074c03a0e5478
988631.0,554998,python,[JIT],0x000078955466edbd
988630.0,555009,python,[JIT],0x00007a2d2f45f400
988630.0,554984,python,[JIT],0x00007603c144c284
988629.0,555046,python,[JIT],0x00007af46fad81ab
988627.0,555046,python,[JIT],0x00007af46facf1cc
988625.0,554998,python,[JIT],0x0000789555333374
988624.0,554977,python,[JIT],0x0000747c7bf1f7e6
988623.0,554998,python,[JIT],0x00007895546a19b1
988616.0,555046,python,[JIT],0x00007af46fad77ac
988616.0,555035,python,[JIT],0x000074c039e657db
988614.0,554984,python,[JIT],0x00007603c1444e60
988611.0,555035,python,[JIT],0x000074c039e7e3d0
988611.0,554984,python,[JIT],0x00007603c144e799
988609.0,555009,python,[JIT],0x00007a2d2f4589a1
988605.0,554998,python,[JIT],0x0000789554695bb2
988603.0,555023,python,[JIT],0x0000769391db96c9
988603.0,555046,python,[JIT],0x00007af46fad7fea
988602.0,554998,python,[JIT],0x0000789555316930
988602.0,554984,python,[kernel.kallsyms],_raw_spin_trylock
988599.0,555009,python,[JIT],0x00007a2d2f3dfe0a
988599.0,555046,python,[JIT],0x00007af46fabe849
988599.0,554998,python,python,find_empty_slot
988593.0,555009,python,[JIT],0x00007a2d2f44b3ec
988587.0,555035,python,[JIT],0x000074c039e81a93
988584.0,554977,python,[JIT],0x0000747c7bf31dbd
988580.0,555046,python,[JIT],0x00007af46facf201
988580.0,554984,python,[JIT],0x00007603c1447b6c
988579.0,554977,python,[JIT],0x0000747c7bed82d8
988576.0,554977,python,[JIT],0x0000747c7bf2423c
988574.0,554998,python,[JIT],0x000078955469c16b
988572.0,555035,python,[JIT],0x000074c039e4515e
988570.0,554998,python,[JIT],0x00007895546a4521
988567.0,555046,python,[JIT],0x00007af46fabd7db
988563.0,554977,python,[JIT],0x0000747c7bf40199
988555.0,555035,python,[JIT],0x000074c039e7f67c
988551.0,555046,python,[JIT],0x00007af46fad8611
988551.0,554984,python,[JIT],0x00007603c1bcea04
988549.0,555023,python,[JIT],0x0000769391dd562f
988548.0,555035,python,[JIT],0x000074c039e8065b
988548.0,555023,python,[JIT],0x0000769391dcee7f
988548.0,554977,python,[JIT],0x0000747c7c59f4fd
988543.0,554977,python,[JIT],0x0000747c7bf3fc4a
988542.0,554984,python,[JIT],0x00007603c144d3f8
988541.0,555023,python,[JIT],0x0000769391db7a06
988539.0,555046,python,[JIT],0x00007af46fad2748
988538.0,554977,python,[JIT],0x0000747c7c6cd19f
988538.0,554984,python,[JIT],0x00007603c144baf4
988537.0,555046,python,[JIT],0x00007af46fa95848
988536.0,555046,python,[JIT],0x00007af46fad7225
988536.0,554977,python,[JIT],0x0000747c7bf351a2
988531.0,554984,python,python,emit__CALL_NON_PY_GENERAL_r01
988529.0,555009,python,[JIT],0x00007a2d2f448305
988528.0,554977,python,[JIT],0x0000747c7bf1edde
988526.0,555023,python,[JIT],0x0000769391d9b734
988522.0,554998,python,[JIT],0x0000789555316326
988522.0,555046,python,[JIT],0x00007af46fad971b
988522.0,554984,python,[JIT],0x00007603c144695e
988520.0,555023,python,[JIT],0x000076939257b772
988516.0,555009,python,[JIT],0x00007a2d2f6c93a3
988514.0,555035,python,[JIT],0x000074c03a0e5076
988510.0,555023,python,[JIT],0x0000769391dce954
988509.0,554977,python,[JIT],0x0000747c7c1a45bd
988507.0,554998,python,[JIT],0x0000789554679840
988506.0,555035,python,[JIT],0x000074c039e7fc93
988505.0,555009,python,[JIT],0x00007a2d2f6c9494
988501.0,555035,python,[JIT],0x000074c039e65b83
988501.0,554998,python,[JIT],0x00007895546a2fe6
988499.0,554984,python,[JIT],0x00007603c142f1c7
988497.0,554977,python,[JIT],0x0000747c7c1a02e3
988497.0,554977,python,[JIT],0x0000747c7c5c407e
988496.0,554977,python,[JIT],0x0000747c7bf350dd
988496.0,554984,python,[JIT],0x00007603c144bfad
988494.0,554977,python,[JIT],0x0000747c7befd000
988490.0,555009,python,[JIT],0x00007a2d2f46533b
988487.0,555009,python,[JIT],0x00007a2d2f460781
988485.0,555035,python,[JIT],0x000074c039e8211e
988484.0,554998,python,[JIT],0x00007895546a548e
988479.0,555046,python,[JIT],0x00007af46fac346c
988478.0,554998,python,[JIT],0x00007895546a194b
988475.0,554984,python,[JIT],0x00007603c144b9c7
988475.0,554998,python,[JIT],0x000078955469a175
988473.0,555035,python,[JIT],0x000074c039e61874
988470.0,555035,python,[JIT],0x000074c039e79ca9
988465.0,554998,python,[JIT],0x00007895546a12a0
988464.0,554977,python,[JIT],0x0000747c7bf1f1e2
988463.0,554998,python,[JIT],0x0000789555316629
988461.0,554984,python,[JIT],0x00007603c16b242a
988459.0,554977,python,[JIT],0x0000747c7bf4007c
988457.0,554977,python,[JIT],0x0000747c7bf2012b
988456.0,555046,python,[JIT],0x00007af46fad3035
988455.0,554984,python,[JIT],0x00007603c140700a
988453.0,554977,python,[JIT],0x0000747c7bf370e2
988452.0,554998,python,[JIT],0x00007895546a26b6
988452.0,554977,python,[JIT],0x0000747c7bf3cde7
988450.0,554998,python,[JIT],0x0000789554697590
988440.0,555023,python,[JIT],0x0000769391d7684e
988436.0,554984,python,[JIT],0x00007603c144c562
988435.0,555009,python,[JIT],0x00007a2d2f465b07
988434.0,555035,python,[JIT],0x000074c039e6595b
988434.0,555035,python,[JIT],0x000074c039e7f3c3
988432.0,554998,python,[JIT],0x0000789554689dd7
988428.0,555009,python,python,_PyMem_RawFree
988427.0,555046,python,[JIT],0x00007af46fd3e113
988425.0,555023,python,[JIT],0x0000769391dcf15a
988421.0,554984,python,[JIT],0x00007603c143482a
988420.0,554984,python,[JIT],0x00007603c1421a73
988419.0,554977,python,[JIT],0x0000747c7c1a3eaa
988416.0,555009,python,[JIT],0x00007a2d2f465416
988414.0,554977,python,[JIT],0x0000747c7bf07499
988408.0,554998,python,[JIT],0x0000789554683e7a
988405.0,554977,python,[JIT],0x0000747c7bf37309
988404.0,555009,python,[JIT],0x00007a2d2f45f3e8
988403.0,555009,python,[JIT],0x00007a2d2f448b1a
988393.0,555035,python,[JIT],0x000074c03ae1336e
988391.0,554977,python,[JIT],0x0000747c7bf37ed5
988387.0,555009,python,[JIT],0x00007a2d2f44da5a
988376.0,554998,python,[JIT],0x000078955462e421
988366.0,555009,python,[JIT],0x00007a2d2f44798e
988365.0,555035,python,[JIT],0x000074c039e7fb52
988362.0,555035,python,[JIT],0x000074c03a4f6be7
988361.0,554977,python,[kernel.kallsyms],read_tsc
988358.0,554984,python,[JIT],0x00007603c144d08a
988357.0,555035,python,[JIT],0x000074c039e665c0
988357.0,555046,python,[JIT],0x00007af46fd3e173
988356.0,555009,python,[JIT],0x00007a2d2f467f74
988355.0,554998,python,[JIT],0x00007895546a4156
988354.0,555035,python,_struct.cpython-316-x86_64-linux-gnu.so,np_ubyte
988352.0,554977,python,[JIT],0x0000747c7bf3cd93
988351.0,555046,python,[JIT],0x00007af46fad9e58
988350.0,555046,python,[JIT],0x00007af46facf7ce
988347.0,555009,python,[JIT],0x00007a2d2f45e62b
988345.0,555035,python,[JIT],0x000074c03b00d000
988344.0,555009,python,[JIT],0x00007a2d2f460cc3
988337.0,555035,python,[JIT],0x000074c039e677d8
988335.0,554977,python,[JIT],0x0000747c7bf300b4
988330.0,555023,python,[JIT],0x0000769391dd97a5
988330.0,555009,python,[JIT],0x00007a2d2f424445
988329.0,555023,python,[JIT],0x000076939203cfd1
988328.0,555023,python,[JIT],0x0000769391db82b0
988325.0,555035,python,[JIT],0x000074c03a0e5c5a
988317.0,554977,python,[JIT],0x0000747c7bf1ede6
988314.0,554977,python,[JIT],0x0000747c7bf1e745
988313.0,555046,python,[kernel.kallsyms],timekeeping_adjust.constprop.0
988305.0,554977,python,[JIT],0x0000747c7bf3529e
988303.0,554984,python,[JIT],0x00007603c1aa9222
988302.0,554984,python,python,_PyDict_FromItems
988301.0,555009,python,[JIT],0x00007a2d2f44635f
988300.0,555009,python,[JIT],0x00007a2d2f446103
988298.0,555023,python,[JIT],0x000076939203d236
988298.0,554977,python,[JIT],0x0000747c7bf296e8
988297.0,555035,python,[JIT],0x000074c039e77363
988286.0,554998,python,[JIT],0x000078955561367e
988284.0,554977,python,[JIT],0x0000747c7bf233a5
988282.0,555009,python,[JIT],0x00007a2d2f450b4f
988282.0,555046,python,[JIT],0x00007af46facfce2
988278.0,554977,python,[JIT],0x0000747c7c1a04e6
988276.0,554977,python,[JIT],0x0000747c7bf1f745
988270.0,555035,python,[JIT],0x000074c039e802c3
988259.0,554998,python,[JIT],0x000078955469b3ae
988257.0,554998,python,[JIT],0x00007895546603be
988255.0,555046,python,[JIT],0x00007af46fa9557f
988247.0,554977,python,[JIT],0x0000747c7bf38817
988246.0,555046,python,[JIT],0x00007af46fa9c708
988246.0,554984,python,[JIT],0x00007603c144f457
988242.0,554977,python,[JIT],0x0000747c7c1a3a6e
988242.0,554977,python,[JIT],0x0000747c7c5c422f
988241.0,555035,python,[JIT],0x000074c039e6b033
988239.0,555009,python,[JIT],0x00007a2d2f4432c2
988238.0,554977,python,[JIT],0x0000747c7bf3cb54
988237.0,554998,python,[JIT],0x00007895546a2b2e
988236.0,554977,python,[JIT],0x0000747c7c5c47e1
988224.0,554984,python,[JIT],0x00007603c144b7bf
988221.0,555046,python,[JIT],0x00007af46facf890
988218.0,555046,python,[JIT],0x00007af46faba011
988212.0,555023,python,python,PyDescr_IsData
988202.0,554977,python,[JIT],0x0000747c7bf40429
988202.0,554984,python,[JIT],0x00007603c142f5e4
988201.0,554977,python,[JIT],0x0000747c7bf384e3
988200.0,554977,python,[JIT],0x0000747c7c1a41a9
988195.0,555009,python,[JIT],0x00007a2d2f4643c3
988195.0,554977,python,[JIT],0x0000747c7bf38007
988188.0,555046,python,[JIT],0x00007af46fad606a
988188.0,554977,python,[JIT],0x0000747c7bf36c26
988184.0,554998,python,[JIT],0x00007895553168ce
988183.0,555009,python,[JIT],0x00007a2d2f464232
988180.0,555009,python,[JIT],0x00007a2d2f467b72
988179.0,554977,python,[JIT],0x0000747c7bf20309
988179.0,554984,python,[JIT],0x00007603c144020c
988176.0,555046,python,[JIT],0x00007af46fad22fa
988175.0,555046,python,[JIT],0x00007af46facfff1
988175.0,554977,python,[JIT],0x0000747c7c1a0fde
988167.0,555023,python,[JIT],0x0000769391dd0679
988161.0,555035,python,[JIT],0x000074c039e7e495
988160.0,555035,python,[JIT],0x000074c039e7f120
988152.0,555009,python,[JIT],0x00007a2d2f4484b3
988151.0,555009,python,[JIT],0x00007a2d2f4676f7
988148.0,555046,python,[JIT],0x00007af46fad0803
988145.0,555023,python,[JIT],0x0000769391dd8517
988145.0,555009,python,[JIT],0x00007a2d2f45d561
988145.0,555046,python,[JIT],0x00007af46fd3dad5
988145.0,554977,python,[kvm],pvclock_gtod_notify
988144.0,555023,python,[JIT],0x0000769391db952c
988143.0,554998,python,[JIT],0x00007895546a210d
988140.0,555009,python,[JIT],0x00007a2d2f460e98
988137.0,555046,python,[JIT],0x00007af46fad13c2
988122.0,554998,python,[JIT],0x000078955469b220
988121.0,554998,python,[JIT],0x000078955468a848
988119.0,555009,python,[JIT],0x00007a2d2f447af0
988118.0,554998,python,[JIT],0x00007895546a15bc
988116.0,554984,python,[JIT],0x00007603c14290dc
988113.0,555035,python,[JIT],0x000074c039e60377
988111.0,555046,python,[JIT],0x00007af46facf57a
988106.0,554998,python,[JIT],0x000078955469aafc
988106.0,555009,python,[JIT],0x00007a2d2f44d53b
988097.0,555035,python,[JIT],0x000074c039e3cbd2
988094.0,555046,python,[JIT],0x00007af46fd3d3aa
988085.0,555009,python,[JIT],0x00007a2d2f45e5e8
988083.0,555035,python,[JIT],0x000074c039e7acc1
988082.0,554977,python,[JIT],0x0000747c7c5c4aab
988077.0,554998,python,[JIT],0x000078955469de61
988076.0,554977,python,[JIT],0x0000747c7bed718b
988075.0,554998,python,[JIT],0x000078955469575f
988073.0,554998,python,[JIT],0x0000789554688dcb
988069.0,554984,python,[JIT],0x00007603c144b171
988067.0,555046,python,[JIT],0x00007af46fad1359
988065.0,554977,python,[JIT],0x0000747c7beb230a
988064.0,555023,python,[JIT],0x0000769391d85ad3
988061.0,555023,python,[JIT],0x0000769391da2000
988057.0,554984,python,[JIT],0x00007603c16b27bf
988052.0,555035,python,[JIT],0x000074c039e564f0
988050.0,555023,python,[JIT],0x0000769391dd0da1
988046.0,555035,python,[JIT],0x000074c03a0e5839
988046.0,554984,python,[JIT],0x00007603c142f31d
988045.0,555035,python,[JIT],0x000074c039e8076b
988043.0,555009,python,[JIT],0x00007a2d2f466181
988040.0,554977,python,python,_Py_hashtable_get_entry_generic
988036.0,555035,python,[JIT],0x000074c039e721ff
988035.0,555035,python,[JIT],0x000074c039e7eb44
988034.0,554984,python,[JIT],0x00007603c14415cf
988032.0,555009,python,[JIT],0x00007a2d2f45dbae
988032.0,555009,python,[JIT],0x00007a2d2f468230
988029.0,555035,python,[JIT],0x000074c039e60912
988029.0,554998,python,[JIT],0x0000789554684792
988026.0,555023,python,python,bytesio_dealloc
988020.0,555009,python,[JIT],0x00007a2d2f45a39d
988019.0,554984,python,[JIT],0x00007603c1433514
988010.0,555046,python,[JIT],0x00007af47076a818
988009.0,554977,python,[JIT],0x0000747c7bf23324
988006.0,555046,python,[JIT],0x00007af46fad7ba6
988001.0,554977,python,[kernel.kallsyms],update_rq_clock
987993.0,555035,python,[JIT],0x000074c039e345a7
987979.0,554984,python,[JIT],0x00007603c144f109
987971.0,555046,python,python,_Py_type_getattro
987970.0,555046,python,[JIT],0x00007af46fabe1c9
987967.0,554998,python,[JIT],0x0000789554909575
987967.0,555046,python,[JIT],0x00007af470725658
987967.0,555046,python,[JIT],0x00007af470a1330f
987965.0,555009,python,[JIT],0x00007a2d2f4673e1
987963.0,555009,python,[JIT],0x00007a2d2f45d983
987955.0,554977,python,[JIT],0x0000747c7bf37582
987951.0,555035,python,[JIT],0x000074c039e1ccdf
987950.0,555035,python,[JIT],0x000074c03ae21309
987950.0,555009,python,[JIT],0x00007a2d2f46115f
987948.0,554998,python,[JIT],0x0000789554683726
987946.0,555023,python,[JIT],0x0000769391da34e2
987937.0,555009,python,[JIT],0x00007a2d2f466c00
987936.0,555009,python,[JIT],0x00007a2d2f45fa5b
987936.0,554977,python,[JIT],0x0000747c7bf35b27
987935.0,554984,python,[JIT],0x00007603c1446d0f
987933.0,555009,python,[JIT],0x00007a2d2f3ef812
987933.0,555035,python,[JIT],0x000074c03ae21b43
987932.0,555009,python,[JIT],0x00007a2d2f44b244
987931.0,554998,python,[JIT],0x00007895546a4d14
987927.0,555035,python,[JIT],0x000074c039e8218b
987924.0,555009,python,[JIT],0x00007a2d2f45a6e1
987922.0,555009,python,[kernel.kallsyms],sync_regs
987917.0,554984,python,[JIT],0x00007603c16b3748
987916.0,555009,python,[JIT],0x00007a2d2f3dab5d
987913.0,555046,python,[JIT],0x00007af46fad7c8e
987913.0,554977,python,[JIT],0x0000747c7bf359a2
987911.0,555009,python,[JIT],0x00007a2d2f44b87b
987911.0,554977,python,[JIT],0x0000747c7bf235f4
987904.0,555035,python,[JIT],0x000074c039e77f92
987903.0,555009,python,[JIT],0x00007a2d2f6cc2ee
987900.0,554977,python,[JIT],0x0000747c7bf36339
987895.0,554977,python,[JIT],0x0000747c7c6cd39f
987893.0,555023,python,[JIT],0x0000769391dbd938
987893.0,555046,python,[JIT],0x00007af46fa95547
987892.0,555009,python,[JIT],0x00007a2d2f464499
987892.0,554984,python,[JIT],0x00007603c144f59c
987892.0,555035,python,[JIT],0x000074c03a0e69bd
987888.0,554977,python,[JIT],0x0000747c7bf36f14
987883.0,555035,python,_struct.cpython-316-x86_64-linux-gnu.so,memset@plt
987882.0,555009,python,[JIT],0x00007a2d2f45f760
987878.0,554984,python,[JIT],0x00007603c14432da
987876.0,555023,python,[JIT],0x0000769391dd7cb9
987872.0,554998,python,[JIT],0x000078955469a7e2
987868.0,555046,python,[JIT],0x00007af46fad961f
987867.0,555009,python,[JIT],0x00007a2d2f46866b
987864.0,555023,python,[JIT],0x0000769391dd892a
987855.0,555023,python,[JIT],0x0000769391dbe396
987853.0,554984,python,[JIT],0x00007603c16b2d06
987849.0,554977,python,[JIT],0x0000747c7c1a3fb7
987844.0,554998,python,python,_PyThreadState_PushFrame
987840.0,555023,python,[JIT],0x0000769391dd160f
987839.0,555023,python,[JIT],0x0000769391dd1883
987832.0,554984,python,[JIT],0x00007603c144b8cd
987831.0,555035,python,[JIT],0x000074c039e62323
987830.0,555046,python,[JIT],0x00007af46fa8ef63
987821.0,555009,python,[kernel.kallsyms],__output_copy
987820.0,554977,python,[JIT],0x0000747c7bf00420
987818.0,554998,python,[JIT],0x00007895546843a6
987817.0,555035,python,[JIT],0x000074c039e81a84
987813.0,554984,python,[JIT],0x00007603c144f525
987811.0,555035,python,[JIT],0x000074c039e79d5b
987810.0,555023,python,[JIT],0x000076939257be0d
987805.0,554977,python,[JIT],0x0000747c7bf38f1b
987799.0,555046,python,[JIT],0x00007af46facfede
987799.0,555046,python,[JIT],0x00007af46fd3d3c3
987798.0,554998,python,[JIT],0x00007895546a1af4
987793.0,555046,python,[kernel.kallsyms],sync_regs
987791.0,554977,python,[JIT],0x0000747c7bf37f7e
987791.0,554977,python,[JIT],0x0000747c7bf3eead
987790.0,555035,python,[JIT],0x000074c039e7a9f8
987785.0,554998,python,[JIT],0x000078955469b90b
987785.0,555009,python,[JIT],0x00007a2d2f45d698
987774.0,554998,python,[JIT],0x0000789554695228
987771.0,555009,python,[JIT],0x00007a2d2f4670f0
987758.0,554998,python,[JIT],0x00007895546a27f8
987756.0,555009,python,python,bytes_buffer_getbuffer
987753.0,554977,python,[JIT],0x0000747c7bf3c51d
987746.0,554977,python,[JIT],0x0000747c7bf3d019
987746.0,554977,python,[JIT],0x0000747c7bf3e260
987741.0,555035,python,[JIT],0x000074c03a0e6720
987741.0,555046,python,[JIT],0x00007af46fd3ebed
987737.0,555023,python,[JIT],0x000076939203d757
987736.0,555046,python,[JIT],0x00007af46fd3d24e
987734.0,555023,python,[JIT],0x000076939203dc8f
987733.0,555046,python,[JIT],0x00007af46fad118e
987732.0,554977,python,[JIT],0x0000747c7bf381a4
987722.0,554984,python,[JIT],0x00007603c144f238
987717.0,554998,python,[JIT],0x000078955469a157
987715.0,554977,python,[JIT],0x0000747c7bf3d820
987713.0,554984,python,[JIT],0x00007603c16b3631
987712.0,554984,python,[JIT],0x00007603c142e82c
987711.0,554998,python,[JIT],0x00007895546600ba
987708.0,555046,python,[JIT],0x00007af46fab9e4a
987706.0,554998,python,python,func_descr_get
987703.0,555009,python,[JIT],0x00007a2d2f45e30c
987701.0,555009,python,[JIT],0x00007a2d2f4486c9
987700.0,554977,python,[JIT],0x0000747c7bf373c2
987699.0,554984,python,[JIT],0x00007603c142f4ed
987696.0,555023,python,[JIT],0x0000769391dd17e0
987690.0,555046,python,[JIT],0x00007af46fad729f
987688.0,555035,python,[JIT],0x000074c039e7f1de
987683.0,555009,python,[JIT],0x00007a2d2f6cbaea
987676.0,555035,python,[JIT],0x000074c039e7a685
987673.0,555046,python,[kernel.kallsyms],clear_page_erms
987666.0,554977,python,[JIT],0x0000747c7bf3c9fd
987665.0,555035,python,[JIT],0x000074c039e72dd9
987658.0,555009,python,[JIT],0x00007a2d2f468908
987654.0,555046,python,[JIT],0x00007af46faca452
987653.0,555046,python,[JIT],0x00007af46fad8d6e
987646.0,555009,python,[JIT],0x00007a2d2f4609e6
987645.0,554984,python,[JIT],0x00007603c1434629
987645.0,555035,python,python,batched_next
987641.0,555023,python,[JIT],0x0000769391dcb43a
987641.0,554984,python,[JIT],0x00007603c14332ea
987641.0,555009,python,[JIT],0x00007a2d2fa9463d
987640.0,555035,python,[JIT],0x000074c039e7fc27
987639.0,555023,python,[JIT],0x0000769391dd0764
987638.0,554998,python,[JIT],0x0000789554695a2c
987634.0,554984,python,[JIT],0x00007603c14454af
987630.0,555046,python,[JIT],0x00007af46fad62c6
987626.0,554984,python,[JIT],0x00007603c1444c8a
987626.0,555009,python,python,batched_new
987625.0,554998,python,python,memory_releasebuf
987622.0,554977,python,[JIT],0x0000747c7c1a31b8
987617.0,555023,python,[JIT],0x0000769391dcfdb3
987617.0,555009,python,[JIT],0x00007a2d2f460d70
987611.0,554977,python,[JIT],0x0000747c7bf3e589
987607.0,555023,python,[JIT],0x0000769391dce1e2
987599.0,554977,python,[JIT],0x0000747c7c1a32f6
987597.0,554998,python,[JIT],0x00007895546a56fe
987591.0,554998,python,[JIT],0x00007895549084a7
987589.0,554977,python,[JIT],0x0000747c7c1a4444
987586.0,555023,python,[JIT],0x0000769391db7351
987586.0,554984,python,[JIT],0x00007603c1437ea4
987582.0,554998,python,[JIT],0x000078955469bc67
987577.0,554984,python,[JIT],0x00007603c144cbb2
987576.0,554984,python,[JIT],0x00007603c144f782
987571.0,555023,python,[JIT],0x0000769391db7328
987566.0,554998,python,[JIT],0x0000789555316419
987565.0,555023,python,[JIT],0x0000769391d670ef
987558.0,555009,python,[JIT],0x00007a2d2f464915
987557.0,555009,python,[JIT],0x00007a2d2f446dc0
987554.0,555035,python,[JIT],0x000074c039e66202
987547.0,554977,python,[JIT],0x0000747c7c1a726d
987541.0,555035,python,[JIT],0x000074c039e77c31
987537.0,555009,python,[JIT],0x00007a2d2fa946a9
987534.0,555035,python,python,memory_releasebuf
987534.0,554984,python,[JIT],0x00007603c1446f02
987531.0,554998,python,[JIT],0x00007895546a3885
987524.0,555035,python,[JIT],0x000074c03a0e6a46
987522.0,555035,python,[JIT],0x000074c03a0e641c
987511.0,555009,python,[JIT],0x00007a2d2f4467e8
987509.0,555035,python,[JIT],0x000074c039e818ea
987507.0,555035,python,python,hashtable_unicode_hash
987506.0,555009,python,[JIT],0x00007a2d2f3e151b
987503.0,554998,python,[JIT],0x000078955469cbda
987503.0,554998,python,[JIT],0x00007895546a20aa
987500.0,554998,python,[JIT],0x0000789554678028
987498.0,555009,python,[JIT],0x00007a2d2f466100
987494.0,555046,python,[JIT],0x00007af46fad1c98
987492.0,555035,python,[JIT],0x000074c039e66e0a
987492.0,555046,python,[JIT],0x00007af46fad7e8a
987491.0,554998,python,[JIT],0x000078955468e4d0
987489.0,555046,python,[JIT],0x00007af470a131bc
987488.0,554984,python,[JIT],0x00007603c144f2d9
987487.0,555046,python,[JIT],0x00007af46fad03ae
987485.0,555009,python,[JIT],0x00007a2d2f464b38
987482.0,555035,python,[JIT],0x000074c039e8230f
987481.0,555009,python,[JIT],0x00007a2d2f448785
987480.0,554977,python,[JIT],0x0000747c7bf353d9
987479.0,555023,python,[JIT],0x0000769391dceb0c
987478.0,554984,python,[JIT],0x00007603c143f9f3
987475.0,555023,python,[JIT],0x0000769391db908f
987472.0,555035,python,[JIT],0x000074c03a0e63a1
987471.0,555009,python,[JIT],0x00007a2d2f466f8a
987458.0,554977,python,[JIT],0x0000747c7bf1fc42
987455.0,554984,python,[JIT],0x00007603c142f345
987453.0,554977,python,[JIT],0x0000747c7bf373e8
987448.0,555035,python,[JIT],0x000074c03ae137ce
987447.0,554984,python,[JIT],0x00007603c1440008
987446.0,555035,python,[JIT],0x000074c039e795b3
987443.0,555023,python,[JIT],0x0000769391d772b2
987440.0,554984,python,[JIT],0x00007603c16b31ec
987437.0,555035,python,[JIT],0x000074c039e663e9
987436.0,554998,python,[JIT],0x000078955468e999
987435.0,555046,python,[JIT],0x00007af46fad2621
987433.0,555009,python,[JIT],0x00007a2d2f6c95fe
987423.0,555046,python,[JIT],0x00007af46faca7e5
987423.0,555009,python,[JIT],0x00007a2d2f468032
987421.0,555023,python,[JIT],0x0000769391dd8347
987408.0,554977,python,[JIT],0x0000747c7bf35748
987408.0,554977,python,[JIT],0x0000747c7c1a36eb
987398.0,555046,python,[JIT],0x00007af46faaf60b
987394.0,554977,python,[JIT],0x0000747c7c1a374d
987392.0,555035,python,[JIT],0x000074c039e6de8c
987386.0,554984,python,[JIT],0x00007603c1441031
987383.0,555023,python,[JIT],0x0000769391dd72a0
987381.0,554998,python,[JIT],0x000078955490aa28
987378.0,554977,python,[JIT],0x0000747c7bf1eabc
987377.0,555046,python,[JIT],0x00007af46fab8f19
987373.0,555009,python,[JIT],0x00007a2d2f45f114
987373.0,554984,python,[JIT],0x00007603c2414711
987371.0,555046,python,[JIT],0x00007af46fad103c
987369.0,555023,python,[JIT],0x0000769391dbdf70
987368.0,554977,python,[JIT],0x0000747c7bf3d88b
987348.0,554998,python,[JIT],0x000078955469deab
987337.0,555035,python,[JIT],0x000074c039e476ef
987327.0,554998,python,[JIT],0x00007895553330a3
987324.0,555023,python,[JIT],0x0000769391dd8bdf
987323.0,554998,python,[JIT],0x00007895546504c7
987319.0,555023,python,[JIT],0x0000769392436950
987319.0,555046,python,[JIT],0x00007af47076a48d
987318.0,555023,python,[JIT],0x0000769391d9c5a0
987317.0,555046,python,[JIT],0x00007af46fada612
987314.0,554998,python,[JIT],0x00007895546a4462
987312.0,554984,python,[JIT],0x00007603c14327e0
987304.0,554977,python,[JIT],0x0000747c7bf29048
987295.0,555035,python,[JIT],0x000074c039e7fdc3
987290.0,554984,python,[JIT],0x00007603c144b6f6
987288.0,555035,python,[JIT],0x000074c039e61ba3
987288.0,555009,python,[JIT],0x00007a2d2f460e6c
987286.0,555023,python,[JIT],0x0000769391dd01f3
987277.0,555009,python,[JIT],0x00007a2d2f453099
987276.0,555009,python,[JIT],0x00007a2d2f439518
987275.0,555046,python,[JIT],0x00007af46fa78216
987271.0,555046,python,[JIT],0x00007af46fad1e35
987267.0,554984,python,[JIT],0x00007603c14454c2
987258.0,554977,python,[JIT],0x0000747c7bf1fce0
987254.0,555035,python,[JIT],0x000074c039e7f2f8
987247.0,554998,python,[JIT],0x00007895552eb971
987241.0,554984,python,[JIT],0x00007603c25db14d
987239.0,554998,python,python,_PyJIT_Compile
987229.0,555023,python,[JIT],0x0000769391d8d335
987228.0,554998,python,[JIT],0x00007895549082e7
987228.0,555009,python,[JIT],0x00007a2d2f4662c1
987217.0,555035,python,[JIT],0x000074c039e673fd
987216.0,555046,python,[JIT],0x00007af46fad74a3
987214.0,554984,python,[JIT],0x00007603c1445dd8
987208.0,555023,python,[JIT],0x0000769391dbd8b8
987208.0,554984,python,[JIT],0x00007603c1447be1
987204.0,554998,python,[JIT],0x00007895546a1ac7
987203.0,554998,python,python,object_init
987203.0,554998,python,[JIT],0x0000789554685555
987194.0,555035,python,[JIT],0x000074c03a0e5899
987191.0,554977,python,[JIT],0x0000747c7bef0b14
987191.0,554977,python,[JIT],0x0000747c7c1a328f
987190.0,555009,python,[JIT],0x00007a2d2f465d42
987188.0,555023,python,[JIT],0x0000769391dca008
987187.0,554977,python,[JIT],0x0000747c7c59f201
987185.0,555046,python,[JIT],0x00007af46fac34f1
987175.0,555009,python,[JIT],0x00007a2d2f464825
987169.0,555035,python,[JIT],0x000074c039e62204
987169.0,555023,python,python,_Py_uop_abstractcontext_fini
987165.0,555046,python,[JIT],0x00007af46fabe449
987164.0,555035,python,[JIT],0x000074c039e7f129
987160.0,554984,python,[JIT],0x00007603c2413343
987160.0,555009,python,[JIT],0x00007a2d2f6cd532
987151.0,555023,python,[JIT],0x0000769391dcf59f
987146.0,555009,python,[JIT],0x00007a2d2f45000a
987145.0,555023,python,[JIT],0x0000769391dc1cde
987142.0,554984,python,[JIT],0x00007603c14386e8
987132.0,554977,python,[JIT],0x0000747c7bf3cb10
987124.0,555035,python,[JIT],0x000074c039e734e5
987124.0,554998,python,[JIT],0x00007895553169d1
987119.0,555009,python,[JIT],0x00007a2d2f44c459
987109.0,554998,python,[JIT],0x00007895546a1334
987097.0,555023,python,[JIT],0x0000769391dd8266
987096.0,555023,python,[JIT],0x0000769391dcfe02
987096.0,555046,python,[JIT],0x00007af46facf2bd
987094.0,554984,python,[JIT],0x00007603c16b24bc
987092.0,555009,python,[JIT],0x00007a2d2f466a90
987092.0,554977,python,[kernel.kallsyms],native_flush_tlb_one_user
987086.0,555023,python,[JIT],0x0000769391dd15bb
987081.0,555046,python,[JIT],0x00007af46fad8493
987075.0,554998,python,[JIT],0x0000789555316be2
987075.0,554977,python,[JIT],0x0000747c7bf3fa9b
987071.0,554984,python,[JIT],0x00007603c144b12c
987069.0,555046,python,[JIT],0x00007af4706eca84
987063.0,555023,python,[JIT],0x000076939257bc0e
987063.0,554998,python,[JIT],0x00007895546a4e7b
987047.0,554998,python,python,_Py_uop_abstractcontext_fini
987046.0,554984,python,[JIT],0x00007603c144dc0a
987045.0,554984,python,[JIT],0x00007603c1447790
987034.0,555009,python,[JIT],0x00007a2d2f6cb393
987028.0,554977,python,[JIT],0x0000747c7bf24047
987022.0,555009,python,[JIT],0x00007a2d2f40f665
987016.0,555023,python,[JIT],0x0000769391dca4be
987012.0,554984,python,[JIT],0x00007603c144d618
987009.0,555023,python,libc.so.6,alloc_perturb
987009.0,555023,python,[JIT],0x0000769391dd1974
987004.0,554977,python,[JIT],0x0000747c7bf35fc4
987003.0,554984,python,[JIT],0x00007603c24133c6
987003.0,555009,python,[JIT],0x00007a2d2f4612b4
987001.0,555035,python,[JIT],0x000074c039e7e98b
986999.0,555023,python,[JIT],0x0000769391dd87bf
986999.0,555009,python,[JIT],0x00007a2d2f451082
986998.0,555046,python,[JIT],0x00007af46fad1816
986998.0,554984,python,[JIT],0x00007603c144c094
986997.0,554998,python,[JIT],0x0000789554908c11
986995.0,555035,python,[JIT],0x000074c039e655d9
986990.0,554977,python,[JIT],0x0000747c7c1a43ac
986988.0,555035,python,[JIT],0x000074c039e7f32d
986987.0,554998,python,[JIT],0x00007895546a4fa0
986983.0,554977,python,[JIT],0x0000747c7c1a4c81
986980.0,554984,python,[JIT],0x00007603c1aa93b8
986976.0,555009,python,[JIT],0x00007a2d2f6cc230
986973.0,554984,python,[JIT],0x00007603c144457a
986960.0,555046,python,[JIT],0x00007af46fab8e53
986953.0,555009,python,[JIT],0x00007a2d2f46597c
986951.0,555023,python,[JIT],0x0000769391dd1b8a
986932.0,554984,python,[JIT],0x00007603c144bf39
986931.0,555009,python,[JIT],0x00007a2d2f46868f
986915.0,555009,python,[JIT],0x00007a2d2f448718
986915.0,554984,python,[JIT],0x00007603c143fa6d
986914.0,554998,python,[JIT],0x00007895549085c8
986911.0,554977,python,[JIT],0x0000747c7bf3f1d7
986910.0,555023,python,[JIT],0x0000769391dd2295
986894.0,555009,python,[JIT],0x00007a2d2f428884
986892.0,554998,python,python,allocate_from_new_pool
986891.0,554998,python,[JIT],0x0000789554696be5
986890.0,555023,python,[JIT],0x0000769391dbdff8
986884.0,555035,python,[JIT],0x000074c039e7ed89
986880.0,555046,python,[JIT],0x00007af46fad1cd8
986868.0,555046,python,[JIT],0x00007af46fad6963
986863.0,555046,python,[JIT],0x00007af46fabf78e
986862.0,554984,python,[JIT],0x00007603c144bf8b
986848.0,555035,python,[JIT],0x000074c039e7e9bf
986846.0,554977,python,[JIT],0x0000747c7ce13268
986843.0,555046,python,[JIT],0x00007af46fad7486
986840.0,554998,python,[JIT],0x0000789554685532
986840.0,555046,python,[JIT],0x00007af46fad9cc3
986839.0,554998,python,[JIT],0x00007895546a22e9
986835.0,555009,python,[JIT],0x00007a2d2f45d5e4
986832.0,554984,python,[JIT],0x00007603c144f4b8
986824.0,555023,python,[JIT],0x0000769391dd8e24
986823.0,554977,python,[JIT],0x0000747c7bf206ed
986823.0,554984,python,[JIT],0x00007603c14480bb
986819.0,555023,python,[JIT],0x0000769391db7e02
986816.0,555009,python,[JIT],0x00007a2d2f3e20e6
986815.0,555035,python,[JIT],0x000074c039e817e9
986814.0,555023,python,[JIT],0x0000769391dcf0a8
986812.0,555009,python,[JIT],0x00007a2d2f45f22c
986805.0,555009,python,[JIT],0x00007a2d2f4673ab
986804.0,554984,python,[JIT],0x00007603c14320b3
986801.0,554984,python,python,mbuf_dealloc
986798.0,555035,python,[JIT],0x000074c039e80028
986797.0,555023,python,[JIT],0x0000769391dd1cc3
986797.0,555046,python,[JIT],0x00007af46fa96559
986796.0,554984,python,_struct.cpython-316-x86_64-linux-gnu.so,PyBytesWriter_GetData@plt
986795.0,554984,python,[JIT],0x00007603c1447313
986792.0,554984,python,[JIT],0x00007603c16b39f4
986790.0,555009,python,[JIT],0x00007a2d2f446722
986780.0,554998,python,[JIT],0x000078955490805e
986777.0,555023,python,[JIT],0x0000769391db8ba6
986772.0,555009,python,[JIT],0x00007a2d2f467a8c
986771.0,555035,python,[JIT],0x000074c03ae21df2
986766.0,554998,python,[JIT],0x000078955468ac8a
986759.0,555035,python,[JIT],0x000074c039e60db9
986738.0,555035,python,[JIT],0x000074c039e7e9a1
986737.0,555046,python,[JIT],0x00007af46fa8e4f0
986729.0,555023,python,[JIT],0x0000769391dd5dfa
986728.0,555035,python,[JIT],0x000074c03ae1311d
986727.0,555035,python,[JIT],0x000074c039e78ec6
986722.0,554977,python,[JIT],0x0000747c7bf3f541
986721.0,555023,python,[JIT],0x0000769391dbcdd3
986721.0,554984,python,[JIT],0x00007603c141200f
986712.0,554977,python,[JIT],0x0000747c7bf28e3b
986709.0,554984,python,[JIT],0x00007603c16b2706
986697.0,555023,python,[JIT],0x0000769391dd1f61
986690.0,554998,python,[JIT],0x00007895546a1b2a
986690.0,555009,python,[JIT],0x00007a2d2f45f997
986686.0,555035,python,[JIT],0x000074c03a0e5a0f
986684.0,555009,python,[JIT],0x00007a2d2f45e7ce
986683.0,555035,python,[JIT],0x000074c03ae139a2
986682.0,555046,python,[JIT],0x00007af46fad90a1
986682.0,554998,python,[JIT],0x00007895546a47e3
986679.0,555046,python,[JIT],0x00007af46fad02e0
986678.0,555023,python,[JIT],0x0000769391dbcd6f
986672.0,555023,python,[JIT],0x0000769391dd2049
986671.0,555009,python,[JIT],0x00007a2d2f4644ed
986669.0,555035,python,[JIT],0x000074c039e78aa5
986669.0,555023,python,[JIT],0x0000769391dcf6fa
986667.0,555035,python,[JIT],0x000074c039e78dea
986664.0,555009,python,[JIT],0x00007a2d2f468695
986657.0,555009,python,[JIT],0x00007a2d2f4661d3
986652.0,555023,python,python,_PyNumber_Index
986645.0,554984,python,[JIT],0x00007603c144e475
986639.0,555046,python,[JIT],0x00007af46fad60ad
986637.0,555035,python,[JIT],0x000074c03a0e6af6
986634.0,554984,python,[JIT],0x00007603c144b62f
986631.0,555035,python,[JIT],0x000074c039e7f95d
986629.0,554977,python,[JIT],0x0000747c7bf3fe13
986626.0,555035,python,[JIT],0x000074c039e66916
986626.0,554977,python,[JIT],0x0000747c7bf3c0c0
986625.0,554977,python,[JIT],0x0000747c7bf3ee58
986623.0,555023,python,[JIT],0x0000769391dd0bed
986622.0,554977,python,[JIT],0x0000747c7bf37296
986618.0,554984,python,[JIT],0x00007603c14463f9
986615.0,555035,python,[JIT],0x000074c03ae13962
986614.0,554984,python,[JIT],0x00007603c1401f51
986610.0,555009,python,[JIT],0x00007a2d2f6cb48c
986608.0,554998,python,[JIT],0x00007895546886d3
986606.0,555009,python,[JIT],0x00007a2d2f459b6b
986602.0,554984,python,[JIT],0x00007603c14452a1
986602.0,554977,python,[JIT],0x0000747c7bf2335c
986594.0,555009,python,[JIT],0x00007a2d2f44c133
986590.0,554998,python,[JIT],0x000078955469ac10
986589.0,555035,python,[JIT],0x000074c039e6b6b0
986588.0,554977,python,[JIT],0x0000747c7c59f19f
986588.0,554984,python,[JIT],0x00007603c144bccf
986586.0,555035,python,[JIT],0x000074c039e61fad
986585.0,554977,python,[JIT],0x0000747c7c5c4fb5
986576.0,555023,python,[JIT],0x0000769391dd8a79
986575.0,554984,python,[JIT],0x00007603c13dbf5f
986572.0,555046,python,[JIT],0x00007af46facf0b7
986553.0,555023,python,[JIT],0x0000769391db85c4
986551.0,555035,python,[JIT],0x000074c039e79d18
986546.0,555023,python,[JIT],0x0000769391db80b6
986543.0,554984,python,[JIT],0x00007603c1434883
986542.0,554998,python,[JIT],0x0000789554909590
986531.0,555046,python,[JIT],0x00007af46fad004d
986531.0,554977,python,[JIT],0x0000747c7bf3cd3f
986517.0,555023,python,[JIT],0x0000769391db2000
986517.0,554984,python,[JIT],0x00007603c1447111
986515.0,554998,python,python,PyUnicode_New.part.0
986515.0,554998,python,python,bytesio_new
986495.0,555046,python,[JIT],0x00007af47076a370
986492.0,554998,python,[JIT],0x00007895546a1741
986488.0,555023,python,[JIT],0x0000769391dd6b94
986488.0,554977,python,[JIT],0x0000747c7bf3e256
986482.0,555046,python,[JIT],0x00007af46fd4126d
986482.0,554984,python,[JIT],0x00007603c144b4f3
986476.0,555023,python,[JIT],0x0000769391d6abbb
986474.0,555046,python,[JIT],0x00007af46facaf73
986474.0,554984,python,[JIT],0x00007603c1445c58
986472.0,554984,python,[JIT],0x00007603c144e98b
986471.0,554977,python,[JIT],0x0000747c7bf40931
986470.0,555009,python,[JIT],0x00007a2d2f6cbf12
986468.0,555046,python,[JIT],0x00007af46fd3e1f8
986465.0,555035,python,python,builtin___import__
986456.0,555035,python,[JIT],0x000074c03ae13d69
986451.0,555009,python,[JIT],0x00007a2d2f465da2
986449.0,554984,python,[JIT],0x00007603c16b5c27
986447.0,555035,python,[JIT],0x000074c03ae13ada
986447.0,554977,python,[JIT],0x0000747c7bf15b43
986446.0,554977,python,[JIT],0x0000747c7bf306fd
986444.0,555023,python,[JIT],0x0000769391db8e3b
986444.0,555023,python,[JIT],0x0000769391dd9150
986442.0,554984,python,[JIT],0x00007603c14480ee
986439.0,555035,python,[JIT],0x000074c039e6a535
986429.0,555035,python,[JIT],0x000074c039e67d0e
986427.0,555023,python,[JIT],0x0000769391db830e
986425.0,555009,python,[JIT],0x00007a2d2f45ed09
986416.0,554984,python,[JIT],0x00007603c144c528
986415.0,555023,python,[JIT],0x0000769391dd7028
986414.0,554984,python,[JIT],0x00007603c144e49b
986413.0,554984,python,[JIT],0x00007603c1447ed0
986409.0,555035,python,[JIT],0x000074c03a0e63e3
986407.0,555009,python,[JIT],0x00007a2d2f4678d8
986406.0,555046,python,[JIT],0x00007af46fad27e0
986402.0,554998,python,[JIT],0x000078955469d9b1
986392.0,555023,python,[JIT],0x000076939203caea
986388.0,554977,python,[JIT],0x0000747c7bf373f1
986386.0,554984,python,[JIT],0x00007603c140f237
986373.0,555009,python,[JIT],0x00007a2d2f450574
986369.0,554977,python,[JIT],0x0000747c7bf38649
986368.0,555009,python,[JIT],0x00007a2d2f46446b
986364.0,555046,python,[JIT],0x00007af46fad8917
986358.0,555009,python,[JIT],0x00007a2d2f45a1cb
986358.0,555046,python,[JIT],0x00007af46fad9eb3
986356.0,555009,python,python,insert_to_emptydict
986354.0,554984,python,[JIT],0x00007603c144f609
986340.0,555046,python,[JIT],0x00007af46facb0f1
986340.0,554998,python,python,PyObject_Hash
986339.0,555009,python,[JIT],0x00007a2d2f450862
986327.0,554998,python,[JIT],0x000078955469bf29
986326.0,554998,python,[JIT],0x00007895546a13b1
986323.0,555009,python,[JIT],0x00007a2d2f464b41
986317.0,555035,python,[JIT],0x000074c03a0e5706
986314.0,555009,python,[JIT],0x00007a2d2f467b8f
986301.0,554984,python,[JIT],0x00007603c144bf2f
986300.0,555035,python,[JIT],0x000074c03ae213ca
986285.0,555023,python,[JIT],0x0000769391dce35c
986280.0,555035,python,[JIT],0x000074c039e7e118
986277.0,555009,python,[JIT],0x00007a2d2f4643f9
986275.0,554998,python,[JIT],0x000078955469c86c
986273.0,555023,python,[JIT],0x0000769391dd9604
986273.0,554998,python,[JIT],0x000078955469d3ea
986268.0,554984,python,[JIT],0x00007603c1447943
986267.0,555035,python,[JIT],0x000074c039e6b46c
986265.0,554998,python,[JIT],0x0000789554643101
986262.0,554984,python,[JIT],0x00007603c1bcedd7
986255.0,555023,python,[JIT],0x0000769391dbe2fb
986252.0,554998,python,[JIT],0x000078955467e2e1
986249.0,555023,python,[JIT],0x0000769391dd003c
986244.0,554977,python,[JIT],0x0000747c7c1a4467
986243.0,554984,python,[JIT],0x00007603c143236a
986233.0,554984,python,[JIT],0x00007603c1445e7a
986231.0,554998,python,[JIT],0x000078955469d255
986231.0,554998,python,[JIT],0x00007895546a4a47
986226.0,555009,python,[JIT],0x00007a2d2fa947d4
986224.0,555046,python,[JIT],0x00007af46fd40c09
986223.0,554977,python,[JIT],0x0000747c7c1a3997
986221.0,555035,python,[JIT],0x000074c039e786ae
986217.0,554998,python,[JIT],0x00007895546a1f19
986215.0,554984,python,[JIT],0x00007603c1bce46c
986209.0,555023,python,[JIT],0x000076939243804c
986209.0,554977,python,python,_PyDict_Subscript
986204.0,555046,python,[JIT],0x00007af46fad91e5
986201.0,554984,python,[JIT],0x00007603c14375b6
986198.0,555046,python,[JIT],0x00007af46fada229
986192.0,555009,python,[JIT],0x00007a2d2f6cba7b
986188.0,555035,python,[JIT],0x000074c039e8007b
986182.0,554998,python,[JIT],0x00007895546a10ab
986176.0,555035,python,[JIT],0x000074c039e4c2d8
986176.0,555046,python,[JIT],0x00007af46fad63a5
986174.0,555046,python,[JIT],0x00007af46fad0e7a
986169.0,555023,python,[JIT],0x0000769391db7e82
986164.0,555035,python,[JIT],0x000074c039e61de3
986152.0,555035,python,[JIT],0x000074c039e826cb
986152.0,555023,python,[JIT],0x0000769391dcf959
986149.0,555023,python,[JIT],0x0000769391dcf0af
986141.0,554977,python,[JIT],0x0000747c7bf3d295
986131.0,555035,python,[JIT],0x000074c039e7f955
986131.0,555046,python,[JIT],0x00007af46fad671f
986129.0,554977,python,[JIT],0x0000747c7c6cd343
986124.0,555023,python,[JIT],0x0000769391d9c40a
986122.0,555035,python,[JIT],0x000074c039e77a8b
986120.0,555035,python,[JIT],0x000074c03a0e5efe
986113.0,554998,python,[JIT],0x00007895546a376b
986109.0,555009,python,[JIT],0x00007a2d2f6c9fd0
986101.0,555023,python,[JIT],0x0000769391dd9514
986101.0,554977,python,[JIT],0x0000747c7bf38707
986100.0,555023,python,[JIT],0x0000769391dd1752
986098.0,554984,python,[JIT],0x00007603c1412a40
986095.0,555035,python,[JIT],0x000074c039e80c6e
986091.0,554977,python,[JIT],0x0000747c7bf37477
986087.0,554977,python,[JIT],0x0000747c7bf37e22
986086.0,555035,python,[JIT],0x000074c03a0e56fa
986086.0,554998,python,[JIT],0x0000789554908176
986084.0,554977,python,[JIT],0x0000747c7c1a720d
986084.0,554977,python,[JIT],0x0000747c7c5c4419
986078.0,555023,python,[JIT],0x0000769391dca9ed
986069.0,555023,python,[JIT],0x0000769391dd504c
986067.0,555035,python,[JIT],0x000074c039e6196d
986067.0,554984,python,[JIT],0x00007603c13dccc6
986067.0,554984,python,[JIT],0x00007603c1aa9983
986061.0,554984,python,[JIT],0x00007603c16b2d40
986060.0,554984,python,[JIT],0x00007603c143257e
986060.0,554984,python,[JIT],0x00007603c16b3fb5
986056.0,555023,python,[JIT],0x0000769391dd8309
986056.0,554998,python,[JIT],0x00007895549086eb
986044.0,555023,python,[JIT],0x0000769391dce6db
986039.0,554984,python,[JIT],0x00007603c144b2ae
986030.0,555035,python,[JIT],0x000074c03a0e5010
986024.0,554977,python,[JIT],0x0000747c7bf3ed76
986011.0,555046,python,python,_Py_module_getattro
986011.0,554977,python,[JIT],0x0000747c7bf32440
986009.0,555035,python,[JIT],0x000074c039e78d87
986001.0,555035,python,[JIT],0x000074c039e795bd
986000.0,555009,python,[JIT],0x00007a2d2f3fdd95
985993.0,554998,python,[JIT],0x000078955531682c
985986.0,554977,python,[JIT],0x0000747c7c1a3d2a
985985.0,554998,python,[JIT],0x000078955467662f
985983.0,555023,python,[JIT],0x0000769391dd62bf
985981.0,555009,python,[JIT],0x00007a2d2f46416f
985965.0,555023,python,[JIT],0x0000769391dcb14a
985962.0,555035,python,[JIT],0x000074c039e78d26
985960.0,555023,python,[JIT],0x0000769391dce118
985955.0,555023,python,[JIT],0x0000769391db8f96
985952.0,555046,python,[JIT],0x00007af46fad9659
985940.0,554984,python,[JIT],0x00007603c14321cf
985939.0,554977,python,[JIT],0x0000747c7bf3c91f
985937.0,555035,python,[kernel.kallsyms],security_vm_enough_memory_mm
985937.0,554984,python,[JIT],0x00007603c14447f6
985927.0,555023,python,[JIT],0x0000769391dcfea5
985927.0,554998,python,[JIT],0x00007895546a2129
985926.0,555046,python,[JIT],0x00007af46fd3de9d
985924.0,555023,python,[JIT],0x000076939245d900
985924.0,555009,python,[JIT],0x00007a2d2f42b4bf
985914.0,555035,python,[JIT],0x000074c039e2e7f8
985894.0,555046,python,[JIT],0x00007af46fad7f77
985893.0,555046,python,[JIT],0x00007af46fd3e2d8
985891.0,555009,python,[JIT],0x00007a2d2f45e474
985891.0,554984,python,[JIT],0x00007603c1444576
985887.0,554998,python,[JIT],0x00007895546a3cce
985883.0,554984,python,[JIT],0x00007603c13f82fb
985882.0,555009,python,[JIT],0x00007a2d2f6cc688
985880.0,555046,python,[JIT],0x00007af46fab844c
985880.0,554977,python,[JIT],0x0000747c7bf3928f
985875.0,555046,python,python,list_contains
985873.0,554984,python,[JIT],0x00007603c14482e3
985872.0,555035,python,[JIT],0x000074c03a0e61c5
985871.0,555009,python,[JIT],0x00007a2d2f45e4be
985866.0,555009,python,[JIT],0x00007a2d2f45e004
985863.0,554984,python,[JIT],0x00007603c16b3360
985859.0,555035,python,[JIT],0x000074c039e609f7
985857.0,555023,python,[JIT],0x0000769391dc2708
985857.0,554998,python,[JIT],0x0000789554685934
985856.0,554998,python,[JIT],0x000078955469beea
985851.0,554998,python,[JIT],0x00007895546a1f2f
985836.0,555023,python,[JIT],0x0000769391dd6e6d
985833.0,555023,python,[JIT],0x0000769391dd103b
985827.0,555035,python,[JIT],0x000074c039e61c83
985827.0,554998,python,[JIT],0x00007895546a1543
985822.0,554977,python,[JIT],0x0000747c7bf40908
985819.0,554998,python,[JIT],0x0000789554908d74
985810.0,554998,python,python,PyObject_ClearManagedDict
985810.0,555009,python,[JIT],0x00007a2d2fa940b4
985806.0,555009,python,[JIT],0x00007a2d2f6cc1a9
985804.0,555046,python,[JIT],0x00007af46fad9b35
985803.0,555009,python,[JIT],0x00007a2d2f465310
985802.0,554998,python,[JIT],0x00007895546a13e3
985799.0,555009,python,[JIT],0x00007a2d2f3fc66d
985798.0,554977,python,[JIT],0x0000747c7c5c4390
985790.0,554984,python,[kernel.kallsyms],__rcu_read_unlock
985785.0,554998,python,[JIT],0x0000789554695718
985785.0,555009,python,[JIT],0x00007a2d2f45d15e
985782.0,554998,python,python,_io_BytesIO___init__
985773.0,554977,python,python,PyUnicode_FindChar
985768.0,555023,python,[JIT],0x0000769391db7ecb
985764.0,555023,python,[JIT],0x0000769391db8bc6
985759.0,554998,python,[JIT],0x000078955469dcc3
985750.0,555035,python,python,long_rshift
985749.0,555035,python,[JIT],0x000074c039e77910
985739.0,555009,python,[JIT],0x00007a2d2f4602b4
985736.0,555009,python,[JIT],0x00007a2d2f43af72
985735.0,555009,python,[JIT],0x00007a2d2f4512e9
985734.0,554977,python,[kernel.kallsyms],__sysvec_apic_timer_interrupt
985733.0,554977,python,[JIT],0x0000747c7c59f1cf
985731.0,555046,python,[JIT],0x00007af46fada19f
985727.0,554998,python,[JIT],0x0000789554909072
985724.0,554977,python,[JIT],0x0000747c7bf3cca6
985718.0,555023,python,[JIT],0x0000769391d9c109
985717.0,554977,python,[JIT],0x0000747c7bf35b37
985713.0,555035,python,[JIT],0x000074c039e72c09
985710.0,554998,python,[JIT],0x00007895546a136b
985705.0,554998,python,[JIT],0x000078955531615e
985703.0,555035,python,[JIT],0x000074c039e824bc
985702.0,554984,python,[kernel.kallsyms],down_read_trylock
985701.0,554998,python,[JIT],0x0000789554684cc1
985698.0,555009,python,[JIT],0x00007a2d2f4677c5
985694.0,555023,python,[JIT],0x0000769391dd5815
985689.0,554984,python,[JIT],0x00007603c16b2796
985681.0,554984,python,[JIT],0x00007603c144e36e
985678.0,555035,python,[JIT],0x000074c039e34b10
985678.0,555023,python,[JIT],0x0000769391dd11ef
985677.0,555035,python,[JIT],0x000074c039e65796
985676.0,555046,python,[JIT],0x00007af46facf12e
985676.0,554977,python,[JIT],0x0000747c7bef83a3
985671.0,554977,python,[JIT],0x0000747c7bf23563
985669.0,554977,python,[JIT],0x0000747c7bf3c2e7
985665.0,555009,python,[JIT],0x00007a2d2f4480f0
985663.0,555009,python,[JIT],0x00007a2d2f44b4da
985663.0,554977,python,[JIT],0x0000747c7bf30825
985660.0,555035,python,[JIT],0x000074c039e7f260
985656.0,554977,python,[JIT],0x0000747c7bf3cc51
985656.0,554984,python,[JIT],0x00007603c13e77c3
985623.0,555023,python,[JIT],0x000076939203c69f
985622.0,555035,python,[JIT],0x000074c039e7e12c
985608.0,555009,python,[JIT],0x00007a2d2f45850c
985606.0,554998,python,[JIT],0x000078955469bf05
985604.0,555023,python,[JIT],0x000076939203dba9
985600.0,555023,python,[JIT],0x0000769391dd00f9
985597.0,554977,python,[JIT],0x0000747c7c1a089b
985585.0,555023,python,[JIT],0x000076939203c908
985582.0,554977,python,[JIT],0x0000747c7bf3c118
985579.0,554984,python,[JIT],0x00007603c142e673
985570.0,554984,python,[JIT],0x00007603c1447032
985566.0,555009,python,[JIT],0x00007a2d2f461035
985565.0,555009,python,[JIT],0x00007a2d2f464682
985564.0,554984,python,[JIT],0x00007603c25d926c
985558.0,555046,python,[JIT],0x00007af46fad09bc
985556.0,555009,python,[JIT],0x00007a2d2f6c9fb1
985554.0,555035,python,[JIT],0x000074c039e1b898
985552.0,555023,python,[JIT],0x000076939257ba87
985551.0,554998,python,[JIT],0x000078955469e17f
985549.0,554998,python,[JIT],0x0000789554632938
985546.0,555023,python,[JIT],0x000076939257bab4
985542.0,554984,python,python,_PyObject_InitInlineValues
985539.0,555046,python,[JIT],0x00007af46faca143
985534.0,555009,python,[JIT],0x00007a2d2f45822f
985529.0,555009,python,[JIT],0x00007a2d2f4643e3
985527.0,555009,python,[JIT],0x00007a2d2f44d5f1
985511.0,555009,python,[JIT],0x00007a2d2f4652c3
985496.0,554977,python,[JIT],0x0000747c7bf4011a
985494.0,554984,python,[JIT],0x00007603c143f632
985494.0,555046,python,[JIT],0x00007af46fab4d4a
985481.0,555046,python,[JIT],0x00007af4707693bf
985478.0,555009,python,[JIT],0x00007a2d2f4642e9
985477.0,554977,python,[JIT],0x0000747c7bf1e440
985472.0,554998,python,[JIT],0x000078955469e0ff
985466.0,554984,python,[JIT],0x00007603c144bc3e
985454.0,554984,python,[JIT],0x00007603c144b625
985447.0,555035,python,[kernel.kallsyms],__handle_mm_fault
985445.0,554984,python,[JIT],0x00007603c14458b7
985440.0,555009,python,[JIT],0x00007a2d2f45e65f
985409.0,555009,python,[JIT],0x00007a2d2f45f8f4
985403.0,555046,python,[JIT],0x00007af46fad222f
985395.0,555046,python,python,optimize_uops.isra.0
985392.0,554998,python,[JIT],0x0000789555333ea3
985389.0,554977,python,[JIT],0x0000747c7bf3f371
985388.0,555023,python,[JIT],0x0000769391dd89aa
985387.0,554984,python,[JIT],0x00007603c142d31b
985386.0,554984,python,[JIT],0x00007603c143286e
985385.0,554977,python,[JIT],0x0000747c7bf3dbaf
985384.0,554998,python,python,find_name_in_mro
985384.0,554998,python,[JIT],0x00007895546a10ce
985375.0,555023,python,[JIT],0x0000769391dd8c40
985375.0,555046,python,[JIT],0x00007af46fad6813
985374.0,555046,python,[JIT],0x00007af46fada476
985373.0,554998,python,[JIT],0x000078955469d499
985365.0,555023,python,[JIT],0x0000769391db71d8
985358.0,554998,python,[JIT],0x00007895546a46b9
985351.0,554998,python,[JIT],0x00007895546831f6
985349.0,555035,python,[JIT],0x000074c039e79e5d
985344.0,555009,python,[JIT],0x00007a2d2f45ea5a
985333.0,554977,python,[JIT],0x0000747c7bef73bf
985324.0,555023,python,[JIT],0x000076939257b26e
985321.0,555009,python,[JIT],0x00007a2d2f6c7a4d
985308.0,554984,python,[JIT],0x00007603c144e045
985305.0,555009,python,[JIT],0x00007a2d2f6cb097
985297.0,555035,python,[JIT],0x000074c039e2a4c7
985294.0,555046,python,_struct.cpython-316-x86_64-linux-gnu.so,PyBytesWriter_Create@plt
985287.0,555023,python,[JIT],0x0000769391dd1333
985287.0,555046,python,[JIT],0x00007af46fd3e7f0
985275.0,554984,python,[JIT],0x00007603c144623f
985266.0,555035,python,[JIT],0x000074c039e65228
985264.0,555009,python,[JIT],0x00007a2d2f4677b5
985264.0,554984,python,[JIT],0x00007603c1446645
985260.0,555009,python,[JIT],0x00007a2d2f4686dc
985259.0,555046,python,[JIT],0x00007af46fabf629
985259.0,554984,python,libc.so.6,__strrchr_avx2
985235.0,555046,python,[JIT],0x00007af46fad6334
985222.0,555035,python,[JIT],0x000074c039e770b5
985203.0,554998,python,[JIT],0x00007895546a227b
985201.0,555023,python,[JIT],0x0000769391dd84aa
985200.0,554977,python,[JIT],0x0000747c7bf3218d
985199.0,554998,python,[JIT],0x000078955468a31a
985171.0,555046,python,[JIT],0x00007af46fad6160
985168.0,555035,python,[JIT],0x000074c039e801c3
985168.0,554977,python,[JIT],0x0000747c7bf36933
985165.0,554977,python,[JIT],0x0000747c7bf3723f
985164.0,554977,python,[JIT],0x0000747c7bf3f8e3
985154.0,554977,python,[JIT],0x0000747c7bf24f77
985151.0,554998,python,[JIT],0x0000789554688289
985148.0,555009,python,[JIT],0x00007a2d2f45d77a
985135.0,554998,python,[JIT],0x00007895546a18b0
985134.0,554998,python,[JIT],0x00007895546a4041
985129.0,554984,python,[JIT],0x00007603c14453ae
985126.0,554977,python,[JIT],0x0000747c7bf37b77
985116.0,554977,python,[JIT],0x0000747c7bf23a43
985115.0,554998,python,python,memory_getbuf
985112.0,555046,python,[kernel.kallsyms],x86_pmu_enable
985111.0,554977,python,[JIT],0x0000747c7bedf7ed
985110.0,555046,python,[JIT],0x00007af46fd3db8b
985097.0,555023,python,python,object_recursive_isinstance
985096.0,554984,python,[JIT],0x00007603c1447319
985083.0,555023,python,[JIT],0x0000769391dd88ab
985071.0,555009,python,python,PyObject_GenericGetAttr
985063.0,554998,python,[JIT],0x00007895546848c9
985058.0,554977,python,[JIT],0x0000747c7bf25693
985040.0,554998,python,[JIT],0x00007895546a567f
985033.0,555023,python,[JIT],0x000076939203cf7b
985031.0,555023,python,[JIT],0x0000769391dd7587
985025.0,555035,python,[JIT],0x000074c039e7eca2
985017.0,554984,python,[JIT],0x00007603c1444ff3
985012.0,554984,python,python,PyBytes_FromStringAndSize
984986.0,555023,python,[JIT],0x0000769391dd553d
984983.0,554998,python,[JIT],0x0000789554689fab
984976.0,555035,python,[JIT],0x000074c039e67b26
984976.0,555035,python,[JIT],0x000074c03a0e61bb
984972.0,555009,python,[JIT],0x00007a2d2f467a5f
984971.0,555009,python,[JIT],0x00007a2d2f42807a
984969.0,555046,python,[JIT],0x00007af47074c1a4
984944.0,554977,python,[JIT],0x0000747c7bf3d436
984928.0,555009,python,[JIT],0x00007a2d2f465be2
984910.0,555023,python,[JIT],0x0000769391dd75f6
984910.0,554998,python,[JIT],0x0000789554908152
984906.0,555023,python,[JIT],0x0000769391dbcd62
984901.0,555009,python,[JIT],0x00007a2d2f464eaa
984891.0,555035,python,[JIT],0x000074c039e81462
984891.0,554998,python,[JIT],0x000078955469c121
984880.0,554977,python,[JIT],0x0000747c7bf3d832
984878.0,555046,python,[JIT],0x00007af46facf449
984866.0,554998,python,[JIT],0x00007895549087cd
984861.0,554977,python,[JIT],0x0000747c7bf31695
984859.0,555023,python,[JIT],0x0000769391dd9003
984797.0,555009,python,[JIT],0x00007a2d2f44b4c2
984793.0,555023,python,[JIT],0x0000769391dd54b3
984790.0,554998,python,[JIT],0x00007895546a124d
984776.0,555023,python,[JIT],0x0000769391dd992e
984769.0,555035,python,[JIT],0x000074c03ae21645
984753.0,555046,python,[JIT],0x00007af46faac330
984743.0,555023,python,[JIT],0x0000769391db7c4b
984740.0,555035,python,[JIT],0x000074c039e7af84
984740.0,555035,python,[JIT],0x000074c039e771e6
984723.0,555046,python,[JIT],0x00007af46fad9e5e
984708.0,555009,python,python,_PyStack_UnpackDict
984695.0,555009,python,[JIT],0x00007a2d2fa94393
984689.0,554977,python,[JIT],0x0000747c7bf3645a
984689.0,554998,python,[JIT],0x00007895549099f4
984680.0,555023,python,[JIT],0x0000769391d9c933
984668.0,555009,python,[JIT],0x00007a2d2f4653b5
984660.0,555023,python,[JIT],0x0000769391dbcd72
984649.0,554984,python,[JIT],0x00007603c14473e3
984635.0,555046,python,[JIT],0x00007af46fa7824d
984635.0,554977,python,[JIT],0x0000747c7bf37d11
984634.0,555009,python,[JIT],0x00007a2d2f464ac7
984617.0,554984,python,[JIT],0x00007603c1aa907e
984612.0,555046,python,[JIT],0x00007af46fad0f8e
984598.0,554998,python,[JIT],0x00007895546a1553
984576.0,555046,python,[JIT],0x00007af46fd3e20b
984571.0,555009,python,[JIT],0x00007a2d2f447938
984568.0,555009,python,[JIT],0x00007a2d2f465652
984565.0,555023,python,python,recursive_issubclass
984544.0,554998,python,[JIT],0x00007895546887e0
984544.0,555009,python,[JIT],0x00007a2d2f3fa77d
984533.0,554977,python,[JIT],0x0000747c7bed01fb
984526.0,555035,python,[JIT],0x000074c039e60215
984526.0,555046,python,[JIT],0x00007af47076a59e
984511.0,555009,python,[JIT],0x00007a2d2f44702c
984499.0,554998,python,[JIT],0x000078955490996f
984494.0,555023,python,[JIT],0x0000769391dd5c3e
984493.0,555009,python,[JIT],0x00007a2d2f44bb31
984488.0,554998,python,[JIT],0x000078955469c896
984482.0,555009,python,[JIT],0x00007a2d2f6cbd06
984481.0,555009,python,[JIT],0x00007a2d2f45e089
984476.0,554984,python,[JIT],0x00007603c142ec69
984474.0,555009,python,[JIT],0x00007a2d2f6c9fd8
984470.0,554984,python,[JIT],0x00007603c1440002
984468.0,555023,python,[JIT],0x0000769391dc116d
984462.0,555023,python,[JIT],0x0000769391dcf39a
984461.0,554984,python,[JIT],0x00007603c14408aa
984457.0,554984,python,[JIT],0x00007603c142de02
984456.0,554984,python,[JIT],0x00007603c144765f
984455.0,555046,python,[JIT],0x00007af46fd3e5e2
984454.0,554984,python,[JIT],0x00007603c14475a1
984432.0,554984,python,[JIT],0x00007603c144cd38
984430.0,554984,python,[JIT],0x00007603c16b269d
984424.0,554977,python,[JIT],0x0000747c7bf3f8fc
984419.0,555023,python,[JIT],0x0000769391dd8b28
984415.0,555035,python,[JIT],0x000074c039e7e16f
984409.0,554984,python,[JIT],0x00007603c14382d1
984399.0,555009,python,[JIT],0x00007a2d2f45dbfd
984395.0,555035,python,[JIT],0x000074c039e6a2bb
984385.0,554977,python,[JIT],0x0000747c7bf3e773
984381.0,554998,python,[JIT],0x0000789554909488
984360.0,554977,python,[JIT],0x0000747c7c5c4712
984342.0,554998,python,[JIT],0x0000789555316b55
984341.0,554984,python,[JIT],0x00007603c1bcee4d
984318.0,554998,python,[JIT],0x000078955469aa9c
984316.0,554977,python,[JIT],0x0000747c7bf36148
984289.0,554998,python,[JIT],0x00007895546a1ab4
984280.0,555035,python,[JIT],0x000074c039e6734d
984278.0,554984,python,[JIT],0x00007603c16b29fe
984239.0,554998,python,[JIT],0x00007895546a3256
984237.0,555023,python,[JIT],0x0000769391dcfe45
984230.0,554998,python,[JIT],0x000078955469e2b4
984229.0,555046,python,[JIT],0x00007af46fad6cde
984216.0,555035,python,[JIT],0x000074c039e826a2
984214.0,554998,python,[JIT],0x00007895546615c5
984208.0,555035,python,[JIT],0x000074c039e816bd
984198.0,555009,python,[JIT],0x00007a2d2f4519d6
984192.0,554977,python,[JIT],0x0000747c7c1a36fa
984188.0,554998,python,_struct.cpython-316-x86_64-linux-gnu.so,np_int
984184.0,555023,python,[JIT],0x0000769391dd76bc
984158.0,554984,python,[JIT],0x00007603c144c178
984147.0,555009,python,[JIT],0x00007a2d2f6cb72e
984138.0,554998,python,[JIT],0x00007895546a11fd
984132.0,555035,python,[JIT],0x000074c039e6057f
984127.0,555023,python,[JIT],0x0000769391dd59b3
984125.0,555009,python,[JIT],0x00007a2d2f46400a
984122.0,554998,python,[JIT],0x000078955469a05d
984101.0,554984,python,[JIT],0x00007603c1446453
984080.0,554984,python,[JIT],0x00007603c144cc8a
984067.0,555023,python,[JIT],0x000076939203f6c6
984060.0,554998,python,[JIT],0x0000789555316353
984057.0,554984,python,[JIT],0x00007603c1434c18
984054.0,555046,python,[JIT],0x00007af46fad72e9
984054.0,554977,python,[JIT],0x0000747c7bf1e997
984049.0,555035,python,[JIT],0x000074c039e7e897
984048.0,555046,python,[JIT],0x00007af46fd3d076
984048.0,554998,python,[JIT],0x0000789555316353
984044.0,554984,python,[JIT],0x00007603c144ba0f
984042.0,555035,python,[JIT],0x000074c039e7e0ad
984040.0,555035,python,[kernel.kallsyms],pte_offset_map_nolock
984033.0,555023,python,python,builtin_hasattr
984033.0,555023,python,[JIT],0x0000769391d75b49
984031.0,555035,python,[JIT],0x000074c039e81477
984030.0,554998,python,python,Py_HashBuffer
984027.0,555023,python,[JIT],0x000076939257b447
984021.0,555046,python,[JIT],0x00007af46fad1545
984019.0,554998,python,[JIT],0x00007895546a363f
984014.0,554998,python,[JIT],0x000078955469bf9a
984009.0,555035,python,[JIT],0x000074c039e61c69
984003.0,555046,python,[kernel.kallsyms],run_posix_cpu_timers
984002.0,554984,python,[JIT],0x00007603c143f5f8
983983.0,555023,python,[JIT],0x0000769391db95e4
983979.0,555023,python,[JIT],0x0000769391dd62e9
983962.0,554984,python,[JIT],0x00007603c1401cbf
983953.0,554998,python,[JIT],0x0000789554695f2c
983943.0,555009,python,[JIT],0x00007a2d2f45d992
983942.0,554977,python,[JIT],0x0000747c7bf1e2b4
983935.0,555023,python,[JIT],0x0000769391dd86ca
983929.0,554998,python,[JIT],0x00007895546a1193
983927.0,555046,python,[JIT],0x00007af46fad0e45
983916.0,555035,python,[JIT],0x000074c03a0e5b2e
983909.0,554998,python,[JIT],0x00007895549092b5
983904.0,554977,python,[JIT],0x0000747c7bf35aca
983903.0,555035,python,[JIT],0x000074c039e7f6a8
983902.0,554984,python,[JIT],0x00007603c1bcef49
983900.0,555023,python,[JIT],0x0000769391db91e4
983898.0,554977,python,[JIT],0x0000747c7bf1e7fc
983892.0,555046,python,[JIT],0x00007af46fad6189
983892.0,554984,python,[JIT],0x00007603c142f011
983889.0,554984,python,[JIT],0x00007603c1447677
983866.0,554984,python,[JIT],0x00007603c16b2bdd
983861.0,554977,python,[JIT],0x0000747c7bf3d0f3
983860.0,555023,python,[JIT],0x0000769391dcf554
983853.0,555009,python,[JIT],0x00007a2d2f46825a
983846.0,554998,python,[JIT],0x00007895558310cd
983845.0,554984,python,[JIT],0x00007603c144e02e
983843.0,555035,python,[JIT],0x000074c039e60e53
983839.0,554984,python,[JIT],0x00007603c142e23f
983831.0,554977,python,[JIT],0x0000747c7bf28840
983830.0,555023,python,[JIT],0x000076939257bd43
983830.0,554984,python,[JIT],0x00007603c14323d9
983822.0,555035,python,[JIT],0x000074c039e5324e
983816.0,554984,python,python,_PyObject_VectorcallDictTstate
983811.0,555023,python,[JIT],0x0000769391dbc353
983786.0,554998,python,[JIT],0x00007895546a1e1b
983784.0,555035,python,libc.so.6,malloc_consolidate
983782.0,554998,python,[JIT],0x000078955468d707
983778.0,555035,python,[JIT],0x000074c039e8162e
983775.0,554977,python,[JIT],0x0000747c7bf3e611
983769.0,554998,python,[JIT],0x0000789555316a71
983754.0,554977,python,[JIT],0x0000747c7bf3d76b
983753.0,554977,python,[JIT],0x0000747c7bf392b8
983736.0,555046,python,[JIT],0x00007af46fad1755
983735.0,555035,python,[JIT],0x000074c03ae21b22
983728.0,555035,python,[JIT],0x000074c03ae13b55
983726.0,555046,python,[JIT],0x00007af46fa959c0
983720.0,555046,python,[JIT],0x00007af46faba9bf
983719.0,555009,python,[JIT],0x00007a2d2f466b89
983717.0,555035,python,[JIT],0x000074c039e7a71a
983716.0,554984,python,[JIT],0x00007603c1440171
983708.0,555009,python,python,enum_new_impl
983707.0,555046,python,[JIT],0x00007af46facf970
983694.0,554984,python,[JIT],0x00007603c14447fd
983691.0,555009,python,[JIT],0x00007a2d2f460f40
983684.0,554984,python,[JIT],0x00007603c1aa97fc
983682.0,554998,python,[JIT],0x00007895549084c5
983671.0,554977,python,[JIT],0x0000747c7bf37453
983657.0,554998,python,[JIT],0x00007895546a1577
983650.0,555009,python,[JIT],0x00007a2d2f43970c
983649.0,555035,python,[JIT],0x000074c039e8168b
983637.0,555009,python,[JIT],0x00007a2d2f6c7975
983631.0,555023,python,[JIT],0x0000769391dc94eb
983621.0,554977,python,[JIT],0x0000747c7bf31e18
983600.0,554977,python,[JIT],0x0000747c7bf31f61
983592.0,554984,python,[JIT],0x00007603c142fa04
983585.0,555046,python,[JIT],0x00007af46fad0a61
983575.0,554977,python,[JIT],0x0000747c7bf3d0b8
983571.0,555046,python,[JIT],0x00007af46fad1339
983570.0,554998,python,[JIT],0x00007895553168a5
983552.0,555009,python,[JIT],0x00007a2d2f467a9b
983551.0,554977,python,[JIT],0x0000747c7c59f983
983543.0,554984,python,[JIT],0x00007603c144e617
983539.0,554998,python,[JIT],0x0000789554667afb
983534.0,555009,python,[JIT],0x00007a2d2f4648ca
983524.0,554984,python,[JIT],0x00007603c140f440
983515.0,555046,python,[JIT],0x00007af46fad0bb9
983513.0,554984,python,[JIT],0x00007603c1bce2f5
983511.0,555009,python,python,_PyTuple_FromPairSteal
983495.0,555046,python,[JIT],0x00007af46fd3eee0
983494.0,555009,python,[JIT],0x00007a2d2f460776
983493.0,555009,python,[JIT],0x00007a2d2f4683e7
983492.0,555046,python,python,_list_extend
983492.0,554977,python,[JIT],0x0000747c7bf096c4
983491.0,554977,python,[JIT],0x0000747c7bf3d08e
983470.0,554984,python,[JIT],0x00007603c1aa9a1a
983465.0,555035,python,[JIT],0x000074c03a4f82b5
983453.0,554998,python,[JIT],0x0000789555831268
983446.0,555009,python,[JIT],0x00007a2d2f428717
983446.0,555009,python,[JIT],0x00007a2d2f45ef26
983444.0,555009,python,[JIT],0x00007a2d2f464245
983425.0,554977,python,[JIT],0x0000747c7bf3e8e5
983423.0,554984,python,[JIT],0x00007603c144f62f
983415.0,554984,python,[JIT],0x00007603c142faaf
983414.0,554984,python,[JIT],0x00007603c144d69b
983408.0,555023,python,[JIT],0x0000769391dd50ea
983398.0,555035,python,[JIT],0x000074c039e62526
983395.0,554977,python,[JIT],0x0000747c7bf37943
983381.0,555009,python,[JIT],0x00007a2d2f4680d0
983377.0,555023,python,[kernel.kallsyms],__rcu_read_lock
983364.0,555046,python,[JIT],0x00007af46fab814e
983357.0,555009,python,[JIT],0x00007a2d2f44735f
983350.0,555046,python,python,PyObject_IsSubclass
983349.0,554984,python,[JIT],0x00007603c1444c70
983349.0,555046,python,python,_PyLong_ExactDealloc
983343.0,554984,python,[JIT],0x00007603c144ba83
983341.0,554998,python,[JIT],0x0000789554689c48
983316.0,555009,python,[JIT],0x00007a2d2f6cba84
983295.0,555009,python,[JIT],0x00007a2d2f46635c
983292.0,555035,python,[JIT],0x000074c03a0e5d9b
983292.0,555046,python,[JIT],0x00007af46faad6a9
983288.0,555009,python,[JIT],0x00007a2d2f4675df
983282.0,555046,python,[JIT],0x00007af46fd3ed05
983281.0,554998,python,[JIT],0x000078955469d707
983278.0,555035,python,[JIT],0x000074c039e81a9e
983278.0,555009,python,[JIT],0x00007a2d2f465d2e
983263.0,554977,python,[JIT],0x0000747c7bf253cc
983258.0,554998,python,[JIT],0x00007895546a49c4
983254.0,555035,python,[JIT],0x000074c039e78d18
983248.0,554977,python,[JIT],0x0000747c7bf3602f
983238.0,555009,python,[JIT],0x00007a2d2f6cc706
983223.0,555046,python,[JIT],0x00007af46fabd360
983221.0,554984,python,[JIT],0x00007603c2413273
983215.0,555023,python,[JIT],0x0000769391db895e
983212.0,555023,python,[JIT],0x0000769391dce134
983212.0,555009,python,[JIT],0x00007a2d2f424732
983212.0,554977,python,[JIT],0x0000747c7befdd34
983195.0,555046,python,[JIT],0x00007af46fa98caf
983193.0,555046,python,python,_PyJIT_Compile
983183.0,555023,python,[JIT],0x000076939203d3ac
983175.0,555023,python,python,PyObject_GetAttr
983174.0,554977,python,[JIT],0x0000747c7bef63d1
983170.0,555046,python,[JIT],0x00007af46fad265f
983164.0,554977,python,[JIT],0x0000747c7bf3835c
983140.0,555035,python,[JIT],0x000074c039e67c8f
983137.0,555046,python,[JIT],0x00007af46fd3b77d
983135.0,554977,python,[JIT],0x0000747c7bf1e9c4
983135.0,554984,python,[JIT],0x00007603c14472ef
983131.0,555046,python,[JIT],0x00007af46fad8ab2
983127.0,555046,python,[JIT],0x00007af46fad901e
983123.0,555046,python,[JIT],0x00007af46fabdfeb
983122.0,554984,python,[JIT],0x00007603c16b23f4
983104.0,554984,python,[JIT],0x00007603c1444adf
983102.0,555009,python,[JIT],0x00007a2d2f466d2e
983094.0,555009,python,[JIT],0x00007a2d2f465528
983080.0,555035,python,[JIT],0x000074c03a0e5974
983069.0,555046,python,[JIT],0x00007af46fd3e304
983061.0,555046,python,[JIT],0x00007af46fad8a7d
983058.0,555009,python,[JIT],0x00007a2d2f467309
983047.0,554977,python,[JIT],0x0000747c7bf3d118
983025.0,554984,python,[JIT],0x00007603c16b3004
983023.0,554977,python,[JIT],0x0000747c7bf37515
983019.0,554977,python,[JIT],0x0000747c7bf3147f
983018.0,554984,python,[JIT],0x00007603c1447efb
983016.0,555023,python,[JIT],0x0000769391dd5f19
983016.0,554977,python,[JIT],0x0000747c7bf28e0f
983016.0,554984,python,[JIT],0x00007603c1433bc3
983011.0,554977,python,python,_PyObject_GC_Resize
982995.0,554998,python,[JIT],0x00007895546a4fb3
982995.0,554984,python,[JIT],0x00007603c144d78b
982990.0,554998,python,[JIT],0x00007895549089e0
982988.0,555035,python,[JIT],0x000074c039e81bbf
982988.0,555009,python,[JIT],0x00007a2d2f45d7ab
982984.0,555023,python,[JIT],0x0000769391dc9aec
982977.0,554977,python,[JIT],0x0000747c7c1a725c
982959.0,554998,python,[JIT],0x00007895546a3fdd
982958.0,554998,python,[JIT],0x00007895549083b6
982956.0,555009,python,[JIT],0x00007a2d2f4683d3
982951.0,555035,python,[JIT],0x000074c039e66dc1
982937.0,555023,python,[JIT],0x000076939257bf49
982924.0,554977,python,[JIT],0x0000747c7bf3ecfe
982920.0,555009,python,[JIT],0x00007a2d2f458eac
982919.0,554998,python,[JIT],0x0000789554908347
982893.0,554984,python,[JIT],0x00007603c16b402d
982884.0,555035,python,[JIT],0x000074c039e802ff
982884.0,554984,python,[JIT],0x00007603c1bce822
982876.0,554977,python,[JIT],0x0000747c7beb34bf
982871.0,554998,python,[JIT],0x0000789554688d5a
982866.0,554998,python,[JIT],0x00007895549082b7
982858.0,554998,python,python,bytes_buffer_getbuffer
982855.0,555046,python,[JIT],0x00007af46fad923d
982853.0,554984,python,[JIT],0x00007603c1446943
982852.0,554984,python,[JIT],0x00007603c143fa2c
982837.0,555046,python,[JIT],0x00007af46fad1a62
982835.0,554984,python,[JIT],0x00007603c144d891
982830.0,554998,python,[JIT],0x000078955466193f
982814.0,555009,python,[JIT],0x00007a2d2f458d4b
982807.0,554977,python,[JIT],0x0000747c7bf3dce0
982801.0,554984,python,[JIT],0x00007603c144b015
982796.0,555035,python,[JIT],0x000074c03ae211e7
982791.0,555046,python,[JIT],0x00007af46fad2e1f
982781.0,555046,python,python,siphash13
982777.0,555009,python,[JIT],0x00007a2d2f423081
982773.0,554984,python,[JIT],0x00007603c13c5545
982771.0,554977,python,[JIT],0x0000747c7c1a391e
982762.0,555009,python,[JIT],0x00007a2d2f45f34a
982756.0,555009,python,[JIT],0x00007a2d2f447eef
982739.0,554984,python,[JIT],0x00007603c14379d7
982735.0,554984,python,[JIT],0x00007603c1445a5a
982734.0,554977,python,[JIT],0x0000747c7c5c4359
982733.0,554984,python,[JIT],0x00007603c16b3c8f
982725.0,555023,python,[JIT],0x0000769391dc9b82
982725.0,554998,python,[JIT],0x000078955469d83e
982704.0,554984,python,python,builtin_getattr
982697.0,555009,python,[JIT],0x00007a2d2f46566d
982676.0,554998,python,[JIT],0x000078955469d649
982667.0,555023,python,[JIT],0x000076939245d8c8
982663.0,554998,python,[JIT],0x00007895546a1b80
982651.0,554977,python,[JIT],0x0000747c7bf32888
982648.0,554984,python,[JIT],0x00007603c13e404c
982648.0,555035,python,[JIT],0x000074c039e814a6
982639.0,555035,python,[JIT],0x000074c03ae133b9
982633.0,555023,python,[JIT],0x0000769391dd6555
982627.0,554977,python,python,PyTuple_New
982620.0,554998,python,[JIT],0x000078955469d4e3
982611.0,555023,python,[JIT],0x0000769391dbe695
982601.0,555009,python,[JIT],0x00007a2d2f4471ab
982598.0,555046,python,[JIT],0x00007af47076a378
982595.0,555009,python,[JIT],0x00007a2d2f6c9378
982592.0,555009,python,[JIT],0x00007a2d2f4674a6
982588.0,555046,python,[JIT],0x00007af46fada0b4
982574.0,554977,python,[JIT],0x0000747c7bf38213
982573.0,554984,python,[JIT],0x00007603c13d1c4d
982573.0,554984,python,[JIT],0x00007603c1448270
982568.0,555009,python,[JIT],0x00007a2d2f6cc6cb
982547.0,554984,python,[JIT],0x00007603c141189b
982545.0,554977,python,[JIT],0x0000747c7bf35ece
982544.0,555009,python,[JIT],0x00007a2d2f465b07
982538.0,555009,python,[JIT],0x00007a2d2f439d96
982536.0,554984,python,[JIT],0x00007603c142d2c6
982534.0,555023,python,[JIT],0x0000769391dd6def
982529.0,554998,python,[JIT],0x000078955469b554
982527.0,554977,python,[JIT],0x0000747c7bf2912d
982526.0,555035,python,[JIT],0x000074c039e7e8d1
982520.0,554984,python,[JIT],0x00007603c16b260f
982509.0,555009,python,[JIT],0x00007a2d2f6cc0ab
982508.0,554977,python,[JIT],0x0000747c7bf39354
982502.0,554998,python,[JIT],0x000078955468423f
982499.0,554998,python,[JIT],0x0000789555316c6d
982499.0,554977,python,[JIT],0x0000747c7bf1e8a5
982498.0,555023,python,[JIT],0x0000769391dd66c0
982497.0,555023,python,[JIT],0x0000769391dd13d8
982495.0,555009,python,[JIT],0x00007a2d2f447e45
982488.0,554998,python,[JIT],0x00007895546a21d1
982482.0,555023,python,[JIT],0x00007693924391bd
982481.0,555035,python,[JIT],0x000074c039df37b0
982481.0,555009,python,[JIT],0x00007a2d2f46812c
982472.0,554977,python,[JIT],0x0000747c7c59f980
982469.0,555009,python,python,builtin_issubclass
982462.0,555035,python,[JIT],0x000074c039e80561
982456.0,555035,python,[JIT],0x000074c039e1c86c
982454.0,555023,python,[JIT],0x0000769391db9650
982454.0,554998,python,python,PyMemoryView_FromObject
982443.0,555046,python,[JIT],0x00007af47076aa40
982433.0,555046,python,[JIT],0x00007af46fab9779
982421.0,554984,python,[JIT],0x00007603c144d3a8
982412.0,555023,python,[JIT],0x0000769391dce50e
982411.0,555035,python,[JIT],0x000074c039e816c5
982410.0,555035,python,[JIT],0x000074c039e65219
982406.0,555023,python,[JIT],0x0000769391dd889a
982394.0,554984,python,[JIT],0x00007603c144e7f5
982393.0,554998,python,[JIT],0x0000789554667000
982385.0,555023,python,[JIT],0x0000769391db761c
982384.0,555035,python,[JIT],0x000074c039e66926
982378.0,555046,python,[JIT],0x00007af46fad0e5b
982366.0,554984,python,[JIT],0x00007603c14345ec
982357.0,555009,python,[JIT],0x00007a2d2f6cd4c2
982357.0,554984,python,[JIT],0x00007603c142e8fa
982356.0,555023,python,[JIT],0x0000769391dd5b38
982355.0,555009,python,[JIT],0x00007a2d2f6cb4f0
982353.0,555046,python,[JIT],0x00007af46facb167
982353.0,554977,python,[JIT],0x0000747c7bf383ab
982347.0,555046,python,[JIT],0x00007af46fad1943
982342.0,555035,python,[JIT],0x000074c039e817e9
982338.0,554977,python,[JIT],0x0000747c7bf30608
982337.0,555009,python,[JIT],0x00007a2d2f465287
982334.0,554998,python,[JIT],0x000078955490995a
982331.0,555046,python,[JIT],0x00007af46fab94b0
982329.0,555009,python,[JIT],0x00007a2d2f45d72a
982321.0,554977,python,[JIT],0x0000747c7bf3e2cb
982316.0,554977,python,[JIT],0x0000747c7c5c454f
982311.0,555035,python,[JIT],0x000074c039e74169
982299.0,554998,python,[JIT],0x0000789554909a36
982294.0,555046,python,[JIT],0x00007af46fd3d899
982291.0,555046,python,[JIT],0x00007af46fab8a06
982281.0,555009,python,[JIT],0x00007a2d2f43a7fb
982278.0,555035,python,[JIT],0x000074c039e6aed9
982277.0,555009,python,[JIT],0x00007a2d2f3fd3c1
982274.0,554977,python,[JIT],0x0000747c7bf35a2d
982255.0,554977,python,[JIT],0x0000747c7bf20285
982252.0,555023,python,[JIT],0x0000769391dcf907
982252.0,555009,python,[JIT],0x00007a2d2f6cbde9
982247.0,555023,python,[JIT],0x000076939203db75
982244.0,554998,python,[JIT],0x0000789554688382
982225.0,555023,python,[JIT],0x0000769391dd6dac
982225.0,554977,python,[JIT],0x0000747c7bf407f9
982218.0,554998,python,[JIT],0x00007895546a13d2
982218.0,555046,python,[JIT],0x00007af46fad6b50
982214.0,554998,python,[JIT],0x00007895546a26a0
982214.0,555046,python,[JIT],0x00007af46fad9bfe
982212.0,555046,python,[JIT],0x00007af46faab990
982210.0,554977,python,[JIT],0x0000747c7c6cd164
982209.0,555023,python,[JIT],0x0000769391dd1355
982208.0,554984,python,[JIT],0x00007603c144b8fc
982197.0,554977,python,[JIT],0x0000747c7bee426b
982194.0,555023,python,[JIT],0x0000769391dbe167
982194.0,555023,python,[JIT],0x0000769391dd6f24
982191.0,555009,python,[JIT],0x00007a2d2f465db8
982171.0,555023,python,[JIT],0x0000769391dd855c
982167.0,554998,python,[JIT],0x000078955469c35d
982158.0,554998,python,[JIT],0x00007895546a14d7
982157.0,555009,python,[JIT],0x00007a2d2f460a2b
982148.0,554984,python,[JIT],0x00007603c16b2003
982132.0,554977,python,[JIT],0x0000747c7bf38319
982123.0,555046,python,[JIT],0x00007af46facb155
982114.0,554984,python,[JIT],0x00007603c1421b21
982107.0,554984,python,[JIT],0x00007603c1bce179
982095.0,555023,python,[JIT],0x0000769391dd8668
982094.0,554998,python,[JIT],0x00007895546a3136
982081.0,555023,python,[JIT],0x0000769391dd6eae
982061.0,555035,python,[JIT],0x000074c03a0e54d4
982028.0,555009,python,[JIT],0x00007a2d2f4660aa
982019.0,555023,python,[JIT],0x0000769391dd67d7
982013.0,554977,python,[JIT],0x0000747c7c5c4c41
982010.0,555046,python,[JIT],0x00007af46fabd246
982008.0,554984,python,[JIT],0x00007603c144c629
982006.0,555023,python,[kernel.kallsyms],kmem_cache_free_bulk.part.0
982006.0,554984,python,[JIT],0x00007603c142d95e
982005.0,555023,python,[JIT],0x0000769391dd8cf8
982001.0,555009,python,[JIT],0x00007a2d2f450e76
981988.0,555023,python,[JIT],0x0000769391dbc0f1
981978.0,555009,python,[JIT],0x00007a2d2f44bfd5
981975.0,555009,python,[JIT],0x00007a2d2f467eee
981969.0,554998,python,[JIT],0x000078955469c18e
981966.0,555009,python,[JIT],0x00007a2d2f4676e0
981953.0,555046,python,[JIT],0x00007af46fad65bc
981950.0,555035,python,[JIT],0x000074c039e799c9
981939.0,554977,python,[JIT],0x0000747c7bf3dcb4
981937.0,555009,python,[JIT],0x00007a2d2f428a40
981935.0,555035,python,[JIT],0x000074c03ae135fe
981923.0,555009,python,python,PyLong_AsUnsignedLongLong
981918.0,555046,python,[JIT],0x00007af46fad6574
981898.0,554977,python,[JIT],0x0000747c7bf327fc
981877.0,555046,python,[kernel.kallsyms],syscall_return_via_sysret
981873.0,555009,python,[JIT],0x00007a2d2f44b24f
981870.0,555046,python,[JIT],0x00007af46fad2d89
981859.0,555035,python,[JIT],0x000074c03a4f600a
981856.0,555023,python,[JIT],0x0000769391dd8916
981854.0,555035,python,[JIT],0x000074c03a0e624a
981849.0,555046,python,[JIT],0x00007af46fad0b5b
981831.0,554984,python,[JIT],0x00007603c1bce376
981822.0,554984,python,[JIT],0x00007603c1446d53
981821.0,555009,python,[JIT],0x00007a2d2f45f404
981810.0,555046,python,[JIT],0x00007af46fad9135
981809.0,555023,python,[JIT],0x0000769391dd5116
981797.0,555009,python,[JIT],0x00007a2d2f459aad
981795.0,555023,python,[JIT],0x0000769391dd5dec
981781.0,555023,python,python,unicode_dealloc
981779.0,555046,python,[JIT],0x00007af46fabed0b
981778.0,554984,python,[JIT],0x00007603c1447005
981773.0,554977,python,[JIT],0x0000747c7bf202c0
981765.0,555046,python,[JIT],0x00007af46fad9931
981753.0,555046,python,[JIT],0x00007af46fad878b
981745.0,555046,python,[JIT],0x00007af46fad621a
981733.0,555023,python,[JIT],0x0000769391d8441a
981733.0,555009,python,[JIT],0x00007a2d2f4606d6
981722.0,554977,python,[JIT],0x0000747c7bf37dab
981709.0,554977,python,[JIT],0x0000747c7c5c49c2
981689.0,554998,python,[JIT],0x0000789554ce49b0
981683.0,554977,python,[JIT],0x0000747c7bf3e665
981677.0,555046,python,[JIT],0x00007af46fabd3ca
981665.0,554984,python,[JIT],0x00007603c16b241a
981661.0,555046,python,[JIT],0x00007af46fad0af3
981647.0,554984,python,[JIT],0x00007603c1446899
981642.0,555009,python,[JIT],0x00007a2d2f45f740
981639.0,555035,python,[JIT],0x000074c039e3d0a4
981639.0,554984,python,[JIT],0x00007603c1440008
981632.0,555009,python,[JIT],0x00007a2d2f424b1e
981615.0,555009,python,python,_Py_hashtable_get_entry_generic
981613.0,554998,python,python,va_build_value
981607.0,555023,python,[JIT],0x0000769391dbe5df
981601.0,555023,python,[JIT],0x0000769391dd7557
981577.0,555023,python,[JIT],0x0000769391dcaf2b
981574.0,554984,python,[JIT],0x00007603c16b28aa
981573.0,555023,python,[JIT],0x0000769391db7444
981556.0,555046,python,[JIT],0x00007af46fad9b72
981554.0,555009,python,[JIT],0x00007a2d2f45da3e
981546.0,554977,python,[JIT],0x0000747c7bf3885a
981540.0,555035,python,[JIT],0x000074c039e61a04
981535.0,555009,python,[JIT],0x00007a2d2f460894
981533.0,555035,python,[JIT],0x000074c03a0e5a84
981522.0,554998,python,[JIT],0x00007895546a3e6c
981505.0,555046,python,[JIT],0x00007af46fad2302
981478.0,555046,python,[JIT],0x00007af46fad8c99
981472.0,555009,python,[JIT],0x00007a2d2f46701e
981467.0,555046,python,[JIT],0x00007af46fabe532
981463.0,554977,python,[JIT],0x0000747c7bf391ab
981460.0,554977,python,[JIT],0x0000747c7bf24358
981449.0,554984,python,[JIT],0x00007603c144783e
981446.0,555023,python,[JIT],0x0000769391dbe446
981446.0,554984,python,[JIT],0x00007603c16b2502
981442.0,555023,python,[JIT],0x0000769391db90f9
981442.0,554998,python,[JIT],0x00007895546a1d62
981438.0,555035,python,[JIT],0x000074c039e60305
981425.0,555023,python,[JIT],0x0000769392438514
981424.0,554998,python,python,long_hash
981396.0,554998,python,[JIT],0x000078955469cd30
981390.0,555023,python,[JIT],0x0000769391dd875e
981384.0,555046,python,[JIT],0x00007af47076937f
981383.0,555023,python,[JIT],0x0000769391d7f8fd
981378.0,555046,python,[JIT],0x00007af46fad1de9
981376.0,554998,python,[JIT],0x00007895546a3868
981373.0,554998,python,[JIT],0x000078955469b921
981371.0,555035,python,[JIT],0x000074c039e62815
981351.0,555023,python,[JIT],0x0000769391dd80df
981346.0,555023,python,[JIT],0x0000769391db8d4c
981346.0,554977,python,[JIT],0x0000747c7bf37abd
981313.0,554998,python,[JIT],0x000078955469adcc
981308.0,555035,python,[JIT],0x000074c039e797ea
981308.0,554984,python,python,_io_BytesIO_getvalue
981291.0,555035,python,[JIT],0x000074c039e7e0ab
981290.0,554977,python,[JIT],0x0000747c7c1a399c
981278.0,554998,python,[JIT],0x00007895549091f6
981275.0,555009,python,[JIT],0x00007a2d2f4666dd
981265.0,554998,python,[JIT],0x00007895546a1d17
981254.0,555009,python,[JIT],0x00007a2d2f45db18
981253.0,555009,python,[JIT],0x00007a2d2f44700a
981242.0,554998,python,[JIT],0x00007895546a275e
981242.0,554984,python,[JIT],0x00007603c1bcee5f
981240.0,554984,python,[JIT],0x00007603c16b32c6
981233.0,555023,python,[JIT],0x000076939203cad5
981229.0,555035,python,[JIT],0x000074c039e7a7e0
981225.0,554998,python,[JIT],0x00007895546a4291
981218.0,555046,python,[JIT],0x00007af46fab9452
981215.0,555046,python,python,object_recursive_isinstance
981209.0,555023,python,[JIT],0x0000769391dd145a
981195.0,554984,python,[JIT],0x00007603c13eaed6
981186.0,555035,python,[JIT],0x000074c039e7e1f7
981178.0,554977,python,[JIT],0x0000747c7bf3d0fd
981166.0,555035,python,[JIT],0x000074c039e47b9a
981160.0,554977,python,[JIT],0x0000747c7c1a4097
981157.0,555023,python,[JIT],0x0000769391db7f4f
981156.0,555046,python,[JIT],0x00007af46fabe5b6
981149.0,554977,python,[JIT],0x0000747c7beb3380
981148.0,554984,python,[JIT],0x00007603c14404fc
981147.0,554984,python,[JIT],0x00007603c1447082
981132.0,554984,python,[JIT],0x00007603c144e680
981120.0,555035,python,[JIT],0x000074c039e7efce
981115.0,554977,python,[JIT],0x0000747c7bf1ed11
981111.0,555046,python,[JIT],0x00007af46fad2787
981102.0,554998,python,[JIT],0x0000789554695511
981102.0,554977,python,[JIT],0x0000747c7bf31230
981101.0,554977,python,[JIT],0x0000747c7bf371d6
981098.0,555046,python,[JIT],0x00007af46fa4e314
981093.0,555035,python,[JIT],0x000074c039e62a48
981090.0,554977,python,[JIT],0x0000747c7c5c4e2d
981081.0,555009,python,[JIT],0x00007a2d2f450cee
981078.0,554984,python,[JIT],0x00007603c1446bed
981073.0,555046,python,[JIT],0x00007af46fad240c
981073.0,554977,python,python,bytesiobuf_releasebuffer
981070.0,555035,python,[JIT],0x000074c039e807ad
981054.0,554984,python,[JIT],0x00007603c144bfd5
981034.0,555035,python,[JIT],0x000074c039e65fc3
981033.0,555023,python,[JIT],0x000076939257b3f5
981028.0,554998,python,[JIT],0x000078955469ada3
981019.0,555035,python,[JIT],0x000074c039e41204
981018.0,555023,python,[JIT],0x0000769391db9afc
981015.0,555046,python,[JIT],0x00007af46fad05a9
981008.0,555035,python,python,PyMemoryView_FromObject
981007.0,555009,python,[JIT],0x00007a2d2f45fc46
981007.0,554984,python,[JIT],0x00007603c144ca35
980996.0,554977,python,[JIT],0x0000747c7bf3e5f6
980990.0,554984,python,[JIT],0x00007603c1446158
980985.0,554984,python,[JIT],0x00007603c1444605
980974.0,554998,python,[JIT],0x00007895549097c9
980971.0,555035,python,[JIT],0x000074c039e46b0b
980971.0,555046,python,[JIT],0x00007af46fad03de
980970.0,554977,python,[JIT],0x0000747c7bf1ed20
980965.0,555035,python,[JIT],0x000074c039e77bd2
980962.0,554984,python,[JIT],0x00007603c2413010
980957.0,554984,python,[JIT],0x00007603c1446606
980955.0,555035,python,python,_io_BytesIO_write
980947.0,555023,python,[JIT],0x0000769391dbdcc8
980946.0,555035,python,[JIT],0x000074c039e6a725
980942.0,555035,python,[JIT],0x000074c03a0e595d
980940.0,555035,python,[JIT],0x000074c039e7f0d3
980939.0,554984,python,[JIT],0x00007603c14452b9
980938.0,554998,python,[JIT],0x00007895546a478e
980933.0,555046,python,[JIT],0x00007af46fad75bf
980933.0,555035,python,libc.so.6,malloc
980931.0,555046,python,python,PyBool_FromLong
980920.0,555046,python,[JIT],0x00007af46facf967
980919.0,554998,python,[JIT],0x000078955469a7c0
980909.0,554998,python,[JIT],0x000078955469c363
980908.0,555023,python,[JIT],0x0000769391d74335
980903.0,555046,python,[JIT],0x00007af46fada3bb
980902.0,554998,python,[JIT],0x00007895546a1175
980902.0,554977,python,[JIT],0x0000747c7bf23be2
980896.0,554977,python,[JIT],0x0000747c7bf1ebed
980896.0,554984,python,[JIT],0x00007603c144ce9a
980888.0,554998,python,[JIT],0x0000789554908ad5
980886.0,555009,python,[JIT],0x00007a2d2f4463bb
980869.0,555046,python,[JIT],0x00007af4707695bb
980869.0,554984,python,[JIT],0x00007603c1433c83
980863.0,554977,python,[JIT],0x0000747c7bf3929c
980862.0,554984,python,[JIT],0x00007603c14416e1
980859.0,555046,python,[JIT],0x00007af46fab8f0c
980859.0,554977,python,[JIT],0x0000747c7bf3e9c9
980856.0,554977,python,[JIT],0x0000747c7bed92b2
980855.0,555035,python,[JIT],0x000074c03ae13314
980853.0,555046,python,[JIT],0x00007af46fd3ded9
980849.0,555023,python,[JIT],0x000076939203d324
980848.0,554977,python,[JIT],0x0000747c7bf3ffb6
980842.0,555035,python,[JIT],0x000074c039e8051a
980840.0,555009,python,[JIT],0x00007a2d2f45ee45
980837.0,555023,python,[JIT],0x0000769391dd719b
980834.0,554984,python,[JIT],0x00007603c142f807
980827.0,554977,python,[JIT],0x0000747c7bf3912c
980826.0,555023,python,[JIT],0x0000769391dce496
980823.0,554998,python,[JIT],0x00007895546a54bc
980821.0,554984,python,[JIT],0x00007603c144dc00
980819.0,554998,python,[JIT],0x00007895546a3825
980812.0,554977,python,[JIT],0x0000747c7bf3f1dc
980807.0,555023,python,[JIT],0x0000769391dd8ee4
980805.0,555023,python,[JIT],0x0000769391dd6118
980804.0,554977,python,[JIT],0x0000747c7bf380fd
980802.0,555009,python,[JIT],0x00007a2d2fa94154
980794.0,555035,python,[JIT],0x000074c039e78177
980794.0,555009,python,[JIT],0x00007a2d2f448976
980794.0,555046,python,[JIT],0x00007af47076aa75
980792.0,555046,python,[JIT],0x00007af46facbe75
980785.0,555023,python,[JIT],0x0000769391dd8931
980783.0,554984,python,[JIT],0x00007603c14473da
980781.0,555035,python,[JIT],0x000074c039e7a6f8
980777.0,554998,python,[JIT],0x00007895546a36ba
980773.0,555009,python,[JIT],0x00007a2d2f6ccb8a
980758.0,554984,python,[JIT],0x00007603c1447b30
980758.0,555035,python,[JIT],0x000074c039e800ba
980755.0,555035,python,[JIT],0x000074c039e7f7d1
980750.0,554984,python,[JIT],0x00007603c142129c
980750.0,555009,python,[JIT],0x00007a2d2f6ce021
980747.0,554998,python,[JIT],0x000078955468db9e
980746.0,554984,python,[JIT],0x00007603c1444df7
980745.0,554984,python,[JIT],0x00007603c142efde
980744.0,555023,python,[JIT],0x0000769391dd5e17
980734.0,555023,python,[JIT],0x0000769391dd5724
980733.0,554984,python,[JIT],0x00007603c16b26dd
980727.0,554998,python,[JIT],0x00007895546a32bb
980725.0,555009,python,[JIT],0x00007a2d2f4648cd
980722.0,555023,python,[JIT],0x0000769391dd019b
980721.0,555023,python,[JIT],0x0000769391db8f00
980720.0,554984,python,[JIT],0x00007603c144d9df
980713.0,555023,python,[JIT],0x0000769391dd5425
980708.0,555046,python,[JIT],0x00007af46fad1eea
980700.0,555023,python,[JIT],0x0000769391d7274e
980700.0,554984,python,[JIT],0x00007603c1440db3
980692.0,554998,python,[JIT],0x000078955469a72a
980685.0,554984,python,[JIT],0x00007603c144b7e0
980684.0,554984,python,[JIT],0x00007603c14337a8
980683.0,555035,python,[JIT],0x000074c03a0e51b8
980682.0,555035,python,[JIT],0x000074c03ae13e75
980679.0,555035,python,[JIT],0x000074c039e7a1a4
980678.0,554998,python,[JIT],0x000078955469a621
980676.0,554977,python,[JIT],0x0000747c7bf3e0f0
980674.0,554998,python,[JIT],0x000078955468da0f
980669.0,554977,python,[kernel.kallsyms],cpuacct_account_field
980668.0,554977,python,[JIT],0x0000747c7c1a36ac
980666.0,554984,python,[JIT],0x00007603c144074d
980659.0,554998,python,[JIT],0x00007895546856c6
980652.0,555035,python,[JIT],0x000074c03a0e5c7b
980645.0,555046,python,[JIT],0x00007af46fad8adc
980643.0,555046,python,[JIT],0x00007af46fabf82a
980640.0,555035,python,[JIT],0x000074c039e7a51b
980635.0,554984,python,[JIT],0x00007603c144d359
980632.0,555046,python,[JIT],0x00007af46fad66af
980630.0,555023,python,[JIT],0x0000769391dd8152
980629.0,555009,python,[JIT],0x00007a2d2f6cc757
980628.0,555035,python,[JIT],0x000074c039e53c75
980628.0,555009,python,[JIT],0x00007a2d2f466d8e
980621.0,555035,python,[JIT],0x000074c039e1bba0
980616.0,555035,python,[kernel.kallsyms],ktime_get
980612.0,555023,python,[JIT],0x000076939203cd15
980587.0,554977,python,[JIT],0x0000747c7bef9177
980586.0,555035,python,[JIT],0x000074c03a0e5478
980582.0,554977,python,[JIT],0x0000747c7bf1f99c
980580.0,555046,python,[JIT],0x00007af46fab816e
980580.0,554977,python,[JIT],0x0000747c7bf3d38d
980579.0,555023,python,[JIT],0x0000769391dd1d2b
980572.0,555023,python,[JIT],0x000076939203d4d0
980565.0,555046,python,[JIT],0x00007af46fad9a63
980559.0,555009,python,[JIT],0x00007a2d2f6c9485
980556.0,554984,python,[JIT],0x00007603c144cad2
980554.0,555046,python,[JIT],0x00007af46fa9e7d1
980550.0,555023,python,[JIT],0x0000769392436851
980549.0,555046,python,[JIT],0x00007af46fd3d930
980546.0,555009,python,[JIT],0x00007a2d2f4643a3
980544.0,554977,python,[JIT],0x0000747c7c5c40b8
980538.0,554984,python,[JIT],0x00007603c13f7c92
980534.0,555023,python,[JIT],0x0000769391db337b
980533.0,555035,python,[JIT],0x000074c03a0e58aa
980533.0,554998,python,[JIT],0x00007895553337e2
980531.0,554998,python,[JIT],0x000078955469ddc7
980530.0,555035,python,[JIT],0x000074c039e66058
980529.0,555046,python,[JIT],0x00007af47076a437
980528.0,554984,python,[JIT],0x00007603c14110fe
980524.0,554984,python,[kernel.kallsyms],update_cfs_group
980513.0,555023,python,[JIT],0x000076939203c2a3
980513.0,555046,python,[JIT],0x00007af46facc0c4
980512.0,555023,python,[JIT],0x0000769391dd7a71
980508.0,555009,python,[JIT],0x00007a2d2f6ccd4d
980505.0,555035,python,[JIT],0x000074c039e7e060
980503.0,554977,python,[JIT],0x0000747c7bf1faff
980487.0,555009,python,[JIT],0x00007a2d2f45e595
980484.0,555035,python,[JIT],0x000074c039e78b91
980476.0,555009,python,[JIT],0x00007a2d2f46704a
980475.0,554998,python,[JIT],0x000078955469dc14
980468.0,554998,python,python,method_get
980464.0,555009,python,[JIT],0x00007a2d2f6cb826
980456.0,555023,python,[JIT],0x0000769391db759c
980455.0,554977,python,python,dict_traverse
980450.0,554977,python,[JIT],0x0000747c7bf30505
980439.0,554977,python,[JIT],0x0000747c7bf3deef
980438.0,554998,python,[JIT],0x00007895546845ba
980431.0,555023,python,[JIT],0x000076939203daa1
980430.0,554998,python,[JIT],0x000078955469cf02
980424.0,555046,python,[JIT],0x00007af46fabe114
980415.0,555046,python,[JIT],0x00007af470725bfd
980403.0,555009,python,[JIT],0x00007a2d2f41c7c5
980401.0,554977,python,[JIT],0x0000747c7bf37606
980397.0,555009,python,[JIT],0x00007a2d2f45ebe5
980382.0,555009,python,[JIT],0x00007a2d2f446276
980382.0,555009,python,[JIT],0x00007a2d2f446586
980380.0,554984,python,[JIT],0x00007603c144da79
980379.0,554984,python,[JIT],0x00007603c144b060
980375.0,555035,python,[JIT],0x000074c039e7ed13
980367.0,554998,python,[JIT],0x00007895546a44b8
980365.0,554998,python,[JIT],0x00007895546842b4
980356.0,555046,python,[JIT],0x00007af46fad6b79
980355.0,554977,python,[JIT],0x0000747c7bf1ff81
980351.0,555009,python,[JIT],0x00007a2d2f42ab53
980347.0,555046,python,[JIT],0x00007af46faca97b
980340.0,554998,python,python,bytes_length
980338.0,555009,python,[JIT],0x00007a2d2f46588b
980337.0,555023,python,[JIT],0x000076939203c3f9
980334.0,555009,python,[JIT],0x00007a2d2f447783
980334.0,554984,python,[JIT],0x00007603c16b23f9
980330.0,555023,python,[JIT],0x0000769391dd9505
980329.0,555046,python,[JIT],0x00007af46fad9534
980328.0,554984,python,[JIT],0x00007603c13e21ca
980324.0,555009,python,[JIT],0x00007a2d2f446305
980322.0,555009,python,[JIT],0x00007a2d2f467c6b
980308.0,555009,python,[JIT],0x00007a2d2f6cb164
980308.0,554977,python,[JIT],0x0000747c7bf3cef9
980307.0,554984,python,[JIT],0x00007603c142e160
980306.0,555009,python,[JIT],0x00007a2d2f448453
980305.0,554998,python,[JIT],0x000078955469ba01
980303.0,555046,python,[JIT],0x00007af46fabd913
980298.0,555046,python,python,PyObject_GetIter
980298.0,554984,python,[JIT],0x00007603c241330f
980296.0,554984,python,[JIT],0x00007603c13e8832
980292.0,554984,python,[JIT],0x00007603c144d060
980290.0,554977,python,[JIT],0x0000747c7c1a4d40
980286.0,554984,python,[JIT],0x00007603c144c139
980284.0,555023,python,[JIT],0x000076939257baab
980278.0,555009,python,[JIT],0x00007a2d2f467678
980275.0,555023,python,[JIT],0x0000769391dcf2ea
980275.0,554984,python,[JIT],0x00007603c1444553
980274.0,555035,python,[JIT],0x000074c039e7ef19
980273.0,555046,python,[JIT],0x00007af46fab9a0f
980270.0,555023,python,[JIT],0x000076939203c99c
980270.0,554998,python,[JIT],0x0000789555316176
980269.0,554984,python,[JIT],0x00007603c144e981
980266.0,555046,python,[JIT],0x00007af46facba9b
980263.0,555035,python,[JIT],0x000074c039e79121
980261.0,554998,python,[JIT],0x00007895553344f2
980255.0,554984,python,[JIT],0x00007603c144c47c
980254.0,554998,python,[JIT],0x000078955469790c
980252.0,555009,python,[JIT],0x00007a2d2f44794f
980246.0,554977,python,_struct.cpython-316-x86_64-linux-gnu.so,PyBytesWriter_Create@plt
980245.0,555046,python,python,cfunction_vectorcall_NOARGS
980244.0,554998,python,[JIT],0x0000789554695bf2
980240.0,554998,python,python,PyLong_AsNativeBytes.constprop.0
980232.0,555035,python,[JIT],0x000074c039e7ee59
980232.0,555009,python,[JIT],0x00007a2d2f448762
980230.0,555035,python,[JIT],0x000074c039e80d2e
980227.0,554998,python,python,_PyNumber_Index
980225.0,555035,python,[JIT],0x000074c039e676be
980220.0,555035,python,[JIT],0x000074c039e7e393
980217.0,554998,python,python,unicode_dealloc
980214.0,554977,python,[JIT],0x0000747c7bf383e6
980210.0,555009,python,[JIT],0x00007a2d2f4611e6
980208.0,555023,python,[JIT],0x000076939257b419
980208.0,554998,python,[JIT],0x00007895546a11f0
980208.0,554984,python,[JIT],0x00007603c144c042
980206.0,555009,python,[JIT],0x00007a2d2f45fbab
980201.0,554977,python,[JIT],0x0000747c7bf375b3
980197.0,554998,python,[JIT],0x000078955468437c
980194.0,554998,python,python,PyLong_AsSsize_t
980188.0,555009,python,[JIT],0x00007a2d2f6cb614
980182.0,555023,python,[JIT],0x0000769391d9e297
980182.0,554998,python,[JIT],0x000078955469d385
980180.0,554984,python,[JIT],0x00007603c142eb04
980178.0,555009,python,[JIT],0x00007a2d2f460fd9
980177.0,554977,python,[JIT],0x0000747c7bf24b29
980174.0,554998,python,[JIT],0x0000789554908343
980174.0,555035,python,[JIT],0x000074c03ae21209
980173.0,555009,python,[JIT],0x00007a2d2f429d28
980169.0,554984,python,[JIT],0x00007603c1446cb2
980166.0,555035,python,[JIT],0x000074c03a0e5aa3
980165.0,555046,python,[JIT],0x00007af46fad9724
980158.0,555023,python,[JIT],0x0000769391db7663
980153.0,555046,python,[JIT],0x00007af46facf8cc
980150.0,554984,python,[JIT],0x00007603c144b325
980147.0,555035,python,[JIT],0x000074c039e7a7cf
980143.0,554998,python,[JIT],0x000078955469cf7e
980142.0,554977,python,[JIT],0x0000747c7c1a31e7
980139.0,554977,python,[JIT],0x0000747c7bf3e1a7
980135.0,554998,python,[JIT],0x0000789554696dc3
980131.0,554998,python,[JIT],0x0000789554685479
980130.0,555046,python,[JIT],0x00007af46faca8ee
980123.0,555035,python,[JIT],0x000074c039e81989
980121.0,555009,python,python,PyObject_Hash
980117.0,555035,python,[JIT],0x000074c039e7f797
980117.0,554998,python,python,_PyObject_TryGetInstanceAttribute
980116.0,555046,python,[JIT],0x00007af46fab9b14
980112.0,554984,python,[JIT],0x00007603c1444aa9
980109.0,555035,python,[JIT],0x000074c039e79579
980107.0,555009,python,[JIT],0x00007a2d2f4643af
980098.0,554998,python,[JIT],0x00007895546435d0
980091.0,555009,python,[JIT],0x00007a2d2f45f97b
980085.0,554984,python,[JIT],0x00007603c144f45b
980078.0,554977,python,[JIT],0x0000747c7bf356bb
980076.0,555035,python,[JIT],0x000074c039e73fa2
980071.0,554984,python,[JIT],0x00007603c142d8cd
980068.0,555009,python,python,PyLong_AsInt
980067.0,554977,python,[JIT],0x0000747c7c1a3beb
980061.0,555035,python,[JIT],0x000074c039e6642a
980061.0,554998,python,[JIT],0x000078955469adbe
980055.0,554977,python,[JIT],0x0000747c7bf3f8a8
980054.0,555046,python,[JIT],0x00007af46fad738d
980054.0,554984,python,[JIT],0x00007603c142d351
980050.0,555009,python,[JIT],0x00007a2d2f45976a
980049.0,555009,python,[JIT],0x00007a2d2f450333
980049.0,554984,python,[JIT],0x00007603c142f11b
980046.0,555035,python,libc.so.6,__memcmp_avx2_movbe
980039.0,555009,python,[JIT],0x00007a2d2fa9513f
980036.0,555046,python,[JIT],0x00007af470a13412
980035.0,554984,python,[JIT],0x00007603c1447748
980033.0,555009,python,[JIT],0x00007a2d2f45dff3
980031.0,555023,python,[JIT],0x000076939245d933
980031.0,555009,python,[JIT],0x00007a2d2f465504
980027.0,555009,python,[JIT],0x00007a2d2f6cc130
980014.0,555035,python,[JIT],0x000074c039e60271
980013.0,555035,python,[JIT],0x000074c039e7f5b7
980011.0,554977,python,[JIT],0x0000747c7bf3888a
980002.0,554998,python,[JIT],0x0000789554684d74
979995.0,554977,python,[JIT],0x0000747c7bf249ab
979995.0,554977,python,[JIT],0x0000747c7bf37fed
979994.0,554998,python,[JIT],0x00007895546a4b28
979988.0,554984,python,[JIT],0x00007603c1bce578
979987.0,555035,python,[JIT],0x000074c039e79b24
979986.0,555023,python,[JIT],0x0000769391dd90eb
979977.0,555023,python,[JIT],0x0000769391db883e
979976.0,555023,python,[JIT],0x0000769391dd8e10
979975.0,555023,python,[JIT],0x000076939257bcf6
979975.0,554998,python,python,_io_BytesIO_write
979972.0,554984,python,[JIT],0x00007603c24133c6
979967.0,554998,python,[JIT],0x00007895552eb4ee
979964.0,555009,python,[JIT],0x00007a2d2fa941b4
979962.0,555009,python,[JIT],0x00007a2d2f45e3dc
979962.0,554984,python,[JIT],0x00007603c1bcea27
979955.0,555035,python,[JIT],0x000074c03a0e61f8
979948.0,554998,python,[JIT],0x00007895546a368d
979941.0,555009,python,[JIT],0x00007a2d2f4476ab
979927.0,555023,python,[JIT],0x0000769391dbdc8e
979927.0,555046,python,[JIT],0x00007af46fad6f41
979922.0,555023,python,[JIT],0x0000769391dc11c7
979920.0,554977,python,[JIT],0x0000747c7bee914b
979915.0,555035,python,[JIT],0x000074c039e654cc
979915.0,555023,python,[JIT],0x0000769391dbc9ef
979915.0,554984,python,[JIT],0x00007603c144c6c0
979915.0,555046,python,[JIT],0x00007af46fabe20a
979914.0,554977,python,[JIT],0x0000747c7c1a3cb9
979909.0,555046,python,[JIT],0x00007af46fada4b8
979908.0,554984,python,[JIT],0x00007603c1445296
979908.0,555009,python,[JIT],0x00007a2d2f46008e
979896.0,555046,python,[JIT],0x00007af4706ebc47
979891.0,555046,python,[JIT],0x00007af46fa9f160
979879.0,554977,python,[JIT],0x0000747c7bf3875e
979860.0,554977,python,[JIT],0x0000747c7bf301a0
979856.0,555009,python,[JIT],0x00007a2d2f464a3f
979854.0,555009,python,python,_PyJIT_Entry
979850.0,555046,python,[JIT],0x00007af46fab8f86
979844.0,554998,python,[JIT],0x00007895546a39af
979840.0,555009,python,[JIT],0x00007a2d2f467a9e
979838.0,555023,python,[JIT],0x0000769391dd0807
979835.0,555046,python,[JIT],0x00007af46fad2d93
979833.0,555023,python,[JIT],0x0000769391dd1c59
979828.0,555046,python,[JIT],0x00007af46fd3defe
979823.0,555023,python,[JIT],0x0000769391db79a1
979821.0,554998,python,[JIT],0x00007895552eb77a
979813.0,555035,python,[JIT],0x000074c03ae13514
979809.0,555046,python,[JIT],0x00007af46fab8ebd
979807.0,555023,python,[JIT],0x0000769391dce7e5
979804.0,555035,python,[JIT],0x000074c039e7ee08
979803.0,555046,python,[JIT],0x00007af46fd3d71d
979801.0,555023,python,python,memory_getbuf
979794.0,555046,python,[JIT],0x00007af46fabe93b
979774.0,555046,python,[JIT],0x00007af46fad9c5b
979768.0,555009,python,[JIT],0x00007a2d2f45d7a4
979754.0,554977,python,[JIT],0x0000747c7befd88a
979748.0,554977,python,[JIT],0x0000747c7bf3edb8
979745.0,555046,python,[JIT],0x00007af46fa4e178
979744.0,554984,python,[kernel.kallsyms],perf_pmu_nop_void
979732.0,555023,python,[JIT],0x0000769391dd59d0
979729.0,554998,python,[JIT],0x00007895546a1940
979729.0,555009,python,[JIT],0x00007a2d2f6cc766
979725.0,555046,python,[JIT],0x00007af46fd3b615
979721.0,555009,python,[JIT],0x00007a2d2f6c7149
979720.0,555023,python,[JIT],0x0000769391db8849
979715.0,554977,python,[JIT],0x0000747c7bf3810d
979709.0,554984,python,[JIT],0x00007603c1bce34c
979708.0,554984,python,[JIT],0x00007603c142ec34
979707.0,555023,python,[JIT],0x0000769391d58c06
979702.0,555035,python,[JIT],0x000074c039e80bcb
979690.0,554977,python,[JIT],0x0000747c7bf201d6
979685.0,554977,python,[JIT],0x0000747c7bf36b06
979682.0,554998,python,[JIT],0x00007895546a18bc
979678.0,554984,python,[JIT],0x00007603c1444935
979674.0,554977,python,[JIT],0x0000747c7bf3f477
979665.0,554998,python,[JIT],0x0000789554909989
979663.0,554977,python,[JIT],0x0000747c7bf40637
979662.0,555009,python,[JIT],0x00007a2d2f466efa
979659.0,554977,python,[JIT],0x0000747c7c1a4563
979653.0,555046,python,[JIT],0x00007af46fad9fbf
979645.0,554998,python,[JIT],0x0000789554696441
979644.0,554998,python,[JIT],0x0000789554908f7b
979637.0,554984,python,[JIT],0x00007603c144048c
979635.0,554998,python,[JIT],0x000078955469dada
979630.0,554977,python,[JIT],0x0000747c7bf3d642
979628.0,554998,python,[JIT],0x00007895546a511e
979627.0,555046,python,[JIT],0x00007af47076a629
979626.0,554998,python,[JIT],0x0000789554689ad9
979622.0,555035,python,[JIT],0x000074c039e3c7c7
979620.0,555023,python,[JIT],0x000076939203db9e
979612.0,555009,python,[JIT],0x00007a2d2f464788
979611.0,555009,python,[JIT],0x00007a2d2f41d974
979610.0,555009,python,[JIT],0x00007a2d2fa94102
979608.0,555035,python,[JIT],0x000074c039e65476
979600.0,554984,python,[JIT],0x00007603c144f5f5
979593.0,555023,python,[JIT],0x0000769391dd919f
979589.0,554984,python,[JIT],0x00007603c1421e5e
979583.0,555046,python,[JIT],0x00007af46fada604
979582.0,555046,python,[JIT],0x00007af46fa9c4e1
979577.0,555009,python,[JIT],0x00007a2d2f45db31
979558.0,554977,python,[JIT],0x0000747c7c5c4280
979554.0,555009,python,python,_Py_VectorCall_StackRefSteal
979535.0,555046,python,[JIT],0x00007af46fada438
979525.0,555023,python,[JIT],0x0000769391dd8176
979522.0,554998,python,[kernel.kallsyms],hrtimer_interrupt
979519.0,555009,python,[JIT],0x00007a2d2f6cb2cf
979518.0,554984,python,[JIT],0x00007603c16b206b
979517.0,554998,python,[JIT],0x000078955469da12
979517.0,554977,python,[JIT],0x0000747c7c6ce711
979516.0,555035,python,[JIT],0x000074c03a0e5ca2
979513.0,554977,python,[JIT],0x0000747c7bf3eca4
979505.0,555046,python,[JIT],0x00007af46fad0352
979501.0,554984,python,[JIT],0x00007603c144c776
979497.0,555023,python,[JIT],0x0000769391dbc86e
979497.0,554998,python,[JIT],0x000078955469a32d
979490.0,555035,python,[JIT],0x000074c039e807bd
979482.0,555035,python,[JIT],0x000074c039e3b2de
979481.0,555009,python,[JIT],0x00007a2d2f467bdd
979472.0,554984,python,[JIT],0x00007603c144d952
979468.0,554998,python,python,method_vectorcall
979465.0,555009,python,python,func_descr_get
979463.0,555046,python,[JIT],0x00007af46fad6f6e
979459.0,554977,python,[JIT],0x0000747c7bf3634c
979451.0,555035,python,[JIT],0x000074c03ae21c3c
979447.0,555035,python,[JIT],0x000074c03ae22001
979443.0,554984,python,[JIT],0x00007603c143256f
979438.0,554984,python,[JIT],0x00007603c1445151
979437.0,555035,python,[JIT],0x000074c039e4188a
979428.0,554977,python,[JIT],0x0000747c7bf002b1
979427.0,554977,python,[JIT],0x0000747c7c1a35a3
979421.0,554998,python,[JIT],0x000078955465041c
979421.0,554977,python,[JIT],0x0000747c7bf38447
979418.0,555046,python,[JIT],0x00007af46fad8ff4
979418.0,555035,python,[JIT],0x000074c03a0e56a9
979417.0,555009,python,[JIT],0x00007a2d2f46416b
979409.0,555009,python,[JIT],0x00007a2d2f46417b
979403.0,555023,python,[JIT],0x0000769391dd7060
979403.0,555009,python,[JIT],0x00007a2d2f465fc7
979402.0,554998,python,[JIT],0x00007895546854fb
979392.0,554998,python,[JIT],0x000078955469d391
979390.0,555023,python,[JIT],0x0000769391dd742b
979388.0,554977,python,[JIT],0x0000747c7bf245e4
979386.0,554998,python,[JIT],0x000078955468806a
979380.0,554998,python,[JIT],0x00007895546a1c81
979379.0,554984,python,[JIT],0x00007603c144bebb
979372.0,554998,python,python,_Py_uop_sym_set_const
979365.0,554984,python,[JIT],0x00007603c142d077
979364.0,555035,python,[JIT],0x000074c03a0e5ffe
979364.0,555035,python,[JIT],0x000074c03ae2110c
979360.0,555009,python,[JIT],0x00007a2d2f6cbd7e
979353.0,555009,python,[JIT],0x00007a2d2f464a70
979349.0,554984,python,python,_Py_uop_sym_matches_type
979341.0,554984,python,[JIT],0x00007603c1422561
979339.0,555046,python,[JIT],0x00007af46faba133
979338.0,554977,python,[JIT],0x0000747c7bf35496
979333.0,555035,python,[JIT],0x000074c039e77b09
979330.0,554977,python,[JIT],0x0000747c7bf351d8
979309.0,555035,python,[kernel.kallsyms],arch_scale_freq_tick
979309.0,554984,python,[JIT],0x00007603c1432b7f
979308.0,555009,python,[JIT],0x00007a2d2f46762a
979301.0,554984,python,[JIT],0x00007603c144091e
979290.0,554998,python,[JIT],0x00007895546a1110
979278.0,555009,python,[JIT],0x00007a2d2f45dc70
979275.0,554977,python,[JIT],0x0000747c7bf39372
979273.0,554998,python,[JIT],0x00007895549092ee
979273.0,555009,python,python,object___reduce_ex__
979271.0,555009,python,[JIT],0x00007a2d2f4595ab
979270.0,555035,python,[JIT],0x000074c039e81fc7
979269.0,554984,python,[JIT],0x00007603c1447dae
979266.0,555035,python,[JIT],0x000074c039e803b1
979257.0,555023,python,[JIT],0x0000769391dce4ee
979251.0,554984,python,[JIT],0x00007603c14454be
979250.0,555023,python,[JIT],0x000076939203c2d8
979250.0,554984,python,[kernel.kallsyms],folio_add_lru
979247.0,554984,python,[JIT],0x00007603c144d5f6
979246.0,554984,python,[JIT],0x00007603c144bed1
979241.0,554984,python,[JIT],0x00007603c144bd22
979239.0,555046,python,[JIT],0x00007af46fad1dd5
979230.0,555035,python,[JIT],0x000074c039e8062a
979229.0,555009,python,[JIT],0x00007a2d2f460c14
979228.0,555046,python,[JIT],0x00007af46fad8c96
979225.0,555046,python,[JIT],0x00007af46fad6f19
979220.0,555023,python,[JIT],0x00007693924383c0
979212.0,554977,python,[JIT],0x0000747c7bf24fe7
979212.0,555035,python,[JIT],0x000074c039e82822
979210.0,555046,python,[JIT],0x00007af470725950
979209.0,555009,python,[JIT],0x00007a2d2f465654
979202.0,554984,python,[JIT],0x00007603c1bcedf8
979197.0,555046,python,[JIT],0x00007af46fad11c1
979193.0,554998,python,[JIT],0x00007895546a189f
979192.0,555046,python,[JIT],0x00007af46fad689f
979191.0,555035,python,[JIT],0x000074c039e79cea
979190.0,555023,python,[JIT],0x000076939245dac0
979190.0,555046,python,python,tuple_hash
979189.0,555035,python,[JIT],0x000074c039e791c1
979183.0,555035,python,[JIT],0x000074c039e66990
979183.0,555035,python,[JIT],0x000074c039e7b12c
979179.0,555009,python,[JIT],0x00007a2d2f6cb3aa
979170.0,554977,python,[JIT],0x0000747c7c1a3bf7
979169.0,554984,python,[JIT],0x00007603c144c988
979161.0,555009,python,[JIT],0x00007a2d2f3de824
979153.0,555023,python,[JIT],0x000076939203d434
979143.0,555009,python,[JIT],0x00007a2d2f46743b
979142.0,555023,python,[JIT],0x0000769391db92c0
979136.0,555035,python,[kernel.kallsyms],account_user_time
979135.0,555046,python,[JIT],0x00007af47076a578
979131.0,555046,python,[JIT],0x00007af46fab9892
979129.0,555023,python,[kernel.kallsyms],error_entry
979126.0,555046,python,[JIT],0x00007af46faab701
979118.0,555009,python,[kernel.kallsyms],mas_wr_walk
979116.0,554977,python,[JIT],0x0000747c7bf1faa3
979115.0,555009,python,[JIT],0x00007a2d2f4379d9
979112.0,554984,python,[JIT],0x00007603c14151bb
979093.0,555023,python,[JIT],0x000076939245d5bd
979093.0,554984,python,[JIT],0x00007603c144b000
979089.0,555009,python,[kernel.kallsyms],arch_scale_freq_tick
979087.0,554977,python,[JIT],0x0000747c7bf244bc
979075.0,555046,python,[JIT],0x00007af46facf18e
979075.0,554984,python,[JIT],0x00007603c142d3ac
979071.0,555023,python,[JIT],0x000076939203d6fc
979070.0,554977,python,[JIT],0x0000747c7bf3ce37
979064.0,555023,python,[JIT],0x0000769391dc9c01
979063.0,555009,python,[JIT],0x00007a2d2f45e0dc
979058.0,555023,python,[JIT],0x000076939257b999
979056.0,555023,python,[JIT],0x000076939203c95d
979050.0,555035,python,[JIT],0x000074c039e4bd9f
979049.0,554984,python,[JIT],0x00007603c1447ce0
979043.0,555023,python,[JIT],0x0000769391dce2ec
979042.0,554998,python,[JIT],0x0000789554908774
979039.0,555009,python,[JIT],0x00007a2d2f446c2a
979038.0,554998,python,[JIT],0x000078955490bc27
979038.0,554977,python,[JIT],0x0000747c7c1a3835
979033.0,555035,python,[JIT],0x000074c039e728df
979032.0,555023,python,[JIT],0x0000769391dbdb72
979032.0,554984,python,[JIT],0x00007603c1433464
979030.0,555035,python,[JIT],0x000074c03a0e9252
979025.0,554998,python,[JIT],0x0000789554684b0d
979018.0,555035,python,[JIT],0x000074c03ae213d0
979015.0,555023,python,[JIT],0x0000769392438e16
979014.0,555035,python,[JIT],0x000074c039e7a428
979014.0,555023,python,[JIT],0x0000769391dd5177
979012.0,555009,python,[JIT],0x00007a2d2f4597b6
979012.0,555046,python,[JIT],0x00007af46facb084
979008.0,554998,python,[JIT],0x00007895546a2217
979005.0,554977,python,[JIT],0x0000747c7bef0394
978995.0,554998,python,[JIT],0x000078955469c8d0
978988.0,555046,python,[JIT],0x00007af46fd3e933
978980.0,554998,python,[JIT],0x000078955468d0a3
978980.0,554998,python,[JIT],0x000078955468e35b
978978.0,555035,python,[JIT],0x000074c03a0e5317
978976.0,555023,python,[JIT],0x000076939203cf3b
978975.0,555009,python,[JIT],0x00007a2d2f450322
978973.0,554984,python,[JIT],0x00007603c1446582
978970.0,555009,python,[JIT],0x00007a2d2f4475df
978965.0,554977,python,[JIT],0x0000747c7bf40600
978963.0,555035,python,_struct.cpython-316-x86_64-linux-gnu.so,PyBytesWriter_FinishWithSize@plt
978958.0,554984,python,python,_PyObject_VectorcallDictTstate
978957.0,555023,python,[JIT],0x0000769391dd50a9
978957.0,554977,python,[JIT],0x0000747c7bf12935
978952.0,555009,python,[JIT],0x00007a2d2f45e5de
978951.0,554998,python,[JIT],0x00007895546a1704
978947.0,555035,python,[JIT],0x000074c039e7aec7
978944.0,555023,python,[JIT],0x0000769391dcfbe5
978942.0,554984,python,[JIT],0x00007603c16b2ab9
978941.0,555023,python,[JIT],0x0000769391dcae27
978930.0,554977,python,[JIT],0x0000747c7bf36ca3
978925.0,555023,python,[JIT],0x0000769391dcfb72
978923.0,554998,python,[JIT],0x0000789554684cae
978922.0,554998,python,[JIT],0x000078955469b224
978922.0,554984,python,[JIT],0x00007603c140cac7
978921.0,554977,python,[JIT],0x0000747c7c1a4296
978920.0,554984,python,[JIT],0x00007603c144b29c
978915.0,555023,python,[JIT],0x0000769391dce195
978908.0,554998,python,[JIT],0x0000789554684fc1
978905.0,554998,python,[JIT],0x00007895546844e7
978904.0,554977,python,[JIT],0x0000747c7bf405ad
978900.0,554984,python,[JIT],0x00007603c142df97
978899.0,554984,python,[JIT],0x00007603c142ddae
978886.0,555023,python,[JIT],0x0000769392438c01
978886.0,555009,python,[JIT],0x00007a2d2f6cbb74
978884.0,555009,python,[JIT],0x00007a2d2f466476
978883.0,554998,python,[JIT],0x000078955469acb9
978882.0,554998,python,[JIT],0x000078955462b03b
978881.0,555009,python,[JIT],0x00007a2d2f460213
978859.0,555023,python,[JIT],0x0000769391d84c96
978855.0,555046,python,[JIT],0x00007af46fab99e0
978854.0,555023,python,[JIT],0x0000769391dd7e96
978852.0,554998,python,[JIT],0x00007895546845df
978847.0,555035,python,[JIT],0x000074c039e793c2
978839.0,554977,python,[JIT],0x0000747c7bf20988
978838.0,554998,python,[JIT],0x00007895546a3589
978838.0,554977,python,[JIT],0x0000747c7bf3905b
978836.0,555046,python,python,PyObject_GenericHash
978835.0,554984,python,[JIT],0x00007603c16b3c35
978823.0,554984,python,[JIT],0x00007603c143f2a9
978821.0,555035,python,[JIT],0x000074c039e7a878
978819.0,555009,python,python,_Py_module_getattro
978806.0,555023,python,[JIT],0x0000769391db029f
978791.0,555046,python,[JIT],0x00007af46fad1b67
978791.0,554977,python,[JIT],0x0000747c7bed3e7e
978791.0,554984,python,[JIT],0x00007603c142e3cb
978784.0,555009,python,[JIT],0x00007a2d2f6cd89f
978780.0,554977,python,[JIT],0x0000747c7bf35b7c
978775.0,555046,python,[JIT],0x00007af46fd3d3ec
978774.0,555046,python,[JIT],0x00007af46fabd978
978773.0,555023,python,[JIT],0x0000769391dc96bf
978766.0,554998,python,[JIT],0x00007895546a3ca4
978763.0,554977,python,[JIT],0x0000747c7bf370a0
978763.0,554977,python,[JIT],0x0000747c7bf3e0d1
978758.0,555023,python,[JIT],0x0000769391dd118c
978754.0,554977,python,[JIT],0x0000747c7bf2312d
978753.0,554977,python,[JIT],0x0000747c7bf35876
978749.0,555046,python,[JIT],0x00007af46fd3f026
978744.0,555009,python,[JIT],0x00007a2d2f45fb9c
978740.0,554998,python,[JIT],0x0000789554909087
978737.0,554998,python,[JIT],0x00007895546a20bc
978727.0,554984,python,[JIT],0x00007603c1444412
978725.0,555046,python,[JIT],0x00007af46fa893ec
978719.0,555023,python,[JIT],0x0000769391dcefa9
978719.0,554998,python,[JIT],0x00007895553334d0
978713.0,555009,python,[JIT],0x00007a2d2f464fdb
978705.0,554977,python,[JIT],0x0000747c7bf312df
978701.0,554984,python,[JIT],0x00007603c20eb07b
978699.0,555023,python,[JIT],0x0000769391dcf5a3
978695.0,555023,python,python,_PyObject_MakeTpCall
978693.0,554998,python,[JIT],0x00007895546a46d7
978693.0,554984,python,[JIT],0x00007603c144d24b
978692.0,555009,python,[JIT],0x00007a2d2f460ffe
978683.0,555009,python,python,method_get
978678.0,554998,python,[JIT],0x000078955469cf08
978678.0,555046,python,[JIT],0x00007af46fa963f2
978675.0,555009,python,[JIT],0x00007a2d2f45d1c3
978665.0,555035,python,[JIT],0x000074c039e81886
978661.0,555046,python,[kernel.kallsyms],error_entry
978659.0,555035,python,[JIT],0x000074c039e7ef07
978657.0,555009,python,[JIT],0x00007a2d2f6cc2e8
978643.0,554998,python,[JIT],0x0000789555333102
978640.0,555035,python,[JIT],0x000074c039e783be
978636.0,555023,python,[JIT],0x0000769391dd794c
978635.0,554977,python,python,hashtable_unicode_hash
978635.0,554977,python,[JIT],0x0000747c7bf3f43b
978630.0,554977,python,[kernel.kallsyms],native_irq_return_iret
978622.0,554998,python,[JIT],0x000078955469ca5e
978619.0,554977,python,[kernel.kallsyms],rcu_pending
978618.0,554977,python,[JIT],0x0000747c7c1a0def
978618.0,555009,python,[JIT],0x00007a2d2f6c996e
978614.0,555009,python,[JIT],0x00007a2d2f450d1e
978614.0,555046,python,[JIT],0x00007af46fad8598
978613.0,555046,python,[JIT],0x00007af46fab86b5
978601.0,555046,python,[JIT],0x00007af46fa975b0
978600.0,554998,python,[JIT],0x00007895546a1ebb
978592.0,554998,python,[JIT],0x00007895546a47c5
978591.0,554977,python,[JIT],0x0000747c7bf3ef54
978589.0,554984,python,[JIT],0x00007603c14444be
978582.0,554984,python,[JIT],0x00007603c1bce43e
978578.0,554998,python,[JIT],0x0000789554908210
978577.0,555023,python,[JIT],0x0000769392e1326c
978576.0,555046,python,[JIT],0x00007af46fad6303
978561.0,554998,python,[JIT],0x00007895546a3f79
978561.0,555035,python,python,_PyObject_GC_New
978554.0,555023,python,[JIT],0x0000769391d69412
978552.0,555023,python,[JIT],0x0000769391dcf181
978551.0,555009,python,[JIT],0x00007a2d2f45d7c0
978549.0,555035,python,[JIT],0x000074c039e7918e
978547.0,554977,python,[JIT],0x0000747c7bf3f073
978538.0,555035,python,[JIT],0x000074c039e61f7f
978533.0,554984,python,[JIT],0x00007603c1439b60
978523.0,554984,python,[JIT],0x00007603c142e734
978520.0,554984,python,[JIT],0x00007603c1433f41
978519.0,554998,python,python,visit_decref
978517.0,554998,python,[JIT],0x000078955469d3fd
978517.0,554977,python,[JIT],0x0000747c7c6cdf65
978516.0,554984,python,[JIT],0x00007603c2413807
978511.0,555046,python,[JIT],0x00007af46fa57253
978511.0,554977,python,[JIT],0x0000747c7bf3d32d
978511.0,555035,python,[JIT],0x000074c03ae214b3
978505.0,555023,python,[JIT],0x0000769391dab946
978502.0,554984,python,[JIT],0x00007603c142a176
978482.0,555035,python,[JIT],0x000074c039e1465e
978479.0,555009,python,[JIT],0x00007a2d2f6cb2a3
978476.0,554977,python,[JIT],0x0000747c7bf3d22e
978476.0,554984,python,[JIT],0x00007603c1429efb
978476.0,555009,python,[JIT],0x00007a2d2f450afa
978468.0,554998,python,[JIT],0x0000789554696a49
978466.0,554984,python,[kernel.kallsyms],__note_gp_changes
978462.0,555009,python,[JIT],0x00007a2d2f45f5e7
978453.0,554998,python,[JIT],0x00007895553169c9
978452.0,554977,python,[JIT],0x0000747c7bf39130
978436.0,555023,python,[JIT],0x0000769391dd8912
978425.0,554998,python,[JIT],0x000078955469d1ff
978419.0,555009,python,[JIT],0x00007a2d2f46011b
978418.0,554977,python,[JIT],0x0000747c7bf3568a
978417.0,554984,python,[JIT],0x00007603c16b2f16
978407.0,555035,python,[JIT],0x000074c039e6152a
978403.0,555009,python,[JIT],0x00007a2d2f45d6db
978401.0,554998,python,[JIT],0x0000789554908848
978401.0,555035,python,python,listiter_next
978395.0,555023,python,[JIT],0x0000769392039000
978390.0,555009,python,[JIT],0x00007a2d2f45d2cd
978380.0,555009,python,[JIT],0x00007a2d2f465f77
978365.0,554977,python,[JIT],0x0000747c7bf1e473
978360.0,554998,python,[JIT],0x000078955469a13f
978358.0,555009,python,[JIT],0x00007a2d2f45f27c
978357.0,555035,python,[JIT],0x000074c03a0e5b29
978356.0,554998,python,[JIT],0x00007895546973e9
978344.0,555035,python,[JIT],0x000074c039e8000e
978340.0,554977,python,[JIT],0x0000747c7bf208af
978337.0,554998,python,[JIT],0x0000789555316386
978334.0,555009,python,[JIT],0x00007a2d2f45f340
978333.0,554998,python,[JIT],0x00007895546a661f
978319.0,554998,python,[JIT],0x00007895553166de
978297.0,555035,python,[JIT],0x000074c039e7e177
978294.0,554977,python,[JIT],0x0000747c7bf3ee7c
978291.0,555035,python,python,long_richcompare
978286.0,554998,python,[JIT],0x00007895546a327e
978286.0,555009,python,[JIT],0x00007a2d2f3ef212
978286.0,555035,python,python,visit_reachable
978284.0,555035,python,[JIT],0x000074c039e79d34
978280.0,554984,python,[JIT],0x00007603c20eb322
978275.0,555009,python,[JIT],0x00007a2d2f4676d7
978265.0,555009,python,[JIT],0x00007a2d2f464e17
978258.0,555009,python,[JIT],0x00007a2d2f4656c0
978257.0,555046,python,[JIT],0x00007af46fd3d1d1
978256.0,555046,python,[JIT],0x00007af46fad73b5
978248.0,555035,python,[JIT],0x000074c039e6514e
978248.0,555035,python,[JIT],0x000074c039e7e003
978248.0,555046,python,[JIT],0x00007af46fad211d
978246.0,555023,python,[JIT],0x000076939203c930
978242.0,554998,python,[JIT],0x000078955469cef4
978236.0,555023,python,[JIT],0x0000769391d9b88c
978235.0,555009,python,python,getset_get
978235.0,555009,python,[JIT],0x00007a2d2f466672
978223.0,554984,python,[JIT],0x00007603c1aa9868
978218.0,554977,python,[JIT],0x0000747c7c5c40a3
978217.0,555023,python,[JIT],0x0000769391db974e
978212.0,554977,python,[JIT],0x0000747c7bf35a7b
978211.0,555009,python,[JIT],0x00007a2d2f44743b
978208.0,555009,python,[JIT],0x00007a2d2f46548d
978207.0,555046,python,[JIT],0x00007af46fad28b6
978203.0,555023,python,[JIT],0x0000769392040208
978203.0,555009,python,[JIT],0x00007a2d2f465e9a
978202.0,554977,python,[JIT],0x0000747c7bf2347f
978195.0,554977,python,[JIT],0x0000747c7c5c4e96
978193.0,554984,python,[JIT],0x00007603c144d94c
978189.0,554984,python,python,func_descr_get
978188.0,555046,python,[JIT],0x00007af46fab852e
978179.0,554998,python,[JIT],0x0000789554683628
978176.0,554998,python,[JIT],0x00007895546a22ed
978173.0,555009,python,[JIT],0x00007a2d2f460584
978168.0,554977,python,[JIT],0x0000747c7bf1f2c8
978153.0,555023,python,[JIT],0x0000769391dc1d1e
978146.0,554984,python,[JIT],0x00007603c16b386f
978136.0,555035,python,[JIT],0x000074c039e74127
978133.0,555009,python,[JIT],0x00007a2d2f6c97b7
978129.0,555046,python,[JIT],0x00007af46fada230
978128.0,555023,python,[JIT],0x000076939257b67a
978124.0,554977,python,[JIT],0x0000747c7bf40195
978122.0,554984,python,[JIT],0x00007603c144f567
978119.0,554977,python,[JIT],0x0000747c7bf234bf
978100.0,555046,python,[JIT],0x00007af470a132f7
978097.0,555009,python,[JIT],0x00007a2d2f447aca
978093.0,554984,python,[JIT],0x00007603c1440f3e
978086.0,555046,python,[JIT],0x00007af46fad8028
978073.0,554984,python,[JIT],0x00007603c1bce8e7
978066.0,555009,python,[JIT],0x00007a2d2f44b2ed
978060.0,554984,python,[JIT],0x00007603c144d393
978049.0,555035,python,[JIT],0x000074c039e72172
978042.0,554998,python,[JIT],0x00007895546a5384
978040.0,554984,python,[JIT],0x00007603c143f4ef
978034.0,555046,python,[JIT],0x00007af46fad7026
978032.0,554998,python,[JIT],0x00007895552eb8d9
978031.0,555009,python,python,object_dealloc
978027.0,555023,python,[JIT],0x0000769391dd70d6
978021.0,554998,python,[JIT],0x00007895546a49c4
978017.0,555023,python,python,batched_dealloc
977995.0,555009,python,[JIT],0x00007a2d2f6cb263
977986.0,555046,python,[JIT],0x00007af46fad045a
977981.0,554977,python,[kernel.kallsyms],rcu_core
977961.0,555009,python,[JIT],0x00007a2d2f6cbd27
977959.0,555035,python,[JIT],0x000074c039e77fc6
977953.0,555046,python,[JIT],0x00007af46fad8ddf
977951.0,554998,python,python,_PyOptimizer_Optimize
977948.0,555035,python,[JIT],0x000074c039e46254
977946.0,555046,python,[JIT],0x00007af46fad8280
977943.0,554984,python,python,PyList_New
977943.0,555035,python,[JIT],0x000074c039e7f118
977932.0,554977,python,[JIT],0x0000747c7c5c4874
977932.0,554984,python,[JIT],0x00007603c16b34c5
977923.0,555023,python,[JIT],0x0000769391d9e1c6
977914.0,554998,python,[JIT],0x0000789554689166
977900.0,555046,python,[JIT],0x00007af46fad32ef
977894.0,554998,python,[JIT],0x0000789554909a0b
977894.0,554984,python,[JIT],0x00007603c144c5f6
977887.0,554998,python,[JIT],0x00007895552eb863
977887.0,554977,python,[JIT],0x0000747c7bf35e84
977887.0,554977,python,[JIT],0x0000747c7bf3e618
977876.0,554977,python,[JIT],0x0000747c7c1a34cb
977874.0,554984,python,[JIT],0x00007603c16b2a84
977868.0,554984,python,[JIT],0x00007603c16b268f
977866.0,555009,python,[JIT],0x00007a2d2f465e2f
977864.0,555035,python,[JIT],0x000074c039e7f6fa
977853.0,554998,python,[JIT],0x0000789554678151
977838.0,555023,python,[JIT],0x0000769391dd9719
977837.0,555009,python,[JIT],0x00007a2d2f3febff
977833.0,555023,python,[JIT],0x0000769391d4b652
977832.0,555009,python,[JIT],0x00007a2d2f45135b
977830.0,555023,python,[JIT],0x0000769391dbecd0
977823.0,555046,python,[JIT],0x00007af46fad7ebf
977816.0,555035,python,[JIT],0x000074c03a0e5263
977814.0,554977,python,[JIT],0x0000747c7c1a0d4b
977812.0,554984,python,[JIT],0x00007603c144e2a5
977805.0,554998,python,[JIT],0x00007895546a3028
977792.0,555023,python,[JIT],0x0000769391dce92f
977785.0,555035,python,[JIT],0x000074c039e80be7
977783.0,555009,python,[JIT],0x00007a2d2f46513d
977780.0,555023,python,[JIT],0x0000769391dd5b0c
977780.0,555009,python,[JIT],0x00007a2d2f468303
977772.0,555009,python,[JIT],0x00007a2d2f464b47
977766.0,555023,python,[JIT],0x000076939203caff
977764.0,555035,python,[JIT],0x000074c039e7e4e4
977756.0,554977,python,[JIT],0x0000747c7c5c42f5
977750.0,554977,python,[JIT],0x0000747c7c5c43ee
977747.0,554998,python,[JIT],0x000078955468398d
977731.0,554977,python,[JIT],0x0000747c7bf3ecce
977730.0,555035,python,[JIT],0x000074c039e62afc
977726.0,554998,python,[JIT],0x00007895546a413d
977723.0,555009,python,[JIT],0x00007a2d2f45e056
977710.0,554984,python,[JIT],0x00007603c144b193
977709.0,555009,python,[JIT],0x00007a2d2f46662a
977701.0,554998,python,[JIT],0x0000789554667392
977697.0,555023,python,[JIT],0x0000769391dd64e1
977688.0,555035,python,[JIT],0x000074c039e73bfa
977665.0,554977,python,[JIT],0x0000747c7bf364be
977665.0,554984,python,[JIT],0x00007603c144e2d7
977646.0,555035,python,python,_Py_BuildMap_StackRefSteal
977638.0,554998,python,[JIT],0x00007895546a336a
977637.0,554977,python,[JIT],0x0000747c7bf3ff19
977631.0,555009,python,python,_PyTuple_MaybeUntrack
977627.0,555023,python,[JIT],0x0000769391db25d9
977626.0,554984,python,[JIT],0x00007603c1445c47
977619.0,555035,python,[JIT],0x000074c039e60ccd
977617.0,554998,python,python,PyUnicode_FindChar
977605.0,555035,python,[JIT],0x000074c039e7a3d4
977602.0,555023,python,[JIT],0x0000769391daadd4
977599.0,554998,python,[JIT],0x00007895546a238d
977595.0,554984,python,python,PyBytesWriter_FinishWithSize
977583.0,555035,python,[JIT],0x000074c039e6a218
977583.0,555023,python,[JIT],0x0000769391dd79af
977579.0,555035,python,[JIT],0x000074c039e42049
977571.0,554998,python,[JIT],0x0000789555316ba0
977544.0,555023,python,[JIT],0x0000769391dd50c0
977521.0,554984,python,_struct.cpython-316-x86_64-linux-gnu.so,np_ubyte
977519.0,554984,python,[JIT],0x00007603c1445ab8
977507.0,555009,python,[JIT],0x00007a2d2f41c3d9
977498.0,554998,python,[JIT],0x00007895546a1e4a
977496.0,554977,python,[JIT],0x0000747c7bf2042c
977487.0,554977,python,[JIT],0x0000747c7bf281de
977452.0,555046,python,[JIT],0x00007af46fac2e6b
977447.0,555035,python,[kernel.kallsyms],perf_adjust_freq_unthr_context
977439.0,555023,python,[JIT],0x000076939203c4d1
977438.0,554984,python,[JIT],0x00007603c13e4934
977435.0,555035,python,[JIT],0x000074c039e422d6
977433.0,555023,python,[JIT],0x0000769391dd5c44
977431.0,554998,python,[JIT],0x00007895549083d7
977423.0,554977,python,[JIT],0x0000747c7bf381ef
977418.0,555023,python,[JIT],0x0000769391dcedde
977416.0,554977,python,[JIT],0x0000747c7c1a39e0
977409.0,554977,python,[JIT],0x0000747c7bedf1c3
977397.0,555023,python,[JIT],0x0000769391dcb18d
977358.0,554977,python,python,_Py_NewReferenceNoTotal
977356.0,554977,python,[JIT],0x0000747c7c1a3b0d
977351.0,554977,python,[JIT],0x0000747c7c1a3ec1
977349.0,554998,python,[JIT],0x000078955468d210
977345.0,554984,python,[JIT],0x00007603c1444afc
977342.0,555046,python,[JIT],0x00007af46fad0f7d
977336.0,555046,python,[JIT],0x00007af46fab99d1
977334.0,555023,python,[JIT],0x0000769391dceb7c
977334.0,555035,python,[JIT],0x000074c039e6ab1a
977328.0,555009,python,[JIT],0x00007a2d2f447a90
977328.0,554984,python,[JIT],0x00007603c140e501
977315.0,555035,python,[JIT],0x000074c039e735dd
977297.0,554984,python,[JIT],0x00007603c142e892
977292.0,554984,python,[JIT],0x00007603c16b2d8f
977280.0,554977,python,[JIT],0x0000747c7c1a3cd2
977275.0,554984,python,[JIT],0x00007603c14337fe
977271.0,554984,python,[JIT],0x00007603c1421626
977262.0,555046,python,[JIT],0x00007af46fd3d000
977261.0,555023,python,[JIT],0x0000769391dd0d08
977256.0,554977,python,[JIT],0x0000747c7c1a3c49
977244.0,555035,python,[JIT],0x000074c039e6018d
977244.0,555046,python,[JIT],0x00007af46fabf96d
977242.0,554998,python,[JIT],0x00007895546a5003
977240.0,555009,python,[JIT],0x00007a2d2f45fd0b
977234.0,554998,python,[JIT],0x00007895552eba2d
977233.0,554977,python,[JIT],0x0000747c7bf3fa8c
977220.0,555035,python,[JIT],0x000074c039e7e04c
977219.0,554977,python,[JIT],0x0000747c7c6cd07a
977208.0,554977,python,[JIT],0x0000747c7bf25867
977195.0,555023,python,[JIT],0x0000769391dbc7db
977192.0,555046,python,[JIT],0x00007af46fad6325
977175.0,554998,python,[JIT],0x00007895553167c7
977174.0,555009,python,[JIT],0x00007a2d2f6c90f7
977173.0,555046,python,[JIT],0x00007af470a1307a
977159.0,554977,python,[JIT],0x0000747c7bf37c8c
977148.0,555023,python,[JIT],0x0000769391dd1c55
977148.0,555046,python,[JIT],0x00007af46fa632d2
977140.0,555009,python,[JIT],0x00007a2d2f468303
977136.0,555046,python,[JIT],0x00007af4707252e4
977120.0,555023,python,[JIT],0x0000769391dd7759
977112.0,554998,python,python,dict_dealloc
977109.0,554984,python,[JIT],0x00007603c1412838
977100.0,555035,python,[JIT],0x000074c039e7b0ff
977091.0,555023,python,[JIT],0x0000769391dcf2b7
977086.0,554998,python,[JIT],0x00007895546953b1
977062.0,555023,python,[JIT],0x0000769391dc192e
977049.0,554998,python,[JIT],0x0000789554683a80
977045.0,555009,python,[JIT],0x00007a2d2f467a88
977044.0,554984,python,[JIT],0x00007603c1447ffe
977023.0,554984,python,[JIT],0x00007603c142f911
977007.0,555046,python,[JIT],0x00007af46fad334f
977003.0,554984,python,[JIT],0x00007603c1445298
977001.0,555009,python,[JIT],0x00007a2d2f461125
976988.0,555035,python,[JIT],0x000074c039e34552
976981.0,554984,python,[JIT],0x00007603c144b210
976977.0,554977,python,[JIT],0x0000747c7bf23972
976969.0,554984,python,[JIT],0x00007603c144549d
976957.0,555009,python,[JIT],0x00007a2d2f460fac
976946.0,554977,python,[JIT],0x0000747c7bf25ad9
976931.0,555035,python,[JIT],0x000074c039e731f5
976920.0,555035,python,[JIT],0x000074c03a0e6757
976917.0,555035,python,[JIT],0x000074c039e7238b
976913.0,554984,python,[JIT],0x00007603c2413298
976910.0,554977,python,[JIT],0x0000747c7c1a43b2
976886.0,554984,python,[JIT],0x00007603c144b303
976873.0,554977,python,[JIT],0x0000747c7bf38057
976859.0,554984,python,python,malloc@plt
976848.0,554984,python,[JIT],0x00007603c1445caa
976842.0,554984,python,[JIT],0x00007603c16b3188
976839.0,554998,python,[JIT],0x00007895546a3c66
976832.0,555023,python,[JIT],0x0000769391d562b1
976829.0,554984,python,[JIT],0x00007603c142f4d0
976815.0,555035,python,[JIT],0x000074c03a4f6b29
976815.0,555009,python,[JIT],0x00007a2d2f45d7fd
976806.0,555035,python,[JIT],0x000074c039e7fb9b
976789.0,555035,python,[JIT],0x000074c039e770cd
976782.0,554998,python,[JIT],0x000078955469cab7
976774.0,555046,python,[JIT],0x00007af46fa6bae3
976762.0,554998,python,[JIT],0x00007895546a28b8
976757.0,555023,python,[JIT],0x0000769391d90904
976753.0,554984,python,[JIT],0x00007603c144ee24
976743.0,554998,python,[JIT],0x000078955469bdae
976742.0,555046,python,[JIT],0x00007af46fad0fe8
976713.0,555035,python,[JIT],0x000074c039e7772a
976708.0,555035,python,[JIT],0x000074c03a4f89fe
976697.0,555023,python,[JIT],0x000076939245db42
976689.0,554998,python,[JIT],0x000078955468e09c
976684.0,554977,python,[JIT],0x0000747c7c1a424a
976667.0,555035,python,[JIT],0x000074c039e67874
976648.0,555009,python,[JIT],0x00007a2d2f446571
976643.0,554977,python,[JIT],0x0000747c7bf386af
976637.0,555009,python,[JIT],0x00007a2d2f6cc27f
976631.0,555009,python,[JIT],0x00007a2d2f467ae9
976631.0,555046,python,[JIT],0x00007af470a131c7
976625.0,554984,python,[JIT],0x00007603c16b4f38
976619.0,554998,python,[JIT],0x00007895546a1997
976606.0,554977,python,[JIT],0x0000747c7c1a409d
976602.0,555009,python,[kernel.kallsyms],__update_load_avg_cfs_rq
976601.0,555046,python,[JIT],0x00007af46faad580
976587.0,555023,python,[kernel.kallsyms],__cgroup_account_cputime
976580.0,555009,python,[JIT],0x00007a2d2f45a440
976568.0,554998,python,[JIT],0x00007895546a4ea6
976563.0,555046,python,[JIT],0x00007af46fa6e4d8
976563.0,554984,python,[JIT],0x00007603c144e2c6
976545.0,555009,python,[JIT],0x00007a2d2f44c42a
976512.0,554977,python,[JIT],0x0000747c7bf35a12
976499.0,554977,python,[JIT],0x0000747c7bf3c84d
976477.0,554977,python,[JIT],0x0000747c7bf3cc3e
976465.0,555046,python,[JIT],0x00007af46fad2c32
976396.0,555009,python,[JIT],0x00007a2d2f45d2ec
976393.0,555035,python,[JIT],0x000074c03a0e6217
976391.0,554977,python,[JIT],0x0000747c7bf3f3cd
976386.0,555009,python,[JIT],0x00007a2d2f44c885
976365.0,554977,python,[JIT],0x0000747c7bf3c3a5
976354.0,554977,python,[JIT],0x0000747c7bf38824
976336.0,554998,python,[JIT],0x00007895546831af
976326.0,554977,python,[JIT],0x0000747c7bf39196
976309.0,555009,python,[JIT],0x00007a2d2f4671e5
976288.0,555023,python,python,_Py_NewReferenceNoTotal
976255.0,554984,python,[JIT],0x00007603c144e322
976241.0,554984,python,[JIT],0x00007603c1420f40
976226.0,554984,python,[JIT],0x00007603c144f612
976224.0,554984,python,[JIT],0x00007603c144d74a
976194.0,555046,python,[JIT],0x00007af46fabd332
976191.0,554984,python,[JIT],0x00007603c1439916
976182.0,555023,python,[JIT],0x0000769391dce9f4
976159.0,554998,python,[JIT],0x0000789555316a65
976153.0,555035,python,[JIT],0x000074c039e7eb23
976127.0,555046,python,[JIT],0x00007af46facfe7f
976110.0,554984,python,[JIT],0x00007603c142e93e
976102.0,555046,python,[JIT],0x00007af46fad937c
976087.0,554977,python,[JIT],0x0000747c7bee62a1
976079.0,555023,python,[JIT],0x0000769391dd6436
976067.0,554977,python,[JIT],0x0000747c7bf1900a
976050.0,554984,python,[JIT],0x00007603c1447488
976014.0,554984,python,[JIT],0x00007603c1433ee0
976012.0,554977,python,[JIT],0x0000747c7bf3c367
975967.0,555009,python,[JIT],0x00007a2d2f464ade
975950.0,555009,python,[JIT],0x00007a2d2f464010
975942.0,554998,python,[JIT],0x00007895546a116b
975919.0,555035,python,[JIT],0x000074c039e7ff21
975897.0,555023,python,[JIT],0x0000769391db204c
975869.0,555023,python,[JIT],0x0000769391dbcd0a
975837.0,554984,python,[JIT],0x00007603c144492f
975734.0,554998,python,[JIT],0x00007895546a438b
975724.0,555035,python,[JIT],0x000074c039e7e940
975706.0,554984,python,[JIT],0x00007603c1444cf0
975703.0,554998,python,[JIT],0x00007895546a3411
975680.0,555023,python,[JIT],0x000076939203fc24
975679.0,554998,python,[JIT],0x00007895546a10b9
975675.0,555046,python,[JIT],0x00007af46fad6064
975672.0,554998,python,[JIT],0x00007895546a1d77
975665.0,554977,python,[JIT],0x0000747c7bef10b7
975639.0,555035,python,[JIT],0x000074c03aaeb165
975596.0,555035,python,[JIT],0x000074c039e78151
975554.0,555009,python,[JIT],0x00007a2d2f6cb49e
975547.0,555035,python,[JIT],0x000074c039e7a661
975540.0,555035,python,[JIT],0x000074c039e7998f
975526.0,554984,python,[JIT],0x00007603c16b324e
975518.0,554977,python,[JIT],0x0000747c7c5c40d2
975514.0,554984,python,[JIT],0x00007603c142e867
975492.0,555009,python,[JIT],0x00007a2d2f45d53e
975443.0,555035,python,[JIT],0x000074c039e7e260
975432.0,554977,python,[JIT],0x0000747c7c1a0be9
975413.0,555046,python,[JIT],0x00007af46fd3dc69
975411.0,555035,python,[JIT],0x000074c039e777ce
975369.0,554998,python,[JIT],0x000078955462ad59
975318.0,555046,python,_struct.cpython-316-x86_64-linux-gnu.so,memset@plt
975254.0,555046,python,[JIT],0x00007af46fd3e6f7
975248.0,555046,python,[JIT],0x00007af46fa953d1
975231.0,554998,python,[JIT],0x0000789554683f75
975213.0,555035,python,[JIT],0x000074c039e7fff0
975170.0,554998,python,[JIT],0x00007895546887d7
975157.0,555035,python,[JIT],0x000074c039e47a48
975099.0,554998,python,[JIT],0x0000789555333424
975088.0,555046,python,[JIT],0x00007af46facf876
975086.0,555035,python,[JIT],0x000074c039e609b3
975068.0,555023,python,[JIT],0x0000769391dbe40e
975055.0,554998,python,[JIT],0x00007895546a1268
975047.0,554977,python,[JIT],0x0000747c7bf3c064
975022.0,554984,python,[JIT],0x00007603c1444b94
975010.0,554977,python,[JIT],0x0000747c7c6cd9c3
975000.0,555046,python,[JIT],0x00007af46fad63a3
974997.0,554977,python,[JIT],0x0000747c7bf36865
974992.0,555046,python,[JIT],0x00007af46faa465f
974933.0,554977,python,[JIT],0x0000747c7bf359eb
974930.0,555035,python,python,allocate_from_new_pool
974901.0,555009,python,[JIT],0x00007a2d2fa9430f
974883.0,555023,python,[JIT],0x00007693920395c3
974878.0,554998,python,[JIT],0x0000789554684034
974758.0,554984,python,[JIT],0x00007603c144be31
974749.0,555009,python,[JIT],0x00007a2d2f465f00
974698.0,555046,python,python,_Py_uop_analyze_and_optimize
974672.0,554977,python,[JIT],0x0000747c7c5c434c
974663.0,554998,python,[JIT],0x000078955469d781
974644.0,555023,python,[JIT],0x0000769391dbc23c
974641.0,555035,python,[JIT],0x000074c039e610ce
974608.0,555023,python,[JIT],0x0000769391dd92e5
974603.0,554984,python,[JIT],0x00007603c144603c
974580.0,555023,python,[JIT],0x0000769391dbcb70
974553.0,554977,python,[JIT],0x0000747c7c59d1fb
974512.0,555035,python,[JIT],0x000074c039e7e1e2
974503.0,555023,python,[JIT],0x0000769391db73a1
974495.0,554998,python,[JIT],0x0000789554634ff2
974492.0,555035,python,[JIT],0x000074c03a0e68d5
974490.0,555035,python,[JIT],0x000074c039e799ea
974473.0,555046,python,[JIT],0x00007af46fd3d010
974416.0,555035,python,[JIT],0x000074c039e778f3
974415.0,554984,python,[JIT],0x00007603c16b28f6
974406.0,555035,python,[JIT],0x000074c039e61758
974343.0,555035,python,[JIT],0x000074c039e60745
974341.0,555023,python,[JIT],0x0000769391dce572
974308.0,554984,python,[JIT],0x00007603c16b2b2e
974295.0,554977,python,[JIT],0x0000747c7bec9f00
974294.0,555009,python,[JIT],0x00007a2d2fa94152
974259.0,554977,python,[JIT],0x0000747c7bf23bf1
974257.0,554998,python,[JIT],0x000078955469dae9
974232.0,554998,python,[JIT],0x00007895549087d6
974223.0,555046,python,[JIT],0x00007af470728686
974200.0,554998,python,python,PyUnicode_RichCompare
974166.0,555035,python,python,PyUnicode_FromStringAndSize
974138.0,555035,python,[JIT],0x000074c039e821b2
974065.0,555046,python,[JIT],0x00007af46facf587
974062.0,554998,python,[JIT],0x0000789555333804
973998.0,555009,python,[JIT],0x00007a2d2f464a68
973984.0,555035,python,[JIT],0x000074c039e796bf
973959.0,555023,python,[JIT],0x000076939203c76d
973950.0,554977,python,[JIT],0x0000747c7c5c426b
973939.0,555035,python,[JIT],0x000074c039e824bc
973915.0,554977,python,[JIT],0x0000747c7bf23bbd
973891.0,554998,python,[JIT],0x0000789554640fa9
973859.0,554998,python,[JIT],0x000078955531636e
973829.0,554984,python,[JIT],0x00007603c14452ca
973739.0,555046,python,[JIT],0x00007af46fad0c7f
973683.0,554998,python,[JIT],0x0000789554909452
973670.0,554984,python,[JIT],0x00007603c14473f5
973653.0,555035,python,[JIT],0x000074c039e7a032
973646.0,554998,python,[JIT],0x00007895546a4fd4
973551.0,555046,python,[JIT],0x00007af46facc7d4
973547.0,555046,python,[JIT],0x00007af46fac73e1
973535.0,554984,python,[JIT],0x00007603c144bb38
973534.0,555035,python,[JIT],0x000074c039e60561
973527.0,555023,python,[JIT],0x0000769391dd11e1
973491.0,555046,python,[JIT],0x00007af46fad2ea6
973491.0,554984,python,[JIT],0x00007603c2413273
973486.0,555009,python,[JIT],0x00007a2d2f6cec09
973433.0,554984,python,[JIT],0x00007603c144b734
973413.0,555035,python,[JIT],0x000074c039e3465b
973369.0,554977,python,[JIT],0x0000747c7bf403af
973357.0,555023,python,[JIT],0x0000769391d84c67
973354.0,554998,python,[JIT],0x0000789554908731
973339.0,555035,python,[JIT],0x000074c03a0e642e
973264.0,555023,python,[JIT],0x0000769391dd0791
973201.0,554984,python,[JIT],0x00007603c1447f08
973138.0,555009,python,[JIT],0x00007a2d2f3da876
973122.0,555035,python,[JIT],0x000074c039e7860e
973087.0,554977,python,[JIT],0x0000747c7bf2502f
972890.0,554998,python,[JIT],0x00007895546a16af
972879.0,554984,python,[JIT],0x00007603c144b7a5
972777.0,555009,python,[JIT],0x00007a2d2f464d0f
972762.0,554977,python,[JIT],0x0000747c7bf357e5
972750.0,555009,python,[JIT],0x00007a2d2f6cbdf9
972746.0,554984,python,[JIT],0x00007603c144ea6d
972669.0,555046,python,[JIT],0x00007af46fad0611
972625.0,555046,python,[JIT],0x00007af46fd3e6f7
972598.0,555046,python,[JIT],0x00007af46fad6ce2
972510.0,554984,python,[JIT],0x00007603c144dafa
972474.0,555009,python,[JIT],0x00007a2d2f6c9326
972459.0,555023,python,[JIT],0x0000769391dca7e4
972447.0,555035,python,[JIT],0x000074c039e7ff45
972393.0,554984,python,python,_PyEval_Vector
972377.0,554984,python,[JIT],0x00007603c144c51c
972364.0,554984,python,[JIT],0x00007603c142e91b
972308.0,554977,python,[JIT],0x0000747c7bf07000
972269.0,554998,python,[JIT],0x0000789555334718
972238.0,554998,python,[JIT],0x00007895546a326a
972234.0,554977,python,[JIT],0x0000747c7bf3c74a
972216.0,555046,python,[JIT],0x00007af46faca213
972113.0,555023,python,[JIT],0x0000769391dd69bb
971924.0,554977,python,[JIT],0x0000747c7bf3c12c
971883.0,554984,python,[JIT],0x00007603c144d79e
971882.0,555009,python,[JIT],0x00007a2d2f467e24
971824.0,555009,python,[JIT],0x00007a2d2f6c926e
971766.0,554984,python,[JIT],0x00007603c14482d6
971707.0,555009,python,[JIT],0x00007a2d2f4611a8
971690.0,554984,python,[JIT],0x00007603c1447d2b
971689.0,554998,python,[JIT],0x0000789554652675
971616.0,554998,python,[JIT],0x000078955490980d
971516.0,555035,python,[JIT],0x000074c03a0e6910
971511.0,555046,python,[JIT],0x00007af46fd3e0d0
971457.0,554998,python,[JIT],0x000078955469a0fa
971393.0,554984,python,[JIT],0x00007603c16b2beb
971363.0,554998,python,[JIT],0x0000789554695d4d
971354.0,554998,python,[JIT],0x00007895546a19c7
971283.0,555009,python,[JIT],0x00007a2d2f45a046
971265.0,555009,python,[JIT],0x00007a2d2f466d51
971245.0,555009,python,[JIT],0x00007a2d2f4668fa
971237.0,554984,python,[JIT],0x00007603c140e88e
971211.0,555023,python,[JIT],0x0000769391dd8d77
971135.0,555023,python,[JIT],0x0000769391db9785
971051.0,554998,python,[JIT],0x000078955469a58c
970912.0,554977,python,[JIT],0x0000747c7c1a394e
970846.0,555023,python,[JIT],0x0000769391d7612d
970803.0,555023,python,[kernel.kallsyms],notifier_call_chain
970754.0,554998,python,[JIT],0x0000789554689c39
970730.0,555035,python,[JIT],0x000074c039e819ee
970709.0,554984,python,[JIT],0x00007603c144c442
970661.0,555035,python,[JIT],0x000074c039e7733e
970660.0,555035,python,[JIT],0x000074c039e80b81
970640.0,554977,python,[kernel.kallsyms],clear_page_erms
970558.0,555009,python,[JIT],0x00007a2d2f6c99f6
970547.0,555023,python,[JIT],0x0000769391dc1e5c
970514.0,554998,python,[JIT],0x00007895546a460b
970505.0,554984,python,python,list_traverse
970453.0,554977,python,[JIT],0x0000747c7bec8efa
970380.0,555035,python,[JIT],0x000074c03a0e672b
970329.0,554984,python,[JIT],0x00007603c144b66d
970306.0,554984,python,[JIT],0x00007603c16b3590
970291.0,555023,python,[JIT],0x0000769391dd574a
970234.0,554984,python,[JIT],0x00007603c144c310
970213.0,554984,python,[JIT],0x00007603c144bf47
970211.0,554984,python,[JIT],0x00007603c14480c3
970194.0,555023,python,[JIT],0x000076939203c4c8
970150.0,554984,python,[JIT],0x00007603c144b1aa
970060.0,555009,python,[JIT],0x00007a2d2f4471a9
969870.0,554984,python,[JIT],0x00007603c144698f
969798.0,555009,python,[JIT],0x00007a2d2f467073
969777.0,554998,python,[JIT],0x0000789554908b8b
969760.0,555035,python,[JIT],0x000074c039e7acab
969718.0,554984,python,[JIT],0x00007603c14339b7
969711.0,554984,python,[JIT],0x00007603c1447bef
969658.0,555009,python,[JIT],0x00007a2d2f4652b5
969573.0,554984,python,[JIT],0x00007603c16b2614
969436.0,554984,python,[JIT],0x00007603c144e4d5
969413.0,554998,python,[JIT],0x000078955469b2b9
969411.0,554977,python,[JIT],0x0000747c7bf2887f
969399.0,555009,python,[JIT],0x00007a2d2f44ba6b
969346.0,555009,python,[JIT],0x00007a2d2f4595c8
969335.0,555035,python,python,_Py_uop_sym_get_type
969318.0,555023,python,[JIT],0x0000769391dbc3df
969298.0,555035,python,[JIT],0x000074c039e7ecc1
969220.0,555035,python,[JIT],0x000074c039e592a2
969188.0,554984,python,[JIT],0x00007603c144c00f
969185.0,555023,python,[JIT],0x0000769391dcecc5
969084.0,554998,python,[JIT],0x00007895546a4baf
969050.0,555035,python,[kernel.kallsyms],native_apic_msr_eoi
969021.0,555035,python,[JIT],0x000074c039e65dcf
969003.0,555046,python,[JIT],0x00007af47076ab55
968975.0,554998,python,[JIT],0x00007895546a25f6
968900.0,555023,python,python,list_contains
968664.0,555035,python,[JIT],0x000074c03a0e696f
968662.0,554984,python,[JIT],0x00007603c142e405
968588.0,554998,python,[JIT],0x00007895546a362a
968488.0,554998,python,[JIT],0x000078955469a983
968485.0,554998,python,[JIT],0x00007895546856db
968472.0,554984,python,[JIT],0x00007603c144f116
968394.0,554984,python,[kernel.kallsyms],account_user_time
968378.0,555009,python,[JIT],0x00007a2d2f468333
968293.0,554998,python,[JIT],0x00007895553331f1
968289.0,554984,python,[JIT],0x00007603c1447ab6
968252.0,554977,python,[JIT],0x0000747c7bf07ebc
968184.0,554984,python,[JIT],0x00007603c1bcec04
968132.0,555035,python,[JIT],0x000074c039e60440
968128.0,555046,python,[JIT],0x00007af46fad8773
968109.0,554984,python,[JIT],0x00007603c142e68e
968047.0,555035,python,[JIT],0x000074c039e626db
968035.0,555046,python,[JIT],0x00007af46fad6c19
967984.0,554984,python,[JIT],0x00007603c16b2738
967887.0,555046,python,[JIT],0x00007af46faba689
967868.0,554984,python,[JIT],0x00007603c144eee4
967746.0,555035,python,[JIT],0x000074c039e8198b
967725.0,555009,python,[JIT],0x00007a2d2f4422d7
967701.0,555009,python,[JIT],0x00007a2d2f446bde
967701.0,555009,python,[JIT],0x00007a2d2f467477
967693.0,555009,python,[JIT],0x00007a2d2f460b7a
967644.0,554984,python,[JIT],0x00007603c144681e
967515.0,555023,python,[kernel.kallsyms],fpregs_assert_state_consistent
967470.0,554998,python,[JIT],0x000078955469cf71
967433.0,555035,python,[JIT],0x000074c039e60678
967425.0,555009,python,[JIT],0x00007a2d2f44719a
967415.0,555009,python,[JIT],0x00007a2d2f6cb997
967412.0,554998,python,[JIT],0x000078955461f785
967373.0,555023,python,python,func_descr_get
967341.0,555009,python,[JIT],0x00007a2d2f6cb195
967328.0,555009,python,[JIT],0x00007a2d2f6cbd7e
967316.0,555009,python,[JIT],0x00007a2d2f4503a0
967272.0,555035,python,[JIT],0x000074c039e78449
967197.0,554977,python,[JIT],0x0000747c7bf322f8
967159.0,555035,python,[JIT],0x000074c039e77354
967130.0,555035,python,[JIT],0x000074c039e78ef6
967113.0,555046,python,[JIT],0x00007af46fd3f9d1
967092.0,555023,python,[kernel.kallsyms],__irqentry_text_end
967087.0,555035,python,[JIT],0x000074c039e7916b
967070.0,555023,python,[JIT],0x0000769391dd5863
967036.0,555046,python,python,_PyLong_AsByteArray
967031.0,555035,python,[JIT],0x000074c039e18608
967020.0,555009,python,[JIT],0x00007a2d2f45f56a
967011.0,554998,python,[JIT],0x0000789554908d2a
967000.0,555046,python,[JIT],0x00007af46facaf7a
966990.0,554998,python,[JIT],0x0000789554909910
966990.0,555046,python,python,PyType_IsSubtype
966986.0,555046,python,[JIT],0x00007af46fd3dca6
966968.0,555046,python,[JIT],0x00007af46faca6bf
966909.0,555046,python,[JIT],0x00007af46fad64c2
966898.0,555046,python,[JIT],0x00007af46fad64d0
966897.0,554998,python,[JIT],0x000078955469d437
966890.0,555046,python,[JIT],0x00007af46fad610e
966851.0,554977,python,[JIT],0x0000747c7c1a4c98
966848.0,555046,python,[JIT],0x00007af47076a8e7
966830.0,554984,python,[JIT],0x00007603c1440fe0
966822.0,555046,python,[JIT],0x00007af46fad240c
966800.0,555046,python,[JIT],0x00007af46faba365
966795.0,555009,python,[JIT],0x00007a2d2f6cbe85
966791.0,554984,python,[JIT],0x00007603c144bc51
966789.0,555046,python,[JIT],0x00007af46fd3ec81
966779.0,555046,python,[JIT],0x00007af47076ad61
966777.0,555046,python,[JIT],0x00007af46fad338a
966777.0,555046,python,[JIT],0x00007af46fada333
966772.0,555046,python,[JIT],0x00007af46fad7020
966748.0,554984,python,[kernel.kallsyms],tick_program_event
966737.0,555046,python,[JIT],0x00007af46fac20ce
966729.0,555046,python,[JIT],0x00007af46fad2541
966718.0,555046,python,[JIT],0x00007af46fad6f21
966713.0,555046,python,[JIT],0x00007af47076a19c
966711.0,555046,python,[JIT],0x00007af46fad901e
966710.0,555046,python,[JIT],0x00007af46facb400
966705.0,555046,python,[JIT],0x00007af46fad85a5
966701.0,555046,python,[JIT],0x00007af46facf967
966696.0,555046,python,python,_PyObject_TryGetInstanceAttribute
966687.0,555046,python,[JIT],0x00007af46fd3e698
966681.0,555046,python,python,_PyObject_MakeTpCall
966680.0,555046,python,python,allocate_from_new_pool
966679.0,555046,python,[JIT],0x00007af46fad19c9
966679.0,555046,python,[JIT],0x00007af46fad2f1b
966678.0,554984,python,[JIT],0x00007603c14005c0
966666.0,555046,python,[JIT],0x00007af46fad1d0b
966662.0,555046,python,[JIT],0x00007af46fad1bf7
966659.0,555046,python,python,dictitems_iter
966657.0,555046,python,[JIT],0x00007af46facfac6
966656.0,555035,python,[JIT],0x000074c039e8116e
966650.0,555046,python,python,_io_BytesIO_tell
966645.0,555046,python,python,_PyOptimizer_Optimize
966644.0,555035,python,[JIT],0x000074c039e80ff4
966641.0,555046,python,[JIT],0x00007af46fad7019
966635.0,554984,python,[kernel.kallsyms],sync_regs
966625.0,555046,python,[JIT],0x00007af46fad182d
966613.0,555046,python,[JIT],0x00007af46fac3702
966607.0,554998,python,[JIT],0x00007895546a2598
966599.0,555035,python,[JIT],0x000074c039e7ed3f
966595.0,555035,python,[JIT],0x000074c039e7b061
966594.0,555046,python,[JIT],0x00007af46fa86643
966592.0,555046,python,[JIT],0x00007af46fac3048
966591.0,555046,python,[JIT],0x00007af46facb24b
966588.0,555046,python,[JIT],0x00007af46fd3d337
966584.0,554984,python,[JIT],0x00007603c142fa90
966562.0,555035,python,[JIT],0x000074c03a0e64f1
966562.0,555009,python,[JIT],0x00007a2d2f459e5c
966558.0,555035,python,[JIT],0x000074c039e1c221
966557.0,555046,python,[JIT],0x00007af46fad8ee2
966550.0,555046,python,[JIT],0x00007af46fad637a
966547.0,555046,python,[JIT],0x00007af46fad834f
966540.0,554984,python,[kernel.kallsyms],sysvec_apic_timer_interrupt
966536.0,554984,python,[JIT],0x00007603c1411e1f
966524.0,555046,python,python,_io_BytesIO_write
966523.0,554984,python,[JIT],0x00007603c144155e
966521.0,555046,python,[JIT],0x00007af46fad21b2
966512.0,555046,python,[JIT],0x00007af46facf08a
966510.0,554998,python,[JIT],0x0000789554661f26
966509.0,555046,python,[JIT],0x00007af46fad69b8
966507.0,555046,python,[JIT],0x00007af47076adf8
966504.0,555046,python,[JIT],0x00007af46fad336a
966498.0,555035,python,[JIT],0x000074c039e1b1ec
966498.0,555046,python,[JIT],0x00007af46facb5c4
966488.0,554984,python,[JIT],0x00007603c16b3304
966485.0,555046,python,[JIT],0x00007af46fad147a
966474.0,555035,python,[JIT],0x000074c039e788fd
966474.0,554984,python,[kernel.kallsyms],run_posix_cpu_timers
966473.0,555046,python,[JIT],0x00007af46fad60ab
966470.0,555035,python,[JIT],0x000074c039e736c4
966449.0,555046,python,[JIT],0x00007af46fad92a5
966445.0,555035,python,[JIT],0x000074c039e6161c
966433.0,555046,python,[JIT],0x00007af46fada098
966428.0,555046,python,[JIT],0x00007af46fad0ee4
966426.0,554984,python,[JIT],0x00007603c144191a
966426.0,554984,python,[JIT],0x00007603c144e24a
966419.0,555046,python,[JIT],0x00007af46fd3e434
966415.0,555035,python,[JIT],0x000074c03a0e6452
966415.0,554984,python,[JIT],0x00007603c144c4ce
966404.0,554998,python,[JIT],0x000078955469a917
966402.0,555046,python,[JIT],0x00007af46fad767f
966399.0,554984,python,[kernel.kallsyms],kmem_cache_free
966397.0,555046,python,[JIT],0x00007af46faba809
966396.0,555046,python,[JIT],0x00007af46fad934f
966394.0,554984,python,[JIT],0x00007603c142e83e
966387.0,555009,python,[JIT],0x00007a2d2f45ebab
966384.0,554998,python,[JIT],0x0000789554908276
966380.0,555046,python,[kernel.kallsyms],sync_regs
966377.0,554984,python,[JIT],0x00007603c144e8a8
966374.0,554984,python,[JIT],0x00007603c144ecc8
966372.0,555046,python,python,dictiter_iternextitem
966365.0,555046,python,[JIT],0x00007af47074c941
966361.0,555035,python,[JIT],0x000074c039e779a2
966360.0,555035,python,[JIT],0x000074c039e79e25
966359.0,554998,python,[JIT],0x00007895546a171f
966357.0,555046,python,[JIT],0x00007af46fad7670
966354.0,555046,python,[JIT],0x00007af46fd3d0a3
966349.0,555035,python,python,method_vectorcall
966347.0,554998,python,[JIT],0x0000789554909fff
966342.0,554984,python,[JIT],0x00007603c1446ed1
966339.0,554984,python,[kernel.kallsyms],__hrtimer_next_event_base
966339.0,555046,python,[JIT],0x00007af46fad6e31
966337.0,555046,python,[JIT],0x00007af46fada3af
966335.0,554984,python,[JIT],0x00007603c144453e
966329.0,554984,python,[kernel.kallsyms],__remove_hrtimer
966328.0,554984,python,[JIT],0x00007603c1bcedc7
966327.0,555046,python,[JIT],0x00007af47076a540
966324.0,554984,python,[JIT],0x00007603c1447e81
966321.0,554984,python,[JIT],0x00007603c144b5c8
966321.0,555046,python,[JIT],0x00007af46fadb604
966320.0,554998,python,[JIT],0x0000789554908fed
966319.0,555046,python,[JIT],0x00007af46fad88c4
966313.0,555035,python,[JIT],0x000074c039e41cc3
966308.0,555046,python,[JIT],0x00007af46facfe9c
966307.0,555035,python,[JIT],0x000074c039e7e4ed
966305.0,555046,python,[JIT],0x00007af470c6b01c
966304.0,555046,python,[JIT],0x00007af46fd3dab1
966297.0,554984,python,[JIT],0x00007603c14402a6
966294.0,555023,python,[JIT],0x0000769391dc9003
966290.0,555046,python,[JIT],0x00007af46fad9b8f
966281.0,555035,python,[JIT],0x000074c039e7f14e
966281.0,554984,python,[kernel.kallsyms],ktime_get
966277.0,554998,python,[JIT],0x00007895546a44af
966277.0,555046,python,[JIT],0x00007af46fad84af
966271.0,555046,python,[JIT],0x00007af46fad0f05
966270.0,555035,python,[JIT],0x000074c03a0e637c
966269.0,555035,python,[JIT],0x000074c039e7898e
966269.0,554984,python,[JIT],0x00007603c13e7f97
966266.0,554984,python,[JIT],0x00007603c1440931
966258.0,555046,python,python,date_reduce
966257.0,555035,python,[JIT],0x000074c039e41b34
966254.0,554984,python,[JIT],0x00007603c144bfce
966252.0,555035,python,[JIT],0x000074c039e55e9a
966251.0,555035,python,[JIT],0x000074c039e79bed
966251.0,555046,python,[JIT],0x00007af46fab800a
966247.0,554984,python,[JIT],0x00007603c142dcd5
966236.0,554984,python,[JIT],0x00007603c1446bae
966235.0,555046,python,python,slot_tp_init
966227.0,554984,python,[JIT],0x00007603c144c2f3
966226.0,554977,python,[JIT],0x0000747c7bf1f152
966221.0,554998,python,[JIT],0x00007895546a4a8c
966212.0,555035,python,python,_PyOptimizer_Optimize
966210.0,555035,python,[JIT],0x000074c039e60d76
966207.0,555046,python,[JIT],0x00007af46fad906f
966206.0,555009,python,[JIT],0x00007a2d2f3fff98
966205.0,554984,python,[JIT],0x00007603c16b271d
966196.0,555035,python,[JIT],0x000074c039e61766
966196.0,555035,python,[JIT],0x000074c039e629b4
966193.0,555035,python,[JIT],0x000074c039e1a7d5
966190.0,554984,python,[JIT],0x00007603c14454f5
966187.0,555035,python,[JIT],0x000074c039e82560
966186.0,555009,python,[JIT],0x00007a2d2f464ab4
966184.0,554984,python,[JIT],0x00007603c14462de
966183.0,555046,python,[JIT],0x00007af46fd3db29
966182.0,555035,python,[JIT],0x000074c039e80931
966181.0,554984,python,[JIT],0x00007603c143fdef
966181.0,555046,python,[JIT],0x00007af46fabdb2c
966166.0,555035,python,[JIT],0x000074c039e7e6af
966157.0,554998,python,[JIT],0x00007895546a1a3f
966152.0,554984,python,[JIT],0x00007603c16b2280
966152.0,555046,python,[JIT],0x00007af46facf99a
966151.0,554998,python,[JIT],0x000078955469de6f
966147.0,554998,python,python,PyObject_Realloc
966145.0,555035,python,[JIT],0x000074c039e7782e
966145.0,554998,python,[JIT],0x000078955464385f
966144.0,554998,python,[JIT],0x00007895546a5461
966140.0,554984,python,[JIT],0x00007603c144e71f
966138.0,555046,python,[JIT],0x00007af46fd3db2e
966137.0,554984,python,[JIT],0x00007603c1446851
966135.0,554984,python,[JIT],0x00007603c1bce222
966128.0,554984,python,[JIT],0x00007603c16b3246
966122.0,555046,python,[JIT],0x00007af46fac2594
966120.0,555009,python,[JIT],0x00007a2d2f44b89c
966120.0,554984,python,[JIT],0x00007603c1420e33
966115.0,555009,python,[JIT],0x00007a2d2f6cc02c
966115.0,554984,python,[JIT],0x00007603c1432b52
966114.0,554998,python,[JIT],0x000078955469cb24
966114.0,554984,python,[JIT],0x00007603c144418e
966111.0,555035,python,[JIT],0x000074c039e72ee8
966111.0,554984,python,[JIT],0x00007603c142fa7a
966108.0,555046,python,[JIT],0x00007af46facba6d
966106.0,555009,python,[JIT],0x00007a2d2f6c900a
966099.0,554984,python,[JIT],0x00007603c142dc2f
966095.0,554984,python,[JIT],0x00007603c144b303
966093.0,555046,python,[JIT],0x00007af46fd3eca7
966086.0,554998,python,python,memory_length
966085.0,554984,python,[JIT],0x00007603c1bce246
966075.0,555035,python,[JIT],0x000074c039e7a99b
966069.0,554984,python,[JIT],0x00007603c1445634
966066.0,555035,python,[JIT],0x000074c039e6056c
966063.0,554998,python,[JIT],0x0000789554909dcb
966059.0,555009,python,[JIT],0x00007a2d2f45d67f
966059.0,555046,python,python,_PyObject_InitInlineValues
966056.0,555009,python,[JIT],0x00007a2d2f45de9c
966055.0,554984,python,[JIT],0x00007603c144580a
966054.0,554984,python,[JIT],0x00007603c144bb44
966048.0,555009,python,[JIT],0x00007a2d2f3ee754
966046.0,555046,python,[JIT],0x00007af46fabd633
966045.0,554984,python,[JIT],0x00007603c1445ed1
966040.0,555009,python,[JIT],0x00007a2d2f467c3d
966030.0,555023,python,[JIT],0x0000769391db89f4
966028.0,555035,python,[JIT],0x000074c039e7a6af
966028.0,555035,python,[JIT],0x000074c03a0e608a
966028.0,555009,python,[JIT],0x00007a2d2f46577a
966021.0,555009,python,[JIT],0x00007a2d2f44888d
966016.0,555009,python,[JIT],0x00007a2d2f465e6d
966012.0,554984,python,[JIT],0x00007603c14479f8
966009.0,554984,python,[JIT],0x00007603c14440ec
966007.0,554984,python,[JIT],0x00007603c1444e46
966003.0,555046,python,[JIT],0x00007af46fad8b7b
965997.0,555009,python,[JIT],0x00007a2d2f46076a
965996.0,554984,python,[JIT],0x00007603c1bce238
965984.0,555009,python,[JIT],0x00007a2d2f6c92b8
965980.0,555009,python,[JIT],0x00007a2d2f6c9179
965978.0,555009,python,[JIT],0x00007a2d2f448815
965966.0,555009,python,[JIT],0x00007a2d2f45d941
965962.0,554984,python,[JIT],0x00007603c1447dc3
965961.0,555009,python,[JIT],0x00007a2d2f3ff2ba
965960.0,555023,python,[JIT],0x0000769391db7fda
965956.0,555046,python,[JIT],0x00007af46fad9111
965955.0,554998,python,[JIT],0x000078955469758c
965952.0,554984,python,[JIT],0x00007603c144e508
965951.0,554998,python,[JIT],0x00007895546a32f4
965948.0,555023,python,[JIT],0x000076939257b574
965946.0,554984,python,[JIT],0x00007603c13f8be7
965945.0,554998,python,[JIT],0x000078955469bcaa
965940.0,554984,python,[JIT],0x00007603c141142c
965934.0,555009,python,[JIT],0x00007a2d2f4486c6
965930.0,555035,python,[JIT],0x000074c039e7449f
965930.0,554984,python,python,list_contains
965915.0,555009,python,[JIT],0x00007a2d2f428d13
965908.0,555035,python,[JIT],0x000074c039e6a687
965897.0,555035,python,[JIT],0x000074c039e60e82
965890.0,554984,python,[JIT],0x00007603c142d0df
965885.0,554984,python,[JIT],0x00007603c144c4a1
965884.0,555009,python,[JIT],0x00007a2d2f45fd86
965883.0,555009,python,[JIT],0x00007a2d2f44c449
965875.0,554984,python,[JIT],0x00007603c144ce13
965874.0,555009,python,[JIT],0x00007a2d2f4671df
965873.0,554984,python,[JIT],0x00007603c16b2df9
965867.0,555009,python,[JIT],0x00007a2d2f44c83a
965866.0,554984,python,[JIT],0x00007603c1bce70c
965865.0,555009,python,[JIT],0x00007a2d2f45de7c
965865.0,555046,python,python,insert_to_emptydict
965862.0,555009,python,[JIT],0x00007a2d2f447be2
965855.0,555035,python,[JIT],0x000074c039e0e12c
965850.0,554984,python,python,Py_BuildValue
965850.0,554984,python,[JIT],0x00007603c142d1f6
965848.0,555009,python,[JIT],0x00007a2d2f46017e
965844.0,555009,python,[JIT],0x00007a2d2f465530
965839.0,555035,python,[JIT],0x000074c039e3ac4a
965837.0,554998,python,[JIT],0x0000789554688b60
965834.0,554984,python,[JIT],0x00007603c142d000
965834.0,554984,python,[JIT],0x00007603c1447b06
965829.0,555009,python,[JIT],0x00007a2d2f400b38
965827.0,554984,python,[JIT],0x00007603c14476c9
965826.0,554998,python,[JIT],0x00007895546632c1
965822.0,554998,python,[JIT],0x000078955469ac46
965811.0,554998,python,[JIT],0x000078955468a53f
965811.0,555046,python,[JIT],0x00007af46fad99ee
965808.0,554984,python,[JIT],0x00007603c143213b
965799.0,555009,python,[JIT],0x00007a2d2f4486ac
965796.0,555009,python,python,va_build_value
965792.0,555035,python,[JIT],0x000074c039e77ee2
965786.0,555009,python,[JIT],0x00007a2d2f4647a5
965785.0,555035,python,[JIT],0x000074c039e77b41
965782.0,555035,python,[JIT],0x000074c039e5bb0b
965776.0,554984,python,[JIT],0x00007603c1445f4d
965768.0,555046,python,[JIT],0x00007af46fad0dd8
965765.0,555009,python,[JIT],0x00007a2d2f446e82
965762.0,555009,python,[JIT],0x00007a2d2f447a22
965755.0,555009,python,[JIT],0x00007a2d2f45f4d6
965751.0,555009,python,[JIT],0x00007a2d2f446f4f
965748.0,555009,python,[JIT],0x00007a2d2f450f93
965748.0,555009,python,[JIT],0x00007a2d2f6cb55d
965741.0,555009,python,[JIT],0x00007a2d2f45824c
965741.0,555009,python,[JIT],0x00007a2d2f4648b6
965740.0,555009,python,[JIT],0x00007a2d2f6c9f89
965740.0,554984,python,[JIT],0x00007603c16b2d20
965734.0,555009,python,[JIT],0x00007a2d2f4607cf
965729.0,555009,python,[JIT],0x00007a2d2f464a07
965725.0,555009,python,[JIT],0x00007a2d2f6c90b4
965715.0,555035,python,[JIT],0x000074c039e53bc8
965714.0,555009,python,[JIT],0x00007a2d2f4249a5
965699.0,555035,python,[JIT],0x000074c039e659a7
965696.0,555009,python,[JIT],0x00007a2d2f446271
965688.0,554998,python,[JIT],0x00007895546a38a2
965681.0,555009,python,[JIT],0x00007a2d2f42638b
965677.0,555009,python,python,_PyObject_VectorcallDictTstate
965675.0,555009,python,[JIT],0x00007a2d2f466db0
965675.0,555046,python,[JIT],0x00007af46facc016
965673.0,555009,python,[JIT],0x00007a2d2f4461e5
965670.0,555009,python,[JIT],0x00007a2d2f460012
965667.0,555009,python,[JIT],0x00007a2d2f44b57e
965665.0,555035,python,[JIT],0x000074c039e804d6
965660.0,555009,python,[JIT],0x00007a2d2f3f017b
965657.0,554984,python,[JIT],0x00007603c1aa946a
965653.0,555009,python,[JIT],0x00007a2d2f44b1e5
965645.0,554998,python,[JIT],0x000078955469b8d0
965639.0,554984,python,[JIT],0x00007603c14333af
965637.0,554998,python,[JIT],0x00007895546a2e61
965623.0,555035,python,[JIT],0x000074c039e7804d
965622.0,555009,python,[JIT],0x00007a2d2f6c9712
965612.0,555009,python,[JIT],0x00007a2d2f4472c3
965612.0,555009,python,[JIT],0x00007a2d2f46626d
965593.0,555009,python,[JIT],0x00007a2d2f44c1e5
965585.0,555009,python,[JIT],0x00007a2d2f446dc8
965585.0,555046,python,[JIT],0x00007af46fad2790
965582.0,555009,python,[JIT],0x00007a2d2f6c9c70
965577.0,555009,python,[JIT],0x00007a2d2f467521
965574.0,555009,python,[JIT],0x00007a2d2f6cc0eb
965573.0,554998,python,[JIT],0x000078955469a10e
965565.0,555009,python,[JIT],0x00007a2d2f6c9772
965564.0,555046,python,[JIT],0x00007af46fad32b0
965563.0,554984,python,[JIT],0x00007603c144ed7a
965557.0,555035,python,python,_PyInterpreterState_GetConfig
965551.0,555009,python,[JIT],0x00007a2d2f46830f
965537.0,555009,python,[JIT],0x00007a2d2f467ee4
965524.0,555009,python,[JIT],0x00007a2d2f41c9c0
965521.0,555035,python,[JIT],0x000074c039e7a6bb
965511.0,555009,python,[JIT],0x00007a2d2f6cb2e2
965502.0,555009,python,[JIT],0x00007a2d2f44136a
965498.0,555009,python,[JIT],0x00007a2d2f45e270
965485.0,555009,python,[JIT],0x00007a2d2f45d499
965474.0,555046,python,python,PyMethod_New
965473.0,555046,python,[JIT],0x00007af46facffc6
965466.0,555009,python,[JIT],0x00007a2d2f45e27a
965460.0,555023,python,[JIT],0x0000769391dce665
965452.0,555009,python,[JIT],0x00007a2d2f458a52
965450.0,555009,python,[JIT],0x00007a2d2f4602a2
965447.0,555009,python,[JIT],0x00007a2d2f6cb69d
965427.0,555009,python,[JIT],0x00007a2d2f44b7db
965417.0,555009,python,[JIT],0x00007a2d2f464f07
965392.0,555009,python,[JIT],0x00007a2d2f45d50e
965382.0,555009,python,[JIT],0x00007a2d2f6c7b42
965378.0,555009,python,[JIT],0x00007a2d2f465217
965369.0,555009,python,[JIT],0x00007a2d2f45f376
965359.0,555009,python,[JIT],0x00007a2d2f44cdf2
965346.0,555009,python,[JIT],0x00007a2d2f4582d4
965337.0,554998,python,[JIT],0x000078955464317f
965333.0,555009,python,[JIT],0x00007a2d2f460f73
965287.0,555023,python,[JIT],0x0000769391dcfab8
965285.0,555009,python,[JIT],0x00007a2d2f464604
965269.0,555009,python,python,bytesio_dealloc
965256.0,555046,python,[JIT],0x00007af46fad75a2
965224.0,555046,python,[JIT],0x00007af46fad284b
965186.0,555009,python,[JIT],0x00007a2d2f45d910
965170.0,555009,python,[JIT],0x00007a2d2f44cbc3
965164.0,555046,python,[JIT],0x00007af46fd3e520
965141.0,554977,python,[JIT],0x0000747c7bf3ff62
965135.0,555009,python,[JIT],0x00007a2d2f4584aa
965129.0,554998,python,[JIT],0x00007895546a12f6
965119.0,554998,python,[JIT],0x0000789554909d05
965112.0,555046,python,[JIT],0x00007af46faca491
965106.0,555046,python,[JIT],0x00007af46facf5f2
965037.0,555046,python,[JIT],0x00007af470c6b000
965014.0,554998,python,[JIT],0x000078955468d99b
965012.0,554998,python,[JIT],0x0000789554909631
964922.0,555023,python,[JIT],0x000076939203c839
964899.0,555046,python,[JIT],0x00007af46facf5f6
964864.0,555046,python,[JIT],0x00007af46fad624d
964863.0,554998,python,[JIT],0x00007895546a55d7
964773.0,555035,python,[JIT],0x000074c03a0e6614
964772.0,555046,python,[JIT],0x00007af46fad31d4
964751.0,554984,python,[JIT],0x00007603c144c497
964745.0,554984,python,[JIT],0x00007603c14466a7
964744.0,555009,python,[JIT],0x00007a2d2f4553e9
964710.0,555035,python,[JIT],0x000074c039e7e4f3
964696.0,554984,python,[JIT],0x00007603c144bb26
964695.0,555009,python,[JIT],0x00007a2d2f446ac0
964693.0,555023,python,[JIT],0x0000769391d74382
964691.0,554998,python,[JIT],0x0000789554652456
964679.0,555035,python,[JIT],0x000074c039e7a211
964666.0,555009,python,[JIT],0x00007a2d2f6cbceb
964662.0,555046,python,[JIT],0x00007af47076ae4d
964631.0,555046,python,[JIT],0x00007af46fad2867
964623.0,555046,python,[JIT],0x00007af46fad05bd
964616.0,555046,python,[JIT],0x00007af47076a6d4
964581.0,555009,python,[JIT],0x00007a2d2f45db78
964560.0,555035,python,[JIT],0x000074c039e2bab3
964520.0,554998,python,[JIT],0x000078955469b9a1
964513.0,554984,python,[JIT],0x00007603c1bceb34
964450.0,554984,python,[JIT],0x00007603c144bdd0
964385.0,555035,python,[JIT],0x000074c039e772cd
964351.0,555009,python,[JIT],0x00007a2d2f459508
964313.0,555009,python,[JIT],0x00007a2d2f4605f2
964301.0,554977,python,[JIT],0x0000747c7bf3c39d
964190.0,555009,python,[JIT],0x00007a2d2f466d63
964114.0,555046,python,[JIT],0x00007af46fad8338
964108.0,555009,python,[JIT],0x00007a2d2f45ddcc
964108.0,555046,python,[JIT],0x00007af46fd3d94a
964105.0,555035,python,[JIT],0x000074c039e8127e
964099.0,555046,python,[JIT],0x00007af46fad6299
964031.0,555035,python,[JIT],0x000074c039e6ae7d
963992.0,555009,python,[JIT],0x00007a2d2f46818e
963921.0,555023,python,[JIT],0x0000769391dd7a4c
963920.0,555046,python,[JIT],0x00007af46faba46b
963909.0,554977,python,[JIT],0x0000747c7beea67f
963902.0,555023,python,[JIT],0x00007693924365e7
963843.0,555009,python,[JIT],0x00007a2d2f3fc57f
963842.0,554998,python,[JIT],0x00007895546a374e
963801.0,555023,python,[JIT],0x0000769391dd1dbf
963691.0,555009,python,[kernel.kallsyms],__raw_spin_lock_irqsave
963660.0,554977,python,[JIT],0x0000747c7bf20292
963659.0,554998,python,[JIT],0x00007895546976a6
963656.0,554998,python,[JIT],0x0000789554688bc8
963623.0,555046,python,[JIT],0x00007af470a133c2
963616.0,554984,python,[JIT],0x00007603c1444bba
963607.0,554984,python,[JIT],0x00007603c144c260
963579.0,555009,python,[JIT],0x00007a2d2f44c29a
963537.0,554984,python,[JIT],0x00007603c14242c8
963520.0,555046,python,[JIT],0x00007af46fad2c14
963518.0,555023,python,[JIT],0x0000769391d4a0a7
963465.0,554984,python,[JIT],0x00007603c144085e
963412.0,555009,python,[JIT],0x00007a2d2f426121
963376.0,555046,python,[JIT],0x00007af46fa8ec7f
963331.0,555035,python,[JIT],0x000074c039e7ef41
963252.0,555046,python,[JIT],0x00007af46fabef1b
963250.0,555046,python,[JIT],0x00007af46fad26eb
963112.0,555046,python,[JIT],0x00007af46fd41270
963096.0,555009,python,[JIT],0x00007a2d2f466665
963085.0,555009,python,[JIT],0x00007a2d2f6cc96f
962957.0,555046,python,[JIT],0x00007af470a132cb
962924.0,554977,python,[JIT],0x0000747c7bf24064
962888.0,554998,python,[JIT],0x000078955468fd5d
962886.0,555046,python,[kernel.kallsyms],native_flush_tlb_one_user
962884.0,555046,python,[JIT],0x00007af470a139be
962833.0,554984,python,[JIT],0x00007603c142f292
962805.0,555035,python,[JIT],0x000074c039e799cf
962754.0,555009,python,[JIT],0x00007a2d2f446678
962751.0,554998,python,[JIT],0x0000789554680a47
962717.0,555046,python,[JIT],0x00007af46facfb2b
962695.0,555046,python,[JIT],0x00007af46fad8940
962610.0,555046,python,[JIT],0x00007af46fd3dd06
962550.0,554977,python,[JIT],0x0000747c7bf3e759
962484.0,554984,python,[JIT],0x00007603c14473e6
962479.0,555046,python,[JIT],0x00007af46fab994f
962464.0,555009,python,python,type_call
962428.0,555035,python,[JIT],0x000074c039e8158d
962403.0,555009,python,[JIT],0x00007a2d2f450e80
962395.0,554984,python,[JIT],0x00007603c142d16c
962372.0,554998,python,[JIT],0x000078955468a5fd
962319.0,555009,python,[JIT],0x00007a2d2f6cc933
962200.0,555046,python,[JIT],0x00007af46facc76c
962156.0,554977,python,[JIT],0x0000747c7bf23645
962149.0,554998,python,[kernel.kallsyms],timekeeping_update
962096.0,554977,python,[JIT],0x0000747c7bf1e089
962032.0,555009,python,[JIT],0x00007a2d2f4507fa
962023.0,554984,python,[JIT],0x00007603c13ea9e8
961937.0,555046,python,[JIT],0x00007af470a136f9
961880.0,554984,python,[JIT],0x00007603c1402081
961817.0,555009,python,[JIT],0x00007a2d2f45d840
961596.0,554984,python,[JIT],0x00007603c14016da
961496.0,554998,python,[JIT],0x000078955469d715
961470.0,555009,python,[JIT],0x00007a2d2fa941ef
961468.0,554977,python,[JIT],0x0000747c7bf01865
961382.0,555046,python,[JIT],0x00007af46fad7929
961154.0,555009,python,[JIT],0x00007a2d2f45eba3
961104.0,555023,python,[JIT],0x0000769391db76fb
961044.0,555009,python,[JIT],0x00007a2d2f44b06a
961002.0,554998,python,[JIT],0x000078955469a0f7
960902.0,555023,python,[JIT],0x0000769391dc945a
960889.0,555035,python,[JIT],0x000074c039e82321
960887.0,555046,python,[JIT],0x00007af470a1472b
960864.0,555009,python,[JIT],0x00007a2d2f46134f
960817.0,555009,python,[JIT],0x00007a2d2f448532
960760.0,555009,python,[JIT],0x00007a2d2f45dca3
960707.0,555046,python,[JIT],0x00007af46fa979e7
960704.0,555009,python,[JIT],0x00007a2d2f461169
960648.0,555046,python,[JIT],0x00007af46fd3edfc
960646.0,554998,python,[JIT],0x000078955490806b
960593.0,555009,python,[JIT],0x00007a2d2f45d393
960586.0,555023,python,python,_PyUop_num_popped
960564.0,554984,python,[JIT],0x00007603c144efd4
960527.0,554984,python,[JIT],0x00007603c14475f2
960488.0,554984,python,[JIT],0x00007603c16b0f03
960401.0,554984,python,[JIT],0x00007603c1433698
960340.0,555046,python,[JIT],0x00007af46fa8e1d1
960330.0,555046,python,[JIT],0x00007af47076aeab
960290.0,555009,python,[JIT],0x00007a2d2f467312
960216.0,554984,python,[JIT],0x00007603c144f908
960127.0,555046,python,[JIT],0x00007af46fad6b2e
960088.0,555009,python,[JIT],0x00007a2d2f44d041
960073.0,555023,python,[JIT],0x0000769391dce095
959875.0,555023,python,[JIT],0x0000769391d9d87c
959865.0,554984,python,[JIT],0x00007603c142464c
959841.0,554984,python,[JIT],0x00007603c143c3e4
959810.0,554984,python,[JIT],0x00007603c14457f6
959793.0,555035,python,[JIT],0x000074c039e7811f
959754.0,555035,python,[JIT],0x000074c039e65516
959742.0,555023,python,[JIT],0x0000769391dd151b
959733.0,554977,python,[JIT],0x0000747c7c1a3ef4
959655.0,555035,python,[JIT],0x000074c039e812b6
959654.0,555046,python,[JIT],0x00007af46fd3ed65
959643.0,554984,python,[JIT],0x00007603c16b3345
959635.0,555046,python,[JIT],0x00007af46faca4c2
959610.0,555046,python,[JIT],0x00007af46fd3e79b
959577.0,555023,python,[JIT],0x0000769391dd20c5
959569.0,555009,python,[JIT],0x00007a2d2f4644ed
959565.0,554998,python,[JIT],0x00007895546515e5
959554.0,555046,python,[JIT],0x00007af46fa8992e
959477.0,555009,python,[kernel.kallsyms],hrtimer_interrupt
959461.0,554984,python,[JIT],0x00007603c142e3c3
959445.0,555023,python,[JIT],0x0000769391dbc0ab
959326.0,555009,python,[JIT],0x00007a2d2f42851d
959218.0,554998,python,[JIT],0x000078955469ddbf
959164.0,554998,python,[JIT],0x00007895546a1ed1
959156.0,554998,python,[JIT],0x00007895546a567a
958985.0,555009,python,[JIT],0x00007a2d2f44cdde
958964.0,555035,python,[JIT],0x000074c039e78c37
958873.0,555046,python,[JIT],0x00007af46fad6406
958828.0,555035,python,[JIT],0x000074c03a0e580a
958730.0,555046,python,[JIT],0x00007af46fada2ca
958663.0,555009,python,[JIT],0x00007a2d2f466d6e
958617.0,554984,python,[JIT],0x00007603c14455a9
958608.0,555046,python,[JIT],0x00007af46fad7bf1
958575.0,555035,python,[JIT],0x000074c039e7b397
958521.0,555009,python,[JIT],0x00007a2d2f464334
958503.0,554977,python,[JIT],0x0000747c7bf195f0
958363.0,555009,python,[JIT],0x00007a2d2f464d04
958322.0,555046,python,[JIT],0x00007af46fad81c3
958260.0,554998,python,[JIT],0x000078955469b803
958230.0,555009,python,[JIT],0x00007a2d2f6c9e9e
958118.0,554984,python,[JIT],0x00007603c16b24ae
958083.0,555009,python,[JIT],0x00007a2d2f45d2b1
958000.0,555046,python,[JIT],0x00007af46fd3d0e9
957987.0,555035,python,[JIT],0x000074c039e7e865
957930.0,555023,python,[JIT],0x0000769391d69c08
957926.0,555023,python,[JIT],0x000076939257b469
957883.0,555046,python,[JIT],0x00007af46fad93d7
957761.0,555023,python,[JIT],0x0000769391dce2e4
957714.0,555009,python,[JIT],0x00007a2d2f41c885
957603.0,555009,python,python,_PyJit_translate_single_bytecode_to_trace
957555.0,555035,python,[JIT],0x000074c039e7e8ca
957480.0,555046,python,[JIT],0x00007af47076a58d
957290.0,555035,python,[JIT],0x000074c039e80fdd
957283.0,555035,python,[JIT],0x000074c039e77e6f
957222.0,555009,python,[JIT],0x00007a2d2f6c92ca
957182.0,554984,python,python,_PyNumber_Index
957129.0,555009,python,[JIT],0x00007a2d2f467aa4
957035.0,555046,python,[JIT],0x00007af46fd3e857
956989.0,555023,python,[JIT],0x0000769391dd954f
956913.0,555046,python,[JIT],0x00007af46fad02f7
956887.0,554984,python,[JIT],0x00007603c142da45
956885.0,555009,python,[JIT],0x00007a2d2f44745e
956657.0,555046,python,[JIT],0x00007af46fad3397
956616.0,555046,python,[JIT],0x00007af46fad9005
956492.0,555009,python,[JIT],0x00007a2d2f448563
956433.0,555009,python,[JIT],0x00007a2d2f45e803
956430.0,554984,python,python,_Py_type_getattro_stackref
956397.0,555023,python,[JIT],0x0000769391dca4ee
956240.0,554984,python,[JIT],0x00007603c14119b6
956238.0,554984,python,[JIT],0x00007603c144b9fd
956227.0,554984,python,[JIT],0x00007603c144bd77
956123.0,554984,python,[JIT],0x00007603c16b2359
955887.0,554984,python,[JIT],0x00007603c144b05c
955871.0,555046,python,[JIT],0x00007af46facf23d
955862.0,555009,python,[JIT],0x00007a2d2f45f18e
955735.0,555046,python,[kernel.kallsyms],perf_adjust_freq_unthr_context
955326.0,555046,python,[JIT],0x00007af46fac43ab
955228.0,555009,python,[JIT],0x00007a2d2f44bb52
955218.0,554984,python,[JIT],0x00007603c14341cb
954843.0,555046,python,[JIT],0x00007af46fad7ae8
954717.0,555009,python,[JIT],0x00007a2d2f44636e
954655.0,554984,python,[JIT],0x00007603c1432c28
954594.0,555009,python,[JIT],0x00007a2d2f465203
954541.0,554984,python,[JIT],0x00007603c1444756
954340.0,555009,python,[JIT],0x00007a2d2f447ff5
954332.0,555023,python,[JIT],0x0000769391dd7840
954243.0,555046,python,[JIT],0x00007af47076afd3
953857.0,555046,python,[JIT],0x00007af46fa8eed0
953749.0,555035,python,[JIT],0x000074c039e675f1
953648.0,554984,python,[JIT],0x00007603c14467b8
953594.0,554984,python,[JIT],0x00007603c1bcee3c
953485.0,555009,python,[JIT],0x00007a2d2f466081
953351.0,555035,python,[JIT],0x000074c039e62005
953243.0,554984,python,[JIT],0x00007603c144711d
952984.0,555009,python,[JIT],0x00007a2d305ec4f8
952529.0,555046,python,[JIT],0x00007af47076a981
952526.0,555023,python,python,watch_type
952373.0,555046,python,[JIT],0x00007af46fd3d4cf
952360.0,555023,python,[JIT],0x0000769391db8f67
952341.0,555046,python,[JIT],0x00007af46fad880f
952111.0,554984,python,[JIT],0x00007603c144ed9f
952105.0,554984,python,python,_PyObject_TryGetInstanceAttribute
952100.0,554984,python,python,malloc@plt
952029.0,554984,python,[JIT],0x00007603c16b2c69
951934.0,554984,python,[JIT],0x00007603c13f1579
951826.0,555046,python,[JIT],0x00007af46fabdcfa
951822.0,555023,python,[JIT],0x0000769391dd93ef
951786.0,555046,python,[JIT],0x00007af47076a376
951745.0,555046,python,[JIT],0x00007af46fd3e9df
951696.0,554998,python,[JIT],0x0000789554908bd5
951626.0,554984,python,[JIT],0x00007603c1447752
951563.0,554984,python,[JIT],0x00007603c1445db3
951542.0,554984,python,[JIT],0x00007603c1444061
951478.0,554977,python,[JIT],0x0000747c7bef10a9
951469.0,555035,python,[JIT],0x000074c039e8079e
951322.0,555009,python,[JIT],0x00007a2d2f6cc7f0
951054.0,555035,python,[JIT],0x000074c039e65b9a
950948.0,555046,python,[JIT],0x00007af46fad704f
950846.0,555009,python,[JIT],0x00007a2d2f4603c5
950706.0,554984,python,[JIT],0x00007603c13f21a4
950653.0,554984,python,[JIT],0x00007603c142ddc8
950256.0,555046,python,[JIT],0x00007af46fac2938
950191.0,555046,python,python,PyObject_Malloc
949965.0,554984,python,[JIT],0x00007603c142ea22
949936.0,555035,python,[JIT],0x000074c039e66b64
949774.0,555046,python,[JIT],0x00007af46fad6232
949737.0,555009,python,[JIT],0x00007a2d2f41eb24
949367.0,555009,python,[JIT],0x00007a2d2f6cc4e5
949279.0,555009,python,[JIT],0x00007a2d2f4657fc
949265.0,554984,python,[JIT],0x00007603c144f4bc
949127.0,554984,python,[JIT],0x00007603c1421715
949104.0,555046,python,[JIT],0x00007af46fad9aa4
949010.0,554998,python,[JIT],0x00007895546a5409
948999.0,555009,python,python,_PyObject_InitInlineValues
948963.0,555009,python,[JIT],0x00007a2d2f45e4c7
948924.0,555046,python,[JIT],0x00007af46fad8c00
948815.0,555046,python,[JIT],0x00007af46fad8dfa
948780.0,554984,python,[JIT],0x00007603c14459ec
948704.0,554984,python,[JIT],0x00007603c142e7a7
948680.0,555046,python,[JIT],0x00007af46fad6aa6
948518.0,555046,python,[kernel.kallsyms],cpuacct_charge
948491.0,555046,python,python,PyDict_Contains
948482.0,554984,python,[JIT],0x00007603c16b31b6
948466.0,555009,python,[JIT],0x00007a2d2f467985
948392.0,555046,python,[JIT],0x00007af470a14235
948110.0,554977,python,[JIT],0x0000747c7bf25473
947987.0,554984,python,[JIT],0x00007603c142df69
947680.0,555009,python,[JIT],0x00007a2d2f468199
947566.0,555009,python,[JIT],0x00007a2d2f464f19
947513.0,554984,python,[JIT],0x00007603c144f47e
947360.0,554984,python,[JIT],0x00007603c142dcfe
947051.0,555035,python,[JIT],0x000074c039e66a81
946579.0,554984,python,[JIT],0x00007603c144634a
946220.0,555046,python,[JIT],0x00007af46fad6ae3
946015.0,554984,python,[JIT],0x00007603c14417e6
945669.0,555046,python,[JIT],0x00007af46fada62f
945519.0,555035,python,[JIT],0x000074c039e8221b
945167.0,555046,python,[JIT],0x00007af46fad2cd4
944372.0,555009,python,[JIT],0x00007a2d2f4601ff
943883.0,554984,python,python,siphash13
943812.0,555046,python,[JIT],0x00007af46fad1918
943427.0,554984,python,[JIT],0x00007603c144d023
943282.0,554984,python,[JIT],0x00007603c14230d9
943239.0,555046,python,[JIT],0x00007af46fad030c
942987.0,555009,python,[JIT],0x00007a2d2f465d14
942956.0,555046,python,python,_PyMem_RawMalloc
942796.0,555035,python,[JIT],0x000074c039e8227f
942280.0,555046,python,[JIT],0x00007af46fad02e0
942184.0,555035,python,[JIT],0x000074c03ae13951
941969.0,555046,python,[JIT],0x00007af46faac007
941924.0,555009,python,python,long_vectorcall
941828.0,555035,python,[JIT],0x000074c039e8036a
941802.0,554984,python,[JIT],0x00007603c144cdef
941716.0,554984,python,[JIT],0x00007603c140e877
941309.0,554984,python,[JIT],0x00007603c1432eea
941125.0,554984,python,[JIT],0x00007603c16b20ce
940896.0,555046,python,[JIT],0x00007af46fab991b
940394.0,554998,python,libgcc_s.so.1,strlen@plt
939128.0,555046,python,[JIT],0x00007af47076a4f6
938766.0,555046,python,[JIT],0x00007af46faba8aa
938686.0,554977,python,[JIT],0x0000747c7c1a43f3
938406.0,555046,python,[JIT],0x00007af46facbbab
938250.0,555046,python,[JIT],0x00007af46fad94a6
938041.0,555009,python,[JIT],0x00007a2d2f44d509
937457.0,555035,python,[JIT],0x000074c039e65b28
937209.0,554998,python,[JIT],0x0000789554685055
936876.0,554984,python,[JIT],0x00007603c144bde7
936567.0,555009,python,[JIT],0x00007a2d2f467039
936261.0,554977,python,[JIT],0x0000747c7c6cd152
936041.0,555046,python,[JIT],0x00007af47076ab55
936006.0,555046,python,[JIT],0x00007af46fad894c
935959.0,555035,python,[JIT],0x000074c039e67a12
935472.0,555046,python,[JIT],0x00007af46facac96
935265.0,555009,python,[JIT],0x00007a2d2f447b76
934686.0,554998,python,[JIT],0x00007895546970c4
934377.0,555035,python,[JIT],0x000074c039e1be11
934084.0,555046,python,python,PyTuple_FromArray.part.0
933732.0,555046,python,[JIT],0x00007af46fad8687
933287.0,555046,python,[JIT],0x00007af46fad8931
933130.0,554984,python,[JIT],0x00007603c144c6ec
932852.0,555046,python,[JIT],0x00007af46fad731a
932313.0,555035,python,[JIT],0x000074c039e45414
932199.0,555046,python,[JIT],0x00007af46fad9773
932062.0,555009,python,[JIT],0x00007a2d2fa9440f
930471.0,554984,python,[JIT],0x00007603c14470a7
929730.0,555046,python,[JIT],0x00007af46fa75f55
929478.0,555009,python,[JIT],0x00007a2d2f4610ad
929437.0,554984,python,[JIT],0x00007603c144f34d
929418.0,554977,python,[JIT],0x0000747c7c6cd0ce
929305.0,555046,python,[JIT],0x00007af46fd3e96f
929108.0,554998,python,[JIT],0x00007895546a25b3
928825.0,555009,python,[JIT],0x00007a2d2f46427d
928311.0,555046,python,[JIT],0x00007af46fd3e58b
926505.0,554977,python,[JIT],0x0000747c7c6cdea3
925778.0,555009,python,[JIT],0x00007a2d2f44b6bc
924885.0,555009,python,[JIT],0x00007a2d2f4171f1
924622.0,555046,python,[JIT],0x00007af46fad25ee
920118.0,554998,python,[JIT],0x0000789554908164
918461.0,554984,python,[JIT],0x00007603c143ff67
918261.0,554977,python,[JIT],0x0000747c7c1a32cf
915524.0,555046,python,[JIT],0x00007af46fada1ae
915081.0,555046,python,[JIT],0x00007af46fd3d721
911815.0,554998,python,[JIT],0x0000789554696931
909646.0,555035,python,[JIT],0x000074c03a0e3e72
907891.0,555009,python,[kernel.kallsyms],timerqueue_add
907531.0,555035,python,[JIT],0x000074c03a4f8219
906845.0,555009,python,[JIT],0x00007a2d2f3ef04c
906667.0,554998,python,[JIT],0x00007895546a4005
904837.0,555046,python,[JIT],0x00007af4707274d3
904571.0,555023,python,[JIT],0x0000769391db20e6
904223.0,555009,python,[JIT],0x00007a2d2f459f0b
903930.0,555035,python,[JIT],0x000074c039e72be7
903353.0,554977,python,[JIT],0x0000747c7c1a42c6
902869.0,554977,python,[JIT],0x0000747c7bf07a76
902867.0,554998,python,[JIT],0x00007895546a527f
901604.0,555035,python,[JIT],0x000074c039e7f7ac
900651.0,555046,python,[JIT],0x00007af46fad82d2
900190.0,554998,python,[JIT],0x00007895546a284c
899749.0,555046,python,[JIT],0x00007af46fada771
899630.0,554998,python,[JIT],0x000078955490cc48
898875.0,554984,python,[JIT],0x00007603c1aa71bd
898285.0,555046,python,[JIT],0x00007af46fad6171
897727.0,555046,python,[JIT],0x00007af46fd3d00a
897301.0,555046,python,libc.so.6,malloc_consolidate
896812.0,555035,python,[JIT],0x000074c039e62803
896693.0,555009,python,[JIT],0x00007a2d2fa94088
896298.0,555023,python,[JIT],0x000076939245da45
894055.0,555046,python,[JIT],0x00007af46fd3d393
891512.0,554984,python,python,date_reduce
889952.0,555046,python,[JIT],0x00007af46fac4e1a
889700.0,554998,python,[JIT],0x00007895546a38f0
888292.0,555046,python,[JIT],0x00007af46fad714e
888227.0,555046,python,[JIT],0x00007af46fad8b8d
887832.0,555046,python,[JIT],0x00007af46fad2d0b
887436.0,555009,python,[kernel.kallsyms],timekeeping_adjust.constprop.0
887361.0,555009,python,[JIT],0x00007a2d2f40d912
887230.0,554977,python,[JIT],0x0000747c7c1a117c
887001.0,555046,python,[JIT],0x00007af46fad8840
884840.0,555023,python,[JIT],0x0000769391dd776b
884550.0,555023,python,[JIT],0x0000769392438cda
884524.0,554984,python,python,PyUnicode_New.part.0
884477.0,555009,python,[JIT],0x00007a2d2f416ed5
884137.0,555035,python,[JIT],0x000074c03a4f86cf
883680.0,554998,python,[JIT],0x00007895549090d3
882248.0,555009,python,[JIT],0x00007a2d2f4658c3
879710.0,555009,python,[JIT],0x00007a2d2f44b13e
878613.0,555009,python,[JIT],0x00007a2d2f6cc698
872867.0,554998,python,[JIT],0x000078955468d415
872580.0,555046,python,[JIT],0x00007af47076a12a
871158.0,555046,python,[JIT],0x00007af46fad9b8f
867196.0,555046,python,[JIT],0x00007af46fada505
867168.0,554984,python,[JIT],0x00007603c16b6439
860094.0,554977,python,[JIT],0x0000747c7c6cd38d
859879.0,555035,python,[JIT],0x000074c03a4f83fb
859082.0,554977,python,[JIT],0x0000747c7bf3c3b3
854491.0,554984,python,[JIT],0x00007603c1437237
853838.0,555046,python,[JIT],0x00007af46fd3e95a
852843.0,555023,python,[JIT],0x0000769391dbc2a5
852104.0,555009,python,[JIT],0x00007a2d2f467df9
849881.0,555035,python,[JIT],0x000074c03a4f8455
845149.0,555046,python,[JIT],0x00007af46fad6538
844385.0,555046,python,[JIT],0x00007af46fad870e
843957.0,555009,python,[kernel.kallsyms],__irqentry_text_end
843640.0,555009,python,[JIT],0x00007a2d2f4686a2
842753.0,555009,python,python,_PyObject_GetAttrStackRef
840690.0,555009,python,[JIT],0x00007a2d2f466993
840477.0,554977,python,[JIT],0x0000747c7bf3eb3f
839909.0,554998,python,[JIT],0x00007895546a562f
839658.0,555035,python,[JIT],0x000074c039e65374
839635.0,555023,python,[JIT],0x0000769391dd51c4
839133.0,555023,python,[JIT],0x000076939203dc4b
838472.0,555035,python,[JIT],0x000074c039e7f400
834181.0,554977,python,[JIT],0x0000747c7bf31fe0
830965.0,555046,python,[JIT],0x00007af47072540a
803467.0,554984,python,python,dictresize
797926.0,555046,python,[JIT],0x00007af46fad78ef
789968.0,554984,python,[JIT],0x00007603c16b49a0
715794.0,555009,python,[JIT],0x00007a2d2f46433e
709258.0,555035,python,[JIT],0x000074c039e7ff63
700442.0,554977,python,python,tuple_hash
695908.0,554998,python,[JIT],0x0000789554688645
592520.0,555035,python,python,unicode_hash
425103.0,554984,python,[kernel.kallsyms],exc_page_fault
425089.0,554998,python,[kernel.kallsyms],do_anonymous_page
423244.0,555046,python,[kernel.kallsyms],native_set_pte
422273.0,555035,python,[kernel.kallsyms],__lruvec_stat_mod_folio
421793.0,555009,python,[kernel.kallsyms],pte_offset_map_nolock
421500.0,555035,python,[JIT],0x000074c039e814df
124999.0,555035,python,python,deque_append
124999.0,555023,python,python,dictiter_iternextvalue
124999.0,554984,python,python,PyObject_SetAttr
124999.0,554998,python,python,dictiter_iternextvalue
124999.0,555009,python,python,dictiter_iternextvalue
124999.0,555046,python,python,deque_append
124999.0,554977,python,python,analyze_descriptor_load.constprop.0
124999.0,554998,python,python,method_dealloc
124999.0,555046,python,python,PyObject_GenericSetAttr
124999.0,555046,python,python,deque_append
124999.0,555009,python,python,_Py_Specialize_Call
124999.0,555035,python,python,PyNumber_Long
124999.0,555035,python,python,deque_append
