self,pid,command,shared_obj,symbol
741631233.0,563547,python,python,_PyEval_EvalFrameDefault
608345521.0,563613,python,python,_PyEval_EvalFrameDefault
586651500.0,563590,python,python,_PyEval_EvalFrameDefault
566993215.0,563579,python,python,_PyEval_EvalFrameDefault
566150107.0,563602,python,python,_PyEval_EvalFrameDefault
549282458.0,563554,python,python,_PyEval_EvalFrameDefault
255915753.0,563547,python,python,_PyFrame_ClearExceptCode
225164722.0,563613,python,python,_PyFrame_ClearExceptCode
224265790.0,563590,python,python,_PyFrame_ClearExceptCode
215296023.0,563579,python,python,_PyFrame_ClearExceptCode
211360864.0,563602,python,python,_PyFrame_ClearExceptCode
208472067.0,563613,python,python,initialize_locals
207597983.0,563554,python,python,_PyFrame_ClearExceptCode
205214893.0,563579,python,python,initialize_locals
196217409.0,563613,python,python,_PyEval_EvalFrameDefault
196128442.0,563602,python,python,_PyEval_EvalFrameDefault
191259711.0,563547,python,python,initialize_locals
191064219.0,563602,python,python,initialize_locals
189238440.0,563554,python,python,_PyTypeCache_Lookup
187768193.0,563547,python,python,_PyTypeCache_Lookup
184638570.0,563613,python,python,_PyTypeCache_Lookup
184305175.0,563579,python,python,_PyEval_EvalFrameDefault
182141443.0,563554,python,python,_PyEval_EvalFrameDefault
177705585.0,563590,python,python,initialize_locals
174612009.0,563554,python,python,initialize_locals
171125038.0,563568,python,python,_PyEval_EvalFrameDefault
169848057.0,563602,python,python,_PyTypeCache_Lookup
160772858.0,563590,python,python,_PyEval_EvalFrameDefault
158903898.0,563602,python,python,_PyEvalFramePushAndInit
156765252.0,563579,python,python,_PyTypeCache_Lookup
155097797.0,563590,python,python,_PyEvalFramePushAndInit
153164177.0,563590,python,python,_PyTypeCache_Lookup
149951380.0,563579,python,python,_PyObject_Free
149108656.0,563547,python,python,_PyEvalFramePushAndInit
147292315.0,563613,python,python,_PyObject_Free
143094439.0,563554,python,python,_PyObject_Free
141672535.0,563554,python,python,_PyEvalFramePushAndInit
141180263.0,563602,python,python,_PyEval_FrameClearAndPop
140882637.0,563547,python,python,_PyObject_Malloc
137891634.0,563547,python,python,_PyObject_Free
133926496.0,563547,python,python,_PyEval_FrameClearAndPop
132281018.0,563613,python,python,_PyEvalFramePushAndInit
130082941.0,563579,python,python,_PyEval_FrameClearAndPop
129347417.0,563590,python,python,_PyObject_Free
129260830.0,563579,python,python,_PyObject_Malloc
129220777.0,563602,python,python,_PyObject_Free
128358203.0,563590,python,python,_PyEval_FrameClearAndPop
127214273.0,563579,python,python,_PyEvalFramePushAndInit
117241113.0,563602,python,python,_PyObject_Malloc
113648613.0,563613,python,python,_PyObject_Malloc
112447609.0,563590,python,python,_PyObject_Malloc
112274950.0,563554,python,python,_PyObject_Malloc
106832025.0,563613,python,python,_PyEval_FrameClearAndPop
104096345.0,563547,python,python,_Py_Dealloc
103763889.0,563613,python,libc.so.6,__memset_avx2_unaligned_erms
100764230.0,563613,python,python,_Py_Dealloc
100491639.0,563554,python,python,_PyEval_FrameClearAndPop
98679673.0,563547,python,python,long_to_decimal_string_internal
93851485.0,563579,python,python,_Py_Dealloc
93836471.0,563602,python,python,_PyCompactLong_Subtract
93835252.0,563590,python,python,_PyCompactLong_Subtract
93765218.0,563602,python,python,_Py_Dealloc
93619233.0,563579,python,python,_PyEval_Vector
92760126.0,563579,python,python,_PyCompactLong_Subtract
90901417.0,563590,python,libc.so.6,__memset_avx2_unaligned_erms
89981583.0,563590,python,python,PyLong_FromString
89877919.0,563590,python,python,_Py_Dealloc
88823934.0,563554,python,python,PyLong_FromString
87944710.0,563547,python,python,_PyCompactLong_Subtract
87936746.0,563590,python,python,_PyEval_Vector
86767887.0,563602,python,python,_PyEval_Vector
86586588.0,563547,python,python,subtype_dealloc
84900401.0,563602,python,python,PyLong_FromString
84793675.0,563554,python,python,_Py_Dealloc
84650287.0,563547,python,python,_PyEval_Vector
83861089.0,563602,python,python,long_to_decimal_string_internal
83634250.0,563547,python,libc.so.6,__memset_avx2_unaligned_erms
82968581.0,563613,python,python,long_to_decimal_string_internal
82910608.0,563579,python,libc.so.6,__memset_avx2_unaligned_erms
82250263.0,563547,python,python,PyLong_FromString
81000336.0,563579,python,python,long_to_decimal_string_internal
80840065.0,563613,python,python,_PyEval_Vector
80035737.0,563602,python,python,_PyType_LookupStackRefAndVersion
79780971.0,563579,python,python,_PyType_LookupStackRefAndVersion
77982697.0,563613,python,python,PyLong_FromString
77980699.0,563547,python,python,_PyObject_GenericGetAttrWithDict
77073208.0,563590,python,python,_PyType_LookupStackRefAndVersion
75880249.0,563554,python,python,_PyType_LookupStackRefAndVersion
75015125.0,563579,python,python,_PyObject_GenericGetAttrWithDict
74068089.0,563590,python,python,long_to_decimal_string_internal
73940046.0,563554,python,python,long_to_decimal_string_internal
72753036.0,563554,python,libc.so.6,__memset_avx2_unaligned_erms
72018240.0,563554,python,python,_PyEval_Vector
71133451.0,563602,python,python,subtype_dealloc
71081670.0,563554,python,python,subtype_dealloc
70229649.0,563613,python,python,_PyObject_GenericGetAttrWithDict
69206258.0,563613,python,python,_PyCompactLong_Subtract
69120730.0,563602,python,libc.so.6,__memset_avx2_unaligned_erms
68917796.0,563547,python,python,_PyType_LookupStackRefAndVersion
68128821.0,563554,python,python,_PyObject_GenericGetAttrWithDict
68091955.0,563613,python,python,_PyType_LookupStackRefAndVersion
67944984.0,563547,python,python,_Py_BuiltinCallFastWithKeywords_StackRef
67853126.0,563602,python,python,_PyCompactLong_Add
67123826.0,563579,python,python,clear_slots
67056196.0,563554,python,python,_PyJIT_Entry
65243699.0,563602,python,python,_PyJIT_Entry
64083558.0,563590,python,python,_Py_CallBuiltinClass_StackRef
63296842.0,563613,python,python,clear_slots
63033169.0,563613,python,python,_PyJIT_Entry
62085423.0,563602,python,python,_PyObject_GenericGetAttrWithDict
61095589.0,563579,python,python,PyLong_FromString
60244976.0,563590,python,python,_PyCompactLong_Add
60164724.0,563579,python,python,_PyJIT_Entry
59237161.0,563590,python,python,_PyObject_GenericGetAttrWithDict
59224042.0,563547,python,python,PyObject_IsTrue
59039453.0,563579,python,python,subtype_dealloc
58276454.0,563613,python,python,subtype_dealloc
58260875.0,563547,python,python,_Py_CallBuiltinClass_StackRef
58217233.0,563590,python,python,subtype_dealloc
57329013.0,563602,python,python,_Py_dict_lookup
57266110.0,563613,python,python,_Py_BuiltinCallFastWithKeywords_StackRef
57255893.0,563554,python,python,_Py_CallBuiltinClass_StackRef
57086314.0,563554,python,python,_PyCompactLong_Subtract
56974861.0,563547,python,python,clear_slots
56931473.0,563590,python,python,_PyJIT_Entry
56307264.0,563547,python,python,_Py_dict_lookup
55346268.0,563579,python,python,_Py_CallBuiltinClass_StackRef
55320960.0,563602,python,python,clear_slots
55269471.0,563579,python,python,PyObject_GC_UnTrack
54361329.0,563590,python,python,PyObject_IsInstance
54273089.0,563590,python,python,clear_slots
54267172.0,563579,python,python,_Py_dict_lookup
53312492.0,563554,python,python,_Py_BuiltinCallFastWithKeywords_StackRef
53203579.0,563554,python,python,_PyCompactLong_Add
52364372.0,563547,python,python,_PyCompactLong_Add
52327721.0,563547,python,python,_PyThreadState_PopFrame
52290575.0,563547,python,python,_PyJIT_Entry
50980839.0,563554,python,python,_Py_dict_lookup
50467905.0,563590,python,python,_Py_VectorCall_StackRefSteal
50223055.0,563613,python,python,_Py_VectorCall_StackRefSteal
50132643.0,563554,python,python,PyObject_IsTrue
49247470.0,563579,python,python,_PyThreadState_PopFrame
48366706.0,563613,python,python,PyNumber_Long
48234882.0,563547,python,python,PyObject_GC_UnTrack
47441439.0,563579,python,python,_PyCompactLong_Add
47417612.0,563613,python,python,_Py_CallBuiltinClass_StackRef
46365965.0,563547,python,python,_PyThreadState_PushFrame
45503507.0,563613,python,python,_PyCompactLong_Add
45428388.0,563579,python,python,_Py_BuiltinCallFastWithKeywords_StackRef
45390445.0,563547,python,python,slot_nb_bool
45385877.0,563602,python,python,_Py_BuiltinCallFastWithKeywords_StackRef
45370898.0,563547,python,python,lookup_method_ex.constprop.0
44512076.0,563579,python,python,tuple_alloc
44453828.0,563613,python,python,PyObject_IsInstance
44452007.0,563602,python,python,_PyThreadState_PopFrame
44450293.0,563590,python,python,_PyThreadState_PopFrame
44434575.0,563554,python,python,slot_nb_bool
44394765.0,563602,python,python,_PyType_AllocNoTrack
44361717.0,563602,python,python,PyObject_Size
43448016.0,563547,python,libc.so.6,_int_malloc
43414492.0,563579,python,python,PyObject_IsTrue
43391610.0,563602,python,python,lookup_method_ex.constprop.0
43310697.0,563554,python,python,_PyFunction_Vectorcall
42466778.0,563579,python,python,_PyFunction_Vectorcall
42449833.0,563602,python,python,_Py_CallBuiltinClass_StackRef
42402096.0,563613,python,python,_PyType_AllocNoTrack
42211452.0,563547,python,python,_Py_VectorCall_StackRefSteal
41564165.0,563590,python,python,_PyFunction_Vectorcall
41500830.0,563590,python,python,_PyThreadState_PushFrame
41488326.0,563602,python,python,_Py_VectorCall_StackRefSteal
41445227.0,563579,python,python,_PyType_AllocNoTrack
40562577.0,563590,python,python,PyObject_IsTrue
40506395.0,563613,python,python,_PyThreadState_PopFrame
40473445.0,563602,python,python,_PyThreadState_PushFrame
40467696.0,563613,python,python,_Py_dict_lookup
40460611.0,563602,python,python,PyObject_IsInstance
40438948.0,563579,python,python,PyObject_IsInstance
40386793.0,563554,python,python,PyType_IsSubtype
40335613.0,563554,python,python,lookup_method_ex.constprop.0
39523070.0,563613,python,python,_PyFunction_Vectorcall
39504255.0,563579,python,python,_Py_VectorCall_StackRefSteal
39476144.0,563602,python,python,sre_ucs1_match
39438941.0,563554,python,python,clear_slots
39370843.0,563554,python,python,sre_ucs1_match
39347330.0,563547,python,python,PyObject_Size
39251779.0,563547,python,python,_PyType_AllocNoTrack
39206339.0,563554,python,python,PyObject_IsInstance
38606250.0,563613,python,python,PyType_GenericAlloc
38562027.0,563590,python,python,_Py_dict_lookup
38519211.0,563547,python,python,PyErr_CheckSignals
38510533.0,563554,python,python,tp_new_wrapper
38482932.0,563554,python,python,PyType_GenericAlloc
38476534.0,563554,python,python,_PyType_AllocNoTrack
38422084.0,563602,python,python,tuple_alloc
37549733.0,563613,python,python,PyLong_FromSsize_t
37506422.0,563590,python,python,tuple_alloc
37445434.0,563554,python,python,_PyThreadState_PushFrame
36607832.0,563613,python,python,PyObject_Vectorcall
36560075.0,563602,python,python,object_isinstance
36558682.0,563554,python,python,PyObject_Size
36555594.0,563579,python,python,_PyThreadState_PushFrame
36517362.0,563613,python,python,PyObject_GetOptionalAttr
36502925.0,563602,python,python,slot_nb_bool
35604250.0,563590,python,python,PyNumber_Long
35593239.0,563613,python,libc.so.6,_int_malloc
35527327.0,563613,python,python,lookup_method_ex.constprop.0
35514501.0,563602,python,python,PyObject_IsTrue
35506678.0,563613,python,python,tp_new_wrapper
35498149.0,563590,python,python,_Py_BuiltinCallFastWithKeywords_StackRef
35358509.0,563590,python,libc.so.6,__memcmp_avx2_movbe
34629256.0,563579,python,python,object_isinstance
34595674.0,563590,python,python,sre_ucs1_match
34581133.0,563613,python,python,tuple_dealloc
34498880.0,563613,python,python,tuple_alloc
33633934.0,563547,python,python,_PyFunction_Vectorcall
33597494.0,563613,python,python,object_isinstance
33590090.0,563590,python,python,PyLong_FromSsize_t
33519828.0,563613,python,python,PyObject_GC_UnTrack
33518681.0,563547,python,libc.so.6,__memcmp_avx2_movbe
33310056.0,563613,python,python,min_max
32597005.0,563579,python,libc.so.6,_int_malloc
32572131.0,563554,python,python,PyObject_GC_UnTrack
32571575.0,563547,python,python,PyNumber_Long
32563372.0,563547,python,python,tuple_alloc
32512315.0,563554,python,python,_PyThreadState_PopFrame
32474814.0,563547,python,python,sre_ucs1_match
31648320.0,563613,python,libc.so.6,__memcmp_avx2_movbe
31631576.0,563547,python,python,PyType_IsSubtype
31625010.0,563579,python,python,slot_nb_bool
31610517.0,563547,python,python,tuple_dealloc
31573389.0,563590,python,python,PyObject_GC_UnTrack
31569841.0,563590,python,python,PyType_GenericAlloc
31459780.0,563613,python,python,PyType_IsSubtype
31301054.0,563547,python,python,PyObject_GetOptionalAttr
30652526.0,563579,python,python,PyObject_Size
30650122.0,563590,python,python,_sre_SRE_Pattern_prefixmatch
30629226.0,563602,python,python,PyObject_Vectorcall
30626751.0,563590,python,python,PyObject_Size
30615452.0,563590,python,python,lookup_method_ex.constprop.0
30587626.0,563579,python,python,min_max
30587571.0,563590,python,python,_PyUnicode_Equal
30572086.0,563547,python,python,PyTuple_FromArray.part.0
30571205.0,563554,python,libc.so.6,__memcmp_avx2_movbe
30506661.0,563602,python,python,_PyFrame_ClearExceptCode
30210632.0,563613,python,python,slot_nb_bool
29667937.0,563602,python,python,tp_new_wrapper
29649058.0,563602,python,python,PyLong_FromSsize_t
29635177.0,563590,python,python,slot_nb_bool
29627467.0,563579,python,python,PyType_GenericAlloc
29615431.0,563590,python,python,_PyType_AllocNoTrack
29610766.0,563579,python,python,PyNumber_Long
29581478.0,563602,python,python,PyNumber_Long
29572709.0,563602,python,python,_PyObject_MakeTpCall
28704077.0,563554,python,python,PyNumber_Long
28682176.0,563613,python,python,PyObject_Size
28680365.0,563613,python,python,_PyThreadState_PushFrame
28644165.0,563579,python,python,PyErr_CheckSignals
28622006.0,563602,python,python,_PyFunction_Vectorcall
28613472.0,563554,python,python,PyErr_CheckSignals
28606831.0,563613,python,python,PyErr_CheckSignals
28593950.0,563554,python,python,_Py_VectorCall_StackRefSteal
28586285.0,563590,python,python,_PyObject_GetAttrStackRef
28555778.0,563602,python,python,_sre_SRE_Pattern_prefixmatch
27686370.0,563590,python,python,object_isinstance
27685793.0,563579,python,python,PyType_IsSubtype
27674485.0,563613,python,python,PyObject_IsTrue
27665900.0,563554,python,python,_PyObject_GetAttrStackRef
27630110.0,563554,python,python,PyLong_FromSsize_t
27621129.0,563547,python,python,unicodekeys_lookup_unicode
27584351.0,563554,python,python,_sre_SRE_Pattern_prefixmatch
27484740.0,563590,python,python,_PyFrame_ClearExceptCode
26707629.0,563590,python,python,PyType_IsSubtype
26695244.0,563602,python,python,PyObject_GC_UnTrack
26693244.0,563590,python,python,PyTuple_FromArray.part.0
26689843.0,563579,python,python,_PyObject_MakeTpCall
26686373.0,563579,python,python,PyObject_GetOptionalAttr
26679790.0,563590,python,python,tp_new_wrapper
26678592.0,563613,python,python,_PyFrame_ClearExceptCode
26663717.0,563613,python,python,sre_ucs1_match
26655121.0,563579,python,python,_Py_NewReference
26650439.0,563613,python,python,_PyObject_Calloc
26644489.0,563579,python,python,PyUnicode_AsUTF8AndSize
26635021.0,563579,python,python,_sre_SRE_Pattern_prefixmatch
26606967.0,563590,python,python,_PyObject_MakeTpCall
26584699.0,563554,python,python,PyObject_CallOneArg
26549088.0,563613,python,python,_PyCallMethodDescriptorFast_StackRef
26530689.0,563590,python,python,_PyCallMethodDescriptorFast_StackRef
26524961.0,563547,python,python,PyObject_Vectorcall
26503743.0,563547,python,python,PyObject_IsInstance
26413724.0,563547,python,python,_PyObject_MakeTpCall
25757869.0,563579,python,python,sre_ucs1_match
25725854.0,563590,python,python,PyUnicode_Concat
25708578.0,563602,python,python,tuple_dealloc
25698761.0,563613,python,python,_PyUnicode_Equal
25698083.0,563590,python,python,_Py_type_getattro_stackref
25681152.0,563613,python,python,_PyObject_MakeTpCall
25670767.0,563579,python,python,_PyRunRemoteDebugger
25664943.0,563602,python,python,PyUnicode_AsUTF8AndSize
25658847.0,563579,python,python,_PyObject_GetAttrStackRef
25654567.0,563547,python,python,PyLong_FromSsize_t
25650871.0,563547,python,python,_Py_type_getattro_stackref
25650647.0,563547,python,python,min_max
25639087.0,563554,python,python,object_isinstance
25634208.0,563547,python,python,_PyCallMethodDescriptorFast_StackRef
25604788.0,563554,python,python,tuple_dealloc
25602412.0,563579,python,python,PyLong_FromSsize_t
25585265.0,563590,python,python,PyObject_Str
25575668.0,563554,python,python,_PyCallMethodDescriptorFast_StackRef
25318294.0,563547,python,python,_PyRunRemoteDebugger
24702023.0,563602,python,python,PyObject_GetOptionalAttr
24693903.0,563602,python,python,PyObject_Str
24683447.0,563554,python,python,long_dealloc
24645864.0,563579,python,libc.so.6,__memcmp_avx2_movbe
24558543.0,563579,python,python,maybe_small_long
24477423.0,563579,python,python,PyTuple_FromArray.part.0
24460890.0,563547,python,python,_sre_SRE_Pattern_prefixmatch
23738424.0,563602,python,python,PyErr_CheckSignals
23736191.0,563590,python,python,_PyRunRemoteDebugger
23730626.0,563613,python,python,long_pow
23730142.0,563613,python,python,_Py_NewReference
23726449.0,563579,python,python,PyUnicode_Concat
23721672.0,563554,python,python,PyObject_Vectorcall
23707126.0,563602,python,python,PyType_GenericAlloc
23703093.0,563579,python,python,lookup_method_ex.constprop.0
23696767.0,563547,python,python,_PyUnicode_Equal
23680781.0,563602,python,python,PyType_IsSubtype
23679570.0,563602,python,python,_PyUnicode_Equal
23678367.0,563547,python,python,PyObject_CallOneArg
23649003.0,563554,python,python,_PyObject_MakeTpCall
23646481.0,563602,python,python,_Py_type_getattro_stackref
23404233.0,563568,python,python,_PyTypeCache_Lookup
23097197.0,563547,python,python,PyType_GenericAlloc
22760846.0,563547,python,python,_Py_NewReference
22760704.0,563613,python,python,_sre_SRE_Pattern_prefixmatch
22753297.0,563590,python,python,PyObject_GetOptionalAttr
22740221.0,563602,python,python,min_max
22739970.0,563613,python,python,PyUnicode_AsUTF8AndSize
22718559.0,563554,python,python,PyTuple_FromArray.part.0
22701465.0,563579,python,python,tp_new_wrapper
22671937.0,563590,python,python,PyObject_Vectorcall
22671126.0,563554,python,python,min_max
22618062.0,563554,python,python,slot_tp_richcompare
22606669.0,563554,python,python,_PyStaticType_GetState
22285754.0,563602,python,python,long_dealloc
21740293.0,563579,python,python,long_dealloc
21727222.0,563613,python,python,PyList_New
21726542.0,563613,python,python,PyTuple_FromArray.part.0
21725442.0,563547,python,python,_PyObject_GetAttrStackRef
21722120.0,563547,python,python,builtin_print
21701588.0,563602,python,python,PyTuple_FromArray.part.0
21694741.0,563579,python,python,_PyCallMethodDescriptorFast_StackRef
21674876.0,563579,python,python,PyObject_Str
21664538.0,563554,python,python,_Py_NewReference
21655639.0,563554,python,python,_PyUnicode_Equal
21531455.0,563547,python,python,PyObject_Str
21474772.0,563579,python,python,initialize_locals
21471606.0,563547,python,python,PyUnicode_Concat
20803070.0,563602,python,python,_PyTypeCache_Lookup
20772231.0,563613,python,python,PyObject_Call
20764635.0,563613,python,python,long_dealloc
20764124.0,563579,python,python,_PyArg_UnpackKeywords
20745237.0,563590,python,python,min_max
20732416.0,563547,python,libc.so.6,__strlen_avx2
20726460.0,563602,python,python,PyObject_CallOneArg
20726281.0,563554,python,python,_PyObject_Free
20724515.0,563579,python,python,_PyTypeCache_Lookup
20690399.0,563554,python,python,_PyTypeCache_Lookup
20690123.0,563579,python,python,_PyUnicode_Equal
20682446.0,563554,python,python,tuple_alloc
20681849.0,563554,python,python,long_pow
20647398.0,563554,python,python,_Py_type_getattro_stackref
20499206.0,563613,python,python,initialize_locals
20368148.0,563547,python,python,_PyUnicode_Repeat
19789220.0,563613,python,python,slot_tp_richcompare
19777899.0,563602,python,libc.so.6,__memcmp_avx2_movbe
19774845.0,563554,python,python,maybe_small_long
19759414.0,563590,python,python,PyObject_GC_Del
19755825.0,563590,python,python,PyUnicode_AsUTF8AndSize
19753113.0,563602,python,libc.so.6,_int_malloc
19748224.0,563602,python,python,initialize_locals
19743230.0,563547,python,python,object_isinstance
19741824.0,563590,python,python,_Py_NewReference
19741304.0,563590,python,python,PyObject_RichCompareBool
19739178.0,563590,python,python,PySequence_Contains
19723670.0,563590,python,libc.so.6,_int_malloc
19693382.0,563590,python,python,PyMethod_New
19638813.0,563554,python,python,dict_get
19597065.0,563547,python,python,long_pow
18797852.0,563590,python,python,PyObject_Call
18797523.0,563602,python,python,_PyCallMethodDescriptorFast_StackRef
18795278.0,563613,python,python,_Py_type_getattro_stackref
18792845.0,563613,python,python,PyObject_CallOneArg
18789777.0,563613,python,python,_PyUnicode_ExactDealloc
18788313.0,563579,python,python,PyObject_CallOneArg
18780620.0,563554,python,libc.so.6,malloc
18775823.0,563590,python,python,PyThread_get_thread_ident
18773451.0,563554,python,python,PyUnicode_AsUTF8AndSize
18771099.0,563613,python,python,PyLong_FromUnicodeObject
18770273.0,563590,python,python,_PyTypeCache_Lookup
18762888.0,563613,python,python,PyObject_GC_Del
18760358.0,563602,python,python,unicodekeys_lookup_unicode
18757909.0,563547,python,python,_PyMember_GetOffset
18726392.0,563602,python,python,_PyUnicode_Repeat
18722819.0,563554,python,python,PyList_New
18722632.0,563554,python,libc.so.6,_int_malloc
18718226.0,563602,python,python,_PyArg_UnpackKeywords
18680544.0,563554,python,python,PyObject_GetOptionalAttr
18678537.0,563579,python,python,_PyFrame_ClearExceptCode
18495934.0,563547,python,python,tp_new_wrapper
18348231.0,563579,python,python,_PyDict_Subscript
18196557.0,563613,python,python,_PyObject_Free
17815597.0,563579,python,python,tuple_dealloc
17800962.0,563590,python,python,PyObject_RichCompare
17789161.0,563590,python,python,_PyStaticType_GetState
17787531.0,563590,python,python,getset_get
17780855.0,563590,python,python,_PyDict_Subscript
17779839.0,563547,python,python,PyUnicode_AsUTF8AndSize
17773573.0,563547,python,python,long_richcompare
17772559.0,563547,python,python,long_dealloc
17770776.0,563547,python,python,long_vectorcall
17767433.0,563602,python,python,_Py_NewReference
17766484.0,563547,python,python,_PyEval_UnpackIndices
17758566.0,563547,python,python,PyList_New
17756212.0,563590,python,python,PyObject_CallOneArg
17740099.0,563579,python,python,_Py_type_getattro_stackref
17704551.0,563568,python,python,_PyEvalFramePushAndInit
17696444.0,563554,python,python,_PyFrame_ClearExceptCode
17656691.0,563547,python,python,PyUnicode_New
17649676.0,563554,python,python,initialize_locals
17644774.0,563547,python,python,_PyArg_UnpackKeywords
17260068.0,563568,python,python,_PyObject_Malloc
16818597.0,563590,python,python,slot_tp_richcompare
16817276.0,563613,python,python,PyObject_Str
16808801.0,563579,python,python,PyObject_Vectorcall
16808177.0,563602,python,python,PyThread_get_thread_ident
16805534.0,563554,python,python,PyObject_Str
16804338.0,563590,python,python,_PyUnicode_ExactDealloc
16802316.0,563579,python,libc.so.6,__strlen_avx2
16794592.0,563613,python,python,_PyRunRemoteDebugger
16793909.0,563547,python,python,maybe_small_long
16787752.0,563579,python,python,PySlice_AdjustIndices
16775140.0,563602,python,python,long_pow
16768028.0,563602,python,python,PyUnicode_Concat
16763489.0,563602,python,python,PyList_New
16763178.0,563579,python,python,_PyEval_UnpackIndices
16755300.0,563590,python,python,_PyObject_Free
16753084.0,563590,python,python,initialize_locals
16748815.0,563590,python,python,_PyEvalFramePushAndInit
16742110.0,563554,python,python,PyUnicode_New
16671856.0,563547,python,python,_Py_CheckFunctionResult
16662173.0,563547,python,python,PyMem_Calloc
16637143.0,563547,python,python,dict_get
16558323.0,563547,python,python,PyObject_RichCompare
16511406.0,563547,python,python,PyObject_Call
15831632.0,563579,python,python,slot_tp_richcompare
15830328.0,563590,python,python,_PyArg_UnpackKeywords
15828996.0,563613,python,python,_PyStaticType_GetState
15824238.0,563613,python,python,PyUnicode_Concat
15819905.0,563613,python,python,type_call
15819752.0,563590,python,libc.so.6,__strlen_avx2
15818754.0,563579,python,python,long_pow
15812340.0,563602,python,python,getset_get
15805693.0,563590,python,python,_PyObject_GC_Link
15799329.0,563590,python,python,PyList_New
15795368.0,563590,python,python,PyLong_FromUnicodeObject
15793884.0,563554,python,python,_PyMember_GetOffset
15757014.0,563602,python,python,_copy_characters.constprop.0.isra.0
15755408.0,563547,python,python,slot_tp_richcompare
15755114.0,563547,python,python,PyLong_FromUnicodeObject
15752845.0,563554,python,python,_PyEvalFramePushAndInit
15735605.0,563602,python,python,_PyNumber_PowerNoMod
15719347.0,563579,python,python,_PyObject_Malloc
15690888.0,563554,python,python,vectorcall_maybe
15648306.0,563554,python,libc.so.6,__strlen_avx2
15645922.0,563613,python,python,PyObject_RichCompareBool
15553573.0,563568,python,python,initialize_locals
14852763.0,563613,python,libc.so.6,__memmove_avx_unaligned_erms
14849712.0,563613,python,python,_PyDict_Subscript
14846146.0,563613,python,python,_PyErr_CheckSignalsTstate
14843340.0,563547,python,python,vectorcall_maybe
14831454.0,563547,python,python,_contextvars_ContextVar_get
14829989.0,563590,python,python,_PyObject_VectorcallPrepend
14829529.0,563579,python,python,_PyUnicode_ExactDealloc
14827323.0,563613,python,python,_PyList_FromStackRefStealOnSuccess
14823694.0,563602,python,python,maybe_small_long
14822217.0,563602,python,python,_PyDict_Subscript
14821031.0,563547,python,python,_PyErr_CheckSignalsTstate
14818678.0,563579,python,python,long_alloc
14815329.0,563579,python,python,PyObject_RichCompare
14814104.0,563554,python,python,_PyObject_Calloc
14811636.0,563613,python,python,_PyObject_Malloc
14804637.0,563547,python,python,object_new
14803249.0,563579,python,python,_PyNumber_PowerNoMod
14801712.0,563554,python,[JIT],0x000078c4e82da000
14799679.0,563579,python,python,PyObject_Hash
14798376.0,563602,python,python,object_new
14796811.0,563579,python,python,long_richcompare
14775376.0,563568,python,python,_PyFrame_ClearExceptCode
14774411.0,563547,python,python,getset_get
14756151.0,563613,python,python,method_dealloc
14745014.0,563554,python,python,_PyErr_CheckSignalsTstate
14689711.0,563590,python,python,_PyObject_Malloc
13866113.0,563590,python,python,long_pow
13857920.0,563579,python,libc.so.6,unlink_chunk.isra.0
13855037.0,563602,python,python,PyObject_GC_Del
13850774.0,563613,python,python,_contextvars_ContextVar_get
13849805.0,563602,python,python,PyLong_FromUnicodeObject
13849724.0,563602,python,python,type_call
13848712.0,563613,python,python,_PyUnicodeWriter_WriteStr
13848173.0,563547,python,python,_PyNumber_PowerNoMod
13846463.0,563590,python,python,long_vectorcall
13843722.0,563613,python,python,long_richcompare
13839533.0,563547,python,python,PyMethod_New
13835687.0,563602,python,python,_PyRunRemoteDebugger
13834566.0,563613,python,python,PyThread_get_thread_ident
13828775.0,563554,python,python,PyUnicode_Concat
13820694.0,563554,python,python,_Py_CheckFunctionResult
13819292.0,563590,python,python,slot_tp_new
13816068.0,563602,python,python,_PyObject_Calloc
13814803.0,563613,python,python,_PyObject_GetAttrStackRef
13812733.0,563590,python,python,builtin_print
13804804.0,563554,python,python,_PyTuple_FromStackRefStealOnSuccess
13800619.0,563547,python,python,slot_tp_new
13782269.0,563554,python,python,long_alloc
13781395.0,563602,python,python,_PyEval_FrameClearAndPop
13779537.0,563579,python,python,_PyStaticType_GetState
13765782.0,563602,python,python,_PyObject_Free
13739605.0,563613,python,python,_PyCompactLong_Multiply
13739019.0,563547,python,python,long_alloc
13720446.0,563554,python,python,_PyDict_Subscript
13704630.0,563579,python,python,PySequence_Contains
13675524.0,563613,python,python,maybe_small_long
13630285.0,563579,python,python,PyObject_Call
13513291.0,563579,python,python,_PyLong_ExactDealloc
12876568.0,563613,python,python,PySequence_Contains
12869396.0,563579,python,python,_PyTuple_FromStackRefStealOnSuccess
12866418.0,563602,python,python,_Py_CheckFunctionResult
12865864.0,563590,python,python,_PyNumber_PowerNoMod
12863894.0,563554,python,python,_PyArg_UnpackKeywords
12863886.0,563579,python,python,type_call
12861736.0,563613,python,python,_PyMember_GetOffset
12861489.0,563590,python,python,_PyErr_CheckSignalsTstate
12855630.0,563590,python,python,PyNumber_InPlaceAdd
12855157.0,563602,python,libc.so.6,cfree@GLIBC_2.2.5
12845996.0,563613,python,python,long_vectorcall
12844993.0,563613,python,python,dict_get
12837743.0,563590,python,python,_list_extend
12835874.0,563602,python,python,method_dealloc
12833282.0,563579,python,python,vectorcall_maybe
12832251.0,563547,python,python,_PyObject_Calloc
12831636.0,563554,python,[JIT],0x000078c4e82db1e4
12831176.0,563547,python,python,_PyStaticType_GetState
12828955.0,563554,python,python,_contextvars_ContextVar_get
12823268.0,563590,python,python,vectorcall_maybe
12821782.0,563554,python,python,_PyNumber_PowerNoMod
12820809.0,563579,python,python,_PyEval_SliceIndexNotNone
12817891.0,563554,python,python,PyObject_Call
12816131.0,563554,python,python,long_vectorcall
12816110.0,563590,python,python,PyUnicode_New
12813956.0,563590,python,python,tuple_dealloc
12812229.0,563579,python,python,PyObject_GC_Del
12811851.0,563602,python,python,_PyObject_GetAttrStackRef
12809175.0,563590,python,python,_PyUnicode_Repeat
12803356.0,563579,python,python,_PyDict_SetItem_Take2
12795855.0,563554,python,python,PyObject_GC_Del
12791731.0,563602,python,python,slot_tp_richcompare
12778952.0,563613,python,python,long_alloc
12722281.0,563602,python,python,PyUnicode_Contains
12721529.0,563547,python,python,PyUnicode_Contains
12710492.0,563613,python,python,unicodekeys_lookup_unicode
11885705.0,563590,python,python,PyObject_Hash
11882740.0,563613,python,python,_PyObject_GC_Link
11880246.0,563590,python,python,long_richcompare
11879158.0,563590,python,python,maybe_small_long
11874784.0,563554,python,python,PyObject_Malloc
11873517.0,563579,python,python,_PyObject_Calloc
11872498.0,563613,python,python,_PyNumber_PowerNoMod
11870204.0,563613,python,python,_PyArg_UnpackKeywords
11866636.0,563613,python,python,_PyUnicode_Repeat
11865865.0,563590,python,python,dict_get
11862671.0,563579,python,[JIT],0x000070d052c891e4
11856783.0,563602,python,python,slot_tp_new
11854138.0,563554,python,python,PyObject_RichCompare
11853872.0,563590,python,python,PyObject_Free
11853428.0,563590,python,python,_PyTuple_FromArraySteal
11852697.0,563547,python,libc.so.6,__memmove_avx_unaligned_erms
11852648.0,563579,python,python,_Py_CheckFunctionResult
11852268.0,563613,python,python,getset_get
11851595.0,563590,python,python,long_dealloc
11850936.0,563547,python,python,_list_extend
11850156.0,563590,python,python,PyErr_CheckSignals
11848508.0,563602,python,python,PyObject_Malloc
11848343.0,563568,python,python,_Py_Dealloc
11846401.0,563579,python,python,unicodekeys_lookup_unicode
11842865.0,563613,python,python,BaseException_init
11841882.0,563602,python,python,_PyObject_VectorcallDictTstate
11841244.0,563590,python,libc.so.6,__memmove_avx_unaligned_erms
11840123.0,563579,python,python,_copy_characters.constprop.0.isra.0
11839153.0,563579,python,_struct.cpython-316-x86_64-linux-gnu.so,s_unpack_internal
11837706.0,563602,python,python,_PyTuple_FromArraySteal
11834827.0,563602,python,python,PyObject_RichCompare
11825738.0,563579,python,python,long_vectorcall
11825726.0,563554,python,python,unicodekeys_lookup_unicode
11819133.0,563613,python,python,_PyEval_FrameClearAndPop
11814688.0,563547,python,[JIT],0x000076033d0ec000
11810805.0,563602,python,python,PyObject_Call
11810776.0,563579,python,python,object_new
11809190.0,563590,python,python,_PyObject_VectorcallDictTstate
11807580.0,563590,python,[JIT],0x0000780cec5491e4
11806975.0,563568,python,python,_PyObject_Free
11806866.0,563579,python,python,PyUnicode_Contains
11801296.0,563554,python,python,type_call
11781306.0,563613,python,python,_PyEvalFramePushAndInit
11780820.0,563579,python,python,PyList_New
11778354.0,563547,python,python,_PyDict_Subscript
11778058.0,563554,python,python,PyObject_RichCompareBool
11748995.0,563590,python,python,_PyEval_FrameClearAndPop
11732858.0,563579,python,python,str_int_multiply
10886153.0,563590,python,python,_PyTuple_FromStackRefStealOnSuccess
10884483.0,563613,python,libc.so.6,_int_free
10883825.0,563613,python,libc.so.6,__strlen_avx2
10883578.0,563547,python,python,sre_ucs1_count
10883164.0,563602,python,python,long_richcompare
10882452.0,563579,python,libc.so.6,__memmove_avx_unaligned_erms
10881926.0,563613,python,python,list_dealloc
10880939.0,563547,python,python,PyNumber_Multiply
10879858.0,563590,python,python,_copy_characters.constprop.0.isra.0
10878780.0,563579,python,python,_PyErr_CheckSignalsTstate
10878339.0,563613,python,python,_PyTuple_FromStackRefStealOnSuccess
10877946.0,563590,python,python,_contextvars_ContextVar_get
10874878.0,563547,python,python,type_call
10874547.0,563579,python,python,_PyMember_GetOffset
10873772.0,563613,python,python,PyObject_RichCompare
10872220.0,563590,python,python,_PyEval_UnpackIndices
10869860.0,563590,python,python,PyDict_GetItemRef
10869628.0,563590,python,python,unicode_dealloc
10869508.0,563547,python,python,_PyObject_GC_Link
10868537.0,563590,python,python,PyObject_IsTrue
10867099.0,563590,python,python,object_new
10861073.0,563547,python,python,_copy_characters.constprop.0.isra.0
10859731.0,563554,python,python,_PyDict_SetItem_Take2
10856187.0,563579,python,python,_PyEvalFramePushAndInit
10855982.0,563590,python,python,object_richcompare
10852648.0,563590,python,python,PyMem_Calloc
10851224.0,563602,python,python,long_vectorcall
10850408.0,563568,python,python,long_to_decimal_string_internal
10845068.0,563579,python,python,PyLong_FromString
10843729.0,563547,python,python,PyObject_GC_Del
10842138.0,563602,python,python,_PyTuple_FromStackRefStealOnSuccess
10842030.0,563579,python,python,PyUnicode_New.part.0
10837470.0,563554,python,python,PySequence_Contains
10828794.0,563602,python,python,_PyObject_Malloc
10815964.0,563554,python,python,_PyCompactLong_Subtract
10808189.0,563602,python,python,PyUnicode_New
10796359.0,563554,python,python,_PyObject_Call_Prepend
10772866.0,563602,python,python,_PyObject_VectorcallPrepend
10664340.0,563547,python,python,PySequence_Contains
10602509.0,563579,python,python,subtype_dealloc
10602056.0,563554,python,python,_PyEval_FrameClearAndPop
9903292.0,563613,python,python,PyMem_Calloc
9902484.0,563554,python,python,long_richcompare
9900141.0,563602,python,python,_PyCompactLong_Multiply
9898643.0,563554,python,libc.so.6,cfree@GLIBC_2.2.5
9897454.0,563602,python,python,long_alloc
9895982.0,563613,python,python,PyDict_GetItemRef
9895368.0,563602,python,python,_contextvars_ContextVar_get
9894963.0,563590,python,python,wrapperdescr_call
9891881.0,563590,python,python,type_call
9891554.0,563613,python,python,_PyTuple_FromArraySteal
9891208.0,563590,python,python,PyCMethod_New
9891092.0,563554,python,python,unicode_dealloc
9890647.0,563590,python,python,_PyEval_Vector
9890089.0,563613,python,python,_PyJIT_Entry
9888815.0,563602,python,python,_PyUnicode_ExactDealloc
9888621.0,563590,python,python,PySlice_AdjustIndices
9888210.0,563613,python,python,PyObject_GetAttr
9888096.0,563602,python,python,cfunction_vectorcall_FASTCALL_KEYWORDS_METHOD
9886767.0,563579,python,python,_PyUnicodeWriter_WriteStr
9886494.0,563613,python,python,_PyEval_UnpackIndices
9886374.0,563602,python,python,_PyMember_GetOffset
9886313.0,563547,python,python,_PyTuple_FromArraySteal
9886045.0,563579,python,python,dict_get
9885831.0,563554,python,python,_PyEval_UnpackIndices
9885436.0,563602,python,python,builtin_print
9883606.0,563590,python,python,_Py_BuiltinCallFast_StackRef
9881477.0,563590,python,python,_PyObject_Calloc
9880294.0,563554,python,python,PyObject_ClearWeakRefs
9879088.0,563613,python,python,PyTuple_New
9878671.0,563602,python,python,PyNumber_InPlaceAdd
9877678.0,563590,python,python,PyUnicode_Contains
9873197.0,563579,python,python,_PyTuple_FromArraySteal
9868902.0,563590,python,python,list_dealloc
9867795.0,563554,python,python,_PyTuple_FromArraySteal
9867017.0,563590,python,python,_Py_Dealloc
9866749.0,563547,python,python,PySlice_AdjustIndices
9865083.0,563613,python,python,object_new
9862614.0,563547,python,python,PyThread_get_thread_ident
9860536.0,563547,python,python,_PyDict_SetItem_Take2
9859636.0,563590,python,[JIT],0x0000780ceca41133
9856968.0,563602,python,python,_PyObject_Call_Prepend
9856696.0,563590,python,python,_PyMember_GetOffset
9855374.0,563554,python,python,object_richcompare
9852702.0,563554,python,python,getset_get
9851460.0,563579,python,python,PyNumber_InPlaceAdd
9848376.0,563579,python,python,_PyObject_Free
9848161.0,563602,python,libc.so.6,__memmove_avx_unaligned_erms
9847421.0,563547,python,python,_PyTuple_FromStackRefStealOnSuccess
9846104.0,563547,python,[JIT],0x000076033d0ed1e4
9845540.0,563554,python,python,_PyRunRemoteDebugger
9844961.0,563613,python,python,PyMethod_New
9843165.0,563554,python,python,_PyUnicode_Repeat
9840309.0,563602,python,_struct.cpython-316-x86_64-linux-gnu.so,cache_struct_converter.constprop.0
9839231.0,563579,python,python,PyObject_RichCompareBool
9838332.0,563554,python,python,PyUnicode_New.part.0
9834889.0,563554,python,_struct.cpython-316-x86_64-linux-gnu.so,s_unpack_internal
9832975.0,563590,python,_struct.cpython-316-x86_64-linux-gnu.so,s_unpack_internal
9823027.0,563554,python,python,PyThread_get_thread_ident
9821575.0,563554,python,python,pattern_new_match
9819917.0,563590,python,python,long_alloc
9817502.0,563554,python,python,_copy_characters.constprop.0.isra.0
9815404.0,563602,python,python,_PyEvalFramePushAndInit
9813241.0,563568,python,python,_PyEval_Vector
9802560.0,563568,python,python,_PyEval_FrameClearAndPop
9802291.0,563602,python,python,unicode_dealloc
9779902.0,563547,python,libc.so.6,_int_free_merge_chunk
9751058.0,563554,python,python,object_new
9734136.0,563547,python,python,PyNumber_InPlaceAdd
9221147.0,563613,python,python,list_extend_lock_held
9086371.0,563613,python,python,PyLong_FromString
9061134.0,563602,python,python,PyLong_FromString
8911706.0,563579,python,python,_PyObject_Call_Prepend
8908630.0,563554,python,python,builtin_print
8907749.0,563602,python,python,PyObject_RichCompareBool
8907350.0,563579,python,python,PyMethod_New
8907259.0,563554,python,python,PyDict_GetItemRef
8906725.0,563554,python,python,_PyObject_GC_Link
8905752.0,563613,python,python,PyUnicode_New.part.0
8905448.0,563602,python,libc.so.6,_int_free_merge_chunk
8904587.0,563613,python,python,slot_tp_new
8903375.0,563554,python,python,PyNumber_InPlaceAdd
8903202.0,563613,python,python,bytes_richcompare
8901868.0,563547,python,_struct.cpython-316-x86_64-linux-gnu.so,cache_struct_converter.constprop.0
8900318.0,563579,python,python,method_dealloc
8899227.0,563554,python,python,_PyLong_FromMedium
8898453.0,563579,python,python,PyLong_FromUnicodeObject
8896408.0,563554,python,python,list_dealloc
8895625.0,563547,python,python,_PyUnicodeWriter_WriteStr
8892315.0,563568,python,python,PyLong_FromString
8888764.0,563590,python,python,_PyList_FromStackRefStealOnSuccess
8887900.0,563554,python,python,_PyUnicode_ExactDealloc
8887374.0,563613,python,python,cfunction_vectorcall_FASTCALL_KEYWORDS_METHOD
8887260.0,563554,python,python,PyUnicode_RichCompare
8887249.0,563613,python,python,_Py_CheckFunctionResult
8885725.0,563554,python,[JIT],0x000078c4e7c31a53
8885696.0,563590,python,python,PyObject_Malloc
8885005.0,563579,python,python,_PyObject_GC_Link
8884542.0,563579,python,python,slot_tp_new
8883765.0,563602,python,python,dict_get
8883414.0,563579,python,libc.so.6,malloc
8879714.0,563579,python,python,_PyThreadState_PushFrame
8879001.0,563602,python,python,vectorcall_maybe
8876474.0,563579,python,libc.so.6,__memset_avx2_unaligned_erms
8873832.0,563547,python,python,_PyUnicode_BinarySlice
8868604.0,563579,python,python,_PyObject_VectorcallDictTstate
8867903.0,563579,python,python,_list_extend
8867669.0,563613,python,python,long_to_decimal_string_internal
8865097.0,563613,python,python,str_int_multiply
8860564.0,563579,python,python,_PyUnicode_Repeat
8858684.0,563602,python,python,long_to_decimal_string_internal
8857703.0,563579,python,python,PyMem_Calloc
8854566.0,563590,python,python,_PyCompactLong_Subtract
8853771.0,563554,python,python,binary_op1
8852424.0,563579,python,python,_Py_Dealloc
8849461.0,563579,python,python,_PyCompactLong_Multiply
8840669.0,563613,python,[JIT],0x00007764070141e4
8831811.0,563602,python,libc.so.6,__memset_avx2_unaligned_erms
8819784.0,563602,python,python,PyMem_Calloc
8819556.0,563554,python,python,_PyObject_Malloc
8803043.0,563602,python,libc.so.6,__strlen_avx2
8733036.0,563613,python,python,_PyCompactLong_Subtract
8032313.0,563613,python,python,_PyTypeCache_Lookup
7924866.0,563613,python,python,PySlice_AdjustIndices
7923760.0,563590,python,[JIT],0x0000780ceb8a617b
7922571.0,563613,python,python,compactlongs_xor
7919181.0,563579,python,libc.so.6,cfree@GLIBC_2.2.5
7919057.0,563554,python,python,PyObject_Hash
7919047.0,563602,python,python,_PyEval_SliceIndexNotNone
7918625.0,563613,python,[JIT],0x000077640688700a
7918502.0,563590,python,python,PyNumber_Add
7917790.0,563568,python,python,_PyThreadState_PushFrame
7917009.0,563590,python,python,pattern_new_match
7916190.0,563602,python,python,_PyStaticType_GetState
7915936.0,563579,python,python,getset_get
7914756.0,563554,python,python,PySequence_Fast
7912518.0,563547,python,python,_PyType_GetDict
7910399.0,563590,python,python,_Py_CheckFunctionResult
7909977.0,563590,python,python,_PyObject_Call_Prepend
7909935.0,563547,python,python,PyLong_AsSsize_t
7909641.0,563602,python,python,PySequence_Contains
7909477.0,563602,python,python,_PyErr_CheckSignalsTstate
7907347.0,563613,python,python,_PyUnicode_TransformDecimalAndSpaceToASCII
7907317.0,563602,python,python,memset@plt
7907290.0,563613,python,python,PyType_GetModule
7905659.0,563602,python,[JIT],0x00007fe8c1a9d66d
7905456.0,563547,python,python,PyObject_Malloc
7905264.0,563568,python,python,_PyCompactLong_Subtract
7905187.0,563613,python,python,_Py_dict_lookup
7904762.0,563554,python,python,list_extend_lock_held
7903456.0,563613,python,python,PyObject_Hash
7902391.0,563547,python,python,_Py_IsMainThread
7901461.0,563579,python,python,unicode_dealloc
7901277.0,563554,python,python,_PyJIT_Entry
7901139.0,563602,python,python,PyCMethod_New
7900999.0,563554,python,python,PyLong_FromUnicodeObject
7899680.0,563613,python,libc.so.6,_int_free_merge_chunk
7898674.0,563613,python,python,BaseException_new
7898604.0,563579,python,python,_PyObject_VectorcallPrepend
7898523.0,563547,python,python,PyUnicode_New.part.0
7897563.0,563613,python,python,vectorcall_maybe
7897264.0,563547,python,python,_PyObject_Call_Prepend
7897157.0,563602,python,python,_PyLong_ExactDealloc
7895882.0,563547,python,python,pattern_new_match
7895378.0,563554,python,python,_PyUnicode_TransformDecimalAndSpaceToASCII
7893664.0,563579,python,python,_PyInterpreterState_GetConfig
7893355.0,563613,python,libc.so.6,malloc
7891978.0,563613,python,python,builtin_print
7888900.0,563602,python,[JIT],0x00007fe8c2c46133
7887264.0,563602,python,python,PyType_GetModule
7885576.0,563554,python,_struct.cpython-316-x86_64-linux-gnu.so,unpack
7881804.0,563554,python,[JIT],0x000078c4e7c1a000
7880584.0,563554,python,python,_PyObject_GenericGetAttrWithDict
7879410.0,563554,python,python,_PyEval_Vector
7878346.0,563602,python,python,_PyDict_SetItem_Take2
7874199.0,563568,python,python,subtype_dealloc
7873134.0,563602,python,python,PyUnicode_RichCompare
7873098.0,563602,python,python,PySlice_AdjustIndices
7870345.0,563579,python,python,PyObject_IsInstance
7869515.0,563554,python,python,_PyType_LookupStackRefAndVersion
7868328.0,563568,python,python,clear_slots
7860513.0,563590,python,python,_Py_convert_optional_to_ssize_t
7857468.0,563579,python,python,PyUnicode_New
7853828.0,563602,python,python,_PyCompactLong_Add
7853640.0,563547,python,python,PyDict_GetItemRef
7846953.0,563590,python,python,_PyType_AllocNoTrack
7846047.0,563613,python,python,_PyEval_Vector
7845801.0,563554,python,[JIT],0x000078c4e8ded133
7844611.0,563554,python,python,PyUnicode_Contains
7834583.0,563590,python,python,_PyFunction_Vectorcall
7834302.0,563554,python,python,_Py_Dealloc
7823383.0,563590,python,python,_PyCompactLong_Add
7822571.0,563568,python,python,_PyCompactLong_Add
7809585.0,563554,python,libc.so.6,_int_free_merge_chunk
7802953.0,563613,python,libc.so.6,__memset_avx2_unaligned_erms
7748750.0,563579,python,python,PyTuple_FromArray
7540706.0,563579,python,python,_PyUnicode_FromASCII
6938886.0,563590,python,python,_PyObject_GenericGetAttrWithDict
6934175.0,563590,python,python,PyLong_AsSsize_t
6933716.0,563590,python,python,memset@plt
6933643.0,563547,python,[JIT],0x000076033c3f7974
6933509.0,563613,python,[JIT],0x0000776405fad1be
6932858.0,563613,python,python,PyNumber_Add
6932527.0,563579,python,python,_PyUnicode_BinarySlice
6932414.0,563547,python,python,_PyObject_VectorcallPrepend
6930860.0,563554,python,python,PyMem_Calloc
6930851.0,563613,python,_struct.cpython-316-x86_64-linux-gnu.so,s_unpack_internal
6930601.0,563579,python,python,_PyList_FromStackRefStealOnSuccess
6929812.0,563613,python,python,_PyObject_Call_Prepend
6929485.0,563602,python,python,_PyType_GetDict
6929320.0,563547,python,libc.so.6,malloc
6929276.0,563602,python,python,list_extend_lock_held
6929094.0,563613,python,python,_PyType_GetDict
6928819.0,563613,python,python,slot_nb_multiply
6928102.0,563568,python,python,_PyJIT_Entry
6927872.0,563554,python,python,PySlice_AdjustIndices
6927758.0,563613,python,python,unicode_length
6926613.0,563590,python,python,_io_BytesIO_read
6926131.0,563554,python,python,wrapperdescr_call
6922984.0,563613,python,[JIT],0x0000776405f9c1cb
6922878.0,563579,python,python,_contextvars_ContextVar_get
6922135.0,563613,python,python,wrapperdescr_call
6921136.0,563547,python,python,_PyUnicode_ExactDealloc
6921094.0,563590,python,python,_PyObject_RealIsSubclass
6920733.0,563602,python,[JIT],0x00007fe8c1aa000b
6920680.0,563602,python,python,PyDict_GetItemRef
6917596.0,563554,python,python,bytes_richcompare
6917203.0,563547,python,python,_PyUnicode_FromASCII
6917066.0,563602,python,python,_Py_Dealloc
6917035.0,563613,python,python,PyObject_Malloc
6916679.0,563602,python,libc.so.6,malloc
6915796.0,563590,python,python,_PyUnicode_BinarySlice
6914346.0,563554,python,python,_PyObject_VectorcallDictTstate
6911542.0,563590,python,python,sre_ucs1_count
6911457.0,563590,python,python,unicodekeys_lookup_unicode
6911396.0,563602,python,[JIT],0x00007fe8c1a8d1e6
6909787.0,563613,python,python,_PyType_AllocNoTrack
6909716.0,563613,python,python,binary_op1
6908737.0,563579,python,python,PyObject_Malloc
6908142.0,563590,python,python,PyUnicode_New.part.0
6906417.0,563613,python,python,BaseException_dealloc
6905404.0,563547,python,python,PySequence_Fast
6905011.0,563590,python,python,_PyThreadState_PushFrame
6904769.0,563579,python,python,long_to_decimal_string_internal
6904677.0,563590,python,python,PyLong_FromString
6903339.0,563602,python,python,_PyObject_GenericGetAttrWithDict
6903241.0,563613,python,libc.so.6,unlink_chunk.isra.0
6903108.0,563613,python,python,long_neg_method
6902548.0,563554,python,python,_Py_convert_optional_to_ssize_t
6902066.0,563579,python,[JIT],0x000070d052c8800a
6900558.0,563602,python,python,write_str
6900072.0,563613,python,python,method_get
6900067.0,563554,python,python,_PyUnicode_FromASCII
6899442.0,563590,python,libc.so.6,malloc
6897223.0,563590,python,python,insertdict
6897156.0,563602,python,_struct.cpython-316-x86_64-linux-gnu.so,s_unpack_internal
6895701.0,563554,python,python,method_dealloc
6894968.0,563554,python,python,_Py_CallBuiltinClass_StackRef
6893009.0,563590,python,python,_PyLong_ExactDealloc
6892093.0,563613,python,python,object_richcompare
6891756.0,563547,python,python,PyNumber_Add
6890619.0,563579,python,python,PyThread_get_thread_ident
6890423.0,563602,python,python,_PyUnicodeWriter_WriteStr
6890324.0,563547,python,python,binary_op1
6890160.0,563602,python,python,insertdict
6890108.0,563554,python,python,memset@plt
6888062.0,563579,python,[JIT],0x000070d05236d73f
6887947.0,563602,python,python,_Py_IsMainThread
6887586.0,563602,python,python,long_to_decimal_string
6885791.0,563590,python,python,_PyJIT_Entry
6885728.0,563579,python,python,PyObject_GetOptionalAttr
6884647.0,563602,python,python,clear_slots
6884618.0,563554,python,python,_Py_dict_lookup
6883495.0,563547,python,python,pthread_self@plt
6882422.0,563554,python,python,PyObject_IsInstance
6881091.0,563602,python,python,_PyThreadState_PopFrame
6877617.0,563602,python,python,slot_nb_multiply
6876605.0,563579,python,python,_PyType_AllocNoTrack
6870510.0,563579,python,python,_PyEval_Vector
6857493.0,563554,python,python,memcmp@plt
6857195.0,563579,python,python,_Py_convert_optional_to_ssize_t
6856492.0,563590,python,python,long_to_decimal_string_internal
6852494.0,563547,python,python,list_extend_lock_held
6847170.0,563547,python,[JIT],0x000076033d5b9133
6843693.0,563602,python,python,PyErr_Occurred
6791459.0,563579,python,python,_PyCompactLong_Subtract
6722416.0,563547,python,python,method_get
6710646.0,563579,python,python,method_get
5944275.0,563613,python,python,_PyObject_VectorcallDictTstate
5943489.0,563590,python,python,PyType_GetModule
5943341.0,563590,python,[JIT],0x0000780ceb885fff
5943305.0,563613,python,python,_PyUnicode_BinarySlice
5942961.0,563590,python,python,PyUnicode_RichCompare
5942835.0,563590,python,[JIT],0x0000780ceb88116e
5942706.0,563554,python,python,list_to_tuple
5942495.0,563547,python,python,_PyNumber_Index
5942133.0,563579,python,python,_PyType_LookupStackRefAndVersion
5941539.0,563590,python,[JIT],0x0000780ceb870011
5941516.0,563602,python,python,PyType_GetModuleByDef
5940902.0,563590,python,python,_PyUnicodeWriter_WriteStr
5939869.0,563590,python,_struct.cpython-316-x86_64-linux-gnu.so,cache_struct_converter.constprop.0
5939641.0,563579,python,python,builtin_print
5939480.0,563613,python,python,list_to_tuple
5939348.0,563579,python,python,pattern_new_match
5939329.0,563602,python,[JIT],0x00007fe8c2c4613b
5938485.0,563579,python,python,meth_dealloc
5938467.0,563554,python,libc.so.6,_int_free_maybe_consolidate
5938028.0,563579,python,python,cfunction_vectorcall_FASTCALL_KEYWORDS_METHOD
5937164.0,563613,python,python,sre_ucs1_match
5936906.0,563602,python,python,sre_ucs1_count
5935834.0,563590,python,python,PyObject_Size
5934342.0,563602,python,[JIT],0x00007fe8c1a7210f
5934160.0,563590,python,python,clear_slots
5933349.0,563613,python,python,PyObject_Size
5932356.0,563613,python,[JIT],0x0000776405fb88b7
5932133.0,563613,python,python,PyBuffer_FillInfo
5931678.0,563602,python,[JIT],0x00007fe8c1a65fc7
5931589.0,563613,python,[JIT],0x0000776405fa01aa
5931059.0,563554,python,libc.so.6,__memmove_avx_unaligned_erms
5929703.0,563579,python,python,PyNumber_Multiply
5929616.0,563590,python,python,PyFile_WriteObject
5929425.0,563613,python,python,PyUnicode_New
5929235.0,563579,python,python,compactlongs_xor
5929213.0,563602,python,python,PyMem_Realloc
5929210.0,563579,python,python,_PyEval_FrameClearAndPop
5928757.0,563613,python,python,memcmp@plt
5928401.0,563579,python,python,PySequence_Fast
5928356.0,563590,python,python,_PyUnicode_FromASCII
5928246.0,563579,python,libc.so.6,_int_free_merge_chunk
5928226.0,563568,python,python,slot_nb_bool
5927866.0,563613,python,[JIT],0x0000776407013c00
5927578.0,563579,python,python,PyType_GetModuleByDef
5927255.0,563613,python,python,PyObject_Free
5926348.0,563547,python,python,slot_nb_add
5926343.0,563554,python,python,PyBytes_FromStringAndSize
5926249.0,563590,python,[JIT],0x0000780ceb89b1be
5925460.0,563602,python,python,_list_extend
5924915.0,563547,python,python,PyObject_Hash
5923991.0,563590,python,python,PyDescr_IsData
5923928.0,563602,python,python,memcpy@plt
5923785.0,563554,python,python,BaseException_dealloc
5923503.0,563590,python,python,_PyDict_SetItem_Take2
5923447.0,563613,python,python,_Py_CallBuiltinClass_StackRef
5923401.0,563613,python,python,memset@plt
5923344.0,563602,python,python,subtype_dealloc
5922295.0,563547,python,python,PyObject_RichCompareBool
5920842.0,563579,python,python,PyCMethod_New
5920674.0,563613,python,python,_PyUnicode_FromASCII
5920481.0,563602,python,python,list_dealloc
5919219.0,563590,python,python,PyObject_GetAttr
5918764.0,563547,python,[JIT],0x000076033c41166d
5918230.0,563547,python,python,cfunction_vectorcall_FASTCALL_KEYWORDS_METHOD
5917694.0,563602,python,_struct.cpython-316-x86_64-linux-gnu.so,bu_ulonglong
5917389.0,563579,python,python,_PyMem_RawFree
5916987.0,563579,python,[JIT],0x000070d0523af000
5916575.0,563590,python,python,PyTuple_FromArray
5916243.0,563554,python,python,PyLong_FromString
5915497.0,563554,python,python,PyCMethod_New
5915289.0,563602,python,python,_PyObject_MakeTpCall
5914810.0,563554,python,[JIT],0x000078c4e82db1d0
5914341.0,563579,python,[JIT],0x000070d0523a2000
5914059.0,563554,python,python,_Py_VectorCall_StackRefSteal
5913651.0,563602,python,[JIT],0x00007fe8c274d1e4
5913574.0,563590,python,python,_PyUnicode_TransformDecimalAndSpaceToASCII
5912869.0,563554,python,python,PyErr_CheckSignals
5912562.0,563579,python,python,malloc@plt
5912139.0,563554,python,python,_PyLong_ExactDealloc
5910894.0,563579,python,python,list_dealloc
5910115.0,563602,python,python,compactlongs_xor
5909645.0,563590,python,python,method_dealloc
5908189.0,563554,python,python,PyType_GenericAlloc
5906592.0,563547,python,python,object_richcompare
5903208.0,563547,python,python,wrapperdescr_call
5902309.0,563613,python,python,long_to_decimal_string
5902262.0,563579,python,python,PyLong_AsSsize_t
5901497.0,563554,python,python,long_to_decimal_string_internal
5897244.0,563554,python,python,subtype_dealloc
5896866.0,563602,python,python,PyFile_WriteString
5896682.0,563602,python,python,PyUnicode_New.part.0
5895670.0,563547,python,python,slot_tp_str
5894404.0,563613,python,python,lookup_method_ex.constprop.0
5893068.0,563602,python,python,lookup_method_ex.constprop.0
5890555.0,563554,python,libc.so.6,unlink_chunk.isra.0
5888379.0,563547,python,python,_PyLong_ExactDealloc
5884401.0,563602,python,python,_PyObject_GC_Link
5883845.0,563579,python,python,_Py_NewReference
5882868.0,563613,python,[JIT],0x0000776405fae420
5875031.0,563602,python,[JIT],0x00007fe8c1a738f2
5872603.0,563590,python,python,PySequence_Fast
5870845.0,563547,python,python,PyType_GetModule
5832640.0,563602,python,python,strlen@plt
5825074.0,563554,python,python,PyNumber_Long
5803717.0,563554,python,python,_PyStolenTuple_Free
5798192.0,563568,python,python,PyObject_IsInstance
5789208.0,563547,python,[JIT],0x000076033c3f9ee5
5776021.0,563579,python,[JIT],0x000070d0523a2808
5761446.0,563602,python,python,_PyType_LookupStackRefAndVersion
4953917.0,563613,python,python,object_init
4953601.0,563613,python,python,PyObject_IsTrue
4952804.0,563554,python,python,slot_tp_str
4952500.0,563613,python,python,_PyDict_SetItem_Take2
4951740.0,563554,python,[JIT],0x000078c4e82da094
4951542.0,563554,python,python,cfunction_vectorcall_FASTCALL_KEYWORDS_METHOD
4951529.0,563547,python,python,PyTuple_GetSlice
4951397.0,563602,python,[JIT],0x00007fe8c1a8d1e9
4951305.0,563613,python,python,_PyObject_VectorcallPrepend
4951207.0,563554,python,python,PyFile_WriteObject
4950994.0,563602,python,python,_Py_BuiltinCallFast_StackRef
4950505.0,563613,python,python,PyLong_AsSsize_t
4950497.0,563602,python,[JIT],0x00007fe8c1aaa0ba
4950363.0,563602,python,[JIT],0x00007fe8c1a900f6
4950242.0,563547,python,[JIT],0x000076033c404894
4950098.0,563590,python,[JIT],0x0000780cec4eb391
4950079.0,563547,python,python,_PyCompactLong_Multiply
4949755.0,563613,python,python,PyBytes_FromStringAndSize
4949656.0,563554,python,[JIT],0x000078c4e82da003
4949491.0,563579,python,[JIT],0x000070d05356500a
4949091.0,563554,python,python,_PyUnicode_BinarySlice
4948662.0,563602,python,python,PyObject_IsInstance
4948581.0,563579,python,[JIT],0x000070d0523a2974
4948176.0,563613,python,[JIT],0x0000776405f94a53
4948146.0,563547,python,python,_PyObject_VectorcallDictTstate
4948014.0,563613,python,libc.so.6,__GI___pthread_self
4947181.0,563602,python,python,object_get_class
4947069.0,563554,python,[JIT],0x000078c4e82da836
4946922.0,563579,python,[JIT],0x000070d053565133
4946091.0,563613,python,[JIT],0x0000776405fac66d
4946009.0,563547,python,[JIT],0x000076033c3cbffe
4945854.0,563613,python,python,PyType_GenericAlloc
4945565.0,563579,python,python,_PyObject_GenericGetAttrWithDict
4945155.0,563590,python,python,PyBytes_FromStringAndSize
4944904.0,563613,python,_struct.cpython-316-x86_64-linux-gnu.so,PyTuple_New@plt
4944695.0,563590,python,python,malloc@plt
4944590.0,563613,python,python,_Py_NewReference
4944333.0,563590,python,[JIT],0x0000780ceca41147
4943258.0,563590,python,python,slot_nb_add
4943240.0,563554,python,python,slot_nb_bool
4943121.0,563590,python,[JIT],0x0000780ceb8809e2
4943117.0,563613,python,python,_PyStolenTuple_Free
4943097.0,563602,python,python,memcmp@plt
4942855.0,563554,python,python,_Py_BuiltinCallFastWithKeywords_StackRef
4942835.0,563613,python,python,_list_extend
4942669.0,563613,python,[JIT],0x0000776405f946fb
4942086.0,563613,python,_struct.cpython-316-x86_64-linux-gnu.so,unpack
4941425.0,563613,python,[JIT],0x0000776405f73580
4941323.0,563613,python,libc.so.6,cfree@GLIBC_2.2.5
4941165.0,563547,python,python,_PyUnicode_TransformDecimalAndSpaceToASCII
4941028.0,563590,python,[JIT],0x0000780ceb89c29f
4940688.0,563579,python,python,unicode_compare
4940316.0,563590,python,libc.so.6,unlink_chunk.isra.0
4939833.0,563613,python,python,PyFile_WriteString
4939830.0,563547,python,python,bytes_richcompare
4939617.0,563590,python,python,builtin_max
4939491.0,563613,python,[JIT],0x0000776406339000
4939463.0,563590,python,[JIT],0x0000780ceca410b4
4939371.0,563547,python,python,PyDescr_IsData
4939283.0,563613,python,python,_PyLong_ExactDealloc
4939141.0,563590,python,python,object_init
4939102.0,563602,python,python,_Py_NewReference
4939064.0,563602,python,libc.so.6,unlink_chunk.isra.0
4939060.0,563554,python,python,_PyType_GetDict
4938836.0,563579,python,[JIT],0x000070d0523a2707
4938701.0,563613,python,python,unicode_compare
4938652.0,563602,python,[JIT],0x00007fe8c1a507a3
4938638.0,563547,python,python,PyErr_Occurred
4938495.0,563590,python,_struct.cpython-316-x86_64-linux-gnu.so,unpack
4938468.0,563590,python,[JIT],0x0000780ceb8ac4e6
4937539.0,563590,python,python,cfunction_vectorcall_FASTCALL_KEYWORDS_METHOD
4937362.0,563547,python,python,PyMem_Free
4936644.0,563547,python,[JIT],0x000076033c3f816e
4936231.0,563579,python,libc.so.6,__GI___pthread_self
4935716.0,563613,python,_struct.cpython-316-x86_64-linux-gnu.so,cache_struct_converter.constprop.0
4935522.0,563590,python,python,binary_op1
4935103.0,563613,python,python,PyLong_FromLong
4935070.0,563602,python,python,wrapperdescr_call
4934534.0,563547,python,python,PyCMethod_New
4933686.0,563579,python,python,_PyStaticType_GetState
4933660.0,563579,python,[JIT],0x000070d05236dc4f
4932811.0,563547,python,python,method_dealloc
4932349.0,563613,python,python,PyType_GetModuleByDef
4932312.0,563547,python,python,long_to_decimal_string
4931981.0,563579,python,python,list_to_tuple
4931254.0,563613,python,python,_Py_IsMainThread
4931043.0,563547,python,python,PyObject_ClearWeakRefs
4930930.0,563590,python,python,write_str
4930648.0,563613,python,python,PySequence_Fast
4929933.0,563613,python,python,_PyObject_GenericGetAttrWithDict
4929915.0,563579,python,python,compactlongs_guard
4929905.0,563602,python,python,PyObject_Free
4929025.0,563602,python,python,malloc@plt
4928963.0,563613,python,python,object_str
4928945.0,563590,python,python,_PyType_GetDict
4928849.0,563579,python,[JIT],0x000070d05356518b
4928717.0,563547,python,[JIT],0x000076033c415f41
4928690.0,563602,python,python,PyUnicode_Concat
4928635.0,563602,python,python,str_int_multiply
4928533.0,563579,python,python,PyFile_WriteObject
4928015.0,563547,python,python,PyLong_FromUnsignedLongLong
4927847.0,563590,python,python,PyFile_WriteString
4927793.0,563547,python,libc.so.6,cfree@GLIBC_2.2.5
4927381.0,563547,python,[JIT],0x000076033c3e7011
4927297.0,563590,python,python,PyNumber_Multiply
4927038.0,563554,python,[JIT],0x000078c4e8ded00a
4926517.0,563590,python,python,min_max
4926409.0,563554,python,[JIT],0x000078c4e8ded000
4926387.0,563579,python,python,_Py_CallBuiltinClass_StackRef
4926108.0,563602,python,python,PyLong_AsSsize_t
4925642.0,563554,python,[JIT],0x000078c4e7c1c011
4924694.0,563579,python,[JIT],0x000070d0523838f5
4924585.0,563602,python,python,free@plt
4923011.0,563602,python,python,PyNumber_Negative
4920709.0,563613,python,libc.so.6,__memcmp_avx2_movbe
4919783.0,563554,python,python,_PyInterpreterState_GetConfig
4919688.0,563554,python,python,PyFile_WriteString
4919270.0,563590,python,libc.so.6,__memset_avx2_unaligned_erms
4919158.0,563590,python,python,long_pow
4918976.0,563547,python,[JIT],0x000076033c4121be
4918817.0,563547,python,python,slot_nb_multiply
4918466.0,563602,python,python,object_richcompare
4918099.0,563613,python,python,slot_tp_richcompare
4916240.0,563613,python,python,sre_ucs1_count
4916224.0,563613,python,python,maybe_small_long
4915531.0,563554,python,python,_PyUnicodeWriter_WriteStr
4915518.0,563579,python,python,PyErr_CheckSignals
4913653.0,563590,python,[JIT],0x0000780ceb86e17c
4913042.0,563554,python,[JIT],0x000078c4e7ecb00a
4911958.0,563602,python,python,_Py_convert_optional_to_ssize_t
4911784.0,563547,python,python,meth_dealloc
4911658.0,563590,python,python,PyTuple_GetSlice
4910896.0,563579,python,python,cfunction_vectorcall_FASTCALL_KEYWORDS
4909038.0,563613,python,python,_PyType_LookupStackRefAndVersion
4904917.0,563613,python,[JIT],0x0000776405f97dad
4900704.0,563554,python,python,PyNumber_Multiply
4900021.0,563579,python,python,lookup_method_ex.constprop.0
4897011.0,563568,python,python,_Py_dict_lookup
4896491.0,563613,python,python,PyErr_CheckSignals
4892684.0,563547,python,libc.so.6,_int_free
4892186.0,563602,python,python,PyMethod_New
4838007.0,563602,python,python,_PyEval_Vector
4790022.0,563613,python,python,write_str
4281946.0,563579,python,python,sre_ucs1_match
4257450.0,563602,python,python,PyObject_GetAttr
4147582.0,563579,python,python,_PyType_GetDict
3962864.0,563613,python,python,PyErr_Occurred
3962833.0,563590,python,[JIT],0x0000780ceca410de
3962453.0,563613,python,[JIT],0x0000776405f801f8
3962328.0,563590,python,[JIT],0x0000780ceb88972b
3962270.0,563547,python,[JIT],0x000076033c3d77ff
3962224.0,563554,python,[JIT],0x000078c4e7c366e5
3962046.0,563613,python,[JIT],0x0000776405f690d2
3962038.0,563547,python,[kernel.kallsyms],sync_regs
3962036.0,563547,python,python,write_str
3962004.0,563547,python,[JIT],0x000076033d5b9147
3961924.0,563590,python,libc.so.6,_int_free_merge_chunk
3961917.0,563613,python,python,_PyInterpreterState_GetConfig
3961915.0,563554,python,[JIT],0x000078c4e7c4e1ca
3961867.0,563613,python,[JIT],0x0000776405f930bd
3961644.0,563579,python,[JIT],0x000070d052c888bd
3961578.0,563547,python,python,memset@plt
3961523.0,563547,python,python,list_to_tuple
3961287.0,563547,python,[JIT],0x000076033d5b900a
3960905.0,563590,python,python,object_get_class
3960900.0,563590,python,[JIT],0x0000780ceb88edb1
3960883.0,563579,python,[JIT],0x000070d052c87252
3960761.0,563602,python,python,compactlongs_guard
3960692.0,563613,python,[JIT],0x0000776405fb0b28
3960686.0,563602,python,[JIT],0x00007fe8c1a5b8ca
3960499.0,563554,python,python,long_to_decimal_string
3960429.0,563547,python,python,insertdict
3960363.0,563602,python,python,slot_nb_add
3960276.0,563547,python,python,PyType_GetModuleByDef
3960242.0,563613,python,[JIT],0x000077640715300a
3960185.0,563579,python,[JIT],0x000070d0523be29f
3960153.0,563579,python,python,PyUnicode_FromString
3960114.0,563579,python,python,object_richcompare
3960059.0,563547,python,python,unicode_dealloc
3959900.0,563602,python,python,compactlongs_and
3959870.0,563579,python,[JIT],0x000070d052c885bf
3959866.0,563613,python,[JIT],0x0000776405f828f2
3959855.0,563602,python,python,_PyUnicode_TransformDecimalAndSpaceToASCII
3959805.0,563602,python,[JIT],0x00007fe8c1a4b06f
3959760.0,563579,python,[JIT],0x000070d0523be420
3959750.0,563579,python,python,PyObject_GetAttr
3959601.0,563613,python,[JIT],0x0000776405fb104c
3959591.0,563613,python,python,object_get_class
3959577.0,563602,python,python,_io_BytesIO_read
3959525.0,563602,python,python,cfunction_vectorcall_FASTCALL_KEYWORDS
3959270.0,563579,python,python,_Py_BuiltinCallFast_StackRef
3959257.0,563590,python,python,_PyList_Extend
3959197.0,563554,python,python,slot_tp_new
3959175.0,563547,python,[JIT],0x000076033c3c8c4f
3958803.0,563602,python,python,PyNumber_Add
3958518.0,563547,python,[JIT],0x000076033d4130d3
3958510.0,563613,python,python,_PyThreadState_PopFrame
3958361.0,563579,python,[JIT],0x000070d0523a316e
3958276.0,563613,python,python,PyNumber_Negative
3958051.0,563579,python,python,pthread_self@plt
3957946.0,563579,python,python,memcmp@plt
3957286.0,563579,python,[JIT],0x000070d0523be834
3957261.0,563613,python,[JIT],0x0000776405f93d2f
3957250.0,563590,python,python,meth_dealloc
3957242.0,563590,python,libc.so.6,_int_free_maybe_consolidate
3957069.0,563554,python,python,_PyNumber_Index
3956968.0,563602,python,python,PyBytes_FromStringAndSize
3956267.0,563547,python,[JIT],0x000076033d5b9088
3956261.0,563579,python,python,long_dealloc
3956116.0,563547,python,[JIT],0x000076033c6916fe
3956088.0,563547,python,python,list_dealloc
3956072.0,563590,python,[JIT],0x0000780ceb850cc0
3955877.0,563568,python,python,PyObject_Vectorcall
3955837.0,563579,python,python,PyBytes_FromStringAndSize
3955826.0,563590,python,[JIT],0x0000780ceca41000
3955795.0,563579,python,python,_PyStolenTuple_Free
3955048.0,563554,python,python,PyObject_Size
3954543.0,563602,python,python,pattern_new_match
3954430.0,563579,python,python,PyObject_Free
3954212.0,563579,python,python,memset@plt
3954090.0,563613,python,[JIT],0x00007764070135ea
3953590.0,563547,python,_struct.cpython-316-x86_64-linux-gnu.so,unpack
3953588.0,563613,python,python,PyObject_GenericHash
3953576.0,563590,python,python,long_neg_method
3952948.0,563602,python,[JIT],0x00007fe8c1a9d913
3952908.0,563579,python,python,_PyNumber_Index
3952779.0,563579,python,python,memcpy@plt
3952678.0,563602,python,python,long_dealloc
3952550.0,563579,python,python,PyDict_GetItemRef
3952224.0,563568,python,python,_PyType_LookupStackRefAndVersion
3952172.0,563554,python,python,compactlongs_and
3952059.0,563554,python,[JIT],0x000078c4e82da00a
3952016.0,563579,python,[JIT],0x000070d052c88b4c
3951849.0,563554,python,python,_PyThreadState_PopFrame
3951775.0,563579,python,python,PyFile_WriteString
3951615.0,563602,python,[JIT],0x00007fe8c2c460b4
3951447.0,563547,python,[JIT],0x000076033d0ed1e1
3951323.0,563602,python,libc.so.6,_int_malloc
3951247.0,563547,python,[JIT],0x000076033c4161c7
3951230.0,563554,python,[JIT],0x000078c4e7c34000
3951124.0,563579,python,[JIT],0x000070d0523bc19d
3951101.0,563613,python,python,strlen@plt
3950819.0,563602,python,python,PyNumber_Absolute
3950796.0,563554,python,python,write_str
3950766.0,563602,python,python,method_get
3950441.0,563579,python,python,sre_ucs1_count
3950392.0,563579,python,python,wrapperdescr_call
3950328.0,563579,python,libc.so.6,_int_malloc
3950246.0,563547,python,python,PyMem_Realloc
3949972.0,563547,python,python,unicode_compare
3949663.0,563579,python,python,_PyLong_FromMedium
3949203.0,563579,python,python,_PyCompactLong_Add
3949103.0,563547,python,[JIT],0x000076033c3e500a
3948875.0,563602,python,[JIT],0x00007fe8c1a9d000
3948529.0,563579,python,[JIT],0x000070d052c88432
3948506.0,563547,python,python,object_dealloc
3948466.0,563602,python,libc.so.6,_int_free
3948124.0,563579,python,python,_Py_IsMainThread
3948047.0,563547,python,python,str_int_multiply
3947870.0,563554,python,python,_Py_NewReference
3947856.0,563579,python,python,PyObject_CallOneArg
3947812.0,563579,python,[JIT],0x000070d0535650af
3947226.0,563613,python,python,_PyThreadState_PushFrame
3946900.0,563554,python,[JIT],0x000078c4e7c0ba8a
3946875.0,563602,python,[JIT],0x00007fe8c1a63000
3946802.0,563613,python,[JIT],0x0000776405fae099
3946533.0,563547,python,_struct.cpython-316-x86_64-linux-gnu.so,s_unpack_internal
3946502.0,563579,python,python,_PyObject_RealIsSubclass
3946475.0,563554,python,[JIT],0x000078c4e7c3c894
3946366.0,563547,python,python,func_descr_get
3946315.0,563547,python,[JIT],0x000076033d5b919f
3946306.0,563613,python,python,PyNumber_InPlaceAdd
3945721.0,563602,python,python,slot_nb_bool
3945653.0,563613,python,[JIT],0x0000776405f9523e
3945472.0,563579,python,_struct.cpython-316-x86_64-linux-gnu.so,cache_struct_converter.constprop.0
3945008.0,563547,python,[JIT],0x000076033d5bb023
3945004.0,563547,python,[JIT],0x000076033c3fc000
3944762.0,563568,python,python,min_max
3944672.0,563554,python,python,PyLong_AsSsize_t
3944581.0,563547,python,python,object_get_class
3944318.0,563613,python,python,_copy_characters.constprop.0.isra.0
3944024.0,563547,python,[JIT],0x000076033c3a662f
3943815.0,563613,python,python,_PyNumber_Index
3943337.0,563602,python,[JIT],0x00007fe8c274c63d
3943306.0,563590,python,python,long_to_decimal_string
3943023.0,563554,python,[JIT],0x000078c4e7c4dc0d
3943010.0,563590,python,python,getset_get
3942498.0,563554,python,python,PyObject_Vectorcall
3942372.0,563602,python,python,_PyRunRemoteDebugger
3942324.0,563613,python,python,memcpy@plt
3942316.0,563579,python,python,_PyJIT_Entry
3941615.0,563554,python,[JIT],0x000078c4e7c65138
3941022.0,563579,python,libc.so.6,_int_free_maybe_consolidate
3940957.0,563602,python,python,PyObject_Size
3940908.0,563602,python,python,_PyInterpreterState_GetConfig
3940676.0,563554,python,python,PyType_GetModuleByDef
3940320.0,563568,python,python,PyObject_GetOptionalAttr
3940243.0,563602,python,[JIT],0x00007fe8c1a9141b
3939560.0,563590,python,[JIT],0x0000780ceca410f7
3939512.0,563554,python,python,PyObject_GetAttr
3939512.0,563554,python,python,PyLong_FromSsize_t
3939169.0,563579,python,python,_PyUnicode_TransformDecimalAndSpaceToASCII
3938921.0,563554,python,python,_PyCompactLong_Multiply
3938510.0,563547,python,[JIT],0x000076033c3e6145
3938303.0,563547,python,[JIT],0x000076033d0ec1fb
3938172.0,563613,python,python,unicode_dealloc
3937700.0,563590,python,[JIT],0x0000780ceca410ed
3937263.0,563554,python,python,_list_extend
3936681.0,563554,python,libc.so.6,__GI___pthread_self
3936563.0,563547,python,python,PyObject_Free
3936203.0,563590,python,python,str_int_multiply
3935649.0,563613,python,[JIT],0x0000776407153139
3935634.0,563602,python,python,PyObject_Str
3935318.0,563579,python,python,PyObject_GenericHash
3935182.0,563554,python,python,_PyObject_RealIsSubclass
3934778.0,563579,python,python,object_init
3934638.0,563579,python,libc.so.6,__memcmp_avx2_movbe
3934611.0,563568,python,python,_PyUnicode_Equal
3934469.0,563579,python,python,slot_nb_bool
3934424.0,563547,python,python,compactlongs_guard
3934414.0,563554,python,python,_PyMem_RawFree
3933414.0,563568,python,python,_Py_CallBuiltinClass_StackRef
3933221.0,563613,python,python,PyObject_GC_UnTrack
3933006.0,563613,python,[JIT],0x0000776405f9f0f6
3932883.0,563568,python,python,PyLong_FromSsize_t
3932705.0,563568,python,python,PyObject_CallOneArg
3932243.0,563602,python,[JIT],0x00007fe8c274d141
3931923.0,563554,python,python,meth_dealloc
3931486.0,563590,python,python,PyObject_GetBuffer
3931266.0,563602,python,libc.so.6,_int_free_maybe_consolidate
3930788.0,563590,python,python,slot_tp_str
3930174.0,563554,python,python,_PyList_FromStackRefStealOnSuccess
3928544.0,563579,python,python,PyObject_IsTrue
3928385.0,563554,python,[JIT],0x000078c4e7c4a1ba
3927411.0,563554,python,python,_PyCompactLong_Add
3927050.0,563579,python,python,PyType_GenericAlloc
3926111.0,563613,python,python,PyUnicode_Contains
3925945.0,563579,python,python,PyNumber_Long
3925206.0,563554,python,python,sre_ucs1_count
3924815.0,563590,python,python,BaseException_dealloc
3924556.0,563554,python,python,insertdict
3924553.0,563547,python,[JIT],0x000076033c3f9a53
3923472.0,563579,python,[JIT],0x000070d052386f4f
3923320.0,563568,python,python,_PyType_AllocNoTrack
3923044.0,563554,python,python,str_int_multiply
3922794.0,563579,python,[JIT],0x000070d0523bf37d
3921920.0,563579,python,python,PyObject_Size
3921195.0,563579,python,python,_PyList_Extend
3920955.0,563590,python,python,PyNumber_Long
3919568.0,563590,python,python,_Py_dict_lookup
3918535.0,563613,python,[JIT],0x0000776405f931e6
3916961.0,563579,python,python,_PyList_AsTupleAndClear
3915704.0,563613,python,python,PyNumber_Multiply
3910639.0,563590,python,python,tp_new_wrapper
3909617.0,563590,python,python,slot_nb_bool
3903965.0,563590,python,[JIT],0x0000780ceca410b8
3885811.0,563554,python,libc.so.6,__memset_avx2_unaligned_erms
3869325.0,563602,python,python,PyObject_IsTrue
3858933.0,563602,python,python,PyBuffer_Release
3858422.0,563579,python,[JIT],0x000070d0523851a0
3857118.0,563602,python,python,PyNumber_Multiply
3845973.0,563579,python,python,insertdict
3837659.0,563613,python,python,richcmp_ne
3831514.0,563590,python,[JIT],0x0000780ceb880797
3802280.0,563579,python,python,_PyMem_RawMalloc
3800554.0,563547,python,[JIT],0x000076033c41d17b
3774649.0,563568,python,python,_Py_BuiltinCallFastWithKeywords_StackRef
3625832.0,563568,python,python,_PyFunction_Vectorcall
3144046.0,563579,python,python,PyTuple_FromArray.part.0
2972834.0,563579,python,python,_contextvars_ContextVar_get
2972394.0,563613,python,[JIT],0x0000776405f72040
2972347.0,563568,python,python,_PyObject_Call_Prepend
2972291.0,563590,python,python,_PyObject_Realloc
2972201.0,563554,python,python,func_descr_get
2972192.0,563613,python,[JIT],0x0000776405f94ee5
2972161.0,563613,python,python,object_isinstance
2972128.0,563590,python,python,func_descr_get
2972092.0,563613,python,[JIT],0x0000776407153010
2972068.0,563547,python,[JIT],0x000076033c7a2000
2972041.0,563613,python,[JIT],0x0000776405fb0e4c
2971905.0,563554,python,[JIT],0x000078c4e7c4acd4
2971890.0,563590,python,[JIT],0x0000780cec548094
2971853.0,563613,python,[JIT],0x0000776405f6491c
2971841.0,563613,python,python,insertdict
2971832.0,563590,python,[JIT],0x0000780ceb89eb3c
2971794.0,563613,python,python,meth_dealloc
2971782.0,563613,python,[JIT],0x0000776405fb82da
2971747.0,563590,python,[JIT],0x0000780cec4ec00a
2971727.0,563613,python,[JIT],0x0000776405f97fa7
2971673.0,563590,python,[JIT],0x0000780cec547252
2971642.0,563547,python,libc.so.6,__GI___pthread_self
2971638.0,563554,python,[JIT],0x000078c4e7bfdab1
2971623.0,563613,python,python,PyNumber_Absolute
2971596.0,563554,python,[JIT],0x000078c4e7c34fd9
2971594.0,563613,python,[JIT],0x0000776405f9b2fa
2971593.0,563613,python,python,pthread_self@plt
2971544.0,563547,python,[JIT],0x000076033c4004cd
2971449.0,563554,python,[JIT],0x000078c4e7c4d9a8
2971398.0,563547,python,[JIT],0x000076033c3f7797
2971386.0,563590,python,[JIT],0x0000780ceb889f14
2971373.0,563613,python,[JIT],0x0000776407153133
2971363.0,563613,python,[JIT],0x0000776405f72818
2971357.0,563590,python,python,memcpy@plt
2971353.0,563590,python,python,_Py_IsMainThread
2971345.0,563590,python,[JIT],0x0000780ceb86f232
2971319.0,563613,python,[JIT],0x0000776405f972be
2971318.0,563554,python,[JIT],0x000078c4e8ded0de
2971289.0,563547,python,[JIT],0x000076033d5b9139
2971238.0,563590,python,[JIT],0x0000780ceb89a66d
2971234.0,563613,python,[JIT],0x000077640664400a
2971221.0,563547,python,[JIT],0x000076033c4051c5
2971209.0,563613,python,[JIT],0x0000776405fb03b3
2971207.0,563579,python,python,_Py_dict_lookup
2971193.0,563547,python,[JIT],0x000076033c3f8b9b
2971172.0,563547,python,python,_Py_convert_optional_to_ssize_t
2971167.0,563554,python,python,_Py_BuiltinCallFast_StackRef
2971165.0,563613,python,python,_Py_convert_optional_to_ssize_t
2971146.0,563554,python,[JIT],0x000078c4e7c4cf06
2970952.0,563602,python,python,_PyList_Extend
2970942.0,563554,python,[JIT],0x000078c4e7c1b137
2970919.0,563547,python,python,BaseException_init
2970893.0,563613,python,[JIT],0x0000776405f741a0
2970768.0,563554,python,[JIT],0x000078c4e7c1a1ea
2970750.0,563602,python,python,PyTuple_FromArray.part.0
2970719.0,563547,python,[JIT],0x000076033c691640
2970712.0,563547,python,[JIT],0x000076033c4161ca
2970708.0,563602,python,[JIT],0x00007fe8c1a793be
2970708.0,563547,python,[JIT],0x000076033c3da195
2970678.0,563547,python,[JIT],0x000076033d413003
2970672.0,563613,python,[JIT],0x0000776405f6957f
2970657.0,563579,python,python,free@plt
2970627.0,563579,python,python,method_vectorcall
2970623.0,563547,python,[JIT],0x000076033c3c23b3
2970576.0,563602,python,[JIT],0x00007fe8c1aa20bc
2970568.0,563602,python,[JIT],0x00007fe8c2c46088
2970560.0,563590,python,[JIT],0x0000780ceb87115e
2970544.0,563547,python,[JIT],0x000076033c3e0873
2970458.0,563613,python,[JIT],0x0000776405f97fd9
2970399.0,563613,python,[JIT],0x0000776405f96c8e
2970371.0,563554,python,[JIT],0x000078c4e7c5c3cc
2970326.0,563613,python,[JIT],0x0000776405f698ca
2970294.0,563547,python,python,_PyObject_RealIsSubclass
2970262.0,563602,python,python,list_contains
2970256.0,563579,python,python,BaseException_init
2970236.0,563579,python,[JIT],0x000070d05235f0da
2970153.0,563579,python,[JIT],0x000070d052c871ec
2970112.0,563579,python,[JIT],0x000070d0523a3d2f
2970111.0,563579,python,[JIT],0x000070d052374659
2970106.0,563554,python,[JIT],0x000078c4e7c5b4e6
2970086.0,563602,python,[JIT],0x00007fe8c1a581c7
2970074.0,563602,python,[JIT],0x00007fe8c1a655a4
2970067.0,563547,python,[JIT],0x000076033c413302
2970047.0,563602,python,python,_PyUnicode_BinarySlice
2970042.0,563554,python,python,memcpy@plt
2970011.0,563613,python,[JIT],0x0000776405fae302
2969972.0,563602,python,[JIT],0x00007fe8c1a9d199
2969905.0,563579,python,[JIT],0x000070d0523bc66d
2969905.0,563613,python,[JIT],0x0000776405f925c9
2969899.0,563579,python,python,object_dealloc
2969870.0,563602,python,python,PyBuffer_FillInfo
2969838.0,563579,python,[JIT],0x000070d052369385
2969835.0,563554,python,[JIT],0x000078c4e7c15bbf
2969831.0,563602,python,[JIT],0x00007fe8c1a91dfb
2969820.0,563554,python,[JIT],0x000078c4e7c6263a
2969805.0,563547,python,[JIT],0x000076033c4011e9
2969796.0,563579,python,[JIT],0x000070d0523678f2
2969759.0,563554,python,[JIT],0x000078c4e7c49dc3
2969746.0,563579,python,[JIT],0x000070d0523bc735
2969736.0,563602,python,[JIT],0x00007fe8c2a1331d
2969719.0,563590,python,python,compactlongs_and
2969716.0,563613,python,python,long_abs_method
2969703.0,563547,python,[JIT],0x000076033c4059dd
2969695.0,563613,python,python,func_descr_get
2969676.0,563554,python,[JIT],0x000078c4e7c4a636
2969653.0,563602,python,[JIT],0x00007fe8c1a9004c
2969621.0,563602,python,python,object_dealloc
2969614.0,563602,python,python,_PyStolenTuple_Free
2969613.0,563579,python,[JIT],0x000070d05263cb41
2969561.0,563613,python,[JIT],0x0000776405f7a873
2969549.0,563579,python,[JIT],0x000070d053565056
2969503.0,563579,python,[JIT],0x000070d0523766e5
2969461.0,563602,python,[JIT],0x00007fe8c1aaaaef
2969336.0,563579,python,python,PyErr_Occurred
2969324.0,563579,python,[JIT],0x000070d05274d1e1
2969321.0,563613,python,[JIT],0x0000776405f93079
2969294.0,563579,python,[JIT],0x000070d0523bf1c2
2969225.0,563613,python,[JIT],0x0000776405fae865
2969213.0,563613,python,[JIT],0x0000776405fad1ba
2969208.0,563547,python,[JIT],0x000076033c3e9385
2969196.0,563613,python,[JIT],0x0000776405fae820
2969184.0,563590,python,libc.so.6,__GI___pthread_self
2969002.0,563613,python,python,PyObject_GetOptionalAttr
2968965.0,563602,python,python,PyType_IsSubtype
2968954.0,563579,python,python,cfunction_vectorcall_O
2968939.0,563579,python,[JIT],0x000070d0523a29e2
2968869.0,563554,python,python,PySequence_Contains
2968868.0,563613,python,[JIT],0x000077640633931f
2968831.0,563590,python,[JIT],0x0000780ceb89f1ca
2968715.0,563602,python,[JIT],0x00007fe8c1aa0d1a
2968683.0,563579,python,[JIT],0x000070d0523af894
2968677.0,563547,python,[JIT],0x000076033d0ec00a
2968661.0,563579,python,[JIT],0x000070d0523a41ea
2968542.0,563554,python,python,PyObject_Free
2968536.0,563602,python,[JIT],0x00007fe8c1a65afe
2968527.0,563602,python,[JIT],0x00007fe8c1a91515
2968517.0,563613,python,python,PyObject_RichCompare
2968433.0,563554,python,python,PyNumber_Negative
2968337.0,563547,python,[JIT],0x000076033c3e5000
2968276.0,563613,python,python,malloc@plt
2968275.0,563590,python,[JIT],0x0000780cec54700a
2968199.0,563547,python,python,unicode_length
2968170.0,563590,python,[JIT],0x0000780ceb86e1bf
2968165.0,563590,python,[JIT],0x0000780ceb8b363a
2968154.0,563602,python,[JIT],0x00007fe8c1a710ac
2968149.0,563579,python,[JIT],0x000070d05237795d
2967972.0,563579,python,python,PyType_IsSubtype
2967966.0,563579,python,[JIT],0x000070d0523bcdda
2967926.0,563579,python,python,PyNumber_Absolute
2967874.0,563554,python,[JIT],0x000078c4e8def023
2967829.0,563602,python,python,_PyUnicode_FromASCII
2967482.0,563590,python,python,_Py_CallBuiltinClass_StackRef
2967448.0,563554,python,python,_PyObject_VectorcallPrepend
2967428.0,563568,python,python,_PyObject_VectorcallPrepend
2967386.0,563579,python,[JIT],0x000070d05237557f
2967370.0,563547,python,[JIT],0x000076033c3e66aa
2967332.0,563613,python,[JIT],0x0000776407153088
2967331.0,563613,python,[JIT],0x0000776405f9a126
2967223.0,563547,python,[JIT],0x000076033c3cf000
2967200.0,563554,python,[JIT],0x000078c4e7bf2085
2967176.0,563590,python,python,_PyStolenTuple_Free
2967172.0,563613,python,[JIT],0x0000776405f71a8a
2967160.0,563602,python,[JIT],0x00007fe8c2c4607a
2966956.0,563590,python,[JIT],0x0000780cec54828c
2966923.0,563554,python,python,PyType_GetModule
2966912.0,563547,python,python,_PyInterpreterState_Main
2966521.0,563547,python,[JIT],0x000076033c3d9606
2966506.0,563547,python,[JIT],0x000076033d0ed141
2966463.0,563613,python,[JIT],0x0000776405f62c4f
2966426.0,563579,python,python,PyLong_FromSsize_t
2966367.0,563579,python,python,PyTuple_New
2966292.0,563602,python,libc.so.6,__memcmp_avx2_movbe
2966269.0,563579,python,[JIT],0x000070d052c871bb
2966261.0,563547,python,python,_PyLong_FromMedium
2966174.0,563554,python,python,tuple_dealloc
2966033.0,563568,python,python,PyObject_Free
2965936.0,563613,python,[JIT],0x000077640701317b
2965905.0,563613,python,python,subtype_dealloc
2965781.0,563554,python,python,_Py_IsMainThread
2965698.0,563554,python,python,min_max
2965630.0,563579,python,python,PyTuple_GetSlice
2965427.0,563547,python,[JIT],0x000076033c41d2da
2965415.0,563547,python,[JIT],0x000076033c3c8000
2965413.0,563613,python,[JIT],0x0000776405f664a6
2965347.0,563579,python,[JIT],0x000070d0523c0b28
2965300.0,563613,python,python,PyObject_CallOneArg
2965240.0,563613,python,[JIT],0x0000776405f97600
2965237.0,563602,python,[JIT],0x00007fe8c1a34fb0
2965226.0,563590,python,python,_Py_CheckFunctionResult
2965144.0,563602,python,python,PyNumber_Long
2965068.0,563602,python,[JIT],0x00007fe8c1a541e5
2965042.0,563579,python,[JIT],0x000070d052c88441
2965042.0,563579,python,[JIT],0x000070d052c891d0
2965006.0,563613,python,[JIT],0x0000776405fb858e
2964938.0,563590,python,[JIT],0x0000780cec4eb2cb
2964744.0,563547,python,python,_PyList_FromStackRefStealOnSuccess
2964730.0,563579,python,[JIT],0x000070d052377126
2964573.0,563554,python,python,PyObject_IsTrue
2964461.0,563613,python,[JIT],0x0000776407153158
2964417.0,563554,python,[JIT],0x000078c4e7c2f0a7
2964313.0,563547,python,[JIT],0x000076033c414326
2964300.0,563602,python,[JIT],0x00007fe8c1a63218
2964172.0,563579,python,python,_PyObject_Calloc
2964095.0,563613,python,[JIT],0x0000776405f71224
2964003.0,563602,python,[JIT],0x00007fe8c1a9401f
2963950.0,563547,python,[JIT],0x000076033c3f7000
2963922.0,563547,python,python,compactlongs_and
2963851.0,563554,python,[JIT],0x000078c4e7c0e1a0
2963681.0,563613,python,[JIT],0x0000776405faf935
2963666.0,563579,python,python,_PyDict_Subscript
2963597.0,563590,python,[JIT],0x0000780ceb89ae09
2963313.0,563613,python,python,PyNumber_AsSsize_t
2963228.0,563547,python,python,PyFile_WriteObject
2963126.0,563613,python,[JIT],0x0000776405fadc4e
2963115.0,563590,python,python,PyErr_Occurred
2963070.0,563613,python,python,slot_nb_add
2962805.0,563590,python,python,PyTuple_GetSlice
2962796.0,563579,python,python,func_descr_get
2962791.0,563613,python,[JIT],0x0000776405f801ea
2962750.0,563579,python,python,clear_slots
2962725.0,563547,python,[JIT],0x000076033c3ca83f
2962685.0,563554,python,python,getset_get
2962613.0,563613,python,python,PyDescr_IsData
2962613.0,563613,python,[JIT],0x0000776405f633dd
2962499.0,563613,python,[JIT],0x0000776405f800ac
2962359.0,563547,python,[JIT],0x000076033c3e53d8
2962357.0,563547,python,[JIT],0x000076033c3e5c0d
2962109.0,563602,python,[JIT],0x00007fe8c1aa1f41
2962086.0,563568,python,python,PyList_New
2961816.0,563590,python,[JIT],0x0000780cec5491c6
2961644.0,563554,python,[JIT],0x000078c4e7c35609
2961608.0,563547,python,[JIT],0x000076033d5b90d3
2961503.0,563590,python,python,tuple_alloc
2961381.0,563554,python,python,_PyFunction_Vectorcall
2961321.0,563547,python,python,BaseException_dealloc
2961195.0,563590,python,python,PyUnicode_FromString
2961131.0,563613,python,[JIT],0x0000776405fb873f
2961086.0,563613,python,[JIT],0x0000776405f629d6
2961012.0,563579,python,python,PyObject_Free
2960804.0,563602,python,python,bytes_richcompare
2960796.0,563613,python,[JIT],0x0000776405f41ec8
2960729.0,563579,python,python,_PyUnicode_Equal
2960607.0,563590,python,python,_PyList_AsTupleAndClear
2960470.0,563590,python,[JIT],0x0000780ceb8a62da
2960461.0,563554,python,[JIT],0x000078c4e7c03000
2960429.0,563554,python,python,list_contains
2960363.0,563602,python,python,list_to_tuple
2960283.0,563547,python,[JIT],0x000076033c3fc00a
2960167.0,563547,python,[JIT],0x000076033c3e51f8
2960156.0,563613,python,python,_PyLong_FromMedium
2959981.0,563590,python,[kernel.kallsyms],perf_adjust_freq_unthr_context
2959940.0,563602,python,python,binary_op1
2959786.0,563590,python,[JIT],0x0000780ceb85866d
2959667.0,563602,python,[JIT],0x00007fe8c274c4ff
2959544.0,563547,python,[JIT],0x000076033c3f8083
2959537.0,563602,python,python,builtin_max
2959510.0,563590,python,[JIT],0x0000780ceb85073f
2959439.0,563579,python,python,unicode_length
2959278.0,563590,python,[JIT],0x0000780ceb86e1f8
2958902.0,563602,python,python,PyObject_Hash
2958869.0,563602,python,[JIT],0x00007fe8c2c46012
2958788.0,563602,python,[JIT],0x00007fe8c1aa9f27
2958780.0,563579,python,[JIT],0x000070d052c88d69
2958726.0,563602,python,[JIT],0x00007fe8c1a9d00a
2958701.0,563554,python,python,PyNumber_Absolute
2958682.0,563554,python,[JIT],0x000078c4e7bfc1e5
2958542.0,563602,python,[JIT],0x00007fe8c2c48023
2958514.0,563547,python,[JIT],0x000076033ccc8391
2958363.0,563554,python,[JIT],0x000078c4e7c4dce2
2958308.0,563579,python,[JIT],0x000070d05356504c
2958196.0,563554,python,[JIT],0x000078c4e7c0b218
2958188.0,563590,python,python,_PyThreadState_PopFrame
2958161.0,563554,python,[JIT],0x000078c4e7c1c8f2
2958109.0,563602,python,python,_PyLong_FromMedium
2958074.0,563602,python,[JIT],0x00007fe8c1a91af2
2957913.0,563590,python,python,PyNumber_Negative
2957840.0,563554,python,[JIT],0x000078c4e7c49094
2957784.0,563613,python,[JIT],0x0000776405f99a99
2957734.0,563590,python,python,PyTuple_New
2957711.0,563568,python,python,PyErr_CheckSignals
2957679.0,563579,python,python,_PyUnicode_Repeat
2957614.0,563613,python,[JIT],0x000077640701306b
2957606.0,563579,python,[JIT],0x000070d0523859ea
2957578.0,563554,python,libc.so.6,_int_malloc
2957516.0,563590,python,[JIT],0x0000780ceb86e000
2957489.0,563602,python,python,PyErr_CheckSignals
2957413.0,563602,python,[JIT],0x00007fe8c1a8cf14
2957249.0,563602,python,[JIT],0x00007fe8c1a541d7
2957028.0,563602,python,[JIT],0x00007fe8c1d1c000
2956998.0,563579,python,[JIT],0x000070d052c891e1
2956928.0,563602,python,[JIT],0x00007fe8c1a85778
2956726.0,563602,python,python,long_neg_method
2956694.0,563579,python,[JIT],0x000070d052c881d0
2956637.0,563590,python,python,_PyCallMethodDescriptorFast_StackRef
2956603.0,563590,python,[JIT],0x0000780ceb86e2b9
2956524.0,563547,python,python,compactlongs_xor
2956464.0,563590,python,python,PyType_IsSubtype
2956425.0,563590,python,python,_PyObject_GetAttrStackRef
2956236.0,563579,python,[JIT],0x000070d0523a32ec
2956219.0,563579,python,[JIT],0x000070d0523bd1ba
2956208.0,563547,python,[JIT],0x000076033c405db1
2956082.0,563547,python,[JIT],0x000076033c3ca91c
2956070.0,563602,python,python,_Py_CallBuiltinClass_StackRef
2955840.0,563579,python,[JIT],0x000070d0523852c7
2955821.0,563547,python,libc.so.6,unlink_chunk.isra.0
2955793.0,563602,python,python,PyLong_FromLong
2955774.0,563590,python,[JIT],0x0000780ceca41088
2955496.0,563602,python,[JIT],0x00007fe8c1a715fb
2955490.0,563547,python,libc.so.6,_int_free_maybe_consolidate
2955473.0,563554,python,python,slot_tp_richcompare
2955356.0,563547,python,[JIT],0x000076033c4140f2
2955339.0,563579,python,python,_sre_SRE_Pattern_prefixmatch
2955295.0,563579,python,python,PyThread_get_thread_ident
2955272.0,563590,python,[JIT],0x0000780ceb8ac500
2955248.0,563579,python,python,dict_get
2955138.0,563590,python,python,lookup_method_ex.constprop.0
2954894.0,563590,python,python,BaseException_new
2954647.0,563547,python,[JIT],0x000076033d0ec094
2954476.0,563568,python,libc.so.6,_int_malloc
2954424.0,563554,python,[JIT],0x000078c4e7c55f45
2953941.0,563602,python,python,meth_dealloc
2953601.0,563602,python,python,PyUnicode_New
2953480.0,563579,python,[JIT],0x000070d0523c82da
2953416.0,563613,python,python,long_pow
2953143.0,563554,python,python,PyMem_Free
2953117.0,563602,python,[JIT],0x00007fe8c1a85a53
2953000.0,563602,python,python,_PyEval_UnpackIndices
2952773.0,563602,python,python,tp_new_wrapper
2952587.0,563613,python,python,_Py_CheckFunctionResult
2952573.0,563602,python,[JIT],0x00007fe8c1a83797
2952205.0,563554,python,python,unicodekeys_lookup_unicode
2952106.0,563547,python,[JIT],0x000076033c41e0d1
2952011.0,563590,python,python,_PyCompactLong_Multiply
2952009.0,563554,python,python,PyUnicode_AsUTF8AndSize
2951892.0,563602,python,python,_Py_BuiltinCallFastWithKeywords_StackRef
2951879.0,563613,python,python,compactlongs_guard
2951647.0,563590,python,python,subtype_dealloc
2951041.0,563547,python,[JIT],0x000076033d0ec432
2950870.0,563579,python,python,list_extend_lock_held
2950767.0,563590,python,[JIT],0x0000780ceb89d5c6
2950742.0,563613,python,[JIT],0x0000776405f58170
2950732.0,563613,python,python,_Py_VectorCall_StackRefSteal
2950699.0,563590,python,[JIT],0x0000780ceb89df0a
2950673.0,563613,python,python,free@plt
2950193.0,563579,python,python,long_neg_method
2950055.0,563579,python,[JIT],0x000070d052c8725a
2949990.0,563568,python,python,PyObject_Size
2949643.0,563568,python,python,PyObject_Str
2949632.0,563554,python,[JIT],0x000078c4e7bfcc3b
2949579.0,563590,python,python,_Py_BuiltinCallFastWithKeywords_StackRef
2949566.0,563554,python,[JIT],0x000078c4e7c3419d
2949260.0,563613,python,[JIT],0x0000776405f97f3d
2949098.0,563547,python,[JIT],0x000076033c3be000
2949063.0,563554,python,python,_PyUnicode_TransformDecimalAndSpaceToASCII
2948943.0,563579,python,[JIT],0x000070d052383c5d
2948928.0,563590,python,[JIT],0x0000780cec54731d
2948740.0,563554,python,[JIT],0x000078c4e7c4a3e3
2948693.0,563590,python,python,PyObject_GetOptionalAttr
2948504.0,563579,python,[JIT],0x000070d052399798
2948354.0,563568,python,libc.so.6,__memcmp_avx2_movbe
2947834.0,563547,python,python,_io_BytesIO_read
2947767.0,563554,python,python,_PyObject_Realloc
2947431.0,563554,python,[JIT],0x000078c4e8def000
2947097.0,563602,python,python,PyObject_Vectorcall
2947065.0,563613,python,[JIT],0x0000776405f92808
2947049.0,563590,python,python,PyObject_GenericGetAttr
2946928.0,563590,python,python,_copy_characters.constprop.0.isra.0
2946588.0,563579,python,[JIT],0x000070d0523bf71b
2946554.0,563554,python,python,PyObject_GetBuffer
2946490.0,563554,python,[JIT],0x000078c4e7c36b18
2946446.0,563590,python,python,PyUnicode_AsUTF8AndSize
2946369.0,563613,python,python,clear_slots
2946320.0,563602,python,python,PyThread_get_thread_ident
2946248.0,563579,python,python,PyObject_GetBuffer
2945839.0,563590,python,python,PyMethod_New
2945766.0,563579,python,[JIT],0x000070d052383887
2945736.0,563590,python,[JIT],0x0000780ceb8a6434
2945612.0,563547,python,python,_io_StringIO_write
2945575.0,563579,python,[JIT],0x000070d053567000
2945436.0,563579,python,python,strlen@plt
2945359.0,563590,python,[JIT],0x0000780ceb8469a7
2945305.0,563554,python,[JIT],0x000078c4e8ded147
2944792.0,563579,python,[JIT],0x000070d05356510b
2944225.0,563579,python,[JIT],0x000070d0523792c0
2943916.0,563602,python,python,_PyObject_Realloc
2943673.0,563590,python,python,PyLong_FromSsize_t
2943589.0,563554,python,[JIT],0x000078c4e82dac65
2943517.0,563554,python,python,builtin_print
2943408.0,563554,python,[JIT],0x000078c4e7c4aa61
2942936.0,563568,python,python,_PyStaticType_GetState
2942075.0,563579,python,python,PyDescr_IsData
2942075.0,563554,python,[JIT],0x000078c4e8ded135
2940991.0,563590,python,[JIT],0x0000780ceb82d784
2940778.0,563613,python,python,PyObject_ClearWeakRefs
2940071.0,563590,python,python,PyType_GetModuleByDef
2939927.0,563554,python,[JIT],0x000078c4e7c1a00a
2938764.0,563602,python,python,PyObject_GC_UnTrack
2938016.0,563568,python,python,PyTuple_FromArray.part.0
2936807.0,563554,python,python,long_neg_method
2936787.0,563590,python,python,_PyType_LookupStackRefAndVersion
2936136.0,563568,python,python,_PyThreadState_PopFrame
2935754.0,563613,python,[JIT],0x000077640701300a
2935202.0,563613,python,python,PyType_IsSubtype
2934247.0,563554,python,python,_PyThreadState_PushFrame
2933966.0,563554,python,[JIT],0x000078c4e7c0ff4f
2933533.0,563547,python,[JIT],0x000076033d0ec5f9
2930332.0,563613,python,python,long_alloc
2930200.0,563547,python,python,PyBytes_FromStringAndSize
2929159.0,563590,python,python,_PyObject_Call_Prepend
2926897.0,563568,python,python,PyObject_IsTrue
2926283.0,563568,python,python,PyType_IsSubtype
2924162.0,563568,python,python,_PyArg_UnpackKeywords
2916952.0,563590,python,python,PyType_GenericAlloc
2909781.0,563568,python,python,slot_tp_new
2907315.0,563554,python,python,object_dealloc
2880204.0,563547,python,[JIT],0x000076033d413061
2877416.0,563547,python,python,PyBuffer_Release
2863738.0,563590,python,[JIT],0x0000780ceb863f4f
2863542.0,563579,python,[JIT],0x000070d052c885f9
2842098.0,563590,python,python,_PyMem_RawFree
2838939.0,563554,python,python,PyObject_GenericHash
2831383.0,563579,python,[JIT],0x000070d0523bf27e
2821315.0,563602,python,[JIT],0x00007fe8c2c46127
2813748.0,563547,python,[JIT],0x000076033c3fd60d
2813493.0,563547,python,[JIT],0x000076033d0ec351
2756365.0,563547,python,[JIT],0x000076033c404f54
2205118.0,563590,python,python,_PyRunRemoteDebugger
2105819.0,563613,python,python,pattern_new_match
1983090.0,563568,python,python,PyMethod_New
1983071.0,563590,python,python,unicode_compare
1982785.0,563590,python,libc.so.6,__memcmp_avx2_movbe
1982772.0,563547,python,[JIT],0x000076033c41de90
1982488.0,563590,python,python,slot_tp_str
1982449.0,563602,python,python,BaseException_new
1982321.0,563554,python,python,PyUnicode_New
1982193.0,563568,python,[JIT],0x000073d05eab9feb
1982176.0,563579,python,[JIT],0x000070d052c87061
1982115.0,563568,python,libc.so.6,__memmove_avx_unaligned_erms
1982002.0,563579,python,[JIT],0x000070d0523bf1c2
1981990.0,563613,python,[JIT],0x0000776407153127
1981979.0,563568,python,python,PyObject_ClearWeakRefs
1981967.0,563554,python,[JIT],0x000078c4e7c3f8bf
1981923.0,563579,python,python,PyNumber_Multiply
1981894.0,563613,python,python,getset_get
1981837.0,563579,python,python,BaseException_new
1981820.0,563568,python,python,_Py_type_getattro_stackref
1981792.0,563547,python,[JIT],0x000076033c411000
1981754.0,563590,python,[JIT],0x0000780ceb8638d0
1981733.0,563590,python,python,list_extend_lock_held
1981708.0,563554,python,[JIT],0x000078c4e7c4e003
1981703.0,563568,python,python,_Py_NewReference
1981692.0,563554,python,[JIT],0x000078c4e7bfccc0
1981646.0,563590,python,python,builtin_abs
1981612.0,563590,python,[JIT],0x0000780cec5485b7
1981601.0,563590,python,[JIT],0x0000780ceb85291c
1981599.0,563590,python,[JIT],0x0000780ceb8a62af
1981591.0,563613,python,python,type_call
1981565.0,563613,python,[JIT],0x0000776405fae97e
1981556.0,563613,python,[JIT],0x0000776405faf4ee
1981524.0,563613,python,[JIT],0x0000776405fade38
1981495.0,563554,python,[JIT],0x000078c4e82db141
1981491.0,563590,python,[JIT],0x0000780ceb858670
1981482.0,563613,python,[JIT],0x0000776407013462
1981481.0,563613,python,[JIT],0x000077640664338d
1981460.0,563613,python,[JIT],0x0000776405f811bb
1981455.0,563554,python,[JIT],0x000078c4e7c13000
1981435.0,563579,python,python,_PyLong_ExactDealloc
1981426.0,563613,python,[JIT],0x0000776407013cb9
1981423.0,563590,python,[JIT],0x0000780ceb880f9f
1981421.0,563613,python,[JIT],0x0000776405f92974
1981399.0,563613,python,[JIT],0x0000776405f71e61
1981397.0,563613,python,[JIT],0x0000776405f64bf9
1981394.0,563613,python,[JIT],0x0000776405f752be
1981376.0,563613,python,[JIT],0x0000776405f65067
1981376.0,563590,python,[JIT],0x0000780ceb89e997
1981367.0,563547,python,python,optimize_uops.isra.0
1981354.0,563613,python,[JIT],0x0000776405f74dfe
1981353.0,563613,python,python,PyFile_WriteObject
1981351.0,563613,python,[JIT],0x0000776405f93243
1981350.0,563590,python,python,_PyOptimizer_Optimize
1981350.0,563554,python,python,sre_ucs1_match
1981343.0,563554,python,[JIT],0x000078c4e82da432
1981341.0,563613,python,[JIT],0x0000776405f69000
1981328.0,563554,python,[JIT],0x000078c4e7bfda6b
1981319.0,563613,python,[JIT],0x0000776405f9f766
1981314.0,563547,python,[JIT],0x000076033c7a3039
1981313.0,563554,python,[JIT],0x000078c4e7c5516c
1981306.0,563547,python,[JIT],0x000076033c3e610f
1981303.0,563590,python,[JIT],0x0000780ceb88e443
1981300.0,563554,python,[JIT],0x000078c4e82da17f
1981273.0,563613,python,[JIT],0x0000776405f82413
1981268.0,563590,python,[JIT],0x0000780ceb868d4d
1981265.0,563547,python,[JIT],0x000076033c3d8818
1981264.0,563554,python,[JIT],0x000078c4e7c3f5a3
1981261.0,563590,python,python,_PyObject_VectorcallPrepend
1981259.0,563590,python,python,PyLong_FromLong
1981240.0,563547,python,[JIT],0x000076033d0ec4e5
1981238.0,563613,python,[JIT],0x000077640701323a
1981235.0,563613,python,[JIT],0x0000776405fad1ae
1981232.0,563547,python,[JIT],0x000076033c4155be
1981232.0,563590,python,[JIT],0x0000780cec54819a
1981223.0,563613,python,[JIT],0x0000776405f52ed3
1981223.0,563554,python,[JIT],0x000078c4e7c0cf84
1981221.0,563613,python,[JIT],0x0000776405fb0c70
1981206.0,563590,python,[JIT],0x0000780ceb8570d2
1981205.0,563613,python,python,PyThread_get_thread_ident
1981202.0,563590,python,[JIT],0x0000780ceb8541c7
1981199.0,563613,python,[JIT],0x0000776405f7a933
1981198.0,563590,python,[JIT],0x0000780ceb862840
1981195.0,563613,python,[JIT],0x0000776405f82011
1981191.0,563590,python,[JIT],0x0000780ceb886609
1981188.0,563554,python,[JIT],0x000078c4e7c49e09
1981188.0,563590,python,[JIT],0x0000780ceb8819de
1981185.0,563590,python,[JIT],0x0000780ceb89d41d
1981178.0,563613,python,[JIT],0x0000776405f72c5d
1981177.0,563613,python,[JIT],0x0000776405f589a7
1981177.0,563590,python,libc.so.6,cfree@GLIBC_2.2.5
1981175.0,563554,python,python,unicode_length
1981166.0,563590,python,[JIT],0x0000780ceca4106b
1981165.0,563590,python,[JIT],0x0000780ceca411a9
1981164.0,563547,python,[JIT],0x000076033d0ec010
1981164.0,563613,python,[JIT],0x0000776405f69d00
1981163.0,563613,python,[JIT],0x0000776405fac941
1981158.0,563554,python,[JIT],0x000078c4e7c4a43c
1981153.0,563554,python,python,object_init
1981151.0,563613,python,[JIT],0x0000776405f73677
1981147.0,563590,python,[JIT],0x0000780cec5482fc
1981145.0,563613,python,[JIT],0x0000776405f57000
1981142.0,563613,python,[JIT],0x000077640701360b
1981142.0,563590,python,[JIT],0x0000780ceb8a70d1
1981124.0,563613,python,[JIT],0x0000776405f9a045
1981122.0,563590,python,python,method_get
1981118.0,563590,python,[JIT],0x0000780ceb847c27
1981111.0,563613,python,[JIT],0x0000776405f842a7
1981103.0,563554,python,[JIT],0x000078c4e8ded0b4
1981101.0,563547,python,[JIT],0x000076033c40d989
1981097.0,563554,python,[JIT],0x000078c4e8ded0d3
1981096.0,563613,python,[JIT],0x0000776405f7353b
1981092.0,563613,python,[JIT],0x0000776405f7922e
1981088.0,563613,python,[JIT],0x0000776405faccf2
1981086.0,563613,python,python,cfunction_vectorcall_O
1981086.0,563590,python,[JIT],0x0000780ceb885fd9
1981085.0,563613,python,[JIT],0x000077640715315c
1981079.0,563554,python,[JIT],0x000078c4e8ded0c8
1981077.0,563613,python,[JIT],0x0000776405f6562d
1981075.0,563613,python,[JIT],0x00007764070130e7
1981073.0,563613,python,[JIT],0x00007764066432cb
1981069.0,563613,python,[JIT],0x0000776405f6481d
1981057.0,563590,python,[JIT],0x0000780ceb89bf6e
1981054.0,563590,python,python,PyMem_Realloc
1981053.0,563547,python,[JIT],0x000076033c3c93dd
1981047.0,563554,python,[JIT],0x000078c4e82da499
1981043.0,563554,python,[JIT],0x000078c4e7c2f808
1981042.0,563613,python,[JIT],0x0000776405f62a27
1981039.0,563554,python,[JIT],0x000078c4e7c0ba44
1981036.0,563554,python,[JIT],0x000078c4e7c5500a
1981033.0,563547,python,[JIT],0x000076033c416134
1981033.0,563554,python,[JIT],0x000078c4e7c3560d
1981032.0,563590,python,[JIT],0x0000780ceb8729e0
1981031.0,563613,python,[JIT],0x0000776405f9f11f
1981023.0,563613,python,[JIT],0x0000776405fbe4ed
1981023.0,563590,python,[JIT],0x0000780ceb84b252
1981022.0,563613,python,[JIT],0x0000776405fb11ca
1981019.0,563613,python,[JIT],0x0000776405f58100
1981013.0,563613,python,[JIT],0x0000776405f6273f
1981013.0,563590,python,[JIT],0x0000780cec5481fb
1981006.0,563590,python,[JIT],0x0000780ceb846000
1981005.0,563547,python,[JIT],0x000076033c415b28
1981001.0,563613,python,[JIT],0x0000776407013165
1980999.0,563613,python,python,cfunction_vectorcall_FASTCALL_KEYWORDS
1980995.0,563547,python,[JIT],0x000076033c411dde
1980992.0,563590,python,[JIT],0x0000780ceb89ebdc
1980991.0,563554,python,[JIT],0x000078c4e7c1a1cb
1980988.0,563590,python,[JIT],0x0000780ceb89d392
1980986.0,563547,python,[JIT],0x000076033c3cbc54
1980985.0,563590,python,[JIT],0x0000780ceb889e86
1980982.0,563590,python,python,PyNumber_Absolute
1980982.0,563590,python,[JIT],0x0000780ceb8a7351
1980981.0,563547,python,[JIT],0x000076033c4144ee
1980975.0,563547,python,[kernel.kallsyms],error_entry
1980971.0,563547,python,[JIT],0x000076033c3d7003
1980965.0,563613,python,[JIT],0x0000776405f79060
1980963.0,563590,python,[JIT],0x0000780ceb88657f
1980957.0,563613,python,[JIT],0x0000776405f6628e
1980957.0,563554,python,[JIT],0x000078c4e7c2f000
1980953.0,563590,python,[JIT],0x0000780ceca4118b
1980951.0,563613,python,[JIT],0x0000776405faeb2a
1980943.0,563554,python,[JIT],0x000078c4e7bf5990
1980941.0,563613,python,[JIT],0x0000776405f81232
1980941.0,563590,python,[JIT],0x0000780ceb89e0bf
1980940.0,563613,python,[JIT],0x0000776405f810f4
1980939.0,563547,python,[JIT],0x000076033c3fa3b1
1980938.0,563590,python,[JIT],0x0000780ceb863136
1980936.0,563590,python,[JIT],0x0000780ceb88ec86
1980935.0,563554,python,python,slot_nb_add
1980934.0,563547,python,[kernel.kallsyms],rb_next
1980921.0,563554,python,python,compactlongs_guard
1980911.0,563554,python,[JIT],0x000078c4e7c4b0b2
1980908.0,563547,python,[JIT],0x000076033c3e6137
1980907.0,563547,python,[JIT],0x000076033c3da1a0
1980900.0,563547,python,[JIT],0x000076033c3fbc98
1980898.0,563590,python,[JIT],0x0000780ceb881bac
1980889.0,563602,python,python,PyType_GenericAlloc
1980886.0,563554,python,[JIT],0x000078c4e7c3c67e
1980885.0,563554,python,python,long_dealloc
1980879.0,563590,python,python,strlen@plt
1980875.0,563554,python,[JIT],0x000078c4e7c1c405
1980873.0,563547,python,[JIT],0x000076033c40510f
1980870.0,563590,python,[JIT],0x0000780ceb89ec7b
1980866.0,563554,python,[JIT],0x000078c4e7c384cd
1980861.0,563554,python,[JIT],0x000078c4e7c1c413
1980859.0,563590,python,[JIT],0x0000780ceb881396
1980857.0,563579,python,[JIT],0x000070d0523a487c
1980850.0,563602,python,[JIT],0x00007fe8c1a87112
1980849.0,563554,python,[JIT],0x000078c4e7c1b290
1980849.0,563590,python,[JIT],0x0000780ceb88d09b
1980841.0,563613,python,[JIT],0x0000776405f99342
1980841.0,563613,python,[JIT],0x0000776405fb0d1a
1980839.0,563554,python,[JIT],0x000078c4e7c5517b
1980836.0,563568,python,python,object_new
1980831.0,563613,python,[JIT],0x0000776405fa02d3
1980830.0,563554,python,[JIT],0x000078c4e7bd9000
1980825.0,563602,python,[JIT],0x00007fe8c1aa031d
1980821.0,563554,python,[JIT],0x000078c4e7c552ff
1980820.0,563554,python,[JIT],0x000078c4e7c4d3d1
1980818.0,563590,python,[JIT],0x0000780cec54827b
1980816.0,563547,python,[JIT],0x000076033c3fd917
1980810.0,563554,python,[JIT],0x000078c4e82da1c5
1980808.0,563613,python,[JIT],0x0000776405fa0d46
1980806.0,563590,python,[JIT],0x0000780ceb88140a
1980793.0,563613,python,[JIT],0x0000776405f72033
1980785.0,563547,python,python,_PyMem_RawFree
1980784.0,563590,python,[JIT],0x0000780ceb88a1e9
1980782.0,563547,python,[JIT],0x000076033d0ec657
1980776.0,563602,python,[JIT],0x00007fe8c1a73feb
1980773.0,563547,python,[JIT],0x000076033c400f14
1980772.0,563602,python,python,_PyMem_RawMalloc
1980767.0,563590,python,[JIT],0x0000780ceb86eb8d
1980763.0,563547,python,[JIT],0x000076033c3da70a
1980763.0,563590,python,[JIT],0x0000780ceb89adde
1980761.0,563590,python,[JIT],0x0000780cec5489af
1980758.0,563613,python,[JIT],0x00007764071530da
1980756.0,563613,python,[JIT],0x0000776405f72752
1980750.0,563554,python,[JIT],0x000078c4e82da96e
1980750.0,563590,python,[JIT],0x0000780ceb846c4a
1980749.0,563613,python,[JIT],0x0000776407153012
1980747.0,563547,python,[JIT],0x000076033d5b90b4
1980744.0,563613,python,[JIT],0x0000776405fae3af
1980743.0,563590,python,[JIT],0x0000780cec5481a9
1980742.0,563554,python,[JIT],0x000078c4e7c55f27
1980739.0,563579,python,[JIT],0x000070d0523b0d1e
1980738.0,563547,python,[JIT],0x000076033c3d8f84
1980735.0,563590,python,[JIT],0x0000780ceb89dc01
1980731.0,563554,python,[JIT],0x000078c4e7bd900a
1980723.0,563590,python,[JIT],0x0000780ceb86e287
1980720.0,563547,python,python,PyObject_GetAttr
1980719.0,563590,python,_struct.cpython-316-x86_64-linux-gnu.so,PyObject_GetBuffer@plt
1980716.0,563547,python,[JIT],0x000076033c414f0a
1980715.0,563613,python,[JIT],0x0000776405f620ce
1980713.0,563554,python,[JIT],0x000078c4e7c4ce5d
1980707.0,563602,python,[JIT],0x00007fe8c1a9ea61
1980703.0,563547,python,[JIT],0x000076033c3c8549
1980701.0,563590,python,[JIT],0x0000780ceb8a82a4
1980699.0,563602,python,python,_PyStaticMethod_GetFunc
1980698.0,563554,python,python,compactlongs_xor
1980692.0,563613,python,[JIT],0x00007764063391e1
1980683.0,563602,python,[JIT],0x00007fe8c1a9fbdb
1980683.0,563554,python,[JIT],0x000078c4e7c4b302
1980682.0,563613,python,[JIT],0x000077640715304c
1980681.0,563554,python,[JIT],0x000078c4e82dabce
1980678.0,563547,python,[JIT],0x000076033c3f81e6
1980675.0,563547,python,python,malloc@plt
1980672.0,563579,python,python,_PyOptimizer_Optimize
1980667.0,563590,python,[JIT],0x0000780ceb860437
1980663.0,563547,python,[JIT],0x000076033c3d71dc
1980663.0,563547,python,[JIT],0x000076033c411094
1980662.0,563613,python,[JIT],0x0000776405f954fe
1980653.0,563590,python,[JIT],0x0000780ceb870feb
1980650.0,563554,python,[JIT],0x000078c4e7c3ddfb
1980649.0,563547,python,[JIT],0x000076033c4153bf
1980647.0,563547,python,[JIT],0x000076033d41333c
1980644.0,563547,python,[JIT],0x000076033c3e7dff
1980643.0,563547,python,[JIT],0x000076033c3ff60f
1980642.0,563602,python,[JIT],0x00007fe8c1a65f14
1980637.0,563547,python,[JIT],0x000076033c3c1fb0
1980632.0,563547,python,[JIT],0x000076033c405820
1980621.0,563579,python,[JIT],0x000070d0523c0e81
1980613.0,563579,python,[JIT],0x000070d052383289
1980611.0,563554,python,[JIT],0x000078c4e7c0c591
1980603.0,563613,python,[JIT],0x0000776405f932e3
1980600.0,563547,python,[JIT],0x000076033c4142f0
1980599.0,563579,python,[JIT],0x000070d0523ca2ee
1980598.0,563554,python,[JIT],0x000078c4e7c1e1ad
1980596.0,563579,python,[JIT],0x000070d05237560d
1980594.0,563554,python,[JIT],0x000078c4e7c4966d
1980583.0,563602,python,[JIT],0x00007fe8c1a73f67
1980578.0,563613,python,[JIT],0x00007764071530ed
1980574.0,563547,python,[JIT],0x000076033c3f821f
1980574.0,563554,python,[JIT],0x000078c4e7c4dfa2
1980574.0,563554,python,[JIT],0x000078c4e82da23a
1980574.0,563590,python,python,PyLong_FromUnsignedLongLong
1980574.0,563590,python,[JIT],0x0000780ceb86f783
1980572.0,563613,python,[JIT],0x0000776407153052
1980571.0,563602,python,[JIT],0x00007fe8c1a726aa
1980565.0,563579,python,[JIT],0x000070d052c88afe
1980559.0,563602,python,[JIT],0x00007fe8c1a734c9
1980559.0,563613,python,python,object_dealloc
1980558.0,563590,python,python,_PyInterpreterState_GetConfig
1980557.0,563602,python,[JIT],0x00007fe8c1a6cbd8
1980556.0,563613,python,[JIT],0x0000776405fb82af
1980556.0,563554,python,[JIT],0x000078c4e7c30185
1980555.0,563579,python,[JIT],0x000070d052c8827b
1980554.0,563547,python,[JIT],0x000076033c3f92a8
1980553.0,563579,python,python,BaseException_new
1980550.0,563547,python,[JIT],0x000076033c3a8ec8
1980548.0,563602,python,[JIT],0x00007fe8c1a661a0
1980546.0,563554,python,[JIT],0x000078c4e82da365
1980545.0,563602,python,[JIT],0x00007fe8c1a91874
1980545.0,563613,python,[JIT],0x0000776405fae26a
1980541.0,563590,python,[JIT],0x0000780ceb89ec76
1980537.0,563547,python,[JIT],0x000076033c405ca2
1980531.0,563579,python,[JIT],0x000070d0523bd7e6
1980529.0,563547,python,[JIT],0x000076033c3f7707
1980529.0,563547,python,[JIT],0x000076033d5b905e
1980528.0,563554,python,[JIT],0x000078c4e7c2d3a2
1980515.0,563602,python,[JIT],0x00007fe8c1a9e95f
1980511.0,563554,python,[JIT],0x000078c4e7c0e853
1980503.0,563579,python,[JIT],0x000070d0523bf2e2
1980503.0,563602,python,python,PySequence_Fast
1980501.0,563602,python,python,unicode_length
1980499.0,563602,python,[JIT],0x00007fe8c1aa9fcf
1980499.0,563613,python,python,_io_StringIO_write
1980496.0,563547,python,[JIT],0x000076033c3a7ee9
1980494.0,563579,python,[JIT],0x000070d052c870a1
1980491.0,563602,python,python,malloc@plt
1980488.0,563602,python,[JIT],0x00007fe8c1a85b00
1980476.0,563554,python,[JIT],0x000078c4e7c3d805
1980474.0,563579,python,[JIT],0x000070d0523bcb04
1980473.0,563554,python,[JIT],0x000078c4e7c038ca
1980466.0,563613,python,[JIT],0x000077640688716d
1980464.0,563554,python,[JIT],0x000078c4e7c3c50f
1980459.0,563547,python,python,strlen@plt
1980459.0,563554,python,python,pthread_self@plt
1980455.0,563547,python,[JIT],0x000076033d0ec1c5
1980451.0,563602,python,[JIT],0x00007fe8c1a83974
1980445.0,563554,python,python,_PyList_AsTupleAndClear
1980442.0,563547,python,[JIT],0x000076033c415e4c
1980429.0,563554,python,[JIT],0x000078c4e7c4c71b
1980427.0,563554,python,[JIT],0x000078c4e7bd970f
1980425.0,563602,python,[JIT],0x00007fe8c274c43a
1980424.0,563579,python,[JIT],0x000070d0523bccf2
1980423.0,563579,python,[JIT],0x000070d0523bfeb9
1980422.0,563547,python,[JIT],0x000076033c3e591e
1980420.0,563602,python,[JIT],0x00007fe8c274c167
1980420.0,563602,python,[JIT],0x00007fe8c2a133c0
1980413.0,563579,python,[JIT],0x000070d0523bde55
1980413.0,563554,python,python,clear_slots
1980409.0,563602,python,[JIT],0x00007fe8c1a8935a
1980408.0,563547,python,[JIT],0x000076033d0eb00a
1980407.0,563579,python,[JIT],0x000070d0523a5236
1980406.0,563547,python,python,_PyObject_Realloc
1980402.0,563554,python,[JIT],0x000078c4e7c4932f
1980398.0,563590,python,[JIT],0x0000780ceca4100a
1980397.0,563547,python,[JIT],0x000076033c41329f
1980397.0,563613,python,[JIT],0x0000776405f7f0ac
1980395.0,563590,python,[JIT],0x0000780ceb89be49
1980386.0,563547,python,[JIT],0x000076033c405b6c
1980385.0,563613,python,[JIT],0x0000776405f661c7
1980383.0,563579,python,[JIT],0x000070d052366137
1980381.0,563547,python,[JIT],0x000076033c690b03
1980376.0,563613,python,[JIT],0x0000776405f84403
1980375.0,563602,python,[JIT],0x00007fe8c1a72009
1980375.0,563547,python,python,_PyStolenTuple_Free
1980371.0,563547,python,[JIT],0x000076033c41221c
1980370.0,563579,python,[JIT],0x000070d052c88478
1980370.0,563547,python,[JIT],0x000076033c400008
1980368.0,563579,python,[JIT],0x000070d05274d31f
1980368.0,563602,python,[JIT],0x00007fe8c1a35098
1980363.0,563547,python,[JIT],0x000076033c3a98a8
1980362.0,563554,python,[JIT],0x000078c4e7c0b66b
1980361.0,563547,python,[JIT],0x000076033c3c89d6
1980357.0,563602,python,[JIT],0x00007fe8c1a9db04
1980350.0,563554,python,[JIT],0x000078c4e7c2f320
1980337.0,563590,python,[JIT],0x0000780ceb86f145
1980336.0,563602,python,[JIT],0x00007fe8c2c4618b
1980335.0,563547,python,[JIT],0x000076033c3a6657
1980331.0,563602,python,[JIT],0x00007fe8c1aa071b
1980324.0,563602,python,python,_PyJIT_Entry
1980319.0,563579,python,python,builtin_max
1980308.0,563602,python,[JIT],0x00007fe8c1a9d19d
1980307.0,563590,python,[JIT],0x0000780ceb89b78f
1980305.0,563613,python,[JIT],0x0000776405fa28ab
1980303.0,563554,python,[JIT],0x000078c4e82da37f
1980301.0,563602,python,[JIT],0x00007fe8c1aa1052
1980300.0,563579,python,[JIT],0x000070d0523772b0
1980292.0,563602,python,python,PyObject_GetBuffer
1980287.0,563579,python,python,PyMem_Free
1980287.0,563602,python,python,_Py_dict_lookup
1980285.0,563579,python,python,PyUnicode_RichCompare
1980285.0,563579,python,[JIT],0x000070d0523bd29d
1980285.0,563547,python,[JIT],0x000076033d0ec28c
1980283.0,563547,python,[JIT],0x000076033c41336e
1980281.0,563579,python,[JIT],0x000070d0523858b3
1980275.0,563554,python,[JIT],0x000078c4e7c38f14
1980274.0,563579,python,[JIT],0x000070d0523bce00
1980272.0,563602,python,[JIT],0x00007fe8c1a9d594
1980263.0,563547,python,[JIT],0x000076033d413365
1980262.0,563547,python,[JIT],0x000076033c412373
1980260.0,563554,python,[JIT],0x000078c4e8ded18b
1980257.0,563579,python,[JIT],0x000070d052382a5b
1980237.0,563579,python,[JIT],0x000070d052384f88
1980237.0,563547,python,[JIT],0x000076033c414a3d
1980235.0,563602,python,[JIT],0x00007fe8c1a54a27
1980234.0,563579,python,[JIT],0x000070d052355f3b
1980234.0,563579,python,[JIT],0x000070d052377b69
1980234.0,563579,python,[JIT],0x000070d0523bc594
1980233.0,563590,python,[JIT],0x0000780ceb89b665
1980225.0,563613,python,python,_PyObject_MakeTpCall
1980224.0,563547,python,[JIT],0x000076033c3e635a
1980219.0,563547,python,[JIT],0x000076033c3f96d8
1980215.0,563613,python,[JIT],0x0000776405faec63
1980208.0,563554,python,python,PyType_IsSubtype
1980206.0,563579,python,[JIT],0x000070d05235b08d
1980205.0,563602,python,[JIT],0x00007fe8c1a341e4
1980201.0,563547,python,python,PyBuffer_FillInfo
1980199.0,563579,python,[JIT],0x000070d0523655fb
1980199.0,563602,python,[JIT],0x00007fe8c1a568ae
1980199.0,563554,python,[JIT],0x000078c4e82da5f9
1980196.0,563554,python,[JIT],0x000078c4e8ded18f
1980195.0,563602,python,[JIT],0x00007fe8c1a55789
1980193.0,563579,python,[JIT],0x000070d052350221
1980192.0,563579,python,[JIT],0x000070d0523452cb
1980191.0,563602,python,[JIT],0x00007fe8c1a9f834
1980187.0,563602,python,[JIT],0x00007fe8c1a6d5bc
1980170.0,563602,python,[JIT],0x00007fe8c1a63a8a
1980156.0,563554,python,[JIT],0x000078c4e7beced3
1980155.0,563602,python,[JIT],0x00007fe8c2c46119
1980154.0,563613,python,[JIT],0x0000776405fa0af2
1980153.0,563579,python,python,bytes_richcompare
1980148.0,563613,python,[JIT],0x0000776405fb82ab
1980143.0,563602,python,[JIT],0x00007fe8c1a88000
1980142.0,563602,python,[JIT],0x00007fe8c1aa1cfd
1980133.0,563547,python,[JIT],0x000076033c41295f
1980127.0,563613,python,[JIT],0x0000776405f5d7a3
1980125.0,563554,python,[JIT],0x000078c4e7be700a
1980117.0,563547,python,[JIT],0x000076033c404564
1980110.0,563602,python,[JIT],0x00007fe8c2a13252
1980104.0,563579,python,[JIT],0x000070d0523711c7
1980104.0,563602,python,[JIT],0x00007fe8c1a888d5
1980101.0,563613,python,[JIT],0x0000776405f7900a
1980101.0,563590,python,[JIT],0x0000780ceca4113b
1980096.0,563602,python,[JIT],0x00007fe8c1a9e78f
1980093.0,563590,python,python,long_abs_method
1980091.0,563602,python,[JIT],0x00007fe8c1a6c93d
1980080.0,563547,python,python,PyObject_GetBuffer
1980079.0,563579,python,[JIT],0x000070d052c885ea
1980077.0,563579,python,[JIT],0x000070d052c8700a
1980077.0,563579,python,[JIT],0x000070d052c8717e
1980076.0,563602,python,[JIT],0x00007fe8c1a846e8
1980068.0,563579,python,[JIT],0x000070d0523b0d46
1980066.0,563547,python,[JIT],0x000076033c3e6e28
1980065.0,563579,python,[JIT],0x000070d052c87286
1980058.0,563579,python,[JIT],0x000070d052386145
1980048.0,563579,python,[JIT],0x000070d0523c0f41
1980047.0,563602,python,[JIT],0x00007fe8c1a9f420
1980045.0,563579,python,[JIT],0x000070d0523659be
1980044.0,563579,python,python,PyBuffer_Release
1980038.0,563579,python,[JIT],0x000070d0523bf6c4
1980033.0,563554,python,[JIT],0x000078c4e7be5000
1980029.0,563547,python,[JIT],0x000076033c3cbfee
1980027.0,563579,python,[JIT],0x000070d052c882f4
1980020.0,563579,python,[JIT],0x000070d052c88365
1980020.0,563613,python,python,slot_tp_str
1980019.0,563602,python,[JIT],0x00007fe8c1a54ac1
1980015.0,563602,python,[JIT],0x00007fe8c1a8c121
1980005.0,563554,python,[JIT],0x000078c4e7c4df19
1980004.0,563590,python,libc.so.6,_int_free
1980003.0,563554,python,[JIT],0x000078c4e7c1dd94
1979997.0,563602,python,[JIT],0x00007fe8c1a731fa
1979995.0,563579,python,[JIT],0x000070d0523bf8eb
1979995.0,563602,python,[JIT],0x00007fe8c1a50788
1979994.0,563579,python,[JIT],0x000070d052c883db
1979993.0,563554,python,[JIT],0x000078c4e7c2f00a
1979993.0,563554,python,[JIT],0x000078c4e7c31293
1979986.0,563579,python,[JIT],0x000070d0523bf352
1979980.0,563602,python,[JIT],0x00007fe8c1e2e31f
1979978.0,563613,python,[JIT],0x0000776405f75f4f
1979977.0,563554,python,[JIT],0x000078c4e7c308ea
1979970.0,563579,python,[JIT],0x000070d0523afd76
1979966.0,563579,python,[JIT],0x000070d0523471e2
1979964.0,563590,python,[JIT],0x0000780ceb89adda
1979960.0,563579,python,python,_PyInterpreterState_Main
1979939.0,563579,python,[JIT],0x000070d0535650e9
1979930.0,563602,python,[JIT],0x00007fe8c274c59b
1979916.0,563579,python,[JIT],0x000070d052c88462
1979915.0,563579,python,[JIT],0x000070d052370ffe
1979910.0,563554,python,[JIT],0x000078c4e7c552da
1979900.0,563613,python,[JIT],0x0000776405f7137f
1979898.0,563579,python,[JIT],0x000070d0523c98e0
1979886.0,563554,python,[JIT],0x000078c4e7c0c048
1979880.0,563579,python,python,long_alloc
1979875.0,563579,python,[JIT],0x000070d0523c88b7
1979868.0,563579,python,[JIT],0x000070d0523a6c8e
1979857.0,563554,python,[JIT],0x000078c4e7c0c2f3
1979854.0,563579,python,[JIT],0x000070d052366c76
1979851.0,563602,python,[JIT],0x00007fe8c1a9ea71
1979841.0,563554,python,[JIT],0x000078c4e7c1a5fb
1979838.0,563613,python,[JIT],0x0000776405f5d2ca
1979835.0,563547,python,[JIT],0x000076033d0ec636
1979834.0,563613,python,[JIT],0x0000776405fae08a
1979832.0,563579,python,[JIT],0x000070d052345fe4
1979822.0,563579,python,python,PyObject_GC_UnTrack
1979818.0,563602,python,[JIT],0x00007fe8c26ec1df
1979809.0,563590,python,[JIT],0x0000780ceb8659d2
1979800.0,563579,python,[JIT],0x000070d05238403d
1979798.0,563602,python,[JIT],0x00007fe8c2a13402
1979790.0,563554,python,[JIT],0x000078c4e7c4da20
1979788.0,563547,python,[JIT],0x000076033c3cb562
1979784.0,563579,python,[JIT],0x000070d052c8828c
1979768.0,563602,python,[JIT],0x00007fe8c1a6e4ab
1979744.0,563602,python,[JIT],0x00007fe8c1a8c723
1979742.0,563579,python,[JIT],0x000070d0523c05be
1979727.0,563579,python,[JIT],0x000070d0523c9402
1979723.0,563579,python,[JIT],0x000070d052382a44
1979722.0,563547,python,[JIT],0x000076033c3cf3ad
1979719.0,563579,python,[JIT],0x000070d052c88bea
1979704.0,563579,python,[JIT],0x000070d052375458
1979703.0,563602,python,[JIT],0x00007fe8c1a9f306
1979682.0,563579,python,[JIT],0x000070d05356519f
1979676.0,563547,python,[JIT],0x000076033c400a15
1979664.0,563554,python,[JIT],0x000078c4e7c37c46
1979655.0,563547,python,python,PyUnicode_RichCompare
1979622.0,563590,python,python,list_contains
1979620.0,563613,python,[JIT],0x0000776405f728f5
1979616.0,563579,python,[JIT],0x000070d052c88b07
1979613.0,563554,python,[JIT],0x000078c4e7c001c7
1979605.0,563554,python,[JIT],0x000078c4e7c4b834
1979600.0,563590,python,[JIT],0x0000780ceb8621a0
1979586.0,563590,python,[JIT],0x0000780ceb86914b
1979579.0,563554,python,[JIT],0x000078c4e7c1d12d
1979568.0,563554,python,[JIT],0x000078c4e7c4b7b1
1979560.0,563579,python,[JIT],0x000070d05236fe2c
1979552.0,563579,python,[JIT],0x000070d053565119
1979534.0,563602,python,[JIT],0x00007fe8c1a4e3b3
1979481.0,563579,python,[JIT],0x000070d052c891e4
1979471.0,563568,python,python,maybe_small_long
1979463.0,563590,python,[JIT],0x0000780ceb89eb5c
1979414.0,563579,python,[JIT],0x000070d053565127
1979404.0,563547,python,[JIT],0x000076033c400727
1979396.0,563579,python,[JIT],0x000070d052c888e8
1979348.0,563590,python,[JIT],0x0000780cec54823a
1979347.0,563579,python,[JIT],0x000070d052c88094
1979313.0,563554,python,[JIT],0x000078c4e7c2446f
1979310.0,563613,python,python,method_vectorcall
1979294.0,563602,python,[JIT],0x00007fe8c1a9de09
1979283.0,563613,python,[JIT],0x0000776405fb115b
1979282.0,563547,python,[JIT],0x000076033c3e51c2
1979265.0,563602,python,libc.so.6,__GI___pthread_self
1979173.0,563602,python,[JIT],0x00007fe8c1a58156
1979158.0,563554,python,python,PyObject_Str
1979142.0,563602,python,[JIT],0x00007fe8c1a5762d
1979142.0,563590,python,[JIT],0x0000780ceb880220
1979131.0,563602,python,[JIT],0x00007fe8c1a65a04
1979126.0,563590,python,python,_Py_NewReference
1979121.0,563602,python,[JIT],0x00007fe8c1a6300a
1979109.0,563590,python,[JIT],0x0000780ceb89ec0d
1979092.0,563613,python,[JIT],0x0000776405f3f657
1979073.0,563579,python,[JIT],0x000070d05237535a
1979065.0,563613,python,[JIT],0x0000776405f824c9
1979055.0,563554,python,[JIT],0x000078c4e7c3739b
1979040.0,563602,python,[JIT],0x00007fe8c2c46135
1979034.0,563554,python,[JIT],0x000078c4e7ecebcb
1979030.0,563590,python,[JIT],0x0000780cec5472bb
1979028.0,563554,python,[JIT],0x000078c4e7c31ee5
1979015.0,563602,python,[JIT],0x00007fe8c1a63a5f
1979007.0,563590,python,[JIT],0x0000780cec5482d4
1979006.0,563579,python,python,wrapperdescr_call
1979002.0,563554,python,[JIT],0x000078c4e7c4c51f
1978992.0,563579,python,[JIT],0x000070d052367c04
1978918.0,563590,python,[JIT],0x0000780ceb86315c
1978891.0,563554,python,[JIT],0x000078c4e7c0e12f
1978886.0,563554,python,[JIT],0x000078c4e7c3509c
1978853.0,563579,python,python,PyBuffer_FillInfo
1978850.0,563579,python,[JIT],0x000070d0523bc822
1978848.0,563554,python,[JIT],0x000078c4e7c1a0ac
1978832.0,563590,python,[JIT],0x0000780cec5483db
1978825.0,563590,python,[JIT],0x0000780ceb82d000
1978780.0,563554,python,[JIT],0x000078c4e7c4aa68
1978774.0,563602,python,libc.so.6,unlink_chunk.isra.0
1978757.0,563602,python,python,_PyUnicode_Repeat
1978745.0,563613,python,[JIT],0x0000776405f71e16
1978699.0,563579,python,python,_Py_uop_analyze_and_optimize
1978696.0,563602,python,[JIT],0x00007fe8c1a9ec55
1978696.0,563547,python,[JIT],0x000076033c41100a
1978683.0,563602,python,[JIT],0x00007fe8c1a9d1cf
1978661.0,563547,python,[JIT],0x000076033c3bf085
1978644.0,563568,python,python,_PyTuple_FromArraySteal
1978642.0,563590,python,[JIT],0x0000780ceca41167
1978638.0,563547,python,[JIT],0x000076033c7a2003
1978632.0,563590,python,[JIT],0x0000780ceca41127
1978631.0,563613,python,[JIT],0x0000776405f62ba7
1978629.0,563579,python,[JIT],0x000070d052639000
1978628.0,563554,python,[JIT],0x000078c4e7c30513
1978627.0,563568,python,python,_PyCallMethodDescriptorFast_StackRef
1978615.0,563554,python,[JIT],0x000078c4e7c3daf2
1978611.0,563554,python,[JIT],0x000078c4e7c2d391
1978557.0,563613,python,[JIT],0x0000776405f97680
1978548.0,563547,python,python,_PyInterpreterState_GetConfig
1978544.0,563547,python,python,PyTuple_New
1978541.0,563547,python,[JIT],0x000076033c405e9f
1978516.0,563602,python,[JIT],0x00007fe8c1a9e482
1978498.0,563602,python,[JIT],0x00007fe8c1a9ef6e
1978491.0,563602,python,python,PyObject_GenericGetAttr
1978489.0,563613,python,[JIT],0x0000776405f73e4f
1978445.0,563579,python,[JIT],0x000070d0523bf21f
1978408.0,563590,python,[JIT],0x0000780ceb89c5a9
1978390.0,563579,python,[JIT],0x000070d052384000
1978377.0,563590,python,[JIT],0x0000780ceb89d71b
1978365.0,563602,python,[JIT],0x00007fe8c274c5b7
1978347.0,563547,python,[JIT],0x000076033c3cc1c7
1978347.0,563554,python,[JIT],0x000078c4e7c55fcf
1978331.0,563568,python,[JIT],0x000073d05eab5008
1978297.0,563554,python,[JIT],0x000078c4e82da2f4
1978271.0,563613,python,[JIT],0x0000776405fb933a
1978267.0,563590,python,[JIT],0x0000780ceb883370
1978252.0,563554,python,[JIT],0x000078c4e7bfc73f
1978223.0,563547,python,[JIT],0x000076033d5b9137
1978154.0,563602,python,[JIT],0x00007fe8c1a67701
1978136.0,563613,python,[JIT],0x0000776405f3f382
1978085.0,563579,python,[JIT],0x000070d05238266b
1978080.0,563602,python,python,_PyInterpreterState_Main
1978026.0,563554,python,[JIT],0x000078c4e7c35458
1977985.0,563579,python,python,slot_nb_add
1977894.0,563602,python,[JIT],0x00007fe8c274c00a
1977844.0,563579,python,[JIT],0x000070d0523be822
1977839.0,563554,python,[JIT],0x000078c4e8ded0da
1977834.0,563554,python,[JIT],0x000078c4e82da63d
1977832.0,563547,python,[JIT],0x000076033c41fca4
1977789.0,563547,python,_struct.cpython-316-x86_64-linux-gnu.so,PyObject_GetBuffer@plt
1977765.0,563554,python,[JIT],0x000078c4e7c313a3
1977762.0,563590,python,[JIT],0x0000780cec54859b
1977749.0,563613,python,[JIT],0x0000776405f80c0d
1977673.0,563613,python,python,long_dealloc
1977666.0,563547,python,[JIT],0x000076033c4148d6
1977616.0,563554,python,[JIT],0x000078c4e7bff0f3
1977576.0,563554,python,[JIT],0x000078c4e7c0d606
1977553.0,563579,python,[JIT],0x000070d052368a28
1977542.0,563602,python,[JIT],0x00007fe8c1a8d1cb
1977521.0,563602,python,[JIT],0x00007fe8c1a86301
1977492.0,563547,python,[JIT],0x000076033c3fa2bb
1977487.0,563590,python,[JIT],0x0000780ceb89bb37
1977455.0,563554,python,python,PyObject_CallOneArg
1977410.0,563579,python,[JIT],0x000070d052c880ca
1977401.0,563613,python,python,_Py_type_getattro_stackref
1977371.0,563579,python,python,_io_BytesIO_read
1977359.0,563579,python,libc.so.6,unlink_chunk.isra.0
1977347.0,563554,python,[JIT],0x000078c4e7c384ba
1977339.0,563579,python,[JIT],0x000070d0523b0052
1977299.0,563613,python,[JIT],0x0000776405f744fc
1977273.0,563602,python,[JIT],0x00007fe8c2c46147
1977260.0,563590,python,[JIT],0x0000780ceb89a9ed
1977255.0,563590,python,[JIT],0x0000780ceb89acf2
1977211.0,563547,python,[JIT],0x000076033c4124c8
1977184.0,563579,python,libc.so.6,_int_free
1977182.0,563613,python,[JIT],0x0000776405f93d1a
1977153.0,563613,python,python,pattern_new_match
1977147.0,563613,python,python,BaseException_init
1977145.0,563602,python,python,_PyMember_GetOffset
1977127.0,563579,python,[JIT],0x000070d052370fee
1977043.0,563602,python,[JIT],0x00007fe8c1a5c670
1977026.0,563602,python,python,PyUnicode_FromString
1976989.0,563554,python,[JIT],0x000078c4e7bfe8ae
1976966.0,563547,python,[JIT],0x000076033d5b915c
1976957.0,563602,python,[JIT],0x00007fe8c1a65606
1976871.0,563613,python,[JIT],0x0000776405fae29f
1976860.0,563579,python,[JIT],0x000070d0523be2bb
1976730.0,563602,python,[JIT],0x00007fe8c274c5f9
1976721.0,563613,python,[JIT],0x0000776405f946b3
1976672.0,563568,python,python,PyUnicode_Contains
1976658.0,563579,python,python,_PyFunction_Vectorcall
1976641.0,563613,python,[JIT],0x0000776405f93c7d
1976603.0,563547,python,[JIT],0x000076033c3ff5d7
1976565.0,563554,python,python,cfunction_vectorcall_FASTCALL_KEYWORDS_METHOD
1976549.0,563613,python,[JIT],0x0000776405f4303d
1976533.0,563554,python,python,maybe_small_long
1976495.0,563602,python,[JIT],0x00007fe8c1a5b0d2
1976487.0,563602,python,python,unicodekeys_lookup_unicode
1976452.0,563602,python,[JIT],0x00007fe8c1aa9fb9
1976430.0,563613,python,[JIT],0x000077640715318b
1976418.0,563602,python,[JIT],0x00007fe8c1a9e1ba
1976341.0,563602,python,[JIT],0x00007fe8c2c460f7
1976306.0,563554,python,[JIT],0x000078c4e7c1d063
1976287.0,563613,python,[JIT],0x0000776405f9fa16
1976254.0,563547,python,[JIT],0x000076033c41df45
1976253.0,563602,python,[JIT],0x00007fe8c1d1c63a
1976235.0,563613,python,[JIT],0x0000776405f929e2
1976195.0,563602,python,[JIT],0x00007fe8c274c000
1976186.0,563613,python,[JIT],0x0000776405f801c2
1976072.0,563613,python,[JIT],0x0000776405f7351c
1976031.0,563554,python,[JIT],0x000078c4e7c2d4aa
1976022.0,563547,python,[JIT],0x000076033c3fb112
1976011.0,563602,python,[JIT],0x00007fe8c1aa9000
1976001.0,563554,python,[JIT],0x000078c4e7c1d0ec
1975998.0,563602,python,[JIT],0x00007fe8c1a584a6
1975990.0,563554,python,[JIT],0x000078c4e7bfd3dd
1975974.0,563554,python,python,PyMethod_New
1975956.0,563554,python,python,BaseException_new
1975956.0,563554,python,[JIT],0x000078c4e7bfc577
1975949.0,563590,python,[JIT],0x0000780cec548451
1975946.0,563602,python,[JIT],0x00007fe8c1a9f9ec
1975917.0,563547,python,[JIT],0x000076033c3dd9d2
1975811.0,563590,python,python,_PyObject_GC_Link
1975811.0,563590,python,[JIT],0x0000780ceb8a627f
1975781.0,563547,python,python,method_vectorcall
1975759.0,563554,python,python,PyLong_FromUnicodeObject
1975751.0,563547,python,[JIT],0x000076033c414ba3
1975687.0,563579,python,[JIT],0x000070d0523bdb2d
1975665.0,563590,python,python,compactlongs_and
1975599.0,563602,python,[JIT],0x00007fe8c1a9dcf2
1975578.0,563547,python,[JIT],0x000076033d0ec4cb
1975541.0,563579,python,python,binary_op1
1975528.0,563554,python,[JIT],0x000078c4e7ed2feb
1975520.0,563547,python,python,PyUnicode_FromString
1975520.0,563590,python,[JIT],0x0000780cec5485f9
1975505.0,563568,python,python,getset_get
1975455.0,563554,python,[JIT],0x000078c4e7c004a6
1975435.0,563602,python,[JIT],0x00007fe8c1a661b7
1975407.0,563554,python,[JIT],0x000078c4e7c4919d
1975398.0,563602,python,[JIT],0x00007fe8c1a576b5
1975397.0,563579,python,[JIT],0x000070d0523bcefe
1975376.0,563602,python,[JIT],0x00007fe8c274c312
1975328.0,563554,python,[JIT],0x000078c4e7c119d5
1975324.0,563590,python,python,PyCMethod_New
1975271.0,563547,python,[JIT],0x000076033c3cc024
1975225.0,563613,python,[JIT],0x0000776405fa0dc8
1975220.0,563602,python,python,slot_tp_str
1975213.0,563579,python,[JIT],0x000070d052377289
1975209.0,563547,python,[JIT],0x000076033c3fd89c
1975207.0,563547,python,python,long_neg_method
1975202.0,563579,python,[JIT],0x000070d052382f73
1975110.0,563554,python,[JIT],0x000078c4e7c3c11f
1975105.0,563602,python,[JIT],0x00007fe8c1aa0efa
1975048.0,563554,python,python,type_call
1975041.0,563590,python,[JIT],0x0000780ceb86e0ac
1975031.0,563547,python,[JIT],0x000076033c412b29
1975028.0,563579,python,python,write_str
1974998.0,563579,python,[JIT],0x000070d0523c858e
1974947.0,563579,python,[JIT],0x000070d0523b0dbe
1974928.0,563602,python,[JIT],0x00007fe8c1a8300a
1974924.0,563602,python,[JIT],0x00007fe8c2725138
1974904.0,563613,python,[JIT],0x0000776405fae73a
1974899.0,563613,python,[JIT],0x0000776407013432
1974894.0,563602,python,[JIT],0x00007fe8c1a711ea
1974832.0,563613,python,[JIT],0x0000776405fad0a8
1974664.0,563613,python,[JIT],0x0000776405facc12
1974599.0,563579,python,[JIT],0x000070d0523aff1b
1974583.0,563613,python,[JIT],0x0000776405facc30
1974515.0,563547,python,[JIT],0x000076033d5b9000
1974496.0,563590,python,[JIT],0x0000780ceb83ef1f
1974493.0,563613,python,[JIT],0x0000776405f7547e
1974476.0,563568,python,python,slot_tp_richcompare
1974430.0,563579,python,[JIT],0x000070d0523be042
1974425.0,563554,python,[JIT],0x000078c4e7bdc2cb
1974378.0,563590,python,python,memcmp@plt
1974367.0,563613,python,python,_PyMember_GetOffset
1974346.0,563613,python,[JIT],0x000077640688714f
1974345.0,563602,python,[JIT],0x00007fe8c1d1cdb6
1974337.0,563602,python,python,_PyCallMethodDescriptorFast_StackRef
1974328.0,563613,python,[JIT],0x00007764063393aa
1974313.0,563590,python,[JIT],0x0000780ceb860dfe
1974306.0,563579,python,[JIT],0x000070d053565012
1974296.0,563590,python,python,PyDict_GetItemRef
1974295.0,563547,python,[JIT],0x000076033d0ec19a
1974272.0,563579,python,[JIT],0x000070d0523bfc4c
1974261.0,563579,python,libc.so.6,_int_free
1974253.0,563602,python,[JIT],0x00007fe8c1d1cfed
1974246.0,563590,python,[JIT],0x0000780ceb846170
1974181.0,563602,python,[JIT],0x00007fe8c2a133b0
1974091.0,563613,python,[JIT],0x0000776405f9700a
1974059.0,563554,python,[JIT],0x000078c4e7bfcc4f
1974050.0,563590,python,[JIT],0x0000780ceb886dd2
1974047.0,563613,python,[JIT],0x0000776405f9b440
1974032.0,563554,python,[JIT],0x000078c4e7c4b29f
1973966.0,563613,python,[JIT],0x0000776405f97ef1
1973938.0,563613,python,[JIT],0x0000776405f7526b
1973934.0,563613,python,[JIT],0x000077640688700a
1973866.0,563590,python,[JIT],0x0000780cec54800a
1973863.0,563602,python,[JIT],0x00007fe8c2a13052
1973803.0,563613,python,[JIT],0x0000776405fad78f
1973800.0,563602,python,[JIT],0x00007fe8c1a9d6d4
1973679.0,563547,python,[JIT],0x000076033c415602
1973675.0,563547,python,[JIT],0x000076033d0ec393
1973654.0,563547,python,[JIT],0x000076033d0ec525
1973602.0,563602,python,[JIT],0x00007fe8c1aa0dc8
1973590.0,563590,python,[JIT],0x0000780ceb86f627
1973579.0,563590,python,[JIT],0x0000780cebb1b1e1
1973574.0,563568,python,python,_PyUnicode_TransformDecimalAndSpaceToASCII
1973535.0,563554,python,[JIT],0x000078c4e7c4b8e6
1973482.0,563613,python,[JIT],0x0000776405fa0519
1973457.0,563547,python,[JIT],0x000076033c3f9784
1973416.0,563579,python,[JIT],0x000070d0523651f8
1973331.0,563554,python,[JIT],0x000078c4e7c0b820
1973301.0,563613,python,python,_Py_Dealloc
1973235.0,563602,python,[JIT],0x00007fe8c1aaac15
1973224.0,563590,python,[JIT],0x0000780ceb89ac94
1973142.0,563579,python,[JIT],0x000070d0523c0c0d
1973087.0,563602,python,[JIT],0x00007fe8c1a9d684
1973061.0,563590,python,[JIT],0x0000780ceb850c4f
1973053.0,563590,python,[JIT],0x0000780ceb872cbc
1972998.0,563602,python,[JIT],0x00007fe8c1a72145
1972936.0,563602,python,[JIT],0x00007fe8c274c579
1972909.0,563547,python,python,PyLong_FromLong
1972880.0,563613,python,[JIT],0x0000776405facbd6
1972866.0,563547,python,[JIT],0x000076033d0eca61
1972783.0,563554,python,python,PyUnicode_Concat
1972687.0,563554,python,python,_PyInterpreterState_Main
1972661.0,563547,python,[JIT],0x000076033c3e545d
1972661.0,563602,python,python,_Py_VectorCall_StackRefSteal
1972635.0,563579,python,python,slot_tp_str
1972605.0,563590,python,[JIT],0x0000780cec5491e4
1972566.0,563602,python,python,_PyNumber_Index
1972515.0,563547,python,[JIT],0x000076033c3e1ffd
1972486.0,563579,python,[JIT],0x000070d0523bc546
1972478.0,563554,python,python,PyNumber_AsSsize_t
1972443.0,563554,python,[JIT],0x000078c4e7c269a1
1972423.0,563568,python,python,wrapperdescr_call
1972416.0,563554,python,[JIT],0x000078c4e7c2f974
1972391.0,563613,python,[JIT],0x0000776405f9803e
1972383.0,563602,python,[JIT],0x00007fe8c274c15d
1972330.0,563613,python,python,tp_new_wrapper
1972247.0,563590,python,python,PyUnicode_Concat
1972161.0,563602,python,python,PyLong_FromSsize_t
1972084.0,563590,python,python,PyObject_Hash
1972067.0,563579,python,[JIT],0x000070d0523afdeb
1972041.0,563590,python,python,_PyEval_SliceIndexNotNone
1972038.0,563554,python,python,_PyDict_Subscript
1972005.0,563547,python,[JIT],0x000076033d0ec003
1971985.0,563579,python,[JIT],0x000070d0523a4a53
1971957.0,563602,python,python,pthread_self@plt
1971877.0,563602,python,python,_PyThreadState_PushFrame
1971821.0,563568,python,python,_PyNumber_PowerNoMod
1971723.0,563547,python,[JIT],0x000076033c7a200a
1971575.0,563554,python,[JIT],0x000078c4e82dadb2
1971556.0,563590,python,python,PyObject_GetAttr
1971493.0,563568,python,[JIT],0x000073d05e83729f
1971480.0,563579,python,[JIT],0x000070d052c89141
1971436.0,563613,python,[JIT],0x0000776405f9b3b8
1971401.0,563590,python,python,PyObject_GC_UnTrack
1971352.0,563568,python,python,long_vectorcall
1971296.0,563602,python,[JIT],0x00007fe8c1a90000
1971286.0,563547,python,[JIT],0x000076033c41e1c4
1971258.0,563602,python,[JIT],0x00007fe8c1a6388a
1971248.0,563554,python,python,PyTuple_FromArray.part.0
1971243.0,563579,python,[JIT],0x000070d0523a23b5
1971214.0,563613,python,[JIT],0x0000776405f9c1e9
1971211.0,563547,python,python,PyNumber_AsSsize_t
1971156.0,563613,python,[JIT],0x0000776405f9909d
1971156.0,563613,python,[JIT],0x000077640715307a
1971139.0,563613,python,python,PyMethod_New
1971103.0,563547,python,python,memcpy@plt
1971076.0,563554,python,[JIT],0x000078c4e82da0f7
1971018.0,563602,python,[JIT],0x00007fe8c2a13266
1971015.0,563613,python,[JIT],0x0000776405fb8079
1970978.0,563613,python,[JIT],0x0000776406669000
1970852.0,563613,python,[JIT],0x0000776405f92000
1970821.0,563554,python,[JIT],0x000078c4e7c30d2f
1970797.0,563579,python,[JIT],0x000070d052382218
1970749.0,563554,python,[JIT],0x000078c4e7c4b287
1970683.0,563568,python,python,_PyJIT_Compile
1970652.0,563579,python,python,object_isinstance
1970607.0,563590,python,python,bytes_richcompare
1970583.0,563613,python,[JIT],0x0000776405f816aa
1970583.0,563554,python,[JIT],0x000078c4e7c0b673
1970554.0,563554,python,[JIT],0x000078c4e7c1ac0d
1970455.0,563590,python,[JIT],0x0000780ceb8830e1
1970389.0,563579,python,python,long_pow
1970376.0,563554,python,python,PyObject_Call
1970365.0,563579,python,[JIT],0x000070d053565167
1970333.0,563554,python,[JIT],0x000078c4e7c40047
1970318.0,563547,python,[JIT],0x000076033c6900fd
1970301.0,563602,python,[JIT],0x00007fe8c1a9e21c
1970265.0,563613,python,[JIT],0x0000776406887402
1970257.0,563590,python,[JIT],0x0000780cec549123
1970239.0,563602,python,[JIT],0x00007fe8c1a90003
1970205.0,563554,python,[JIT],0x000078c4e7c0c887
1970200.0,563602,python,[JIT],0x00007fe8c1aa1ea8
1970161.0,563547,python,[JIT],0x000076033c3e98e1
1970161.0,563590,python,[JIT],0x0000780ceb8513dd
1970104.0,563613,python,[JIT],0x0000776405fa0241
1970065.0,563613,python,[JIT],0x0000776405f9a1f0
1970064.0,563602,python,[JIT],0x00007fe8c1a8416e
1970058.0,563590,python,[JIT],0x0000780ceb861022
1970043.0,563568,python,python,slot_nb_add
1970013.0,563613,python,python,builtin_abs
1969994.0,563579,python,python,_PyMem_RawFree
1969974.0,563602,python,[JIT],0x00007fe8c1a8522e
1969961.0,563554,python,[JIT],0x000078c4e7c3c211
1969954.0,563613,python,python,PyUnicode_FromString
1969928.0,563590,python,python,_contextvars_ContextVar_get
1969847.0,563547,python,[JIT],0x000076033c3ca0b7
1969834.0,563554,python,[JIT],0x000078c4e7c0e764
1969790.0,563613,python,[JIT],0x0000776407013657
1969755.0,563613,python,[JIT],0x000077640715310b
1969738.0,563590,python,python,_io_StringIO_write
1969726.0,563554,python,[JIT],0x000078c4e7bdb8a9
1969667.0,563579,python,[JIT],0x000070d05238b960
1969619.0,563554,python,[JIT],0x000078c4e7c3d03a
1969576.0,563613,python,python,optimize_uops.isra.0
1969498.0,563613,python,[JIT],0x0000776405f62120
1969445.0,563579,python,python,tp_new_wrapper
1969422.0,563590,python,[JIT],0x0000780ceb89dbed
1969385.0,563590,python,[JIT],0x0000780ceb882a53
1969365.0,563579,python,python,PyNumber_Negative
1969330.0,563547,python,[JIT],0x000076033c3f8243
1969319.0,563590,python,python,cfunction_vectorcall_FASTCALL_KEYWORDS_METHOD
1969318.0,563554,python,[JIT],0x000078c4e7c346c4
1969307.0,563579,python,[JIT],0x000070d052369cdf
1969257.0,563568,python,python,_sre_SRE_Pattern_prefixmatch
1969158.0,563579,python,python,tuple_alloc
1969148.0,563613,python,libc.so.6,_int_free_maybe_consolidate
1969143.0,563554,python,[JIT],0x000078c4e8ded0f7
1969103.0,563547,python,[JIT],0x000076033c3f77fd
1969100.0,563579,python,[JIT],0x000070d0523bf1e2
1969086.0,563602,python,python,unicode_dealloc
1969034.0,563547,python,[JIT],0x000076033c3c4788
1969032.0,563554,python,[JIT],0x000078c4e7bfc549
1969019.0,563602,python,[JIT],0x00007fe8c1a84243
1968980.0,563547,python,[JIT],0x000076033c3ff211
1968980.0,563613,python,[JIT],0x0000776405f9f104
1968979.0,563547,python,[JIT],0x000076033c3e0047
1968976.0,563547,python,[JIT],0x000076033c3cf8ca
1968967.0,563602,python,[JIT],0x00007fe8c274ccc5
1968951.0,563613,python,[JIT],0x0000776407153167
1968910.0,563613,python,[JIT],0x0000776405fad130
1968899.0,563613,python,python,meth_dealloc
1968893.0,563602,python,python,BaseException_new
1968874.0,563554,python,[JIT],0x000078c4e82daa40
1968871.0,563590,python,[JIT],0x0000780ceb88d588
1968864.0,563568,python,python,unicode_dealloc
1968848.0,563602,python,[JIT],0x00007fe8c1a71446
1968798.0,563579,python,python,_PyObject_MakeTpCall
1968798.0,563602,python,python,PyLong_FromUnicodeObject
1968758.0,563613,python,python,tuple_alloc
1968750.0,563602,python,[JIT],0x00007fe8c1a558f6
1968737.0,563554,python,python,tp_new_wrapper
1968704.0,563602,python,[JIT],0x00007fe8c1a9f2a9
1968703.0,563547,python,[JIT],0x000076033c3f9846
1968691.0,563602,python,python,bytes_buffer_getbuffer
1968639.0,563590,python,[JIT],0x0000780ceb88d7b7
1968536.0,563554,python,[JIT],0x000078c4e7c030d2
1968468.0,563547,python,[JIT],0x000076033c3ff289
1968405.0,563554,python,[JIT],0x000078c4e7bf29a7
1968390.0,563554,python,[JIT],0x000078c4e7c40fcf
1968382.0,563554,python,[JIT],0x000078c4e7c5558e
1968376.0,563579,python,[JIT],0x000070d052368b62
1968364.0,563590,python,[JIT],0x0000780ceb863068
1968362.0,563579,python,[JIT],0x000070d05236da83
1968317.0,563613,python,python,long_vectorcall
1968310.0,563602,python,[JIT],0x00007fe8c1a85b12
1968272.0,563554,python,[JIT],0x000078c4e7c1487e
1968261.0,563547,python,[JIT],0x000076033c41f095
1968244.0,563613,python,[JIT],0x0000776407013697
1968178.0,563613,python,[JIT],0x0000776405f93185
1968170.0,563602,python,_struct.cpython-316-x86_64-linux-gnu.so,unpack
1968133.0,563554,python,python,_PyObject_MakeTpCall
1968104.0,563547,python,[JIT],0x000076033c3eff10
1968080.0,563602,python,[JIT],0x00007fe8c1a649bd
1968075.0,563613,python,python,PyNumber_Long
1968049.0,563579,python,[JIT],0x000070d0523785fa
1968018.0,563590,python,[JIT],0x0000780cec54829a
1968017.0,563602,python,[JIT],0x00007fe8c2c4600a
1968003.0,563602,python,[JIT],0x00007fe8c1a658b6
1967999.0,563590,python,python,PyNumber_InPlaceAdd
1967974.0,563602,python,[JIT],0x00007fe8c1a9f7b1
1967965.0,563579,python,[JIT],0x000070d0523bf00e
1967949.0,563602,python,[JIT],0x00007fe8c1aa0f0a
1967916.0,563613,python,[JIT],0x0000776405fad971
1967908.0,563613,python,[JIT],0x0000776405f5a5fe
1967905.0,563613,python,python,PyUnicode_New
1967889.0,563590,python,[JIT],0x0000780ceb871933
1967762.0,563579,python,[JIT],0x000070d0523a2003
1967758.0,563554,python,[JIT],0x000078c4e7bf65c0
1967732.0,563613,python,[JIT],0x0000776405fb994a
1967722.0,563579,python,[JIT],0x000070d052377b54
1967705.0,563579,python,[JIT],0x000070d0523bf6ee
1967683.0,563554,python,python,_PyList_Extend
1967668.0,563602,python,python,_PyStaticType_GetState
1967654.0,563579,python,[JIT],0x000070d052c88d9b
1967623.0,563602,python,[JIT],0x00007fe8c1a839e2
1967606.0,563590,python,python,list_to_tuple
1967552.0,563590,python,[JIT],0x0000780ceb8a6f45
1967541.0,563590,python,[JIT],0x0000780ceb8629ea
1967529.0,563590,python,[JIT],0x0000780cec548000
1967405.0,563602,python,[JIT],0x00007fe8c2a13113
1967363.0,563602,python,[JIT],0x00007fe8c1aa9bc9
1967346.0,563590,python,[JIT],0x0000780ceb89c437
1967339.0,563613,python,[JIT],0x0000776405fb05c7
1967332.0,563547,python,[JIT],0x000076033c3c8e93
1967308.0,563554,python,_struct.cpython-316-x86_64-linux-gnu.so,bu_ulonglong
1967307.0,563613,python,python,_PyInterpreterState_Main
1967294.0,563547,python,[JIT],0x000076033c414ae8
1967292.0,563554,python,[JIT],0x000078c4e7c30d39
1967241.0,563613,python,python,list_contains
1967238.0,563590,python,[JIT],0x0000780ceb882778
1967232.0,563579,python,python,PyList_New
1967217.0,563613,python,[JIT],0x0000776405fb09b1
1967193.0,563554,python,python,_Py_type_getattro_stackref
1967168.0,563547,python,[JIT],0x000076033c3f75c9
1967148.0,563554,python,libc.so.6,_int_free_maybe_consolidate
1967137.0,563579,python,[JIT],0x000070d0523c0dee
1967128.0,563547,python,python,object_init
1967089.0,563613,python,[JIT],0x0000776405fadede
1967079.0,563547,python,[JIT],0x000076033c4158cd
1966993.0,563547,python,[JIT],0x000076033c4147d6
1966904.0,563579,python,python,_PyRunRemoteDebugger
1966813.0,563613,python,python,_PyOptimizer_Optimize
1966555.0,563547,python,[JIT],0x000076033c68e000
1966537.0,563602,python,[JIT],0x00007fe8c1a9ffa4
1966522.0,563579,python,[JIT],0x000070d052a7d00a
1966503.0,563547,python,[JIT],0x000076033c40539d
1966497.0,563579,python,[JIT],0x000070d0523a4a0b
1966423.0,563579,python,[JIT],0x000070d052c871c1
1966401.0,563590,python,[JIT],0x0000780cec547266
1966345.0,563613,python,[JIT],0x0000776405f713bf
1966122.0,563613,python,python,_PyObject_Realloc
1966059.0,563568,python,python,PyMem_Calloc
1966032.0,563579,python,[JIT],0x000070d0523bf2fa
1966018.0,563554,python,[JIT],0x000078c4e7c36342
1966015.0,563547,python,[JIT],0x000076033c404991
1965763.0,563554,python,python,list_dealloc
1965756.0,563613,python,python,PyLong_FromSsize_t
1965734.0,563579,python,python,PyType_GetModule
1965690.0,563547,python,[JIT],0x000076033c4121f4
1965651.0,563602,python,[JIT],0x00007fe8c1aa98b7
1965625.0,563613,python,python,slot_nb_bool
1965551.0,563547,python,[JIT],0x000076033c3dd9d5
1965516.0,563579,python,[JIT],0x000070d0523c1134
1965449.0,563602,python,[JIT],0x00007fe8c1aa0352
1965328.0,563590,python,[JIT],0x0000780ceb89d712
1965288.0,563613,python,python,_sre_SRE_Pattern_prefixmatch
1965277.0,563579,python,[JIT],0x000070d052c87331
1965249.0,563602,python,[JIT],0x00007fe8c1a878b0
1965226.0,563590,python,python,unicode_length
1965146.0,563579,python,[JIT],0x000070d05236d0ce
1965129.0,563590,python,[JIT],0x0000780ceb85fa8a
1965123.0,563590,python,[JIT],0x0000780cec548432
1965048.0,563613,python,python,tuple_dealloc
1964972.0,563602,python,[JIT],0x00007fe8c1a5473f
1964765.0,563547,python,[JIT],0x000076033d0ec451
1964670.0,563602,python,python,_PyObject_GC_Link
1964617.0,563590,python,python,PyObject_GenericGetAttr
1964529.0,563590,python,[JIT],0x0000780ceb862764
1964400.0,563590,python,python,_sre_SRE_Pattern_prefixmatch
1964182.0,563602,python,libc.so.6,__strlen_avx2
1964135.0,563602,python,[JIT],0x00007fe8c1a72803
1964104.0,563602,python,python,PyUnicode_AsUTF8AndSize
1964096.0,563547,python,python,PyFile_WriteString
1963998.0,563613,python,[JIT],0x0000776405facdc3
1963784.0,563613,python,python,_PyObject_Calloc
1963774.0,563613,python,[JIT],0x0000776405f84024
1963732.0,563547,python,[JIT],0x000076033c3c86b4
1963686.0,563547,python,[JIT],0x000076033c415820
1963575.0,563554,python,python,PyObject_RichCompare
1963494.0,563579,python,python,PyMem_Realloc
1963335.0,563613,python,[JIT],0x000077640633a88a
1963310.0,563554,python,python,wrapperdescr_call
1963189.0,563613,python,[JIT],0x00007764070135ac
1963143.0,563568,python,python,long_pow
1963011.0,563547,python,[JIT],0x000076033c4234e6
1962911.0,563554,python,[JIT],0x000078c4e82da087
1962890.0,563547,python,[JIT],0x000076033c4119ed
1962873.0,563602,python,python,object_init
1962602.0,563613,python,python,PyObject_IsInstance
1962581.0,563613,python,[JIT],0x0000776405f5708c
1962558.0,563590,python,[JIT],0x0000780ceb8a70ba
1962534.0,563547,python,[JIT],0x000076033c3ace85
1962523.0,563579,python,[JIT],0x000070d052639b6d
1962503.0,563554,python,python,object_isinstance
1962268.0,563613,python,[JIT],0x0000776405fac63f
1962218.0,563579,python,[JIT],0x000070d052366636
1962134.0,563590,python,[JIT],0x0000780ceb89cfb9
1962048.0,563590,python,[JIT],0x0000780ceb8a837a
1962044.0,563579,python,python,long_to_decimal_string
1961841.0,563579,python,[JIT],0x000070d05236796e
1961822.0,563602,python,[JIT],0x00007fe8c1aa0e46
1961070.0,563590,python,[JIT],0x0000780cebb1b2ff
1960873.0,563568,python,python,PyObject_GC_UnTrack
1960388.0,563568,python,python,PyLong_FromUnicodeObject
1960379.0,563568,python,python,_PyRunRemoteDebugger
1959993.0,563590,python,[JIT],0x0000780ceb86e1ea
1959981.0,563579,python,[JIT],0x000070d0523bf1b8
1959973.0,563602,python,python,_sre_SRE_Pattern_prefixmatch
1959508.0,563579,python,[JIT],0x000070d05236da27
1959360.0,563590,python,python,_PyObject_Calloc
1959331.0,563590,python,python,PyMem_Free
1958818.0,563579,python,[JIT],0x000070d0523bce09
1958691.0,563554,python,python,unicode_compare
1958569.0,563590,python,[JIT],0x0000780ceb89afc8
1958450.0,563554,python,python,_copy_characters.constprop.0.isra.0
1958370.0,563547,python,[JIT],0x000076033c41119d
1958252.0,563547,python,[JIT],0x000076033c3e58a6
1958240.0,563568,python,python,_Py_VectorCall_StackRefSteal
1958134.0,563613,python,python,PyTuple_GetSlice
1958061.0,563613,python,python,_Py_BuiltinCallFastWithKeywords_StackRef
1957974.0,563579,python,[JIT],0x000070d0523a3083
1957949.0,563568,python,python,sre_ucs1_match
1957908.0,563613,python,[JIT],0x000077640666ac86
1957692.0,563613,python,[JIT],0x0000776405f4f1da
1957581.0,563554,python,[JIT],0x000078c4e7c38869
1957283.0,563590,python,python,PyObject_Free
1957247.0,563602,python,[JIT],0x00007fe8c1a84357
1957240.0,563590,python,[JIT],0x0000780cec547389
1957177.0,563579,python,[JIT],0x000070d0523c11ca
1956951.0,563554,python,[JIT],0x000078c4e7c4e13f
1956948.0,563613,python,[JIT],0x0000776405f9328c
1956830.0,563554,python,[JIT],0x000078c4e7c33130
1956639.0,563590,python,[JIT],0x0000780ceb88e97e
1956604.0,563613,python,python,_PyCompactLong_Add
1956529.0,563602,python,[JIT],0x00007fe8c26ec000
1956421.0,563613,python,[JIT],0x00007764070141e4
1956254.0,563602,python,python,long_vectorcall
1956137.0,563602,python,[JIT],0x00007fe8c1a9ee55
1956071.0,563554,python,[JIT],0x000078c4e7c4af6e
1956005.0,563554,python,[JIT],0x000078c4e7c4cf0a
1956003.0,563579,python,[JIT],0x000070d052384075
1955927.0,563568,python,python,PySlice_AdjustIndices
1955856.0,563554,python,python,PyTuple_New
1955817.0,563602,python,python,PyMethod_New
1955761.0,563568,python,python,PyObject_GetAttr
1955720.0,563579,python,[JIT],0x000070d05238c7b5
1955507.0,563602,python,[JIT],0x00007fe8c1a9e983
1955451.0,563613,python,[JIT],0x0000776405fbe4e6
1955309.0,563568,python,python,PyNumber_Long
1955276.0,563568,python,python,_PyObject_GetAttrStackRef
1955148.0,563602,python,[JIT],0x00007fe8c2a1300a
1955148.0,563613,python,[JIT],0x0000776407014141
1955035.0,563579,python,[JIT],0x000070d05236808a
1955030.0,563579,python,[JIT],0x000070d0523a5070
1954827.0,563579,python,[JIT],0x000070d05236807e
1954768.0,563568,python,python,PyType_GenericAlloc
1954613.0,563554,python,[JIT],0x000078c4e7c35a85
1954386.0,563568,python,python,PyBuffer_Release
1954195.0,563547,python,[JIT],0x000076033c411b7b
1954136.0,563579,python,[JIT],0x000070d0523b2ab7
1954003.0,563554,python,python,slot_nb_multiply
1953680.0,563602,python,[JIT],0x00007fe8c274c76b
1953616.0,563579,python,[JIT],0x000070d052c885a0
1953474.0,563554,python,python,free@plt
1953457.0,563590,python,[JIT],0x0000780ceb89dcb4
1953174.0,563547,python,[JIT],0x000076033c690b80
1953089.0,563554,python,[JIT],0x000078c4e7c0ecfc
1952928.0,563590,python,[JIT],0x0000780cec5485d4
1951993.0,563554,python,[JIT],0x000078c4e7c0e3c8
1951828.0,563579,python,python,richcmp_ne
1951546.0,563579,python,[JIT],0x000070d052384fc7
1951352.0,563568,python,python,tuple_alloc
1951323.0,563613,python,[JIT],0x0000776405fae806
1951221.0,563579,python,python,_Py_CheckFunctionResult
1950994.0,563579,python,[JIT],0x000070d0523a42eb
1950939.0,563579,python,[JIT],0x000070d0523c116d
1950923.0,563554,python,[JIT],0x000078c4e7c2f81f
1950553.0,563568,python,libc.so.6,__memset_avx2_unaligned_erms
1949139.0,563568,python,python,_PyErr_CheckSignalsTstate
1948226.0,563590,python,[JIT],0x0000780ceb86e1a7
1947962.0,563579,python,python,_Py_BuiltinCallFastWithKeywords_StackRef
1947539.0,563547,python,[JIT],0x000076033c3da662
1947473.0,563547,python,[JIT],0x000076033c3c81a4
1947442.0,563590,python,python,_PyTuple_FromArraySteal
1947162.0,563554,python,[JIT],0x000078c4e7c49d9a
1947097.0,563602,python,[JIT],0x00007fe8c1a5769e
1946816.0,563568,python,python,_PyMember_GetOffset
1945600.0,563568,python,python,compactlongs_xor
1945276.0,563602,python,[JIT],0x00007fe8c1a55ab1
1944119.0,563579,python,[JIT],0x000070d0523af90d
1943792.0,563554,python,[JIT],0x000078c4e7c35b5e
1943675.0,563579,python,[JIT],0x000070d0523c8000
1942692.0,563579,python,python,_PyUnicode_BinarySlice
1942642.0,563554,python,[JIT],0x000078c4e7bf77a6
1942483.0,563579,python,python,_PyThreadState_PopFrame
1941890.0,563547,python,[kernel.kallsyms],arch_scale_freq_tick
1940118.0,563554,python,[JIT],0x000078c4e7c4db14
1938695.0,563547,python,[JIT],0x000076033c4150ee
1934953.0,563554,python,[JIT],0x000078c4e7c4a7e6
1934263.0,563602,python,[JIT],0x00007fe8c1a8bc46
1934201.0,563554,python,[JIT],0x000078c4e7c4b420
1933258.0,563613,python,[JIT],0x0000776406643391
1931070.0,563554,python,[JIT],0x000078c4e7c4baca
1927726.0,563579,python,python,_copy_characters.constprop.0.isra.0
1926930.0,563568,python,[JIT],0x000073d05e83519d
1924769.0,563554,python,[JIT],0x000078c4e7c0d677
1917042.0,563590,python,python,PyBuffer_Release
1911742.0,563554,python,[JIT],0x000078c4e82da4ff
1908321.0,563579,python,[JIT],0x000070d0523bf180
1908244.0,563579,python,[JIT],0x000070d052384755
1901503.0,563590,python,[JIT],0x0000780ceb8a658e
1899853.0,563554,python,[JIT],0x000078c4e7c4b042
1898235.0,563613,python,python,PySequence_Contains
1897756.0,563554,python,[JIT],0x000078c4e7c3c15b
1897753.0,563613,python,python,min_max
1887234.0,563613,python,[JIT],0x0000776407153135
1885472.0,563602,python,[JIT],0x00007fe8c1aa98fe
1870211.0,563579,python,[JIT],0x000070d052377c46
1854954.0,563613,python,libc.so.6,__memmove_avx_unaligned_erms
1831986.0,563547,python,[JIT],0x000076033c3e51a7
1819445.0,563579,python,[JIT],0x000070d0523b0cb7
1814334.0,563590,python,python,BaseException_init
1778352.0,563547,python,python,BaseException_new
1764727.0,563547,python,[JIT],0x000076033c413d7d
1737736.0,563590,python,[JIT],0x0000780ceb89d935
1681926.0,563547,python,[JIT],0x000076033c3dbf4f
1680167.0,563590,python,[JIT],0x0000780ceb89ed1a
1642245.0,563602,python,python,tuple_alloc
1572884.0,563590,python,python,unicodekeys_lookup_unicode
1539760.0,563579,python,[kernel.kallsyms],clear_page_erms
1373729.0,563613,python,[kernel.kallsyms],rep_movs_alternative
1219677.0,563568,python,python,unicodekeys_lookup_unicode
997841.0,563590,python,[JIT],0x0000780cebb1dbcb
997582.0,563547,python,[JIT],0x000076033c3bf4ed
997422.0,563590,python,[JIT],0x0000780ceb89af78
994348.0,563613,python,[JIT],0x0000776405fb8fab
993265.0,563613,python,[JIT],0x0000776405f81898
992811.0,563590,python,[JIT],0x0000780ceb886fd5
992421.0,563602,python,python,_PyOptimizer_Optimize
992350.0,563613,python,[JIT],0x0000776405f5800a
992319.0,563579,python,python,emit__COMPARE_OP_INT_r23
992197.0,563590,python,python,PyObject_Vectorcall
992185.0,563590,python,python,_PyUnicode_BinarySlice
992180.0,563579,python,python,PyObject_Str
992167.0,563568,python,[JIT],0x000073d05eab9ed0
992122.0,563547,python,python,_PyJIT_Compile
992064.0,563602,python,python,_PyErr_CheckSignalsTstate
992052.0,563613,python,python,str_int_multiply
992051.0,563602,python,python,_PyUnicode_FromASCII
992008.0,563613,python,[JIT],0x0000776405fc2ff2
991957.0,563613,python,python,PyObject_GetAttr
991954.0,563602,python,[JIT],0x00007fe8c1a35def
991931.0,563568,python,[JIT],0x000073d05e84fdab
991920.0,563568,python,[JIT],0x000073d05eef717b
991908.0,563613,python,[JIT],0x000077640715300a
991904.0,563568,python,python,long_alloc
991886.0,563590,python,[JIT],0x0000780ceb88d00a
991805.0,563602,python,python,vectorcall_maybe
991746.0,563613,python,[kernel.kallsyms],anon_vma_interval_tree_insert
991724.0,563590,python,[JIT],0x0000780cec548423
991715.0,563579,python,python,PyObject_Vectorcall
991690.0,563568,python,[JIT],0x000073d05e84f302
991686.0,563613,python,[JIT],0x000077640622cfcd
991682.0,563613,python,[JIT],0x000077640666900a
991680.0,563568,python,[JIT],0x000073d05f9dc0dc
991669.0,563590,python,python,PyErr_CheckSignals
991637.0,563590,python,[JIT],0x0000780ceb890e12
991620.0,563590,python,python,sre_ucs1_count
991595.0,563590,python,[JIT],0x0000780ceb89e0fd
991594.0,563590,python,python,PyBytes_FromStringAndSize
991582.0,563590,python,[JIT],0x0000780ceb8b40f5
991582.0,563590,python,[JIT],0x0000780cec5211c5
991578.0,563590,python,[JIT],0x0000780ceb893e0e
991576.0,563590,python,python,_PyOptimizer_Optimize
991564.0,563613,python,[kernel.kallsyms],perf_event_mmap_output
991555.0,563613,python,python,slot_tp_new
991544.0,563579,python,python,_PyJit_translate_single_bytecode_to_trace
991527.0,563568,python,[JIT],0x000073d05e8516a2
991526.0,563590,python,python,_PyErr_CheckSignalsTstate
991525.0,563590,python,python,_PyUnicode_Equal
991517.0,563568,python,[JIT],0x000073d05e839b1c
991488.0,563568,python,[JIT],0x000073d05e84178e
991486.0,563590,python,python,_PyInterpreterState_GetConfig
991480.0,563590,python,python,PyObject_IsInstance
991480.0,563568,python,[JIT],0x000073d05e84b8f5
991478.0,563613,python,[JIT],0x0000776405f809be
991472.0,563613,python,python,PyCMethod_New
991464.0,563590,python,python,PyLong_AsSsize_t
991460.0,563568,python,python,lookup_method_ex.constprop.0
991455.0,563590,python,python,strlen@plt
991446.0,563568,python,[JIT],0x000073d05ebc6ffd
991437.0,563590,python,[JIT],0x0000780ceb8b3350
991437.0,563554,python,python,unicode_dealloc
991436.0,563554,python,[JIT],0x000078c4e7ecd904
991423.0,563554,python,[JIT],0x000078c4e7c657c2
991422.0,563613,python,_struct.cpython-316-x86_64-linux-gnu.so,s_unpack_internal
991421.0,563590,python,[JIT],0x0000780ceb8a9a66
991419.0,563590,python,[JIT],0x0000780ceb8b3a40
991419.0,563568,python,[JIT],0x000073d05ebc61ff
991417.0,563590,python,[JIT],0x0000780ceb8b3522
991407.0,563590,python,[JIT],0x0000780ceb89eb28
991406.0,563613,python,[JIT],0x0000776405fc11b3
991405.0,563568,python,python,slot_nb_multiply
991405.0,563568,python,[JIT],0x000073d05eab48e9
991401.0,563613,python,python,richcmp_ne
991400.0,563613,python,python,slot_nb_multiply
991397.0,563590,python,[JIT],0x0000780ceb89a010
991396.0,563568,python,python,_PyJit_translate_single_bytecode_to_trace
991389.0,563613,python,python,PyDict_GetItemRef
991384.0,563590,python,[JIT],0x0000780cebb1b00a
991374.0,563590,python,[JIT],0x0000780ceb88114d
991371.0,563568,python,[JIT],0x000073d05eab43b9
991370.0,563590,python,[JIT],0x0000780ceb89e074
991356.0,563590,python,python,optimize_uops.isra.0
991351.0,563568,python,[JIT],0x000073d05eab598d
991347.0,563568,python,[JIT],0x000073d05eef7273
991346.0,563613,python,[JIT],0x0000776405fc2c71
991346.0,563590,python,[JIT],0x0000780ceb8a62da
991344.0,563590,python,[JIT],0x0000780ceb87954d
991343.0,563554,python,python,PyList_New
991341.0,563579,python,python,unicode_compare
991341.0,563590,python,python,_PyUnicode_ExactDealloc
991341.0,563590,python,[JIT],0x0000780ceb8a600a
991340.0,563613,python,[JIT],0x0000776405fa65e5
991332.0,563590,python,[JIT],0x0000780ceb885170
991330.0,563590,python,[JIT],0x0000780ceb89ae09
991326.0,563613,python,[JIT],0x0000776405f9349e
991325.0,563613,python,[JIT],0x000077640666a8e0
991323.0,563579,python,[kernel.kallsyms],do_anonymous_page
991319.0,563613,python,[JIT],0x0000776405f981a0
991318.0,563554,python,python,PyNumber_InPlaceAdd
991317.0,563613,python,[JIT],0x0000776405facb1d
991310.0,563568,python,[JIT],0x000073d05e84397f
991305.0,563613,python,[JIT],0x0000776405fb06b6
991305.0,563568,python,[JIT],0x000073d05e83796b
991303.0,563590,python,[JIT],0x0000780cec548462
991302.0,563590,python,libc.so.6,__strlen_avx2
991295.0,563590,python,[JIT],0x0000780ceb89d590
991287.0,563568,python,python,_PyTuple_FromStackRefStealOnSuccess
991284.0,563613,python,[JIT],0x0000776405fac9ed
991278.0,563554,python,python,_PyCallMethodDescriptorFast_StackRef
991275.0,563579,python,python,compactlongs_and
991275.0,563613,python,python,list_dealloc
991274.0,563613,python,[JIT],0x00007764062261fb
991274.0,563568,python,[JIT],0x000073d05f4eb25a
991271.0,563590,python,python,memset@plt
991267.0,563613,python,[JIT],0x0000776405f89444
991264.0,563579,python,python,PyObject_RichCompareBool
991264.0,563613,python,[JIT],0x0000776405fac822
991263.0,563579,python,[JIT],0x000070d0523c6e6a
991261.0,563590,python,[JIT],0x0000780ceb89cf0e
991260.0,563613,python,python,PyBuffer_FillInfo
991256.0,563613,python,[JIT],0x0000776405f98855
991253.0,563590,python,[JIT],0x0000780ceb89dde3
991253.0,563590,python,[JIT],0x0000780cec548259
991251.0,563547,python,python,_PyOptimizer_Optimize
991251.0,563568,python,[JIT],0x000073d05e82c11a
991250.0,563547,python,libc.so.6,__printf_buffer
991246.0,563590,python,[JIT],0x0000780ceb8b4bfa
991246.0,563590,python,[JIT],0x0000780cec548000
991245.0,563613,python,[JIT],0x0000776405f92003
991233.0,563554,python,[JIT],0x000078c4e8ded000
991229.0,563613,python,[JIT],0x0000776405fb0140
991229.0,563590,python,[JIT],0x0000780cec5471ec
991229.0,563554,python,[JIT],0x000078c4e82da63d
991225.0,563590,python,[JIT],0x0000780cec521285
991223.0,563579,python,[JIT],0x000070d0523c8409
991222.0,563613,python,[JIT],0x0000776405f985fd
991222.0,563613,python,[JIT],0x0000776405fadc92
991221.0,563547,python,[JIT],0x000076033c407aa0
991221.0,563613,python,[JIT],0x0000776405f97176
991219.0,563613,python,[JIT],0x00007764068885b8
991215.0,563613,python,[JIT],0x0000776405fac406
991215.0,563613,python,[JIT],0x0000776405fb82da
991215.0,563554,python,[JIT],0x000078c4e7c45986
991211.0,563613,python,python,PyObject_Hash
991211.0,563590,python,python,object_isinstance
991208.0,563613,python,[JIT],0x0000776405fb8ffe
991207.0,563590,python,[JIT],0x0000780ceb89ef41
991206.0,563613,python,[JIT],0x0000776405fb98e0
991205.0,563554,python,[JIT],0x000078c4e7c4e0bc
991201.0,563554,python,python,object_richcompare
991199.0,563613,python,[JIT],0x0000776405fb8f27
991199.0,563613,python,[JIT],0x0000776405fbd20e
991199.0,563590,python,python,PyUnicode_New
991196.0,563613,python,[JIT],0x0000776405f9377d
991196.0,563590,python,[JIT],0x0000780ceb89bede
991196.0,563554,python,[JIT],0x000078c4e7c49c6b
991190.0,563590,python,python,PyLong_FromUnsignedLongLong
991189.0,563568,python,[JIT],0x000073d05eed05ca
991185.0,563602,python,[JIT],0x00007fe8c1a73154
991182.0,563590,python,python,PyObject_Str
991179.0,563568,python,[JIT],0x000073d05e82b395
991173.0,563613,python,[JIT],0x0000776405f9f061
991171.0,563613,python,[JIT],0x000077640701338d
991170.0,563590,python,[JIT],0x0000780ceb89d4e2
991169.0,563547,python,[JIT],0x000076033c413f46
991168.0,563590,python,python,_PyObject_RealIsSubclass
991168.0,563590,python,[JIT],0x0000780ceb88567c
991165.0,563547,python,[JIT],0x000076033c69113c
991165.0,563613,python,[JIT],0x0000776405f93083
991163.0,563568,python,[JIT],0x000073d05eab420a
991159.0,563590,python,[JIT],0x0000780ceca43000
991159.0,563554,python,[JIT],0x000078c4e7c5ea14
991155.0,563568,python,[JIT],0x000073d05e82b303
991155.0,563590,python,python,cfunction_vectorcall_FASTCALL_KEYWORDS
991154.0,563590,python,[JIT],0x0000780ceb89c96b
991154.0,563554,python,[JIT],0x000078c4e7c5a8bb
991150.0,563547,python,[JIT],0x000076033d0ec3bf
991150.0,563590,python,[JIT],0x0000780ceb86e368
991149.0,563590,python,[JIT],0x0000780ceb87619f
991146.0,563579,python,[JIT],0x000070d052c88993
991140.0,563613,python,[JIT],0x00007764068872c2
991138.0,563590,python,[JIT],0x0000780ceb89b171
991136.0,563590,python,[JIT],0x0000780ceb89d6fb
991135.0,563590,python,[JIT],0x0000780ceb876c70
991133.0,563568,python,[JIT],0x000073d05e8358a9
991133.0,563568,python,[JIT],0x000073d05e83967b
991131.0,563613,python,[JIT],0x0000776405facdde
991124.0,563613,python,python,_PyDict_Subscript
991124.0,563554,python,[JIT],0x000078c4e7c4be74
991121.0,563613,python,[JIT],0x0000776405f94154
991121.0,563554,python,[JIT],0x000078c4e7c4af49
991120.0,563554,python,[JIT],0x000078c4e82da4f9
991119.0,563590,python,python,PyObject_RichCompareBool
991116.0,563590,python,[JIT],0x0000780ceb89503f
991116.0,563590,python,[JIT],0x0000780ceb89a80b
991115.0,563590,python,[JIT],0x0000780ceb8b6000
991114.0,563613,python,[JIT],0x0000776405f940f5
991113.0,563554,python,[JIT],0x000078c4e7c4b3e6
991113.0,563590,python,[kernel.kallsyms],cap_vm_enough_memory
991112.0,563613,python,[JIT],0x0000776405f8997d
991109.0,563613,python,[JIT],0x0000776405f8bb8f
991105.0,563554,python,[JIT],0x000078c4e7c3c5e9
991105.0,563590,python,[JIT],0x0000780ceb88ee36
991104.0,563579,python,[JIT],0x000070d0523bf180
991102.0,563579,python,[JIT],0x000070d05274d40a
991098.0,563590,python,[JIT],0x0000780ceb89c8e6
991097.0,563554,python,[JIT],0x000078c4e7c4a4af
991096.0,563579,python,python,meth_dealloc
991095.0,563554,python,[JIT],0x000078c4e7c41463
991095.0,563590,python,[JIT],0x0000780ceb89f1c7
991093.0,563579,python,[JIT],0x000070d052a7e868
991092.0,563568,python,python,PyFile_WriteObject
991092.0,563590,python,[JIT],0x0000780ceb870ab6
991091.0,563590,python,[JIT],0x0000780cec5484ff
991089.0,563613,python,[JIT],0x0000776405f9500b
991089.0,563590,python,[JIT],0x0000780ceb89ea53
991088.0,563613,python,python,cfunction_vectorcall_FASTCALL_KEYWORDS_METHOD
991087.0,563554,python,[JIT],0x000078c4e82db1d0
991085.0,563554,python,[JIT],0x000078c4e7c30bfc
991081.0,563590,python,[JIT],0x0000780ceb8778e1
991079.0,563590,python,[JIT],0x0000780ceb89f1ca
991077.0,563613,python,[JIT],0x0000776405f92a97
991077.0,563554,python,[JIT],0x000078c4e7c49675
991076.0,563547,python,[JIT],0x000076033c690628
991073.0,563568,python,python,_Py_IsMainThread
991072.0,563554,python,[JIT],0x000078c4e7c0e4f6
991068.0,563590,python,[JIT],0x0000780ceb871457
991065.0,563547,python,[JIT],0x000076033c414db1
991065.0,563554,python,[JIT],0x000078c4e7c2e08f
991065.0,563590,python,[JIT],0x0000780ceb8a63ae
991065.0,563554,python,python,long_neg_method
991063.0,563590,python,[JIT],0x0000780ceb86753a
991056.0,563613,python,[JIT],0x0000776405f9ff34
991055.0,563554,python,[JIT],0x000078c4e7c4b571
991052.0,563613,python,[JIT],0x00007764063390dd
991052.0,563613,python,[JIT],0x0000776405fa068d
991051.0,563554,python,[JIT],0x000078c4e7c59296
991050.0,563568,python,[JIT],0x000073d05f9dc0e9
991047.0,563554,python,[JIT],0x000078c4e82da393
991045.0,563613,python,python,unicode_dealloc
991044.0,563568,python,[JIT],0x000073d05e81d7f0
991044.0,563590,python,[JIT],0x0000780ceb89ccf3
991044.0,563554,python,[JIT],0x000078c4e8ded003
991042.0,563613,python,python,memset@plt
991041.0,563579,python,[JIT],0x000070d05274e736
991040.0,563590,python,[JIT],0x0000780cec4eb3bb
991039.0,563590,python,[JIT],0x0000780ceb8a6e90
991038.0,563579,python,[JIT],0x000070d053565052
991036.0,563613,python,[JIT],0x000077640688807b
991036.0,563613,python,[JIT],0x00007764070130b2
991036.0,563613,python,[JIT],0x0000776405f9fafd
991036.0,563590,python,[JIT],0x0000780ceb8924eb
991035.0,563613,python,[JIT],0x0000776405f42c95
991033.0,563554,python,python,_PyUnicode_ExactDealloc
991031.0,563590,python,[JIT],0x0000780ceb86287c
991029.0,563568,python,[JIT],0x000073d05e8386d9
991025.0,563554,python,[JIT],0x000078c4e7c14f9a
991025.0,563590,python,[JIT],0x0000780ceb886363
991025.0,563554,python,[JIT],0x000078c4e7c34dc0
991024.0,563613,python,libc.so.6,_int_malloc
991024.0,563613,python,[JIT],0x0000776405f80ff9
991023.0,563613,python,python,PyObject_Malloc
991023.0,563547,python,[JIT],0x000076033c40c91b
991022.0,563579,python,[JIT],0x000070d052c88b18
991022.0,563590,python,[JIT],0x0000780ceb85e9e7
991018.0,563613,python,[JIT],0x0000776405fb8ee9
991018.0,563590,python,[JIT],0x0000780ceb86a516
991016.0,563554,python,[JIT],0x000078c4e7bff444
991014.0,563590,python,[JIT],0x0000780ceb87acab
991013.0,563554,python,[JIT],0x000078c4e7c391e9
991013.0,563554,python,[JIT],0x000078c4e7c42baf
991012.0,563547,python,[JIT],0x000076033c690383
991011.0,563568,python,[JIT],0x000073d05e841f45
991010.0,563568,python,python,PyNumber_Add
991010.0,563554,python,[JIT],0x000078c4e7c1de8d
991010.0,563590,python,[JIT],0x0000780ceb894aea
991007.0,563547,python,[JIT],0x000076033c690998
991007.0,563547,python,[JIT],0x000076033c691113
991006.0,563590,python,[JIT],0x0000780ceb8a7132
991004.0,563579,python,[JIT],0x000070d05263b2b5
991004.0,563613,python,python,PyList_New
991001.0,563590,python,[JIT],0x0000780ceb868def
991000.0,563554,python,[JIT],0x000078c4e7c25799
991000.0,563554,python,[JIT],0x000078c4e7c2f974
990999.0,563547,python,[JIT],0x000076033c414681
990999.0,563554,python,[JIT],0x000078c4e7c26105
990997.0,563590,python,[JIT],0x0000780ceb860b1b
990996.0,563613,python,python,vectorcall_maybe
990994.0,563613,python,[JIT],0x0000776405fae992
990992.0,563554,python,[JIT],0x000078c4e7ed005e
990992.0,563590,python,[JIT],0x0000780ceb88d57b
990990.0,563554,python,[JIT],0x000078c4e7c23672
990989.0,563554,python,[JIT],0x000078c4e7c1b416
990988.0,563547,python,[JIT],0x000076033d413252
990988.0,563554,python,[JIT],0x000078c4e7c550ce
990987.0,563613,python,[JIT],0x0000776405f93722
990984.0,563613,python,python,_PyList_AsTupleAndClear
990980.0,563554,python,[JIT],0x000078c4e7c0c32a
990980.0,563554,python,[JIT],0x000078c4e7c3f8ab
990980.0,563554,python,python,_contextvars_ContextVar_get
990979.0,563613,python,[JIT],0x0000776405f6118a
990979.0,563554,python,[JIT],0x000078c4e7c346aa
990979.0,563590,python,[JIT],0x0000780ceb8683a4
990978.0,563579,python,[JIT],0x000070d052a7e38c
990977.0,563590,python,[JIT],0x0000780cec4ec003
990977.0,563554,python,[JIT],0x000078c4e7c560ba
990976.0,563590,python,[JIT],0x0000780ceb88e63d
990976.0,563602,python,[kernel.kallsyms],clear_page_erms
990974.0,563579,python,python,_PyCallMethodDescriptorFast_StackRef
990974.0,563554,python,[JIT],0x000078c4e7c3f00a
990964.0,563547,python,[JIT],0x000076033c3e81db
990964.0,563602,python,[JIT],0x00007fe8c1aa1866
990962.0,563579,python,[JIT],0x000070d0523c8aaa
990962.0,563590,python,[JIT],0x0000780ceb88e369
990961.0,563579,python,[JIT],0x000070d0523ca3cc
990961.0,563613,python,[JIT],0x0000776405fa6cc4
990961.0,563554,python,[JIT],0x000078c4e7c300b2
990961.0,563590,python,[JIT],0x0000780ceb86e434
990957.0,563613,python,[JIT],0x0000776405f9274b
990955.0,563613,python,[kernel.kallsyms],entry_SYSCALL_64
990955.0,563568,python,[JIT],0x000073d05e828be7
990955.0,563590,python,[JIT],0x0000780ceb860490
990953.0,563579,python,python,list_extend_lock_held
990953.0,563590,python,[JIT],0x0000780ceb87221f
990949.0,563613,python,[JIT],0x0000776405f93357
990948.0,563554,python,[JIT],0x000078c4e7c3f1ac
990948.0,563590,python,[JIT],0x0000780ceb8580fd
990947.0,563590,python,[JIT],0x0000780ceb853a39
990947.0,563554,python,[JIT],0x000078c4e7c4d5e5
990944.0,563568,python,python,PyObject_Call
990943.0,563590,python,[JIT],0x0000780cec5485ea
990942.0,563590,python,[JIT],0x0000780ceb88e592
990941.0,563554,python,[JIT],0x000078c4e7c2f808
990940.0,563554,python,[JIT],0x000078c4e8ded0fb
990939.0,563554,python,[JIT],0x000078c4e7c24449
990939.0,563590,python,[JIT],0x0000780ceb8922c3
990938.0,563547,python,[JIT],0x000076033c6912a1
990938.0,563554,python,[JIT],0x000078c4e7c49846
990937.0,563613,python,[JIT],0x0000776405f82748
990937.0,563554,python,[JIT],0x000078c4e7c4923c
990936.0,563554,python,[JIT],0x000078c4e7c3d896
990936.0,563554,python,python,_PyErr_CheckSignalsTstate
990935.0,563613,python,[JIT],0x0000776405facbe0
990933.0,563554,python,[JIT],0x000078c4e7c37211
990932.0,563547,python,[JIT],0x000076033c3db5b9
990932.0,563613,python,[JIT],0x0000776405f93422
990932.0,563613,python,[JIT],0x0000776405fac6e7
990930.0,563613,python,[JIT],0x0000776405f83417
990930.0,563554,python,[JIT],0x000078c4e7c5717c
990925.0,563579,python,[JIT],0x000070d0523ab85d
990925.0,563590,python,[JIT],0x0000780ceb895d70
990924.0,563554,python,[JIT],0x000078c4e7c1c01b
990923.0,563579,python,[JIT],0x000070d0523d518c
990923.0,563554,python,[JIT],0x000078c4e7c30378
990917.0,563613,python,[JIT],0x0000776405fa03ff
990917.0,563554,python,[JIT],0x000078c4e7c3f625
990916.0,563613,python,[JIT],0x0000776405f71eb5
990915.0,563590,python,[JIT],0x0000780ceb89ccc0
990914.0,563590,python,[JIT],0x0000780ceb896989
990914.0,563602,python,[JIT],0x00007fe8c2725000
990913.0,563590,python,[JIT],0x0000780ceb882870
990912.0,563613,python,[JIT],0x0000776405f973f2
990912.0,563590,python,[JIT],0x0000780ceb86fa0d
990911.0,563568,python,[JIT],0x000073d05e85182f
990909.0,563613,python,[JIT],0x0000776405f64f03
990908.0,563547,python,[JIT],0x000076033c415b14
990908.0,563590,python,[JIT],0x0000780ceb87a0f5
990907.0,563554,python,[JIT],0x000078c4e7c23f0f
990907.0,563602,python,[JIT],0x00007fe8c1d1d008
990905.0,563613,python,[JIT],0x0000776405f96cac
990905.0,563590,python,[JIT],0x0000780ceb89c46c
990904.0,563579,python,[JIT],0x000070d0523bdea4
990904.0,563613,python,[JIT],0x00007764063390af
990901.0,563613,python,[JIT],0x0000776405fae83b
990901.0,563568,python,[JIT],0x000073d05e83a1ca
990901.0,563554,python,[JIT],0x000078c4e7c1ba5b
990900.0,563613,python,[JIT],0x0000776405f7c562
990899.0,563547,python,[JIT],0x000076033c413474
990899.0,563554,python,[JIT],0x000078c4e7c30035
990898.0,563554,python,[JIT],0x000078c4e7c3d51d
990896.0,563547,python,[JIT],0x000076033c42d662
990895.0,563613,python,[JIT],0x0000776405f83179
990895.0,563613,python,[JIT],0x00007764068873ad
990895.0,563554,python,[JIT],0x000078c4e7c3f900
990894.0,563579,python,[JIT],0x000070d0523b09aa
990894.0,563547,python,[JIT],0x000076033c40754b
990894.0,563613,python,[JIT],0x0000776405f8326b
990892.0,563590,python,[JIT],0x0000780ceb884c8e
990890.0,563613,python,[JIT],0x0000776405f81f69
990890.0,563554,python,[JIT],0x000078c4e7c2f4ac
990888.0,563554,python,[JIT],0x000078c4e7c389b1
990888.0,563602,python,[JIT],0x00007fe8c1d1db4f
990887.0,563613,python,[JIT],0x0000776405facb99
990886.0,563568,python,[JIT],0x000073d05ebc769d
990885.0,563590,python,[JIT],0x0000780cebb1ca36
990885.0,563554,python,[JIT],0x000078c4e7c4d4d7
990882.0,563613,python,[JIT],0x0000776405f921f1
990882.0,563554,python,[JIT],0x000078c4e7c3f891
990881.0,563613,python,[JIT],0x0000776405f8a9f7
990881.0,563613,python,[JIT],0x0000776405facdda
990881.0,563613,python,[JIT],0x0000776405fb0032
990881.0,563590,python,[JIT],0x0000780ceb89ab04
990880.0,563579,python,[JIT],0x000070d05263cd3b
990880.0,563613,python,[JIT],0x0000776405f9867e
990880.0,563613,python,[JIT],0x0000776405f9cabf
990880.0,563554,python,[JIT],0x000078c4e82dad6d
990880.0,563590,python,[JIT],0x0000780cec5473c0
990879.0,563613,python,[JIT],0x0000776405f94d82
990879.0,563554,python,[JIT],0x000078c4e7c135a8
990879.0,563554,python,[JIT],0x000078c4e82da1fb
990878.0,563579,python,[JIT],0x000070d052a7e134
990877.0,563613,python,[JIT],0x0000776405f89ffe
990877.0,563554,python,[JIT],0x000078c4e7c62739
990877.0,563602,python,[JIT],0x00007fe8c1d1db73
990875.0,563554,python,[JIT],0x000078c4e7c49c71
990874.0,563613,python,[JIT],0x0000776405f62beb
990874.0,563613,python,[JIT],0x000077640666921f
990874.0,563590,python,[JIT],0x0000780ceb8801a5
990871.0,563554,python,[JIT],0x000078c4e7c1c692
990870.0,563613,python,[JIT],0x0000776405fadd00
990870.0,563590,python,[JIT],0x0000780cec5483d9
990869.0,563602,python,[JIT],0x00007fe8c1aabfa1
990868.0,563613,python,[JIT],0x0000776407013c00
990868.0,563613,python,python,_io_BytesIO_read
990868.0,563590,python,[JIT],0x0000780ceb88263f
990867.0,563613,python,[JIT],0x0000776405f9bf14
990867.0,563602,python,[JIT],0x00007fe8c1d1c9f8
990866.0,563613,python,[JIT],0x0000776405fad93c
990865.0,563613,python,[JIT],0x0000776405f41055
990865.0,563613,python,[JIT],0x0000776405f59562
990864.0,563579,python,python,PySlice_AdjustIndices
990864.0,563613,python,[JIT],0x0000776405fa740f
990863.0,563547,python,[JIT],0x000076033c3c80ce
990863.0,563547,python,[JIT],0x000076033c3e66b1
990863.0,563547,python,[JIT],0x000076033d0ecd31
990863.0,563613,python,[JIT],0x0000776405f46284
990863.0,563613,python,[JIT],0x0000776405f519e0
990863.0,563613,python,[JIT],0x0000776406669cf0
990861.0,563613,python,[JIT],0x0000776405f9fa62
990861.0,563554,python,python,builtin_abs
990861.0,563554,python,[JIT],0x000078c4e82da4bb
990860.0,563602,python,[JIT],0x00007fe8c1a9d466
990858.0,563613,python,[JIT],0x0000776405f69df2
990858.0,563554,python,python,_PyMem_RawFree
990857.0,563613,python,[JIT],0x0000776407013207
990857.0,563590,python,[JIT],0x0000780ceb882b38
990856.0,563602,python,python,_PyList_FromStackRefStealOnSuccess
990856.0,563554,python,[JIT],0x000078c4e7c4cffb
990855.0,563613,python,[JIT],0x0000776405facfda
990854.0,563579,python,python,_PyNumber_PowerNoMod
990854.0,563613,python,[JIT],0x0000776405f929ea
990854.0,563554,python,[JIT],0x000078c4e7bfcadc
990854.0,563554,python,[JIT],0x000078c4e7c1e2a7
990854.0,563590,python,[JIT],0x0000780ceb88d3d9
990853.0,563554,python,[JIT],0x000078c4e7c0c033
990853.0,563554,python,[JIT],0x000078c4e7c360a4
990852.0,563613,python,[JIT],0x0000776405fba26b
990850.0,563590,python,[JIT],0x0000780ceb88ddef
990850.0,563602,python,[JIT],0x00007fe8c1a93183
990848.0,563547,python,[JIT],0x000076033c41deb3
990848.0,563613,python,[JIT],0x0000776405f4565f
990847.0,563613,python,[JIT],0x0000776405f80379
990847.0,563568,python,[JIT],0x000073d05f9dc088
990847.0,563554,python,[JIT],0x000078c4e7c6398d
990846.0,563579,python,[JIT],0x000070d052c88989
990846.0,563547,python,[JIT],0x000076033c69038f
990846.0,563613,python,[JIT],0x00007764068870ba
990845.0,563602,python,[JIT],0x00007fe8c1a9dd42
990844.0,563554,python,[JIT],0x000078c4e7c0b5db
990844.0,563590,python,[JIT],0x0000780ceb89e576
990843.0,563547,python,[JIT],0x000076033c3e701b
990843.0,563547,python,[JIT],0x000076033c7a389e
990843.0,563613,python,[JIT],0x0000776405f5bc8a
990843.0,563613,python,[JIT],0x0000776405f814e0
990841.0,563547,python,[JIT],0x000076033c3f87a2
990841.0,563590,python,[JIT],0x0000780cec54835e
990840.0,563613,python,[JIT],0x0000776406228344
990839.0,563579,python,[JIT],0x000070d052c88afe
990839.0,563613,python,[JIT],0x0000776405fb99fd
990838.0,563554,python,[JIT],0x000078c4e7bfd34c
990837.0,563613,python,[JIT],0x0000776406669079
990837.0,563590,python,python,_PyEval_SliceIndexNotNone
990837.0,563554,python,[JIT],0x000078c4e7c1546a
990836.0,563579,python,[JIT],0x000070d0523b0206
990836.0,563613,python,[JIT],0x0000776405f9b6b4
990836.0,563613,python,[JIT],0x0000776405fafa1d
990836.0,563613,python,[JIT],0x0000776405fb8c4b
990834.0,563613,python,[JIT],0x0000776405f7540c
990833.0,563547,python,[JIT],0x000076033c3ee798
990833.0,563613,python,[JIT],0x0000776405f7234d
990833.0,563613,python,[JIT],0x0000776405faef4e
990833.0,563590,python,[JIT],0x0000780ceb87a1c4
990833.0,563590,python,[JIT],0x0000780ceb89025f
990830.0,563547,python,[JIT],0x000076033c3ee071
990830.0,563613,python,[JIT],0x0000776405fac33d
990830.0,563590,python,[JIT],0x0000780ceb8782dc
990829.0,563547,python,python,long_abs_method
990829.0,563613,python,[JIT],0x0000776405f9527e
990829.0,563554,python,[JIT],0x000078c4e82da58d
990828.0,563602,python,python,emit__DEOPT_r00
990827.0,563613,python,[JIT],0x0000776405f82134
990827.0,563613,python,[JIT],0x0000776405fae834
990827.0,563554,python,[JIT],0x000078c4e7c3c96b
990826.0,563590,python,[JIT],0x0000780ceb8a6ea3
990825.0,563590,python,[JIT],0x0000780ceb883392
990824.0,563613,python,python,_PyMem_RawMalloc
990824.0,563613,python,[JIT],0x0000776405f952d9
990824.0,563613,python,[JIT],0x0000776405fa0082
990824.0,563613,python,[JIT],0x0000776405fae505
990824.0,563602,python,[JIT],0x00007fe8c2c46139
990823.0,563579,python,[JIT],0x000070d0523b2df7
990823.0,563613,python,[JIT],0x0000776405f975c0
990823.0,563590,python,[JIT],0x0000780ceb847dd3
990822.0,563554,python,[JIT],0x000078c4e8ded139
990822.0,563590,python,[JIT],0x0000780ceb89bc96
990822.0,563590,python,[JIT],0x0000780cec548972
990821.0,563590,python,[JIT],0x0000780ceb89a891
990821.0,563590,python,[JIT],0x0000780ceb89cc6a
990820.0,563613,python,[JIT],0x0000776405f809eb
990820.0,563590,python,[JIT],0x0000780ceb881cd0
990819.0,563613,python,[JIT],0x0000776407013b50
990819.0,563590,python,[JIT],0x0000780ceb886a02
990818.0,563590,python,[JIT],0x0000780ceb8801f9
990816.0,563579,python,[JIT],0x000070d0523a2548
990816.0,563613,python,[JIT],0x00007764070134cb
990816.0,563613,python,[JIT],0x00007764070138e8
990814.0,563590,python,[JIT],0x0000780ceb8578ce
990814.0,563590,python,[JIT],0x0000780ceb88edaa
990813.0,563613,python,[JIT],0x0000776405f83a01
990812.0,563613,python,[JIT],0x0000776405fac139
990812.0,563613,python,[JIT],0x0000776406887300
990812.0,563554,python,[JIT],0x000078c4e7c3cfa5
990812.0,563590,python,[JIT],0x0000780ceb85793a
990812.0,563590,python,[JIT],0x0000780ceb888a9d
990812.0,563590,python,[JIT],0x0000780ceb89e38f
990811.0,563547,python,[JIT],0x000076033c400112
990811.0,563613,python,[JIT],0x0000776405faca74
990810.0,563613,python,[JIT],0x0000776405fad21c
990810.0,563613,python,[JIT],0x000077640715306b
990810.0,563554,python,python,memcmp@plt
990809.0,563547,python,[JIT],0x000076033c411934
990808.0,563547,python,[JIT],0x000076033d0ec96e
990808.0,563613,python,[JIT],0x0000776405f7b99c
990807.0,563547,python,[JIT],0x000076033c41553d
990807.0,563590,python,python,emit__CALL_FUNCTION_EX_NON_PY_GENERAL_r31
990807.0,563590,python,[JIT],0x0000780ceb8831ec
990806.0,563554,python,[JIT],0x000078c4e7c3c45a
990805.0,563547,python,[JIT],0x000076033c690bbd
990805.0,563613,python,[JIT],0x0000776405f93cb7
990805.0,563613,python,[JIT],0x0000776405f9b3ff
990804.0,563613,python,[JIT],0x0000776405f5a74a
990804.0,563613,python,[JIT],0x0000776405fa0166
990802.0,563613,python,[JIT],0x0000776405f5caa1
990802.0,563613,python,[JIT],0x00007764063390e7
990802.0,563590,python,[JIT],0x0000780ceb89d60c
990801.0,563613,python,[kernel.kallsyms],__update_load_avg_se
990801.0,563613,python,[JIT],0x0000776405fae014
990801.0,563613,python,[JIT],0x0000776405fb97f9
990801.0,563613,python,[JIT],0x000077640715307e
990800.0,563547,python,[JIT],0x000076033c3fffab
990800.0,563613,python,[JIT],0x0000776405f812e0
990800.0,563613,python,[JIT],0x0000776405fb98a5
990799.0,563613,python,[JIT],0x0000776405f8cc02
990799.0,563554,python,[JIT],0x000078c4e7c3c6dd
990798.0,563590,python,[JIT],0x0000780ceb86f803
990796.0,563613,python,[JIT],0x0000776405f65703
990796.0,563613,python,[JIT],0x0000776405f8a21f
990796.0,563613,python,[JIT],0x0000776405faf876
990795.0,563613,python,[JIT],0x0000776405f736dc
990795.0,563568,python,[JIT],0x000073d05e84faa6
990794.0,563613,python,[JIT],0x0000776405f437c4
990794.0,563613,python,[JIT],0x0000776405f934fd
990794.0,563590,python,[JIT],0x0000780ceb86ef5d
990793.0,563579,python,python,_Py_VectorCall_StackRefSteal
990793.0,563613,python,[JIT],0x0000776405f92154
990793.0,563590,python,[JIT],0x0000780ceb8463f6
990793.0,563590,python,[JIT],0x0000780ceb89bb29
990792.0,563579,python,[JIT],0x000070d0523bea74
990791.0,563613,python,[JIT],0x0000776405fa09ba
990791.0,563590,python,[JIT],0x0000780ceb885c81
990790.0,563602,python,[JIT],0x00007fe8c1a908bc
990790.0,563590,python,[JIT],0x0000780ceb8517af
990790.0,563590,python,[JIT],0x0000780ceb89c046
990789.0,563590,python,[JIT],0x0000780ceb82e11c
990788.0,563613,python,[JIT],0x0000776405fb91e1
990787.0,563613,python,[JIT],0x0000776405f5d4ee
990787.0,563590,python,[JIT],0x0000780ceb8639d6
990787.0,563602,python,[JIT],0x00007fe8c1a9d4b2
990786.0,563590,python,[JIT],0x0000780ceb882a53
990786.0,563554,python,[kernel.kallsyms],__irqentry_text_end
990786.0,563554,python,[JIT],0x000078c4e7ecd04b
990785.0,563547,python,[JIT],0x000076033c3f7b39
990785.0,563547,python,[JIT],0x000076033c3fefd0
990785.0,563613,python,[JIT],0x0000776405fac354
990785.0,563554,python,[JIT],0x000078c4e7c36071
990785.0,563590,python,[JIT],0x0000780ceb884cac
990784.0,563547,python,[JIT],0x000076033d4132e2
990784.0,563613,python,[JIT],0x0000776405fa09a6
990784.0,563590,python,[JIT],0x0000780ceb88310f
990783.0,563579,python,[JIT],0x000070d052398dc7
990783.0,563613,python,[JIT],0x0000776405f9f344
990783.0,563590,python,[JIT],0x0000780ceb86e427
990783.0,563590,python,[JIT],0x0000780ceb888a0b
990782.0,563613,python,[JIT],0x0000776405f4ec7d
990781.0,563590,python,python,_PyObject_MakeTpCall
990781.0,563613,python,[JIT],0x0000776407013365
990781.0,563554,python,[JIT],0x000078c4e7c1b193
990781.0,563590,python,[JIT],0x0000780ceb857488
990781.0,563554,python,[JIT],0x000078c4e7c578fc
990780.0,563613,python,[JIT],0x0000776405fac1dd
990780.0,563554,python,[JIT],0x000078c4e7c1d369
990780.0,563554,python,[JIT],0x000078c4e82db123
990779.0,563613,python,[JIT],0x0000776405f99f3c
990779.0,563590,python,[JIT],0x0000780ceb888b69
990779.0,563602,python,python,sre_ucs1_match
990778.0,563590,python,[JIT],0x0000780ceb89bca7
990777.0,563579,python,[JIT],0x000070d052c8700a
990777.0,563590,python,[JIT],0x0000780ceb863ba0
990776.0,563613,python,[JIT],0x0000776405f75437
990776.0,563613,python,[JIT],0x0000776405fb0ba0
990776.0,563590,python,[JIT],0x0000780ceb8608f5
990775.0,563590,python,python,sre_ucs1_match
990775.0,563554,python,[JIT],0x000078c4e82da17b
990775.0,563590,python,[JIT],0x0000780ceb85f85e
990774.0,563547,python,[JIT],0x000076033c3dfcea
990774.0,563613,python,[JIT],0x0000776405f813e7
990773.0,563590,python,[JIT],0x0000780ceb885a53
990772.0,563613,python,[JIT],0x0000776405f41001
990772.0,563613,python,[JIT],0x0000776405f5bb65
990772.0,563554,python,python,PyObject_GenericGetAttr
990772.0,563590,python,[JIT],0x0000780ceb861000
990771.0,563547,python,[JIT],0x000076033c4111a2
990771.0,563547,python,[JIT],0x000076033c411de9
990771.0,563613,python,[JIT],0x0000776405f65384
990771.0,563613,python,[JIT],0x0000776405f989b0
990770.0,563602,python,[JIT],0x00007fe8c1a84d2f
990770.0,563613,python,[JIT],0x0000776405f92239
990770.0,563554,python,[JIT],0x000078c4e7c1ad6e
990769.0,563547,python,[JIT],0x000076033d5b9135
990769.0,563613,python,[JIT],0x0000776405fa02bf
990768.0,563547,python,[JIT],0x000076033c42a06f
990768.0,563613,python,[JIT],0x0000776405f9b5fa
990768.0,563568,python,python,str_int_multiply
990768.0,563554,python,[JIT],0x000078c4e7c35245
990767.0,563590,python,[JIT],0x0000780ceb893bd1
990766.0,563547,python,[JIT],0x000076033c3f7f18
990766.0,563547,python,[JIT],0x000076033c412ee9
990766.0,563613,python,[JIT],0x0000776405f7ab3d
990766.0,563613,python,[JIT],0x0000776405faf1c2
990766.0,563590,python,[JIT],0x0000780ceb8501b3
990765.0,563579,python,[JIT],0x000070d052c87182
990765.0,563613,python,[JIT],0x0000776405f5b4e2
990765.0,563590,python,[JIT],0x0000780cec54719f
990764.0,563613,python,[JIT],0x0000776405f58190
990764.0,563590,python,[JIT],0x0000780ceb8b4b4f
990763.0,563579,python,[JIT],0x000070d053565135
990763.0,563613,python,[JIT],0x0000776405fae025
990763.0,563554,python,[JIT],0x000078c4e7c1ccc6
990763.0,563590,python,[JIT],0x0000780ceb88e32d
990763.0,563590,python,[JIT],0x0000780ceb89ecd0
990762.0,563554,python,[JIT],0x000078c4e7c44882
990761.0,563547,python,[JIT],0x000076033c3e64ed
990761.0,563547,python,[JIT],0x000076033c3e6627
990761.0,563613,python,[JIT],0x0000776405f7c523
990761.0,563554,python,[kernel.kallsyms],mas_wr_end_piv
990760.0,563613,python,[JIT],0x0000776405f9af99
990760.0,563613,python,[JIT],0x000077640633b8e9
990759.0,563547,python,[JIT],0x000076033c412554
990759.0,563613,python,[JIT],0x0000776405f79319
990758.0,563590,python,[JIT],0x0000780ceb86212f
990757.0,563602,python,[JIT],0x00007fe8c1a849c7
990757.0,563590,python,[JIT],0x0000780ceb885398
990757.0,563613,python,[JIT],0x0000776405fb8ebf
990757.0,563613,python,[JIT],0x000077640715305e
990757.0,563590,python,[JIT],0x0000780ceb89e16a
990757.0,563554,python,python,unicode_compare
990755.0,563613,python,[JIT],0x0000776405f84530
990755.0,563590,python,[JIT],0x0000780ceb89a152
990754.0,563547,python,[kernel.kallsyms],sata_lpm_ignore_phy_events
990754.0,563613,python,[JIT],0x0000776405f75bb7
990754.0,563590,python,[JIT],0x0000780ceb862b2b
990753.0,563590,python,[JIT],0x0000780ceb89cd19
990752.0,563613,python,[JIT],0x0000776405f81783
990752.0,563613,python,[JIT],0x00007764066440a3
990752.0,563554,python,[JIT],0x000078c4e7c4e19f
990751.0,563613,python,[JIT],0x0000776405f9f763
990750.0,563613,python,[JIT],0x0000776405f81a22
990750.0,563590,python,[JIT],0x0000780ceb89b1ba
990749.0,563547,python,python,PyObject_GenericHash
990748.0,563547,python,[JIT],0x000076033c4141c2
990748.0,563613,python,[JIT],0x0000776405f64933
990748.0,563613,python,[JIT],0x0000776405f988e9
990748.0,563613,python,[JIT],0x0000776405fae766
990748.0,563590,python,[JIT],0x0000780ceb86eea2
990748.0,563590,python,[JIT],0x0000780ceb89b696
990748.0,563554,python,[JIT],0x000078c4e7c6206b
990747.0,563590,python,[JIT],0x0000780ceb869b40
990747.0,563590,python,[JIT],0x0000780ceb88da07
990746.0,563579,python,[JIT],0x000070d052398dd8
990746.0,563547,python,[JIT],0x000076033c409931
990746.0,563613,python,[JIT],0x0000776405fa3425
990746.0,563554,python,[JIT],0x000078c4e7c49995
990746.0,563590,python,[JIT],0x0000780ceb868c7d
990745.0,563613,python,[JIT],0x0000776405f593c0
990745.0,563613,python,[JIT],0x0000776405f7412f
990745.0,563613,python,[JIT],0x0000776405fb00a2
990744.0,563613,python,[JIT],0x000077640666963a
990744.0,563590,python,[JIT],0x0000780ceb8822ee
990743.0,563613,python,[JIT],0x0000776405f459e6
990743.0,563613,python,[JIT],0x00007764070138ce
990743.0,563590,python,[JIT],0x0000780ceb84b788
990743.0,563590,python,[JIT],0x0000780ceb861b1e
990743.0,563590,python,[JIT],0x0000780ceb89d0a1
990743.0,563554,python,[JIT],0x000078c4e7c3713c
990742.0,563613,python,[JIT],0x0000776405f40b44
990742.0,563613,python,[JIT],0x0000776406669bd2
990742.0,563554,python,[JIT],0x000078c4e7c31b1c
990741.0,563613,python,[JIT],0x0000776405f40db7
990741.0,563613,python,[JIT],0x0000776405f9406b
990740.0,563613,python,[JIT],0x0000776405fac90d
990739.0,563579,python,[JIT],0x000070d0523d5000
990739.0,563547,python,[JIT],0x000076033c41186a
990739.0,563613,python,[JIT],0x0000776405f84227
990739.0,563554,python,[JIT],0x000078c4e7bf528d
990738.0,563579,python,[JIT],0x000070d0523be1ef
990738.0,563547,python,[JIT],0x000076033c3ee0cd
990738.0,563547,python,[JIT],0x000076033c411b4e
990738.0,563590,python,[JIT],0x0000780ceb8504ea
990737.0,563579,python,[JIT],0x000070d05274d93c
990737.0,563613,python,[JIT],0x0000776405f64067
990737.0,563590,python,[JIT],0x0000780ceb8886a5
990737.0,563590,python,[JIT],0x0000780ceb89a2ec
990736.0,563590,python,[JIT],0x0000780ceb8a616c
990735.0,563613,python,[JIT],0x0000776405f9b2c9
990734.0,563613,python,[JIT],0x0000776405f7b72b
990734.0,563590,python,[JIT],0x0000780ceb88ed46
990734.0,563602,python,python,_PyType_AllocNoTrack
990733.0,563613,python,[JIT],0x0000776405f73902
990733.0,563613,python,[JIT],0x0000776405f81bf7
990733.0,563613,python,[JIT],0x0000776405fb1134
990733.0,563590,python,[JIT],0x0000780ceb89cae5
990732.0,563579,python,[JIT],0x000070d0523a38ea
990732.0,563547,python,python,_PyList_Extend
990732.0,563613,python,[JIT],0x0000776405f61120
990732.0,563613,python,[JIT],0x0000776405f8233a
990732.0,563590,python,[JIT],0x0000780ceb89c8c8
990732.0,563590,python,[JIT],0x0000780ceca43124
990731.0,563613,python,[JIT],0x0000776405f728be
990731.0,563613,python,[JIT],0x0000776405f83075
990731.0,563590,python,[JIT],0x0000780ceb883102
990731.0,563554,python,[JIT],0x000078c4e7c3f96e
990730.0,563602,python,[JIT],0x00007fe8c1a8532a
990730.0,563590,python,[JIT],0x0000780cebb1e3f9
990730.0,563547,python,[JIT],0x000076033c7a394a
990730.0,563613,python,[JIT],0x0000776405fa0820
990730.0,563613,python,[JIT],0x0000776405fb1000
990730.0,563554,python,[JIT],0x000078c4e7c4a734
990730.0,563590,python,[JIT],0x0000780ceb862986
990730.0,563590,python,[JIT],0x0000780ceb8a7bb3
990730.0,563602,python,[JIT],0x00007fe8c1a9e482
990729.0,563547,python,[JIT],0x000076033d5b913b
990729.0,563613,python,python,_Py_BuiltinCallFast_StackRef
990729.0,563590,python,[JIT],0x0000780ceb881cc9
990729.0,563590,python,[JIT],0x0000780ceb89a546
990729.0,563590,python,[JIT],0x0000780ceb89f0fe
990729.0,563602,python,[JIT],0x00007fe8c2a13182
990728.0,563613,python,[JIT],0x0000776405fb8618
990727.0,563590,python,[JIT],0x0000780cec547303
990726.0,563579,python,[JIT],0x000070d0523a9a99
990726.0,563613,python,python,_PyList_Extend
990726.0,563613,python,[JIT],0x0000776405f66425
990726.0,563590,python,[JIT],0x0000780ceb86a4ce
990726.0,563590,python,[JIT],0x0000780ceb86e1b1
990726.0,563590,python,[JIT],0x0000780ceb890a64
990725.0,563613,python,[JIT],0x0000776405fb91c4
990724.0,563613,python,[JIT],0x0000776405f621a4
990724.0,563613,python,[JIT],0x0000776405f62a23
990724.0,563613,python,[JIT],0x0000776405f63ab1
990724.0,563613,python,[JIT],0x0000776405f7c01c
990724.0,563613,python,[JIT],0x0000776405fa064f
990724.0,563613,python,[JIT],0x0000776405faca82
990724.0,563613,python,[JIT],0x0000776405fad1f4
990724.0,563590,python,[JIT],0x0000780ceb863595
990724.0,563590,python,[JIT],0x0000780ceb880309
990723.0,563554,python,[JIT],0x000078c4e7c4d68a
990723.0,563590,python,[JIT],0x0000780ceb883241
990722.0,563602,python,[JIT],0x00007fe8c1d1c6f5
990722.0,563613,python,[JIT],0x0000776405f6599c
990722.0,563554,python,[JIT],0x000078c4e7bea96c
990722.0,563590,python,_struct.cpython-316-x86_64-linux-gnu.so,PyTuple_New@plt
990721.0,563590,python,[JIT],0x0000780ceb89de70
990720.0,563613,python,[JIT],0x0000776405f5b311
990720.0,563613,python,[JIT],0x0000776405f83077
990720.0,563613,python,[JIT],0x0000776405fad7e6
990720.0,563554,python,[JIT],0x000078c4e7c4a4a1
990719.0,563554,python,[JIT],0x000078c4e7c633b8
990719.0,563590,python,[JIT],0x0000780ceb89ef19
990719.0,563602,python,python,_PyUnicode_Equal
990718.0,563590,python,[JIT],0x0000780ceb854318
990718.0,563590,python,[JIT],0x0000780ceb861377
990718.0,563590,python,[JIT],0x0000780ceb89c076
990717.0,563554,python,[JIT],0x000078c4e82da27b
990717.0,563590,python,[JIT],0x0000780ceb86e2a0
990716.0,563547,python,[JIT],0x000076033c415086
990716.0,563590,python,[JIT],0x0000780ceb8703ef
990716.0,563590,python,[JIT],0x0000780ceb882728
990716.0,563590,python,[JIT],0x0000780ceb89eb79
990715.0,563613,python,[JIT],0x0000776405f45663
990715.0,563590,python,[JIT],0x0000780ceca410dc
990714.0,563602,python,[JIT],0x00007fe8c1a65b03
990714.0,563547,python,[JIT],0x000076033c3cafa7
990714.0,563613,python,[JIT],0x0000776405f5cdd8
990714.0,563590,python,[JIT],0x0000780ceb84aa24
990713.0,563613,python,[JIT],0x0000776405f6439f
990713.0,563554,python,[JIT],0x000078c4e7ecc116
990712.0,563613,python,[JIT],0x0000776406887187
990712.0,563613,python,[JIT],0x0000776407013547
990712.0,563554,python,[JIT],0x000078c4e7c4b925
990711.0,563613,python,[JIT],0x0000776405f3faa3
990711.0,563613,python,[JIT],0x0000776405f7454e
990711.0,563613,python,[JIT],0x0000776405f9f94c
990710.0,563579,python,[JIT],0x000070d0535650d3
990710.0,563547,python,[JIT],0x000076033c3c8cc8
990710.0,563613,python,[JIT],0x0000776405f69003
990710.0,563613,python,[JIT],0x0000776405fbbd3f
990710.0,563590,python,python,slot_nb_multiply
990709.0,563613,python,[JIT],0x0000776405f4d432
990708.0,563613,python,[JIT],0x0000776405f662db
990708.0,563568,python,[JIT],0x000073d05e81c9cf
990708.0,563590,python,[JIT],0x0000780ceb89e7fb
990708.0,563590,python,[JIT],0x0000780cec548182
990707.0,563554,python,[JIT],0x000078c4e7c4b8a1
990706.0,563602,python,[JIT],0x00007fe8c26ec0f8
990706.0,563613,python,[JIT],0x0000776405fad136
990706.0,563590,python,[JIT],0x0000780ceb8704a1
990705.0,563613,python,[JIT],0x0000776405f950e1
990705.0,563613,python,[JIT],0x0000776405fac51f
990705.0,563613,python,[JIT],0x0000776405fb82b4
990705.0,563554,python,[JIT],0x000078c4e7c1b045
990705.0,563554,python,[JIT],0x000078c4e7c49169
990705.0,563590,python,[JIT],0x0000780ceb882ea9
990705.0,563590,python,[JIT],0x0000780ceb88da43
990704.0,563547,python,[JIT],0x000076033c3f9d39
990703.0,563590,python,[JIT],0x0000780ceb8452d3
990703.0,563590,python,[JIT],0x0000780ceb86e3d8
990702.0,563547,python,[JIT],0x000076033c3edd62
990702.0,563613,python,python,PyMem_Free
990702.0,563613,python,[JIT],0x0000776405fb0a10
990702.0,563590,python,[JIT],0x0000780cec54722a
990701.0,563547,python,[JIT],0x000076033c4117f4
990701.0,563613,python,[JIT],0x0000776405f4da3e
990701.0,563613,python,[JIT],0x0000776405f5aa23
990701.0,563590,python,[JIT],0x0000780ceb833400
990700.0,563590,python,[JIT],0x0000780ceb869a70
990700.0,563602,python,[JIT],0x00007fe8c1a9d2a2
990699.0,563590,python,[JIT],0x0000780ceb88d3c1
990698.0,563579,python,[JIT],0x000070d052383bc8
990698.0,563613,python,[JIT],0x0000776405f99108
990698.0,563613,python,[JIT],0x0000776405f9fbb4
990698.0,563590,python,[JIT],0x0000780ceb89be41
990698.0,563590,python,[JIT],0x0000780ceb89dfbd
990697.0,563613,python,[JIT],0x0000776405f92a36
990697.0,563613,python,[JIT],0x0000776405fac5ff
990696.0,563613,python,[JIT],0x0000776405f9f961
990696.0,563590,python,[JIT],0x0000780ceb89b45a
990695.0,563602,python,[JIT],0x00007fe8c1a757cf
990695.0,563613,python,[JIT],0x0000776405f8cbf6
990695.0,563613,python,[JIT],0x0000776405f986ea
990695.0,563613,python,[JIT],0x0000776405fb99bd
990695.0,563613,python,[JIT],0x0000776407013abd
990695.0,563554,python,[JIT],0x000078c4e7c30926
990695.0,563590,python,[JIT],0x0000780ceb849098
990695.0,563590,python,[JIT],0x0000780ceb89a1cf
990694.0,563547,python,[JIT],0x000076033c3f9ca7
990694.0,563613,python,[JIT],0x0000776405f9210f
990694.0,563554,python,[JIT],0x000078c4e7c43975
990694.0,563590,python,[JIT],0x0000780ceb89c824
990693.0,563613,python,[JIT],0x0000776405fa065b
990693.0,563613,python,[JIT],0x0000776405faeef6
990693.0,563613,python,[JIT],0x0000776406669e9d
990693.0,563590,python,[JIT],0x0000780cec54724d
990692.0,563613,python,[JIT],0x00007764071531a3
990692.0,563554,python,python,cfunction_vectorcall_FASTCALL_KEYWORDS
990692.0,563590,python,[JIT],0x0000780ceb881959
990691.0,563547,python,[JIT],0x000076033c41d4e0
990691.0,563590,python,[JIT],0x0000780ceb888384
990690.0,563613,python,[JIT],0x0000776405f652ec
990690.0,563613,python,[JIT],0x000077640666a287
990690.0,563590,python,[JIT],0x0000780ceb84ac8f
990690.0,563590,python,[JIT],0x0000780ceb868eb2
990690.0,563590,python,[JIT],0x0000780ceca41139
990689.0,563547,python,[JIT],0x000076033c41312d
990689.0,563613,python,[JIT],0x0000776405fb8190
990689.0,563554,python,_struct.cpython-316-x86_64-linux-gnu.so,cache_struct_converter.constprop.0
990689.0,563590,python,[JIT],0x0000780ceb86335f
990688.0,563613,python,[JIT],0x0000776405f94846
990688.0,563590,python,[JIT],0x0000780ceb8a600a
990687.0,563579,python,python,_PyArg_UnpackKeywords
990687.0,563590,python,[JIT],0x0000780ceb82ff79
990686.0,563613,python,[JIT],0x0000776405f5bb4b
990686.0,563590,python,[JIT],0x0000780ceb880a49
990686.0,563590,python,[JIT],0x0000780ceb88d679
990686.0,563554,python,libc.so.6,malloc
990685.0,563602,python,[JIT],0x00007fe8c1a838ac
990685.0,563547,python,[JIT],0x000076033d5b9003
990685.0,563613,python,[JIT],0x0000776405fae886
990684.0,563547,python,[JIT],0x000076033c3d8a0d
990684.0,563554,python,[JIT],0x000078c4e7c2faaa
990684.0,563590,python,[JIT],0x0000780ceb86f919
990684.0,563590,python,[JIT],0x0000780ceb887f8e
990682.0,563613,python,[JIT],0x0000776405fac4be
990682.0,563554,python,[JIT],0x000078c4e7c4da5c
990682.0,563590,python,[JIT],0x0000780ceb882af0
990682.0,563590,python,[JIT],0x0000780cebb1b1c9
990681.0,563547,python,[JIT],0x000076033c3e8cb0
990681.0,563568,python,[JIT],0x000073d05eef7c97
990681.0,563590,python,[JIT],0x0000780ceb858652
990681.0,563590,python,[JIT],0x0000780ceb869000
990681.0,563590,python,[JIT],0x0000780cec5485cc
990680.0,563613,python,[JIT],0x0000776405f5814f
990680.0,563613,python,[JIT],0x0000776405f71911
990680.0,563613,python,[JIT],0x0000776405f9fa66
990680.0,563568,python,[JIT],0x000073d05eab5030
990680.0,563590,python,[JIT],0x0000780ceb84b132
990680.0,563590,python,[JIT],0x0000780ceb85f7e1
990679.0,563579,python,[JIT],0x000070d0523be411
990679.0,563547,python,[JIT],0x000076033c4132fe
990679.0,563554,python,[JIT],0x000078c4e7c55998
990679.0,563590,python,[kernel.kallsyms],_raw_spin_lock_irq
990679.0,563590,python,[JIT],0x0000780ceb882540
990678.0,563579,python,[JIT],0x000070d05274dcfc
990678.0,563547,python,[JIT],0x000076033c7a284e
990678.0,563613,python,[JIT],0x0000776405f4ef5a
990678.0,563613,python,[JIT],0x0000776405f721ff
990678.0,563613,python,[JIT],0x000077640715313d
990678.0,563590,python,[JIT],0x0000780ceb89e3d1
990677.0,563579,python,[JIT],0x000070d05274fbcb
990677.0,563613,python,[JIT],0x0000776405fac19d
990677.0,563554,python,[JIT],0x000078c4e7c1b232
990677.0,563590,python,[JIT],0x0000780ceb849f10
990676.0,563613,python,[JIT],0x0000776405f9b445
990676.0,563554,python,[JIT],0x000078c4e7c49d29
990676.0,563590,python,[JIT],0x0000780cec54715f
990675.0,563613,python,[JIT],0x0000776405f4ff77
990675.0,563613,python,[JIT],0x00007764068870b6
990675.0,563613,python,[JIT],0x00007764070134d9
990675.0,563554,python,[JIT],0x000078c4e7c24e4a
990675.0,563590,python,[JIT],0x0000780ceb86fad0
990674.0,563613,python,[JIT],0x0000776407013697
990674.0,563547,python,[JIT],0x000076033c3fa490
990674.0,563547,python,[JIT],0x000076033c420423
990674.0,563613,python,[JIT],0x0000776405f64162
990674.0,563590,python,[JIT],0x0000780ceb8525b0
990674.0,563590,python,[JIT],0x0000780ceb868b89
990674.0,563590,python,[JIT],0x0000780cec5485a4
990673.0,563579,python,[JIT],0x000070d0523a4fdf
990673.0,563602,python,[JIT],0x00007fe8c1a90170
990673.0,563547,python,[JIT],0x000076033d0ecc0b
990673.0,563613,python,[JIT],0x0000776405f9264f
990673.0,563554,python,[JIT],0x000078c4e7c4c1ad
990673.0,563590,python,[JIT],0x0000780ceb853463
990672.0,563579,python,python,PyObject_ClearWeakRefs
990672.0,563579,python,[JIT],0x000070d052370bc6
990672.0,563554,python,[JIT],0x000078c4e7c55171
990672.0,563590,python,[JIT],0x0000780ceb86ecf8
990672.0,563590,python,[JIT],0x0000780ceb88df54
990671.0,563554,python,[JIT],0x000078c4e7c2300a
990671.0,563590,python,[JIT],0x0000780ceb8827ac
990670.0,563613,python,[JIT],0x0000776405f690ae
990670.0,563554,python,[JIT],0x000078c4e82da0c0
990670.0,563590,python,[JIT],0x0000780ceb888b50
990669.0,563554,python,[JIT],0x000078c4e7c4b505
990668.0,563554,python,[JIT],0x000078c4e7c1dc78
990668.0,563590,python,python,richcmp_ne
990668.0,563590,python,[JIT],0x0000780ceb8a8b4c
990668.0,563554,python,python,_PyList_AsTupleAndClear
990667.0,563547,python,[JIT],0x000076033c4151f1
990667.0,563613,python,[JIT],0x0000776405f69577
990667.0,563613,python,[JIT],0x0000776407013087
990667.0,563554,python,[JIT],0x000078c4e7c3c973
990667.0,563590,python,[JIT],0x0000780ceb8308a8
990667.0,563590,python,[JIT],0x0000780ceb832ba6
990667.0,563590,python,[JIT],0x0000780ceb85ab6e
990667.0,563590,python,[JIT],0x0000780cec5481ce
990667.0,563590,python,[JIT],0x0000780ceca4106f
990666.0,563613,python,[JIT],0x0000776405f942eb
990666.0,563590,python,[JIT],0x0000780ceb87108a
990665.0,563547,python,[JIT],0x000076033c3f90a5
990665.0,563613,python,_struct.cpython-316-x86_64-linux-gnu.so,bu_ulonglong
990665.0,563613,python,[JIT],0x0000776405f9a6f9
990665.0,563613,python,[JIT],0x0000776406887121
990665.0,563590,python,[JIT],0x0000780ceb888b71
990664.0,563613,python,[JIT],0x0000776405f80297
990664.0,563613,python,[JIT],0x00007764070131c5
990664.0,563590,python,[JIT],0x0000780cec4eb444
990663.0,563579,python,[JIT],0x000070d0523bff1b
990663.0,563579,python,[JIT],0x000070d05263b321
990663.0,563602,python,[JIT],0x00007fe8c1a79c22
990663.0,563613,python,[JIT],0x0000776405f73573
990663.0,563613,python,[JIT],0x0000776405f9f11b
990663.0,563613,python,[JIT],0x0000776405fa0c4b
990663.0,563590,python,[JIT],0x0000780ceb89c828
990663.0,563590,python,[JIT],0x0000780ceb8a6d86
990662.0,563613,python,[JIT],0x0000776405fac0f8
990661.0,563554,python,python,_PyObject_Realloc
990660.0,563613,python,[JIT],0x0000776405f829e5
990660.0,563613,python,[JIT],0x0000776405f9200a
990660.0,563613,python,[JIT],0x0000776405fafa3d
990660.0,563554,python,[JIT],0x000078c4e7c268e7
990660.0,563590,python,[JIT],0x0000780ceb89b9c7
990659.0,563613,python,[JIT],0x0000776407013918
990659.0,563554,python,[JIT],0x000078c4e7c4cd57
990659.0,563590,python,[JIT],0x0000780ceb8891ec
990659.0,563554,python,python,meth_dealloc
990658.0,563579,python,[JIT],0x000070d0523b44eb
990657.0,563613,python,[JIT],0x0000776405fad6b7
990657.0,563554,python,[JIT],0x000078c4e7c38304
990657.0,563602,python,[JIT],0x00007fe8c1ab4102
990656.0,563554,python,[JIT],0x000078c4e7c34599
990656.0,563590,python,[JIT],0x0000780ceb8578c3
990656.0,563590,python,[JIT],0x0000780ceb889d3e
990655.0,563579,python,[JIT],0x000070d05263bc0a
990655.0,563613,python,[JIT],0x0000776405fadab9
990655.0,563590,python,[JIT],0x0000780ceb83dda7
990655.0,563590,python,[JIT],0x0000780ceb853c2d
990655.0,563602,python,[JIT],0x00007fe8c1d1da1b
990654.0,563547,python,[JIT],0x000076033c412379
990654.0,563613,python,[JIT],0x0000776405f4e6f7
990654.0,563613,python,[JIT],0x00007764071530c8
990654.0,563590,python,[JIT],0x0000780cec54807d
990653.0,563602,python,[JIT],0x00007fe8c1aa0081
990653.0,563554,python,[JIT],0x000078c4e8ded097
990653.0,563590,python,[JIT],0x0000780ceb82e12d
990653.0,563590,python,[JIT],0x0000780ceb872879
990652.0,563613,python,[JIT],0x0000776405f63a5d
990652.0,563613,python,[JIT],0x0000776405f9b121
990652.0,563554,python,[JIT],0x000078c4e7c4e17e
990652.0,563590,python,[JIT],0x0000780cebb1b5ab
990651.0,563613,python,[JIT],0x0000776405f430da
990651.0,563613,python,[JIT],0x0000776405f7a8c4
990651.0,563613,python,[JIT],0x0000776405fb10a8
990651.0,563554,python,python,strlen@plt
990651.0,563554,python,[JIT],0x000078c4e7c3f5bb
990651.0,563590,python,[JIT],0x0000780ceb89ba6d
990651.0,563590,python,[JIT],0x0000780ceb8a6b81
990650.0,563547,python,[JIT],0x000076033d4132e9
990650.0,563613,python,[JIT],0x0000776405f63965
990650.0,563613,python,[JIT],0x0000776405f75b95
990650.0,563613,python,[JIT],0x000077640666abaf
990650.0,563590,python,[JIT],0x0000780cec548636
990649.0,563613,python,[JIT],0x0000776405f92797
990649.0,563613,python,[JIT],0x0000776405f931fa
990648.0,563579,python,[JIT],0x000070d0523a2320
990648.0,563613,python,[JIT],0x000077640715319f
990648.0,563554,python,[JIT],0x000078c4e7c40918
990647.0,563547,python,[JIT],0x000076033c3d47e1
990647.0,563547,python,[JIT],0x000076033c3f8f99
990647.0,563547,python,[JIT],0x000076033d0ec18f
990647.0,563613,python,[JIT],0x0000776405f5252e
990647.0,563554,python,[JIT],0x000078c4e7c1e9bb
990647.0,563590,python,[JIT],0x0000780ceb8659b0
990647.0,563590,python,[JIT],0x0000780ceb890de9
990647.0,563590,python,[JIT],0x0000780ceb89c7af
990646.0,563613,python,[JIT],0x0000776405f98205
990646.0,563613,python,[JIT],0x0000776405f997cb
990646.0,563554,python,[JIT],0x000078c4e7c14fac
990646.0,563590,python,[JIT],0x0000780ceb89ba71
990646.0,563554,python,python,memcpy@plt
990645.0,563613,python,[JIT],0x0000776405fa2de9
990645.0,563613,python,[JIT],0x00007764070133f9
990645.0,563554,python,[JIT],0x000078c4e7bfdef6
990645.0,563590,python,[JIT],0x0000780ceb846747
990645.0,563590,python,[JIT],0x0000780ceb8687e7
990645.0,563590,python,[JIT],0x0000780cec547187
990645.0,563590,python,[JIT],0x0000780cec548c00
990644.0,563579,python,python,PyUnicode_New
990644.0,563613,python,[JIT],0x0000776405f813c5
990644.0,563613,python,[JIT],0x0000776405f84030
990644.0,563613,python,[JIT],0x0000776405f9217f
990644.0,563554,python,[JIT],0x000078c4e7bf4221
990644.0,563554,python,[JIT],0x000078c4e7c1156b
990644.0,563554,python,[JIT],0x000078c4e7c353f9
990643.0,563579,python,[JIT],0x000070d0523a2a93
990643.0,563590,python,[JIT],0x0000780ceb894de2
990643.0,563590,python,[JIT],0x0000780ceb8b4c5e
990643.0,563602,python,python,_PyObject_Call_Prepend
990642.0,563590,python,[JIT],0x0000780ceb872730
990642.0,563590,python,[JIT],0x0000780ceb89e9b1
990641.0,563602,python,[JIT],0x00007fe8c1a89dc0
990641.0,563547,python,[JIT],0x000076033c4110e1
990641.0,563590,python,[JIT],0x0000780ceb893bba
990641.0,563590,python,[JIT],0x0000780cec54863d
990640.0,563613,python,[JIT],0x0000776405f9fb5a
990640.0,563613,python,[JIT],0x0000776405facd44
990640.0,563613,python,[JIT],0x0000776405fb0388
990640.0,563554,python,[JIT],0x000078c4e7c56c9f
990640.0,563590,python,[JIT],0x0000780ceb88332e
990639.0,563602,python,[JIT],0x00007fe8c1a5757f
990639.0,563547,python,[JIT],0x000076033c41dffa
990639.0,563613,python,[JIT],0x0000776405f81f15
990639.0,563613,python,[JIT],0x0000776405fb0b3c
990639.0,563590,python,[JIT],0x0000780ceb850cc8
990639.0,563590,python,[JIT],0x0000780ceb8685d2
990639.0,563590,python,[JIT],0x0000780ceb89d8eb
990639.0,563590,python,[JIT],0x0000780ceb89ddb1
990639.0,563590,python,[JIT],0x0000780cec548d3e
990638.0,563547,python,[JIT],0x000076033c3f79d0
990638.0,563613,python,[JIT],0x0000776405f515d9
990638.0,563613,python,[JIT],0x0000776405f83273
990638.0,563554,python,[JIT],0x000078c4e82da16a
990638.0,563590,python,[JIT],0x0000780ceb89a947
990638.0,563590,python,[JIT],0x0000780cec5473b0
990637.0,563590,python,[JIT],0x0000780ceb89ba61
990636.0,563613,python,[JIT],0x0000776405f72684
990636.0,563613,python,[JIT],0x0000776405f8bfa8
990636.0,563590,python,[JIT],0x0000780ceb8501d3
990636.0,563590,python,[JIT],0x0000780ceb885db1
990636.0,563590,python,[JIT],0x0000780ceb88783e
990636.0,563590,python,[JIT],0x0000780ceb88eaf2
990635.0,563613,python,[JIT],0x0000776405fa0094
990635.0,563554,python,[JIT],0x000078c4e7c0300a
990635.0,563554,python,[JIT],0x000078c4e82db12d
990635.0,563590,python,[JIT],0x0000780ceb830ff2
990634.0,563602,python,[JIT],0x00007fe8c1a9e832
990634.0,563613,python,[JIT],0x0000776405f9f90d
990634.0,563613,python,[JIT],0x0000776405fac27b
990634.0,563554,python,python,object_get_class
990634.0,563554,python,[JIT],0x000078c4e7c318b4
990634.0,563554,python,[JIT],0x000078c4e7c3f694
990634.0,563554,python,[JIT],0x000078c4e7c4d5e5
990634.0,563590,python,[JIT],0x0000780ceb89ae5d
990633.0,563547,python,[JIT],0x000076033c3ed6b4
990633.0,563554,python,[JIT],0x000078c4e7c49c12
990633.0,563590,python,[JIT],0x0000780ceb851a5d
990633.0,563590,python,[JIT],0x0000780ceb8a6b99
990632.0,563613,python,[JIT],0x0000776405f72523
990632.0,563613,python,[JIT],0x0000776405fbab20
990632.0,563590,python,[JIT],0x0000780ceb887f0c
990632.0,563590,python,[JIT],0x0000780ceb89acbb
990632.0,563590,python,[JIT],0x0000780ceca41015
990631.0,563547,python,[JIT],0x000076033c41490d
990631.0,563590,python,[JIT],0x0000780ceb857718
990631.0,563590,python,[JIT],0x0000780ceb86282b
990631.0,563590,python,[JIT],0x0000780ceb8812f0
990631.0,563590,python,[JIT],0x0000780ceb89d068
990630.0,563602,python,[JIT],0x00007fe8c1a9ea5d
990630.0,563547,python,[JIT],0x000076033c3c8bbd
990630.0,563613,python,[JIT],0x0000776405f3f142
990630.0,563554,python,[JIT],0x000078c4e7c30083
990630.0,563590,python,[JIT],0x0000780ceb850525
990629.0,563602,python,[JIT],0x00007fe8c1a84ac4
990629.0,563547,python,[JIT],0x000076033c3cbac7
990629.0,563613,python,[JIT],0x0000776405f8324c
990628.0,563590,python,python,_PyMember_GetOffset
990628.0,563590,python,[JIT],0x0000780cec521be8
990628.0,563554,python,[JIT],0x000078c4e7c0fd98
990628.0,563554,python,[JIT],0x000078c4e7c4b97e
990628.0,563590,python,[JIT],0x0000780ceb85000a
990628.0,563590,python,[JIT],0x0000780ceb88d11b
990627.0,563579,python,[JIT],0x000070d05274e32f
990627.0,563547,python,[JIT],0x000076033c3fcc0f
990627.0,563547,python,[JIT],0x000076033c40413c
990627.0,563547,python,[JIT],0x000076033c4153db
990627.0,563613,python,[JIT],0x0000776405f51057
990627.0,563613,python,[JIT],0x0000776405fa4327
990627.0,563554,python,[JIT],0x000078c4e7c49662
990627.0,563590,python,[JIT],0x0000780ceb89aa34
990626.0,563613,python,[JIT],0x0000776405f9fb41
990626.0,563554,python,[JIT],0x000078c4e7bec589
990626.0,563554,python,[JIT],0x000078c4e7c45989
990626.0,563554,python,[JIT],0x000078c4e7c4e038
990625.0,563547,python,[JIT],0x000076033c414c98
990625.0,563613,python,[JIT],0x0000776405f838be
990625.0,563590,python,[JIT],0x0000780ceb82f543
990624.0,563547,python,[JIT],0x000076033c40c959
990624.0,563613,python,[JIT],0x0000776405fad364
990624.0,563613,python,[JIT],0x0000776405fb817b
990624.0,563554,python,[JIT],0x000078c4e7c4af6a
990624.0,563590,python,[JIT],0x0000780ceb8541ed
990623.0,563579,python,[JIT],0x000070d0523a340a
990623.0,563602,python,[JIT],0x00007fe8c1a83364
990623.0,563547,python,[JIT],0x000076033c3cc3ef
990623.0,563554,python,[JIT],0x000078c4e7c57635
990623.0,563590,python,[JIT],0x0000780ceb83918d
990623.0,563590,python,[JIT],0x0000780ceb88865c
990623.0,563602,python,[JIT],0x00007fe8c1ab3f3d
990622.0,563613,python,[JIT],0x0000776405f933da
990622.0,563547,python,[JIT],0x000076033c3cf7b1
990622.0,563554,python,[JIT],0x000078c4e7c38b10
990622.0,563554,python,[JIT],0x000078c4e7c4d7a3
990621.0,563579,python,python,maybe_small_long
990621.0,563602,python,[JIT],0x00007fe8c1a5bb5f
990621.0,563547,python,[JIT],0x000076033c3d9000
990621.0,563554,python,[JIT],0x000078c4e7bf1127
990621.0,563554,python,[JIT],0x000078c4e7c4d052
990620.0,563579,python,[JIT],0x000070d0523af2cd
990620.0,563613,python,python,PyTuple_New
990620.0,563613,python,[JIT],0x0000776405f83175
990620.0,563613,python,[JIT],0x0000776405fa3706
990620.0,563590,python,[JIT],0x0000780ceb86e483
990620.0,563590,python,[JIT],0x0000780ceb88dad4
990620.0,563602,python,[JIT],0x00007fe8c274c63d
990619.0,563547,python,[JIT],0x000076033c416083
990619.0,563554,python,python,method_get
990619.0,563554,python,[JIT],0x000078c4e7c3ce6c
990617.0,563602,python,[kernel.kallsyms],kmem_cache_alloc
990617.0,563613,python,[JIT],0x0000776405f4e01f
990617.0,563613,python,[JIT],0x0000776405f5108c
990617.0,563554,python,[JIT],0x000078c4e7c2f9e2
990616.0,563613,python,[JIT],0x0000776405fb1d06
990616.0,563590,python,[JIT],0x0000780ceb86ed63
990616.0,563590,python,[JIT],0x0000780ceb89053c
990616.0,563590,python,[JIT],0x0000780ceb89ee88
990615.0,563613,python,[JIT],0x0000776405f921b2
990615.0,563613,python,[JIT],0x0000776405f938d8
990615.0,563554,python,[JIT],0x000078c4e7be9522
990615.0,563590,python,[JIT],0x0000780ceb85f1b9
990615.0,563590,python,[JIT],0x0000780ceb882033
990614.0,563613,python,[JIT],0x0000776405f93507
990614.0,563613,python,[JIT],0x0000776405f9b422
990614.0,563554,python,[JIT],0x000078c4e7ecb104
990614.0,563590,python,[JIT],0x0000780ceb839b83
990614.0,563590,python,[JIT],0x0000780ceb8498e6
990614.0,563590,python,[JIT],0x0000780ceb86f3b1
990613.0,563602,python,[JIT],0x00007fe8c1a72214
990613.0,563547,python,[JIT],0x000076033c4140a1
990613.0,563554,python,[JIT],0x000078c4e7c49406
990613.0,563590,python,[JIT],0x0000780ceb853fee
990612.0,563547,python,[JIT],0x000076033c3a9e81
990612.0,563547,python,[JIT],0x000076033c3c8ac1
990612.0,563554,python,[JIT],0x000078c4e82dac61
990611.0,563554,python,[JIT],0x000078c4e7c4b028
990610.0,563613,python,[JIT],0x0000776405f7a658
990610.0,563613,python,[JIT],0x0000776405f81453
990610.0,563613,python,[JIT],0x0000776405f94439
990610.0,563613,python,[JIT],0x0000776407013939
990610.0,563613,python,[JIT],0x0000776407153000
990610.0,563590,python,[JIT],0x0000780ceb830285
990610.0,563590,python,[JIT],0x0000780ceb86ec0d
990610.0,563590,python,[JIT],0x0000780ceb889625
990610.0,563590,python,[JIT],0x0000780ceb89a000
990610.0,563590,python,[JIT],0x0000780ceb89cce4
990610.0,563590,python,[JIT],0x0000780ceb8b3f23
990609.0,563613,python,[JIT],0x0000776405f5cf99
990609.0,563613,python,[JIT],0x0000776405f7290c
990609.0,563613,python,[JIT],0x0000776405f9f0b6
990609.0,563554,python,[JIT],0x000078c4e7bdf1cc
990609.0,563590,python,python,_Py_GetConfig
990609.0,563590,python,[JIT],0x0000780ceb881e1a
990608.0,563547,python,[JIT],0x000076033d0ec23a
990608.0,563554,python,[JIT],0x000078c4e7c0efb2
990608.0,563590,python,[JIT],0x0000780ceb851ab1
990608.0,563590,python,[JIT],0x0000780ceb8a8b37
990608.0,563602,python,[JIT],0x00007fe8c1ab6010
990607.0,563547,python,[JIT],0x000076033d0ec160
990607.0,563554,python,[JIT],0x000078c4e7c13c4a
990607.0,563554,python,[JIT],0x000078c4e7c4aa71
990607.0,563590,python,[JIT],0x0000780ceb886a54
990606.0,563579,python,libc.so.6,__snprintf_chk
990606.0,563590,python,[JIT],0x0000780ceb8822b5
990605.0,563579,python,python,_Py_uop_analyze_and_optimize
990605.0,563602,python,[JIT],0x00007fe8c1a7b21b
990605.0,563602,python,[JIT],0x00007fe8c1a8c5ab
990605.0,563613,python,[JIT],0x0000776405f80d4e
990605.0,563613,python,[JIT],0x0000776405f849b8
990605.0,563554,python,[JIT],0x000078c4e8def14c
990605.0,563590,python,[JIT],0x0000780ceb87abef
990605.0,563590,python,[JIT],0x0000780ceb890cde
990604.0,563613,python,[JIT],0x0000776405f94ede
990604.0,563613,python,[JIT],0x0000776405f9aff3
990604.0,563613,python,[JIT],0x0000776405fb0796
990604.0,563613,python,[JIT],0x000077640666a15a
990604.0,563554,python,[JIT],0x000078c4e8ded13d
990604.0,563590,python,[JIT],0x0000780ceb8a84bd
990603.0,563547,python,[JIT],0x000076033c3d70a9
990603.0,563547,python,[JIT],0x000076033c412336
990603.0,563547,python,[JIT],0x000076033c4158f2
990603.0,563613,python,[JIT],0x0000776405f3f0d2
990603.0,563568,python,[JIT],0x000073d05e8417d8
990603.0,563554,python,[JIT],0x000078c4e82da1ce
990603.0,563590,python,[JIT],0x0000780ceb844714
990603.0,563590,python,[JIT],0x0000780ceb882e2c
990602.0,563613,python,[JIT],0x0000776405f7543d
990602.0,563613,python,[JIT],0x0000776405f7ba96
990602.0,563613,python,[JIT],0x0000776405fada1c
990602.0,563554,python,[JIT],0x000078c4e7bfb000
990602.0,563554,python,[JIT],0x000078c4e7c4ce08
990602.0,563590,python,[JIT],0x0000780ceb889727
990601.0,563547,python,[JIT],0x000076033c3d213c
990601.0,563547,python,[JIT],0x000076033d4130a1
990601.0,563554,python,[JIT],0x000078c4e7c0dc0f
990601.0,563590,python,[JIT],0x0000780ceb889869
990601.0,563590,python,[JIT],0x0000780ceb89be88
990600.0,563547,python,[JIT],0x000076033c3e54f7
990600.0,563590,python,[JIT],0x0000780ceb89ba82
990599.0,563579,python,[JIT],0x000070d05263c3b0
990599.0,563547,python,[JIT],0x000076033c3e934f
990599.0,563547,python,[JIT],0x000076033c411db9
990599.0,563613,python,[JIT],0x0000776405f4479f
990599.0,563613,python,[JIT],0x0000776405fadaa7
990599.0,563554,python,[JIT],0x000078c4e7c1ce5c
990599.0,563554,python,[JIT],0x000078c4e82da64b
990599.0,563590,python,[JIT],0x0000780ceb8635aa
990599.0,563590,python,[JIT],0x0000780ceb88ea33
990599.0,563590,python,[JIT],0x0000780ceb89ca1f
990599.0,563602,python,[JIT],0x00007fe8c1a9d466
990598.0,563602,python,[JIT],0x00007fe8c1aa1243
990598.0,563547,python,[JIT],0x000076033c3acbc6
990598.0,563547,python,[JIT],0x000076033c3cb396
990598.0,563547,python,[JIT],0x000076033c3d7f55
990598.0,563547,python,[JIT],0x000076033c413359
990598.0,563613,python,[JIT],0x0000776405f4d44c
990598.0,563613,python,[JIT],0x00007764066430c4
990598.0,563613,python,[JIT],0x0000776407013451
990598.0,563613,python,[JIT],0x0000776407013c61
990598.0,563554,python,[JIT],0x000078c4e7c309a8
990598.0,563590,python,[JIT],0x0000780ceb862b77
990598.0,563590,python,[JIT],0x0000780cec548441
990597.0,563579,python,[JIT],0x000070d05236f0b4
990597.0,563547,python,[JIT],0x000076033c3f7626
990597.0,563547,python,[JIT],0x000076033c3f92eb
990597.0,563613,python,[JIT],0x0000776405fad000
990597.0,563613,python,[JIT],0x0000776405fae039
990597.0,563613,python,[JIT],0x0000776405fb9a5f
990597.0,563590,python,[JIT],0x0000780ceb84600a
990597.0,563590,python,[JIT],0x0000780ceb876d62
990597.0,563590,python,[JIT],0x0000780ceb8811e6
990597.0,563590,python,[JIT],0x0000780cec5483f9
990596.0,563613,python,[JIT],0x0000776405fb01e3
990596.0,563554,python,[JIT],0x000078c4e7c145c6
990596.0,563554,python,[JIT],0x000078c4e7c574bd
990596.0,563590,python,[JIT],0x0000780cec547232
990595.0,563547,python,[JIT],0x000076033c3e6e7c
990595.0,563613,python,[JIT],0x0000776405f935bb
990595.0,563554,python,[JIT],0x000078c4e7c3d968
990595.0,563590,python,[JIT],0x0000780ceb8864ba
990595.0,563590,python,[JIT],0x0000780cec4eb06b
990595.0,563590,python,[JIT],0x0000780cec548547
990594.0,563547,python,[JIT],0x000076033c414ea7
990594.0,563590,python,[JIT],0x0000780ceb88e548
990594.0,563590,python,[JIT],0x0000780ceb88ee47
990593.0,563547,python,[JIT],0x000076033c3ac895
990593.0,563613,python,[JIT],0x0000776405f572c9
990592.0,563579,python,[JIT],0x000070d0523bc711
990592.0,563547,python,[JIT],0x000076033d5b9097
990592.0,563613,python,[JIT],0x0000776405f723ac
990592.0,563613,python,[JIT],0x0000776405fba215
990592.0,563613,python,[JIT],0x00007764071531a9
990591.0,563547,python,python,object_str
990591.0,563547,python,[JIT],0x000076033c3e6290
990591.0,563547,python,[JIT],0x000076033d0ec0ca
990591.0,563554,python,[JIT],0x000078c4e7c4db69
990591.0,563590,python,[JIT],0x0000780ceb89c950
990590.0,563547,python,[JIT],0x000076033c41d36d
990590.0,563613,python,[JIT],0x0000776405faeae5
990590.0,563590,python,[JIT],0x0000780ceb870e61
990590.0,563590,python,[JIT],0x0000780ceb88d134
990590.0,563590,python,[JIT],0x0000780ceb89a9a7
990589.0,563613,python,[JIT],0x0000776405fade47
990589.0,563554,python,[JIT],0x000078c4e7bfca23
990589.0,563554,python,[JIT],0x000078c4e7c031f3
990589.0,563590,python,[JIT],0x0000780ceb87a486
990588.0,563602,python,[JIT],0x00007fe8c1aa10d0
990588.0,563547,python,[JIT],0x000076033c414f65
990588.0,563613,python,[JIT],0x0000776405f75a8f
990588.0,563590,python,[JIT],0x0000780ceb89d5e7
990587.0,563547,python,[JIT],0x000076033c3c3297
990587.0,563554,python,[JIT],0x000078c4e7c3d28c
990586.0,563602,python,[JIT],0x00007fe8c1e30899
990586.0,563613,python,[JIT],0x0000776405f6980d
990586.0,563613,python,[JIT],0x0000776405fadf0e
990585.0,563613,python,[JIT],0x0000776405fac000
990585.0,563613,python,[JIT],0x0000776405fb88c7
990585.0,563554,python,[JIT],0x000078c4e7c4d4f2
990585.0,563590,python,python,PyObject_GenericHash
990585.0,563590,python,[JIT],0x0000780ceb86e1c2
990585.0,563590,python,[JIT],0x0000780cec54896e
990584.0,563547,python,python,_Py_BuiltinCallFast_StackRef
990584.0,563613,python,[JIT],0x0000776405f75753
990584.0,563554,python,[JIT],0x000078c4e8ded076
990584.0,563590,python,[JIT],0x0000780ceb8813e0
990584.0,563590,python,[JIT],0x0000780ceb88e8e5
990583.0,563547,python,[JIT],0x000076033c415a53
990583.0,563613,python,[JIT],0x0000776405f84af6
990583.0,563613,python,[JIT],0x0000776405fb834f
990583.0,563590,python,[JIT],0x0000780ceb867003
990583.0,563590,python,[JIT],0x0000780cec54862d
990582.0,563547,python,[JIT],0x000076033c3e8569
990582.0,563613,python,[JIT],0x0000776405f408df
990582.0,563613,python,[JIT],0x0000776405fae512
990582.0,563590,python,[JIT],0x0000780ceb88086d
990582.0,563590,python,[JIT],0x0000780ceb889842
990582.0,563590,python,[JIT],0x0000780ceb88ec74
990582.0,563590,python,[JIT],0x0000780ceb89a19d
990581.0,563602,python,[JIT],0x00007fe8c1aaafff
990581.0,563547,python,[JIT],0x000076033c3cf8d8
990581.0,563613,python,[JIT],0x0000776405fa039d
990581.0,563613,python,[JIT],0x0000776405fa5131
990581.0,563613,python,[JIT],0x0000776405fae781
990581.0,563613,python,[JIT],0x0000776405fba7f8
990581.0,563590,python,[JIT],0x0000780cec548a34
990580.0,563613,python,[JIT],0x0000776405fadd2c
990580.0,563602,python,[JIT],0x00007fe8c1d1c492
990580.0,563590,python,[JIT],0x0000780ceb8909bb
990580.0,563547,python,[JIT],0x000076033c3daeec
990580.0,563547,python,[JIT],0x000076033c3e6f69
990580.0,563613,python,python,_PyEval_SliceIndexNotNone
990580.0,563554,python,[JIT],0x000078c4e7c34694
990580.0,563554,python,python,pattern_new_match
990579.0,563579,python,[JIT],0x000070d052385778
990579.0,563613,python,[JIT],0x0000776405f5b8a1
990579.0,563590,python,[JIT],0x0000780ceb89a684
990578.0,563613,python,[JIT],0x0000776405f94a1e
990578.0,563613,python,[JIT],0x0000776405fad3ad
990578.0,563554,python,[JIT],0x000078c4e7c30fd5
990578.0,563590,python,[JIT],0x0000780ceb853127
990577.0,563554,python,[JIT],0x000078c4e7c0b19a
990577.0,563554,python,[JIT],0x000078c4e7c4cadd
990576.0,563579,python,[JIT],0x000070d052a7eb42
990576.0,563547,python,[JIT],0x000076033c408cf0
990576.0,563613,python,[JIT],0x0000776405f954c8
990576.0,563613,python,[JIT],0x0000776405fada6d
990576.0,563590,python,[JIT],0x0000780ceb84905d
990576.0,563590,python,[JIT],0x0000780ceb88ee3c
990575.0,563579,python,[JIT],0x000070d0523a357d
990575.0,563547,python,[JIT],0x000076033c3a8ea7
990574.0,563602,python,[JIT],0x00007fe8c1aa958e
990574.0,563547,python,[JIT],0x000076033c3e8e8d
990574.0,563547,python,[JIT],0x000076033c3ff6b4
990574.0,563613,python,[JIT],0x0000776405f72235
990574.0,563554,python,[JIT],0x000078c4e7c37491
990574.0,563554,python,[JIT],0x000078c4e7c4e15b
990573.0,563579,python,[JIT],0x000070d0523c933a
990573.0,563547,python,[JIT],0x000076033c3c84b1
990573.0,563613,python,python,PyTuple_FromArray
990573.0,563613,python,[JIT],0x0000776405f885b5
990573.0,563613,python,[JIT],0x0000776405fa4c4b
990573.0,563613,python,[JIT],0x00007764066695c7
990572.0,563579,python,python,_PyStolenTuple_Free
990572.0,563602,python,[JIT],0x00007fe8c1a9342b
990572.0,563547,python,[JIT],0x000076033c3cfa6a
990572.0,563554,python,[JIT],0x000078c4e7ecb2e7
990571.0,563602,python,[JIT],0x00007fe8c1a887fc
990571.0,563554,python,[JIT],0x000078c4e7bfe008
990570.0,563579,python,python,BaseException_dealloc
990570.0,563547,python,[JIT],0x000076033c3d9f58
990570.0,563547,python,[JIT],0x000076033c4116a2
990570.0,563613,python,[JIT],0x0000776405f4fda7
990570.0,563613,python,[JIT],0x0000776405fad317
990570.0,563613,python,[JIT],0x0000776406339509
990570.0,563554,python,[JIT],0x000078c4e7c0d858
990570.0,563554,python,[JIT],0x000078c4e7c4a29d
990570.0,563590,python,[JIT],0x0000780ceb86f323
990569.0,563613,python,[JIT],0x0000776405fb0f19
990569.0,563590,python,[JIT],0x0000780cec5486ed
990568.0,563547,python,[JIT],0x000076033c3e617e
990568.0,563547,python,[JIT],0x000076033c41579f
990568.0,563554,python,[JIT],0x000078c4e7bf4fa2
990568.0,563554,python,[JIT],0x000078c4e7c4db28
990568.0,563590,python,[JIT],0x0000780ceca41010
990567.0,563554,python,[JIT],0x000078c4e7c3c00a
990567.0,563554,python,[JIT],0x000078c4e7c4998d
990566.0,563579,python,[JIT],0x000070d0523bd42b
990566.0,563613,python,[JIT],0x0000776405f45385
990566.0,563613,python,[JIT],0x0000776405f9ac8a
990566.0,563613,python,[JIT],0x000077640715309e
990566.0,563568,python,[JIT],0x000073d05ebc62a9
990566.0,563554,python,[JIT],0x000078c4e7ecb303
990565.0,563613,python,[JIT],0x0000776405f59261
990565.0,563613,python,[JIT],0x0000776405f9365f
990565.0,563613,python,[JIT],0x0000776405f952f8
990564.0,563547,python,[JIT],0x000076033c3e5427
990564.0,563613,python,[JIT],0x0000776405fae0b2
990564.0,563590,python,[JIT],0x0000780ceb86344e
990563.0,563547,python,[JIT],0x000076033c3dbe9a
990563.0,563613,python,[JIT],0x0000776405f92f94
990563.0,563613,python,[JIT],0x0000776405fad665
990563.0,563613,python,[JIT],0x0000776406643261
990563.0,563554,python,[JIT],0x000078c4e7c1603f
990563.0,563590,python,[JIT],0x0000780ceb86fbe9
990562.0,563547,python,[JIT],0x000076033c3f8085
990562.0,563547,python,[JIT],0x000076033c40c839
990562.0,563613,python,[JIT],0x0000776405f80ef9
990562.0,563613,python,[JIT],0x0000776405f93bc8
990562.0,563554,python,[JIT],0x000078c4e7c135b3
990561.0,563547,python,[JIT],0x000076033c41180f
990561.0,563613,python,[JIT],0x0000776405facc38
990561.0,563590,python,[JIT],0x0000780ceb87286a
990561.0,563590,python,[JIT],0x0000780ceb87778f
990560.0,563547,python,[JIT],0x000076033c3fdf7c
990560.0,563547,python,[JIT],0x000076033c7a36c7
990560.0,563613,python,[JIT],0x0000776405fac0c4
990560.0,563554,python,[JIT],0x000078c4e7bd91e1
990560.0,563590,python,[JIT],0x0000780ceb846e31
990560.0,563590,python,[JIT],0x0000780ceb88d787
990560.0,563590,python,[JIT],0x0000780ceb88ed42
990559.0,563613,python,[JIT],0x0000776405fb0552
990559.0,563590,python,[JIT],0x0000780ceb871618
990559.0,563590,python,[JIT],0x0000780ceb887bb7
990559.0,563590,python,[JIT],0x0000780ceb8b3810
990558.0,563613,python,[JIT],0x0000776405f9255a
990558.0,563613,python,[JIT],0x0000776405f9f455
990558.0,563613,python,[JIT],0x0000776405fad84e
990558.0,563590,python,[JIT],0x0000780ceb89b5e4
990558.0,563590,python,[JIT],0x0000780ceb8a64be
990557.0,563579,python,[JIT],0x000070d0523bf0c0
990557.0,563579,python,[JIT],0x000070d052c88ab9
990557.0,563547,python,libc.so.6,__printf_buffer_write
990557.0,563590,python,[JIT],0x0000780ceb870b9a
990557.0,563590,python,[JIT],0x0000780ceb87acda
990557.0,563590,python,[JIT],0x0000780ceb8856b2
990556.0,563554,python,[JIT],0x000078c4e7bdfc54
990556.0,563554,python,[JIT],0x000078c4e7bfc1d7
990556.0,563590,python,[JIT],0x0000780ceb8822e0
990556.0,563590,python,[JIT],0x0000780ceb89e2ad
990555.0,563547,python,[JIT],0x000076033c3e5a0b
990555.0,563613,python,[JIT],0x0000776405f92213
990555.0,563554,python,[JIT],0x000078c4e7bf4fb0
990555.0,563554,python,[JIT],0x000078c4e7c0dc17
990555.0,563590,python,[JIT],0x0000780ceb86878b
990554.0,563590,python,[JIT],0x0000780ceb82fe45
990553.0,563547,python,[JIT],0x000076033c40bfff
990553.0,563547,python,[JIT],0x000076033c413fa4
990553.0,563613,python,[JIT],0x0000776405f58ae7
990553.0,563613,python,[JIT],0x00007764070135f9
990553.0,563554,python,[JIT],0x000078c4e7c0f3e3
990553.0,563590,python,[JIT],0x0000780ceb89e955
990553.0,563590,python,[JIT],0x0000780ceb89eb39
990553.0,563602,python,[JIT],0x00007fe8c1a9e406
990552.0,563602,python,[JIT],0x00007fe8c1a6cf82
990552.0,563590,python,[JIT],0x0000780ceb862f5f
990551.0,563602,python,[JIT],0x00007fe8c1a559ef
990551.0,563547,python,[JIT],0x000076033c3ef9b2
990551.0,563554,python,[JIT],0x000078c4e7c4a2ca
990551.0,563590,python,[JIT],0x0000780ceb89bbed
990551.0,563590,python,[JIT],0x0000780ceb89c595
990550.0,563554,python,[JIT],0x000078c4e82da579
990550.0,563590,python,[JIT],0x0000780ceb8a6ca4
990549.0,563547,python,[JIT],0x000076033c3a7f7c
990549.0,563547,python,[JIT],0x000076033c3d8324
990549.0,563613,python,[JIT],0x0000776405f7337c
990549.0,563613,python,[JIT],0x0000776405f81222
990549.0,563590,python,[JIT],0x0000780ceb851eb6
990549.0,563590,python,[JIT],0x0000780ceb85377c
990549.0,563590,python,[JIT],0x0000780ceb86fbbb
990548.0,563579,python,[JIT],0x000070d0523bd96a
990548.0,563547,python,[kernel.kallsyms],native_apic_msr_eoi
990548.0,563547,python,[JIT],0x000076033c3f7003
990548.0,563547,python,[JIT],0x000076033c404fff
990548.0,563590,python,[JIT],0x0000780ceb89ee4c
990547.0,563579,python,[JIT],0x000070d05263b633
990547.0,563547,python,[JIT],0x000076033ccc921a
990547.0,563613,python,[JIT],0x0000776405f57127
990547.0,563613,python,[JIT],0x0000776405f7130d
990547.0,563613,python,[JIT],0x0000776405f72150
990547.0,563554,python,[JIT],0x000078c4e7c3f563
990547.0,563554,python,[JIT],0x000078c4e7c49535
990546.0,563602,python,[JIT],0x00007fe8c2c46052
990546.0,563547,python,[JIT],0x000076033c3c873f
990546.0,563613,python,[JIT],0x0000776405f73b95
990546.0,563613,python,[JIT],0x0000776405f757d5
990546.0,563554,python,[JIT],0x000078c4e82da429
990546.0,563590,python,[JIT],0x0000780ceb88ed9f
990546.0,563590,python,[JIT],0x0000780cec548365
990545.0,563590,python,[JIT],0x0000780ceb8637df
990545.0,563554,python,python,_PyInterpreterState_GetConfig
990544.0,563602,python,[JIT],0x00007fe8c1a75365
990544.0,563613,python,[JIT],0x0000776405fadb5d
990544.0,563613,python,[JIT],0x0000776405fb0545
990544.0,563554,python,[JIT],0x000078c4e7bff8d4
990544.0,563554,python,[JIT],0x000078c4e7c1b2dc
990544.0,563554,python,[JIT],0x000078c4e7c4d08c
990543.0,563602,python,_struct.cpython-316-x86_64-linux-gnu.so,unpack
990543.0,563602,python,[JIT],0x00007fe8c1a9e58e
990543.0,563547,python,[JIT],0x000076033c415cd0
990543.0,563547,python,[JIT],0x000076033d5b90cc
990543.0,563613,python,[JIT],0x0000776405f83453
990543.0,563554,python,[JIT],0x000078c4e7c316f0
990543.0,563554,python,[JIT],0x000078c4e7c3da24
990543.0,563590,python,[JIT],0x0000780ceb881999
990543.0,563590,python,[JIT],0x0000780ceb882b88
990542.0,563547,python,[JIT],0x000076033c3f87e5
990542.0,563613,python,[JIT],0x0000776405f69310
990542.0,563613,python,[JIT],0x0000776405f7b0c7
990542.0,563554,python,[JIT],0x000078c4e7c3853b
990542.0,563590,python,[JIT],0x0000780ceb869fb5
990542.0,563554,python,python,PyType_GetModule
990541.0,563547,python,[JIT],0x000076033c405dfb
990541.0,563547,python,[JIT],0x000076033c414c01
990541.0,563613,python,[JIT],0x0000776405f58003
990541.0,563554,python,[JIT],0x000078c4e7bfd8e5
990541.0,563590,python,[JIT],0x0000780ceb851239
990541.0,563590,python,[JIT],0x0000780ceb885de6
990541.0,563590,python,[JIT],0x0000780ceb8a82ee
990540.0,563613,python,[JIT],0x0000776405fae2a1
990540.0,563547,python,[JIT],0x000076033c3da45f
990540.0,563613,python,[JIT],0x0000776405f695da
990540.0,563613,python,[JIT],0x0000776405f81045
990540.0,563613,python,[JIT],0x0000776405fadb37
990540.0,563554,python,[JIT],0x000078c4e7bfd1db
990540.0,563554,python,[JIT],0x000078c4e7c1b8ca
990540.0,563590,python,[JIT],0x0000780ceb8802ba
990540.0,563590,python,[JIT],0x0000780ceb88ea45
990539.0,563579,python,[JIT],0x000070d0523b7920
990539.0,563590,python,[JIT],0x0000780ceb89aff6
990539.0,563590,python,[JIT],0x0000780ceb8a8b62
990539.0,563590,python,[JIT],0x0000780cec548478
990538.0,563579,python,[JIT],0x000070d0523bd306
990538.0,563547,python,[JIT],0x000076033c3e5a2e
990538.0,563547,python,[JIT],0x000076033c412e45
990538.0,563554,python,[JIT],0x000078c4e7c3d0d8
990537.0,563590,python,[JIT],0x0000780cec548c0f
990537.0,563547,python,[JIT],0x000076033c3c84d1
990537.0,563547,python,[JIT],0x000076033c4115f5
990537.0,563613,python,[JIT],0x0000776405f943ef
990537.0,563590,python,[JIT],0x0000780ceb89d52c
990536.0,563547,python,[JIT],0x000076033c3df360
990536.0,563547,python,[JIT],0x000076033c7a39fa
990536.0,563554,python,[JIT],0x000078c4e7c0018d
990536.0,563554,python,[JIT],0x000078c4e7c0dc06
990536.0,563590,python,[JIT],0x0000780ceb89cef6
990535.0,563547,python,[JIT],0x000076033c3c8ad8
990535.0,563547,python,[JIT],0x000076033d0ec970
990535.0,563613,python,[JIT],0x000077640701319a
990535.0,563554,python,[JIT],0x000078c4e7bfce04
990535.0,563554,python,[JIT],0x000078c4e7c4a568
990535.0,563590,python,[JIT],0x0000780ceb88e57e
990534.0,563590,python,python,vectorcall_maybe
990534.0,563547,python,[JIT],0x000076033c413cf3
990534.0,563613,python,[JIT],0x0000776405f999dd
990534.0,563613,python,[JIT],0x0000776405fac671
990534.0,563613,python,[JIT],0x0000776406887052
990534.0,563554,python,[JIT],0x000078c4e7c3016e
990534.0,563554,python,[JIT],0x000078c4e7c3c922
990533.0,563579,python,[JIT],0x000070d0523bd9c7
990533.0,563547,python,[kernel.kallsyms],ktime_get_update_offsets_now
990533.0,563613,python,[JIT],0x0000776405fac9b1
990533.0,563590,python,[JIT],0x0000780ceb863741
990533.0,563590,python,[JIT],0x0000780ceb89a003
990533.0,563590,python,[JIT],0x0000780ceb8a83da
990532.0,563613,python,[JIT],0x0000776405f7368e
990532.0,563613,python,[JIT],0x0000776405f92ee9
990532.0,563613,python,[JIT],0x00007764070135b3
990532.0,563554,python,[JIT],0x000078c4e7c40300
990532.0,563554,python,[JIT],0x000078c4e7c4a935
990532.0,563554,python,[JIT],0x000078c4e7c55369
990532.0,563554,python,[JIT],0x000078c4e7c55dd2
990532.0,563590,python,[JIT],0x0000780ceb8a60dd
990531.0,563579,python,[JIT],0x000070d0523b0820
990531.0,563613,python,[JIT],0x0000776405f988fe
990531.0,563613,python,[JIT],0x0000776405fb9ea3
990531.0,563554,python,[JIT],0x000078c4e7c3d850
990530.0,563613,python,[JIT],0x0000776405f9f700
990530.0,563554,python,[JIT],0x000078c4e7c1d94b
990530.0,563590,python,[JIT],0x0000780ceb83e0bc
990530.0,563590,python,[JIT],0x0000780ceb861c8d
990529.0,563579,python,[JIT],0x000070d052398a04
990529.0,563602,python,[JIT],0x00007fe8c1a6b6e0
990529.0,563547,python,[JIT],0x000076033c3fa2b5
990529.0,563613,python,[JIT],0x0000776405f4f0a5
990529.0,563613,python,[JIT],0x0000776405f621d7
990529.0,563613,python,[JIT],0x0000776405f73f78
990529.0,563613,python,[JIT],0x0000776405f807a9
990529.0,563613,python,[JIT],0x0000776405f8c19c
990529.0,563554,python,[JIT],0x000078c4e7bff440
990529.0,563554,python,[JIT],0x000078c4e7c374b9
990528.0,563547,python,[JIT],0x000076033c3ba0d5
990528.0,563547,python,[JIT],0x000076033c3fcb61
990528.0,563547,python,[JIT],0x000076033d0ec4ef
990528.0,563613,python,[JIT],0x0000776405fae1ca
990528.0,563554,python,[JIT],0x000078c4e7c3d22b
990528.0,563590,python,[JIT],0x0000780ceb86e50e
990527.0,563602,python,[JIT],0x00007fe8c1a84b9b
990527.0,563547,python,[JIT],0x000076033c3cb1b2
990527.0,563613,python,[JIT],0x0000776405f649f1
990527.0,563613,python,[JIT],0x0000776405f69871
990527.0,563613,python,[JIT],0x0000776405f73b9f
990527.0,563613,python,[JIT],0x0000776405f9feda
990526.0,563602,python,[JIT],0x00007fe8c1a6608d
990526.0,563547,python,[JIT],0x000076033c40890a
990526.0,563547,python,[JIT],0x000076033d0ec165
990525.0,563547,python,[JIT],0x000076033c691a63
990525.0,563613,python,[JIT],0x0000776405f93abf
990525.0,563613,python,[JIT],0x0000776405f98048
990525.0,563554,python,[JIT],0x000078c4e7c3d11e
990525.0,563590,python,[JIT],0x0000780ceb83b672
990525.0,563590,python,[JIT],0x0000780ceb846534
990525.0,563590,python,[JIT],0x0000780ceb89dba3
990524.0,563602,python,[JIT],0x00007fe8c1a71eba
990524.0,563547,python,[JIT],0x000076033c3e61bb
990524.0,563547,python,[JIT],0x000076033c3e8d85
990524.0,563547,python,[JIT],0x000076033c4049b7
990524.0,563613,python,[JIT],0x0000776405f95373
990524.0,563613,python,[JIT],0x0000776405f98388
990524.0,563554,python,[JIT],0x000078c4e7c1d3dd
990524.0,563554,python,[JIT],0x000078c4e7c4a983
990524.0,563590,python,[JIT],0x0000780ceb833f7a
990523.0,563613,python,[JIT],0x0000776405f441cf
990523.0,563613,python,[JIT],0x0000776405f75bcc
990523.0,563613,python,[JIT],0x0000776405f7a7fb
990523.0,563613,python,[JIT],0x0000776405fa4f74
990523.0,563613,python,[JIT],0x0000776405fb82e2
990523.0,563613,python,[JIT],0x0000776406887125
990523.0,563554,python,[JIT],0x000078c4e7c3400a
990523.0,563554,python,[JIT],0x000078c4e7c4e0c4
990523.0,563590,python,[JIT],0x0000780ceb850003
990523.0,563590,python,[JIT],0x0000780ceb888a95
990522.0,563547,python,[kernel.kallsyms],__sysvec_apic_timer_interrupt
990522.0,563547,python,[JIT],0x000076033c3fce74
990522.0,563590,python,[JIT],0x0000780ceb8a6351
990521.0,563602,python,[JIT],0x00007fe8c1a6d3bf
990521.0,563547,python,[JIT],0x000076033c4134b1
990521.0,563547,python,[JIT],0x000076033c41d46c
990521.0,563613,python,[JIT],0x0000776405f7470a
990521.0,563613,python,[JIT],0x0000776405f794d7
990521.0,563554,python,[JIT],0x000078c4e82da4d9
990520.0,563547,python,[JIT],0x000076033c3fd92c
990520.0,563613,python,[JIT],0x0000776405facf02
990520.0,563554,python,[JIT],0x000078c4e7c13dd5
990520.0,563554,python,[JIT],0x000078c4e7c574dc
990520.0,563590,python,[JIT],0x0000780ceb8618b1
990520.0,563590,python,[JIT],0x0000780ceb888d80
990519.0,563579,python,[JIT],0x000070d05239a3b5
990519.0,563602,python,[JIT],0x00007fe8c1a94755
990519.0,563547,python,[JIT],0x000076033c3d0137
990519.0,563547,python,[JIT],0x000076033d5b905a
990519.0,563613,python,[JIT],0x0000776405f40de9
990519.0,563613,python,[JIT],0x0000776405fb0513
990519.0,563554,python,python,PyNumber_Add
990519.0,563554,python,[JIT],0x000078c4e7c1d873
990519.0,563590,python,[JIT],0x0000780ceb8620ab
990519.0,563590,python,[JIT],0x0000780ceb8805c9
990518.0,563547,python,[JIT],0x000076033c3c9f72
990518.0,563547,python,[JIT],0x000076033c40c7fb
990518.0,563613,python,[JIT],0x0000776405f74ac8
990518.0,563613,python,[JIT],0x0000776405fadb50
990518.0,563554,python,[JIT],0x000078c4e7be5090
990518.0,563590,python,[JIT],0x0000780ceb86e263
990518.0,563590,python,[JIT],0x0000780ceb88dcfd
990517.0,563547,python,[JIT],0x000076033c3f92af
990517.0,563547,python,[JIT],0x000076033c413224
990517.0,563613,python,[JIT],0x0000776405f44a3a
990517.0,563613,python,[JIT],0x0000776405f7425a
990517.0,563613,python,[JIT],0x0000776405f81c0f
990517.0,563613,python,[JIT],0x000077640701370d
990517.0,563590,python,[JIT],0x0000780ceb86270a
990517.0,563590,python,[JIT],0x0000780ceb883070
990517.0,563590,python,[JIT],0x0000780ceb8a6000
990517.0,563590,python,[JIT],0x0000780ceca410d3
990516.0,563547,python,[JIT],0x000076033c3e6016
990516.0,563547,python,[JIT],0x000076033c4111cf
990516.0,563613,python,[JIT],0x0000776405fac166
990516.0,563554,python,[JIT],0x000078c4e7c1b39c
990516.0,563554,python,[JIT],0x000078c4e7ecb07e
990516.0,563590,python,[JIT],0x0000780ceb849990
990515.0,563602,python,[JIT],0x00007fe8c1a54f52
990515.0,563602,python,[JIT],0x00007fe8c1a7575e
990515.0,563547,python,[JIT],0x000076033c3e75e9
990515.0,563547,python,[JIT],0x000076033c413125
990515.0,563554,python,[JIT],0x000078c4e7bfff70
990515.0,563554,python,[JIT],0x000078c4e7c0b30b
990515.0,563554,python,[JIT],0x000078c4e7c49176
990515.0,563590,python,[JIT],0x0000780ceb852831
990515.0,563590,python,[JIT],0x0000780ceb853130
990515.0,563590,python,[JIT],0x0000780ceb888c5d
990514.0,563547,python,[JIT],0x000076033c3b581e
990514.0,563547,python,[JIT],0x000076033c3fe08f
990514.0,563547,python,[JIT],0x000076033c4117be
990514.0,563554,python,[JIT],0x000078c4e7c3d3e1
990514.0,563554,python,[JIT],0x000078c4e7c4aef0
990514.0,563554,python,[JIT],0x000078c4e7c4d668
990514.0,563590,python,[JIT],0x0000780cec4eb153
990514.0,563590,python,[JIT],0x0000780ceca41135
990513.0,563547,python,[JIT],0x000076033c3c23b5
990513.0,563547,python,[JIT],0x000076033c411b78
990513.0,563547,python,[JIT],0x000076033d0ec76b
990513.0,563613,python,[JIT],0x0000776405f95370
990513.0,563613,python,[JIT],0x0000776405fad590
990513.0,563554,python,[JIT],0x000078c4e7c31790
990513.0,563554,python,[JIT],0x000078c4e82db1e1
990513.0,563590,python,[JIT],0x0000780ceb847747
990513.0,563590,python,[JIT],0x0000780ceb88878f
990512.0,563602,python,[JIT],0x00007fe8c1a7a58a
990512.0,563602,python,[JIT],0x00007fe8c274b07f
990512.0,563547,python,[JIT],0x000076033c3e7006
990512.0,563613,python,python,_PyList_AsTupleAndClear
990512.0,563613,python,[JIT],0x0000776405f656b5
990512.0,563613,python,[JIT],0x0000776405f75422
990512.0,563554,python,python,builtin_min
990512.0,563554,python,[JIT],0x000078c4e7c1a1f8
990512.0,563554,python,[JIT],0x000078c4e7c49182
990512.0,563554,python,[JIT],0x000078c4e7c4cb9b
990511.0,563602,python,[JIT],0x00007fe8c1aa1cda
990511.0,563613,python,[JIT],0x0000776405f638dc
990511.0,563613,python,[JIT],0x0000776405facfc8
990510.0,563547,python,[JIT],0x000076033c3a600a
990510.0,563547,python,[JIT],0x000076033c3c1eeb
990510.0,563547,python,[JIT],0x000076033c3cfb6d
990510.0,563547,python,[JIT],0x000076033c3f79e2
990510.0,563554,python,[JIT],0x000078c4e7bf7342
990510.0,563554,python,[JIT],0x000078c4e7c0cc85
990510.0,563554,python,[JIT],0x000078c4e7c37f99
990510.0,563590,python,[JIT],0x0000780ceb83fe9e
990510.0,563590,python,[JIT],0x0000780ceb860f84
990510.0,563590,python,[JIT],0x0000780ceb881172
990509.0,563602,python,[JIT],0x00007fe8c1e2fe90
990509.0,563613,python,[JIT],0x0000776405f64fa7
990509.0,563613,python,[JIT],0x0000776405f819f7
990509.0,563554,python,[JIT],0x000078c4e7c4a064
990508.0,563613,python,[JIT],0x00007764068872b7
990508.0,563554,python,[JIT],0x000078c4e7c0bf1d
990508.0,563554,python,[JIT],0x000078c4e7c4b0a7
990508.0,563590,python,[JIT],0x0000780ceb888211
990507.0,563579,python,[JIT],0x000070d0523a4a64
990507.0,563602,python,[JIT],0x00007fe8c274cddf
990507.0,563547,python,[JIT],0x000076033c3e8873
990507.0,563613,python,[JIT],0x0000776405f96ca9
990507.0,563554,python,[JIT],0x000078c4e7c1a1c2
990507.0,563590,python,[JIT],0x0000780ceb84afd5
990507.0,563590,python,[JIT],0x0000780ceb89c302
990507.0,563590,python,[JIT],0x0000780ceb8b321f
990507.0,563590,python,[JIT],0x0000780cebb1b0f8
990506.0,563579,python,[JIT],0x000070d0523bf6b0
990506.0,563613,python,[JIT],0x0000776407153113
990506.0,563554,python,[JIT],0x000078c4e7c4d713
990506.0,563590,python,[JIT],0x0000780ceb89ecdd
990505.0,563554,python,[JIT],0x000078c4e7c0d8ad
990505.0,563554,python,[JIT],0x000078c4e7c4b4a8
990505.0,563554,python,[JIT],0x000078c4e7c4e0fb
990505.0,563590,python,[JIT],0x0000780ceb89e3fd
990504.0,563547,python,[JIT],0x000076033c4005d7
990504.0,563613,python,[JIT],0x0000776405f453e7
990504.0,563613,python,[JIT],0x0000776407013d31
990504.0,563554,python,[JIT],0x000078c4e7c495b7
990504.0,563590,python,[JIT],0x0000780ceb85012b
990503.0,563547,python,[JIT],0x000076033c3cfabb
990503.0,563613,python,[JIT],0x0000776405f801a7
990503.0,563613,python,[JIT],0x0000776405fb07c4
990503.0,563613,python,[JIT],0x0000776405fb9ab8
990503.0,563554,python,[JIT],0x000078c4e7bdcd96
990503.0,563554,python,[JIT],0x000078c4e7c561c4
990503.0,563590,python,[JIT],0x0000780ceb88e522
990503.0,563590,python,[JIT],0x0000780ceb89c80a
990502.0,563602,python,[JIT],0x00007fe8c1a895fd
990502.0,563547,python,[JIT],0x000076033c3fc23c
990502.0,563547,python,[JIT],0x000076033c41287a
990502.0,563613,python,[JIT],0x0000776405f9c1e6
990502.0,563613,python,[JIT],0x0000776405fa0c8d
990502.0,563613,python,[JIT],0x0000776405fac00a
990502.0,563613,python,[JIT],0x0000776405faff01
990502.0,563590,python,[JIT],0x0000780ceb839440
990501.0,563602,python,[JIT],0x00007fe8c1a9d23c
990501.0,563547,python,[JIT],0x000076033c3bfc4a
990501.0,563613,python,[JIT],0x0000776405f8114d
990501.0,563613,python,[JIT],0x0000776405f883ae
990500.0,563579,python,[JIT],0x000070d052374c6b
990500.0,563579,python,[JIT],0x000070d0523becff
990500.0,563547,python,[JIT],0x000076033c414eea
990500.0,563590,python,[JIT],0x0000780ceb8629cf
990499.0,563579,python,[JIT],0x000070d0523b2799
990499.0,563613,python,[JIT],0x0000776407013c36
990499.0,563590,python,[JIT],0x0000780ceb861fcf
990498.0,563602,python,[JIT],0x00007fe8c1a98707
990498.0,563547,python,[JIT],0x000076033c690fd6
990498.0,563613,python,[JIT],0x0000776405f72591
990498.0,563613,python,[JIT],0x0000776405f99b18
990498.0,563590,python,[JIT],0x0000780ceb848604
990498.0,563590,python,[JIT],0x0000780ceb86d0be
990497.0,563547,python,[JIT],0x000076033c3e9af6
990497.0,563547,python,[JIT],0x000076033c41f448
990497.0,563554,python,[JIT],0x000078c4e7c1bd7d
990496.0,563579,python,python,PyType_GetModuleByDef
990496.0,563547,python,[JIT],0x000076033c3ea6bb
990496.0,563547,python,[JIT],0x000076033c3fc2b7
990496.0,563547,python,[JIT],0x000076033c415c0d
990496.0,563590,python,[JIT],0x0000780ceb88337f
990495.0,563579,python,[JIT],0x000070d0523a2e57
990495.0,563602,python,[JIT],0x00007fe8c1a94e3b
990495.0,563547,python,[JIT],0x000076033c41372a
990495.0,563547,python,[JIT],0x000076033c41ead4
990495.0,563613,python,[JIT],0x0000776405fae845
990495.0,563613,python,[JIT],0x0000776405fb0263
990495.0,563590,python,[JIT],0x0000780ceb89a2f6
990495.0,563554,python,python,_sre_SRE_Pattern_prefixmatch
990494.0,563547,python,[JIT],0x000076033c3d8ade
990494.0,563547,python,[JIT],0x000076033c3da3d6
990494.0,563554,python,[JIT],0x000078c4e7c3110f
990494.0,563554,python,[JIT],0x000078c4e7c62703
990494.0,563590,python,[JIT],0x0000780ceb83b068
990494.0,563590,python,[JIT],0x0000780ceb88d90d
990493.0,563547,python,[JIT],0x000076033c3f8a8f
990493.0,563613,python,[JIT],0x0000776405f72090
990493.0,563613,python,[JIT],0x0000776405f92879
990493.0,563613,python,[JIT],0x0000776405f99f7c
990493.0,563613,python,[JIT],0x0000776405faed6f
990493.0,563590,python,[JIT],0x0000780ceb861075
990493.0,563590,python,[JIT],0x0000780ceb88dbaf
990492.0,563547,python,[JIT],0x000076033c3fd57f
990492.0,563613,python,[JIT],0x0000776405face73
990492.0,563613,python,[JIT],0x0000776405facfac
990491.0,563579,python,[JIT],0x000070d05234eb68
990491.0,563579,python,[JIT],0x000070d0523ca8ba
990491.0,563602,python,[JIT],0x00007fe8c1a74112
990491.0,563547,python,[JIT],0x000076033c407e69
990491.0,563554,python,[JIT],0x000078c4e7c3c9d1
990491.0,563554,python,[JIT],0x000078c4e8ded14b
990490.0,563579,python,[JIT],0x000070d052399e27
990490.0,563613,python,[JIT],0x0000776405f4e18c
990490.0,563613,python,[JIT],0x0000776405f74ff4
990490.0,563613,python,[JIT],0x0000776405f9b2ef
990490.0,563554,python,[JIT],0x000078c4e7c0402a
990490.0,563554,python,[JIT],0x000078c4e7c37151
990490.0,563590,python,[JIT],0x0000780ceb8a6294
990489.0,563547,python,[JIT],0x000076033c3ee572
990489.0,563547,python,[JIT],0x000076033c3f87be
990489.0,563547,python,[JIT],0x000076033c404c5a
990489.0,563554,python,[JIT],0x000078c4e7c4c6b0
990489.0,563590,python,[JIT],0x0000780ceb86e22e
990488.0,563547,python,[kernel.kallsyms],sysvec_apic_timer_interrupt
990488.0,563547,python,[JIT],0x000076033c41eaef
990488.0,563613,python,[JIT],0x0000776405f5ae70
990488.0,563554,python,[JIT],0x000078c4e7c49671
990487.0,563613,python,[JIT],0x0000776405fafd49
990487.0,563554,python,[JIT],0x000078c4e7c0e1ba
990487.0,563554,python,[JIT],0x000078c4e7c30aaa
990487.0,563554,python,[JIT],0x000078c4e7c57d7f
990487.0,563590,python,[JIT],0x0000780ceb82d744
990487.0,563590,python,[JIT],0x0000780ceb86f837
990486.0,563547,python,[JIT],0x000076033c405a36
990486.0,563613,python,[JIT],0x0000776405f79d8d
990486.0,563613,python,[JIT],0x0000776405f7b8e9
990486.0,563554,python,[JIT],0x000078c4e82da144
990486.0,563590,python,[JIT],0x0000780ceb8809d0
990485.0,563602,python,[JIT],0x00007fe8c2c46158
990485.0,563613,python,[JIT],0x0000776405f584fb
990485.0,563613,python,[JIT],0x0000776405f7c3cc
990485.0,563613,python,[JIT],0x0000776405fad793
990485.0,563613,python,[JIT],0x0000776405fada61
990485.0,563613,python,[JIT],0x0000776407013399
990485.0,563554,python,[JIT],0x000078c4e7c0c91d
990485.0,563590,python,[JIT],0x0000780ceb89d348
990484.0,563602,python,[JIT],0x00007fe8c1a84e17
990484.0,563602,python,[JIT],0x00007fe8c1aa93c7
990484.0,563547,python,[JIT],0x000076033c3f8205
990484.0,563547,python,[JIT],0x000076033c411b04
990484.0,563547,python,[JIT],0x000076033c41dd96
990484.0,563554,python,[JIT],0x000078c4e7c1900a
990484.0,563554,python,[JIT],0x000078c4e82da27d
990484.0,563590,python,[JIT],0x0000780ceb846aac
990484.0,563590,python,[JIT],0x0000780ceb86f476
990483.0,563547,python,[JIT],0x000076033c4041ff
990483.0,563554,python,[JIT],0x000078c4e7c2f101
990483.0,563554,python,[JIT],0x000078c4e7c4d21b
990483.0,563554,python,[JIT],0x000078c4e7ecb1ec
990483.0,563590,python,[JIT],0x0000780ceb83008e
990483.0,563590,python,[JIT],0x0000780ceb86f137
990482.0,563613,python,[JIT],0x00007764070132cc
990482.0,563554,python,[JIT],0x000078c4e7c359df
990482.0,563554,python,[JIT],0x000078c4e7c37000
990481.0,563602,python,[JIT],0x00007fe8c1d1c094
990481.0,563602,python,[JIT],0x00007fe8c274cbce
990481.0,563547,python,[JIT],0x000076033c3f7320
990481.0,563613,python,[JIT],0x0000776405f58787
990481.0,563554,python,[JIT],0x000078c4e7c0f463
990481.0,563590,python,[JIT],0x0000780ceb83ead7
990481.0,563590,python,[JIT],0x0000780ceb88e375
990481.0,563590,python,[JIT],0x0000780cec4eb00a
990480.0,563547,python,[kernel.kallsyms],__raw_spin_lock_irqsave
990480.0,563547,python,[JIT],0x000076033c3cf04c
990480.0,563554,python,python,cfunction_vectorcall_O
990480.0,563554,python,[JIT],0x000078c4e7c32241
990480.0,563590,python,[JIT],0x0000780ceb872294
990480.0,563590,python,[JIT],0x0000780ceb892a0c
990480.0,563590,python,[JIT],0x0000780ceb89a9b1
990479.0,563602,python,[JIT],0x00007fe8c1a65424
990479.0,563602,python,[JIT],0x00007fe8c274c1a5
990479.0,563547,python,[JIT],0x000076033d0ec7a8
990479.0,563554,python,[JIT],0x000078c4e7c0b0bc
990479.0,563590,python,[kernel.kallsyms],sysvec_apic_timer_interrupt
990478.0,563579,python,[JIT],0x000070d052384ab1
990478.0,563547,python,[JIT],0x000076033c3c0b28
990478.0,563547,python,[JIT],0x000076033c3fc0a9
990478.0,563613,python,[JIT],0x0000776405f69936
990478.0,563613,python,[JIT],0x0000776405f712f4
990478.0,563613,python,[JIT],0x0000776405f7a9ec
990478.0,563613,python,[JIT],0x000077640688725a
990478.0,563613,python,[JIT],0x0000776407013828
990478.0,563590,python,[JIT],0x0000780ceb8470cf
990477.0,563602,python,[JIT],0x00007fe8c1a97df4
990477.0,563547,python,[JIT],0x000076033c3df65e
990477.0,563547,python,[JIT],0x000076033c3e5bab
990477.0,563547,python,[JIT],0x000076033c3e75da
990477.0,563613,python,[JIT],0x0000776406643217
990477.0,563590,python,[JIT],0x0000780ceb831287
990477.0,563590,python,[JIT],0x0000780ceb88e543
990476.0,563579,python,[JIT],0x000070d05236d9d6
990476.0,563613,python,[kernel.kallsyms],calc_global_load
990476.0,563547,python,[kernel.kallsyms],timerqueue_del
990476.0,563547,python,[JIT],0x000076033c3abf32
990476.0,563547,python,[JIT],0x000076033c3da8cd
990476.0,563554,python,[JIT],0x000078c4e7c1c185
990475.0,563613,python,[JIT],0x0000776405f71491
990475.0,563613,python,[JIT],0x0000776405faefb9
990475.0,563554,python,[JIT],0x000078c4e7c2d48e
990475.0,563590,python,[JIT],0x0000780ceb8a87ff
990474.0,563579,python,_struct.cpython-316-x86_64-linux-gnu.so,PyDict_GetItemRef@plt
990474.0,563602,python,[JIT],0x00007fe8c1a64c85
990474.0,563547,python,[JIT],0x000076033c3f7f98
990474.0,563613,python,[JIT],0x0000776405f807e9
990474.0,563613,python,[JIT],0x0000776405f997c7
990474.0,563613,python,[JIT],0x0000776405f9f909
990474.0,563613,python,[JIT],0x0000776405fb1ce8
990474.0,563554,python,[JIT],0x000078c4e7bdaab5
990474.0,563602,python,[JIT],0x00007fe8c2c46127
990473.0,563602,python,[JIT],0x00007fe8c1a83e10
990473.0,563547,python,[JIT],0x000076033c3fed70
990473.0,563613,python,[JIT],0x0000776405f84020
990473.0,563554,python,python,replace
990473.0,563554,python,[JIT],0x000078c4e7c3c07e
990472.0,563613,python,[JIT],0x0000776405f79ec9
990472.0,563613,python,[JIT],0x000077640666a3b0
990472.0,563590,python,[JIT],0x0000780cec4eb202
990471.0,563590,python,[kernel.kallsyms],__irqentry_text_end
990471.0,563547,python,[JIT],0x000076033c3d768d
990471.0,563547,python,[JIT],0x000076033c3d97f0
990471.0,563547,python,[JIT],0x000076033c3e986a
990471.0,563613,python,python,_Py_GetConfig
990470.0,563579,python,[JIT],0x000070d0523c1121
990470.0,563547,python,[JIT],0x000076033c3e8750
990470.0,563547,python,[JIT],0x000076033c412406
990470.0,563613,python,[JIT],0x0000776405f71811
990470.0,563613,python,[JIT],0x0000776405fafba3
990470.0,563554,python,[JIT],0x000078c4e7c14aae
990470.0,563554,python,[JIT],0x000078c4e7ecb26d
990470.0,563590,python,[JIT],0x0000780ceb89c042
990469.0,563547,python,[JIT],0x000076033c3d7e8f
990469.0,563547,python,[JIT],0x000076033c3e6087
990469.0,563547,python,[JIT],0x000076033c3e89b2
990469.0,563547,python,[JIT],0x000076033c3ed1b6
990469.0,563547,python,[JIT],0x000076033c42f7c8
990469.0,563613,python,[JIT],0x0000776405f5be8e
990469.0,563554,python,[JIT],0x000078c4e7c0cb51
990469.0,563554,python,[JIT],0x000078c4e7c0fdae
990469.0,563590,python,[JIT],0x0000780ceb8852a4
990469.0,563590,python,[JIT],0x0000780ceb89c37f
990468.0,563547,python,[JIT],0x000076033c3c30da
990468.0,563613,python,[JIT],0x0000776405f81aa3
990468.0,563613,python,[JIT],0x0000776407013993
990468.0,563554,python,[JIT],0x000078c4e7c3c11b
990468.0,563554,python,[JIT],0x000078c4e7c4b33e
990468.0,563554,python,[JIT],0x000078c4e82da176
990467.0,563602,python,[JIT],0x00007fe8c1a6d878
990467.0,563547,python,[JIT],0x000076033c3d9701
990467.0,563547,python,[JIT],0x000076033c3f0a04
990467.0,563547,python,[JIT],0x000076033c3febed
990467.0,563547,python,[JIT],0x000076033c412d00
990467.0,563613,python,[JIT],0x0000776405f9f945
990467.0,563613,python,[JIT],0x0000776405fbaee2
990467.0,563613,python,[JIT],0x0000776407013d9b
990467.0,563554,python,[JIT],0x000078c4e7c36e1c
990467.0,563590,python,[JIT],0x0000780ceb84b159
990467.0,563590,python,[JIT],0x0000780ceb8b4a4b
990466.0,563547,python,[JIT],0x000076033c3c2487
990466.0,563547,python,[JIT],0x000076033c3c93d1
990466.0,563547,python,[JIT],0x000076033c3fd6d3
990466.0,563547,python,[JIT],0x000076033c412000
990466.0,563547,python,[JIT],0x000076033c415ea2
990466.0,563547,python,[JIT],0x000076033d41328c
990466.0,563613,python,[JIT],0x0000776405f84d57
990466.0,563613,python,[JIT],0x0000776405f996e5
990466.0,563613,python,[JIT],0x0000776405fb865b
990466.0,563590,python,[JIT],0x0000780ceb85f000
990466.0,563590,python,[JIT],0x0000780ceb8a7e66
990465.0,563602,python,[JIT],0x00007fe8c1aa0935
990465.0,563547,python,[JIT],0x000076033c3edf90
990465.0,563547,python,[JIT],0x000076033c3fe847
990465.0,563547,python,[JIT],0x000076033c69198d
990465.0,563613,python,[JIT],0x0000776405f9423f
990465.0,563613,python,[JIT],0x0000776405f9b09e
990465.0,563590,python,[JIT],0x0000780ceb82d638
990465.0,563590,python,[JIT],0x0000780ceb89ddd1
990464.0,563602,python,[JIT],0x00007fe8c1e2f659
990464.0,563613,python,[JIT],0x0000776405fac083
990464.0,563590,python,[JIT],0x0000780ceb867f60
990464.0,563590,python,[JIT],0x0000780ceb88d73b
990464.0,563590,python,[JIT],0x0000780ceb88ecdc
990464.0,563590,python,[JIT],0x0000780ceb8951bd
990464.0,563590,python,[JIT],0x0000780ceb89c886
990463.0,563602,python,[JIT],0x00007fe8c1a8606b
990463.0,563613,python,[JIT],0x0000776405fafe4e
990463.0,563554,python,[JIT],0x000078c4e7bdaac3
990463.0,563554,python,[JIT],0x000078c4e7c49bea
990463.0,563590,python,[JIT],0x0000780ceb89ace6
990463.0,563602,python,[JIT],0x00007fe8c1a88804
990462.0,563613,python,[JIT],0x0000776405fad9ae
990462.0,563554,python,[JIT],0x000078c4e7c0ec9a
990462.0,563590,python,[JIT],0x0000780ceb89d6c4
990461.0,563547,python,[JIT],0x000076033c4137ef
990461.0,563554,python,[JIT],0x000078c4e7c1a40b
990461.0,563590,python,[JIT],0x0000780cec548a5d
990460.0,563547,python,[JIT],0x000076033c41d4a5
990460.0,563554,python,[JIT],0x000078c4e7c0d6e8
990460.0,563590,python,[JIT],0x0000780ceb8410d5
990458.0,563579,python,[JIT],0x000070d05238614d
990458.0,563602,python,[JIT],0x00007fe8c1a664eb
990458.0,563602,python,[JIT],0x00007fe8c1a91a33
990458.0,563590,python,[JIT],0x0000780ceb83f3e6
990457.0,563547,python,[JIT],0x000076033c3d0670
990457.0,563547,python,[JIT],0x000076033c3e51ea
990457.0,563547,python,[JIT],0x000076033c412234
990457.0,563613,python,[JIT],0x0000776405f610fd
990457.0,563554,python,[JIT],0x000078c4e7bea1aa
990457.0,563554,python,[JIT],0x000078c4e7c2fc88
990457.0,563602,python,[JIT],0x00007fe8c1e2f87c
990456.0,563602,python,[JIT],0x00007fe8c1a83000
990456.0,563547,python,python,list_contains
990456.0,563547,python,[JIT],0x000076033c3b2899
990456.0,563547,python,[JIT],0x000076033c41d82f
990456.0,563613,python,[JIT],0x0000776405f7367f
990456.0,563590,python,[JIT],0x0000780ceb89b5c6
990455.0,563602,python,[JIT],0x00007fe8c1a98aa8
990455.0,563547,python,[JIT],0x000076033c3c8880
990455.0,563613,python,[JIT],0x0000776405f735f2
990455.0,563554,python,[JIT],0x000078c4e7c1bb13
990455.0,563590,python,[JIT],0x0000780ceb888126
990455.0,563590,python,[JIT],0x0000780ceb89ebef
990454.0,563547,python,[JIT],0x000076033c3f91e5
990454.0,563613,python,[JIT],0x0000776405fa0c61
990454.0,563613,python,[JIT],0x00007764070133db
990454.0,563554,python,[JIT],0x000078c4e7c0fafd
990454.0,563554,python,[JIT],0x000078c4e82da5cc
990454.0,563590,python,[JIT],0x0000780ceb847bab
990454.0,563590,python,[JIT],0x0000780ceb850564
990454.0,563590,python,[JIT],0x0000780ceb85ff2c
990454.0,563590,python,[JIT],0x0000780cec54728c
990453.0,563547,python,[JIT],0x000076033c41256e
990453.0,563613,python,[JIT],0x0000776405f72fb1
990453.0,563613,python,[JIT],0x0000776405fae982
990453.0,563613,python,[JIT],0x000077640701313f
990453.0,563554,python,[JIT],0x000078c4e7bf5d6f
990453.0,563554,python,[JIT],0x000078c4e7c0e3cf
990453.0,563590,python,[JIT],0x0000780ceb886e59
990452.0,563579,python,[JIT],0x000070d052375511
990452.0,563613,python,[JIT],0x0000776405f621e5
990452.0,563613,python,[JIT],0x0000776405f71820
990452.0,563590,python,[JIT],0x0000780ceb860f80
990452.0,563590,python,[JIT],0x0000780ceb8684cc
990451.0,563547,python,[JIT],0x000076033c690364
990451.0,563613,python,[JIT],0x0000776405fac44e
990451.0,563590,python,[JIT],0x0000780ceb85ff55
990450.0,563579,python,[JIT],0x000070d05263ba63
990450.0,563547,python,[JIT],0x000076033c3d8ad0
990450.0,563547,python,[JIT],0x000076033c413ef6
990450.0,563613,python,[JIT],0x0000776405f5185c
990450.0,563554,python,[JIT],0x000078c4e7bfcfca
990450.0,563554,python,[JIT],0x000078c4e7c3d840
990450.0,563554,python,[JIT],0x000078c4e7c4bae5
990450.0,563554,python,[JIT],0x000078c4e82da259
990449.0,563602,python,[JIT],0x00007fe8c1a860ed
990449.0,563554,python,[JIT],0x000078c4e7c63b41
990449.0,563590,python,[JIT],0x0000780cec548b98
990448.0,563579,python,[JIT],0x000070d0523af1a3
990448.0,563602,python,[JIT],0x00007fe8c1a5befa
990448.0,563547,python,[JIT],0x000076033c3d9fcf
990448.0,563547,python,[JIT],0x000076033d413249
990448.0,563613,python,[JIT],0x0000776405f632a2
990448.0,563613,python,[JIT],0x0000776405f63398
990448.0,563613,python,[JIT],0x0000776405f9b842
990448.0,563554,python,[JIT],0x000078c4e7bffe98
990448.0,563554,python,[JIT],0x000078c4e7c3d63d
990448.0,563554,python,[JIT],0x000078c4e7c4d5be
990448.0,563554,python,[JIT],0x000078c4e7c557c8
990448.0,563554,python,[JIT],0x000078c4e8ded0e9
990447.0,563602,python,[JIT],0x00007fe8c1e2e1f4
990447.0,563547,python,[JIT],0x000076033c3e61e3
990447.0,563547,python,[JIT],0x000076033d5b90c8
990447.0,563613,python,[JIT],0x0000776405f7c46a
990447.0,563613,python,[JIT],0x0000776405f95433
990446.0,563547,python,[JIT],0x000076033c3d890c
990446.0,563613,python,[JIT],0x0000776405f81d1b
990446.0,563613,python,[JIT],0x0000776405fb80b7
990446.0,563554,python,[JIT],0x000078c4e7c1df41
990446.0,563554,python,[JIT],0x000078c4e7c4c39c
990446.0,563590,python,[JIT],0x0000780ceb896267
990445.0,563547,python,[JIT],0x000076033c3abf80
990445.0,563547,python,[JIT],0x000076033c4149d3
990445.0,563613,python,[JIT],0x0000776405f63618
990445.0,563613,python,[JIT],0x0000776405f89230
990445.0,563613,python,[JIT],0x0000776405f9ab69
990445.0,563590,python,[JIT],0x0000780ceb872030
990445.0,563590,python,[JIT],0x0000780ceb89ddad
990444.0,563602,python,[JIT],0x00007fe8c1a9ecde
990444.0,563547,python,[JIT],0x000076033c3e5108
990444.0,563547,python,[JIT],0x000076033c4148d3
990444.0,563613,python,[JIT],0x0000776405f9fbaf
990444.0,563568,python,[JIT],0x000073d05eab4c7d
990444.0,563590,python,[JIT],0x0000780ceb895920
990444.0,563590,python,[JIT],0x0000780ceb89acc3
990443.0,563579,python,[JIT],0x000070d0523bea84
990443.0,563602,python,[JIT],0x00007fe8c1a835a9
990443.0,563613,python,[JIT],0x0000776405f9b186
990443.0,563613,python,[JIT],0x0000776405fa0958
990443.0,563613,python,[JIT],0x0000776405face43
990443.0,563554,python,[JIT],0x000078c4e8ded088
990442.0,563547,python,[JIT],0x000076033c413cf7
990442.0,563613,python,[JIT],0x0000776405f51bc3
990442.0,563554,python,[JIT],0x000078c4e7c31a31
990442.0,563554,python,[JIT],0x000078c4e7c4b2fa
990441.0,563613,python,[JIT],0x0000776405f933da
990440.0,563602,python,[JIT],0x00007fe8c1aa0ca3
990440.0,563547,python,[kernel.kallsyms],_raw_spin_lock
990440.0,563554,python,[JIT],0x000078c4e7c1d8dc
990440.0,563554,python,[JIT],0x000078c4e7c3566b
990440.0,563554,python,[JIT],0x000078c4e82da3bf
990440.0,563554,python,[JIT],0x000078c4e82da9c0
990440.0,563590,python,[JIT],0x0000780ceb87a0e2
990440.0,563590,python,[JIT],0x0000780ceb8826b3
990440.0,563590,python,[JIT],0x0000780ceb883205
990440.0,563590,python,[JIT],0x0000780ceb89c666
990439.0,563579,python,[JIT],0x000070d052360269
990439.0,563547,python,[JIT],0x000076033c3b5d65
990439.0,563547,python,[JIT],0x000076033c3fb12d
990439.0,563554,python,[JIT],0x000078c4e7bdc16c
990439.0,563554,python,[JIT],0x000078c4e7c499b1
990439.0,563590,python,[JIT],0x0000780ceb88d228
990439.0,563590,python,[JIT],0x0000780ceb89a40a
990439.0,563602,python,python,_PyLong_FromMedium
990438.0,563579,python,[JIT],0x000070d0523c0628
990438.0,563547,python,[JIT],0x000076033c3e77d9
990438.0,563547,python,[JIT],0x000076033c3fa2e7
990438.0,563547,python,[JIT],0x000076033c41177e
990438.0,563554,python,[JIT],0x000078c4e7bda1ac
990438.0,563590,python,[JIT],0x0000780ceb82ed13
990438.0,563590,python,[JIT],0x0000780ceb8608d6
990438.0,563590,python,[JIT],0x0000780ceb89a6c1
990437.0,563554,python,[JIT],0x000078c4e7bfcb5e
990437.0,563554,python,[JIT],0x000078c4e7c2547f
990436.0,563602,python,[JIT],0x00007fe8c1a4cd0e
990436.0,563602,python,[JIT],0x00007fe8c1a8afe2
990436.0,563547,python,[JIT],0x000076033c3ac03d
990436.0,563547,python,[JIT],0x000076033c3c2289
990436.0,563547,python,[JIT],0x000076033c3ca422
990436.0,563613,python,[JIT],0x0000776405fae4cb
990436.0,563554,python,[JIT],0x000078c4e7c578a2
990435.0,563579,python,[JIT],0x000070d052382b11
990435.0,563547,python,[JIT],0x000076033c3d7df2
990435.0,563547,python,[JIT],0x000076033c415bd0
990435.0,563613,python,[JIT],0x0000776405f712f0
990435.0,563613,python,[JIT],0x0000776405f80487
990435.0,563613,python,[JIT],0x0000776405f972ff
990435.0,563590,python,[JIT],0x0000780ceb8801f1
990435.0,563590,python,[JIT],0x0000780ceb89a827
990434.0,563547,python,[JIT],0x000076033c3fe307
990434.0,563547,python,[JIT],0x000076033c68e118
990434.0,563547,python,[JIT],0x000076033c69030a
990434.0,563547,python,[JIT],0x000076033d0ecb07
990434.0,563613,python,[JIT],0x0000776405f88cd1
990434.0,563554,python,[JIT],0x000078c4e7c56144
990434.0,563554,python,[JIT],0x000078c4e82da70d
990433.0,563547,python,[JIT],0x000076033c691659
990433.0,563613,python,[JIT],0x0000776405f72289
990433.0,563554,python,[JIT],0x000078c4e7bdded4
990433.0,563554,python,[JIT],0x000078c4e7c4af5e
990433.0,563554,python,[JIT],0x000078c4e7c55828
990433.0,563590,python,[JIT],0x0000780ceb89b9f8
990432.0,563579,python,[JIT],0x000070d0523651cb
990432.0,563547,python,[JIT],0x000076033d41319f
990432.0,563554,python,[JIT],0x000078c4e7bfe817
990432.0,563590,python,_struct.cpython-316-x86_64-linux-gnu.so,PyLong_FromUnsignedLongLong@plt
990432.0,563590,python,[JIT],0x0000780ceb89e560
990431.0,563602,python,[JIT],0x00007fe8c1a86011
990431.0,563602,python,libgcc_s.so.1,0x0000000000023a70
990431.0,563613,python,[JIT],0x0000776405f412fc
990431.0,563613,python,[JIT],0x00007764068871b4
990431.0,563554,python,[JIT],0x000078c4e7c31b38
990431.0,563590,python,[JIT],0x0000780ceb868b58
990431.0,563590,python,[JIT],0x0000780cec5488a8
990430.0,563579,python,[JIT],0x000070d0523afad4
990430.0,563554,python,[JIT],0x000078c4e7c49bf7
990430.0,563554,python,[JIT],0x000078c4e8ded09e
990430.0,563590,python,[JIT],0x0000780ceb848ded
990430.0,563590,python,[JIT],0x0000780ceb85700a
990430.0,563590,python,[JIT],0x0000780ceb8851cf
990429.0,563579,python,[JIT],0x000070d05235115c
990429.0,563613,python,[JIT],0x0000776405f93900
990429.0,563554,python,[JIT],0x000078c4e7c4bc6d
990429.0,563590,python,[JIT],0x0000780ceb886769
990429.0,563602,python,libgcc_s.so.1,0x0000000000023b50
990428.0,563547,python,[JIT],0x000076033c3bfc60
990428.0,563547,python,[JIT],0x000076033c3d8c67
990428.0,563613,python,[JIT],0x0000776405f64e81
990428.0,563613,python,[JIT],0x0000776405f932d2
990428.0,563613,python,[JIT],0x0000776405f9352e
990428.0,563613,python,[JIT],0x0000776405faedaf
990428.0,563613,python,[JIT],0x0000776405fafe57
990428.0,563554,python,[JIT],0x000078c4e7c4a028
990428.0,563590,python,[JIT],0x0000780ceb849ca2
990427.0,563547,python,[JIT],0x000076033c3d7ba2
990427.0,563547,python,[JIT],0x000076033c3d9d89
990427.0,563554,python,[JIT],0x000078c4e7c36943
990427.0,563590,python,[JIT],0x0000780ceb86151f
990426.0,563579,python,[JIT],0x000070d052383b3d
990426.0,563547,python,[JIT],0x000076033c415f3d
990426.0,563554,python,[JIT],0x000078c4e7c560c2
990426.0,563590,python,[JIT],0x0000780ceb86f71f
990426.0,563590,python,[JIT],0x0000780ceb8855c0
990425.0,563579,python,[JIT],0x000070d05239a3b1
990425.0,563579,python,[JIT],0x000070d0523bd136
990425.0,563547,python,[JIT],0x000076033c405519
990425.0,563613,python,[JIT],0x0000776405f81a76
990425.0,563613,python,[JIT],0x0000776405fb0876
990424.0,563547,python,[JIT],0x000076033c405adf
990424.0,563613,python,[JIT],0x0000776405f7a720
990424.0,563554,python,[JIT],0x000078c4e7c4a5cb
990424.0,563590,python,[JIT],0x0000780ceb89bf5a
990423.0,563547,python,[JIT],0x000076033c690d50
990423.0,563613,python,[JIT],0x0000776405f79baa
990423.0,563613,python,[JIT],0x0000776405fb8609
990423.0,563554,python,[JIT],0x000078c4e7c03d28
990423.0,563554,python,[JIT],0x000078c4e7c0c078
990423.0,563554,python,[JIT],0x000078c4e7c38f03
990422.0,563602,python,[JIT],0x00007fe8c1a4d87e
990422.0,563602,python,[JIT],0x00007fe8c1a5e385
990422.0,563547,python,[JIT],0x000076033c3dafda
990422.0,563547,python,[JIT],0x000076033c412482
990422.0,563547,python,[JIT],0x000076033c413c1c
990422.0,563547,python,[JIT],0x000076033c4152f7
990422.0,563613,python,[JIT],0x0000776405f752c3
990422.0,563613,python,[JIT],0x0000776405f9b492
990422.0,563613,python,[JIT],0x0000776405fbace7
990422.0,563554,python,[JIT],0x000078c4e7c2f7e6
990422.0,563554,python,[JIT],0x000078c4e7c3d239
990422.0,563590,python,[JIT],0x0000780cec548144
990421.0,563547,python,[JIT],0x000076033d4130c8
990421.0,563554,python,python,PyLong_FromLong
990421.0,563554,python,[JIT],0x000078c4e7c4c6ee
990420.0,563602,python,[JIT],0x00007fe8c1a7341b
990420.0,563602,python,[JIT],0x00007fe8c1a75a5c
990420.0,563602,python,[JIT],0x00007fe8c1aab635
990420.0,563547,python,[JIT],0x000076033c41400e
990420.0,563613,python,[JIT],0x0000776405f8a455
990420.0,563613,python,[JIT],0x0000776405fafb4f
990420.0,563613,python,[JIT],0x0000776407013ba2
990420.0,563554,python,[JIT],0x000078c4e7c4900a
990420.0,563554,python,[JIT],0x000078c4e7c49c75
990420.0,563590,python,[JIT],0x0000780cec5471ec
990419.0,563602,python,[JIT],0x00007fe8c1a738e6
990419.0,563602,python,[JIT],0x00007fe8c1a84391
990419.0,563602,python,[JIT],0x00007fe8c274c423
990419.0,563547,python,[JIT],0x000076033c3bf7af
990419.0,563547,python,[JIT],0x000076033c3d7218
990419.0,563547,python,[JIT],0x000076033c3f9b51
990419.0,563547,python,[JIT],0x000076033c4125f8
990419.0,563613,python,[JIT],0x0000776405f932be
990419.0,563613,python,[JIT],0x0000776405fba4fa
990419.0,563590,python,[JIT],0x0000780ceca4107e
990418.0,563547,python,[JIT],0x000076033c3db382
990418.0,563613,python,[JIT],0x0000776405fb0660
990418.0,563554,python,[JIT],0x000078c4e7c1ec00
990418.0,563590,python,[JIT],0x0000780cec547113
990418.0,563590,python,[JIT],0x0000780cec54723c
990417.0,563613,python,[JIT],0x0000776405f5b604
990417.0,563613,python,[JIT],0x0000776405fae736
990417.0,563554,python,[JIT],0x000078c4e82da636
990417.0,563590,python,[JIT],0x0000780ceb888ed6
990416.0,563602,python,[JIT],0x00007fe8c1a9194c
990416.0,563547,python,[JIT],0x000076033c3dfdd5
990416.0,563547,python,[JIT],0x000076033c41dc1b
990416.0,563613,python,[JIT],0x0000776405f4d3a0
990416.0,563613,python,[JIT],0x0000776405fae7cf
990416.0,563613,python,[JIT],0x0000776405fb012f
990416.0,563554,python,[JIT],0x000078c4e7bdcfe4
990416.0,563590,python,[JIT],0x0000780ceb86a557
990416.0,563590,python,[JIT],0x0000780ceb89cdd1
990415.0,563602,python,[JIT],0x00007fe8c1a90dac
990415.0,563547,python,[JIT],0x000076033c407d95
990415.0,563613,python,[JIT],0x0000776405f937df
990415.0,563613,python,[JIT],0x0000776407013b7f
990415.0,563554,python,python,PyUnicode_FromString
990415.0,563554,python,[JIT],0x000078c4e7c3f11e
990415.0,563554,python,[JIT],0x000078c4e7c4c432
990415.0,563590,python,[JIT],0x0000780ceb8a8172
990414.0,563602,python,[JIT],0x00007fe8c1a84ba2
990414.0,563602,python,[JIT],0x00007fe8c1a9e7e6
990414.0,563547,python,[JIT],0x000076033c3daf3c
990414.0,563547,python,[JIT],0x000076033c3df566
990414.0,563547,python,[JIT],0x000076033c3e2047
990414.0,563547,python,[JIT],0x000076033c4137af
990414.0,563547,python,[JIT],0x000076033d0ec3e1
990414.0,563554,python,[JIT],0x000078c4e7c3da42
990414.0,563590,python,[JIT],0x0000780ceb8890b3
990414.0,563590,python,[JIT],0x0000780ceb88d3f9
990414.0,563590,python,[JIT],0x0000780ceb89e923
990414.0,563590,python,[JIT],0x0000780ceb8a68ee
990414.0,563590,python,[JIT],0x0000780ceb8ab68d
990414.0,563590,python,[JIT],0x0000780ceb8b3247
990413.0,563547,python,[JIT],0x000076033d0ecbc2
990413.0,563613,python,[JIT],0x00007764068873e4
990413.0,563554,python,[JIT],0x000078c4e7c2ffbe
990413.0,563590,python,[JIT],0x0000780ceb8701fa
990413.0,563590,python,[JIT],0x0000780ceb870ee2
990413.0,563590,python,[JIT],0x0000780cebb1b427
990412.0,563613,python,python,_Py_IsMainThread
990412.0,563602,python,[JIT],0x00007fe8c1a9e938
990412.0,563602,python,[JIT],0x00007fe8c1aab809
990412.0,563602,python,[JIT],0x00007fe8c2a13314
990412.0,563547,python,[JIT],0x000076033c3bf18a
990412.0,563547,python,[JIT],0x000076033c3f7dbc
990412.0,563547,python,[JIT],0x000076033c411db5
990412.0,563613,python,[JIT],0x0000776405f75598
990412.0,563613,python,[JIT],0x0000776405f847a5
990412.0,563613,python,[JIT],0x0000776405fac402
990412.0,563613,python,[JIT],0x0000776407153147
990412.0,563554,python,python,PyMem_Realloc
990412.0,563554,python,python,PyTuple_FromArray
990412.0,563554,python,[JIT],0x000078c4e7c31b27
990412.0,563590,python,[JIT],0x0000780ceb860f59
990412.0,563590,python,[JIT],0x0000780ceb8615a8
990412.0,563590,python,[JIT],0x0000780ceb863d08
990411.0,563579,python,[JIT],0x000070d05237dbdc
990411.0,563579,python,[JIT],0x000070d0523bc079
990411.0,563547,python,[JIT],0x000076033c3df000
990411.0,563547,python,[JIT],0x000076033c3e04cc
990411.0,563547,python,[JIT],0x000076033c41d338
990411.0,563547,python,[JIT],0x000076033ccc800a
990411.0,563613,python,[JIT],0x0000776405f51f66
990411.0,563554,python,[JIT],0x000078c4e7c3d1b4
990411.0,563590,python,[JIT],0x0000780ceb850a69
990411.0,563590,python,[JIT],0x0000780ceb853877
990411.0,563590,python,[JIT],0x0000780ceb88a1e6
990410.0,563602,python,[JIT],0x00007fe8c274c558
990410.0,563547,python,[JIT],0x000076033c3d77ca
990410.0,563547,python,[JIT],0x000076033c405d1e
990410.0,563613,python,[JIT],0x0000776405f621d3
990410.0,563613,python,[JIT],0x0000776405f9524f
990410.0,563590,python,[JIT],0x0000780ceb88e9aa
990409.0,563579,python,[JIT],0x000070d0523675fe
990409.0,563547,python,[JIT],0x000076033c3e8109
990409.0,563547,python,[JIT],0x000076033c3ff093
990409.0,563547,python,[JIT],0x000076033c414e49
990409.0,563613,python,[JIT],0x0000776405f80000
990409.0,563613,python,[JIT],0x0000776405f9764d
990409.0,563554,python,[JIT],0x000078c4e7c15a78
990409.0,563554,python,[JIT],0x000078c4e7c37694
990409.0,563590,python,[JIT],0x0000780ceb82f8ae
990409.0,563590,python,[JIT],0x0000780ceb89bcef
990408.0,563547,python,[JIT],0x000076033c3aa3c6
990408.0,563547,python,[JIT],0x000076033c3f8d2f
990408.0,563547,python,[JIT],0x000076033c7a20cf
990408.0,563547,python,[JIT],0x000076033ccc848e
990408.0,563547,python,[JIT],0x000076033d0ec400
990408.0,563613,python,python,PyUnicode_RichCompare
990408.0,563554,python,[JIT],0x000078c4e7c36108
990408.0,563602,python,[JIT],0x00007fe8c1a88000
990407.0,563579,python,[kernel.kallsyms],native_irq_return_iret
990407.0,563602,python,[JIT],0x00007fe8c2c460de
990406.0,563579,python,[JIT],0x000070d052378f99
990406.0,563602,python,[JIT],0x00007fe8c1a99281
990406.0,563547,python,[JIT],0x000076033c404173
990406.0,563613,python,[JIT],0x0000776406669aa0
990406.0,563613,python,[JIT],0x0000776407013010
990406.0,563613,python,[JIT],0x0000776407013941
990406.0,563613,python,libgcc_s.so.1,0x0000000000023fe7
990406.0,563590,python,[JIT],0x0000780ceb88d34b
990406.0,563590,python,[JIT],0x0000780ceb89e4c0
990405.0,563602,python,[JIT],0x00007fe8c1a84fa7
990405.0,563547,python,[JIT],0x000076033c414f40
990405.0,563613,python,[JIT],0x0000776405f638ee
990405.0,563613,python,[JIT],0x0000776405f694cf
990405.0,563613,python,[JIT],0x000077640688715f
990405.0,563554,python,[JIT],0x000078c4e7c00438
990405.0,563554,python,[JIT],0x000078c4e7c49bb6
990404.0,563613,python,[JIT],0x0000776405f8007e
990403.0,563602,python,[JIT],0x00007fe8c1a84dba
990403.0,563602,python,[JIT],0x00007fe8c1d1dafe
990403.0,563613,python,[JIT],0x0000776405f71802
990403.0,563613,python,[JIT],0x0000776407013893
990403.0,563590,python,[JIT],0x0000780ceb83d080
990403.0,563590,python,[JIT],0x0000780ceb8608ea
990403.0,563590,python,[JIT],0x0000780ceb89b872
990402.0,563602,python,[JIT],0x00007fe8c1a9fa84
990402.0,563547,python,[JIT],0x000076033c40d986
990402.0,563547,python,[JIT],0x000076033c4110ad
990402.0,563613,python,[JIT],0x0000776405f64e3d
990402.0,563613,python,[JIT],0x0000776405f80f1d
990402.0,563613,python,[JIT],0x000077640666a6eb
990401.0,563579,python,[JIT],0x000070d0523c8e21
990401.0,563613,python,[JIT],0x0000776405fad3a2
990401.0,563613,python,python,PyCMethod_New
990401.0,563613,python,[JIT],0x0000776405f88db7
990401.0,563613,python,[JIT],0x0000776405f9f9ff
990401.0,563590,python,python,free@plt
990400.0,563579,python,[JIT],0x000070d052353e34
990400.0,563613,python,[JIT],0x0000776405f925fa
990400.0,563554,python,python,_PyEval_SliceIndexNotNone
990400.0,563554,python,[JIT],0x000078c4e7beaa51
990400.0,563554,python,[JIT],0x000078c4e7c0d412
990400.0,563554,python,[JIT],0x000078c4e7c4de56
990400.0,563554,python,[JIT],0x000078c4e7c6a433
990399.0,563579,python,[JIT],0x000070d05236668c
990399.0,563602,python,[JIT],0x00007fe8c1a84c0f
990399.0,563554,python,python,_Py_uop_analyze_and_optimize
990399.0,563554,python,[JIT],0x000078c4e7bf454f
990399.0,563590,python,[JIT],0x0000780ceb89a398
990399.0,563590,python,[JIT],0x0000780ceb89a6a2
990399.0,563590,python,[JIT],0x0000780ceb89b0e0
990398.0,563579,python,[JIT],0x000070d05236d9b6
990398.0,563602,python,[JIT],0x00007fe8c1a836dc
990398.0,563547,python,[JIT],0x000076033c3f7a36
990398.0,563613,python,[JIT],0x0000776405f7359d
990398.0,563554,python,[JIT],0x000078c4e7c2fea1
990398.0,563554,python,[JIT],0x000078c4e7c491cf
990398.0,563554,python,[JIT],0x000078c4e7c637f3
990398.0,563554,python,[JIT],0x000078c4e82da55f
990398.0,563590,python,[JIT],0x0000780ceb833583
990398.0,563590,python,[JIT],0x0000780ceb89626e
990398.0,563590,python,[JIT],0x0000780ceb89b43c
990397.0,563602,python,[JIT],0x00007fe8c1a9f437
990397.0,563602,python,[JIT],0x00007fe8c1aa05c6
990397.0,563547,python,[JIT],0x000076033c4146a7
990397.0,563554,python,[JIT],0x000078c4e7c1ba9e
990397.0,563554,python,[JIT],0x000078c4e7c3cf51
990396.0,563579,python,[JIT],0x000070d052374de6
990396.0,563547,python,[JIT],0x000076033c414a7a
990396.0,563554,python,[JIT],0x000078c4e7c1cd62
990396.0,563554,python,[JIT],0x000078c4e7c1d15e
990396.0,563554,python,[JIT],0x000078c4e7c2fc4e
990396.0,563554,python,[JIT],0x000078c4e7c5596e
990396.0,563554,python,[JIT],0x000078c4e82da4cb
990396.0,563590,python,[JIT],0x0000780ceb85385b
990395.0,563547,python,[JIT],0x000076033c412786
990395.0,563613,python,[JIT],0x000077640664336f
990394.0,563602,python,[JIT],0x00007fe8c1a54564
990394.0,563547,python,[JIT],0x000076033c3acf8b
990394.0,563547,python,[JIT],0x000076033c3e837a
990394.0,563613,python,[JIT],0x0000776405f75780
990394.0,563613,python,[JIT],0x0000776407013566
990394.0,563554,python,[JIT],0x000078c4e7c2f052
990393.0,563579,python,[JIT],0x000070d0523688ee
990393.0,563602,python,[JIT],0x00007fe8c1a91d9f
990393.0,563602,python,[JIT],0x00007fe8c1aa1955
990393.0,563547,python,[JIT],0x000076033c405b80
990393.0,563547,python,[JIT],0x000076033c4138a1
990393.0,563554,python,[JIT],0x000078c4e7c3ca07
990393.0,563590,python,[JIT],0x0000780ceb8820a5
990393.0,563590,python,[JIT],0x0000780ceb887436
990392.0,563547,python,[JIT],0x000076033c3e9d3f
990392.0,563613,python,[JIT],0x0000776405f428a8
990392.0,563613,python,[JIT],0x0000776405f82d6b
990392.0,563613,python,[JIT],0x0000776405fadc55
990392.0,563554,python,[JIT],0x000078c4e7bf1000
990392.0,563554,python,[JIT],0x000078c4e7c496b9
990392.0,563554,python,[JIT],0x000078c4e7c638ce
990391.0,563579,python,[JIT],0x000070d052382cd8
990391.0,563554,python,[JIT],0x000078c4e7c14212
990391.0,563590,python,[JIT],0x0000780ceb886568
990390.0,563547,python,[JIT],0x000076033c3aa328
990390.0,563547,python,[JIT],0x000076033c3f71b9
990390.0,563547,python,[JIT],0x000076033c415d5a
990390.0,563613,python,[JIT],0x0000776405fa0e6c
990390.0,563554,python,[JIT],0x000078c4e7c4a088
990390.0,563554,python,[JIT],0x000078c4e82da970
990390.0,563590,python,[JIT],0x0000780ceb89c7b1
990390.0,563590,python,[JIT],0x0000780ceb89e2d2
990389.0,563579,python,[JIT],0x000070d05235bbca
990389.0,563602,python,[JIT],0x00007fe8c1a56d86
990389.0,563602,python,[JIT],0x00007fe8c1a6691f
990389.0,563613,python,[JIT],0x0000776405f5c286
990389.0,563613,python,[JIT],0x0000776405f7a82e
990389.0,563613,python,[JIT],0x0000776405f81243
990389.0,563613,python,[JIT],0x0000776405f8412a
990389.0,563554,python,[JIT],0x000078c4e7c30f19
990389.0,563590,python,[JIT],0x0000780ceb86e00a
990389.0,563590,python,[JIT],0x0000780cec547382
990388.0,563579,python,[JIT],0x000070d052375516
990388.0,563547,python,[JIT],0x000076033c3f9115
990388.0,563613,python,[JIT],0x0000776405f923b5
990388.0,563613,python,[JIT],0x0000776405f952b5
990388.0,563613,python,[JIT],0x0000776405f9809c
990388.0,563613,python,[JIT],0x0000776405fb8108
990388.0,563554,python,[JIT],0x000078c4e7bfee7b
990388.0,563554,python,[JIT],0x000078c4e82da462
990388.0,563590,python,[JIT],0x0000780ceb83291e
990387.0,563602,python,[JIT],0x00007fe8c1a89917
990387.0,563613,python,[JIT],0x0000776405f69cf3
990387.0,563613,python,[JIT],0x0000776405fbacac
990387.0,563554,python,[JIT],0x000078c4e7bda329
990387.0,563554,python,[JIT],0x000078c4e7c38e39
990387.0,563590,python,[JIT],0x0000780ceb87a729
990387.0,563590,python,[JIT],0x0000780cec5486ef
990386.0,563602,python,[JIT],0x00007fe8c1a67dbf
990386.0,563602,python,[JIT],0x00007fe8c1aa9ebf
990386.0,563547,python,[JIT],0x000076033c41f4d2
990386.0,563613,python,[JIT],0x0000776405fa3fcf
990386.0,563590,python,[JIT],0x0000780ceb861606
990385.0,563579,python,[JIT],0x000070d0523c95ca
990385.0,563602,python,[JIT],0x00007fe8c1a57b4d
990385.0,563554,python,[JIT],0x000078c4e7be9ec1
990385.0,563554,python,[JIT],0x000078c4e7c2f822
990385.0,563554,python,[JIT],0x000078c4e82db13e
990385.0,563590,python,[JIT],0x0000780ceb867689
990384.0,563579,python,[JIT],0x000070d05239af3b
990384.0,563579,python,[JIT],0x000070d0523bf8f3
990384.0,563602,python,[JIT],0x00007fe8c1aaf500
990384.0,563613,python,[JIT],0x0000776405f5c9fe
990384.0,563613,python,[JIT],0x0000776405f98ffd
990384.0,563554,python,[JIT],0x000078c4e7c1e3c6
990384.0,563554,python,[JIT],0x000078c4e7ecb14f
990384.0,563590,python,[JIT],0x0000780ceb88e9dd
990383.0,563579,python,[JIT],0x000070d0523bf081
990383.0,563602,python,[JIT],0x00007fe8c1a4bf04
990383.0,563602,python,[JIT],0x00007fe8c1a89a5b
990383.0,563547,python,[JIT],0x000076033c3a88a9
990383.0,563547,python,[JIT],0x000076033c41600b
990383.0,563613,python,[JIT],0x0000776405f65716
990383.0,563554,python,[JIT],0x000078c4e7c0e909
990383.0,563554,python,[JIT],0x000078c4e7c56fff
990383.0,563590,python,[JIT],0x0000780ceb8a709f
990382.0,563602,python,[JIT],0x00007fe8c1aa92af
990382.0,563547,python,[JIT],0x000076033c3d8589
990382.0,563613,python,[JIT],0x0000776405fadfa0
990382.0,563554,python,[JIT],0x000078c4e7c34572
990381.0,563602,python,[JIT],0x00007fe8c1a64b1b
990381.0,563613,python,[JIT],0x0000776405f97c55
990381.0,563590,python,[JIT],0x0000780ceb85077b
990381.0,563590,python,[JIT],0x0000780ceb89ba0a
990380.0,563547,python,[JIT],0x000076033c3dfd9e
990380.0,563554,python,[JIT],0x000078c4e7c499ed
990380.0,563554,python,[JIT],0x000078c4e7c4ed06
990379.0,563547,python,[JIT],0x000076033c3d9075
990379.0,563547,python,[JIT],0x000076033c3e8da9
990379.0,563613,python,[JIT],0x0000776405f95261
990379.0,563554,python,[JIT],0x000078c4e7c4c036
990379.0,563590,python,[JIT],0x0000780ceb8341a7
990378.0,563602,python,[JIT],0x00007fe8c274c7dd
990378.0,563613,python,[JIT],0x0000776405f9a22f
990378.0,563554,python,[JIT],0x000078c4e7bde23f
990378.0,563554,python,[JIT],0x000078c4e7c134e1
990378.0,563590,python,[JIT],0x0000780ceb83c38d
990378.0,563590,python,[JIT],0x0000780ceb88e41b
990378.0,563554,python,[JIT],0x000078c4e82db12d
990377.0,563602,python,[JIT],0x00007fe8c1a8b000
990377.0,563547,python,[JIT],0x000076033c41357d
990377.0,563613,python,[JIT],0x0000776405f941f0
990377.0,563554,python,[JIT],0x000078c4e7ecb092
990377.0,563590,python,[JIT],0x0000780ceb8507e4
990377.0,563590,python,[JIT],0x0000780ceb86e366
990377.0,563590,python,[JIT],0x0000780ceb88519d
990376.0,563579,python,[JIT],0x000070d0523ce4ed
990376.0,563602,python,[JIT],0x00007fe8c274cbd5
990376.0,563547,python,[JIT],0x000076033c6905f8
990376.0,563613,python,[JIT],0x0000776405faf87f
990375.0,563579,python,[JIT],0x000070d0523af441
990375.0,563547,python,[JIT],0x000076033c3e8bcc
990375.0,563613,python,[JIT],0x0000776405fa0c5f
990375.0,563590,python,[JIT],0x0000780ceb857b2c
990375.0,563602,python,python,PyObject_GC_Del
990374.0,563613,python,[JIT],0x0000776405f9925b
990374.0,563554,python,[JIT],0x000078c4e7bf3c13
990374.0,563554,python,[JIT],0x000078c4e7c4be01
990374.0,563590,python,[JIT],0x0000780ceb830fe4
990373.0,563602,python,[JIT],0x00007fe8c1aa95f1
990373.0,563547,python,[JIT],0x000076033c3f7a86
990373.0,563547,python,[JIT],0x000076033c404924
990373.0,563547,python,[JIT],0x000076033c407fc8
990373.0,563590,python,[JIT],0x0000780ceb89e8e5
990373.0,563602,python,[JIT],0x00007fe8c1d1d6d7
990372.0,563547,python,[JIT],0x000076033c3f822c
990372.0,563547,python,[JIT],0x000076033c411827
990372.0,563613,python,[JIT],0x0000776405f948e8
990372.0,563613,python,[JIT],0x0000776405f97e7a
990372.0,563554,python,[JIT],0x000078c4e7c4cefa
990372.0,563554,python,[JIT],0x000078c4e7c550fc
990372.0,563590,python,[JIT],0x0000780ceb880960
990371.0,563602,python,[JIT],0x00007fe8c1a6593d
990371.0,563547,python,[JIT],0x000076033c3e80f9
990371.0,563547,python,[JIT],0x000076033c41d094
990371.0,563554,python,[JIT],0x000078c4e7c1a95e
990371.0,563554,python,[JIT],0x000078c4e7c3250a
990371.0,563590,python,[JIT],0x0000780ceb8602f3
990371.0,563590,python,[JIT],0x0000780ceb88561e
990371.0,563590,python,[JIT],0x0000780ceb89140d
990371.0,563590,python,[JIT],0x0000780ceb89ae39
990370.0,563547,python,[JIT],0x000076033c3e8417
990370.0,563547,python,[JIT],0x000076033c414add
990370.0,563613,python,[JIT],0x0000776405f589f1
990370.0,563613,python,[JIT],0x0000776405f7b119
990370.0,563613,python,[JIT],0x0000776405f8045d
990369.0,563579,python,[JIT],0x000070d052369146
990369.0,563547,python,[JIT],0x000076033c405124
990369.0,563547,python,[JIT],0x000076033c414e88
990369.0,563554,python,[JIT],0x000078c4e8ded15c
990369.0,563590,python,[JIT],0x0000780ceb882916
990369.0,563590,python,[JIT],0x0000780ceb886488
990369.0,563590,python,[JIT],0x0000780ceb89f134
990369.0,563590,python,[JIT],0x0000780cec5484bb
990368.0,563602,python,[JIT],0x00007fe8c1a6ca3b
990368.0,563602,python,[JIT],0x00007fe8c1a83a5c
990368.0,563602,python,[JIT],0x00007fe8c1a95cd7
990368.0,563602,python,[JIT],0x00007fe8c1a9d139
990368.0,563554,python,python,builtin_max
990368.0,563554,python,[JIT],0x000078c4e7bfcba7
990368.0,563554,python,[JIT],0x000078c4e7c2fd92
990367.0,563602,python,[JIT],0x00007fe8c1a9e286
990367.0,563602,python,[JIT],0x00007fe8c26ec217
990367.0,563547,python,[JIT],0x000076033c3a6e46
990367.0,563547,python,[JIT],0x000076033c3d395e
990367.0,563547,python,[JIT],0x000076033c3e5931
990367.0,563554,python,[JIT],0x000078c4e7c4cc52
990367.0,563590,python,[JIT],0x0000780ceb88d732
990367.0,563590,python,[JIT],0x0000780ceb8a78e0
990366.0,563579,python,[JIT],0x000070d052366ea3
990366.0,563547,python,[JIT],0x000076033c3e5446
990366.0,563547,python,[JIT],0x000076033c4054a6
990366.0,563547,python,[JIT],0x000076033c411d83
990366.0,563613,python,[JIT],0x0000776405f827ed
990366.0,563554,python,[JIT],0x000078c4e7c0d62c
990365.0,563602,python,[JIT],0x00007fe8c1a850f5
990365.0,563602,python,[JIT],0x00007fe8c1aa1e88
990365.0,563547,python,[JIT],0x000076033c3e0449
990365.0,563547,python,[JIT],0x000076033c41149d
990365.0,563554,python,[JIT],0x000078c4e82da273
990365.0,563590,python,[JIT],0x0000780ceb8577ec
990365.0,563590,python,[JIT],0x0000780ceb882fdf
990364.0,563602,python,[JIT],0x00007fe8c1a352cb
990364.0,563590,python,[JIT],0x0000780ceb85258b
990364.0,563590,python,[JIT],0x0000780ceb8719d8
990364.0,563590,python,[JIT],0x0000780ceb89177c
990363.0,563579,python,[JIT],0x000070d0523bc0ee
990363.0,563602,python,[JIT],0x00007fe8c1a55688
990363.0,563547,python,[JIT],0x000076033c6919a2
990363.0,563547,python,[JIT],0x000076033d5b907e
990363.0,563590,python,[JIT],0x0000780ceb84b192
990363.0,563590,python,[JIT],0x0000780ceb8505de
990362.0,563579,python,[JIT],0x000070d0523ca160
990362.0,563602,python,[JIT],0x00007fe8c1a7a071
990362.0,563602,python,[JIT],0x00007fe8c1a9d4ce
990362.0,563613,python,[JIT],0x0000776405f728fd
990362.0,563613,python,[JIT],0x0000776405f950ed
990362.0,563613,python,[JIT],0x00007764070132c3
990362.0,563590,python,[JIT],0x0000780ceb8697a8
990362.0,563590,python,[JIT],0x0000780ceb89d230
990362.0,563590,python,[JIT],0x0000780ceb89d748
990361.0,563579,python,[JIT],0x000070d0523beae5
990361.0,563547,python,[JIT],0x000076033c41e5a2
990361.0,563554,python,[JIT],0x000078c4e7bff562
990361.0,563554,python,[JIT],0x000078c4e7c4ab1b
990361.0,563554,python,[JIT],0x000078c4e7ecb382
990360.0,563602,python,[JIT],0x00007fe8c274c5e2
990360.0,563613,python,[JIT],0x000077640715310f
990360.0,563554,python,[JIT],0x000078c4e7c3072f
990360.0,563590,python,[JIT],0x0000780ceb89a9b9
990359.0,563602,python,[JIT],0x00007fe8c1a580b6
990359.0,563554,python,[JIT],0x000078c4e7c4a14d
990359.0,563554,python,[JIT],0x000078c4e7c4c76b
990359.0,563554,python,[JIT],0x000078c4e7c55094
990359.0,563590,python,[JIT],0x0000780ceb89b38b
990359.0,563590,python,[JIT],0x0000780cec54818b
990358.0,563579,python,[JIT],0x000070d0523bf70f
990358.0,563602,python,[JIT],0x00007fe8c1a9d257
990358.0,563613,python,[JIT],0x0000776405f5937f
990358.0,563554,python,[JIT],0x000078c4e7c00215
990358.0,563554,python,[JIT],0x000078c4e7c31e8c
990358.0,563590,python,[JIT],0x0000780ceb82d0d2
990358.0,563590,python,[JIT],0x0000780ceb89a711
990357.0,563602,python,[JIT],0x00007fe8c1a38532
990357.0,563602,python,[JIT],0x00007fe8c1a93b16
990357.0,563547,python,[JIT],0x000076033c412284
990357.0,563613,python,[JIT],0x0000776405faff0a
990357.0,563554,python,[JIT],0x000078c4e7c3086e
990357.0,563590,python,[JIT],0x0000780ceb82e329
990357.0,563590,python,[JIT],0x0000780ceb88e318
990356.0,563579,python,[JIT],0x000070d052367405
990356.0,563602,python,[JIT],0x00007fe8c1d1d03e
990356.0,563547,python,[JIT],0x000076033c3fc8ca
990356.0,563547,python,[JIT],0x000076033c414f84
990356.0,563613,python,[JIT],0x0000776405fac977
990356.0,563554,python,[JIT],0x000078c4e7c312e0
990356.0,563554,python,[JIT],0x000078c4e7c4a406
990356.0,563590,python,[JIT],0x0000780ceb8501a4
990356.0,563590,python,[JIT],0x0000780ceb861701
990356.0,563590,python,[JIT],0x0000780ceb867eb7
990356.0,563590,python,[JIT],0x0000780ceb8862fd
990356.0,563590,python,[JIT],0x0000780cec54806b
990355.0,563547,python,[JIT],0x000076033c3f85ca
990355.0,563547,python,[JIT],0x000076033c413520
990355.0,563613,python,[JIT],0x0000776405f658fc
990355.0,563613,python,[JIT],0x0000776405f943f6
990355.0,563590,python,[JIT],0x0000780ceb846c34
990355.0,563590,python,[JIT],0x0000780ceb882ee5
990355.0,563590,python,[JIT],0x0000780ceb89adc3
990354.0,563547,python,[JIT],0x000076033c3df648
990354.0,563547,python,[JIT],0x000076033c3e6232
990354.0,563547,python,[JIT],0x000076033c40415b
990354.0,563547,python,[JIT],0x000076033c407b16
990354.0,563613,python,[JIT],0x0000776405f95241
990354.0,563613,python,[JIT],0x0000776405fadd7b
990354.0,563554,python,[JIT],0x000078c4e7c49b1d
990354.0,563554,python,[JIT],0x000078c4e8ded06b
990354.0,563590,python,[JIT],0x0000780ceb853a5e
990354.0,563590,python,[JIT],0x0000780ceb86fb01
990354.0,563590,python,[JIT],0x0000780ceb8805f6
990354.0,563590,python,[JIT],0x0000780ceb88e8bb
990353.0,563579,python,[JIT],0x000070d0523bdede
990353.0,563602,python,[JIT],0x00007fe8c1a9dfd0
990353.0,563602,python,[JIT],0x00007fe8c1e2e2b5
990353.0,563613,python,[JIT],0x00007764070132b5
990353.0,563554,python,[JIT],0x000078c4e7c4b442
990352.0,563579,python,[JIT],0x000070d052344e58
990352.0,563579,python,[JIT],0x000070d053565094
990352.0,563602,python,[JIT],0x00007fe8c1a9ea1c
990352.0,563547,python,[JIT],0x000076033c3e8db5
990352.0,563547,python,[JIT],0x000076033c3f9c8e
990352.0,563547,python,[JIT],0x000076033c404858
990352.0,563547,python,[JIT],0x000076033c41596f
990352.0,563554,python,[JIT],0x000078c4e7c0b844
990352.0,563590,python,[JIT],0x0000780ceb850120
990351.0,563547,python,[JIT],0x000076033c404c8f
990351.0,563554,python,[JIT],0x000078c4e7bffbfe
990351.0,563554,python,[JIT],0x000078c4e7c3d796
990351.0,563590,python,[JIT],0x0000780ceb8a610c
990350.0,563547,python,[JIT],0x000076033c3f7478
990350.0,563547,python,[JIT],0x000076033d0ecdb2
990350.0,563613,python,[JIT],0x0000776405fac435
990350.0,563554,python,[JIT],0x000078c4e7bebe6c
990350.0,563554,python,[JIT],0x000078c4e7bf2003
990349.0,563602,python,[JIT],0x00007fe8c1a9d0c0
990349.0,563547,python,[JIT],0x000076033c404901
990349.0,563547,python,[JIT],0x000076033c415cdd
990349.0,563613,python,[JIT],0x0000776405f628b9
990349.0,563554,python,[JIT],0x000078c4e7c49402
990349.0,563554,python,[JIT],0x000078c4e7c4dc7b
990349.0,563554,python,[JIT],0x000078c4e7ecb321
990349.0,563590,python,[JIT],0x0000780ceb846e9b
990348.0,563602,python,[JIT],0x00007fe8c1a330fd
990348.0,563547,python,[JIT],0x000076033c3a6514
990348.0,563547,python,[JIT],0x000076033c3f9a64
990348.0,563547,python,[JIT],0x000076033c411283
990348.0,563613,python,[JIT],0x0000776405f93fd5
990348.0,563613,python,[JIT],0x0000776405f9f0ef
990348.0,563613,python,[JIT],0x0000776405fbaea0
990348.0,563590,python,[JIT],0x0000780ceb850658
990347.0,563579,python,[JIT],0x000070d052360394
990347.0,563602,python,[JIT],0x00007fe8c1a332df
990347.0,563602,python,[JIT],0x00007fe8c1a4b241
990347.0,563602,python,[JIT],0x00007fe8c1a84297
990347.0,563547,python,[JIT],0x000076033c3bf30d
990347.0,563547,python,[JIT],0x000076033c3d7932
990347.0,563547,python,[JIT],0x000076033c3f823f
990347.0,563554,python,[JIT],0x000078c4e7c30d00
990346.0,563547,python,[JIT],0x000076033c3f9cc8
990346.0,563547,python,[JIT],0x000076033c41f1db
990346.0,563613,python,[JIT],0x0000776405f7166b
990346.0,563554,python,python,long_abs_method
990346.0,563554,python,[JIT],0x000078c4e7c44b53
990346.0,563602,python,python,PyTuple_FromArray
990345.0,563613,python,[JIT],0x000077640715501c
990345.0,563602,python,[JIT],0x00007fe8c1a33542
990345.0,563602,python,[JIT],0x00007fe8c1a57fc5
990345.0,563590,python,[JIT],0x0000780cebb1b1cc
990344.0,563602,python,python,PyUnicode_AsUCS4
990344.0,563547,python,[JIT],0x000076033c41e351
990344.0,563554,python,[JIT],0x000078c4e7c3cb39
990344.0,563554,python,[JIT],0x000078c4e7c4a5ba
990344.0,563590,python,[JIT],0x0000780ceb860071
990343.0,563579,python,[JIT],0x000070d0523bfdd7
990343.0,563590,python,[JIT],0x0000780ceb86ee26
990342.0,563547,python,[JIT],0x000076033c404348
990342.0,563554,python,[JIT],0x000078c4e7c36673
990342.0,563590,python,[JIT],0x0000780ceb8b3fed
990341.0,563602,python,[JIT],0x00007fe8c1a65554
990341.0,563602,python,[JIT],0x00007fe8c1a84911
990341.0,563602,python,[JIT],0x00007fe8c1a85d3f
990341.0,563613,python,[JIT],0x0000776405f92e29
990341.0,563554,python,[JIT],0x000078c4e7bffffe
990341.0,563554,python,[JIT],0x000078c4e7c1c7df
990341.0,563554,python,[JIT],0x000078c4e7c345fd
990341.0,563554,python,[JIT],0x000078c4e7ecb351
990340.0,563579,python,[JIT],0x000070d0523bc41d
990340.0,563602,python,[JIT],0x00007fe8c1a86070
990340.0,563602,python,[JIT],0x00007fe8c1a8cc7f
990340.0,563602,python,[JIT],0x00007fe8c1d1c827
990340.0,563547,python,[JIT],0x000076033c3c2232
990340.0,563547,python,[JIT],0x000076033c412c34
990340.0,563547,python,[JIT],0x000076033c41d190
990340.0,563613,python,[JIT],0x0000776405f5a670
990340.0,563613,python,[JIT],0x0000776407013962
990339.0,563602,python,[JIT],0x00007fe8c1a6c8d0
990339.0,563602,python,[JIT],0x00007fe8c1a73a39
990339.0,563547,python,[JIT],0x000076033c3a60ff
990339.0,563554,python,[JIT],0x000078c4e7c1d9be
990339.0,563554,python,[JIT],0x000078c4e7c4c234
990339.0,563590,python,[JIT],0x0000780ceb861aab
990339.0,563590,python,[JIT],0x0000780ceb887574
990339.0,563590,python,[JIT],0x0000780ceb89b268
990338.0,563579,python,[JIT],0x000070d0523be8d5
990338.0,563602,python,python,PyObject_GenericHash
990338.0,563547,python,[JIT],0x000076033c3c3b89
990338.0,563613,python,[JIT],0x0000776405f8105b
990338.0,563613,python,[JIT],0x0000776405fb0e18
990337.0,563579,python,[JIT],0x000070d0523c8e4f
990337.0,563602,python,[JIT],0x00007fe8c1a9f3d5
990337.0,563602,python,[JIT],0x00007fe8c1aa10ee
990337.0,563547,python,[JIT],0x000076033c3cb3a3
990337.0,563547,python,[JIT],0x000076033c3da1ba
990337.0,563554,python,[JIT],0x000078c4e7c1154d
990337.0,563554,python,[JIT],0x000078c4e7c23c22
990337.0,563590,python,[JIT],0x0000780ceb88113e
990337.0,563590,python,[JIT],0x0000780ceb8b38f3
990336.0,563579,python,[JIT],0x000070d05238accb
990336.0,563602,python,[JIT],0x00007fe8c1a6c504
990336.0,563602,python,[JIT],0x00007fe8c1a8c311
990336.0,563547,python,[JIT],0x000076033c3a6813
990336.0,563554,python,[JIT],0x000078c4e7bd98e9
990336.0,563554,python,[JIT],0x000078c4e7bffb62
990336.0,563590,python,[JIT],0x0000780ceb847191
990335.0,563602,python,[JIT],0x00007fe8c1a4f297
990335.0,563613,python,[JIT],0x0000776405f69447
990335.0,563554,python,[JIT],0x000078c4e7c34440
990335.0,563590,python,[JIT],0x0000780ceb888d37
990334.0,563579,python,[JIT],0x000070d052355a6c
990334.0,563579,python,[JIT],0x000070d0523bc6d4
990334.0,563602,python,[JIT],0x00007fe8c1a63ea8
990334.0,563547,python,[JIT],0x000076033c3f82e0
990334.0,563547,python,[JIT],0x000076033c405186
990334.0,563547,python,[JIT],0x000076033c405515
990334.0,563613,python,[JIT],0x0000776405face52
990334.0,563613,python,[JIT],0x000077640701330a
990334.0,563554,python,[JIT],0x000078c4e7c2d33d
990334.0,563554,python,[JIT],0x000078c4e7c49ac9
990333.0,563579,python,[JIT],0x000070d0523bc79c
990333.0,563602,python,[JIT],0x00007fe8c1a65b40
990333.0,563547,python,[JIT],0x000076033c3c1b62
990333.0,563568,python,python,_PyUnicode_BinarySlice
990333.0,563590,python,[JIT],0x0000780ceb882141
990332.0,563602,python,[JIT],0x00007fe8c1a5c65c
990332.0,563602,python,[JIT],0x00007fe8c1a9fa0e
990332.0,563602,python,[JIT],0x00007fe8c1d1d6bb
990332.0,563547,python,[kernel.kallsyms],timekeeping_update
990332.0,563547,python,[JIT],0x000076033c3c81e5
990332.0,563613,python,[JIT],0x0000776405f971c2
990332.0,563590,python,[JIT],0x0000780ceb89aa82
990331.0,563602,python,[JIT],0x00007fe8c1a6c8ac
990331.0,563602,python,[JIT],0x00007fe8c1aa91ec
990331.0,563547,python,[JIT],0x000076033c3c2930
990331.0,563547,python,[JIT],0x000076033c3e72e6
990331.0,563590,python,[JIT],0x0000780ceb86d00a
990330.0,563579,python,[JIT],0x000070d052367917
990330.0,563579,python,[JIT],0x000070d0523b0de6
990330.0,563613,python,[JIT],0x0000776405f8a702
990330.0,563613,python,[JIT],0x0000776405fafd50
990330.0,563554,python,[JIT],0x000078c4e7c1cee8
990330.0,563554,python,[JIT],0x000078c4e7c4e121
990330.0,563590,python,[JIT],0x0000780ceb8575f9
990330.0,563590,python,[JIT],0x0000780ceb863df3
990329.0,563579,python,[JIT],0x000070d0523b76f2
990329.0,563547,python,_struct.cpython-316-x86_64-linux-gnu.so,bu_ulonglong
990329.0,563547,python,[JIT],0x000076033d0ec33e
990329.0,563554,python,[JIT],0x000078c4e7c4aa93
990329.0,563590,python,[JIT],0x0000780ceb887287
990328.0,563579,python,[JIT],0x000070d052350d20
990328.0,563602,python,[JIT],0x00007fe8c1a4c330
990328.0,563547,python,[JIT],0x000076033c3fd480
990328.0,563613,python,[JIT],0x0000776405fad092
990328.0,563568,python,python,meth_dealloc
990328.0,563554,python,[JIT],0x000078c4e7bfc1a4
990328.0,563590,python,[JIT],0x0000780ceb8500ce
990328.0,563590,python,[JIT],0x0000780ceb862442
990328.0,563590,python,[JIT],0x0000780ceb8708f2
990328.0,563590,python,[JIT],0x0000780ceb8722ab
990328.0,563590,python,[JIT],0x0000780ceb89ac50
990328.0,563590,python,[JIT],0x0000780ceb89b861
990327.0,563579,python,[JIT],0x000070d0523824c2
990327.0,563602,python,[JIT],0x00007fe8c1a71b0e
990327.0,563602,python,[JIT],0x00007fe8c274c725
990327.0,563547,python,[JIT],0x000076033c3f865f
990327.0,563554,python,[JIT],0x000078c4e7bfff55
990327.0,563554,python,[JIT],0x000078c4e7c4b560
990327.0,563590,python,[JIT],0x0000780ceb85fa5f
990326.0,563602,python,[JIT],0x00007fe8c1a66a89
990326.0,563602,python,[JIT],0x00007fe8c1a7401a
990326.0,563602,python,[JIT],0x00007fe8c1a797c6
990326.0,563602,python,[JIT],0x00007fe8c274c976
990326.0,563547,python,[JIT],0x000076033c416146
990326.0,563554,python,[JIT],0x000078c4e7c3126b
990326.0,563590,python,[JIT],0x0000780ceb881099
990325.0,563579,python,python,_PyObject_Realloc
990325.0,563602,python,[JIT],0x00007fe8c1a38d3b
990325.0,563602,python,[JIT],0x00007fe8c1a4b187
990325.0,563590,python,[JIT],0x0000780ceb849c42
990325.0,563590,python,[JIT],0x0000780ceb852fa3
990325.0,563590,python,[JIT],0x0000780ceb880974
990324.0,563579,python,[JIT],0x000070d05236841b
990324.0,563602,python,[JIT],0x00007fe8c1a60c72
990324.0,563602,python,[JIT],0x00007fe8c274c478
990324.0,563613,python,[JIT],0x0000776405f9b94f
990324.0,563554,python,[JIT],0x000078c4e7c3170d
990324.0,563590,python,[JIT],0x0000780ceb86ebab
990323.0,563602,python,[JIT],0x00007fe8c1a5b53d
990323.0,563602,python,[JIT],0x00007fe8c1a860e8
990323.0,563613,python,[JIT],0x0000776405f8bd02
990323.0,563613,python,[JIT],0x0000776405f9b1ec
990323.0,563613,python,[JIT],0x0000776405fa2217
990323.0,563613,python,[JIT],0x0000776406339286
990323.0,563613,python,[JIT],0x00007764068870a1
990323.0,563554,python,[JIT],0x000078c4e7bd978b
990323.0,563590,python,[JIT],0x0000780cec54817f
990322.0,563602,python,[JIT],0x00007fe8c1a9d6c1
990321.0,563547,python,[JIT],0x000076033c405d97
990321.0,563547,python,[JIT],0x000076033c414a49
990321.0,563554,python,[JIT],0x000078c4e7bf7269
990321.0,563590,python,[JIT],0x0000780ceb833e97
990320.0,563579,python,[JIT],0x000070d0523a386e
990319.0,563579,python,[JIT],0x000070d0523673e6
990319.0,563579,python,[JIT],0x000070d052376042
990319.0,563579,python,[JIT],0x000070d0523a2f88
990319.0,563579,python,[JIT],0x000070d0523be800
990319.0,563547,python,[JIT],0x000076033c3f9293
990319.0,563613,python,[JIT],0x0000776405f3f6aa
990319.0,563613,python,[JIT],0x0000776405f74696
990319.0,563590,python,python,_PyLong_FromMedium
990319.0,563590,python,[JIT],0x0000780cec547254
990318.0,563602,python,[JIT],0x00007fe8c1a9f212
990318.0,563547,python,[JIT],0x000076033c412a00
990318.0,563613,python,[JIT],0x0000776405f728b0
990318.0,563554,python,[JIT],0x000078c4e7c553ae
990318.0,563554,python,[JIT],0x000078c4e7ecb254
990318.0,563590,python,[JIT],0x0000780ceb833b16
990317.0,563602,python,[JIT],0x00007fe8c1a71431
990317.0,563602,python,[JIT],0x00007fe8c1a73ec3
990317.0,563547,python,[JIT],0x000076033c413b09
990317.0,563547,python,[JIT],0x000076033d5b911d
990317.0,563613,python,[JIT],0x0000776405f661de
990317.0,563613,python,[JIT],0x0000776405fa0a24
990317.0,563613,python,[JIT],0x0000776405fa0c67
990317.0,563554,python,[JIT],0x000078c4e7c49827
990317.0,563554,python,[JIT],0x000078c4e82da760
990317.0,563590,python,[JIT],0x0000780ceb88343d
990316.0,563547,python,[JIT],0x000076033c3df48c
990316.0,563554,python,python,method_vectorcall
990316.0,563554,python,[JIT],0x000078c4e7c34a8a
990315.0,563579,python,[JIT],0x000070d0523bd43c
990315.0,563602,python,[JIT],0x00007fe8c1a91b92
990315.0,563547,python,[JIT],0x000076033c405899
990315.0,563613,python,[JIT],0x0000776405fb97fc
990314.0,563579,python,[JIT],0x000070d0523a3bac
990314.0,563579,python,[JIT],0x000070d0523d504c
990314.0,563602,python,[JIT],0x00007fe8c1a64370
990314.0,563602,python,[JIT],0x00007fe8c274c29d
990314.0,563613,python,[JIT],0x0000776405f6990c
990314.0,563554,python,[JIT],0x000078c4e7c4a213
990314.0,563590,python,[JIT],0x0000780cec4eb000
990313.0,563579,python,[JIT],0x000070d05239c4ec
990313.0,563602,python,[JIT],0x00007fe8c1a64887
990313.0,563602,python,[JIT],0x00007fe8c1a6612f
990313.0,563547,python,[JIT],0x000076033c3fea51
990313.0,563547,python,[JIT],0x000076033c413c45
990313.0,563547,python,[JIT],0x000076033c41f734
990313.0,563554,python,[JIT],0x000078c4e7bf200a
990313.0,563554,python,[JIT],0x000078c4e7c32370
990313.0,563590,python,[JIT],0x0000780ceb8616c5
990313.0,563602,python,[JIT],0x00007fe8c1a916ea
990312.0,563579,python,[JIT],0x000070d0523a54e6
990312.0,563602,python,[JIT],0x00007fe8c1a8c59f
990312.0,563547,python,[JIT],0x000076033c3b51aa
990312.0,563554,python,[JIT],0x000078c4e7c0b409
990312.0,563554,python,[JIT],0x000078c4e7c1a5cd
990312.0,563590,python,[JIT],0x0000780ceb88d9ba
990312.0,563590,python,[JIT],0x0000780ceb89b34e
990312.0,563590,python,[JIT],0x0000780cec548697
990311.0,563579,python,[JIT],0x000070d052365131
990311.0,563602,python,[JIT],0x00007fe8c1a75d31
990311.0,563554,python,[JIT],0x000078c4e7bfc564
990311.0,563554,python,[JIT],0x000078c4e7c575d9
990310.0,563602,python,[JIT],0x00007fe8c274c5ac
990310.0,563547,python,[JIT],0x000076033c3db788
990310.0,563547,python,[JIT],0x000076033c415a57
990310.0,563547,python,[JIT],0x000076033d413232
990310.0,563554,python,[JIT],0x000078c4e7c0ba5f
990310.0,563554,python,[JIT],0x000078c4e7c4c8eb
990310.0,563590,python,[JIT],0x0000780ceb860768
990310.0,563590,python,[JIT],0x0000780cebb1b509
990309.0,563579,python,[JIT],0x000070d052386a1d
990309.0,563590,python,[JIT],0x0000780ceb89d76f
990308.0,563602,python,[JIT],0x00007fe8c1aa05a4
990308.0,563602,python,[JIT],0x00007fe8c1aab99b
990308.0,563590,python,[kernel.kallsyms],folio_batch_move_lru
990308.0,563613,python,[JIT],0x000077640701396e
990308.0,563554,python,[JIT],0x000078c4e7bea57f
990307.0,563579,python,[JIT],0x000070d0523bfa4e
990307.0,563602,python,[JIT],0x00007fe8c1a9db2b
990307.0,563602,python,[JIT],0x00007fe8c1a9dc59
990306.0,563579,python,[JIT],0x000070d0523b083c
990306.0,563602,python,[JIT],0x00007fe8c1a91206
990306.0,563547,python,[JIT],0x000076033c41e18f
990306.0,563554,python,[JIT],0x000078c4e7bf4f2d
990306.0,563554,python,[JIT],0x000078c4e7c35eb7
990306.0,563590,python,[JIT],0x0000780ceb889c93
990305.0,563602,python,[JIT],0x00007fe8c1a8ce39
990305.0,563547,python,[JIT],0x000076033c41daaa
990305.0,563613,python,[JIT],0x0000776405f5cdcc
990305.0,563613,python,[JIT],0x0000776405fac0d2
990305.0,563613,python,[JIT],0x0000776405fb0d85
990305.0,563554,python,[JIT],0x000078c4e7c34083
990305.0,563590,python,[JIT],0x0000780ceb861957
990304.0,563579,python,[JIT],0x000070d0523a3038
990304.0,563602,python,[JIT],0x00007fe8c1a4c159
990304.0,563547,python,[JIT],0x000076033c415866
990304.0,563554,python,[JIT],0x000078c4e7bfdd56
990304.0,563554,python,[JIT],0x000078c4e82da28c
990303.0,563547,python,[JIT],0x000076033c3d7802
990303.0,563554,python,[JIT],0x000078c4e7bf5cf6
990302.0,563579,python,[JIT],0x000070d052c87187
990302.0,563547,python,[JIT],0x000076033c400e29
990302.0,563554,python,python,malloc@plt
990302.0,563554,python,[JIT],0x000078c4e7c3daee
990301.0,563602,python,[JIT],0x00007fe8c1a4f03a
990301.0,563547,python,[JIT],0x000076033c3a6455
990301.0,563547,python,[JIT],0x000076033c3a79aa
990301.0,563547,python,[JIT],0x000076033c3db38d
990301.0,563547,python,[JIT],0x000076033c41604c
990301.0,563554,python,[JIT],0x000078c4e7be9bbd
990301.0,563554,python,[JIT],0x000078c4e7c31059
990301.0,563590,python,[JIT],0x0000780ceb89a98e
990300.0,563579,python,[JIT],0x000070d0523b2e27
990300.0,563579,python,[JIT],0x000070d0526399fe
990300.0,563602,python,[JIT],0x00007fe8c1a9faca
990300.0,563547,python,[JIT],0x000076033c41f017
990300.0,563613,python,[JIT],0x0000776405f73a86
990300.0,563554,python,[JIT],0x000078c4e7c4a84e
990299.0,563602,python,[JIT],0x00007fe8c1a57175
990299.0,563602,python,[JIT],0x00007fe8c1a6536f
990299.0,563602,python,[JIT],0x00007fe8c1a9d9df
990299.0,563547,python,[JIT],0x000076033c3e7da2
990299.0,563547,python,[JIT],0x000076033d0ec35e
990299.0,563613,python,[JIT],0x0000776405f98c47
990299.0,563613,python,[JIT],0x0000776405f9f003
990299.0,563554,python,[JIT],0x000078c4e7bda101
990299.0,563554,python,[JIT],0x000078c4e7bde2d7
990299.0,563554,python,[JIT],0x000078c4e7c0eb72
990299.0,563590,python,[JIT],0x0000780ceb89a420
990298.0,563613,python,python,_PyNumber_PowerNoMod
990298.0,563602,python,[JIT],0x00007fe8c1a9096f
990298.0,563547,python,[JIT],0x000076033c3fdc7b
990298.0,563554,python,[JIT],0x000078c4e7c3c7b7
990298.0,563554,python,[JIT],0x000078c4e7c49ba2
990298.0,563554,python,[JIT],0x000078c4e7ecb252
990298.0,563590,python,[JIT],0x0000780ceb85f0a7
990297.0,563579,python,[JIT],0x000070d05263bd3d
990297.0,563602,python,[JIT],0x00007fe8c1a83fb8
990297.0,563602,python,[JIT],0x00007fe8c1a9e4e1
990297.0,563547,python,[kernel.kallsyms],__mod_memcg_lruvec_state
990297.0,563547,python,[JIT],0x000076033c3d9bc0
990297.0,563547,python,[JIT],0x000076033c413828
990297.0,563613,python,[JIT],0x0000776405fb0395
990297.0,563554,python,[JIT],0x000078c4e7c35aaa
990297.0,563554,python,[JIT],0x000078c4e7c4b125
990297.0,563590,python,[JIT],0x0000780ceb860481
990296.0,563602,python,[JIT],0x00007fe8c1a887b3
990296.0,563602,python,[JIT],0x00007fe8c1a8a778
990296.0,563602,python,[JIT],0x00007fe8c1a9e97e
990296.0,563613,python,[JIT],0x0000776405f93340
990296.0,563554,python,[JIT],0x000078c4e82da697
990296.0,563590,python,[JIT],0x0000780ceb89ae73
990296.0,563590,python,[JIT],0x0000780ceb8a68fe
990295.0,563602,python,[JIT],0x00007fe8c1a5493e
990295.0,563547,python,[JIT],0x000076033c3abb7e
990295.0,563547,python,[JIT],0x000076033c3d93a2
990295.0,563547,python,[JIT],0x000076033c3f82e3
990295.0,563547,python,[JIT],0x000076033c404255
990295.0,563547,python,[JIT],0x000076033d4133f8
990295.0,563554,python,[JIT],0x000078c4e7bfc0ce
990295.0,563554,python,[JIT],0x000078c4e7c0edfe
990295.0,563554,python,[JIT],0x000078c4e7c4b025
990295.0,563554,python,[JIT],0x000078c4e7c4cdd1
990295.0,563554,python,[JIT],0x000078c4e82da04c
990295.0,563590,python,[JIT],0x0000780ceb8520a3
990295.0,563590,python,[JIT],0x0000780ceb8632ae
990295.0,563590,python,[JIT],0x0000780ceb8865cb
990294.0,563579,python,[JIT],0x000070d0523680a9
990294.0,563602,python,[JIT],0x00007fe8c1a55a86
990294.0,563602,python,[JIT],0x00007fe8c1a90f6f
990294.0,563613,python,[JIT],0x0000776405f93ffb
990294.0,563613,python,[JIT],0x0000776405fac307
990294.0,563554,python,[JIT],0x000078c4e7c348ef
990294.0,563554,python,[JIT],0x000078c4e7c62487
990294.0,563590,python,[JIT],0x0000780ceb86136f
990294.0,563590,python,[JIT],0x0000780ceb89fd06
990293.0,563602,python,[JIT],0x00007fe8c1aa1b14
990293.0,563590,python,[JIT],0x0000780ceb889b0c
990292.0,563579,python,[JIT],0x000070d05238b6db
990292.0,563579,python,[JIT],0x000070d0523bd406
990292.0,563602,python,[JIT],0x00007fe8c1a541a4
990292.0,563602,python,[JIT],0x00007fe8c1a551bb
990292.0,563602,python,[JIT],0x00007fe8c1a67437
990292.0,563602,python,[JIT],0x00007fe8c1a9fe01
990292.0,563547,python,[JIT],0x000076033c405d81
990292.0,563554,python,[JIT],0x000078c4e7c434f9
990292.0,563590,python,[JIT],0x0000780ceb8403e5
990291.0,563547,python,[JIT],0x000076033c41301e
990291.0,563613,python,[JIT],0x0000776405f5c4b2
990291.0,563613,python,[JIT],0x0000776405fac36a
990291.0,563613,python,[JIT],0x00007764070132d4
990291.0,563554,python,[JIT],0x000078c4e7c15bb8
990291.0,563554,python,[JIT],0x000078c4e7c19003
990291.0,563554,python,[JIT],0x000078c4e7c561a7
990290.0,563602,python,[JIT],0x00007fe8c1a54577
990290.0,563602,python,[JIT],0x00007fe8c1a71709
990290.0,563602,python,[JIT],0x00007fe8c1a9dff6
990289.0,563579,python,[JIT],0x000070d05234775e
990289.0,563579,python,[JIT],0x000070d0523664d2
990289.0,563602,python,[JIT],0x00007fe8c1a320d2
990289.0,563547,python,[JIT],0x000076033c3cf1b5
990289.0,563547,python,[JIT],0x000076033c3e6b57
990288.0,563579,python,[JIT],0x000070d0523b291d
990288.0,563554,python,[JIT],0x000078c4e7c3f22a
990288.0,563590,python,[JIT],0x0000780cec4eb5e6
990287.0,563547,python,_struct.cpython-316-x86_64-linux-gnu.so,PyDict_GetItemRef@plt
990287.0,563547,python,[JIT],0x000076033c3bf137
990287.0,563547,python,[JIT],0x000076033c3d78ff
990287.0,563554,python,[JIT],0x000078c4e7c0b108
990286.0,563579,python,[JIT],0x000070d052c88316
990286.0,563602,python,[JIT],0x00007fe8c1a86170
990286.0,563602,python,[JIT],0x00007fe8c1a8c186
990286.0,563547,python,[JIT],0x000076033c41323c
990286.0,563613,python,[JIT],0x0000776405f9316e
990286.0,563590,python,[JIT],0x0000780ceb82dc94
990286.0,563590,python,[JIT],0x0000780ceb8495b9
990286.0,563590,python,[JIT],0x0000780ceb89baa7
990286.0,563590,python,[JIT],0x0000780cec548207
990286.0,563590,python,[JIT],0x0000780cec548862
990286.0,563602,python,python,memcpy@plt
990285.0,563579,python,[JIT],0x000070d05235fa2b
990285.0,563579,python,[JIT],0x000070d05238280d
990285.0,563579,python,[JIT],0x000070d0523af206
990285.0,563602,python,[JIT],0x00007fe8c1a4f2e0
990285.0,563554,python,[JIT],0x000078c4e7c55c15
990285.0,563554,python,[JIT],0x000078c4e82da6ed
990285.0,563590,python,[JIT],0x0000780ceb88e952
990284.0,563547,python,[JIT],0x000076033c3f8224
990284.0,563613,python,[JIT],0x0000776405fae25a
990284.0,563554,python,[JIT],0x000078c4e7bfd3bb
990284.0,563590,python,[JIT],0x0000780ceb89a59c
990283.0,563579,python,[JIT],0x000070d052399c67
990283.0,563554,python,[JIT],0x000078c4e7c1655c
990283.0,563590,python,[JIT],0x0000780ceb869bbf
990282.0,563602,python,[JIT],0x00007fe8c1a40c14
990282.0,563602,python,[JIT],0x00007fe8c1a551e6
990282.0,563547,python,[JIT],0x000076033c3da70f
990282.0,563554,python,[JIT],0x000078c4e7c3ca34
990282.0,563590,python,[JIT],0x0000780ceb868cb9
990282.0,563590,python,[JIT],0x0000780ceb89c235
990281.0,563579,python,[JIT],0x000070d0523c8094
990281.0,563602,python,[JIT],0x00007fe8c1a90894
990281.0,563547,python,[JIT],0x000076033d0ecdbb
990281.0,563590,python,[JIT],0x0000780ceb8889a6
990281.0,563590,python,[JIT],0x0000780ceb89b502
990280.0,563579,python,[JIT],0x000070d052c88c82
990280.0,563602,python,[JIT],0x00007fe8c1a4c028
990280.0,563602,python,[JIT],0x00007fe8c1a72118
990280.0,563547,python,[JIT],0x000076033c3c92aa
990280.0,563613,python,[JIT],0x0000776405f71ecb
990280.0,563613,python,[JIT],0x0000776405f73fc7
990280.0,563554,python,python,PyUnicode_AsUCS4
990280.0,563554,python,[JIT],0x000078c4e7bfe632
990280.0,563554,python,[JIT],0x000078c4e7c0e1a8
990280.0,563554,python,[JIT],0x000078c4e7c0f73d
990280.0,563554,python,[JIT],0x000078c4e82da60b
990280.0,563590,python,[JIT],0x0000780ceb83f350
990280.0,563590,python,[JIT],0x0000780ceb850a1f
990280.0,563590,python,[JIT],0x0000780ceb89e9eb
990280.0,563590,python,[JIT],0x0000780ceb8a6c07
990279.0,563602,python,[JIT],0x00007fe8c1a93abc
990279.0,563547,python,[JIT],0x000076033c409a42
990279.0,563554,python,[JIT],0x000078c4e7c2f255
990279.0,563554,python,[JIT],0x000078c4e7c3d29d
990279.0,563554,python,[JIT],0x000078c4e7c4c696
990279.0,563554,python,[JIT],0x000078c4e7c4d023
990278.0,563602,python,[JIT],0x00007fe8c1a66d82
990278.0,563602,python,[JIT],0x00007fe8c1a6d06a
990278.0,563602,python,[JIT],0x00007fe8c1a89587
990278.0,563590,python,[JIT],0x0000780cebb1c904
990278.0,563547,python,[JIT],0x000076033c3aaed9
990278.0,563547,python,[JIT],0x000076033c3ff39f
990278.0,563547,python,[JIT],0x000076033c414e5d
990278.0,563590,python,[JIT],0x0000780ceb82fe2c
990278.0,563590,python,[JIT],0x0000780ceb8809ea
990277.0,563579,python,[JIT],0x000070d053565147
990277.0,563602,python,[JIT],0x00007fe8c1a6b6d9
990277.0,563602,python,[JIT],0x00007fe8c1a718a6
990277.0,563547,python,[JIT],0x000076033c3ac059
990277.0,563554,python,[JIT],0x000078c4e7c4a8a7
990277.0,563554,python,python,_PyNumber_PowerNoMod
990276.0,563579,python,[JIT],0x000070d05356515c
990276.0,563602,python,[JIT],0x00007fe8c1a9d71e
990276.0,563547,python,[JIT],0x000076033c404961
990276.0,563547,python,[JIT],0x000076033c414a4e
990276.0,563613,python,[JIT],0x0000776405f7b132
990276.0,563554,python,[JIT],0x000078c4e7c49000
990276.0,563590,python,[JIT],0x0000780ceb8307fb
990276.0,563590,python,[JIT],0x0000780ceb89d5e1
990276.0,563554,python,[JIT],0x000078c4e7c35eb0
990275.0,563579,python,[JIT],0x000070d05236610f
990275.0,563579,python,[JIT],0x000070d052378287
990275.0,563602,python,python,_PyOptimizer_Optimize
990275.0,563547,python,[JIT],0x000076033c3efeec
990275.0,563547,python,[JIT],0x000076033c415988
990275.0,563554,python,[JIT],0x000078c4e7bdfe0e
990275.0,563554,python,[JIT],0x000078c4e7bfe83f
990275.0,563590,python,[JIT],0x0000780ceb871d85
990274.0,563602,python,[JIT],0x00007fe8c1a7104c
990274.0,563602,python,[JIT],0x00007fe8c1a9f49e
990274.0,563602,python,[JIT],0x00007fe8c1aa00c2
990274.0,563602,python,[JIT],0x00007fe8c2a1305d
990274.0,563547,python,[JIT],0x000076033c3b48a0
990274.0,563554,python,[JIT],0x000078c4e7bdaade
990274.0,563554,python,[JIT],0x000078c4e7bf6d7c
990274.0,563590,python,[JIT],0x0000780ceb86e8a6
990274.0,563590,python,[JIT],0x0000780ceca4113d
990273.0,563579,python,[JIT],0x000070d05238277c
990273.0,563602,python,[JIT],0x00007fe8c1a37603
990273.0,563547,python,[JIT],0x000076033c4044a1
990272.0,563613,python,[JIT],0x000077640666955d
990272.0,563554,python,[JIT],0x000078c4e7c3c991
990272.0,563590,python,[JIT],0x0000780ceb84a599
990272.0,563602,python,[JIT],0x00007fe8c1a83905
990271.0,563579,python,[JIT],0x000070d0523b30eb
990271.0,563602,python,[JIT],0x00007fe8c1a90417
990271.0,563547,python,[JIT],0x000076033c3e936f
990271.0,563547,python,[JIT],0x000076033c41e4ac
990271.0,563613,python,[JIT],0x0000776405f7100a
990271.0,563554,python,[JIT],0x000078c4e7c2fe85
990271.0,563590,python,[JIT],0x0000780ceb8a60c5
990270.0,563579,python,[JIT],0x000070d052385799
990270.0,563547,python,[JIT],0x000076033c3e5856
990270.0,563547,python,[JIT],0x000076033c413a16
990270.0,563547,python,[JIT],0x000076033c42292c
990270.0,563554,python,[JIT],0x000078c4e7c1b332
990270.0,563554,python,[JIT],0x000078c4e7c323b1
990270.0,563554,python,[JIT],0x000078c4e7c4a351
990270.0,563590,python,[JIT],0x0000780cec548982
990269.0,563579,python,[JIT],0x000070d0523a21f1
990269.0,563602,python,[JIT],0x00007fe8c1a79412
990269.0,563547,python,[JIT],0x000076033c411926
990269.0,563590,python,[JIT],0x0000780ceb886e47
990268.0,563602,python,[JIT],0x00007fe8c1a55d66
990268.0,563602,python,[JIT],0x00007fe8c1a5f822
990268.0,563602,python,[JIT],0x00007fe8c1a9f925
990268.0,563547,python,[JIT],0x000076033c3c0113
990268.0,563547,python,[JIT],0x000076033c41d40e
990268.0,563554,python,[JIT],0x000078c4e7c1defb
990268.0,563590,python,[JIT],0x0000780ceb89c770
990267.0,563579,python,[JIT],0x000070d0523bda71
990267.0,563602,python,[JIT],0x00007fe8c1a7d60f
990267.0,563547,python,python,PyNumber_Negative
990267.0,563547,python,[JIT],0x000076033c3f757c
990267.0,563613,python,[JIT],0x0000776405fb0c7b
990267.0,563590,python,[JIT],0x0000780ceb8a8cfc
990266.0,563579,python,[JIT],0x000070d05238d4e6
990266.0,563579,python,[JIT],0x000070d0523c0d28
990266.0,563602,python,[JIT],0x00007fe8c1a32000
990266.0,563602,python,[JIT],0x00007fe8c1a842cc
990266.0,563547,python,[JIT],0x000076033c3f75b3
990266.0,563554,python,[JIT],0x000078c4e82da5d4
990265.0,563579,python,[JIT],0x000070d0523a4784
990265.0,563579,python,[JIT],0x000070d052c871de
990265.0,563613,python,python,_PyStaticType_GetState
990265.0,563602,python,[JIT],0x00007fe8c1a3ebbe
990265.0,563602,python,[JIT],0x00007fe8c1a4b170
990265.0,563602,python,[JIT],0x00007fe8c1a910d8
990265.0,563602,python,[JIT],0x00007fe8c274c012
990265.0,563547,python,[JIT],0x000076033c414230
990265.0,563590,python,[JIT],0x0000780ceb861f14
990264.0,563602,python,[JIT],0x00007fe8c1a7324d
990264.0,563602,python,[JIT],0x00007fe8c1a8585a
990264.0,563602,python,[JIT],0x00007fe8c1aa0caf
990264.0,563547,python,[JIT],0x000076033c3c365a
990264.0,563554,python,[JIT],0x000078c4e7c3c052
990264.0,563554,python,[JIT],0x000078c4e7c56132
990264.0,563590,python,[JIT],0x0000780ceb847204
990264.0,563590,python,[JIT],0x0000780ceb868983
990264.0,563590,python,[JIT],0x0000780ceb8a772a
990263.0,563579,python,[JIT],0x000070d0523bd3e3
990263.0,563602,python,[JIT],0x00007fe8c1a66f84
990263.0,563602,python,[JIT],0x00007fe8c1a911aa
990263.0,563547,python,[JIT],0x000076033c3f88dc
990263.0,563547,python,[JIT],0x000076033c3fc094
990263.0,563554,python,[JIT],0x000078c4e7bf4df3
990263.0,563590,python,python,compactlongs_guard
990262.0,563579,python,[JIT],0x000070d052345f43
990262.0,563579,python,[JIT],0x000070d0523b2469
990262.0,563579,python,[JIT],0x000070d052c882b9
990262.0,563547,python,[JIT],0x000076033c3cb439
990262.0,563554,python,[JIT],0x000078c4e7c1a588
990261.0,563579,python,[JIT],0x000070d0523a3f99
990261.0,563602,python,[JIT],0x00007fe8c1a3eba6
990261.0,563602,python,[JIT],0x00007fe8c1a65ee6
990261.0,563547,python,[JIT],0x000076033d0ec573
990261.0,563554,python,[JIT],0x000078c4e7c4a286
990260.0,563554,python,[JIT],0x000078c4e7bd8068
990260.0,563554,python,[JIT],0x000078c4e7bff5a7
990260.0,563554,python,[JIT],0x000078c4e7c0ef76
990260.0,563554,python,[JIT],0x000078c4e7c4b766
990259.0,563602,python,python,builtin_min
990259.0,563602,python,[JIT],0x00007fe8c1a95a34
990259.0,563602,python,[JIT],0x00007fe8c274c5c3
990259.0,563554,python,[JIT],0x000078c4e7c0f435
990259.0,563554,python,[JIT],0x000078c4e7c3232e
990259.0,563590,python,[JIT],0x0000780ceb84f00a
990259.0,563590,python,[JIT],0x0000780ceb868746
990258.0,563579,python,[JIT],0x000070d0523a2bfc
990258.0,563602,python,[JIT],0x00007fe8c1a94475
990258.0,563547,python,[JIT],0x000076033c3fd7dc
990258.0,563590,python,[JIT],0x0000780ceb88e64f
990258.0,563554,python,[JIT],0x000078c4e7eccffd
990257.0,563602,python,[JIT],0x00007fe8c1a85a45
990257.0,563554,python,[JIT],0x000078c4e7c324bf
990256.0,563547,python,[JIT],0x000076033c40400a
990256.0,563613,python,[JIT],0x0000776405f93ffe
990256.0,563554,python,[JIT],0x000078c4e7bf5c75
990256.0,563554,python,[JIT],0x000078c4e7c34e9a
990256.0,563554,python,[JIT],0x000078c4e7c5531c
990256.0,563590,python,[JIT],0x0000780ceb89a33d
990255.0,563602,python,[JIT],0x00007fe8c1a3eb53
990255.0,563547,python,[JIT],0x000076033c3d8bd2
990255.0,563613,python,[JIT],0x0000776405f73d89
990255.0,563613,python,[JIT],0x0000776405fafae0
990255.0,563554,python,[JIT],0x000078c4e7c1c7fc
990255.0,563590,python,[JIT],0x0000780ceb861e84
990255.0,563590,python,[JIT],0x0000780ceb87237c
990254.0,563579,python,[JIT],0x000070d0523851cf
990254.0,563579,python,[JIT],0x000070d0523af726
990254.0,563547,python,[JIT],0x000076033c3e5747
990254.0,563554,python,[JIT],0x000078c4e7c30d57
990254.0,563554,python,[JIT],0x000078c4e7ecb0e1
990254.0,563590,python,[JIT],0x0000780ceb89f13f
990254.0,563590,python,[JIT],0x0000780ceb8a6870
990253.0,563579,python,[JIT],0x000070d052376f2a
990253.0,563579,python,[JIT],0x000070d0523c9a28
990253.0,563547,python,[JIT],0x000076033c411484
990253.0,563547,python,[JIT],0x000076033d0ec629
990253.0,563554,python,[JIT],0x000078c4e7bfdaa8
990253.0,563590,python,[JIT],0x0000780ceb86227a
990252.0,563602,python,[JIT],0x00007fe8c1a9d7a5
990252.0,563602,python,[JIT],0x00007fe8c1a9d995
990252.0,563547,python,[JIT],0x000076033c4120a8
990252.0,563547,python,[JIT],0x000076033c41f17c
990252.0,563554,python,[JIT],0x000078c4e7bff794
990252.0,563554,python,[JIT],0x000078c4e7c5552b
990251.0,563579,python,[JIT],0x000070d05238637a
990251.0,563579,python,[JIT],0x000070d0526390d2
990251.0,563547,python,[JIT],0x000076033c413886
990251.0,563554,python,[JIT],0x000078c4e7c37228
990250.0,563602,python,[JIT],0x00007fe8c1a9fa24
990250.0,563602,python,[JIT],0x00007fe8c1aa01f7
990250.0,563602,python,[JIT],0x00007fe8c1aa1676
990250.0,563554,python,[JIT],0x000078c4e7bfff0d
990250.0,563554,python,[JIT],0x000078c4e7c3dc9d
990250.0,563590,python,[JIT],0x0000780ceb88d5aa
990249.0,563579,python,[JIT],0x000070d05235df18
990249.0,563579,python,[JIT],0x000070d0523c8294
990249.0,563579,python,[JIT],0x000070d053565172
990249.0,563602,python,[JIT],0x00007fe8c1a83ea9
990249.0,563602,python,[JIT],0x00007fe8c1a845ac
990249.0,563547,python,python,PyTuple_FromArray
990249.0,563613,python,[JIT],0x0000776405f5af09
990249.0,563590,python,[JIT],0x0000780ceb8a6b63
990248.0,563602,python,[JIT],0x00007fe8c1a9f1ca
990247.0,563590,python,[JIT],0x0000780ceb83216e
990246.0,563579,python,[JIT],0x000070d0523530dd
990246.0,563579,python,[JIT],0x000070d052367a09
990246.0,563579,python,[JIT],0x000070d052374b14
990246.0,563579,python,[JIT],0x000070d05356518f
990246.0,563602,python,[JIT],0x00007fe8c1a9dd15
990246.0,563602,python,[JIT],0x00007fe8c1aaae66
990246.0,563554,python,[JIT],0x000078c4e7bfe3c7
990246.0,563590,python,python,PyObject_ClearWeakRefs
990246.0,563590,python,[JIT],0x0000780ceb868508
990245.0,563579,python,[JIT],0x000070d0523a3707
990245.0,563579,python,[JIT],0x000070d0523c8a00
990245.0,563579,python,[JIT],0x000070d052640feb
990245.0,563602,python,[JIT],0x00007fe8c1a71a0f
990245.0,563602,python,[JIT],0x00007fe8c1a832a7
990245.0,563547,python,[JIT],0x000076033c3d8ef1
990245.0,563554,python,[JIT],0x000078c4e7c25572
990245.0,563554,python,[JIT],0x000078c4e7c370a4
990245.0,563590,python,[JIT],0x0000780ceb89a804
990244.0,563547,python,[JIT],0x000076033c3bf806
990244.0,563590,python,[JIT],0x0000780ceb84976a
990244.0,563590,python,[JIT],0x0000780ceb8a7fcf
990243.0,563579,python,[JIT],0x000070d0526396da
990243.0,563602,python,[JIT],0x00007fe8c1a6d2cb
990243.0,563602,python,[JIT],0x00007fe8c1a9ed54
990243.0,563547,python,[JIT],0x000076033c3e68dc
990243.0,563547,python,[JIT],0x000076033c412c09
990243.0,563554,python,[JIT],0x000078c4e7c4b424
990243.0,563554,python,[JIT],0x000078c4e7c4b751
990243.0,563590,python,[JIT],0x0000780ceb880fe1
990242.0,563602,python,[JIT],0x00007fe8c1a85392
990242.0,563547,python,[JIT],0x000076033c3f82d2
990242.0,563547,python,[JIT],0x000076033c414dec
990242.0,563554,python,[JIT],0x000078c4e7bd95e2
990242.0,563554,python,[JIT],0x000078c4e7c5761a
990242.0,563554,python,[JIT],0x000078c4e82da2cc
990241.0,563579,python,[JIT],0x000070d05238588c
990241.0,563602,python,[JIT],0x00007fe8c1a84372
990241.0,563602,python,[JIT],0x00007fe8c1aa1d91
990241.0,563547,python,[kernel.kallsyms],account_process_tick
990241.0,563547,python,[JIT],0x000076033c3e536c
990241.0,563547,python,[JIT],0x000076033c411c12
990241.0,563590,python,[JIT],0x0000780ceb8a8d7f
990240.0,563579,python,[JIT],0x000070d0523bfc38
990240.0,563602,python,[JIT],0x00007fe8c1aa0eec
990240.0,563547,python,[JIT],0x000076033c3c128a
990240.0,563547,python,[JIT],0x000076033c3dadf7
990240.0,563547,python,[JIT],0x000076033c3daf1e
990240.0,563554,python,[JIT],0x000078c4e7c3c0fa
990239.0,563547,python,[JIT],0x000076033c3e0dd1
990239.0,563547,python,[JIT],0x000076033c3e56ec
990239.0,563554,python,[JIT],0x000078c4e7be03a8
990239.0,563554,python,[JIT],0x000078c4e7bfd851
990239.0,563554,python,[JIT],0x000078c4e7c56244
990239.0,563590,python,[JIT],0x0000780cec4eb3a2
990238.0,563579,python,[JIT],0x000070d0523438df
990238.0,563579,python,[JIT],0x000070d052378486
990238.0,563579,python,[JIT],0x000070d0523a488d
990238.0,563602,python,[JIT],0x00007fe8c1a83640
990238.0,563613,python,[JIT],0x0000776405f942af
990238.0,563554,python,[JIT],0x000078c4e7c56178
990237.0,563602,python,[JIT],0x00007fe8c1a88770
990237.0,563547,python,[JIT],0x000076033c3fc354
990237.0,563613,python,[JIT],0x0000776405fad406
990237.0,563554,python,[JIT],0x000078c4e7bf1331
990237.0,563554,python,[JIT],0x000078c4e7c1414c
990237.0,563554,python,[JIT],0x000078c4e7c2f5e4
990237.0,563554,python,[JIT],0x000078c4e7c49d46
990236.0,563579,python,[JIT],0x000070d05236058b
990236.0,563602,python,[JIT],0x00007fe8c1a40000
990236.0,563602,python,[JIT],0x00007fe8c1a9d703
990236.0,563602,python,[JIT],0x00007fe8c1aa153d
990236.0,563547,python,[JIT],0x000076033c3cf0a4
990236.0,563613,python,[JIT],0x0000776405f93a87
990236.0,563554,python,[JIT],0x000078c4e7bdc3c4
990236.0,563554,python,[JIT],0x000078c4e7c3d237
990236.0,563554,python,[JIT],0x000078c4e7c4a20e
990235.0,563602,python,[JIT],0x00007fe8c1a726b4
990235.0,563602,python,[JIT],0x00007fe8c1aa1bcc
990235.0,563547,python,[JIT],0x000076033c3cbea5
990235.0,563547,python,[JIT],0x000076033c3e8a58
990235.0,563547,python,[JIT],0x000076033c3f9dc9
990235.0,563547,python,[JIT],0x000076033c4043d9
990235.0,563554,python,[JIT],0x000078c4e7be7bb7
990235.0,563554,python,[JIT],0x000078c4e7c4ac60
990235.0,563554,python,[JIT],0x000078c4e82da7a8
990235.0,563590,python,[JIT],0x0000780ceb88136a
990235.0,563590,python,[JIT],0x0000780ceb881f8d
990234.0,563579,python,[JIT],0x000070d052368282
990234.0,563579,python,[JIT],0x000070d0523bf18e
990234.0,563602,python,[JIT],0x00007fe8c1a3864c
990234.0,563602,python,[JIT],0x00007fe8c1a5635d
990234.0,563602,python,[JIT],0x00007fe8c1a94e4a
990234.0,563547,python,[JIT],0x000076033c3c934c
990234.0,563547,python,[JIT],0x000076033c41eff5
990234.0,563554,python,[JIT],0x000078c4e7bf70f3
990233.0,563579,python,[JIT],0x000070d052369c00
990233.0,563547,python,[JIT],0x000076033c3c8120
990233.0,563547,python,[JIT],0x000076033c3fe72f
990233.0,563554,python,[JIT],0x000078c4e7c2d4c5
990233.0,563590,python,[JIT],0x0000780ceb86f416
990232.0,563579,python,[JIT],0x000070d052639fb4
990232.0,563613,python,[JIT],0x0000776405f7466f
990231.0,563579,python,[JIT],0x000070d05235a248
990231.0,563579,python,[JIT],0x000070d0523bca03
990231.0,563547,python,[JIT],0x000076033c4114b2
990231.0,563554,python,[JIT],0x000078c4e7c56b9c
990231.0,563554,python,[JIT],0x000078c4e8ded172
990230.0,563579,python,[JIT],0x000070d05235b9a7
990230.0,563547,python,[JIT],0x000076033c3fc283
990230.0,563554,python,[JIT],0x000078c4e7c301e6
990230.0,563554,python,[JIT],0x000078c4e7c4b109
990229.0,563579,python,[JIT],0x000070d052c88012
990229.0,563579,python,[JIT],0x000070d052c8845e
990229.0,563602,python,[JIT],0x00007fe8c1a4422f
990229.0,563547,python,[JIT],0x000076033c400bdb
990229.0,563547,python,[JIT],0x000076033c41e183
990229.0,563554,python,[JIT],0x000078c4e7c5611f
990229.0,563590,python,[JIT],0x0000780ceb86a074
990228.0,563602,python,[JIT],0x00007fe8c1a655a1
990228.0,563554,python,[JIT],0x000078c4e7c1dc88
990228.0,563590,python,[JIT],0x0000780ceb8a6853
990227.0,563579,python,[JIT],0x000070d052c88982
990227.0,563547,python,[JIT],0x000076033c3db753
990227.0,563547,python,[JIT],0x000076033c3e6ab4
990227.0,563547,python,[JIT],0x000076033c41fea0
990227.0,563613,python,[JIT],0x0000776405f4f9ad
990227.0,563590,python,[JIT],0x0000780ceb8338a7
990226.0,563579,python,[JIT],0x000070d05236e085
990226.0,563579,python,[JIT],0x000070d0523bf1f7
990226.0,563602,python,[JIT],0x00007fe8c1a54a23
990226.0,563554,python,[JIT],0x000078c4e7c0fda0
990226.0,563554,python,[JIT],0x000078c4e7c555ed
990225.0,563579,python,[JIT],0x000070d0523b7076
990225.0,563579,python,[JIT],0x000070d0523bde47
990225.0,563579,python,[JIT],0x000070d052c88499
990224.0,563579,python,[JIT],0x000070d052368a55
990224.0,563579,python,[JIT],0x000070d052398ea0
990224.0,563579,python,[JIT],0x000070d0523bc003
990224.0,563602,python,python,PyNumber_AsSsize_t
990224.0,563602,python,[JIT],0x00007fe8c1aa06b8
990224.0,563547,python,[JIT],0x000076033c3a8997
990223.0,563579,python,[JIT],0x000070d052c884d9
990223.0,563613,python,[JIT],0x0000776405fad607
990223.0,563590,python,[JIT],0x0000780ceb88500a
990222.0,563579,python,[JIT],0x000070d052376b18
990222.0,563602,python,[JIT],0x00007fe8c1a8c727
990222.0,563547,python,[JIT],0x000076033c3b8fa4
990222.0,563547,python,[JIT],0x000076033c3e1351
990222.0,563547,python,[JIT],0x000076033c3f92ad
990222.0,563547,python,[JIT],0x000076033d0ec079
990222.0,563547,python,[JIT],0x000076033d0ec566
990222.0,563554,python,[JIT],0x000078c4e7bf2221
990222.0,563554,python,[JIT],0x000078c4e7c1d497
990222.0,563554,python,[JIT],0x000078c4e7c4e106
990222.0,563590,python,[JIT],0x0000780ceb88e83c
990221.0,563579,python,[JIT],0x000070d0523c10c0
990221.0,563602,python,[JIT],0x00007fe8c1a9dfac
990221.0,563547,python,[JIT],0x000076033c4145a4
990221.0,563547,python,[JIT],0x000076033d0eccb9
990221.0,563590,python,[JIT],0x0000780ceb831b3d
990220.0,563579,python,[JIT],0x000070d052366145
990220.0,563579,python,[JIT],0x000070d052383e47
990220.0,563579,python,[JIT],0x000070d05263ba40
990220.0,563602,python,[JIT],0x00007fe8c1a5bb6d
990220.0,563547,python,[JIT],0x000076033c3a6c2d
990220.0,563547,python,[JIT],0x000076033c3e1481
990220.0,563554,python,[JIT],0x000078c4e7c0e9ea
990220.0,563590,python,[JIT],0x0000780ceb8b3efd
990219.0,563579,python,[JIT],0x000070d05238c351
990219.0,563602,python,[JIT],0x00007fe8c1a6720d
990219.0,563602,python,[JIT],0x00007fe8c1a9da51
990219.0,563602,python,[JIT],0x00007fe8c1d1db41
990219.0,563547,python,[JIT],0x000076033c4124dd
990219.0,563547,python,[JIT],0x000076033c41251a
990219.0,563554,python,[JIT],0x000078c4e7c3f8c6
990218.0,563579,python,[JIT],0x000070d052376086
990218.0,563579,python,[JIT],0x000070d0523afedf
990218.0,563579,python,[JIT],0x000070d0523c8dd2
990218.0,563579,python,[JIT],0x000070d052c870e1
990218.0,563602,python,[JIT],0x00007fe8c1a5bb2c
990218.0,563602,python,[JIT],0x00007fe8c1a9702d
990218.0,563547,python,[JIT],0x000076033c415571
990218.0,563613,python,[JIT],0x0000776405f92771
990217.0,563602,python,[JIT],0x00007fe8c1a83d18
990217.0,563602,python,[JIT],0x00007fe8c1a88fff
990217.0,563613,python,[JIT],0x0000776405f939fc
990216.0,563602,python,[JIT],0x00007fe8c1a4101f
990216.0,563590,python,[JIT],0x0000780cec4eb2e2
990215.0,563579,python,[JIT],0x000070d0523676fe
990215.0,563579,python,[JIT],0x000070d0523a2a1f
990215.0,563602,python,[JIT],0x00007fe8c1a7181c
990215.0,563547,python,[JIT],0x000076033c3e9d0d
990215.0,563547,python,[JIT],0x000076033c4009a9
990215.0,563554,python,[JIT],0x000078c4e7c13685
990215.0,563554,python,[JIT],0x000078c4e7c55434
990214.0,563579,python,[JIT],0x000070d052370002
990214.0,563579,python,[JIT],0x000070d0523bed35
990214.0,563602,python,[JIT],0x00007fe8c1a6deb8
990214.0,563602,python,[JIT],0x00007fe8c1a9d354
990214.0,563602,python,[JIT],0x00007fe8c1a9de00
990214.0,563568,python,python,tp_new_wrapper
990214.0,563554,python,[JIT],0x000078c4e7c1b47a
990213.0,563579,python,python,long_richcompare
990213.0,563554,python,[JIT],0x000078c4e7c1df35
990213.0,563590,python,[JIT],0x0000780ceb85f218
990213.0,563590,python,[JIT],0x0000780ceb8608fd
990212.0,563579,python,[JIT],0x000070d052356107
990212.0,563579,python,[JIT],0x000070d05263b8d8
990212.0,563602,python,[JIT],0x00007fe8c1a8ca25
990212.0,563547,python,[JIT],0x000076033c3c96da
990212.0,563547,python,[JIT],0x000076033c3fc7fc
990211.0,563579,python,[JIT],0x000070d052378857
990211.0,563547,python,[JIT],0x000076033c3e59c6
990211.0,563547,python,[JIT],0x000076033c40cdd4
990211.0,563554,python,[JIT],0x000078c4e7bff426
990210.0,563579,python,[JIT],0x000070d052386afd
990210.0,563602,python,[JIT],0x00007fe8c1a36524
990210.0,563602,python,[JIT],0x00007fe8c1a90e67
990210.0,563602,python,[JIT],0x00007fe8c1a9f90f
990210.0,563602,python,[JIT],0x00007fe8c1aa1d85
990210.0,563602,python,[JIT],0x00007fe8c1aa98d6
990210.0,563547,python,[JIT],0x000076033c3c8003
990210.0,563547,python,[JIT],0x000076033c3d705e
990210.0,563547,python,[JIT],0x000076033c404df9
990210.0,563590,python,[JIT],0x0000780ceb863af8
990210.0,563590,python,[JIT],0x0000780ceb88154e
990209.0,563579,python,[JIT],0x000070d052384f74
990209.0,563579,python,[JIT],0x000070d05239ba00
990209.0,563602,python,[JIT],0x00007fe8c1a9ddb5
990209.0,563602,python,[JIT],0x00007fe8c1aa9003
990209.0,563547,python,[JIT],0x000076033c3da8b3
990209.0,563554,python,[JIT],0x000078c4e7c2f4d1
990209.0,563554,python,[JIT],0x000078c4e7c30b08
990208.0,563547,python,[JIT],0x000076033c405291
990208.0,563613,python,[JIT],0x0000776405f8804c
990208.0,563613,python,[JIT],0x0000776405fb9aef
990207.0,563602,python,[JIT],0x00007fe8c1a348a9
990207.0,563602,python,[JIT],0x00007fe8c1a75b6a
990206.0,563579,python,[JIT],0x000070d05235c31b
990206.0,563547,python,[JIT],0x000076033c3a6592
990206.0,563547,python,[JIT],0x000076033c3dae8e
990206.0,563613,python,[JIT],0x0000776405f74ee6
990206.0,563554,python,[JIT],0x000078c4e7beb37a
990206.0,563554,python,[JIT],0x000078c4e7c0e2d1
990206.0,563590,python,[JIT],0x0000780ceb887b18
990205.0,563579,python,[JIT],0x000070d052383c48
990205.0,563602,python,[JIT],0x00007fe8c1a9d88c
990205.0,563547,python,[JIT],0x000076033c3e7737
990205.0,563547,python,[JIT],0x000076033c4145e7
990204.0,563579,python,[JIT],0x000070d0523501f7
990204.0,563579,python,[JIT],0x000070d0523785ab
990204.0,563602,python,[JIT],0x00007fe8c1a9ddae
990204.0,563602,python,[JIT],0x00007fe8c1a9e96a
990204.0,563602,python,[JIT],0x00007fe8c1aa12c7
990204.0,563602,python,[JIT],0x00007fe8c274c0ca
990204.0,563547,python,[JIT],0x000076033c3e8600
990204.0,563613,python,[JIT],0x0000776405f71886
990203.0,563579,python,[JIT],0x000070d05235bdbd
990203.0,563602,python,[JIT],0x00007fe8c1a83c88
990203.0,563602,python,[JIT],0x00007fe8c1aa10dc
990203.0,563602,python,[JIT],0x00007fe8c1aa13bf
990203.0,563554,python,[JIT],0x000078c4e7bf2991
990202.0,563579,python,[JIT],0x000070d0523a2b6e
990202.0,563602,python,[JIT],0x00007fe8c1a584a3
990202.0,563547,python,[JIT],0x000076033d0ec5d0
990202.0,563547,python,[JIT],0x000076033d5b9056
990202.0,563590,python,[JIT],0x0000780ceb860e13
990201.0,563579,python,[JIT],0x000070d0523607a6
990201.0,563579,python,[JIT],0x000070d0523c8396
990201.0,563613,python,[JIT],0x0000776405fbc39a
990201.0,563602,python,[JIT],0x00007fe8c1aa15be
990201.0,563547,python,[JIT],0x000076033c3e69f2
990201.0,563613,python,[JIT],0x0000776405f951a7
990201.0,563554,python,[JIT],0x000078c4e7c38e22
990201.0,563590,python,[JIT],0x0000780ceb88334d
990200.0,563579,python,[JIT],0x000070d0523668c2
990200.0,563579,python,[JIT],0x000070d052382000
990200.0,563579,python,[JIT],0x000070d052c87314
990200.0,563602,python,[JIT],0x00007fe8c1a560b7
990200.0,563602,python,[JIT],0x00007fe8c1a848d8
990200.0,563602,python,[JIT],0x00007fe8c1a84ae3
990200.0,563602,python,[JIT],0x00007fe8c1a85cf4
990200.0,563602,python,[JIT],0x00007fe8c1a87130
990200.0,563590,python,python,insertdict
990200.0,563547,python,[JIT],0x000076033c3e9a68
990200.0,563613,python,[JIT],0x0000776405f4ddc9
990200.0,563554,python,[JIT],0x000078c4e7bdc3f2
990200.0,563554,python,[JIT],0x000078c4e7c2f5c9
990200.0,563590,python,[JIT],0x0000780ceb86f57c
990199.0,563579,python,[JIT],0x000070d0523a29d7
990199.0,563579,python,[JIT],0x000070d0523a35d6
990199.0,563602,python,[JIT],0x00007fe8c1a64bfe
990199.0,563602,python,[JIT],0x00007fe8c1a721d2
990199.0,563602,python,[JIT],0x00007fe8c1a73fef
990199.0,563602,python,[JIT],0x00007fe8c1a85da1
990199.0,563613,python,[JIT],0x0000776405f93a8b
990199.0,563554,python,[JIT],0x000078c4e7be76c0
990199.0,563590,python,[JIT],0x0000780ceb8301dd
990198.0,563602,python,[JIT],0x00007fe8c1a8b01a
990198.0,563547,python,[JIT],0x000076033c3ab54f
990197.0,563579,python,[JIT],0x000070d0523c0a60
990197.0,563579,python,[JIT],0x000070d05274d0eb
990197.0,563547,python,[JIT],0x000076033c41146e
990197.0,563554,python,[JIT],0x000078c4e7bfd8e3
990197.0,563554,python,[JIT],0x000078c4e7c40b8c
990196.0,563602,python,[JIT],0x00007fe8c1a64427
990196.0,563602,python,[JIT],0x00007fe8c1a9074a
990196.0,563602,python,[JIT],0x00007fe8c1a9e1b5
990196.0,563547,python,[JIT],0x000076033c3cc1e1
990196.0,563547,python,[JIT],0x000076033c3dbba4
990195.0,563579,python,[JIT],0x000070d0523b23f9
990195.0,563579,python,[JIT],0x000070d0523c8eb3
990195.0,563602,python,[JIT],0x00007fe8c1a4e949
990195.0,563547,python,[JIT],0x000076033c3bf170
990195.0,563613,python,[JIT],0x0000776405f9a60a
990194.0,563579,python,[JIT],0x000070d0523652a8
990194.0,563579,python,[JIT],0x000070d0523c84e0
990194.0,563602,python,[kernel.kallsyms],native_irq_return_iret
990194.0,563602,python,[JIT],0x00007fe8c1a74bd5
990194.0,563602,python,[JIT],0x00007fe8c1a911f5
990194.0,563602,python,[JIT],0x00007fe8c1aa0279
990194.0,563602,python,[JIT],0x00007fe8c274c4f3
990194.0,563602,python,[JIT],0x00007fe8c274c66b
990193.0,563579,python,[JIT],0x000070d052383faf
990193.0,563579,python,[JIT],0x000070d05238bf44
990193.0,563579,python,[JIT],0x000070d0523bd70f
990193.0,563554,python,[JIT],0x000078c4e7c0cc13
990192.0,563579,python,[JIT],0x000070d052383f84
990192.0,563547,python,[JIT],0x000076033c3c3c43
990192.0,563547,python,[JIT],0x000076033c3f7f70
990192.0,563547,python,[JIT],0x000076033d413182
990192.0,563613,python,[JIT],0x0000776405f97083
990192.0,563554,python,[JIT],0x000078c4e7c56342
990192.0,563590,python,[JIT],0x0000780ceb8402ec
990192.0,563590,python,[JIT],0x0000780ceb8535b0
990191.0,563579,python,[JIT],0x000070d05235c0bd
990191.0,563579,python,[JIT],0x000070d052374a2f
990191.0,563579,python,[JIT],0x000070d0523c9c43
990191.0,563579,python,[JIT],0x000070d05263999e
990191.0,563579,python,[JIT],0x000070d05263ba6f
990191.0,563602,python,[JIT],0x00007fe8c1a672e2
990191.0,563554,python,[JIT],0x000078c4e7c0c51b
990190.0,563602,python,[JIT],0x00007fe8c1a67784
990190.0,563602,python,[JIT],0x00007fe8c1a9e4be
990190.0,563547,python,[JIT],0x000076033d5b906b
990190.0,563554,python,[JIT],0x000078c4e7c558e0
990190.0,563590,python,[JIT],0x0000780ceb863989
990190.0,563590,python,[JIT],0x0000780ceb88edc8
990189.0,563579,python,[JIT],0x000070d0523824df
990189.0,563579,python,[JIT],0x000070d052c88c3e
990189.0,563547,python,[JIT],0x000076033c3e1afa
990189.0,563554,python,[JIT],0x000078c4e7bfe06b
990189.0,563554,python,[JIT],0x000078c4e7c4b79f
990189.0,563554,python,[JIT],0x000078c4e82da976
990189.0,563590,python,[JIT],0x0000780ceb886bf9
990188.0,563579,python,[JIT],0x000070d0523af1f2
990188.0,563602,python,[JIT],0x00007fe8c1aab8a2
990188.0,563547,python,[JIT],0x000076033c3ca911
990188.0,563547,python,[JIT],0x000076033d41321a
990188.0,563613,python,[JIT],0x0000776405f7bd69
990188.0,563554,python,[JIT],0x000078c4e7c14726
990187.0,563579,python,[JIT],0x000070d0523ca2a4
990187.0,563602,python,[JIT],0x00007fe8c1a9fb57
990187.0,563602,python,[JIT],0x00007fe8c1aa0bed
990187.0,563547,python,[JIT],0x000076033c3db4a9
990187.0,563554,python,[JIT],0x000078c4e7c1b311
990187.0,563554,python,[JIT],0x000078c4e7c31b12
990186.0,563579,python,[JIT],0x000070d052365f6a
990186.0,563579,python,[JIT],0x000070d052386b77
990186.0,563602,python,[JIT],0x00007fe8c1a32382
990186.0,563602,python,[JIT],0x00007fe8c1a65364
990186.0,563602,python,[JIT],0x00007fe8c1a673fb
990186.0,563602,python,[JIT],0x00007fe8c1a734ce
990186.0,563547,python,[JIT],0x000076033d413000
990186.0,563613,python,[JIT],0x0000776405f4b6ed
990186.0,563613,python,[JIT],0x0000776405f97a7b
990186.0,563554,python,[JIT],0x000078c4e7c4a78f
990185.0,563579,python,[JIT],0x000070d052383048
990185.0,563602,python,[JIT],0x00007fe8c1a37201
990185.0,563547,python,[JIT],0x000076033c3f8278
990184.0,563579,python,[JIT],0x000070d052360252
990184.0,563579,python,[JIT],0x000070d05236591e
990184.0,563602,python,[JIT],0x00007fe8c1a636b7
990184.0,563602,python,[JIT],0x00007fe8c1a63a27
990184.0,563602,python,[JIT],0x00007fe8c1aa953a
990184.0,563602,python,[JIT],0x00007fe8c274c70d
990184.0,563547,python,[JIT],0x000076033c41d8b7
990184.0,563613,python,[JIT],0x0000776405fad636
990184.0,563554,python,[JIT],0x000078c4e7bdce81
990184.0,563554,python,[JIT],0x000078c4e7c4c6f1
990183.0,563579,python,[JIT],0x000070d05234340c
990183.0,563602,python,[JIT],0x00007fe8c1a8b158
990183.0,563547,python,[JIT],0x000076033c41384c
990182.0,563579,python,[JIT],0x000070d052367011
990182.0,563602,python,[JIT],0x00007fe8c1a55323
990182.0,563547,python,[JIT],0x000076033c41132f
990182.0,563554,python,[JIT],0x000078c4e7c4bb67
990182.0,563602,python,python,PyErr_Occurred
990181.0,563579,python,[JIT],0x000070d052376550
990181.0,563602,python,[JIT],0x00007fe8c1a564bb
990181.0,563602,python,[JIT],0x00007fe8c1a738d2
990181.0,563547,python,[JIT],0x000076033c3cb5fd
990181.0,563613,python,[JIT],0x0000776405f9f43d
990181.0,563590,python,[JIT],0x0000780ceb84651b
990180.0,563579,python,[JIT],0x000070d0523a270f
990180.0,563579,python,[JIT],0x000070d052c87061
990180.0,563547,python,[JIT],0x000076033c3fd1cb
990180.0,563547,python,[JIT],0x000076033c411cf2
990180.0,563554,python,[JIT],0x000078c4e7c1bd76
990180.0,563554,python,[JIT],0x000078c4e7c3f09d
990180.0,563590,python,[JIT],0x0000780cec5491e1
990179.0,563579,python,[JIT],0x000070d05237817b
990179.0,563579,python,[JIT],0x000070d0523a3c2c
990179.0,563579,python,[JIT],0x000070d05263c61a
990179.0,563602,python,[JIT],0x00007fe8c1a8a6ed
990179.0,563547,python,[JIT],0x000076033c3c3fd5
990179.0,563547,python,[JIT],0x000076033c3ff869
990179.0,563554,python,[JIT],0x000078c4e82da5b7
990179.0,563590,python,[JIT],0x0000780ceb857d28
990178.0,563579,python,[JIT],0x000070d052a5838d
990178.0,563602,python,[JIT],0x00007fe8c1a54f15
990178.0,563602,python,[JIT],0x00007fe8c1a6d34d
990178.0,563613,python,[JIT],0x0000776405f94a01
990178.0,563613,python,[JIT],0x0000776405fad140
990178.0,563590,python,[JIT],0x0000780ceb89b20e
990177.0,563579,python,[JIT],0x000070d0523835fd
990177.0,563579,python,[JIT],0x000070d0523a22a7
990177.0,563602,python,[JIT],0x00007fe8c1a64c5d
990177.0,563602,python,[JIT],0x00007fe8c1a7136c
990177.0,563602,python,[JIT],0x00007fe8c1a72232
990177.0,563547,python,[JIT],0x000076033c3c9d56
990177.0,563547,python,[JIT],0x000076033c41297e
990177.0,563590,python,[JIT],0x0000780ceb88dfa5
990176.0,563602,python,[JIT],0x00007fe8c1a72fc9
990176.0,563547,python,python,cfunction_vectorcall_NOARGS
990176.0,563547,python,[JIT],0x000076033c411a98
990176.0,563613,python,[JIT],0x00007764066434aa
990176.0,563590,python,[JIT],0x0000780ceb8541a5
990175.0,563579,python,[JIT],0x000070d0523c119f
990175.0,563579,python,[JIT],0x000070d052a585d8
990175.0,563613,python,[JIT],0x0000776405fb8a7e
990175.0,563602,python,[JIT],0x00007fe8c1a84046
990175.0,563547,python,[JIT],0x000076033c3a7a7d
990175.0,563554,python,[JIT],0x000078c4e7c4cb9f
990174.0,563579,python,[JIT],0x000070d052383040
990174.0,563579,python,[JIT],0x000070d0523af3ed
990174.0,563602,python,[JIT],0x00007fe8c1a751ee
990174.0,563602,python,[JIT],0x00007fe8c1a9ff11
990174.0,563547,python,[JIT],0x000076033c3ee04d
990174.0,563547,python,[JIT],0x000076033c41f1f9
990174.0,563554,python,libc.so.6,_int_free
990174.0,563554,python,[JIT],0x000078c4e7bd9373
990174.0,563554,python,[JIT],0x000078c4e7c4dbdc
990173.0,563579,python,[JIT],0x000070d052348dd9
990173.0,563602,python,[JIT],0x00007fe8c1a723ae
990173.0,563547,python,[JIT],0x000076033c3b7fbe
990173.0,563547,python,[JIT],0x000076033d0ec57b
990173.0,563554,python,[JIT],0x000078c4e7c379a6
990173.0,563554,python,[JIT],0x000078c4e7c3d57e
990172.0,563579,python,[JIT],0x000070d0523bc00a
990172.0,563602,python,[JIT],0x00007fe8c2a1304c
990172.0,563554,python,[JIT],0x000078c4e8ded07e
990172.0,563590,python,[JIT],0x0000780ceb85f087
990171.0,563579,python,[JIT],0x000070d0523c0263
990171.0,563602,python,[JIT],0x00007fe8c1a5bf2f
990171.0,563602,python,[JIT],0x00007fe8c1a9e636
990171.0,563547,python,[JIT],0x000076033c3e8b66
990170.0,563579,python,[JIT],0x000070d05238bc9e
990170.0,563579,python,[JIT],0x000070d05274d516
990170.0,563602,python,[JIT],0x00007fe8c1a711f8
990170.0,563602,python,[JIT],0x00007fe8c1a85557
990170.0,563602,python,[JIT],0x00007fe8c1a9d497
990170.0,563547,python,[JIT],0x000076033c7a2b26
990170.0,563613,python,[JIT],0x0000776405fac735
990170.0,563554,python,[JIT],0x000078c4e7bf2d15
990170.0,563554,python,[JIT],0x000078c4e7c31440
990169.0,563579,python,[JIT],0x000070d0523c9c57
990169.0,563602,python,[JIT],0x00007fe8c1a560aa
990169.0,563602,python,[JIT],0x00007fe8c1a6d36a
990169.0,563602,python,[JIT],0x00007fe8c1a83ab7
990169.0,563602,python,[JIT],0x00007fe8c1aa9f45
990169.0,563547,python,[JIT],0x000076033c3f8273
990169.0,563547,python,[JIT],0x000076033c3fd1cf
990169.0,563554,python,[JIT],0x000078c4e7c3c383
990169.0,563554,python,[JIT],0x000078c4e7c4b43a
990169.0,563554,python,[JIT],0x000078c4e7c4db18
990168.0,563579,python,[JIT],0x000070d05236500a
990168.0,563579,python,[JIT],0x000070d052a7e5b8
990168.0,563602,python,[JIT],0x00007fe8c1a858fd
990168.0,563602,python,[JIT],0x00007fe8c1a9e624
990168.0,563547,python,[JIT],0x000076033c3ffa0b
990168.0,563547,python,[JIT],0x000076033d0ecd69
990168.0,563554,python,[JIT],0x000078c4e7bffad2
990167.0,563579,python,[JIT],0x000070d0523af766
990167.0,563579,python,[JIT],0x000070d0523c01f1
990167.0,563602,python,[JIT],0x00007fe8c1a560e0
990167.0,563602,python,[JIT],0x00007fe8c1a840fe
990167.0,563602,python,[JIT],0x00007fe8c2a13092
990167.0,563547,python,[JIT],0x000076033c404479
990167.0,563602,python,python,PySequence_Contains
990166.0,563579,python,[JIT],0x000070d052382094
990166.0,563579,python,[JIT],0x000070d052382d79
990166.0,563579,python,[JIT],0x000070d0523bd971
990166.0,563602,python,[JIT],0x00007fe8c1a71d7c
990166.0,563613,python,[JIT],0x0000776405f81dba
990165.0,563579,python,[JIT],0x000070d05235d56c
990165.0,563579,python,[JIT],0x000070d052369505
990165.0,563602,python,[JIT],0x00007fe8c1a83a04
990165.0,563602,python,[JIT],0x00007fe8c1a91cc7
990165.0,563547,python,python,memcmp@plt
990165.0,563547,python,[JIT],0x000076033c415d0e
990165.0,563613,python,[JIT],0x0000776405fac398
990165.0,563602,python,python,tuple_dealloc
990164.0,563579,python,[JIT],0x000070d052367fb2
990164.0,563547,python,[JIT],0x000076033c3f9420
990164.0,563547,python,[JIT],0x000076033d41314f
990163.0,563579,python,[JIT],0x000070d05356517b
990163.0,563602,python,[JIT],0x00007fe8c1a9dfe8
990163.0,563602,python,[JIT],0x00007fe8c1a9ec4e
990163.0,563547,python,[JIT],0x000076033c3dbdc6
990163.0,563554,python,[JIT],0x000078c4e7bdbe45
990163.0,563590,python,_struct.cpython-316-x86_64-linux-gnu.so,PyDict_GetItemRef@plt
990162.0,563579,python,[JIT],0x000070d0523bcbea
990162.0,563602,python,[JIT],0x00007fe8c1a853a3
990162.0,563547,python,[JIT],0x000076033d0ecab9
990162.0,563554,python,[JIT],0x000078c4e7c35ea2
990161.0,563579,python,[JIT],0x000070d0523bce39
990161.0,563602,python,[JIT],0x00007fe8c1a66b81
990161.0,563554,python,[JIT],0x000078c4e7c4929a
990161.0,563554,python,[JIT],0x000078c4e7c4b7c8
990160.0,563554,python,[JIT],0x000078c4e8ded0ab
990159.0,563579,python,[JIT],0x000070d05239b54d
990159.0,563579,python,[JIT],0x000070d0523af3bd
990159.0,563547,python,[JIT],0x000076033c3d8289
990159.0,563590,python,[JIT],0x0000780ceb87705c
990158.0,563579,python,[JIT],0x000070d0523afc8f
990158.0,563579,python,[JIT],0x000070d053565101
990158.0,563602,python,[JIT],0x00007fe8c1a8b6f9
990158.0,563547,python,[JIT],0x000076033c4132bb
990158.0,563554,python,[JIT],0x000078c4e7bfc003
990158.0,563554,python,[JIT],0x000078c4e7c30340
990157.0,563579,python,[JIT],0x000070d0523849af
990157.0,563579,python,[JIT],0x000070d052c8704c
990157.0,563602,python,[JIT],0x00007fe8c1a84ee8
990157.0,563547,python,[JIT],0x000076033c3d7094
990157.0,563547,python,[JIT],0x000076033c3e5a62
990157.0,563590,python,[JIT],0x0000780ceb88e908
990157.0,563602,python,[JIT],0x00007fe8c2c4613b
990156.0,563602,python,[JIT],0x00007fe8c274c171
990156.0,563547,python,[JIT],0x000076033c3c1de7
990155.0,563602,python,python,BaseException_dealloc
990155.0,563602,python,[JIT],0x00007fe8c1a4e9ca
990155.0,563602,python,[JIT],0x00007fe8c274c015
990155.0,563554,python,[JIT],0x000078c4e7c1cb13
990155.0,563554,python,[JIT],0x000078c4e7c4dd91
990154.0,563579,python,[JIT],0x000070d0523bdc40
990154.0,563602,python,[JIT],0x00007fe8c1a84224
990154.0,563547,python,[JIT],0x000076033d41309b
990154.0,563590,python,[JIT],0x0000780ceb8914a5
990153.0,563613,python,python,object_new
990153.0,563547,python,[JIT],0x000076033c3e9dcb
990153.0,563613,python,[JIT],0x0000776405f9c1d5
990153.0,563613,python,[JIT],0x0000776405faf37d
990153.0,563554,python,[JIT],0x000078c4e7bfc596
990152.0,563602,python,[JIT],0x00007fe8c1a861e5
990152.0,563547,python,[JIT],0x000076033c3d8331
990152.0,563547,python,[JIT],0x000076033c412c1b
990152.0,563547,python,[JIT],0x000076033c41568a
990152.0,563590,python,[JIT],0x0000780ceb89a5ff
990151.0,563579,python,[JIT],0x000070d052351758
990151.0,563579,python,[JIT],0x000070d05235c800
990151.0,563602,python,[JIT],0x00007fe8c1a71575
990151.0,563602,python,[JIT],0x00007fe8c1a9f20a
990151.0,563547,python,[JIT],0x000076033c413efd
990151.0,563547,python,[JIT],0x000076033c414a52
990151.0,563613,python,[JIT],0x0000776405f8135a
990150.0,563602,python,[JIT],0x00007fe8c2c46003
990150.0,563554,python,[JIT],0x000078c4e7c4a5f4
990150.0,563554,python,[JIT],0x000078c4e82dac00
990149.0,563579,python,[JIT],0x000070d05237899c
990149.0,563554,python,[JIT],0x000078c4e7c2e052
990148.0,563602,python,[JIT],0x00007fe8c1a64e05
990148.0,563602,python,[JIT],0x00007fe8c1a8593e
990148.0,563547,python,[JIT],0x000076033c3c93d5
990148.0,563547,python,[JIT],0x000076033c404f38
990147.0,563579,python,[JIT],0x000070d0523bd636
990147.0,563547,python,[JIT],0x000076033c3b5b3d
990147.0,563547,python,[JIT],0x000076033c3bfc07
990147.0,563547,python,[JIT],0x000076033c3e5e6e
990147.0,563554,python,[JIT],0x000078c4e7c4c935
990146.0,563579,python,[JIT],0x000070d052355c85
990146.0,563579,python,[JIT],0x000070d05238aeb7
990146.0,563602,python,[JIT],0x00007fe8c1aa0be4
990146.0,563547,python,[JIT],0x000076033d0ec547
990145.0,563579,python,[JIT],0x000070d05238d55c
990145.0,563579,python,[JIT],0x000070d0523b0649
990145.0,563602,python,[JIT],0x00007fe8c1a8390d
990145.0,563547,python,[JIT],0x000076033c3f827c
990144.0,563602,python,[JIT],0x00007fe8c1a360da
990144.0,563602,python,[JIT],0x00007fe8c1a67f26
990144.0,563602,python,[JIT],0x00007fe8c1a71959
990144.0,563602,python,[JIT],0x00007fe8c1aa9401
990144.0,563602,python,[JIT],0x00007fe8c274c429
990144.0,563547,python,[JIT],0x000076033c3d7079
990144.0,563554,python,[JIT],0x000078c4e7c1bff7
990144.0,563554,python,[JIT],0x000078c4e7c2e00a
990143.0,563602,python,[JIT],0x00007fe8c1a9efdc
990143.0,563602,python,[JIT],0x00007fe8c26ec2a1
990143.0,563602,python,[JIT],0x00007fe8c2a13258
990143.0,563547,python,[JIT],0x000076033c3dadc0
990143.0,563554,python,[JIT],0x000078c4e7c0c820
990143.0,563554,python,[JIT],0x000078c4e7c4ce72
990143.0,563602,python,[JIT],0x00007fe8c1aaaeb1
990142.0,563579,python,[JIT],0x000070d0523bfca0
990142.0,563602,python,[JIT],0x00007fe8c1a754eb
990142.0,563602,python,[JIT],0x00007fe8c1a8c1b1
990142.0,563602,python,[JIT],0x00007fe8c1aa156d
990142.0,563547,python,[JIT],0x000076033c412c04
990142.0,563554,python,[JIT],0x000078c4e7c1ce6d
990141.0,563579,python,[JIT],0x000070d052376c15
990141.0,563554,python,[JIT],0x000078c4e7bf2170
990141.0,563554,python,[JIT],0x000078c4e7bff697
990140.0,563579,python,[JIT],0x000070d052346a2f
990140.0,563579,python,[JIT],0x000070d052366b99
990140.0,563579,python,[JIT],0x000070d0523bd4c8
990140.0,563579,python,[JIT],0x000070d05263904c
990140.0,563579,python,[JIT],0x000070d0526390c8
990140.0,563602,python,[JIT],0x00007fe8c1aaa4ea
990140.0,563547,python,[JIT],0x000076033c3c0411
990140.0,563554,python,[JIT],0x000078c4e7c31876
990140.0,563554,python,[JIT],0x000078c4e7c4afc2
990140.0,563602,python,[JIT],0x00007fe8c27255b8
990139.0,563579,python,[JIT],0x000070d05235bf0a
990139.0,563579,python,[JIT],0x000070d0523a477e
990139.0,563579,python,[JIT],0x000070d0523bee1d
990139.0,563602,python,[JIT],0x00007fe8c1a54658
990139.0,563602,python,[JIT],0x00007fe8c1a9d33d
990139.0,563547,python,[JIT],0x000076033c409a15
990139.0,563613,python,[JIT],0x0000776405fae943
990139.0,563554,python,[JIT],0x000078c4e7c1a003
990139.0,563554,python,[JIT],0x000078c4e7c494e9
990138.0,563579,python,[JIT],0x000070d05235c9c7
990138.0,563579,python,[JIT],0x000070d05235fc09
990138.0,563602,python,[JIT],0x00007fe8c1a54854
990138.0,563602,python,[JIT],0x00007fe8c1a9d307
990138.0,563613,python,[JIT],0x0000776405f75ce8
990138.0,563613,python,[JIT],0x0000776405fb8d96
990138.0,563590,python,[JIT],0x0000780ceb8523f1
990138.0,563590,python,[JIT],0x0000780ceb89a88c
990137.0,563579,python,[JIT],0x000070d05235568e
990137.0,563602,python,[JIT],0x00007fe8c1a653bd
990137.0,563602,python,[JIT],0x00007fe8c1a8b211
990137.0,563547,python,[JIT],0x000076033d41335b
990137.0,563613,python,[JIT],0x0000776405f736ef
990137.0,563613,python,[JIT],0x0000776405f75320
990137.0,563613,python,[JIT],0x0000776405fad324
990137.0,563602,python,[JIT],0x00007fe8c1a9d2c1
990136.0,563602,python,[JIT],0x00007fe8c1a9d3ec
990136.0,563547,python,[JIT],0x000076033c3fd8b4
990135.0,563547,python,[JIT],0x000076033c41ded0
990135.0,563554,python,[JIT],0x000078c4e7c1ecbc
990135.0,563590,python,[JIT],0x0000780ceb85309c
990134.0,563579,python,[JIT],0x000070d0523bce9d
990134.0,563602,python,[JIT],0x00007fe8c1a54861
990134.0,563602,python,[JIT],0x00007fe8c1a5b772
990134.0,563602,python,[JIT],0x00007fe8c1a9d423
990134.0,563547,python,[JIT],0x000076033c414d62
990134.0,563613,python,[JIT],0x0000776405f65689
990134.0,563554,python,[JIT],0x000078c4e7c2fdc9
990134.0,563554,python,[JIT],0x000078c4e7c3d92b
990134.0,563554,python,[JIT],0x000078c4e7c57dc6
990133.0,563579,python,[JIT],0x000070d0523b02ac
990133.0,563602,python,[JIT],0x00007fe8c1a549ba
990133.0,563602,python,[JIT],0x00007fe8c1a63003
990133.0,563602,python,[JIT],0x00007fe8c1a88986
990133.0,563602,python,[JIT],0x00007fe8c26ec423
990133.0,563613,python,[JIT],0x0000776405f93513
990133.0,563554,python,[JIT],0x000078c4e7c2fc25
990133.0,563554,python,[JIT],0x000078c4e7c316f4
990131.0,563579,python,[JIT],0x000070d052639a20
990131.0,563602,python,[JIT],0x00007fe8c1a882a2
990131.0,563602,python,[JIT],0x00007fe8c1d1c412
990131.0,563547,python,[JIT],0x000076033c415876
990130.0,563579,python,[JIT],0x000070d052344aad
990130.0,563602,python,[JIT],0x00007fe8c1a550e0
990130.0,563602,python,[JIT],0x00007fe8c1a9f26a
990130.0,563590,python,[JIT],0x0000780ceb82ecda
990129.0,563579,python,[JIT],0x000070d0523469a2
990129.0,563579,python,[JIT],0x000070d0523c8178
990129.0,563602,python,[JIT],0x00007fe8c1a601fb
990129.0,563602,python,[JIT],0x00007fe8c1e2e1aa
990129.0,563554,python,[JIT],0x000078c4e7bed07f
990129.0,563554,python,[JIT],0x000078c4e7c559f0
990128.0,563602,python,[JIT],0x00007fe8c1a54c86
990127.0,563602,python,[JIT],0x00007fe8c1a64ba1
990127.0,563602,python,[JIT],0x00007fe8c1a911c5
990127.0,563602,python,[JIT],0x00007fe8c1a97e37
990127.0,563547,python,[JIT],0x000076033c412868
990127.0,563547,python,[JIT],0x000076033c412c26
990126.0,563602,python,[JIT],0x00007fe8c1a5fb5f
990126.0,563554,python,[JIT],0x000078c4e7be83ac
990126.0,563554,python,[JIT],0x000078c4e82da30a
990126.0,563590,python,[kernel.kallsyms],native_irq_return_iret
990125.0,563579,python,[JIT],0x000070d052374000
990125.0,563602,python,[JIT],0x00007fe8c1a85f75
990125.0,563602,python,[JIT],0x00007fe8c274c05a
990125.0,563547,python,[JIT],0x000076033d0ec2c3
990125.0,563547,python,[JIT],0x000076033d41300a
990125.0,563590,python,[JIT],0x0000780ceca41127
990124.0,563579,python,[JIT],0x000070d052355b9e
990124.0,563613,python,[JIT],0x0000776405fae7fd
990124.0,563602,python,[JIT],0x00007fe8c1a8bff3
990124.0,563602,python,[JIT],0x00007fe8c2a133d4
990123.0,563602,python,[JIT],0x00007fe8c1a9fc1c
990122.0,563602,python,[JIT],0x00007fe8c1a6b22e
990122.0,563602,python,[JIT],0x00007fe8c1a71b04
990122.0,563554,python,[JIT],0x000078c4e7c2f9b4
990122.0,563554,python,[JIT],0x000078c4e7c363bd
990121.0,563579,python,[JIT],0x000070d052345098
990121.0,563579,python,[JIT],0x000070d052c88bbf
990121.0,563602,python,[JIT],0x00007fe8c1a3569a
990121.0,563554,python,[JIT],0x000078c4e7be9080
990120.0,563602,python,[JIT],0x00007fe8c1a8370d
990120.0,563547,python,[JIT],0x000076033c3c0f72
990120.0,563547,python,[JIT],0x000076033c414ffb
990120.0,563547,python,[JIT],0x000076033d0ecd63
990119.0,563579,python,[JIT],0x000070d052359732
990119.0,563602,python,[JIT],0x00007fe8c1a64a3f
990119.0,563602,python,[JIT],0x00007fe8c274c0e9
990119.0,563547,python,[JIT],0x000076033c41fdf6
990118.0,563579,python,[JIT],0x000070d0523655aa
990118.0,563579,python,[JIT],0x000070d052367f02
990118.0,563602,python,[JIT],0x00007fe8c1a3511e
990118.0,563602,python,[JIT],0x00007fe8c1a65fcf
990118.0,563547,python,[JIT],0x000076033c3d7820
990118.0,563602,python,[JIT],0x00007fe8c1a846c0
990117.0,563579,python,[JIT],0x000070d0523affa5
990117.0,563579,python,[JIT],0x000070d0523c02ad
990117.0,563579,python,[JIT],0x000070d0523c10d3
990117.0,563579,python,[JIT],0x000070d052c883f2
990117.0,563602,python,[JIT],0x00007fe8c1a73acc
990117.0,563602,python,[JIT],0x00007fe8c1a9d81d
990117.0,563602,python,[JIT],0x00007fe8c1a9f1eb
990117.0,563547,python,[JIT],0x000076033c416019
990117.0,563590,python,[JIT],0x0000780ceb84b90c
990116.0,563579,python,[JIT],0x000070d0523a3766
990116.0,563602,python,[JIT],0x00007fe8c1a37209
990116.0,563602,python,[JIT],0x00007fe8c274c64b
990116.0,563554,python,[JIT],0x000078c4e7c4c158
990115.0,563602,python,[JIT],0x00007fe8c1a74453
990114.0,563579,python,[JIT],0x000070d0523a50ed
990114.0,563579,python,[JIT],0x000070d0523bde9a
990114.0,563602,python,[JIT],0x00007fe8c1aa2019
990114.0,563547,python,[JIT],0x000076033d5b90da
990114.0,563590,python,[JIT],0x0000780cebb1b161
990113.0,563579,python,[JIT],0x000070d052382f27
990113.0,563602,python,[JIT],0x00007fe8c274c259
990112.0,563602,python,[JIT],0x00007fe8c1a63cca
990112.0,563602,python,[JIT],0x00007fe8c26ec20f
990112.0,563547,python,[JIT],0x000076033c404104
990112.0,563547,python,[JIT],0x000076033d5b910b
990112.0,563613,python,[JIT],0x0000776405f72036
990112.0,563554,python,[JIT],0x000078c4e7bdb9a1
990111.0,563579,python,python,_io_StringIO_write
990111.0,563579,python,[JIT],0x000070d0523af05d
990111.0,563602,python,[JIT],0x00007fe8c1a85056
990111.0,563602,python,[JIT],0x00007fe8c1a9e038
990111.0,563613,python,[JIT],0x0000776405f74986
990111.0,563554,python,[JIT],0x000078c4e7c4c6d9
990111.0,563554,python,[JIT],0x000078c4e8ded04c
990110.0,563602,python,[JIT],0x00007fe8c1a546a4
990110.0,563602,python,[JIT],0x00007fe8c1a64ee9
990110.0,563602,python,[JIT],0x00007fe8c2a13286
990110.0,563602,python,[JIT],0x00007fe8c2c4609a
990110.0,563613,python,[JIT],0x0000776405f5b8be
990110.0,563554,python,[JIT],0x000078c4e7bdb82c
990110.0,563554,python,[JIT],0x000078c4e7c0fe5c
990109.0,563579,python,[JIT],0x000070d05236f495
990109.0,563579,python,[JIT],0x000070d0523bdcef
990108.0,563579,python,[JIT],0x000070d052342813
990108.0,563579,python,[JIT],0x000070d0523af11f
990108.0,563602,python,[JIT],0x00007fe8c1aa2146
990107.0,563579,python,[JIT],0x000070d052343577
990107.0,563602,python,[JIT],0x00007fe8c1a653ff
990107.0,563602,python,[JIT],0x00007fe8c1a7217e
990107.0,563602,python,[JIT],0x00007fe8c1a83e79
990107.0,563602,python,[JIT],0x00007fe8c1a9d446
990107.0,563547,python,[JIT],0x000076033c41f0f7
990107.0,563613,python,[JIT],0x0000776405f81b29
990107.0,563554,python,[JIT],0x000078c4e7c130fd
990106.0,563579,python,[JIT],0x000070d052c88965
990106.0,563602,python,[JIT],0x00007fe8c1a8a97e
990106.0,563613,python,[JIT],0x0000776405f5a47e
990105.0,563579,python,[JIT],0x000070d0523472d3
990105.0,563579,python,[JIT],0x000070d052353496
990105.0,563602,python,[JIT],0x00007fe8c1a32e32
990105.0,563602,python,[JIT],0x00007fe8c1a63610
990105.0,563602,python,[JIT],0x00007fe8c1a6d95d
990105.0,563602,python,[JIT],0x00007fe8c26ec00a
990105.0,563602,python,[JIT],0x00007fe8c2c46167
990105.0,563554,python,[JIT],0x000078c4e7bed0d5
990105.0,563602,python,libc.so.6,cfree@GLIBC_2.2.5
990105.0,563602,python,[JIT],0x00007fe8c274c30e
990104.0,563579,python,[JIT],0x000070d05234456f
990104.0,563602,python,[JIT],0x00007fe8c1a360a1
990104.0,563602,python,[JIT],0x00007fe8c1a64e25
990104.0,563602,python,[JIT],0x00007fe8c1a723aa
990103.0,563579,python,[JIT],0x000070d052369af6
990103.0,563602,python,[JIT],0x00007fe8c1a9d9a4
990103.0,563602,python,[JIT],0x00007fe8c1aa9330
990103.0,563547,python,[JIT],0x000076033c412de9
990103.0,563590,python,[JIT],0x0000780ceb8a6409
990102.0,563579,python,[JIT],0x000070d0523a2179
990102.0,563579,python,[JIT],0x000070d05263c13c
990102.0,563602,python,[JIT],0x00007fe8c1a4df2d
990102.0,563602,python,[JIT],0x00007fe8c1a6bdd5
990102.0,563602,python,[JIT],0x00007fe8c1aab03e
990102.0,563554,python,[JIT],0x000078c4e7c498a9
990102.0,563602,python,[JIT],0x00007fe8c2a1300a
990101.0,563579,python,[JIT],0x000070d0523a325b
990101.0,563579,python,[JIT],0x000070d0523bf7f5
990101.0,563579,python,[JIT],0x000070d052c88122
990101.0,563613,python,[JIT],0x0000776405faec28
990099.0,563579,python,[JIT],0x000070d052385c55
990099.0,563579,python,[JIT],0x000070d0523b2087
990099.0,563579,python,[JIT],0x000070d052c88010
990099.0,563547,python,[JIT],0x000076033c4119b1
990098.0,563579,python,[JIT],0x000070d05263bc00
990098.0,563579,python,[JIT],0x000070d052a58003
990098.0,563579,python,[JIT],0x000070d052c884bb
990098.0,563602,python,[JIT],0x00007fe8c1a661a8
990098.0,563547,python,[JIT],0x000076033c3a63cc
990098.0,563547,python,[JIT],0x000076033c3d0652
990098.0,563554,python,python,_io_StringIO_write
990098.0,563554,python,[JIT],0x000078c4e7bf2c11
990097.0,563579,python,[JIT],0x000070d052369823
990097.0,563579,python,[JIT],0x000070d05236f31a
990097.0,563602,python,[JIT],0x00007fe8c1a643a0
990097.0,563547,python,python,PyUnicode_AsUCS4
990097.0,563547,python,[JIT],0x000076033c3e831c
990097.0,563613,python,[JIT],0x00007764068870be
990097.0,563554,python,[JIT],0x000078c4e7bfcce0
990096.0,563579,python,[JIT],0x000070d0523bcf66
990096.0,563602,python,[JIT],0x00007fe8c1a90d94
990096.0,563547,python,[JIT],0x000076033c41f9ce
990096.0,563547,python,[JIT],0x000076033d5b9010
990096.0,563613,python,[JIT],0x0000776405f645ed
990095.0,563579,python,[JIT],0x000070d0523bcc46
990095.0,563579,python,[JIT],0x000070d0523be428
990095.0,563602,python,[JIT],0x00007fe8c1a67788
990095.0,563602,python,[JIT],0x00007fe8c1a9d43d
990094.0,563579,python,[JIT],0x000070d0523c05fd
990094.0,563579,python,[JIT],0x000070d0523c9c19
990094.0,563602,python,[JIT],0x00007fe8c1a73e81
990094.0,563547,python,[JIT],0x000076033c3dbed1
990093.0,563602,python,[JIT],0x00007fe8c1a56c8e
990093.0,563554,python,[JIT],0x000078c4e7c31396
990092.0,563579,python,[JIT],0x000070d052a580de
990091.0,563602,python,[JIT],0x00007fe8c1a67f4f
990091.0,563547,python,[JIT],0x000076033c3d911d
990091.0,563547,python,[JIT],0x000076033c3f74a7
990091.0,563590,python,[JIT],0x0000780ceb89f17e
990090.0,563579,python,[JIT],0x000070d052344001
990090.0,563602,python,[JIT],0x00007fe8c1a718e3
990090.0,563602,python,[JIT],0x00007fe8c1a9dda6
990090.0,563547,python,[JIT],0x000076033c3a606e
990090.0,563547,python,[JIT],0x000076033c3ca0ae
990090.0,563613,python,[JIT],0x0000776405f97e00
990090.0,563554,python,[JIT],0x000078c4e7c4aab9
990090.0,563590,python,[JIT],0x0000780ceb8465e0
990089.0,563579,python,[JIT],0x000070d052365ab6
990089.0,563579,python,[JIT],0x000070d0523bd917
990089.0,563579,python,[JIT],0x000070d0523bdc96
990089.0,563602,python,[JIT],0x00007fe8c1a3200a
990089.0,563602,python,[JIT],0x00007fe8c26ec650
990089.0,563602,python,[JIT],0x00007fe8c274b052
990089.0,563547,python,[JIT],0x000076033d4130b6
990089.0,563554,python,[JIT],0x000078c4e7c3c751
990089.0,563590,python,python,object_str
990088.0,563579,python,[JIT],0x000070d0523852d1
990088.0,563579,python,[JIT],0x000070d052a584bc
990088.0,563602,python,[JIT],0x00007fe8c1a54c4f
990088.0,563602,python,[JIT],0x00007fe8c1a863f8
990087.0,563579,python,[JIT],0x000070d0523a42af
990087.0,563579,python,[JIT],0x000070d0523bc3f2
990087.0,563602,python,[JIT],0x00007fe8c1aa0c52
990087.0,563554,python,[JIT],0x000078c4e7bf39c7
990087.0,563602,python,[JIT],0x00007fe8c1aa0add
990086.0,563602,python,[JIT],0x00007fe8c1a836ca
990086.0,563602,python,[JIT],0x00007fe8c1a8cb07
990086.0,563568,python,_struct.cpython-316-x86_64-linux-gnu.so,s_unpack_internal
990086.0,563554,python,[JIT],0x000078c4e7c3c9f0
990086.0,563590,python,[JIT],0x0000780ceb881d2f
990085.0,563579,python,[JIT],0x000070d052353fbe
990085.0,563579,python,[JIT],0x000070d0523a45f9
990085.0,563579,python,[JIT],0x000070d0523c0b87
990085.0,563602,python,[JIT],0x00007fe8c1a4b000
990085.0,563547,python,[JIT],0x000076033c3fa10f
990084.0,563602,python,[JIT],0x00007fe8c1a35085
990084.0,563602,python,[JIT],0x00007fe8c1a843aa
990084.0,563602,python,[JIT],0x00007fe8c1aa93d3
990084.0,563602,python,[JIT],0x00007fe8c1aab2a4
990083.0,563579,python,[JIT],0x000070d0523673c2
990083.0,563579,python,[JIT],0x000070d052385894
990083.0,563602,python,[JIT],0x00007fe8c1a57073
990083.0,563602,python,[JIT],0x00007fe8c1aa09ff
990083.0,563613,python,[JIT],0x0000776405fa011e
990083.0,563590,python,[JIT],0x0000780ceb8464fb
990082.0,563579,python,[JIT],0x000070d0523bcfd0
990082.0,563602,python,[JIT],0x00007fe8c1a911ef
990082.0,563547,python,[JIT],0x000076033c3d8b1f
990081.0,563579,python,[JIT],0x000070d0523787a0
990081.0,563579,python,[JIT],0x000070d05263990c
990081.0,563547,python,[JIT],0x000076033c3dfb56
990081.0,563547,python,[JIT],0x000076033c4147f5
990081.0,563613,python,[JIT],0x0000776405f63f28
990081.0,563554,python,[JIT],0x000078c4e7c4cc6a
990080.0,563579,python,[JIT],0x000070d0523bef22
990080.0,563602,python,[JIT],0x00007fe8c1a56ad7
990080.0,563602,python,[JIT],0x00007fe8c1a64f2f
990080.0,563547,python,[JIT],0x000076033d4131de
990079.0,563579,python,[JIT],0x000070d052376acd
990079.0,563579,python,[JIT],0x000070d0523845ac
990079.0,563579,python,[JIT],0x000070d05238c8df
990079.0,563602,python,[JIT],0x00007fe8c1a8c6b7
990079.0,563547,python,[JIT],0x000076033c3cac80
990079.0,563590,python,[JIT],0x0000780cec4eb604
990078.0,563579,python,[JIT],0x000070d05235e388
990078.0,563579,python,[JIT],0x000070d052370f26
990078.0,563579,python,[JIT],0x000070d0523b0b07
990078.0,563602,python,[JIT],0x00007fe8c1aa121b
990078.0,563547,python,[JIT],0x000076033c3c3b17
990078.0,563547,python,[JIT],0x000076033c6909c0
990078.0,563554,python,[JIT],0x000078c4e7c4ac55
990078.0,563602,python,[JIT],0x00007fe8c1aabede
990077.0,563579,python,[JIT],0x000070d0523c9159
990077.0,563554,python,[JIT],0x000078c4e7c1a7c6
990077.0,563554,python,[JIT],0x000078c4e7c3d26e
990076.0,563579,python,[JIT],0x000070d05235300e
990076.0,563602,python,[JIT],0x00007fe8c1a9e690
990076.0,563547,python,[JIT],0x000076033c3fcfd9
990076.0,563554,python,[JIT],0x000078c4e7c4b306
990075.0,563579,python,[JIT],0x000070d052c889a1
990075.0,563602,python,[JIT],0x00007fe8c1a67145
990075.0,563602,python,[JIT],0x00007fe8c1a752bb
990075.0,563547,python,[JIT],0x000076033c412e49
990075.0,563547,python,[JIT],0x000076033c415d88
990075.0,563613,python,[JIT],0x0000776405fae20a
990075.0,563602,python,[JIT],0x00007fe8c1aa007d
990074.0,563602,python,[JIT],0x00007fe8c1a9d636
990073.0,563579,python,[JIT],0x000070d0523532d1
990073.0,563602,python,[JIT],0x00007fe8c1a58142
990072.0,563579,python,[JIT],0x000070d0523a31e6
990072.0,563613,python,[JIT],0x0000776405f8172f
990072.0,563554,python,[JIT],0x000078c4e7c1df2b
990071.0,563579,python,[JIT],0x000070d0523772a8
990071.0,563602,python,[JIT],0x00007fe8c1a8b272
990070.0,563579,python,[JIT],0x000070d0523bc671
990070.0,563579,python,[JIT],0x000070d05263c008
990070.0,563602,python,[JIT],0x00007fe8c1a648da
990070.0,563602,python,[JIT],0x00007fe8c1a949d5
990070.0,563613,python,[JIT],0x000077640633907e
990070.0,563554,python,[JIT],0x000078c4e7c14e0e
990069.0,563602,python,[JIT],0x00007fe8c1a83c4e
990069.0,563602,python,[JIT],0x00007fe8c1d1c9c0
990068.0,563579,python,[JIT],0x000070d052349209
990068.0,563602,python,[JIT],0x00007fe8c1a35c3c
990068.0,563602,python,[JIT],0x00007fe8c1a4dcbe
990068.0,563613,python,[JIT],0x0000776405f71a5f
990068.0,563590,python,[JIT],0x0000780ceb89a86a
990068.0,563590,python,[JIT],0x0000780ceb8a61ec
990068.0,563602,python,python,_Py_CheckFunctionResult
990067.0,563602,python,[JIT],0x00007fe8c1a91901
990067.0,563602,python,[JIT],0x00007fe8c1a9ddde
990067.0,563547,python,[JIT],0x000076033c3e05f3
990066.0,563602,python,[JIT],0x00007fe8c1a65c0a
990066.0,563602,python,[JIT],0x00007fe8c1a65c97
990066.0,563602,python,[JIT],0x00007fe8c1a83b09
990066.0,563602,python,[JIT],0x00007fe8c1a9dc50
990066.0,563613,python,[JIT],0x0000776405fa27f6
990066.0,563554,python,[JIT],0x000078c4e7bdd45d
990065.0,563579,python,[JIT],0x000070d0523889d2
990065.0,563579,python,[JIT],0x000070d0523a26dc
990065.0,563602,python,[JIT],0x00007fe8c1a83808
990065.0,563602,python,[JIT],0x00007fe8c1a8583d
990065.0,563547,python,[JIT],0x000076033d413286
990065.0,563602,python,python,long_to_decimal_string
990064.0,563602,python,[JIT],0x00007fe8c1a58425
990064.0,563602,python,[JIT],0x00007fe8c1a8800a
990063.0,563579,python,[JIT],0x000070d05235d98d
990063.0,563579,python,[JIT],0x000070d0523a478d
990063.0,563602,python,[JIT],0x00007fe8c1a4d516
990063.0,563602,python,[JIT],0x00007fe8c1a6489a
990063.0,563554,python,[JIT],0x000078c4e7bf550d
990063.0,563554,python,[JIT],0x000078c4e7c4a87a
990062.0,563579,python,[JIT],0x000070d0523afa03
990062.0,563554,python,[JIT],0x000078c4e7c4beb3
990061.0,563579,python,[JIT],0x000070d052360443
990061.0,563579,python,[JIT],0x000070d0523af57b
990061.0,563602,python,[JIT],0x00007fe8c1a6366b
990061.0,563547,python,[JIT],0x000076033c3b46f2
990061.0,563547,python,[JIT],0x000076033d5b90de
990060.0,563579,python,[JIT],0x000070d05263bcff
990060.0,563602,python,[JIT],0x00007fe8c1a54a79
990060.0,563602,python,[JIT],0x00007fe8c1a9151d
990060.0,563547,python,[JIT],0x000076033c41263a
990059.0,563579,python,[JIT],0x000070d052398d20
990059.0,563579,python,[JIT],0x000070d052a58079
990059.0,563602,python,[JIT],0x00007fe8c1aa90cb
990058.0,563579,python,[JIT],0x000070d0523bc23c
990058.0,563602,python,[JIT],0x00007fe8c1aa20c4
990057.0,563579,python,[JIT],0x000070d0523698b0
990057.0,563579,python,[JIT],0x000070d0523bf03b
990057.0,563579,python,[JIT],0x000070d05263bfbb
990057.0,563602,python,[JIT],0x00007fe8c1a65a01
990057.0,563602,python,[JIT],0x00007fe8c1a912d3
990057.0,563554,python,[JIT],0x000078c4e7c34345
990056.0,563554,python,[JIT],0x000078c4e7bf5098
990055.0,563579,python,[JIT],0x000070d0523474fc
990055.0,563579,python,[JIT],0x000070d052c87368
990055.0,563602,python,[JIT],0x00007fe8c1a6465b
990055.0,563602,python,[JIT],0x00007fe8c1a86326
990054.0,563579,python,[JIT],0x000070d05237602a
990054.0,563602,python,[JIT],0x00007fe8c1a91c9d
990054.0,563554,python,[JIT],0x000078c4e7c1d665
990053.0,563579,python,[JIT],0x000070d052342155
990053.0,563579,python,[JIT],0x000070d052385c11
990053.0,563602,python,[JIT],0x00007fe8c1a6b4e8
990053.0,563602,python,[JIT],0x00007fe8c1a75227
990053.0,563602,python,[JIT],0x00007fe8c1a8810a
990052.0,563579,python,[JIT],0x000070d052374ee8
990052.0,563579,python,[JIT],0x000070d052383f80
990052.0,563602,python,[JIT],0x00007fe8c1a728c2
990052.0,563602,python,[JIT],0x00007fe8c274c0e7
990052.0,563547,python,[JIT],0x000076033c3aaf1d
990052.0,563554,python,[JIT],0x000078c4e7c3c60b
990052.0,563590,python,[JIT],0x0000780ceb89adb5
990051.0,563579,python,[JIT],0x000070d052382ba2
990051.0,563579,python,[JIT],0x000070d0523bc901
990051.0,563547,python,[JIT],0x000076033c4155cb
990051.0,563554,python,[JIT],0x000078c4e7c55a9c
990050.0,563602,python,[JIT],0x00007fe8c1a73e6d
990050.0,563547,python,[JIT],0x000076033c412a61
990049.0,563579,python,[JIT],0x000070d052355c80
990049.0,563579,python,[JIT],0x000070d0523697d3
990049.0,563579,python,[JIT],0x000070d0523bfca3
990049.0,563602,python,[JIT],0x00007fe8c1a9f31b
990049.0,563547,python,[JIT],0x000076033d0ecc00
990049.0,563613,python,[JIT],0x0000776405fadd54
990049.0,563554,python,[JIT],0x000078c4e7c3cc02
990048.0,563602,python,[JIT],0x00007fe8c274cd94
990048.0,563554,python,[JIT],0x000078c4e7c4b74d
990047.0,563579,python,[JIT],0x000070d0523a4b88
990047.0,563602,python,[JIT],0x00007fe8c1a43787
990047.0,563547,python,[JIT],0x000076033c412088
990046.0,563579,python,[JIT],0x000070d052366c9d
990046.0,563579,python,[JIT],0x000070d052382a36
990046.0,563579,python,[JIT],0x000070d052c871b4
990046.0,563579,python,[JIT],0x000070d0523d9f1d
990046.0,563602,python,[JIT],0x00007fe8c1a65b0f
990046.0,563547,python,[JIT],0x000076033c3ffc9a
990046.0,563554,python,[JIT],0x000078c4e7bdbad1
990046.0,563554,python,[JIT],0x000078c4e7bf256f
990046.0,563590,python,[JIT],0x0000780cec5472ef
990045.0,563579,python,[JIT],0x000070d05236f206
990045.0,563602,python,[JIT],0x00007fe8c1a711cb
990045.0,563602,python,[JIT],0x00007fe8c1a728ee
990045.0,563602,python,[JIT],0x00007fe8c1a750ad
990044.0,563579,python,[JIT],0x000070d0523862ae
990044.0,563579,python,[JIT],0x000070d0523bec5e
990044.0,563579,python,[JIT],0x000070d0523c8409
990044.0,563602,python,[JIT],0x00007fe8c1a660af
990044.0,563602,python,[JIT],0x00007fe8c1a9e84e
990044.0,563554,python,[JIT],0x000078c4e7bfe537
990043.0,563579,python,[JIT],0x000070d052383354
990043.0,563547,python,[JIT],0x000076033c40bbd2
990043.0,563590,python,[JIT],0x0000780ceb849309
990042.0,563579,python,[JIT],0x000070d052367d39
990042.0,563579,python,[JIT],0x000070d0523846b9
990042.0,563602,python,[JIT],0x00007fe8c1a85d25
990042.0,563602,python,[JIT],0x00007fe8c1aa06a7
990042.0,563613,python,[JIT],0x0000776405f9f50f
990042.0,563590,python,[JIT],0x0000780ceb89b373
990041.0,563579,python,[JIT],0x000070d0523c8e10
990041.0,563602,python,[JIT],0x00007fe8c1a75af6
990041.0,563590,python,[JIT],0x0000780ceb88006b
990041.0,563590,python,[JIT],0x0000780ceb89c1ef
990040.0,563579,python,[JIT],0x000070d0523be147
990040.0,563602,python,[JIT],0x00007fe8c1a84b36
990040.0,563602,python,[JIT],0x00007fe8c1aabe8b
990040.0,563547,python,[JIT],0x000076033c3c8827
990039.0,563579,python,[JIT],0x000070d05238d2d1
990039.0,563602,python,[JIT],0x00007fe8c1a73c56
990039.0,563602,python,[JIT],0x00007fe8c1a8c9b1
990039.0,563547,python,[JIT],0x000076033c405756
990039.0,563613,python,[JIT],0x0000776405f97f65
990039.0,563590,python,python,_PyInterpreterState_Main
990039.0,563590,python,[JIT],0x0000780ceb85f9a5
990038.0,563602,python,[JIT],0x00007fe8c1a72fa1
990037.0,563579,python,[JIT],0x000070d0523afdac
990037.0,563579,python,[JIT],0x000070d0523bcfe8
990037.0,563579,python,[JIT],0x000070d0523c8622
990037.0,563602,python,[JIT],0x00007fe8c1a63a36
990037.0,563602,python,[JIT],0x00007fe8c1a83154
990037.0,563602,python,[JIT],0x00007fe8c1a8a092
990037.0,563547,python,[JIT],0x000076033c404889
990037.0,563554,python,[JIT],0x000078c4e7c56d1b
990036.0,563579,python,[JIT],0x000070d0523aff6f
990036.0,563602,python,[JIT],0x00007fe8c1a6516d
990035.0,563602,python,[JIT],0x00007fe8c1a837f3
990035.0,563602,python,[JIT],0x00007fe8c1a83bfc
990035.0,563602,python,[JIT],0x00007fe8c1a8cee2
990035.0,563547,python,[JIT],0x000076033c3a8886
990035.0,563547,python,[JIT],0x000076033c690340
990035.0,563590,python,[JIT],0x0000780ceb8a60a9
990034.0,563579,python,[JIT],0x000070d05236e4f1
990034.0,563602,python,[JIT],0x00007fe8c1a6562c
990034.0,563547,python,[JIT],0x000076033c3fc18f
990033.0,563579,python,[JIT],0x000070d0523b0968
990033.0,563579,python,[JIT],0x000070d0523c0af0
990033.0,563613,python,python,_PyUnicode_BinarySlice
990033.0,563602,python,[JIT],0x00007fe8c1a84085
990033.0,563602,python,[JIT],0x00007fe8c1a8b126
990033.0,563602,python,[JIT],0x00007fe8c1a90061
990033.0,563602,python,[JIT],0x00007fe8c1aa18f7
990033.0,563547,python,[JIT],0x000076033d0ec30a
990033.0,563602,python,python,PySlice_AdjustIndices
990032.0,563602,python,[JIT],0x00007fe8c1a39012
990032.0,563547,python,[JIT],0x000076033c3db4b7
990032.0,563547,python,[JIT],0x000076033c3fc371
990032.0,563613,python,[JIT],0x0000776405f84812
990032.0,563613,python,[JIT],0x0000776405f9963a
990032.0,563613,python,[JIT],0x00007764070133e9
990032.0,563590,python,[JIT],0x0000780ceb8331ef
990031.0,563602,python,[JIT],0x00007fe8c1a552a2
990031.0,563602,python,[JIT],0x00007fe8c1a5d562
990031.0,563554,python,[JIT],0x000078c4e7bdf92a
990031.0,563554,python,[JIT],0x000078c4e82da33e
990030.0,563579,python,[JIT],0x000070d052c89123
990030.0,563547,python,[JIT],0x000076033c3ca669
990030.0,563547,python,[JIT],0x000076033c4125e7
990029.0,563602,python,[JIT],0x00007fe8c1a9f2ec
990029.0,563590,python,[JIT],0x0000780ceca4104c
990028.0,563579,python,[JIT],0x000070d0523a3243
990028.0,563579,python,[JIT],0x000070d0523be845
990028.0,563602,python,[JIT],0x00007fe8c1a4df86
990028.0,563590,python,[JIT],0x0000780ceb88000a
990028.0,563590,python,[JIT],0x0000780cebb1b31f
990027.0,563579,python,[JIT],0x000070d0523afb63
990027.0,563579,python,[JIT],0x000070d0523bcb69
990027.0,563602,python,[JIT],0x00007fe8c1a54cc0
990027.0,563602,python,[JIT],0x00007fe8c1a5b003
990027.0,563602,python,[JIT],0x00007fe8c1d1a24c
990027.0,563547,python,[JIT],0x000076033c405077
990027.0,563554,python,[JIT],0x000078c4e7c3f4c1
990026.0,563579,python,[JIT],0x000070d052c880a1
990026.0,563602,python,[JIT],0x00007fe8c1aa026e
990026.0,563554,python,[JIT],0x000078c4e7c3015a
990026.0,563590,python,[JIT],0x0000780ceb8508f5
990025.0,563579,python,[JIT],0x000070d05239bdec
990025.0,563602,python,[JIT],0x00007fe8c1a54e71
990025.0,563602,python,[JIT],0x00007fe8c1a9e596
990024.0,563579,python,[JIT],0x000070d05238cb2b
990024.0,563613,python,python,slot_nb_add
990024.0,563602,python,[JIT],0x00007fe8c1a39169
990024.0,563547,python,[JIT],0x000076033c3f7960
990023.0,563579,python,[JIT],0x000070d05235c62a
990023.0,563579,python,[JIT],0x000070d052385b72
990023.0,563602,python,[JIT],0x00007fe8c1a9f8e6
990022.0,563579,python,[JIT],0x000070d0523bd538
990021.0,563602,python,[JIT],0x00007fe8c2c460d3
990020.0,563602,python,[JIT],0x00007fe8c274c441
990020.0,563602,python,[JIT],0x00007fe8c1a8960d
990019.0,563579,python,[JIT],0x000070d0523a41cd
990019.0,563579,python,[JIT],0x000070d0523b5c32
990019.0,563579,python,[JIT],0x000070d0523be01a
990019.0,563579,python,[JIT],0x000070d0523cade8
990019.0,563579,python,[JIT],0x000070d052c886ff
990019.0,563602,python,[JIT],0x00007fe8c1a836df
990019.0,563602,python,[JIT],0x00007fe8c1a84c2c
990019.0,563602,python,[JIT],0x00007fe8c1a9d786
990019.0,563547,python,[JIT],0x000076033c3e57b4
990019.0,563547,python,[JIT],0x000076033c3fa241
990018.0,563579,python,[JIT],0x000070d05235e3b3
990018.0,563579,python,[JIT],0x000070d05238b092
990017.0,563579,python,[JIT],0x000070d05236d386
990017.0,563579,python,[JIT],0x000070d0523bff0a
990017.0,563579,python,[JIT],0x000070d0523c067b
990017.0,563602,python,[JIT],0x00007fe8c1a6e11f
990017.0,563602,python,[JIT],0x00007fe8c1a83600
990017.0,563602,python,[JIT],0x00007fe8c1aa1681
990017.0,563554,python,[JIT],0x000078c4e7bec659
990016.0,563579,python,[JIT],0x000070d0523674a1
990016.0,563579,python,[JIT],0x000070d052383be5
990016.0,563579,python,[JIT],0x000070d0523c830f
990016.0,563579,python,[JIT],0x000070d052a58290
990015.0,563579,python,[JIT],0x000070d052368333
990015.0,563579,python,[JIT],0x000070d0523bdcad
990015.0,563579,python,[JIT],0x000070d052c88c2e
990015.0,563602,python,[JIT],0x00007fe8c1a641ff
990015.0,563547,python,[JIT],0x000076033c3fc623
990014.0,563602,python,[JIT],0x00007fe8c1a41939
990014.0,563602,python,[JIT],0x00007fe8c1a637ff
990014.0,563602,python,[JIT],0x00007fe8c1a9e7ff
990014.0,563613,python,[JIT],0x0000776405f925e0
990014.0,563613,python,[JIT],0x0000776405fb8bc9
990013.0,563579,python,[JIT],0x000070d05238587c
990013.0,563602,python,[JIT],0x00007fe8c1a427a6
990013.0,563602,python,[JIT],0x00007fe8c1a45bca
990013.0,563602,python,[JIT],0x00007fe8c1a7393d
990013.0,563602,python,[JIT],0x00007fe8c1a91958
990013.0,563602,python,[JIT],0x00007fe8c1aa218f
990012.0,563579,python,[JIT],0x000070d0523430c2
990012.0,563602,python,python,PyTuple_GetSlice
990012.0,563602,python,[JIT],0x00007fe8c1a91b6c
990012.0,563547,python,[JIT],0x000076033d0ec056
990011.0,563602,python,[JIT],0x00007fe8c1a9d596
990011.0,563602,python,[JIT],0x00007fe8c1aa12f9
990011.0,563547,python,[JIT],0x000076033d0ec3f6
990011.0,563613,python,[JIT],0x0000776405f69e68
990010.0,563579,python,[JIT],0x000070d05235b003
990010.0,563602,python,[JIT],0x00007fe8c1a711d4
990010.0,563602,python,[JIT],0x00007fe8c1a9f23c
990009.0,563579,python,[JIT],0x000070d0523462cb
990009.0,563579,python,[JIT],0x000070d0523548d1
990009.0,563579,python,[JIT],0x000070d0523a40b6
990009.0,563602,python,[JIT],0x00007fe8c1a7d3a0
990009.0,563602,python,[JIT],0x00007fe8c1a90362
990009.0,563602,python,[JIT],0x00007fe8c2a13187
990009.0,563568,python,[JIT],0x000073d05ebc6595
990008.0,563579,python,[JIT],0x000070d05235bc58
990008.0,563579,python,[JIT],0x000070d0523af17d
990008.0,563579,python,[JIT],0x000070d052c8835e
990008.0,563547,python,[JIT],0x000076033c3c8a23
990007.0,563579,python,[JIT],0x000070d0523b783f
990007.0,563602,python,[JIT],0x00007fe8c1aaaa4e
990007.0,563613,python,[JIT],0x0000776405faf5c6
990006.0,563579,python,[JIT],0x000070d0523a475a
990006.0,563579,python,[JIT],0x000070d053565137
990006.0,563602,python,[JIT],0x00007fe8c1a8c1c0
990006.0,563547,python,[kernel.kallsyms],__update_load_avg_se
990006.0,563547,python,[JIT],0x000076033c3cb067
990005.0,563579,python,[JIT],0x000070d052346fe1
990005.0,563579,python,[JIT],0x000070d05237461e
990005.0,563579,python,[JIT],0x000070d052c88962
990005.0,563602,python,_struct.cpython-316-x86_64-linux-gnu.so,PyDict_GetItemRef@plt
990004.0,563602,python,[JIT],0x00007fe8c1a551e8
990004.0,563602,python,[JIT],0x00007fe8c1aa00f2
990004.0,563547,python,[JIT],0x000076033c3dba99
990003.0,563579,python,[JIT],0x000070d052346cfa
990003.0,563579,python,[JIT],0x000070d0523bd696
990003.0,563579,python,[JIT],0x000070d0523bd865
990003.0,563579,python,[JIT],0x000070d0523beefd
990003.0,563602,python,[JIT],0x00007fe8c1a400b6
990003.0,563547,python,[JIT],0x000076033d413010
990002.0,563579,python,[JIT],0x000070d05237419d
990002.0,563602,python,python,_PyMem_RawFree
990002.0,563602,python,[JIT],0x00007fe8c1a7506e
990002.0,563602,python,[JIT],0x00007fe8c1aab957
990002.0,563602,python,[JIT],0x00007fe8c2c4604c
990001.0,563579,python,[JIT],0x000070d052354f3f
990001.0,563579,python,[JIT],0x000070d0523bf097
990001.0,563602,python,[JIT],0x00007fe8c1a9db4e
990000.0,563579,python,[JIT],0x000070d0523af5aa
990000.0,563602,python,[JIT],0x00007fe8c1aa2134
990000.0,563590,python,[JIT],0x0000780ceb8815d6
989999.0,563579,python,[JIT],0x000070d052382682
989999.0,563602,python,[JIT],0x00007fe8c1a38ecb
989999.0,563602,python,[JIT],0x00007fe8c1a6bfed
989999.0,563602,python,[JIT],0x00007fe8c1aaf4e6
989998.0,563579,python,python,builtin_abs
989998.0,563602,python,[JIT],0x00007fe8c1a58492
989998.0,563590,python,[JIT],0x0000780ceb89a272
989997.0,563590,python,[JIT],0x0000780ceb88e39d
989995.0,563602,python,[JIT],0x00007fe8c1a75b32
989994.0,563579,python,[JIT],0x000070d052366232
989994.0,563579,python,[JIT],0x000070d05236dd6d
989994.0,563579,python,[JIT],0x000070d052385e16
989994.0,563602,python,[JIT],0x00007fe8c274c2b9
989994.0,563602,python,[JIT],0x00007fe8c274cdbb
989994.0,563547,python,[JIT],0x000076033c41eded
989994.0,563554,python,[JIT],0x000078c4e7c311f2
989993.0,563579,python,[JIT],0x000070d052360327
989993.0,563579,python,[JIT],0x000070d0523773b4
989993.0,563602,python,[JIT],0x00007fe8c1aa1c0d
989993.0,563602,python,[JIT],0x00007fe8c274c38d
989993.0,563613,python,[JIT],0x0000776405f630cf
989993.0,563613,python,[JIT],0x0000776405f83f1c
989992.0,563579,python,[JIT],0x000070d052c88b2f
989992.0,563602,python,[JIT],0x00007fe8c1a84900
989992.0,563547,python,[JIT],0x000076033c3fd36b
989992.0,563547,python,[JIT],0x000076033d5b912a
989991.0,563579,python,[JIT],0x000070d0523c115b
989991.0,563579,python,[JIT],0x000070d052c88bce
989990.0,563602,python,[JIT],0x00007fe8c1a9d804
989990.0,563602,python,[JIT],0x00007fe8c1aa97b3
989990.0,563547,python,[JIT],0x000076033c3f78e6
989990.0,563554,python,[JIT],0x000078c4e7c313ef
989989.0,563579,python,[JIT],0x000070d052369089
989989.0,563602,python,[JIT],0x00007fe8c1a5b04c
989989.0,563602,python,[JIT],0x00007fe8c1a91186
989987.0,563579,python,[JIT],0x000070d05236e28c
989987.0,563579,python,[JIT],0x000070d0523c841e
989987.0,563602,python,[JIT],0x00007fe8c1a8a31e
989986.0,563579,python,[JIT],0x000070d052366b13
989986.0,563579,python,[JIT],0x000070d05238640e
989986.0,563579,python,[JIT],0x000070d0523bfd32
989986.0,563579,python,[JIT],0x000070d0523c81da
989986.0,563602,python,[JIT],0x00007fe8c1a833b5
989986.0,563554,python,[JIT],0x000078c4e7c35287
989985.0,563579,python,[JIT],0x000070d0523760a4
989985.0,563613,python,[JIT],0x0000776405f80991
989985.0,563554,python,[JIT],0x000078c4e7c311ea
989984.0,563602,python,[JIT],0x00007fe8c2c4615f
989983.0,563602,python,[JIT],0x00007fe8c1a9fcf3
989982.0,563579,python,[kernel.kallsyms],filemap_get_read_batch
989982.0,563547,python,[JIT],0x000076033c411922
989982.0,563613,python,[JIT],0x0000776405f9f89e
989981.0,563579,python,[JIT],0x000070d052382d98
989981.0,563613,python,[JIT],0x0000776405f741b7
989980.0,563579,python,[JIT],0x000070d05235c03a
989980.0,563579,python,[JIT],0x000070d053565158
989980.0,563602,python,[JIT],0x00007fe8c274c4d9
989979.0,563579,python,[JIT],0x000070d05236592a
989979.0,563602,python,[JIT],0x00007fe8c1a84bc8
989979.0,563602,python,[JIT],0x00007fe8c1a8c3fb
989979.0,563547,python,[JIT],0x000076033c4118ef
989978.0,563602,python,[JIT],0x00007fe8c1a6cf9a
989978.0,563602,python,[JIT],0x00007fe8c1a931e0
989977.0,563579,python,[JIT],0x000070d052384cb5
989976.0,563602,python,[JIT],0x00007fe8c1a34d53
989975.0,563602,python,[JIT],0x00007fe8c1a54525
989975.0,563554,python,[JIT],0x000078c4e7c2f632
989974.0,563579,python,[JIT],0x000070d052368ad1
989974.0,563547,python,[JIT],0x000076033c415560
989973.0,563602,python,[JIT],0x00007fe8c1a74db5
989972.0,563579,python,[JIT],0x000070d05235ba27
989972.0,563579,python,[JIT],0x000070d05236da23
989972.0,563602,python,python,func_descr_get
989972.0,563602,python,[JIT],0x00007fe8c1aa0eb9
989972.0,563602,python,[JIT],0x00007fe8c2c46139
989971.0,563602,python,[JIT],0x00007fe8c1a656ef
989970.0,563602,python,[JIT],0x00007fe8c1a721e3
989970.0,563602,python,[JIT],0x00007fe8c1a73568
989970.0,563554,python,[JIT],0x000078c4e7c37126
989969.0,563579,python,[JIT],0x000070d052351031
989969.0,563579,python,[JIT],0x000070d0523bdc01
989969.0,563602,python,[JIT],0x00007fe8c1a57c36
989969.0,563602,python,[JIT],0x00007fe8c1a66c67
989969.0,563602,python,[JIT],0x00007fe8c274c37f
989968.0,563579,python,[JIT],0x000070d0523782fa
989968.0,563579,python,[JIT],0x000070d0523c9b85
989967.0,563602,python,[JIT],0x00007fe8c274c4cb
989967.0,563590,python,[JIT],0x0000780ceb82d62f
989966.0,563579,python,[JIT],0x000070d05239ca53
989966.0,563547,python,[JIT],0x000076033c4116fa
989966.0,563554,python,[JIT],0x000078c4e8ded052
989965.0,563579,python,[JIT],0x000070d0523689c5
989965.0,563602,python,[JIT],0x00007fe8c1a66853
989964.0,563579,python,[JIT],0x000070d052377228
989964.0,563579,python,[JIT],0x000070d05238443f
989964.0,563579,python,[JIT],0x000070d052c88828
989964.0,563602,python,[JIT],0x00007fe8c1a6b876
989964.0,563602,python,[JIT],0x00007fe8c1a9df30
989963.0,563554,python,[JIT],0x000078c4e7c0cc5d
989963.0,563554,python,[JIT],0x000078c4e7c3d2bf
989962.0,563579,python,[JIT],0x000070d052383214
989962.0,563579,python,[JIT],0x000070d052385cfc
989962.0,563602,python,[JIT],0x00007fe8c1a6566c
989961.0,563613,python,[JIT],0x0000776405f9719d
989960.0,563579,python,[JIT],0x000070d05236674c
989960.0,563602,python,[JIT],0x00007fe8c1a340bf
989960.0,563602,python,[JIT],0x00007fe8c1a6c063
989960.0,563613,python,[JIT],0x0000776405f5b7b3
989960.0,563554,python,[JIT],0x000078c4e7bfb1e9
989959.0,563602,python,[JIT],0x00007fe8c1a63d98
989959.0,563602,python,[JIT],0x00007fe8c1aa2000
989958.0,563579,python,[JIT],0x000070d0523bd05e
989958.0,563547,python,[JIT],0x000076033c4130fd
989957.0,563579,python,[JIT],0x000070d0523a5011
989957.0,563579,python,[JIT],0x000070d0523bfcaf
989956.0,563579,python,[JIT],0x000070d0523a406b
989956.0,563602,python,[JIT],0x00007fe8c1a7160a
989956.0,563547,python,[JIT],0x000076033c3f98c2
989956.0,563554,python,[JIT],0x000078c4e7c3c0f6
989955.0,563579,python,[JIT],0x000070d0523a54e2
989955.0,563579,python,[JIT],0x000070d0523af318
989955.0,563579,python,[JIT],0x000070d0523c10ef
989955.0,563602,python,[JIT],0x00007fe8c1a84f26
989955.0,563547,python,[JIT],0x000076033c7a2abd
989954.0,563579,python,[JIT],0x000070d052c88566
989953.0,563613,python,[JIT],0x0000776405fa7918
989952.0,563579,python,[JIT],0x000070d0523667df
989952.0,563579,python,[JIT],0x000070d0523afab4
989952.0,563613,python,[JIT],0x0000776407013445
989952.0,563590,python,[JIT],0x0000780ceb8b43b0
989951.0,563579,python,[JIT],0x000070d0523c0343
989951.0,563602,python,[JIT],0x00007fe8c1a4cdd3
989951.0,563602,python,[JIT],0x00007fe8c1aa2d06
989950.0,563579,python,[JIT],0x000070d0523a2c62
989950.0,563579,python,[JIT],0x000070d0523bc891
989950.0,563554,python,[JIT],0x000078c4e7c4ba96
989949.0,563602,python,[JIT],0x00007fe8c1a57e76
989949.0,563602,python,[JIT],0x00007fe8c1a74956
989949.0,563602,python,[JIT],0x00007fe8c1a75385
989949.0,563554,python,[JIT],0x000078c4e7c19000
989949.0,563554,python,[JIT],0x000078c4e7c1c3e6
989948.0,563579,python,[JIT],0x000070d052369028
989948.0,563602,python,[JIT],0x00007fe8c1a83828
989947.0,563579,python,[JIT],0x000070d0523a6112
989947.0,563547,python,[JIT],0x000076033c3ff63d
989946.0,563579,python,[JIT],0x000070d0523bcef4
989945.0,563579,python,[JIT],0x000070d052367feb
989945.0,563579,python,[JIT],0x000070d0523688dc
989945.0,563554,python,[JIT],0x000078c4e7c688bd
989944.0,563579,python,[JIT],0x000070d0523be72a
989944.0,563602,python,[JIT],0x00007fe8c1a891ea
989944.0,563602,python,[JIT],0x00007fe8c1a8c72b
989944.0,563602,python,[JIT],0x00007fe8c26ec391
989943.0,563579,python,[JIT],0x000070d0523bc6b9
989943.0,563602,python,[JIT],0x00007fe8c1a9ef49
989943.0,563602,python,[JIT],0x00007fe8c1d1cf67
989943.0,563554,python,[JIT],0x000078c4e7c1463e
989942.0,563602,python,[JIT],0x00007fe8c1a65e71
989942.0,563547,python,[JIT],0x000076033c41104c
989941.0,563579,python,[JIT],0x000070d052382003
989941.0,563590,python,[JIT],0x0000780ceb8639e4
989941.0,563590,python,[JIT],0x0000780ceb891335
989940.0,563579,python,[JIT],0x000070d0523bc435
989940.0,563602,python,[JIT],0x00007fe8c1a66f3c
989940.0,563602,python,[JIT],0x00007fe8c1aa9aaa
989940.0,563613,python,[JIT],0x0000776405facf80
989938.0,563579,python,[JIT],0x000070d052368771
989938.0,563579,python,[JIT],0x000070d052382a8a
989938.0,563579,python,[JIT],0x000070d0523af9f0
989938.0,563579,python,[JIT],0x000070d0523b0214
989938.0,563602,python,[JIT],0x00007fe8c1a89cf6
989938.0,563613,python,[JIT],0x0000776405fb89c2
989938.0,563590,python,[JIT],0x0000780ceb863afd
989937.0,563547,python,[JIT],0x000076033c3b42a3
989937.0,563547,python,[JIT],0x000076033c41426b
989936.0,563579,python,[JIT],0x000070d0523bec80
989936.0,563579,python,[JIT],0x000070d0535650b4
989936.0,563602,python,[JIT],0x00007fe8c1a883bc
989935.0,563579,python,[JIT],0x000070d052c88429
989935.0,563602,python,[JIT],0x00007fe8c1d1cceb
989935.0,563547,python,[JIT],0x000076033c411de3
989934.0,563579,python,[JIT],0x000070d0523b0974
989934.0,563579,python,[JIT],0x000070d0523bf9d9
989934.0,563602,python,[JIT],0x00007fe8c1a63c61
989934.0,563602,python,[JIT],0x00007fe8c1a834df
989934.0,563602,python,[JIT],0x00007fe8c274c35e
989933.0,563579,python,[JIT],0x000070d052386d2c
989933.0,563554,python,[JIT],0x000078c4e7be8d48
989933.0,563590,python,[JIT],0x0000780ceb89a00a
989931.0,563547,python,[JIT],0x000076033c411843
989930.0,563579,python,[JIT],0x000070d05235b000
989930.0,563579,python,[JIT],0x000070d05238aab1
989930.0,563602,python,[JIT],0x00007fe8c274b0ad
989930.0,563613,python,[JIT],0x0000776405fac594
989929.0,563579,python,[JIT],0x000070d0523473d1
989929.0,563579,python,[JIT],0x000070d05263bceb
989929.0,563554,python,[JIT],0x000078c4e7c2f003
989928.0,563579,python,[JIT],0x000070d0523666aa
989928.0,563579,python,[JIT],0x000070d05236943c
989928.0,563579,python,[JIT],0x000070d0523a3224
989928.0,563579,python,[JIT],0x000070d0523c1d0b
989928.0,563602,python,[JIT],0x00007fe8c1a42e79
989928.0,563602,python,[JIT],0x00007fe8c1a83e8c
989927.0,563579,python,[JIT],0x000070d05236835c
989926.0,563554,python,[JIT],0x000078c4e7c1de0c
989925.0,563602,python,[JIT],0x00007fe8c1a84f03
989924.0,563579,python,[JIT],0x000070d052382685
989924.0,563602,python,[JIT],0x00007fe8c1a581bc
989923.0,563579,python,[JIT],0x000070d05235c3d9
989922.0,563579,python,[JIT],0x000070d052365446
989922.0,563579,python,[JIT],0x000070d052c8870d
989922.0,563602,python,[JIT],0x00007fe8c1a3e277
989922.0,563602,python,[JIT],0x00007fe8c1a630e6
989921.0,563579,python,[JIT],0x000070d05238512f
989921.0,563579,python,[JIT],0x000070d0523c90ba
989921.0,563579,python,[JIT],0x000070d052a58391
989921.0,563602,python,[JIT],0x00007fe8c1a83f8c
989921.0,563602,python,[JIT],0x00007fe8c1a846df
989921.0,563602,python,[JIT],0x00007fe8c1a9f487
989921.0,563602,python,[JIT],0x00007fe8c1aab700
989921.0,563602,python,[JIT],0x00007fe8c1d1d164
989920.0,563579,python,[JIT],0x000070d0523bed04
989920.0,563579,python,[JIT],0x000070d0535650cc
989919.0,563579,python,[JIT],0x000070d05238205e
989919.0,563579,python,[JIT],0x000070d0523be87e
989919.0,563602,python,[JIT],0x00007fe8c1a9f236
989919.0,563547,python,[JIT],0x000076033c3f7301
989919.0,563547,python,[JIT],0x000076033c3fa213
989919.0,563547,python,[JIT],0x000076033c411a74
989919.0,563547,python,[JIT],0x000076033c4145c6
989919.0,563554,python,[JIT],0x000078c4e7c03fb4
989918.0,563579,python,[JIT],0x000070d0523b0a24
989918.0,563579,python,[JIT],0x000070d0523c0d0e
989918.0,563602,python,[JIT],0x00007fe8c1a3920f
989918.0,563602,python,[JIT],0x00007fe8c2c4607e
989918.0,563554,python,[JIT],0x000078c4e7c561c4
989917.0,563579,python,[JIT],0x000070d0523bcef1
989917.0,563554,python,[JIT],0x000078c4e7c4aae7
989916.0,563579,python,[JIT],0x000070d05235c2f1
989916.0,563579,python,[JIT],0x000070d0523821dc
989916.0,563602,python,[JIT],0x00007fe8c1a7214d
989916.0,563554,python,[JIT],0x000078c4e7c55546
989915.0,563602,python,[JIT],0x00007fe8c1a355ee
989915.0,563613,python,[JIT],0x0000776405fa64f1
989914.0,563579,python,[JIT],0x000070d0523bc59c
989914.0,563579,python,[JIT],0x000070d052a582cb
989914.0,563602,python,[JIT],0x00007fe8c1a8c012
989914.0,563590,python,[JIT],0x0000780cebb1cbad
989913.0,563579,python,[JIT],0x000070d0523c083b
989913.0,563602,python,[JIT],0x00007fe8c1a913bb
989912.0,563547,python,[JIT],0x000076033c4116d4
989911.0,563579,python,[JIT],0x000070d05236e7e8
989911.0,563579,python,[JIT],0x000070d052385dcc
989911.0,563602,python,[JIT],0x00007fe8c1a916ea
989911.0,563602,python,[JIT],0x00007fe8c1a9e0b8
989910.0,563602,python,[JIT],0x00007fe8c1a75260
989910.0,563590,python,[JIT],0x0000780ceb86fa88
989908.0,563579,python,[JIT],0x000070d0523bcc75
989907.0,563579,python,[JIT],0x000070d052c885d0
989907.0,563602,python,[JIT],0x00007fe8c1a9fd35
989907.0,563602,python,[JIT],0x00007fe8c274d1e9
989906.0,563547,python,[JIT],0x000076033c41fe95
989905.0,563602,python,[JIT],0x00007fe8c1a4d570
989905.0,563602,python,[JIT],0x00007fe8c1a917f6
989905.0,563547,python,[JIT],0x000076033c400ab1
989905.0,563613,python,[JIT],0x0000776405fb9792
989904.0,563547,python,[JIT],0x000076033c4114ac
989904.0,563554,python,python,emit__GUARD_BUILTINS_IS_CANONICAL_r11
989904.0,563590,python,[JIT],0x0000780ceb83cac0
989904.0,563590,python,[JIT],0x0000780ceb86efe8
989904.0,563590,python,[JIT],0x0000780ceb878c06
989904.0,563602,python,[JIT],0x00007fe8c1aabd8b
989903.0,563579,python,[JIT],0x000070d0523b55ec
989903.0,563547,python,[JIT],0x000076033c3c2098
989903.0,563554,python,[JIT],0x000078c4e7c63878
989902.0,563579,python,[JIT],0x000070d052366a9e
989902.0,563579,python,[JIT],0x000070d05237889b
989902.0,563602,python,[JIT],0x00007fe8c1a8cd3e
989902.0,563602,python,[JIT],0x00007fe8c1aa192f
989902.0,563602,python,[JIT],0x00007fe8c274c0a1
989901.0,563579,python,[JIT],0x000070d052351468
989900.0,563579,python,[JIT],0x000070d05236509a
989900.0,563579,python,[JIT],0x000070d0523664c1
989899.0,563579,python,[JIT],0x000070d05238a566
989899.0,563579,python,[JIT],0x000070d0523a3131
989899.0,563579,python,[JIT],0x000070d0523bc466
989898.0,563579,python,[JIT],0x000070d0523784cd
989898.0,563579,python,[JIT],0x000070d052385f93
989898.0,563590,python,[JIT],0x0000780cec54830a
989897.0,563602,python,[JIT],0x00007fe8c1a4b245
989897.0,563602,python,[JIT],0x00007fe8c1a9e421
989895.0,563579,python,[JIT],0x000070d0523787ad
989895.0,563579,python,[JIT],0x000070d052398ee0
989895.0,563579,python,[JIT],0x000070d0523a2892
989894.0,563602,python,python,PyMem_Free
989894.0,563547,python,[JIT],0x000076033c3b5e43
989893.0,563579,python,[JIT],0x000070d0523af1cc
989893.0,563602,python,[JIT],0x00007fe8c1aaa40f
989892.0,563579,python,[JIT],0x000070d052367acc
989891.0,563613,python,[JIT],0x0000776405f97600
989891.0,563602,python,[JIT],0x00007fe8c274c010
989891.0,563590,python,[JIT],0x0000780ceb886f28
989890.0,563579,python,[JIT],0x000070d05239c4f0
989890.0,563579,python,[JIT],0x000070d0523a2797
989890.0,563579,python,[JIT],0x000070d0523b8986
989889.0,563579,python,[JIT],0x000070d052386bbe
989889.0,563579,python,[JIT],0x000070d0523a4b27
989889.0,563602,python,[JIT],0x00007fe8c1a6c416
989888.0,563579,python,[JIT],0x000070d0523651ea
989887.0,563554,python,[JIT],0x000078c4e7c15cf0
989886.0,563602,python,[JIT],0x00007fe8c1a8a69b
989886.0,563602,python,[JIT],0x00007fe8c1a9da36
989886.0,563547,python,[JIT],0x000076033c3df22e
989885.0,563579,python,[JIT],0x000070d0523a4861
989884.0,563579,python,[JIT],0x000070d0523706f0
989884.0,563602,python,[JIT],0x00007fe8c1a8af95
989884.0,563590,python,[JIT],0x0000780ceb84950d
989883.0,563579,python,[JIT],0x000070d0523c11b6
989883.0,563547,python,[JIT],0x000076033c3a9425
989883.0,563554,python,[JIT],0x000078c4e7c38e53
989882.0,563579,python,[JIT],0x000070d0523afe57
989882.0,563602,python,[JIT],0x00007fe8c1a36ee1
989882.0,563602,python,[JIT],0x00007fe8c1a88e9a
989882.0,563602,python,[JIT],0x00007fe8c1a9421d
989882.0,563613,python,[JIT],0x0000776405f7336f
989882.0,563590,python,[JIT],0x0000780ceb86787d
989881.0,563602,python,[JIT],0x00007fe8c1aab4bd
989881.0,563554,python,[JIT],0x000078c4e7c15a10
989880.0,563579,python,[JIT],0x000070d052368d94
989880.0,563579,python,[JIT],0x000070d0523a4876
989880.0,563579,python,[JIT],0x000070d0523af787
989880.0,563579,python,[JIT],0x000070d0523bfa7a
989880.0,563602,python,[JIT],0x00007fe8c1a65eea
989880.0,563613,python,[JIT],0x0000776405f9fa21
989880.0,563613,python,[JIT],0x0000776405fb911f
989879.0,563579,python,[JIT],0x000070d052368f55
989879.0,563579,python,[JIT],0x000070d052384a12
989879.0,563602,python,[JIT],0x00007fe8c1a563d3
989879.0,563554,python,[JIT],0x000078c4e7c0e417
989878.0,563579,python,[JIT],0x000070d05236698b
989878.0,563602,python,[JIT],0x00007fe8c1a355cf
989878.0,563554,python,[JIT],0x000078c4e7c2ffd2
989877.0,563579,python,[JIT],0x000070d05235cbab
989877.0,563579,python,[JIT],0x000070d05237069e
989877.0,563568,python,[JIT],0x000073d05e81d6fb
989876.0,563579,python,[JIT],0x000070d0523909eb
989876.0,563579,python,[JIT],0x000070d0523bd1be
989876.0,563547,python,[JIT],0x000076033c415774
989874.0,563602,python,[JIT],0x00007fe8c1aa0dec
989874.0,563602,python,[JIT],0x00007fe8c1aa9d96
989874.0,563554,python,[JIT],0x000078c4e7c380b3
989873.0,563602,python,[JIT],0x00007fe8c1a6c718
989873.0,563590,python,[JIT],0x0000780cebb1dbe1
989873.0,563547,python,[JIT],0x000076033c404092
989872.0,563579,python,[JIT],0x000070d0523bc15c
989872.0,563613,python,[JIT],0x0000776405fb02cb
989871.0,563579,python,[JIT],0x000070d0523be442
989870.0,563579,python,[JIT],0x000070d052c87321
989870.0,563602,python,[JIT],0x00007fe8c1a637b1
989869.0,563579,python,[JIT],0x000070d0523a4a61
989869.0,563590,python,[JIT],0x0000780ceb85f5e9
989868.0,563579,python,[JIT],0x000070d05234e39b
989868.0,563579,python,[JIT],0x000070d0523a344e
989868.0,563602,python,[JIT],0x00007fe8c1a93ccf
989867.0,563579,python,[JIT],0x000070d05235c003
989867.0,563602,python,[JIT],0x00007fe8c1a89d5a
989867.0,563602,python,[JIT],0x00007fe8c274c9e6
989866.0,563579,python,[JIT],0x000070d0523a21b4
989866.0,563579,python,[JIT],0x000070d052c87128
989866.0,563613,python,[JIT],0x0000776407013862
989865.0,563579,python,[JIT],0x000070d0523a43ca
989865.0,563602,python,[JIT],0x00007fe8c1a840d5
989864.0,563602,python,[JIT],0x00007fe8c1a6b14d
989864.0,563547,python,[JIT],0x000076033c3fe312
989864.0,563613,python,[JIT],0x0000776405f3fac4
989864.0,563590,python,[JIT],0x0000780ceb8676af
989863.0,563602,python,[JIT],0x00007fe8c1a9e53a
989863.0,563547,python,[JIT],0x000076033c407134
989862.0,563579,python,[JIT],0x000070d052344eba
989862.0,563602,python,[JIT],0x00007fe8c1a32d07
989862.0,563613,python,python,PyObject_GenericGetAttr
989862.0,563613,python,[JIT],0x000077640701363d
989861.0,563579,python,[JIT],0x000070d0523658a6
989860.0,563579,python,[JIT],0x000070d0523b041b
989860.0,563602,python,[JIT],0x00007fe8c1a63820
989860.0,563602,python,[JIT],0x00007fe8c1a64494
989860.0,563602,python,[JIT],0x00007fe8c1a90680
989860.0,563590,python,[JIT],0x0000780ceb840ec2
989859.0,563579,python,[JIT],0x000070d052a584aa
989859.0,563602,python,[JIT],0x00007fe8c1a359f1
989858.0,563579,python,[JIT],0x000070d052347740
989858.0,563579,python,[JIT],0x000070d0523bd9cb
989858.0,563554,python,[JIT],0x000078c4e7c4d57a
989857.0,563579,python,[JIT],0x000070d052384543
989857.0,563547,python,[JIT],0x000076033c3d9127
989856.0,563579,python,[JIT],0x000070d0523be9e2
989855.0,563579,python,[JIT],0x000070d0523835bc
989855.0,563602,python,[JIT],0x00007fe8c1a725c8
989854.0,563579,python,[JIT],0x000070d0523429cd
989854.0,563579,python,[JIT],0x000070d05235da3e
989854.0,563568,python,python,_PyObject_MakeTpCall
989853.0,563602,python,[JIT],0x00007fe8c1a4198f
989853.0,563547,python,[JIT],0x000076033c411594
989852.0,563579,python,[JIT],0x000070d052366d3f
989852.0,563579,python,[JIT],0x000070d0523affff
989852.0,563579,python,[JIT],0x000070d052c8716d
989851.0,563602,python,[JIT],0x00007fe8c1a57392
989851.0,563547,python,[JIT],0x000076033c3e6009
989850.0,563579,python,[JIT],0x000070d05236512d
989850.0,563613,python,[JIT],0x0000776405f9472c
989849.0,563602,python,[JIT],0x00007fe8c1a88d0a
989849.0,563602,python,[JIT],0x00007fe8c274c5bc
989849.0,563590,python,[JIT],0x0000780cec54800a
989848.0,563579,python,[JIT],0x000070d0535650de
989847.0,563579,python,[JIT],0x000070d05235327e
989847.0,563602,python,[JIT],0x00007fe8c1a386d8
989847.0,563547,python,[JIT],0x000076033c3da92a
989846.0,563579,python,[JIT],0x000070d0523758fe
989846.0,563602,python,[JIT],0x00007fe8c1a64a29
989846.0,563613,python,[JIT],0x0000776405f820b3
989846.0,563554,python,[JIT],0x000078c4e7c34659
989846.0,563590,python,[JIT],0x0000780ceb89b9cb
989845.0,563554,python,[JIT],0x000078c4e7c33c98
989845.0,563554,python,[JIT],0x000078c4e7c4b7fd
989844.0,563579,python,[JIT],0x000070d0523458ef
989844.0,563579,python,[JIT],0x000070d0523687ab
989844.0,563579,python,[JIT],0x000070d0523c8351
989844.0,563554,python,[JIT],0x000078c4e7c2d000
989843.0,563602,python,[JIT],0x00007fe8c1aa0c8a
989841.0,563579,python,[JIT],0x000070d0523a32e7
989841.0,563579,python,[JIT],0x000070d0523bfba3
989840.0,563554,python,[JIT],0x000078c4e7c1ab4a
989839.0,563602,python,[JIT],0x00007fe8c1a8344c
989838.0,563579,python,[JIT],0x000070d05236603d
989837.0,563579,python,[JIT],0x000070d0523a3b82
989837.0,563547,python,[kernel.kallsyms],rcu_pending
989837.0,563590,python,[JIT],0x0000780ceb876d49
989836.0,563579,python,[JIT],0x000070d052374c55
989836.0,563579,python,[JIT],0x000070d0523bc307
989836.0,563602,python,[JIT],0x00007fe8c1a37a88
989836.0,563547,python,[JIT],0x000076033c3b9572
989835.0,563602,python,[JIT],0x00007fe8c274c788
989833.0,563602,python,[JIT],0x00007fe8c1a8d1dc
989832.0,563579,python,python,builtin_print
989832.0,563602,python,[JIT],0x00007fe8c1a7537c
989829.0,563613,python,[JIT],0x0000776405f728f9
989829.0,563590,python,[JIT],0x0000780ceb8636a4
989828.0,563579,python,[JIT],0x000070d05236d3af
989828.0,563547,python,[JIT],0x000076033c3fa437
989826.0,563579,python,[JIT],0x000070d05235a3a2
989825.0,563579,python,[JIT],0x000070d0535650da
989825.0,563554,python,[JIT],0x000078c4e7c49cf2
989824.0,563602,python,[JIT],0x00007fe8c1aa0c35
989824.0,563554,python,[JIT],0x000078c4e7c56a02
989824.0,563554,python,libc.so.6,__strlen_avx2
989823.0,563602,python,[JIT],0x00007fe8c1aa946c
989823.0,563554,python,[JIT],0x000078c4e7c4c14c
989822.0,563579,python,[JIT],0x000070d0523b0c69
989822.0,563579,python,[JIT],0x000070d0523c99e3
989822.0,563602,python,[JIT],0x00007fe8c1aa0d84
989821.0,563579,python,[JIT],0x000070d052374736
989821.0,563579,python,[JIT],0x000070d0523bde79
989820.0,563602,python,[JIT],0x00007fe8c1a633ba
989819.0,563579,python,[JIT],0x000070d0523a2828
989819.0,563602,python,[JIT],0x00007fe8c1a85e2c
989818.0,563579,python,[JIT],0x000070d052344daf
989818.0,563579,python,[JIT],0x000070d0523be3a5
989818.0,563579,python,[JIT],0x000070d0523bece0
989818.0,563579,python,[JIT],0x000070d05263b644
989818.0,563613,python,[JIT],0x0000776405f811d2
989818.0,563590,python,[JIT],0x0000780ceb8821ea
989817.0,563613,python,[JIT],0x0000776405fb853a
989817.0,563602,python,[JIT],0x00007fe8c1a67753
989816.0,563579,python,[JIT],0x000070d052368179
989816.0,563602,python,[JIT],0x00007fe8c2c460da
989816.0,563590,python,[JIT],0x0000780ceb8528ae
989814.0,563579,python,[JIT],0x000070d0523a47df
989814.0,563547,python,python,cfunction_vectorcall_O
989812.0,563602,python,[JIT],0x00007fe8c1d1c1e7
989812.0,563554,python,[JIT],0x000078c4e7c3181c
989811.0,563613,python,python,_PyRunRemoteDebugger
989811.0,563602,python,[JIT],0x00007fe8c1a6b109
989810.0,563579,python,[JIT],0x000070d05236d381
989810.0,563579,python,[JIT],0x000070d05238a22e
989810.0,563602,python,[JIT],0x00007fe8c1a911b4
989808.0,563602,python,[JIT],0x00007fe8c1a32ac0
989808.0,563568,python,[JIT],0x000073d05eed023e
989806.0,563590,python,[JIT],0x0000780ceb860f3a
989805.0,563602,python,[JIT],0x00007fe8c1a42080
989805.0,563554,python,[JIT],0x000078c4e7c49e0d
989804.0,563579,python,[JIT],0x000070d052368657
989804.0,563590,python,_struct.cpython-316-x86_64-linux-gnu.so,unpack
989804.0,563554,python,[JIT],0x000078c4e7c5632f
989802.0,563602,python,[JIT],0x00007fe8c1a3262f
989802.0,563602,python,[JIT],0x00007fe8c1a4519c
989802.0,563602,python,[JIT],0x00007fe8c1a6b176
989802.0,563602,python,[JIT],0x00007fe8c1a91375
989801.0,563613,python,[JIT],0x0000776405fb0f64
989800.0,563579,python,[JIT],0x000070d0523bc32f
989799.0,563590,python,[JIT],0x0000780ceb83b742
989798.0,563579,python,[JIT],0x000070d05237609d
989798.0,563579,python,[JIT],0x000070d0523c0988
989798.0,563590,python,[JIT],0x0000780cebb1d159
989797.0,563613,python,[JIT],0x0000776405fba184
989797.0,563554,python,[JIT],0x000078c4e7c4b49e
989797.0,563590,python,[JIT],0x0000780cec548462
989795.0,563579,python,[JIT],0x000070d0523bdd71
989794.0,563602,python,python,long_alloc
989793.0,563613,python,[JIT],0x0000776405faf5d5
989793.0,563602,python,[JIT],0x00007fe8c1abb3fe
989792.0,563579,python,[JIT],0x000070d0523a3372
989792.0,563602,python,[JIT],0x00007fe8c1a6699f
989792.0,563602,python,[JIT],0x00007fe8c1a9f474
989792.0,563547,python,[JIT],0x000076033c407343
989792.0,563613,python,[JIT],0x0000776405fac100
989789.0,563579,python,[JIT],0x000070d052348bc2
989789.0,563602,python,[JIT],0x00007fe8c1a73f2f
989789.0,563602,python,[JIT],0x00007fe8c1a8b093
989789.0,563554,python,[JIT],0x000078c4e7ecb15f
989788.0,563579,python,[JIT],0x000070d0523a29d0
989786.0,563579,python,[JIT],0x000070d0523a4122
989786.0,563579,python,[JIT],0x000070d0523b0c5f
989786.0,563554,python,[JIT],0x000078c4e7c3d3bb
989785.0,563579,python,[JIT],0x000070d05237706a
989785.0,563579,python,[JIT],0x000070d05238455c
989784.0,563579,python,[JIT],0x000070d0523a2438
989784.0,563579,python,[JIT],0x000070d052c87271
989784.0,563579,python,[JIT],0x000070d052c87354
989781.0,563579,python,[JIT],0x000070d05237099c
989781.0,563602,python,[JIT],0x00007fe8c1a645bc
989781.0,563547,python,[JIT],0x000076033c412538
989781.0,563568,python,[JIT],0x000073d05ebc61f1
989781.0,563554,python,[JIT],0x000078c4e7c560d1
989780.0,563579,python,[JIT],0x000070d052353e4a
989779.0,563602,python,[JIT],0x00007fe8c274cd6d
989777.0,563579,python,[JIT],0x000070d0523a42ad
989776.0,563602,python,[JIT],0x00007fe8c1a6348e
989775.0,563579,python,[JIT],0x000070d0523a2b79
989775.0,563579,python,[JIT],0x000070d0523bffca
989775.0,563602,python,[JIT],0x00007fe8c1a83b73
989774.0,563579,python,[JIT],0x000070d0523a4eb1
989773.0,563590,python,[JIT],0x0000780ceb88d739
989773.0,563590,python,[JIT],0x0000780ceb89e0b4
989772.0,563554,python,[JIT],0x000078c4e7c1ea68
989771.0,563613,python,[JIT],0x0000776405fb8676
989771.0,563554,python,[JIT],0x000078c4e7c31a64
989770.0,563579,python,[JIT],0x000070d05237032a
989770.0,563579,python,[JIT],0x000070d0523c09b5
989770.0,563613,python,[JIT],0x0000776405fa2740
989770.0,563554,python,[JIT],0x000078c4e7bde07f
989768.0,563579,python,[JIT],0x000070d0523af104
989768.0,563590,python,python,binary_op1
989768.0,563590,python,[JIT],0x0000780ceb8a9920
989768.0,563547,python,[JIT],0x000076033c3a6784
989768.0,563613,python,[JIT],0x0000776405f69cfc
989766.0,563579,python,[JIT],0x000070d052365957
989766.0,563579,python,[JIT],0x000070d0523a510f
989766.0,563579,python,[JIT],0x000070d052639ae3
989764.0,563579,python,[JIT],0x000070d052c885b3
989764.0,563602,python,[JIT],0x00007fe8c1a6d05e
989763.0,563579,python,[JIT],0x000070d0523b01ed
989762.0,563613,python,[JIT],0x0000776407013691
989761.0,563579,python,[JIT],0x000070d052355ed3
989760.0,563579,python,[JIT],0x000070d052c873fc
989759.0,563579,python,[JIT],0x000070d0523660dc
989759.0,563554,python,[JIT],0x000078c4e8ded003
989758.0,563579,python,[JIT],0x000070d0523bf00b
989758.0,563554,python,python,PyDict_GetItemRef
989757.0,563554,python,[JIT],0x000078c4e7c304d0
989755.0,563579,python,[JIT],0x000070d0523bcdde
989754.0,563579,python,[JIT],0x000070d052342000
989754.0,563579,python,[JIT],0x000070d052351450
989754.0,563579,python,[JIT],0x000070d0523a483d
989754.0,563579,python,[JIT],0x000070d0523bf432
989754.0,563579,python,[JIT],0x000070d05263b30a
989754.0,563613,python,[JIT],0x0000776405f8b124
989750.0,563579,python,[JIT],0x000070d0523c993e
989750.0,563602,python,[JIT],0x00007fe8c1a6458d
989750.0,563547,python,[JIT],0x000076033c3fefe2
989750.0,563547,python,[JIT],0x000076033c413236
989749.0,563613,python,[JIT],0x0000776407013273
989748.0,563579,python,[JIT],0x000070d05263b6f5
989745.0,563613,python,[JIT],0x0000776405fb816c
989745.0,563547,python,[JIT],0x000076033c3fe41d
989745.0,563554,python,[JIT],0x000078c4e7c14ec7
989744.0,563579,python,[JIT],0x000070d0523be415
989743.0,563579,python,[JIT],0x000070d052c8721e
989741.0,563547,python,[JIT],0x000076033c414748
989740.0,563554,python,[JIT],0x000078c4e7c0ba2f
989739.0,563579,python,[JIT],0x000070d0523afaa3
989739.0,563602,python,[JIT],0x00007fe8c1e2e19c
989739.0,563547,python,[JIT],0x000076033c3fe7b1
989738.0,563579,python,[JIT],0x000070d0523489c5
989738.0,563602,python,[JIT],0x00007fe8c1aa937a
989735.0,563602,python,[JIT],0x00007fe8c1a9ec96
989732.0,563579,python,[JIT],0x000070d052384cc6
989732.0,563579,python,[JIT],0x000070d0523bf0f2
989731.0,563602,python,[JIT],0x00007fe8c1a9dd6c
989731.0,563554,python,python,memset@plt
989730.0,563547,python,[JIT],0x000076033c411dc3
989729.0,563579,python,[JIT],0x000070d0523be64e
989729.0,563547,python,[JIT],0x000076033c3f9107
989729.0,563590,python,[JIT],0x0000780ceb83ff43
989728.0,563579,python,[JIT],0x000070d0523afc5e
989728.0,563579,python,[JIT],0x000070d0523b3820
989727.0,563602,python,[JIT],0x00007fe8c1a57f7c
989727.0,563547,python,[JIT],0x000076033c3b4736
989727.0,563547,python,[JIT],0x000076033c3f9d82
989726.0,563547,python,[JIT],0x000076033c4058d9
989726.0,563613,python,[JIT],0x0000776405f9247e
989726.0,563613,python,[JIT],0x0000776405f9ab54
989723.0,563590,python,python,unicode_dealloc
989722.0,563579,python,[JIT],0x000070d05238468e
989722.0,563602,python,[JIT],0x00007fe8c1a73e85
989722.0,563602,python,[JIT],0x00007fe8c1a9eb37
989722.0,563547,python,[JIT],0x000076033c3e672f
989721.0,563602,python,[JIT],0x00007fe8c1a72a3f
989720.0,563547,python,[JIT],0x000076033c404375
989717.0,563602,python,python,_PyTuple_FromStackRefStealOnSuccess
989716.0,563579,python,[JIT],0x000070d05236dce0
989716.0,563602,python,[JIT],0x00007fe8c1a8bd33
989714.0,563613,python,[JIT],0x0000776405fae828
989713.0,563613,python,[JIT],0x0000776405fac5eb
989712.0,563579,python,[JIT],0x000070d0523865bc
989712.0,563602,python,[JIT],0x00007fe8c1a73dc9
989708.0,563602,python,[JIT],0x00007fe8c1a38124
989708.0,563547,python,[JIT],0x000076033c3fd3b7
989707.0,563613,python,python,classmethod_get
989706.0,563602,python,[JIT],0x00007fe8c1a863e8
989704.0,563602,python,[JIT],0x00007fe8c1a91367
989700.0,563579,python,[JIT],0x000070d0523a37da
989699.0,563579,python,[JIT],0x000070d0523a3099
989698.0,563602,python,[JIT],0x00007fe8c1a54003
989697.0,563579,python,[JIT],0x000070d05238d24b
989697.0,563554,python,[JIT],0x000078c4e7c49594
989696.0,563602,python,[JIT],0x00007fe8c1a9e1be
989695.0,563613,python,[JIT],0x0000776405f5922f
989695.0,563590,python,[JIT],0x0000780ceb89a3c6
989694.0,563602,python,[JIT],0x00007fe8c1a4d8ad
989693.0,563579,python,[JIT],0x000070d0523a52d9
989693.0,563602,python,[JIT],0x00007fe8c1a9006f
989693.0,563613,python,[JIT],0x0000776405faf71b
989692.0,563602,python,[JIT],0x00007fe8c1a84fbb
989692.0,563568,python,[JIT],0x000073d05f4eb0a1
989692.0,563590,python,[JIT],0x0000780ceb87019b
989691.0,563579,python,[JIT],0x000070d052a5800a
989690.0,563554,python,[JIT],0x000078c4e7c0fa99
989685.0,563579,python,[JIT],0x000070d0523bf0e5
989685.0,563579,python,[JIT],0x000070d052c88636
989685.0,563590,python,[JIT],0x0000780ceb89aa98
989684.0,563602,python,[JIT],0x00007fe8c1aa0dd1
989684.0,563613,python,[JIT],0x0000776405f9445f
989683.0,563579,python,[JIT],0x000070d05274d142
989682.0,563602,python,[JIT],0x00007fe8c1a862b5
989682.0,563613,python,[JIT],0x0000776405f8ae3c
989682.0,563554,python,[JIT],0x000078c4e7c40bd1
989680.0,563579,python,[JIT],0x000070d0523be3af
989678.0,563579,python,[JIT],0x000070d052368900
989676.0,563554,python,[JIT],0x000078c4e7c34867
989675.0,563602,python,[JIT],0x00007fe8c1a56d90
989675.0,563554,python,[JIT],0x000078c4e7c1e9b8
989673.0,563554,python,[JIT],0x000078c4e7c3212a
989669.0,563579,python,[JIT],0x000070d05263b50c
989669.0,563547,python,[JIT],0x000076033c3e59e5
989667.0,563579,python,[JIT],0x000070d052a7e0e1
989667.0,563554,python,[JIT],0x000078c4e7c4b0d9
989666.0,563547,python,[JIT],0x000076033c4151b8
989664.0,563579,python,[JIT],0x000070d0523bd2d7
989664.0,563602,python,[JIT],0x00007fe8c1a8cb0c
989660.0,563613,python,[JIT],0x00007764068871fe
989660.0,563590,python,[JIT],0x0000780ceb853e9e
989658.0,563579,python,[JIT],0x000070d052c87052
989657.0,563547,python,[JIT],0x000076033c3fcd41
989656.0,563590,python,[JIT],0x0000780ceb83c3a9
989656.0,563590,python,[JIT],0x0000780ceb8502c6
989655.0,563579,python,[JIT],0x000070d0523bf5eb
989655.0,563547,python,[JIT],0x000076033c69021f
989652.0,563579,python,[JIT],0x000070d05235dba3
989651.0,563613,python,[JIT],0x0000776405fae628
989650.0,563554,python,[JIT],0x000078c4e7c571c6
989649.0,563579,python,[JIT],0x000070d052375ebc
989649.0,563579,python,[JIT],0x000070d052382911
989649.0,563579,python,[JIT],0x000070d0523bd665
989649.0,563602,python,[JIT],0x00007fe8c1a98959
989648.0,563613,python,[JIT],0x0000776405fb87ae
989648.0,563590,python,[JIT],0x0000780ceb839068
989647.0,563579,python,[JIT],0x000070d0523afb45
989647.0,563613,python,[JIT],0x000077640664400a
989647.0,563590,python,[JIT],0x0000780ceb89ed3c
989647.0,563613,python,[JIT],0x0000776405face5d
989645.0,563590,python,[JIT],0x0000780ceb8638d9
989644.0,563613,python,[JIT],0x0000776405fae853
989643.0,563579,python,[JIT],0x000070d0523b000f
989643.0,563602,python,[JIT],0x00007fe8c1a65c78
989643.0,563590,python,[JIT],0x0000780ceb886a47
989642.0,563547,python,[JIT],0x000076033c41565a
989642.0,563590,python,[JIT],0x0000780ceb8818ea
989641.0,563579,python,[JIT],0x000070d0523af60e
989639.0,563579,python,[JIT],0x000070d0523c1ce8
989637.0,563579,python,[JIT],0x000070d052368082
989637.0,563568,python,python,PyObject_GetBuffer
989636.0,563547,python,[JIT],0x000076033c3c8c31
989636.0,563613,python,[JIT],0x0000776405f75100
989635.0,563579,python,[JIT],0x000070d05263c264
989635.0,563613,python,[JIT],0x0000776405fb9c35
989633.0,563602,python,[JIT],0x00007fe8c1a89afa
989631.0,563579,python,[JIT],0x000070d05235e92c
989626.0,563547,python,[JIT],0x000076033c3c9ab1
989625.0,563602,python,[JIT],0x00007fe8c1a576e0
989625.0,563613,python,[JIT],0x0000776405fa301f
989622.0,563602,python,[JIT],0x00007fe8c1a91e9f
989622.0,563602,python,[JIT],0x00007fe8c1a9f1ef
989621.0,563590,python,[JIT],0x0000780cec548535
989620.0,563547,python,[JIT],0x000076033c40406f
989618.0,563602,python,[JIT],0x00007fe8c1a9f00e
989615.0,563579,python,[JIT],0x000070d05234707f
989615.0,563579,python,[JIT],0x000070d0523706b5
989613.0,563579,python,[JIT],0x000070d0523bec0a
989608.0,563547,python,[JIT],0x000076033d0eb08f
989608.0,563613,python,[JIT],0x0000776405fa27ae
989607.0,563602,python,[JIT],0x00007fe8c1a90fff
989607.0,563547,python,[JIT],0x000076033c3e6a9e
989604.0,563579,python,[JIT],0x000070d052378cd4
989604.0,563613,python,[JIT],0x0000776405f84637
989600.0,563613,python,[JIT],0x0000776405f5bd73
989600.0,563590,python,[JIT],0x0000780ceb868c42
989599.0,563579,python,[JIT],0x000070d052c88616
989599.0,563590,python,[JIT],0x0000780ceb8a781a
989597.0,563579,python,[JIT],0x000070d0523a2f18
989595.0,563579,python,[JIT],0x000070d052375c29
989595.0,563547,python,[JIT],0x000076033d413370
989595.0,563590,python,[JIT],0x0000780ceb89ac46
989594.0,563547,python,[JIT],0x000076033c3e0e37
989594.0,563547,python,[JIT],0x000076033c3fe86f
989594.0,563590,python,[JIT],0x0000780ceb880869
989593.0,563579,python,[JIT],0x000070d052a7e2c4
989593.0,563547,python,[JIT],0x000076033c3e7827
989593.0,563547,python,[JIT],0x000076033c3ef25b
989592.0,563554,python,[JIT],0x000078c4e7c49d44
989590.0,563613,python,[JIT],0x0000776405f8475e
989590.0,563590,python,[JIT],0x0000780ceb872c00
989589.0,563554,python,[JIT],0x000078c4e7c3ceee
989582.0,563547,python,[JIT],0x000076033c3cf6da
989580.0,563613,python,[JIT],0x0000776405f6483f
989579.0,563579,python,[JIT],0x000070d0523a4399
989578.0,563579,python,[JIT],0x000070d05356507a
989577.0,563602,python,[JIT],0x00007fe8c1a393a8
989576.0,563602,python,[JIT],0x00007fe8c1aa0d57
989575.0,563613,python,[JIT],0x0000776405f65765
989571.0,563579,python,[JIT],0x000070d05356515f
989571.0,563602,python,[JIT],0x00007fe8c1a852a8
989570.0,563602,python,[JIT],0x00007fe8c274c54f
989569.0,563613,python,[JIT],0x0000776405f9f901
989568.0,563602,python,[JIT],0x00007fe8c1a660cd
989567.0,563547,python,[JIT],0x000076033d0ec53f
989567.0,563554,python,[JIT],0x000078c4e82da2c3
989567.0,563590,python,[JIT],0x0000780ceb851797
989566.0,563547,python,[JIT],0x000076033ccc93d7
989565.0,563602,python,[JIT],0x00007fe8c1a90211
989562.0,563579,python,[JIT],0x000070d0523aff54
989562.0,563602,python,[JIT],0x00007fe8c1a89ec0
989560.0,563579,python,[JIT],0x000070d05236866d
989560.0,563547,python,[JIT],0x000076033d4130f0
989560.0,563554,python,[JIT],0x000078c4e7bfdf28
989559.0,563613,python,[JIT],0x0000776405fb8277
989557.0,563590,python,python,pthread_self@plt
989557.0,563590,python,[JIT],0x0000780ceb886f7c
989556.0,563579,python,[JIT],0x000070d0523a37ee
989554.0,563579,python,[JIT],0x000070d052384a48
989553.0,563579,python,[JIT],0x000070d05236f91c
989552.0,563554,python,[JIT],0x000078c4e7c3cbaf
989551.0,563613,python,[JIT],0x0000776405f9a8fe
989551.0,563613,python,[JIT],0x0000776405fb083e
989550.0,563590,python,[JIT],0x0000780ceb869bdd
989548.0,563590,python,[JIT],0x0000780cec5480eb
989547.0,563590,python,[JIT],0x0000780cebb1c7e3
989545.0,563590,python,[JIT],0x0000780ceb82f822
989545.0,563590,python,[JIT],0x0000780ceb89d5b0
989542.0,563547,python,[JIT],0x000076033c3f90f5
989540.0,563579,python,[JIT],0x000070d0523a52eb
989540.0,563547,python,[JIT],0x000076033c3e8b2f
989539.0,563547,python,[JIT],0x000076033c3f910f
989539.0,563554,python,[JIT],0x000078c4e7bff9a8
989538.0,563602,python,[JIT],0x00007fe8c1a8c17f
989538.0,563547,python,[JIT],0x000076033c3e7be1
989536.0,563579,python,[JIT],0x000070d052386826
989536.0,563590,python,[JIT],0x0000780cec521408
989536.0,563554,python,[JIT],0x000078c4e7bfdd47
989535.0,563547,python,[JIT],0x000076033c3b87e8
989534.0,563547,python,[JIT],0x000076033c3e8f00
989533.0,563590,python,[JIT],0x0000780ceb86f7ed
989532.0,563579,python,[JIT],0x000070d052369294
989532.0,563579,python,[JIT],0x000070d052c88735
989531.0,563547,python,[JIT],0x000076033c3bf0d7
989529.0,563579,python,[JIT],0x000070d0523833a0
989529.0,563554,python,[JIT],0x000078c4e7c495cc
989526.0,563547,python,[JIT],0x000076033c3da2eb
989524.0,563554,python,[JIT],0x000078c4e7c31b59
989522.0,563602,python,[JIT],0x00007fe8c1a6d1f0
989521.0,563554,python,[JIT],0x000078c4e7c56e42
989520.0,563547,python,[JIT],0x000076033c3fe82e
989520.0,563613,python,[JIT],0x0000776405f81c85
989520.0,563590,python,[JIT],0x0000780ceb853b4a
989519.0,563602,python,[JIT],0x00007fe8c1aa93f6
989518.0,563613,python,[JIT],0x0000776405f696d7
989517.0,563590,python,[JIT],0x0000780ceb8823f6
989516.0,563590,python,[JIT],0x0000780ceb83f110
989515.0,563579,python,[JIT],0x000070d052374587
989515.0,563568,python,python,PyUnicode_New
989514.0,563602,python,[JIT],0x00007fe8c1a8c14f
989507.0,563579,python,[JIT],0x000070d0523a39c7
989504.0,563613,python,[JIT],0x0000776405f649f9
989502.0,563568,python,[JIT],0x000073d05e821982
989502.0,563590,python,[JIT],0x0000780ceb88193b
989501.0,563602,python,[JIT],0x00007fe8c1a73405
989501.0,563602,python,[JIT],0x00007fe8c1a9d179
989499.0,563602,python,[JIT],0x00007fe8c1e2e57d
989497.0,563613,python,[JIT],0x0000776405f73377
989496.0,563613,python,[JIT],0x0000776405f9fb0a
989496.0,563613,python,[JIT],0x0000776405f9fda3
989489.0,563547,python,[JIT],0x000076033c3f8d00
989488.0,563590,python,[JIT],0x0000780ceb85283f
989487.0,563590,python,[JIT],0x0000780cec4eb11a
989483.0,563602,python,[JIT],0x00007fe8c1aaa4b8
989482.0,563579,python,[JIT],0x000070d0523a4bd6
989482.0,563602,python,[JIT],0x00007fe8c1a7408a
989482.0,563554,python,[JIT],0x000078c4e7c558b7
989482.0,563590,python,[JIT],0x0000780ceb8579e6
989480.0,563613,python,[JIT],0x0000776405f7c1df
989479.0,563547,python,[JIT],0x000076033c690640
989475.0,563579,python,[JIT],0x000070d052c886d8
989474.0,563547,python,[JIT],0x000076033c3f8700
989473.0,563579,python,[JIT],0x000070d0523bf031
989473.0,563579,python,[JIT],0x000070d052639482
989473.0,563613,python,[JIT],0x0000776405f5afb0
989473.0,563554,python,[JIT],0x000078c4e7c307e2
989472.0,563547,python,[JIT],0x000076033c3aa4e2
989471.0,563579,python,[JIT],0x000070d05236e989
989470.0,563579,python,[JIT],0x000070d052375f38
989469.0,563579,python,[JIT],0x000070d0523bfb3d
989467.0,563579,python,[JIT],0x000070d0523bd110
989467.0,563613,python,[JIT],0x0000776405fa0515
989467.0,563554,python,[JIT],0x000078c4e7bfdecc
989467.0,563590,python,[JIT],0x0000780ceb86e37d
989464.0,563554,python,[JIT],0x000078c4e7c1b5f9
989463.0,563547,python,[JIT],0x000076033d0ec365
989460.0,563579,python,[JIT],0x000070d052c8866b
989458.0,563568,python,[JIT],0x000073d05e84c81e
989457.0,563554,python,[JIT],0x000078c4e7c34fb9
989456.0,563579,python,[JIT],0x000070d0523a36e3
989455.0,563590,python,[JIT],0x0000780ceb885962
989454.0,563554,python,[JIT],0x000078c4e7c134dc
989452.0,563579,python,[JIT],0x000070d0523bcdd6
989452.0,563547,python,[JIT],0x000076033c3c11e7
989451.0,563579,python,[JIT],0x000070d05263c5f1
989448.0,563554,python,python,PyNumber_Multiply
989446.0,563547,python,[JIT],0x000076033c415951
989445.0,563547,python,[JIT],0x000076033c41e248
989444.0,563547,python,[JIT],0x000076033c405d46
989443.0,563579,python,[JIT],0x000070d052375c6e
989440.0,563579,python,[JIT],0x000070d052386e97
989440.0,563547,python,[JIT],0x000076033c3e75fe
989437.0,563579,python,[JIT],0x000070d052c885ac
989437.0,563613,python,[JIT],0x0000776405fb0140
989435.0,563554,python,[JIT],0x000078c4e7ecb21e
989433.0,563602,python,[JIT],0x00007fe8c1a97714
989433.0,563590,python,[JIT],0x0000780ceb85fe61
989432.0,563602,python,[JIT],0x00007fe8c1a8909c
989432.0,563613,python,[JIT],0x0000776405f6a670
989431.0,563602,python,[JIT],0x00007fe8c1a4e55d
989426.0,563579,python,[JIT],0x000070d052349045
989420.0,563568,python,python,_PyObject_VectorcallDictTstate
989419.0,563602,python,[JIT],0x00007fe8c1a750a3
989418.0,563579,python,[JIT],0x000070d05274d209
989418.0,563602,python,[JIT],0x00007fe8c1e2e6b1
989417.0,563602,python,[JIT],0x00007fe8c1a9e17c
989417.0,563590,python,[JIT],0x0000780ceb89b989
989416.0,563554,python,[JIT],0x000078c4e7c38c8e
989415.0,563579,python,[JIT],0x000070d052376fef
989413.0,563547,python,[JIT],0x000076033c3c8577
989411.0,563590,python,[JIT],0x0000780ceb86316d
989408.0,563554,python,[JIT],0x000078c4e7c36976
989406.0,563613,python,[JIT],0x0000776405f98eac
989404.0,563602,python,[JIT],0x00007fe8c1a8a819
989404.0,563602,python,[JIT],0x00007fe8c274c2d4
989400.0,563579,python,[JIT],0x000070d052383d5f
989396.0,563613,python,[JIT],0x0000776405f84953
989396.0,563590,python,[JIT],0x0000780ceb89db3d
989393.0,563579,python,[JIT],0x000070d052384d18
989392.0,563579,python,[JIT],0x000070d0523a43ca
989392.0,563554,python,[JIT],0x000078c4e7ecb0a1
989390.0,563554,python,[JIT],0x000078c4e7c3c000
989389.0,563602,python,[JIT],0x00007fe8c1d1ebdd
989389.0,563590,python,[JIT],0x0000780ceb89e81d
989387.0,563579,python,[JIT],0x000070d0523a21f9
989385.0,563579,python,[JIT],0x000070d052c88697
989384.0,563554,python,[JIT],0x000078c4e7c4d1f1
989383.0,563579,python,[JIT],0x000070d0523691dd
989382.0,563554,python,[JIT],0x000078c4e7c4ece8
989380.0,563613,python,[JIT],0x00007764068872e2
989379.0,563602,python,[JIT],0x00007fe8c1a93547
989378.0,563579,python,[JIT],0x000070d0523bffc6
989377.0,563590,python,[JIT],0x0000780ceb88d922
989375.0,563579,python,[JIT],0x000070d0523670b3
989373.0,563554,python,_struct.cpython-316-x86_64-linux-gnu.so,unpack
989372.0,563554,python,[JIT],0x000078c4e82da22e
989370.0,563554,python,[JIT],0x000078c4e7bfccb5
989368.0,563602,python,[JIT],0x00007fe8c1a7c911
989367.0,563590,python,[JIT],0x0000780ceb83dc87
989366.0,563590,python,[JIT],0x0000780ceb8536c4
989364.0,563602,python,[JIT],0x00007fe8c1a557cb
989363.0,563602,python,[JIT],0x00007fe8c1a7d3bf
989363.0,563554,python,[JIT],0x000078c4e7c15ffd
989359.0,563602,python,[JIT],0x00007fe8c1a8bd0e
989358.0,563602,python,[JIT],0x00007fe8c1a75631
989354.0,563602,python,[JIT],0x00007fe8c274c993
989353.0,563579,python,[JIT],0x000070d0523bc2d4
989351.0,563579,python,[JIT],0x000070d052375eb0
989350.0,563602,python,[JIT],0x00007fe8c1a9d36a
989350.0,563547,python,[JIT],0x000076033c411675
989347.0,563613,python,[JIT],0x0000776405fb90ba
989347.0,563554,python,[JIT],0x000078c4e7c0c564
989347.0,563554,python,[JIT],0x000078c4e7c6200a
989344.0,563579,python,[JIT],0x000070d05239c569
989343.0,563602,python,[JIT],0x00007fe8c1aa0018
989343.0,563602,python,[JIT],0x00007fe8c1aa067d
989342.0,563590,python,[JIT],0x0000780ceb8536b5
989342.0,563590,python,[JIT],0x0000780ceb86e0b9
989341.0,563579,python,[JIT],0x000070d05235fad9
989340.0,563590,python,[JIT],0x0000780ceb850c3b
989339.0,563547,python,[JIT],0x000076033c3cb2db
989338.0,563579,python,python,_PyOptimizer_Optimize
989337.0,563602,python,[JIT],0x00007fe8c1a9d9ed
989336.0,563547,python,[kernel.kallsyms],native_write_msr
989336.0,563547,python,[JIT],0x000076033c40d975
989336.0,563554,python,[JIT],0x000078c4e7c0b5b5
989336.0,563554,python,[JIT],0x000078c4e7c49b04
989335.0,563613,python,[JIT],0x0000776405f8b25a
989333.0,563602,python,[JIT],0x00007fe8c1a743e9
989332.0,563602,python,[JIT],0x00007fe8c1a75b08
989329.0,563568,python,libc.so.6,cfree@GLIBC_2.2.5
989327.0,563554,python,[JIT],0x000078c4e7c1b44f
989325.0,563579,python,[JIT],0x000070d052370acb
989324.0,563590,python,[JIT],0x0000780ceb86e08d
989322.0,563602,python,[JIT],0x00007fe8c1a33bc2
989321.0,563547,python,[JIT],0x000076033d0ec167
989319.0,563547,python,[JIT],0x000076033c3c8804
989319.0,563590,python,[JIT],0x0000780ceb89d6fe
989318.0,563613,python,python,object_richcompare
989318.0,563547,python,[JIT],0x000076033c415905
989318.0,563554,python,python,_PyType_AllocNoTrack
989317.0,563613,python,python,_PyObject_VectorcallDictTstate
989315.0,563547,python,[JIT],0x000076033c4135f1
989314.0,563613,python,[JIT],0x0000776405f8040b
989313.0,563579,python,[JIT],0x000070d0523bf6a7
989312.0,563579,python,[JIT],0x000070d052365922
989310.0,563602,python,[JIT],0x00007fe8c1a98877
989306.0,563590,python,[JIT],0x0000780ceb8a7f54
989304.0,563554,python,[JIT],0x000078c4e7c3d299
989303.0,563554,python,[JIT],0x000078c4e7c57a31
989302.0,563613,python,[JIT],0x0000776405f64fab
989298.0,563590,python,python,unicode_compare
989297.0,563579,python,[JIT],0x000070d052367284
989297.0,563602,python,[JIT],0x00007fe8c1d1c94e
989294.0,563602,python,[JIT],0x00007fe8c1a9fd45
989293.0,563579,python,[JIT],0x000070d0523c855b
989293.0,563547,python,[JIT],0x000076033c415d85
989293.0,563613,python,[JIT],0x00007764070141e1
989293.0,563568,python,[JIT],0x000073d05e84e0fa
989292.0,563579,python,[JIT],0x000070d0523ca939
989292.0,563613,python,[JIT],0x0000776405f9f3b5
989289.0,563613,python,[JIT],0x0000776405f59167
989288.0,563554,python,[JIT],0x000078c4e7be7dbf
989287.0,563547,python,[JIT],0x000076033d41329a
989286.0,563602,python,[JIT],0x00007fe8c1a65b13
989286.0,563602,python,[JIT],0x00007fe8c1a74fc6
989285.0,563554,python,[JIT],0x000078c4e7c4bbad
989285.0,563554,python,[JIT],0x000078c4e7c4ddcc
989282.0,563602,python,[JIT],0x00007fe8c1a94142
989279.0,563554,python,[JIT],0x000078c4e7bdf4e3
989277.0,563579,python,[JIT],0x000070d052342b78
989276.0,563613,python,[kernel.kallsyms],_raw_spin_lock
989274.0,563613,python,[JIT],0x0000776405fad482
989272.0,563554,python,python,PyMethod_New
989269.0,563613,python,[JIT],0x0000776405fb104c
989269.0,563568,python,[JIT],0x000073d05e835909
989269.0,563590,python,python,optimize_uops.isra.0
989267.0,563590,python,[JIT],0x0000780ceb8693d4
989266.0,563590,python,[kernel.kallsyms],hrtimer_forward
989265.0,563547,python,[JIT],0x000076033d0ec25b
989263.0,563613,python,[JIT],0x00007764068872ef
989263.0,563602,python,[JIT],0x00007fe8c1a9e6af
989261.0,563554,python,[JIT],0x000078c4e7ecb25a
989253.0,563613,python,[JIT],0x0000776405fa022b
989250.0,563554,python,[JIT],0x000078c4e7c2f9fc
989248.0,563579,python,[JIT],0x000070d0523b0239
989248.0,563579,python,[JIT],0x000070d0523bf07d
989247.0,563590,python,[JIT],0x0000780ceb89cfb9
989246.0,563602,python,[JIT],0x00007fe8c1a9f046
989246.0,563590,python,[JIT],0x0000780ceb8830fc
989246.0,563547,python,[JIT],0x000076033d0ecd05
989245.0,563579,python,[JIT],0x000070d052c88b03
989243.0,563547,python,[JIT],0x000076033c3f7661
989243.0,563613,python,python,emit__POP_TOP_INT_r32
989241.0,563579,python,[JIT],0x000070d0523bd368
989235.0,563579,python,[JIT],0x000070d052385b81
989235.0,563554,python,[JIT],0x000078c4e7c0dfc7
989233.0,563547,python,[JIT],0x000076033c691238
989232.0,563579,python,[JIT],0x000070d052374a8a
989232.0,563579,python,[JIT],0x000070d0523c00e7
989230.0,563579,python,[JIT],0x000070d0523754d4
989229.0,563590,python,[JIT],0x0000780ceb8a7de2
989228.0,563579,python,[JIT],0x000070d0523bcbca
989224.0,563590,python,[JIT],0x0000780cec547104
989223.0,563568,python,[JIT],0x000073d05eab4ff7
989222.0,563590,python,python,_PyNumber_PowerNoMod
989220.0,563579,python,[JIT],0x000070d052370716
989218.0,563554,python,[JIT],0x000078c4e7c0d551
989217.0,563590,python,[JIT],0x0000780ceb86ff6b
989214.0,563602,python,[JIT],0x00007fe8c1a729e5
989210.0,563613,python,[JIT],0x0000776405f586f7
989209.0,563602,python,[JIT],0x00007fe8c1a8c84b
989208.0,563579,python,[JIT],0x000070d052353f97
989205.0,563602,python,[JIT],0x00007fe8c1a648f5
989203.0,563547,python,[JIT],0x000076033c414fc2
989201.0,563579,python,[JIT],0x000070d0523be318
989201.0,563613,python,[JIT],0x0000776405fb9fbb
989199.0,563602,python,[JIT],0x00007fe8c1a91d05
989198.0,563554,python,[JIT],0x000078c4e7c302b0
989196.0,563602,python,[JIT],0x00007fe8c1a5ff58
989196.0,563590,python,[JIT],0x0000780ceb89db87
989195.0,563602,python,[JIT],0x00007fe8c1a641be
989195.0,563602,python,[JIT],0x00007fe8c1a75106
989195.0,563554,python,[JIT],0x000078c4e7bed107
989193.0,563602,python,[JIT],0x00007fe8c1a7466f
989185.0,563613,python,[JIT],0x0000776405faebf4
989183.0,563590,python,[JIT],0x0000780ceb89bb1f
989180.0,563579,python,[JIT],0x000070d052c87365
989176.0,563602,python,[JIT],0x00007fe8c1a7426b
989175.0,563579,python,[JIT],0x000070d0523c9f5c
989174.0,563579,python,[JIT],0x000070d0523c9270
989172.0,563613,python,[JIT],0x00007764066698d8
989163.0,563590,python,[JIT],0x0000780ceb8819c7
989163.0,563590,python,[JIT],0x0000780ceb89ee4e
989160.0,563602,python,[JIT],0x00007fe8c274c566
989150.0,563547,python,[JIT],0x000076033c41132b
989148.0,563547,python,[JIT],0x000076033c690fed
989143.0,563547,python,[JIT],0x000076033c3fd5fd
989140.0,563579,python,_struct.cpython-316-x86_64-linux-gnu.so,PyObject_GetBuffer@plt
989140.0,563590,python,[JIT],0x0000780ceb82d8f3
989139.0,563602,python,[JIT],0x00007fe8c1a9fd7d
989139.0,563547,python,[kernel.kallsyms],perf_event_task_tick
989138.0,563602,python,[JIT],0x00007fe8c1e2e1b8
989138.0,563613,python,[JIT],0x0000776405faf076
989135.0,563547,python,[JIT],0x000076033c415ef7
989135.0,563613,python,[JIT],0x0000776405f972c1
989135.0,563613,python,[JIT],0x0000776405faf08c
989133.0,563579,python,[JIT],0x000070d05238c1c7
989133.0,563590,python,[JIT],0x0000780ceb853e67
989132.0,563579,python,[JIT],0x000070d0523af18f
989130.0,563579,python,[JIT],0x000070d0523a2ab7
989130.0,563579,python,[JIT],0x000070d0523af369
989129.0,563590,python,python,_list_extend
989126.0,563602,python,[JIT],0x00007fe8c1a91a02
989126.0,563547,python,[JIT],0x000076033c3e627a
989125.0,563547,python,[JIT],0x000076033d0ecd5b
989124.0,563579,python,[JIT],0x000070d0523d7f69
989122.0,563579,python,[JIT],0x000070d05236f5d7
989121.0,563579,python,[JIT],0x000070d052c8833e
989119.0,563613,python,[JIT],0x0000776405f71383
989118.0,563547,python,[JIT],0x000076033c4218fe
989116.0,563547,python,[JIT],0x000076033c3b919c
989111.0,563579,python,[JIT],0x000070d0523c107c
989109.0,563568,python,[JIT],0x000073d05e836e75
989108.0,563613,python,[JIT],0x0000776405f97716
989108.0,563613,python,[JIT],0x0000776407013d69
989108.0,563554,python,[JIT],0x000078c4e7c34b52
989104.0,563613,python,[JIT],0x0000776405f97182
989103.0,563547,python,[JIT],0x000076033c7a205a
989101.0,563579,python,[JIT],0x000070d052c882e4
989100.0,563547,python,[JIT],0x000076033c3e9d34
989098.0,563590,python,[JIT],0x0000780ceb886ab4
989096.0,563554,python,[JIT],0x000078c4e7c3527d
989095.0,563602,python,[JIT],0x00007fe8c274c0a5
989095.0,563590,python,[JIT],0x0000780ceb862cbd
989092.0,563547,python,[JIT],0x000076033c3fd598
989088.0,563554,python,[kernel.kallsyms],lock_timer_base
989086.0,563613,python,[JIT],0x0000776405f9a491
989077.0,563613,python,[JIT],0x0000776405fc13a6
989077.0,563590,python,[JIT],0x0000780ceb85fc06
989075.0,563602,python,[JIT],0x00007fe8c1a9ee47
989075.0,563554,python,[JIT],0x000078c4e7c63a63
989070.0,563547,python,[JIT],0x000076033c41d7d8
989068.0,563547,python,[JIT],0x000076033d413351
989065.0,563579,python,[JIT],0x000070d05236d6f0
989063.0,563602,python,[JIT],0x00007fe8c1a71241
989057.0,563590,python,[kernel.kallsyms],error_entry
989056.0,563590,python,[JIT],0x0000780ceb883382
989049.0,563579,python,[JIT],0x000070d0523bcdc3
989049.0,563602,python,[JIT],0x00007fe8c274c23e
989048.0,563602,python,[JIT],0x00007fe8c1a4b22a
989046.0,563579,python,python,PyLong_FromUnsignedLongLong
989045.0,563613,python,[JIT],0x0000776405f940db
989043.0,563602,python,[JIT],0x00007fe8c1a5b4cf
989035.0,563613,python,[JIT],0x0000776405f93209
989034.0,563613,python,[JIT],0x0000776405fb9ba4
989032.0,563579,python,[JIT],0x000070d052383c54
989027.0,563590,python,[JIT],0x0000780ceb886dae
989027.0,563554,python,python,PyCMethod_New
989026.0,563613,python,python,PySequence_Fast
989025.0,563547,python,[JIT],0x000076033c41d58e
989025.0,563590,python,[JIT],0x0000780ceb8a6fcf
989017.0,563579,python,[JIT],0x000070d0523bd957
989017.0,563579,python,[JIT],0x000070d0523bef11
989015.0,563547,python,[JIT],0x000076033c3f930b
989015.0,563590,python,[JIT],0x0000780ceb8806f1
989010.0,563579,python,[JIT],0x000070d0523bf3bf
989008.0,563590,python,[JIT],0x0000780ceb88dd76
989007.0,563579,python,[JIT],0x000070d05235e4e2
989006.0,563547,python,[JIT],0x000076033d0ec135
989003.0,563547,python,[JIT],0x000076033c415d22
988998.0,563579,python,[JIT],0x000070d0523c1146
988997.0,563590,python,[JIT],0x0000780ceb88896c
988995.0,563547,python,[JIT],0x000076033c405563
988992.0,563579,python,[JIT],0x000070d0523ca2f6
988990.0,563602,python,[JIT],0x00007fe8c1a55a4e
988988.0,563590,python,[JIT],0x0000780ceb86715b
988987.0,563547,python,[JIT],0x000076033c404f1b
988986.0,563547,python,[JIT],0x000076033c41e4d3
988984.0,563554,python,[JIT],0x000078c4e7ecc00a
988983.0,563547,python,[JIT],0x000076033c3d9580
988976.0,563579,python,[JIT],0x000070d0523caa93
988975.0,563579,python,[JIT],0x000070d0523bcb2b
988973.0,563602,python,[JIT],0x00007fe8c1a793ae
988973.0,563554,python,python,_PyObject_Call_Prepend
988971.0,563590,python,python,object_dealloc
988968.0,563590,python,[JIT],0x0000780ceb8522b0
988962.0,563579,python,python,_PyInterpreterState_Main
988959.0,563554,python,[JIT],0x000078c4e7c4d231
988957.0,563590,python,[kvm],pvclock_gtod_notify
988953.0,563602,python,[JIT],0x00007fe8c1a4b611
988951.0,563554,python,[JIT],0x000078c4e82da1d0
988950.0,563613,python,[JIT],0x0000776405f838ee
988949.0,563590,python,python,object_richcompare
988949.0,563547,python,[JIT],0x000076033c413766
988947.0,563579,python,[JIT],0x000070d05234791e
988947.0,563554,python,[JIT],0x000078c4e7c4b822
988944.0,563547,python,[JIT],0x000076033c3d774e
988943.0,563602,python,[JIT],0x00007fe8c1a657de
988943.0,563568,python,[JIT],0x000073d05ebc7c0f
988943.0,563602,python,python,_PyCompactLong_Subtract
988936.0,563554,python,[JIT],0x000078c4e82da862
988934.0,563590,python,[JIT],0x0000780ceb88e394
988934.0,563554,python,[JIT],0x000078c4e82da3e9
988932.0,563547,python,[JIT],0x000076033c412b37
988928.0,563613,python,python,_PyUnicode_ExactDealloc
988925.0,563579,python,[JIT],0x000070d0523a43a3
988923.0,563602,python,[JIT],0x00007fe8c1aacc48
988921.0,563613,python,[JIT],0x0000776405f73eea
988919.0,563579,python,[JIT],0x000070d05263a670
988917.0,563547,python,[JIT],0x000076033c40c160
988916.0,563590,python,[JIT],0x0000780ceb881b4c
988913.0,563602,python,[JIT],0x00007fe8c1a6e3e1
988913.0,563602,python,[JIT],0x00007fe8c1a71297
988913.0,563613,python,[JIT],0x0000776405f8b442
988912.0,563602,python,python,PyType_GetModuleByDef
988905.0,563547,python,[JIT],0x000076033c412149
988904.0,563579,python,[JIT],0x000070d052377c3b
988901.0,563554,python,[JIT],0x000078c4e7c4c5b0
988899.0,563613,python,[JIT],0x0000776405f97fb1
988898.0,563579,python,[JIT],0x000070d05236f000
988897.0,563547,python,[JIT],0x000076033d41325a
988897.0,563613,python,[JIT],0x0000776405f63a86
988896.0,563613,python,python,PyUnicode_RichCompare
988893.0,563613,python,[JIT],0x0000776405fbb782
988892.0,563554,python,[JIT],0x000078c4e7c563f6
988891.0,563547,python,[JIT],0x000076033c40411b
988891.0,563554,python,python,_PyUnicode_FromASCII
988888.0,563579,python,[JIT],0x000070d052383223
988888.0,563613,python,[JIT],0x0000776405f3fb62
988887.0,563602,python,[JIT],0x00007fe8c1aa13d1
988887.0,563613,python,[JIT],0x00007764070135d4
988886.0,563547,python,[JIT],0x000076033c411ad8
988882.0,563613,python,[JIT],0x0000776407013259
988880.0,563547,python,[JIT],0x000076033c41d546
988879.0,563547,python,[JIT],0x000076033c414310
988878.0,563579,python,[JIT],0x000070d05274d000
988869.0,563590,python,[JIT],0x0000780ceb8a8df6
988867.0,563547,python,[JIT],0x000076033c3e056d
988866.0,563590,python,[JIT],0x0000780ceca41147
988864.0,563579,python,[JIT],0x000070d0523a33aa
988864.0,563547,python,[JIT],0x000076033c41d434
988860.0,563613,python,[JIT],0x0000776406339516
988860.0,563590,python,[JIT],0x0000780ceb89caca
988856.0,563579,python,[JIT],0x000070d052383abd
988854.0,563613,python,[JIT],0x0000776405f924e3
988853.0,563602,python,[JIT],0x00007fe8c1a84795
988849.0,563554,python,[JIT],0x000078c4e7bf29be
988848.0,563547,python,[JIT],0x000076033c3db3fb
988845.0,563602,python,[JIT],0x00007fe8c1a90479
988845.0,563602,python,[JIT],0x00007fe8c1aa06c4
988841.0,563547,python,[JIT],0x000076033c4050c1
988840.0,563613,python,[JIT],0x0000776405fa7524
988838.0,563547,python,[JIT],0x000076033c3b7de9
988837.0,563547,python,[JIT],0x000076033c3c1d96
988836.0,563579,python,[JIT],0x000070d0523c8609
988834.0,563602,python,[JIT],0x00007fe8c1a7112d
988825.0,563554,python,[JIT],0x000078c4e7c1ec13
988821.0,563590,python,[JIT],0x0000780ceb851cdc
988818.0,563547,python,[JIT],0x000076033c3d807c
988815.0,563579,python,[JIT],0x000070d0523bf17d
988809.0,563602,python,[JIT],0x00007fe8c1aa1231
988807.0,563613,python,[JIT],0x0000776405f406c2
988806.0,563590,python,[JIT],0x0000780ceb870bd9
988804.0,563602,python,[JIT],0x00007fe8c1a9d846
988797.0,563547,python,[JIT],0x000076033c3f7ea4
988795.0,563554,python,[JIT],0x000078c4e82dadd3
988794.0,563602,python,[JIT],0x00007fe8c1a85b4e
988794.0,563547,python,[JIT],0x000076033c3f7fb0
988788.0,563590,python,[JIT],0x0000780ceb889564
988787.0,563602,python,[JIT],0x00007fe8c1e2ef27
988782.0,563613,python,[JIT],0x0000776405f7430c
988781.0,563547,python,[JIT],0x000076033c7a2177
988779.0,563579,python,[JIT],0x000070d0523c8240
988778.0,563590,python,[JIT],0x0000780ceb89dd62
988776.0,563579,python,[JIT],0x000070d052367364
988771.0,563547,python,[JIT],0x000076033d0ec63d
988764.0,563613,python,[JIT],0x0000776405fb9af7
988759.0,563602,python,[JIT],0x00007fe8c1a5c66d
988754.0,563602,python,[JIT],0x00007fe8c1a9126e
988751.0,563579,python,[JIT],0x000070d052c88423
988750.0,563547,python,[JIT],0x000076033c3f71ed
988740.0,563568,python,[JIT],0x000073d05e836a71
988737.0,563613,python,[JIT],0x0000776407013b5d
988737.0,563547,python,[JIT],0x000076033c3f91f0
988733.0,563547,python,[JIT],0x000076033c41f33b
988732.0,563554,python,[JIT],0x000078c4e7c30472
988730.0,563602,python,[JIT],0x00007fe8c1a7271d
988727.0,563554,python,[kernel.kallsyms],native_irq_return_iret
988726.0,563547,python,[JIT],0x000076033c3daf65
988721.0,563579,python,[JIT],0x000070d0523b015e
988721.0,563554,python,[JIT],0x000078c4e7c4b454
988720.0,563547,python,[JIT],0x000076033c3fec46
988718.0,563613,python,python,PyObject_GetBuffer
988717.0,563590,python,[JIT],0x0000780ceb88412d
988713.0,563602,python,[JIT],0x00007fe8c1a9f4cb
988711.0,563602,python,[JIT],0x00007fe8c1a32d51
988708.0,563602,python,[JIT],0x00007fe8c1aa21ca
988705.0,563602,python,[JIT],0x00007fe8c2c460af
988705.0,563547,python,[JIT],0x000076033c3fc2de
988702.0,563554,python,[JIT],0x000078c4e7c57989
988701.0,563613,python,[JIT],0x0000776405fac75e
988699.0,563613,python,[JIT],0x00007764070132fc
988699.0,563590,python,[JIT],0x0000780ceb88d766
988696.0,563579,python,[JIT],0x000070d05234257d
988696.0,563590,python,[JIT],0x0000780cec548174
988695.0,563613,python,[JIT],0x0000776405faf18e
988693.0,563613,python,[JIT],0x0000776405fae9d4
988692.0,563579,python,[JIT],0x000070d052344abb
988688.0,563568,python,python,compactlongs_guard
988684.0,563613,python,[JIT],0x0000776405f73c11
988683.0,563579,python,[JIT],0x000070d052370546
988681.0,563579,python,[JIT],0x000070d0523a3565
988677.0,563579,python,[JIT],0x000070d052378a58
988673.0,563547,python,[JIT],0x000076033c40c918
988672.0,563547,python,[JIT],0x000076033c414935
988671.0,563602,python,[JIT],0x00007fe8c1a856fb
988671.0,563613,python,[JIT],0x000077640666acdf
988668.0,563602,python,[JIT],0x00007fe8c1aab82d
988666.0,563554,python,[JIT],0x000078c4e7c4cd62
988665.0,563547,python,[JIT],0x000076033c3cc3c9
988660.0,563554,python,[JIT],0x000078c4e7c32510
988656.0,563590,python,[JIT],0x0000780ceb89c732
988654.0,563590,python,[JIT],0x0000780cec549141
988652.0,563613,python,[JIT],0x0000776405f3f62f
988649.0,563613,python,[JIT],0x0000776405f80ada
988647.0,563554,python,python,vectorcall_maybe
988645.0,563613,python,[JIT],0x0000776405f9a893
988644.0,563579,python,[JIT],0x000070d05235b190
988644.0,563554,python,[JIT],0x000078c4e7be8644
988643.0,563547,python,[JIT],0x000076033c4080eb
988639.0,563579,python,[JIT],0x000070d052c88665
988638.0,563579,python,[JIT],0x000070d052386814
988636.0,563602,python,[JIT],0x00007fe8c1a9090d
988636.0,563602,python,[JIT],0x00007fe8c1a9d5eb
988634.0,563579,python,[JIT],0x000070d05239afff
988634.0,563547,python,[JIT],0x000076033d4132bb
988632.0,563547,python,[JIT],0x000076033c7a25ef
988628.0,563554,python,[JIT],0x000078c4e7c4b73e
988624.0,563613,python,[JIT],0x0000776405f4d742
988621.0,563613,python,[JIT],0x0000776405fa31b1
988615.0,563579,python,[JIT],0x000070d0523a4e8c
988615.0,563613,python,[JIT],0x0000776405fad5ba
988614.0,563613,python,[JIT],0x0000776405f62bf5
988613.0,563613,python,[JIT],0x0000776405fa596d
988611.0,563554,python,[JIT],0x000078c4e7c41f0c
988610.0,563554,python,[JIT],0x000078c4e7c41dab
988606.0,563613,python,[JIT],0x0000776405f80e0e
988606.0,563590,python,[JIT],0x0000780ceb8871ca
988601.0,563602,python,[JIT],0x00007fe8c1a9f954
988599.0,563554,python,[JIT],0x000078c4e7bf7252
988598.0,563613,python,[JIT],0x0000776405fba480
988596.0,563579,python,[JIT],0x000070d05239c317
988596.0,563602,python,[JIT],0x00007fe8c1a9dc94
988595.0,563547,python,[JIT],0x000076033c4122d3
988594.0,563613,python,[JIT],0x0000776405fbaa84
988593.0,563579,python,[JIT],0x000070d0523c10fe
988589.0,563579,python,[JIT],0x000070d05239a655
988588.0,563602,python,[JIT],0x00007fe8c1aab43a
988585.0,563554,python,[JIT],0x000078c4e82da951
988583.0,563602,python,python,unicode_compare
988583.0,563547,python,[JIT],0x000076033c4141ad
988581.0,563613,python,[JIT],0x0000776405f82554
988579.0,563547,python,[JIT],0x000076033d0ec5e2
988577.0,563579,python,[kernel.kallsyms],clear_page_erms
988576.0,563554,python,[JIT],0x000078c4e7c1dd85
988575.0,563590,python,[JIT],0x0000780ceb8703a8
988574.0,563579,python,[JIT],0x000070d052c88836
988570.0,563590,python,[JIT],0x0000780cec5491d0
988566.0,563547,python,[JIT],0x000076033c3c84bf
988564.0,563568,python,[JIT],0x000073d05eab4696
988563.0,563579,python,[JIT],0x000070d05235126f
988561.0,563602,python,[JIT],0x00007fe8c1aa98e9
988561.0,563613,python,python,optimize_pop_top
988557.0,563602,python,python,cfunction_vectorcall_O
988553.0,563579,python,[JIT],0x000070d052366f8e
988550.0,563547,python,[JIT],0x000076033c41131a
988541.0,563613,python,[JIT],0x0000776405f9aa37
988540.0,563613,python,[JIT],0x0000776406887010
988539.0,563554,python,[JIT],0x000078c4e7c0b1c7
988538.0,563579,python,[JIT],0x000070d0523c94a2
988533.0,563579,python,[JIT],0x000070d052384377
988527.0,563579,python,[JIT],0x000070d052385195
988525.0,563554,python,[JIT],0x000078c4e7c36ba5
988523.0,563554,python,[JIT],0x000078c4e7c40bc7
988521.0,563590,python,[JIT],0x0000780cebb1bd75
988519.0,563547,python,[JIT],0x000076033c3bfe81
988517.0,563613,python,[JIT],0x0000776405fb86a2
988511.0,563602,python,[JIT],0x00007fe8c1a4d6b6
988510.0,563554,python,[JIT],0x000078c4e7c40e75
988507.0,563590,python,[JIT],0x0000780cec521561
988505.0,563613,python,[JIT],0x0000776405f9288b
988503.0,563579,python,[JIT],0x000070d0523af460
988502.0,563547,python,[JIT],0x000076033d5b915f
988496.0,563590,python,[JIT],0x0000780ceb846806
988495.0,563547,python,[JIT],0x000076033c3b96b1
988493.0,563579,python,[JIT],0x000070d05236ed24
988493.0,563613,python,[JIT],0x000077640701328c
988488.0,563613,python,[JIT],0x0000776405f930bd
988485.0,563590,python,[JIT],0x0000780ceb891047
988482.0,563554,python,[JIT],0x000078c4e7ecb0d3
988481.0,563579,python,[JIT],0x000070d052384040
988480.0,563590,python,[JIT],0x0000780ceb8810ea
988478.0,563554,python,[JIT],0x000078c4e7bdfb07
988476.0,563602,python,[JIT],0x00007fe8c1a67af8
988473.0,563590,python,[JIT],0x0000780ceb86f121
988466.0,563613,python,[JIT],0x0000776405f801cb
988462.0,563602,python,[JIT],0x00007fe8c1a63769
988459.0,563547,python,[JIT],0x000076033c41e981
988457.0,563590,python,[JIT],0x0000780ceb89a317
988455.0,563579,python,[JIT],0x000070d0523bca74
988455.0,563547,python,[JIT],0x000076033c3fa389
988454.0,563590,python,[JIT],0x0000780ceb869579
988452.0,563547,python,[JIT],0x000076033c415b83
988451.0,563602,python,[JIT],0x00007fe8c1a91970
988448.0,563579,python,[JIT],0x000070d052384ffd
988443.0,563602,python,[JIT],0x00007fe8c1a8a13e
988440.0,563579,python,[JIT],0x000070d0523af721
988439.0,563613,python,[JIT],0x0000776405fa2f63
988437.0,563579,python,[JIT],0x000070d0523752bd
988437.0,563613,python,[JIT],0x0000776405fb96ee
988430.0,563547,python,[JIT],0x000076033c413b67
988425.0,563547,python,[JIT],0x000076033c3e76e9
988425.0,563554,python,[JIT],0x000078c4e7c26159
988417.0,563613,python,[JIT],0x0000776405f94d07
988413.0,563547,python,[JIT],0x000076033c4133c2
988411.0,563579,python,[JIT],0x000070d0523c92f2
988411.0,563602,python,[JIT],0x00007fe8c1a6dffd
988411.0,563547,python,[JIT],0x000076033c3cf73d
988411.0,563547,python,[JIT],0x000076033c3e150d
988409.0,563602,python,python,PyList_New
988404.0,563547,python,[JIT],0x000076033c7a21dd
988401.0,563602,python,[JIT],0x00007fe8c1d1c497
988393.0,563579,python,[JIT],0x000070d05238314b
988391.0,563602,python,python,_Py_uop_analyze_and_optimize
988379.0,563602,python,[JIT],0x00007fe8c1a502ca
988377.0,563547,python,[JIT],0x000076033c3fca8a
988374.0,563547,python,[JIT],0x000076033c404211
988368.0,563547,python,[JIT],0x000076033c3ba079
988367.0,563590,python,[JIT],0x0000780ceb8ab62c
988364.0,563554,python,[JIT],0x000078c4e82da1a5
988363.0,563547,python,python,_PyJit_translate_single_bytecode_to_trace
988362.0,563613,python,[JIT],0x0000776405f72ce8
988362.0,563613,python,[JIT],0x0000776405fb079a
988361.0,563579,python,[JIT],0x000070d0523bdbf3
988361.0,563547,python,[JIT],0x000076033c3fe851
988359.0,563547,python,[JIT],0x000076033c3cf7e2
988358.0,563602,python,[JIT],0x00007fe8c1a63d90
988357.0,563590,python,[JIT],0x0000780ceb86e4ad
988354.0,563547,python,[JIT],0x000076033c412971
988354.0,563590,python,[JIT],0x0000780ceb86f009
988345.0,563613,python,[JIT],0x0000776405f50a33
988343.0,563613,python,[JIT],0x0000776405f9f246
988340.0,563554,python,[JIT],0x000078c4e7c389e6
988339.0,563579,python,[JIT],0x000070d0523bf3ba
988339.0,563590,python,[JIT],0x0000780ceb863826
988331.0,563602,python,[JIT],0x00007fe8c1a4b100
988331.0,563547,python,[JIT],0x000076033c7a25ec
988328.0,563579,python,[JIT],0x000070d0523bf7bd
988328.0,563613,python,[JIT],0x0000776405fae512
988324.0,563547,python,[JIT],0x000076033c41538f
988323.0,563579,python,[JIT],0x000070d0523caeb2
988323.0,563579,python,[JIT],0x000070d05356513b
988323.0,563590,python,[JIT],0x0000780ceb87074c
988323.0,563602,python,python,_Py_type_getattro_stackref
988322.0,563579,python,[JIT],0x000070d05263cb2e
988322.0,563602,python,[JIT],0x00007fe8c1d1cda9
988322.0,563554,python,[JIT],0x000078c4e7bdbd84
988312.0,563602,python,python,_Py_IsMainThread
988310.0,563547,python,[JIT],0x000076033c3fe342
988302.0,563613,python,[JIT],0x0000776405fa2234
988301.0,563579,python,python,_PyObject_VectorcallDictTstate
988291.0,563590,python,[JIT],0x0000780ceb869609
988289.0,563547,python,[JIT],0x000076033c405206
988289.0,563547,python,[JIT],0x000076033c415576
988275.0,563613,python,[JIT],0x00007764068872a3
988272.0,563613,python,[JIT],0x0000776405fa0022
988271.0,563590,python,[JIT],0x0000780cec548d7b
988269.0,563547,python,[JIT],0x000076033c3c24de
988264.0,563590,python,[JIT],0x0000780ceb86135d
988262.0,563579,python,[JIT],0x000070d05236daa8
988259.0,563579,python,[JIT],0x000070d0523489b2
988259.0,563579,python,[JIT],0x000070d0523bde7e
988259.0,563613,python,[JIT],0x0000776405fae59b
988257.0,563579,python,[kernel.kallsyms],entry_SYSCALL_64_safe_stack
988257.0,563613,python,[JIT],0x0000776405fa059f
988248.0,563579,python,[JIT],0x000070d0523bcefe
988248.0,563547,python,[JIT],0x000076033c3fa4c3
988248.0,563613,python,[JIT],0x0000776405f8cc1c
988248.0,563554,python,[JIT],0x000078c4e7c0b4df
988245.0,563602,python,[JIT],0x00007fe8c274c982
988240.0,563547,python,[JIT],0x000076033c3db167
988237.0,563579,python,[JIT],0x000070d05239c9a4
988232.0,563590,python,[JIT],0x0000780ceb8bb17d
988232.0,563554,python,[JIT],0x000078c4e7c38126
988229.0,563554,python,[JIT],0x000078c4e7c0b92e
988227.0,563579,python,[JIT],0x000070d0523745f4
988225.0,563590,python,python,maybe_small_long
988221.0,563554,python,[JIT],0x000078c4e7c56159
988214.0,563602,python,[JIT],0x00007fe8c1a403a0
988214.0,563590,python,[JIT],0x0000780ceb89f0b5
988213.0,563602,python,[JIT],0x00007fe8c1d1c00a
988213.0,563554,python,[JIT],0x000078c4e7c4e072
988211.0,563547,python,[JIT],0x000076033c41dc4b
988208.0,563547,python,[JIT],0x000076033c3e0013
988208.0,563613,python,[JIT],0x0000776405fad284
988206.0,563613,python,[JIT],0x000077640666919f
988206.0,563568,python,python,tuple_dealloc
988205.0,563590,python,[JIT],0x0000780ceb830f56
988204.0,563613,python,[JIT],0x0000776405f63a6b
988203.0,563554,python,[JIT],0x000078c4e7c0ee94
988201.0,563554,python,[JIT],0x000078c4e8ded158
988200.0,563613,python,[JIT],0x0000776405f84a5c
988198.0,563547,python,[JIT],0x000076033c3acfcb
988195.0,563590,python,[JIT],0x0000780ceb8578ca
988193.0,563579,python,[JIT],0x000070d05235bc4a
988193.0,563613,python,[JIT],0x0000776405f716e5
988189.0,563602,python,[JIT],0x00007fe8c1a8ba37
988188.0,563613,python,[JIT],0x0000776405f83c69
988187.0,563554,python,[JIT],0x000078c4e82da083
988186.0,563554,python,[JIT],0x000078c4e7c3dbe4
988183.0,563590,python,[JIT],0x0000780ceb89d5a4
988181.0,563579,python,[JIT],0x000070d0523a4602
988178.0,563547,python,[JIT],0x000076033c7a36e3
988177.0,563590,python,[JIT],0x0000780cebb1b154
988172.0,563554,python,[JIT],0x000078c4e7c3de89
988170.0,563590,python,[JIT],0x0000780ceb89b957
988169.0,563579,python,[JIT],0x000070d052368746
988169.0,563613,python,[JIT],0x0000776405f88e17
988163.0,563602,python,python,object_new
988161.0,563579,python,[JIT],0x000070d052382083
988161.0,563579,python,[JIT],0x000070d0523a422e
988161.0,563613,python,[JIT],0x0000776405f93042
988161.0,563590,python,[JIT],0x0000780cec4eb1df
988158.0,563579,python,[JIT],0x000070d05274dac1
988157.0,563590,python,python,PyThread_get_thread_ident
988156.0,563590,python,[JIT],0x0000780ceb870cc2
988155.0,563602,python,[JIT],0x00007fe8c1a9e3f4
988155.0,563590,python,[JIT],0x0000780ceb8a8c39
988151.0,563590,python,[kernel.kallsyms],consume_obj_stock
988149.0,563554,python,[JIT],0x000078c4e8ded113
988148.0,563579,python,[JIT],0x000070d0523749b8
988147.0,563579,python,[JIT],0x000070d0523a4335
988146.0,563547,python,[JIT],0x000076033c3f9cb4
988146.0,563554,python,[JIT],0x000078c4e7c4b8d5
988145.0,563613,python,[JIT],0x0000776405fa01e3
988144.0,563613,python,[JIT],0x0000776405fb8b93
988142.0,563602,python,[JIT],0x00007fe8c1a72602
988138.0,563602,python,[JIT],0x00007fe8c1a9dd98
988137.0,563590,python,[JIT],0x0000780ceb88e040
988135.0,563579,python,[JIT],0x000070d0523c07c4
988135.0,563590,python,[JIT],0x0000780ceb861f53
988134.0,563547,python,[JIT],0x000076033c69108d
988133.0,563602,python,[JIT],0x00007fe8c1a64378
988133.0,563602,python,[JIT],0x00007fe8c1aab901
988130.0,563547,python,[JIT],0x000076033c4059c1
988125.0,563579,python,[JIT],0x000070d0523821e4
988118.0,563568,python,[JIT],0x000073d05e835211
988111.0,563602,python,[JIT],0x00007fe8c1a55c46
988111.0,563554,python,[JIT],0x000078c4e7bfe5b8
988105.0,563547,python,[JIT],0x000076033c41e273
988104.0,563547,python,[JIT],0x000076033c3c458b
988104.0,563590,python,[JIT],0x0000780ceb89ba49
988102.0,563613,python,[JIT],0x0000776405fba27c
988098.0,563590,python,[JIT],0x0000780ceb89b29b
988095.0,563590,python,[JIT],0x0000780ceb880880
988095.0,563590,python,[JIT],0x0000780ceb89b513
988094.0,563579,python,[JIT],0x000070d05235f0b6
988094.0,563613,python,[JIT],0x00007764066699f8
988088.0,563554,python,[JIT],0x000078c4e7c2fe89
988084.0,563554,python,[JIT],0x000078c4e7bfc4a6
988083.0,563590,python,[JIT],0x0000780ceb83b000
988082.0,563590,python,[JIT],0x0000780ceb8901ac
988081.0,563590,python,[JIT],0x0000780ceb894183
988078.0,563590,python,[JIT],0x0000780ceb8805b7
988077.0,563590,python,[JIT],0x0000780ceb848356
988076.0,563590,python,[JIT],0x0000780cec4ec010
988073.0,563613,python,[JIT],0x0000776405f652db
988068.0,563547,python,[JIT],0x000076033c7a24d8
988068.0,563602,python,[JIT],0x00007fe8c1a9fd6f
988066.0,563602,python,[JIT],0x00007fe8c1aa97ed
988066.0,563554,python,[JIT],0x000078c4e7c2fadf
988059.0,563590,python,[JIT],0x0000780cec4eb610
988056.0,563602,python,[JIT],0x00007fe8c2a133f6
988054.0,563602,python,python,_Py_GetConfig
988042.0,563554,python,[JIT],0x000078c4e7c49c1c
988038.0,563579,python,[JIT],0x000070d05239aa1e
988037.0,563602,python,[JIT],0x00007fe8c1a8aaf4
988032.0,563579,python,[JIT],0x000070d05238a75c
988032.0,563579,python,[JIT],0x000070d0523b02bf
988029.0,563602,python,[JIT],0x00007fe8c1a8cb25
988028.0,563602,python,[JIT],0x00007fe8c1a853ca
988028.0,563602,python,[JIT],0x00007fe8c274c0c0
988028.0,563590,python,[JIT],0x0000780ceb86e6de
988016.0,563590,python,[JIT],0x0000780ceb86fab4
988011.0,563547,python,[JIT],0x000076033c3c456d
988010.0,563547,python,[JIT],0x000076033c41222b
988006.0,563602,python,[JIT],0x00007fe8c1a9504a
988006.0,563547,python,[JIT],0x000076033c412c8e
988004.0,563590,python,[JIT],0x0000780ceb83fa71
987996.0,563613,python,[JIT],0x0000776405f630b0
987991.0,563547,python,[JIT],0x000076033c3cb15c
987991.0,563547,python,[JIT],0x000076033d0ec373
987986.0,563568,python,[JIT],0x000073d05e82b62c
987984.0,563602,python,[JIT],0x00007fe8c1a9df18
987979.0,563590,python,[JIT],0x0000780cec5473fc
987976.0,563547,python,[JIT],0x000076033c69013b
987974.0,563579,python,[JIT],0x000070d05239b800
987969.0,563602,python,[JIT],0x00007fe8c1a86336
987963.0,563613,python,[JIT],0x0000776405fa03d8
987963.0,563590,python,[JIT],0x0000780ceb8894b5
987961.0,563602,python,[JIT],0x00007fe8c1a6421c
987958.0,563554,python,[JIT],0x000078c4e7c558ae
987954.0,563568,python,python,_contextvars_ContextVar_get
987952.0,563568,python,python,_PyObject_Calloc
987942.0,563602,python,[JIT],0x00007fe8c1a8ae2a
987936.0,563602,python,[JIT],0x00007fe8c1a90104
987928.0,563602,python,[JIT],0x00007fe8c1ab7e04
987926.0,563579,python,[JIT],0x000070d0523b0d05
987921.0,563547,python,[JIT],0x000076033c3db780
987921.0,563547,python,[JIT],0x000076033c414db7
987920.0,563547,python,[JIT],0x000076033c3c44b9
987917.0,563590,python,[JIT],0x0000780ceb89acee
987910.0,563579,python,[JIT],0x000070d0523c0b3c
987908.0,563547,python,[JIT],0x000076033c41da7b
987908.0,563613,python,[JIT],0x0000776406887252
987904.0,563579,python,[JIT],0x000070d052383ef1
987904.0,563554,python,python,_Py_uop_analyze_and_optimize
987899.0,563547,python,[JIT],0x000076033c405d9f
987897.0,563590,python,[JIT],0x0000780ceb89b3db
987885.0,563590,python,[JIT],0x0000780ceb830bba
987884.0,563590,python,[JIT],0x0000780ceb8b44f6
987883.0,563590,python,[JIT],0x0000780ceb88d6ec
987877.0,563602,python,[JIT],0x00007fe8c1a90751
987876.0,563547,python,[JIT],0x000076033c408055
987876.0,563602,python,python,list_dealloc
987875.0,563554,python,[JIT],0x000078c4e7c4aecf
987871.0,563579,python,[JIT],0x000070d05235a319
987863.0,563579,python,[JIT],0x000070d0523a53b1
987855.0,563547,python,[JIT],0x000076033c4050ae
987852.0,563602,python,[JIT],0x00007fe8c1a8507f
987841.0,563602,python,[JIT],0x00007fe8c1a7c0fc
987832.0,563590,python,[JIT],0x0000780ceb863666
987831.0,563579,python,[JIT],0x000070d052366ad0
987829.0,563590,python,python,PyUnicode_Contains
987829.0,563554,python,[JIT],0x000078c4e7c4e04c
987826.0,563602,python,[JIT],0x00007fe8c1a90c8f
987820.0,563579,python,python,PyLong_FromUnsignedLongLong
987820.0,563602,python,[JIT],0x00007fe8c1aa20a8
987820.0,563613,python,[JIT],0x0000776405f972c4
987803.0,563590,python,[JIT],0x0000780ceb8803da
987790.0,563547,python,[JIT],0x000076033d5b90ab
987790.0,563613,python,[JIT],0x0000776405fadf47
987787.0,563579,python,[JIT],0x000070d0523af17d
987786.0,563554,python,_struct.cpython-316-x86_64-linux-gnu.so,s_unpack_internal
987781.0,563579,python,[JIT],0x000070d05238a100
987774.0,563590,python,python,PyObject_Malloc
987764.0,563602,python,[JIT],0x00007fe8c1a9eacc
987750.0,563602,python,[JIT],0x00007fe8c1aa05f4
987747.0,563613,python,[JIT],0x0000776405fae8e6
987744.0,563579,python,[JIT],0x000070d052398728
987744.0,563579,python,[JIT],0x000070d052c88893
987744.0,563554,python,python,PyErr_Occurred
987743.0,563602,python,[JIT],0x00007fe8c1a64b38
987741.0,563554,python,[JIT],0x000078c4e7c27626
987740.0,563579,python,[JIT],0x000070d0523a2d18
987740.0,563579,python,[JIT],0x000070d0523bcad8
987736.0,563602,python,[JIT],0x00007fe8c1a860e1
987736.0,563602,python,[JIT],0x00007fe8c1a9d30b
987733.0,563579,python,[JIT],0x000070d0523675b4
987733.0,563579,python,[JIT],0x000070d0523858f8
987731.0,563579,python,[JIT],0x000070d0523c0e8c
987730.0,563579,python,[JIT],0x000070d0523784d4
987724.0,563602,python,[JIT],0x00007fe8c1d1db57
987722.0,563602,python,[JIT],0x00007fe8c1aa19a8
987707.0,563613,python,[JIT],0x0000776407013d5b
987706.0,563613,python,[JIT],0x0000776406888408
987705.0,563579,python,[JIT],0x000070d0523bcb84
987700.0,563547,python,[JIT],0x000076033c3d806c
987700.0,563547,python,[JIT],0x000076033c41e33a
987696.0,563554,python,[JIT],0x000078c4e7c5680a
987691.0,563613,python,[JIT],0x0000776405fad7c3
987690.0,563602,python,[JIT],0x00007fe8c1a73345
987690.0,563602,python,[JIT],0x00007fe8c1aa940e
987686.0,563579,python,[JIT],0x000070d05238cb92
987684.0,563602,python,python,PyTuple_FromArray
987683.0,563602,python,[JIT],0x00007fe8c1a63acd
987680.0,563590,python,[JIT],0x0000780ceb87ac02
987678.0,563602,python,[JIT],0x00007fe8c1aa08eb
987677.0,563590,python,[JIT],0x0000780ceb8a8095
987675.0,563590,python,[JIT],0x0000780cec52163a
987666.0,563579,python,[JIT],0x000070d052370cb4
987666.0,563579,python,[JIT],0x000070d0523bdc4e
987664.0,563590,python,[JIT],0x0000780ceb880a97
987663.0,563613,python,[JIT],0x0000776406226a75
987662.0,563613,python,[JIT],0x00007764063390dd
987661.0,563613,python,[kernel.kallsyms],rcu_pending
987658.0,563547,python,[JIT],0x000076033c41111e
987657.0,563613,python,[JIT],0x0000776405f987ea
987650.0,563602,python,[JIT],0x00007fe8c1a7ae92
987642.0,563613,python,[JIT],0x000077640633c77a
987640.0,563579,python,[JIT],0x000070d052384762
987639.0,563547,python,[JIT],0x000076033c3d70a7
987639.0,563590,python,[JIT],0x0000780ceb8900c0
987634.0,563579,python,[JIT],0x000070d052351e29
987631.0,563554,python,python,_PyEval_UnpackIndices
987628.0,563602,python,[JIT],0x00007fe8c1a911c5
987624.0,563613,python,[JIT],0x0000776405f950c5
987623.0,563547,python,[JIT],0x000076033c3c946c
987620.0,563579,python,[JIT],0x000070d0523bed97
987595.0,563579,python,python,memset@plt
987595.0,563554,python,[JIT],0x000078c4e7c631b3
987594.0,563547,python,[libahci],ahci_handle_port_intr
987587.0,563579,python,[JIT],0x000070d0523bff72
987586.0,563554,python,[JIT],0x000078c4e7c4ae55
987578.0,563613,python,libc.so.6,__strlen_avx2
987574.0,563547,python,[JIT],0x000076033c3fe567
987572.0,563579,python,[JIT],0x000070d05263cbe7
987571.0,563613,python,[JIT],0x0000776405f9308b
987556.0,563602,python,[JIT],0x00007fe8c1a55915
987548.0,563547,python,[JIT],0x000076033c3cb693
987546.0,563579,python,[JIT],0x000070d05237400a
987527.0,563579,python,[JIT],0x000070d052c88671
987523.0,563579,python,[JIT],0x000070d0523bc1cf
987514.0,563590,python,[JIT],0x0000780cec54818b
987509.0,563613,python,[JIT],0x0000776405fbf3cc
987507.0,563554,python,[JIT],0x000078c4e7c2f9a4
987494.0,563579,python,[JIT],0x000070d05234539f
987490.0,563602,python,[JIT],0x00007fe8c1a3e5d9
987488.0,563602,python,[JIT],0x00007fe8c1a8b472
987484.0,563554,python,[JIT],0x000078c4e7c68954
987482.0,563547,python,[JIT],0x000076033c41d18d
987478.0,563547,python,[JIT],0x000076033c3c3093
987471.0,563547,python,[JIT],0x000076033c4134cb
987468.0,563579,python,[JIT],0x000070d05238327c
987465.0,563554,python,[JIT],0x000078c4e7c2f9ea
987460.0,563547,python,[JIT],0x000076033c41ee96
987458.0,563579,python,[JIT],0x000070d05238a4dc
987457.0,563547,python,[JIT],0x000076033c3cb77c
987452.0,563554,python,[JIT],0x000078c4e7c2d489
987448.0,563547,python,[JIT],0x000076033c42aa74
987444.0,563613,python,[JIT],0x00007764068871d6
987439.0,563602,python,[JIT],0x00007fe8c1a89480
987438.0,563568,python,[JIT],0x000073d05eab5976
987426.0,563554,python,[JIT],0x000078c4e7c4d7e8
987390.0,563554,python,[JIT],0x000078c4e7c49182
987387.0,563579,python,[JIT],0x000070d0523666b4
987387.0,563613,python,[JIT],0x0000776405f5bf08
987387.0,563602,python,python,_PyFunction_Vectorcall
987379.0,563579,python,[JIT],0x000070d0523c968d
987378.0,563613,python,[JIT],0x0000776405fae4cb
987377.0,563547,python,[JIT],0x000076033c3aa8e3
987374.0,563613,python,[JIT],0x0000776405f5c6d6
987373.0,563568,python,[JIT],0x000073d05eab503e
987368.0,563579,python,[JIT],0x000070d0523be43a
987365.0,563547,python,[JIT],0x000076033d0ec37f
987363.0,563590,python,[JIT],0x0000780cec54828c
987359.0,563547,python,[JIT],0x000076033c3b86b3
987357.0,563602,python,[JIT],0x00007fe8c274c45a
987355.0,563602,python,[JIT],0x00007fe8c274c2b5
987355.0,563554,python,[JIT],0x000078c4e7c4a00f
987349.0,563590,python,[JIT],0x0000780ceb862ce3
987345.0,563554,python,[JIT],0x000078c4e7c55409
987335.0,563568,python,[JIT],0x000073d05e83749e
987331.0,563579,python,[JIT],0x000070d0523a7ec3
987330.0,563590,python,[JIT],0x0000780ceb887caa
987306.0,563579,python,[JIT],0x000070d0523bf1d7
987300.0,563613,python,[JIT],0x0000776405f99e5c
987299.0,563590,python,[JIT],0x0000780ceb8b6400
987299.0,563568,python,[JIT],0x000073d05e83564e
987297.0,563547,python,[JIT],0x000076033c4112a4
987295.0,563602,python,[kernel.kallsyms],sync_regs
987295.0,563590,python,[JIT],0x0000780ceb868682
987288.0,563613,python,[JIT],0x0000776405f9a39f
987285.0,563547,python,[JIT],0x000076033c42f1c1
987278.0,563579,python,[JIT],0x000070d0523bfe5d
987277.0,563547,python,[JIT],0x000076033c3fcb6d
987275.0,563590,python,[JIT],0x0000780ceb86e1d4
987275.0,563554,python,python,method_get
987274.0,563613,python,[JIT],0x0000776405f40ee5
987273.0,563590,python,[JIT],0x0000780ceb82d18a
987270.0,563554,python,[JIT],0x000078c4e7c37d0e
987269.0,563602,python,[JIT],0x00007fe8c1a73843
987263.0,563547,python,[JIT],0x000076033c3b823e
987255.0,563590,python,[JIT],0x0000780cec548989
987244.0,563547,python,[JIT],0x000076033c3c4252
987240.0,563590,python,[JIT],0x0000780cec548d31
987237.0,563547,python,[JIT],0x000076033d0ec283
987212.0,563547,python,[JIT],0x000076033c3f0012
987207.0,563554,python,[JIT],0x000078c4e7c4b4e6
987200.0,563613,python,[JIT],0x0000776405f818be
987198.0,563590,python,[JIT],0x0000780ceb88709d
987190.0,563590,python,[JIT],0x0000780cebb1bde6
987190.0,563554,python,[JIT],0x000078c4e7bff39e
987190.0,563590,python,[JIT],0x0000780ceb86e63f
987188.0,563554,python,[JIT],0x000078c4e7c4b08a
987188.0,563590,python,[JIT],0x0000780ceb88d60e
987187.0,563613,python,[JIT],0x0000776405f69e53
987181.0,563547,python,[JIT],0x000076033d413187
987177.0,563554,python,[JIT],0x000078c4e7c26a0f
987174.0,563613,python,[JIT],0x0000776405f62adc
987174.0,563613,python,[JIT],0x0000776405f92f0a
987173.0,563579,python,[JIT],0x000070d052a58275
987172.0,563579,python,[JIT],0x000070d0523a494f
987171.0,563554,python,[JIT],0x000078c4e7bdbcfc
987171.0,563554,python,[JIT],0x000078c4e7c0ebd7
987170.0,563547,python,[JIT],0x000076033c414610
987169.0,563602,python,[JIT],0x00007fe8c1a7c212
987161.0,563590,python,[JIT],0x0000780ceb8543fd
987159.0,563554,python,[JIT],0x000078c4e7c4db5c
987153.0,563613,python,[JIT],0x0000776405f9fae2
987152.0,563602,python,[JIT],0x00007fe8c1a8c625
987152.0,563590,python,[JIT],0x0000780ceb852e7b
987152.0,563590,python,[JIT],0x0000780ceb87776d
987151.0,563554,python,[JIT],0x000078c4e7c4a872
987145.0,563579,python,[JIT],0x000070d0523d172d
987139.0,563613,python,[JIT],0x00007764066435d8
987137.0,563554,python,[JIT],0x000078c4e7c4001f
987127.0,563602,python,[JIT],0x00007fe8c1ab6151
987124.0,563613,python,[JIT],0x0000776405f817ed
987119.0,563554,python,[JIT],0x000078c4e7c306c4
987114.0,563554,python,[JIT],0x000078c4e7bde7c6
987109.0,563613,python,[JIT],0x0000776405f9b71f
987108.0,563547,python,[JIT],0x000076033d41317e
987106.0,563590,python,[JIT],0x0000780ceb89e368
987103.0,563554,python,[JIT],0x000078c4e7c44997
987101.0,563554,python,[JIT],0x000078c4e82da441
987092.0,563590,python,[JIT],0x0000780cec548c97
987091.0,563590,python,[JIT],0x0000780cec5470af
987084.0,563547,python,[JIT],0x000076033c4058ca
987083.0,563579,python,[JIT],0x000070d0523ce4e6
987081.0,563554,python,[JIT],0x000078c4e7c5633e
987078.0,563613,python,[JIT],0x0000776406226f89
987076.0,563547,python,[JIT],0x000076033c3a8e47
987075.0,563613,python,[JIT],0x0000776405fb0bef
987072.0,563613,python,[JIT],0x0000776405f92c88
987068.0,563613,python,[JIT],0x0000776405f73a1c
987064.0,563602,python,[JIT],0x00007fe8c1a64f59
987055.0,563547,python,[JIT],0x000076033c3a91dd
987046.0,563613,python,[JIT],0x0000776405f69cd8
987038.0,563602,python,[JIT],0x00007fe8c1a73e44
987032.0,563579,python,[JIT],0x000070d0523c00c9
987032.0,563547,python,[JIT],0x000076033c3da52f
987031.0,563590,python,python,PySequence_Contains
987031.0,563568,python,python,PyObject_Malloc
987029.0,563547,python,[JIT],0x000076033d0ecb22
987026.0,563554,python,[JIT],0x000078c4e7c4b00e
987024.0,563554,python,[JIT],0x000078c4e7c34ee8
987020.0,563590,python,[JIT],0x0000780ceb82c0a5
987019.0,563547,python,[JIT],0x000076033c426d5d
987018.0,563554,python,[JIT],0x000078c4e7c324e6
987015.0,563602,python,[JIT],0x00007fe8c274c809
987008.0,563547,python,[JIT],0x000076033c4124af
987003.0,563590,python,[JIT],0x0000780ceb8a9279
986999.0,563579,python,[JIT],0x000070d052c87266
986989.0,563579,python,[kernel.kallsyms],__memcg_slab_post_alloc_hook
986988.0,563579,python,[JIT],0x000070d052c8706f
986982.0,563590,python,[JIT],0x0000780ceb89b640
986978.0,563602,python,[JIT],0x00007fe8c1a54e93
986975.0,563554,python,[JIT],0x000078c4e82da746
986973.0,563547,python,[JIT],0x000076033d5b907a
986973.0,563568,python,[JIT],0x000073d05e8428a5
986967.0,563590,python,[JIT],0x0000780ceb880b5e
986966.0,563590,python,[JIT],0x0000780cec548c59
986961.0,563613,python,[JIT],0x0000776405f89aaa
986957.0,563547,python,[JIT],0x000076033c3e7b5d
986952.0,563602,python,[JIT],0x00007fe8c1a6bf01
986950.0,563602,python,[JIT],0x00007fe8c2c4614b
986936.0,563554,python,[JIT],0x000078c4e7bd9003
986922.0,563613,python,[JIT],0x0000776405f9fdfc
986914.0,563613,python,[JIT],0x0000776405f5c0a4
986910.0,563602,python,[JIT],0x00007fe8c1a3326f
986908.0,563613,python,[JIT],0x0000776405f9711e
986887.0,563613,python,[JIT],0x00007764066690c0
986881.0,563602,python,[JIT],0x00007fe8c1a9e0a0
986880.0,563579,python,[JIT],0x000070d0523bfb92
986876.0,563579,python,[JIT],0x000070d0523b3ce4
986876.0,563602,python,[JIT],0x00007fe8c1a75030
986875.0,563579,python,[JIT],0x000070d05236936b
986874.0,563547,python,[JIT],0x000076033c3c24e2
986872.0,563547,python,[JIT],0x000076033c41f4c5
986870.0,563602,python,[JIT],0x00007fe8c1aa028b
986870.0,563554,python,[JIT],0x000078c4e7c6c10f
986869.0,563602,python,[JIT],0x00007fe8c1a91221
986869.0,563613,python,[JIT],0x00007764070132f4
986866.0,563579,python,[JIT],0x000070d052384b23
986861.0,563554,python,[JIT],0x000078c4e7ecb1b4
986852.0,563602,python,[JIT],0x00007fe8c1a6c84d
986848.0,563613,python,[JIT],0x0000776405fb933a
986846.0,563590,python,[JIT],0x0000780cec548cc5
986842.0,563590,python,[JIT],0x0000780ceb832acb
986839.0,563613,python,[JIT],0x0000776405fa7d70
986839.0,563590,python,[JIT],0x0000780cec54884c
986829.0,563590,python,[JIT],0x0000780ceb83cc6f
986821.0,563547,python,[JIT],0x000076033c404dac
986820.0,563554,python,[JIT],0x000078c4e7c311ee
986804.0,563590,python,python,tuple_dealloc
986792.0,563579,python,[JIT],0x000070d052385e8e
986786.0,563547,python,[JIT],0x000076033c3e892e
986783.0,563579,python,[JIT],0x000070d052367e76
986783.0,563613,python,[JIT],0x0000776405f71ba2
986775.0,563602,python,[JIT],0x00007fe8c1a630a7
986769.0,563547,python,[JIT],0x000076033c3fddae
986766.0,563613,python,[JIT],0x0000776405fbb801
986764.0,563579,python,[JIT],0x000070d0523674fe
986758.0,563547,python,[JIT],0x000076033c3c2870
986756.0,563613,python,[JIT],0x0000776405f9ac5d
986747.0,563602,python,[JIT],0x00007fe8c1a55389
986745.0,563554,python,[JIT],0x000078c4e7c1b8f4
986742.0,563579,python,[JIT],0x000070d0523bd7e6
986738.0,563613,python,[JIT],0x000077640701329a
986729.0,563590,python,python,_PyType_GetDict
986722.0,563602,python,[JIT],0x00007fe8c1a9d4ec
986719.0,563579,python,[JIT],0x000070d05236f82d
986718.0,563554,python,[JIT],0x000078c4e7be8532
986717.0,563579,python,[JIT],0x000070d05236eeed
986707.0,563590,python,python,_PyUnicode_Repeat
986706.0,563579,python,[JIT],0x000070d052385853
986688.0,563602,python,[JIT],0x00007fe8c1a33ada
986682.0,563590,python,[JIT],0x0000780ceb885c1c
986680.0,563554,python,[JIT],0x000078c4e7c3f8bf
986672.0,563613,python,[JIT],0x0000776405f74aae
986669.0,563590,python,[kernel.kallsyms],_raw_spin_unlock
986667.0,563547,python,[JIT],0x000076033c4121ba
986658.0,563602,python,python,_PyObject_GetAttrStackRef
986652.0,563579,python,[JIT],0x000070d05263a65c
986649.0,563613,python,[JIT],0x0000776405f80a2e
986647.0,563602,python,[JIT],0x00007fe8c1a6b8d9
986646.0,563602,python,[JIT],0x00007fe8c1aa1876
986645.0,563590,python,[JIT],0x0000780ceb89b149
986632.0,563590,python,[JIT],0x0000780ceb88dd69
986630.0,563613,python,[JIT],0x0000776405fa5a78
986629.0,563590,python,[JIT],0x0000780ceb88240b
986617.0,563554,python,[JIT],0x000078c4e7c342ec
986603.0,563613,python,python,PyObject_Str
986593.0,563554,python,[JIT],0x000078c4e7c37b54
986593.0,563554,python,[JIT],0x000078c4e7c6521e
986592.0,563613,python,[JIT],0x0000776405f9729a
986590.0,563602,python,[JIT],0x00007fe8c1a9f099
986586.0,563602,python,[JIT],0x00007fe8c1a88fcd
986580.0,563554,python,[JIT],0x000078c4e7c3f7f2
986575.0,563613,python,[JIT],0x0000776405f98a4f
986574.0,563590,python,python,_PyNumber_Index
986570.0,563613,python,[JIT],0x0000776405f44f80
986570.0,563568,python,python,_list_extend
986564.0,563568,python,python,PyType_GetModule
986563.0,563554,python,[JIT],0x000078c4e7c55e17
986560.0,563547,python,[JIT],0x000076033c3e8420
986558.0,563554,python,[JIT],0x000078c4e7bfeb08
986557.0,563613,python,[JIT],0x0000776405fac687
986557.0,563590,python,[JIT],0x0000780ceb8a6aaa
986551.0,563547,python,[JIT],0x000076033c3d968e
986545.0,563590,python,[JIT],0x0000780ceb89a497
986544.0,563547,python,[JIT],0x000076033c3e5e52
986543.0,563547,python,[JIT],0x000076033c413420
986533.0,563547,python,[JIT],0x000076033c691d26
986530.0,563554,python,[JIT],0x000078c4e82da2e7
986524.0,563590,python,[JIT],0x0000780ceb89e152
986522.0,563590,python,[JIT],0x0000780ceb83be2b
986520.0,563579,python,[JIT],0x000070d0523be2a7
986515.0,563568,python,python,PyTuple_New
986511.0,563579,python,[JIT],0x000070d0523bc58a
986510.0,563547,python,python,emit__START_EXECUTOR_r00
986509.0,563602,python,[JIT],0x00007fe8c1a9ead9
986508.0,563590,python,[JIT],0x0000780ceb89fd03
986507.0,563613,python,[JIT],0x0000776405fa018c
986498.0,563554,python,[JIT],0x000078c4e7c3107f
986498.0,563554,python,[JIT],0x000078c4e7c4d944
986491.0,563547,python,[JIT],0x000076033c3fc11e
986488.0,563547,python,[JIT],0x000076033c7a21e1
986485.0,563554,python,[JIT],0x000078c4e7c4a030
986477.0,563613,python,[JIT],0x0000776405f972d0
986474.0,563554,python,[JIT],0x000078c4e82da1ff
986465.0,563579,python,[JIT],0x000070d0523b032d
986463.0,563590,python,[JIT],0x0000780ceb89d797
986456.0,563547,python,[JIT],0x000076033c415047
986454.0,563602,python,[JIT],0x00007fe8c1a98b6e
986454.0,563590,python,[JIT],0x0000780ceb863784
986449.0,563554,python,[JIT],0x000078c4e7c0c13b
986446.0,563554,python,[JIT],0x000078c4e7c4c76f
986438.0,563602,python,[JIT],0x00007fe8c1a641cd
986438.0,563547,python,[JIT],0x000076033c3f86e8
986432.0,563547,python,[JIT],0x000076033c3b8110
986428.0,563602,python,[JIT],0x00007fe8c1a934ff
986425.0,563579,python,[JIT],0x000070d0523bcbb6
986421.0,563613,python,python,_PyArg_UnpackKeywords
986419.0,563547,python,[JIT],0x000076033d0ec100
986403.0,563613,python,[JIT],0x0000776405f9f1f2
986400.0,563554,python,[JIT],0x000078c4e7c0fc07
986398.0,563554,python,python,_PyLong_ExactDealloc
986396.0,563568,python,python,list_dealloc
986382.0,563554,python,[JIT],0x000078c4e82da53f
986372.0,563602,python,[JIT],0x00007fe8c274c1ce
986371.0,563579,python,[JIT],0x000070d05274e5ed
986371.0,563602,python,[JIT],0x00007fe8c1aa9c5a
986371.0,563547,python,[JIT],0x000076033c3a9fab
986370.0,563554,python,python,_PyRunRemoteDebugger
986362.0,563590,python,[JIT],0x0000780ceb8834e6
986360.0,563590,python,[JIT],0x0000780ceb88e33e
986359.0,563554,python,[JIT],0x000078c4e7c5543c
986357.0,563579,python,[JIT],0x000070d052a7e63a
986356.0,563579,python,[JIT],0x000070d0523bd5cb
986356.0,563554,python,[JIT],0x000078c4e7ecdc6b
986353.0,563579,python,[JIT],0x000070d0523cb499
986351.0,563547,python,[JIT],0x000076033c3d98d5
986351.0,563554,python,[JIT],0x000078c4e7c4d016
986351.0,563590,python,[JIT],0x0000780ceb86276e
986341.0,563613,python,[JIT],0x0000776405f64647
986332.0,563554,python,[JIT],0x000078c4e7c40dda
986329.0,563547,python,[JIT],0x000076033c3d79c7
986323.0,563613,python,[JIT],0x0000776405faf712
986315.0,563554,python,[JIT],0x000078c4e7c03730
986313.0,563602,python,[JIT],0x00007fe8c1a830e0
986310.0,563590,python,[JIT],0x0000780ceb8a79fd
986300.0,563547,python,[JIT],0x000076033c412ef0
986277.0,563554,python,[JIT],0x000078c4e82da547
986276.0,563579,python,[JIT],0x000070d0523c9132
986266.0,563590,python,[JIT],0x0000780cec5472c2
986264.0,563554,python,[JIT],0x000078c4e7c4966d
986261.0,563554,python,[JIT],0x000078c4e7c55bae
986259.0,563547,python,[JIT],0x000076033c404fa5
986256.0,563547,python,[JIT],0x000076033c40abba
986255.0,563579,python,[JIT],0x000070d05235b1d5
986254.0,563579,python,[JIT],0x000070d0523a470d
986249.0,563579,python,python,PyUnicode_Contains
986249.0,563590,python,[JIT],0x0000780ceb85790c
986245.0,563613,python,[JIT],0x0000776405fb89f0
986235.0,563602,python,[JIT],0x00007fe8c27252d4
986233.0,563554,python,[JIT],0x000078c4e7c1b81e
986232.0,563579,python,[JIT],0x000070d052365000
986231.0,563602,python,[JIT],0x00007fe8c1a9e2aa
986227.0,563602,python,python,_Py_uop_analyze_and_optimize
986221.0,563590,python,python,method_get
986218.0,563579,python,libc.so.6,_int_free_merge_chunk
986210.0,563579,python,[JIT],0x000070d0523be00e
986202.0,563613,python,[JIT],0x0000776405faf6b0
986201.0,563554,python,python,PyObject_RichCompareBool
986189.0,563613,python,[JIT],0x0000776406887182
986180.0,563579,python,[JIT],0x000070d0523bcd9a
986177.0,563613,python,[JIT],0x000077640701340d
986176.0,563554,python,python,PyErr_Occurred
986172.0,563590,python,python,slot_tp_richcompare
986165.0,563590,python,[JIT],0x0000780ceb870cba
986164.0,563602,python,[JIT],0x00007fe8c1aa08f3
986154.0,563590,python,[JIT],0x0000780ceb8a70ba
986150.0,563554,python,[JIT],0x000078c4e7c1aa7f
986142.0,563590,python,[JIT],0x0000780cec5485f9
986139.0,563602,python,[JIT],0x00007fe8c1aa13e3
986138.0,563590,python,[JIT],0x0000780ceb86f22e
986131.0,563590,python,[JIT],0x0000780cebb1c0c6
986131.0,563602,python,[JIT],0x00007fe8c1a96f0a
986129.0,563590,python,[JIT],0x0000780ceb8714d3
986128.0,563613,python,[JIT],0x0000776405f4eb7d
986118.0,563590,python,[JIT],0x0000780ceb89a04c
986108.0,563554,python,[JIT],0x000078c4e7c3008b
986104.0,563602,python,[JIT],0x00007fe8c1aa916c
986104.0,563613,python,[JIT],0x0000776405fadc26
986098.0,563613,python,[JIT],0x00007764063396d3
986096.0,563579,python,[JIT],0x000070d0523a460b
986089.0,563554,python,[JIT],0x000078c4e7c4ab93
986087.0,563613,python,[JIT],0x0000776405f8a47f
986085.0,563590,python,[JIT],0x0000780ceb8804d1
986081.0,563579,python,[JIT],0x000070d05235d219
986080.0,563602,python,[JIT],0x00007fe8c1e2e41c
986080.0,563568,python,[JIT],0x000073d05e84f011
986076.0,563554,python,[JIT],0x000078c4e7c2f80c
986074.0,563547,python,[JIT],0x000076033c3bf06f
986071.0,563613,python,[JIT],0x0000776405f75410
986069.0,563613,python,[JIT],0x00007764063396b1
986067.0,563590,python,[JIT],0x0000780ceb82d8e9
986065.0,563579,python,[JIT],0x000070d053565056
986065.0,563547,python,[JIT],0x000076033c413c80
986063.0,563579,python,_struct.cpython-316-x86_64-linux-gnu.so,cache_struct_converter.constprop.0
986053.0,563554,python,[JIT],0x000078c4e7c3f9d8
986049.0,563554,python,[JIT],0x000078c4e7c4aecf
986049.0,563554,python,[JIT],0x000078c4e7c5613d
986043.0,563547,python,[JIT],0x000076033c3e03a4
986040.0,563602,python,[JIT],0x00007fe8c1aa97d8
986036.0,563547,python,[JIT],0x000076033c40d96b
986032.0,563579,python,[JIT],0x000070d052c8810c
986028.0,563613,python,[JIT],0x000077640688878d
986009.0,563554,python,[JIT],0x000078c4e7c04652
986009.0,563554,python,python,_PyType_GetDict
986003.0,563579,python,[JIT],0x000070d0523c9e84
985991.0,563554,python,[JIT],0x000078c4e7c4b039
985986.0,563547,python,[JIT],0x000076033c3ce7ae
985984.0,563602,python,[JIT],0x00007fe8c27251a1
985977.0,563590,python,[JIT],0x0000780ceb88051e
985976.0,563613,python,[JIT],0x0000776405fa0103
985972.0,563613,python,[JIT],0x0000776405f7318b
985971.0,563613,python,[JIT],0x0000776405f98eb0
985971.0,563613,python,[JIT],0x00007764070135cc
985967.0,563554,python,[JIT],0x000078c4e7c4d1ca
985960.0,563554,python,[JIT],0x000078c4e7bf2bb0
985954.0,563613,python,[kernel.kallsyms],mas_find
985952.0,563590,python,[JIT],0x0000780ceb8617b4
985949.0,563547,python,[JIT],0x000076033c3f9b88
985940.0,563590,python,[JIT],0x0000780ceca4100a
985916.0,563547,python,[JIT],0x000076033ccc9539
985907.0,563613,python,[JIT],0x0000776407153172
985904.0,563579,python,python,PyType_GetModule
985898.0,563568,python,python,PyObject_RichCompare
985896.0,563590,python,[JIT],0x0000780cec5484f3
985889.0,563613,python,[JIT],0x0000776405f97cab
985877.0,563554,python,python,optimize_uops.isra.0
985875.0,563554,python,[JIT],0x000078c4e8ded0ed
985871.0,563613,python,[JIT],0x0000776405fad45a
985861.0,563554,python,python,dict_get
985858.0,563590,python,[JIT],0x0000780ceb86e922
985852.0,563547,python,[JIT],0x000076033c41da88
985847.0,563602,python,[JIT],0x00007fe8c1a4a18a
985844.0,563579,python,[JIT],0x000070d0523c9ca4
985844.0,563590,python,[JIT],0x0000780ceb860c5d
985838.0,563547,python,[JIT],0x000076033c40551d
985816.0,563590,python,[JIT],0x0000780ceb88ed75
985808.0,563613,python,[JIT],0x0000776405fc599f
985807.0,563579,python,[JIT],0x000070d052384972
985807.0,563613,python,[JIT],0x0000776405f8122e
985803.0,563579,python,[JIT],0x000070d0523b0896
985797.0,563590,python,[JIT],0x0000780ceb89efee
985795.0,563568,python,[JIT],0x000073d05e84a319
985793.0,563547,python,[JIT],0x000076033c41d167
985789.0,563554,python,[JIT],0x000078c4e7c4c6b2
985788.0,563613,python,[JIT],0x0000776405f74e42
985787.0,563547,python,[JIT],0x000076033c3f71f1
985779.0,563554,python,[JIT],0x000078c4e7c1ba8b
985771.0,563568,python,python,PyNumber_Multiply
985764.0,563590,python,[JIT],0x0000780ceb88153f
985762.0,563554,python,[JIT],0x000078c4e7c38c8a
985759.0,563547,python,[JIT],0x000076033c414373
985750.0,563613,python,[JIT],0x0000776405f5c497
985750.0,563554,python,python,_PyDict_SetItem_Take2
985746.0,563547,python,[JIT],0x000076033c691985
985740.0,563613,python,[JIT],0x0000776406887232
985737.0,563590,python,[JIT],0x0000780ceb8482c2
985734.0,563579,python,[JIT],0x000070d0523705a7
985734.0,563579,python,[JIT],0x000070d052c881f7
985734.0,563547,python,[JIT],0x000076033c415b39
985732.0,563547,python,[JIT],0x000076033c411010
985730.0,563554,python,[JIT],0x000078c4e7c3722f
985728.0,563554,python,[JIT],0x000078c4e7bdecfe
985726.0,563590,python,[JIT],0x0000780ceb880ec0
985721.0,563590,python,[JIT],0x0000780ceb89f0d3
985720.0,563554,python,[JIT],0x000078c4e7c637c6
985718.0,563590,python,[JIT],0x0000780cec4eb2d3
985716.0,563590,python,[JIT],0x0000780ceb86e358
985710.0,563547,python,[JIT],0x000076033c411930
985698.0,563554,python,[JIT],0x000078c4e7c3dd46
985696.0,563613,python,[JIT],0x0000776405fa03e8
985694.0,563579,python,[JIT],0x000070d052369530
985691.0,563554,python,[JIT],0x000078c4e7c1d005
985683.0,563547,python,[JIT],0x000076033c41daae
985682.0,563602,python,[JIT],0x00007fe8c274c0e9
985678.0,563554,python,[JIT],0x000078c4e82da079
985676.0,563579,python,[JIT],0x000070d052c88273
985673.0,563613,python,[JIT],0x0000776405fadae7
985669.0,563554,python,[JIT],0x000078c4e7ecb1fe
985665.0,563590,python,[JIT],0x0000780cebb1b146
985663.0,563554,python,[JIT],0x000078c4e7c4425d
985659.0,563602,python,[JIT],0x00007fe8c1a583bb
985651.0,563602,python,[JIT],0x00007fe8c1a356a0
985647.0,563602,python,[JIT],0x00007fe8c1a8442a
985639.0,563579,python,[JIT],0x000070d0526398ce
985637.0,563547,python,[JIT],0x000076033c404d5c
985623.0,563579,python,[JIT],0x000070d05274d177
985606.0,563579,python,[JIT],0x000070d052c88c55
985600.0,563613,python,python,_PyObject_RealIsSubclass
985594.0,563602,python,[JIT],0x00007fe8c2a13374
985582.0,563590,python,[JIT],0x0000780ceb867fff
985576.0,563590,python,[JIT],0x0000780ceb871417
985572.0,563590,python,[JIT],0x0000780ceb8bb312
985572.0,563613,python,[JIT],0x0000776405fa0214
985570.0,563554,python,[JIT],0x000078c4e7c5655d
985555.0,563554,python,[JIT],0x000078c4e7c44aa8
985552.0,563590,python,[JIT],0x0000780cebb1b17b
985549.0,563554,python,[JIT],0x000078c4e7c63cc1
985545.0,563579,python,[JIT],0x000070d0523c84cf
985544.0,563579,python,[JIT],0x000070d052366b22
985544.0,563613,python,[JIT],0x0000776405fad4c8
985544.0,563590,python,[JIT],0x0000780ceb89c2a7
985543.0,563602,python,[JIT],0x00007fe8c1a4f5e1
985534.0,563613,python,[JIT],0x0000776405f6bf8c
985532.0,563613,python,[JIT],0x0000776405fc22f1
985531.0,563554,python,[JIT],0x000078c4e7c4a317
985531.0,563590,python,[JIT],0x0000780ceb88d215
985525.0,563554,python,[JIT],0x000078c4e7c5721d
985522.0,563579,python,[JIT],0x000070d05239bb73
985520.0,563547,python,[JIT],0x000076033c413b2a
985517.0,563590,python,[JIT],0x0000780ceb8a6c26
985511.0,563602,python,[JIT],0x00007fe8c1a9e43c
985502.0,563590,python,[JIT],0x0000780cec548c97
985489.0,563613,python,[JIT],0x0000776405f83a3a
985485.0,563613,python,[JIT],0x0000776407013400
985483.0,563613,python,[JIT],0x0000776405f72664
985482.0,563547,python,[JIT],0x000076033d413271
985479.0,563554,python,[JIT],0x000078c4e7c49b95
985474.0,563579,python,[JIT],0x000070d05239a43d
985472.0,563547,python,[JIT],0x000076033c412a6d
985472.0,563590,python,[JIT],0x0000780cec5482f4
985466.0,563590,python,[JIT],0x0000780ceb8b34c0
985465.0,563602,python,[JIT],0x00007fe8c1a766bb
985462.0,563554,python,[JIT],0x000078c4e7c55f0d
985457.0,563547,python,[JIT],0x000076033c69063a
985455.0,563579,python,[JIT],0x000070d052366290
985453.0,563613,python,[JIT],0x0000776405fb0b0b
985441.0,563554,python,[JIT],0x000078c4e7c0d55f
985441.0,563590,python,[JIT],0x0000780ceb868577
985436.0,563554,python,[JIT],0x000078c4e7c1ab69
985433.0,563602,python,python,_PyUnicode_ExactDealloc
985427.0,563547,python,[JIT],0x000076033c3c92a2
985415.0,563579,python,[JIT],0x000070d0523a3b36
985408.0,563547,python,[JIT],0x000076033c3d9e40
985406.0,563547,python,[JIT],0x000076033c4160cb
985401.0,563590,python,[JIT],0x0000780ceb871cb0
985397.0,563579,python,[JIT],0x000070d0523bd607
985389.0,563579,python,[JIT],0x000070d0523b051d
985381.0,563547,python,[JIT],0x000076033c3fccb9
985371.0,563579,python,[JIT],0x000070d0523a3a0b
985365.0,563602,python,python,object_str
985354.0,563590,python,[JIT],0x0000780ceb885b7b
985349.0,563554,python,[JIT],0x000078c4e7bf365f
985349.0,563554,python,[JIT],0x000078c4e7c4a78f
985340.0,563554,python,[JIT],0x000078c4e7c34a99
985338.0,563547,python,[JIT],0x000076033c3e525c
985336.0,563579,python,[JIT],0x000070d0523af0f6
985331.0,563579,python,python,object_dealloc
985321.0,563547,python,[JIT],0x000076033c400f00
985313.0,563602,python,[JIT],0x00007fe8c274c23a
985311.0,563547,python,[JIT],0x000076033ccc920f
985308.0,563547,python,[JIT],0x000076033c3f7c41
985308.0,563568,python,python,PyUnicode_New.part.0
985303.0,563579,python,[JIT],0x000070d0523c9c85
985298.0,563590,python,[JIT],0x0000780ceb89bb75
985286.0,563579,python,[JIT],0x000070d05274fbd2
985279.0,563579,python,[JIT],0x000070d05274d1ae
985269.0,563590,python,[JIT],0x0000780ceb88123f
985262.0,563554,python,[JIT],0x000078c4e7c3c104
985260.0,563590,python,[JIT],0x0000780ceb89ee81
985252.0,563613,python,[JIT],0x0000776405faee1d
985245.0,563602,python,[JIT],0x00007fe8c2726140
985243.0,563602,python,[JIT],0x00007fe8c1a83101
985242.0,563579,python,[JIT],0x000070d0523bf4ee
985225.0,563547,python,[JIT],0x000076033c3f71f9
985221.0,563554,python,[JIT],0x000078c4e7c4aa6d
985214.0,563602,python,[JIT],0x00007fe8c1a91040
985213.0,563547,python,[JIT],0x000076033c411846
985213.0,563613,python,[JIT],0x0000776405f5beab
985211.0,563554,python,[JIT],0x000078c4e7ecd218
985203.0,563547,python,[JIT],0x000076033c3f7010
985202.0,563547,python,[JIT],0x000076033c3ffe76
985196.0,563613,python,[JIT],0x0000776405f9b727
985186.0,563579,python,[JIT],0x000070d0523844c8
985186.0,563613,python,[JIT],0x0000776406227f3d
985180.0,563613,python,[JIT],0x0000776405f952bb
985179.0,563602,python,python,BaseException_dealloc
985177.0,563554,python,[JIT],0x000078c4e7be9c36
985176.0,563613,python,[JIT],0x0000776405f4b219
985175.0,563602,python,[JIT],0x00007fe8c1a9defe
985171.0,563547,python,[JIT],0x000076033c3c89a1
985170.0,563547,python,[JIT],0x000076033c4007ad
985152.0,563602,python,[JIT],0x00007fe8c1aa0f01
985152.0,563590,python,[JIT],0x0000780cec5484ff
985149.0,563613,python,[JIT],0x0000776405fb0e36
985144.0,563579,python,[JIT],0x000070d05274d963
985144.0,563554,python,[JIT],0x000078c4e7c0eecf
985139.0,563547,python,[JIT],0x000076033d5b9052
985136.0,563613,python,[JIT],0x0000776406887092
985135.0,563602,python,[JIT],0x00007fe8c1a4cbab
985131.0,563579,python,[JIT],0x000070d0523c0de7
985130.0,563602,python,[JIT],0x00007fe8c1a9e761
985123.0,563547,python,[JIT],0x000076033c3fea22
985120.0,563579,python,[JIT],0x000070d05239c08b
985117.0,563613,python,[JIT],0x0000776405fae36e
985116.0,563613,python,[JIT],0x00007764066691da
985115.0,563579,python,[JIT],0x000070d0523a2d37
985111.0,563547,python,[JIT],0x000076033c3d7b78
985111.0,563613,python,[JIT],0x0000776405f97398
985110.0,563579,python,[JIT],0x000070d052c891e9
985108.0,563547,python,[JIT],0x000076033c3cc4a6
985108.0,563613,python,[JIT],0x0000776405fb0a4d
985106.0,563579,python,python,slot_nb_multiply
985092.0,563547,python,[JIT],0x000076033c3fd773
985088.0,563547,python,[JIT],0x000076033c3db020
985088.0,563554,python,[JIT],0x000078c4e7c4dd1a
985084.0,563602,python,[JIT],0x00007fe8c1a4ffb8
985082.0,563554,python,[JIT],0x000078c4e7c2fa0a
985073.0,563579,python,[JIT],0x000070d05235f8b2
985069.0,563547,python,[JIT],0x000076033c404751
985069.0,563590,python,[JIT],0x0000780ceb86eedc
985063.0,563602,python,python,list_contains
985062.0,563579,python,[JIT],0x000070d0523a20a7
985058.0,563579,python,[JIT],0x000070d0523c90a8
985056.0,563547,python,[JIT],0x000076033c3e8c34
985056.0,563613,python,[JIT],0x0000776405f62744
985051.0,563613,python,[JIT],0x0000776405f977fc
985050.0,563554,python,[JIT],0x000078c4e7c1bf9d
985042.0,563602,python,[JIT],0x00007fe8c1a9404c
985037.0,563590,python,[JIT],0x0000780ceb88d894
985036.0,563602,python,[JIT],0x00007fe8c1a74db9
985036.0,563613,python,[JIT],0x0000776405f954e6
985017.0,563554,python,[JIT],0x000078c4e7c34094
985016.0,563613,python,[JIT],0x0000776405f95419
985013.0,563602,python,[JIT],0x00007fe8c1a9d11e
985011.0,563602,python,[JIT],0x00007fe8c1aa2d03
984990.0,563579,python,[JIT],0x000070d05263b4a6
984989.0,563613,python,[JIT],0x0000776405f74329
984983.0,563579,python,[JIT],0x000070d0523748ca
984983.0,563613,python,[JIT],0x0000776405faee31
984983.0,563590,python,[JIT],0x0000780ceb860bab
984979.0,563547,python,[JIT],0x000076033c3fe2c8
984961.0,563579,python,[JIT],0x000070d0523b2134
984952.0,563613,python,[JIT],0x0000776405faf41d
984946.0,563590,python,[JIT],0x0000780ceb88d894
984941.0,563613,python,[JIT],0x0000776405fb0bd0
984930.0,563579,python,[JIT],0x000070d0523a4b3c
984927.0,563579,python,[JIT],0x000070d0523bcaae
984925.0,563590,python,[JIT],0x0000780ceb85f3c5
984908.0,563579,python,[JIT],0x000070d0523be898
984906.0,563554,python,[JIT],0x000078c4e7c1da11
984901.0,563590,python,[JIT],0x0000780ceb840137
984900.0,563613,python,[JIT],0x0000776405f97694
984891.0,563613,python,[JIT],0x0000776405fae800
984877.0,563579,python,[JIT],0x000070d05236f30e
984873.0,563554,python,[JIT],0x000078c4e7c4d4da
984868.0,563547,python,[JIT],0x000076033c3fffa3
984853.0,563554,python,[JIT],0x000078c4e7c3dd3a
984851.0,563602,python,[JIT],0x00007fe8c1aa9dc6
984841.0,563602,python,[JIT],0x00007fe8c2725558
984841.0,563547,python,[JIT],0x000076033c3ed495
984832.0,563613,python,[JIT],0x0000776405fa00ae
984830.0,563579,python,[JIT],0x000070d0523690c9
984830.0,563602,python,[JIT],0x00007fe8c1a4e782
984827.0,563579,python,[JIT],0x000070d05238aa87
984823.0,563590,python,[JIT],0x0000780ceb89b340
984822.0,563579,python,[JIT],0x000070d0523af0fa
984793.0,563613,python,[JIT],0x0000776405f7540a
984782.0,563602,python,[JIT],0x00007fe8c1a9ddc3
984777.0,563590,python,[JIT],0x0000780ceb87278b
984773.0,563579,python,[JIT],0x000070d0523c056d
984760.0,563579,python,[JIT],0x000070d0523510cc
984758.0,563602,python,[JIT],0x00007fe8c1a7b882
984753.0,563613,python,[JIT],0x0000776405f732b0
984749.0,563602,python,[JIT],0x00007fe8c1a9fed3
984734.0,563602,python,[JIT],0x00007fe8c1a747ab
984733.0,563602,python,[JIT],0x00007fe8c1a40f0f
984731.0,563602,python,[JIT],0x00007fe8c1a5648d
984729.0,563602,python,[JIT],0x00007fe8c1a6451b
984728.0,563602,python,[JIT],0x00007fe8c1a6e483
984718.0,563579,python,[JIT],0x000070d05235118c
984716.0,563547,python,[libahci],ahci_scr_read
984709.0,563602,python,[JIT],0x00007fe8c1a83856
984702.0,563602,python,[JIT],0x00007fe8c1a85335
984701.0,563590,python,[JIT],0x0000780ceb89e56d
984687.0,563547,python,[JIT],0x000076033c3f850a
984681.0,563579,python,[JIT],0x000070d052385bec
984678.0,563590,python,[JIT],0x0000780ceb86eb0e
984671.0,563602,python,[JIT],0x00007fe8c1a8a943
984671.0,563602,python,[JIT],0x00007fe8c2a1329a
984664.0,563554,python,[JIT],0x000078c4e7c2d3bb
984624.0,563547,python,[JIT],0x000076033c3c01d1
984612.0,563602,python,[JIT],0x00007fe8c1ab3bfb
984604.0,563547,python,[JIT],0x000076033c3aa529
984602.0,563602,python,[JIT],0x00007fe8c1a8c3d3
984600.0,563613,python,[JIT],0x0000776405fad5be
984594.0,563579,python,[JIT],0x000070d0523544f5
984591.0,563579,python,[JIT],0x000070d0523b033c
984577.0,563613,python,[JIT],0x0000776405f92e10
984574.0,563579,python,[JIT],0x000070d0523c035d
984567.0,563613,python,[JIT],0x0000776405f6987e
984559.0,563602,python,[JIT],0x00007fe8c1a9e130
984547.0,563602,python,[JIT],0x00007fe8c274c423
984532.0,563602,python,[JIT],0x00007fe8c1a85766
984514.0,563554,python,[JIT],0x000078c4e7c155ca
984513.0,563579,python,[JIT],0x000070d052375917
984476.0,563568,python,[JIT],0x000073d05e852735
984473.0,563613,python,[JIT],0x0000776405fc278a
984454.0,563613,python,[JIT],0x0000776405fad38b
984434.0,563579,python,[JIT],0x000070d0523bdf49
984426.0,563547,python,[JIT],0x000076033c4155fd
984410.0,563547,python,[JIT],0x000076033c3dbf26
984400.0,563579,python,[JIT],0x000070d052384f14
984398.0,563579,python,[JIT],0x000070d0523856b3
984381.0,563579,python,[JIT],0x000070d05237632d
984371.0,563579,python,[JIT],0x000070d05236e8ab
984354.0,563602,python,[JIT],0x00007fe8c1aa1e8c
984343.0,563590,python,[JIT],0x0000780ceb886087
984330.0,563568,python,python,_PyUnicodeWriter_WriteStr
984308.0,563613,python,python,PyMem_Realloc
984289.0,563579,python,[JIT],0x000070d052346231
984281.0,563590,python,python,_PyLong_ExactDealloc
984278.0,563579,python,[JIT],0x000070d052386780
984278.0,563602,python,[JIT],0x00007fe8c1a5a7d0
984270.0,563590,python,[JIT],0x0000780ceb86392d
984251.0,563579,python,[kernel.kallsyms],__perf_event__output_id_sample
984238.0,563613,python,python,_PyObject_GetAttrStackRef
984234.0,563590,python,[JIT],0x0000780ceb861910
984229.0,563579,python,[JIT],0x000070d0523afc4e
984218.0,563613,python,[JIT],0x0000776405f8058c
984211.0,563613,python,[JIT],0x0000776405f996c9
984196.0,563602,python,[JIT],0x00007fe8c1a6b8ae
984194.0,563547,python,[JIT],0x000076033c3e199c
984192.0,563547,python,[JIT],0x000076033c3c9f1e
984179.0,563579,python,[JIT],0x000070d0523bc9ed
984158.0,563613,python,[JIT],0x0000776405fa21ac
984132.0,563547,python,[JIT],0x000076033c3f0fa8
984120.0,563554,python,[JIT],0x000078c4e8ded0cc
984115.0,563602,python,[JIT],0x00007fe8c1a357a4
984080.0,563547,python,[JIT],0x000076033c40bdbe
984072.0,563579,python,python,_PyNumber_Index
984067.0,563579,python,[JIT],0x000070d05238d0d0
984050.0,563579,python,[JIT],0x000070d05238ca83
984039.0,563590,python,[JIT],0x0000780ceb8b63bc
984032.0,563579,python,[JIT],0x000070d0523bfadd
984032.0,563602,python,[JIT],0x00007fe8c1a72bcf
984017.0,563613,python,python,optimize_uops.isra.0
984015.0,563590,python,python,long_dealloc
984014.0,563602,python,[JIT],0x00007fe8c1a83b8a
983993.0,563547,python,[JIT],0x000076033d41304c
983966.0,563613,python,[JIT],0x0000776405fa0da6
983957.0,563613,python,[JIT],0x0000776405f7b05a
983953.0,563613,python,[JIT],0x0000776405f9f224
983949.0,563602,python,[JIT],0x00007fe8c1a83d27
983935.0,563547,python,[JIT],0x000076033c6917b0
983916.0,563590,python,[kernel.kallsyms],_raw_spin_lock
983908.0,563568,python,[JIT],0x000073d05eab5c86
983893.0,563613,python,[JIT],0x0000776405f930ea
983891.0,563590,python,[JIT],0x0000780ceb8a6efb
983859.0,563547,python,[JIT],0x000076033c3e1bdd
983857.0,563547,python,[JIT],0x000076033c3cb716
983851.0,563579,python,[JIT],0x000070d052c8896e
983836.0,563568,python,[JIT],0x000073d05e82ba4c
983799.0,563579,python,[JIT],0x000070d0523a3f2c
983796.0,563547,python,[JIT],0x000076033c3e1bfc
983793.0,563590,python,[JIT],0x0000780ceb86f649
983793.0,563602,python,[JIT],0x00007fe8c1abaf1d
983762.0,563579,python,python,PyObject_RichCompare
983756.0,563579,python,[JIT],0x000070d0523bdc30
983754.0,563554,python,[JIT],0x000078c4e7c0d000
983750.0,563547,python,[JIT],0x000076033c3c0b1e
983749.0,563554,python,[JIT],0x000078c4e7ecc696
983746.0,563554,python,python,_PyMember_GetOffset
983743.0,563590,python,[JIT],0x0000780ceb882730
983734.0,563568,python,[JIT],0x000073d05ebc6fed
983710.0,563547,python,[JIT],0x000076033c40472d
983709.0,563613,python,[JIT],0x0000776407153127
983709.0,563554,python,[JIT],0x000078c4e7c4b437
983706.0,563613,python,libc.so.6,__GI___pthread_self
983704.0,563554,python,[JIT],0x000078c4e7bfb202
983685.0,563579,python,python,PyUnicode_Concat
983675.0,563579,python,[JIT],0x000070d052366495
983670.0,563547,python,[JIT],0x000076033c7a21c4
983669.0,563602,python,[JIT],0x00007fe8c1a842e0
983669.0,563554,python,[kernel.kallsyms],access_error
983664.0,563547,python,[JIT],0x000076033c3f7335
983660.0,563547,python,[JIT],0x000076033c3e86d0
983660.0,563590,python,[JIT],0x0000780ceb882652
983658.0,563554,python,[JIT],0x000078c4e7c4c8fe
983652.0,563547,python,[JIT],0x000076033c3ad128
983634.0,563554,python,[JIT],0x000078c4e7c4e172
983632.0,563602,python,python,PyDescr_IsData
983625.0,563590,python,[JIT],0x0000780ceb89dff6
983624.0,563579,python,[JIT],0x000070d05263b749
983610.0,563613,python,[JIT],0x0000776405f95236
983608.0,563602,python,[JIT],0x00007fe8c1a79d4d
983598.0,563613,python,[JIT],0x00007764063396bf
983583.0,563579,python,[JIT],0x000070d052378ee2
983582.0,563547,python,[JIT],0x000076033c3efb3a
983562.0,563579,python,[JIT],0x000070d052398e3c
983541.0,563602,python,[JIT],0x00007fe8c1aaa706
983538.0,563554,python,python,slot_tp_str
983537.0,563602,python,[JIT],0x00007fe8c1a83622
983524.0,563602,python,[JIT],0x00007fe8c1aa17e3
983524.0,563590,python,[JIT],0x0000780ceb886ef6
983505.0,563579,python,[JIT],0x000070d052c8813f
983502.0,563613,python,[JIT],0x0000776405f9a04c
983486.0,563613,python,[JIT],0x000077640633a647
983485.0,563613,python,[JIT],0x0000776405f64f10
983481.0,563602,python,[kernel.kallsyms],_raw_spin_lock
983476.0,563613,python,[JIT],0x0000776405fb843c
983476.0,563590,python,[JIT],0x0000780ceb89b7c3
983471.0,563590,python,[JIT],0x0000780ceb89b582
983467.0,563613,python,[JIT],0x0000776405f4e76a
983443.0,563590,python,[JIT],0x0000780ceb870acc
983434.0,563547,python,[JIT],0x000076033c4140b7
983412.0,563579,python,[JIT],0x000070d05238c7a8
983412.0,563613,python,[JIT],0x00007764070133d9
983408.0,563613,python,python,_copy_characters.constprop.0.isra.0
983404.0,563590,python,[JIT],0x0000780ceb89abd6
983395.0,563613,python,[JIT],0x0000776405f721f0
983384.0,563602,python,[JIT],0x00007fe8c1a9d9a7
983384.0,563613,python,[JIT],0x0000776405f44cd6
983377.0,563613,python,[JIT],0x0000776405f7bbdd
983359.0,563613,python,[JIT],0x0000776405f6430e
983351.0,563547,python,[JIT],0x000076033c3f7808
983350.0,563554,python,[JIT],0x000078c4e7c34191
983350.0,563590,python,[JIT],0x0000780ceca41176
983349.0,563613,python,[JIT],0x0000776405f65f7f
983345.0,563547,python,[JIT],0x000076033c41e68d
983340.0,563554,python,[JIT],0x000078c4e7c1d9b2
983339.0,563579,python,[JIT],0x000070d05237642b
983339.0,563613,python,[JIT],0x0000776405faeeb3
983338.0,563554,python,[JIT],0x000078c4e7c49729
983330.0,563590,python,[JIT],0x0000780ceb8a6aae
983325.0,563602,python,[JIT],0x00007fe8c1a4a1e9
983322.0,563554,python,[JIT],0x000078c4e7bdf063
983322.0,563554,python,python,object_new
983313.0,563579,python,[JIT],0x000070d05237083d
983302.0,563579,python,[JIT],0x000070d0523a316e
983298.0,563590,python,[JIT],0x0000780cec54718b
983297.0,563554,python,[JIT],0x000078c4e7c491dd
983296.0,563547,python,[JIT],0x000076033c3f73cf
983295.0,563613,python,[JIT],0x0000776405f5d588
983295.0,563554,python,[JIT],0x000078c4e7c2d412
983284.0,563613,python,[JIT],0x0000776405fb056d
983277.0,563613,python,[JIT],0x0000776407013a34
983273.0,563547,python,[JIT],0x000076033c694af8
983265.0,563547,python,[JIT],0x000076033d4133c0
983259.0,563613,python,[JIT],0x0000776405fb001f
983259.0,563554,python,[JIT],0x000078c4e7c2fd2b
983247.0,563554,python,[JIT],0x000078c4e7c32011
983243.0,563547,python,[JIT],0x000076033c3cab68
983241.0,563613,python,[JIT],0x0000776405f79920
983237.0,563613,python,[JIT],0x0000776405f45903
983237.0,563613,python,[JIT],0x0000776405f46045
983235.0,563590,python,[JIT],0x0000780ceb852c2a
983234.0,563579,python,[JIT],0x000070d052c88547
983234.0,563568,python,python,_copy_characters.constprop.0.isra.0
983227.0,563613,python,[JIT],0x0000776405fba5cc
983215.0,563602,python,[JIT],0x00007fe8c1a753ff
983211.0,563547,python,[JIT],0x000076033c3cb116
983211.0,563554,python,[JIT],0x000078c4e7c62196
983202.0,563547,python,[JIT],0x000076033c3fc083
983202.0,563554,python,[JIT],0x000078c4e7c4ba50
983199.0,563554,python,[JIT],0x000078c4e82da15d
983196.0,563579,python,[JIT],0x000070d05236892e
983196.0,563602,python,[JIT],0x00007fe8c1a5b9b2
983189.0,563547,python,[JIT],0x000076033c3d74cd
983180.0,563554,python,[JIT],0x000078c4e7c301b0
983177.0,563547,python,[JIT],0x000076033c3c892e
983168.0,563613,python,[JIT],0x0000776405fa31a6
983162.0,563590,python,[JIT],0x0000780ceb8b43a1
983153.0,563554,python,[JIT],0x000078c4e7bff03d
983150.0,563554,python,[JIT],0x000078c4e7c56151
983134.0,563554,python,[JIT],0x000078c4e82da3f9
983134.0,563590,python,[JIT],0x0000780ceb834270
983131.0,563547,python,[JIT],0x000076033c3d8b9a
983107.0,563547,python,[JIT],0x000076033c7a20c8
983105.0,563590,python,[JIT],0x0000780ceb861677
983084.0,563579,python,[JIT],0x000070d052375c75
983079.0,563602,python,[JIT],0x00007fe8c1e3077b
983075.0,563547,python,[JIT],0x000076033c405e51
983070.0,563590,python,[JIT],0x0000780ceb8721ff
983061.0,563579,python,python,_PyUnicode_ExactDealloc
983056.0,563590,python,[JIT],0x0000780ceb894d49
983053.0,563547,python,[JIT],0x000076033c3fdfe5
983045.0,563613,python,[JIT],0x0000776405f930b9
983038.0,563554,python,[JIT],0x000078c4e7ecb16d
983021.0,563602,python,[JIT],0x00007fe8c1a89766
983003.0,563590,python,[JIT],0x0000780ceb86ea0f
982988.0,563613,python,[JIT],0x000077640701376b
982984.0,563547,python,[JIT],0x000076033c414b9b
982965.0,563602,python,[JIT],0x00007fe8c1a639bd
982963.0,563579,python,[JIT],0x000070d0523673dd
982959.0,563579,python,[JIT],0x000070d0523c0d1a
982959.0,563602,python,[JIT],0x00007fe8c1aab454
982947.0,563554,python,[JIT],0x000078c4e7c1d24c
982944.0,563590,python,[JIT],0x0000780ceb8720b5
982934.0,563613,python,[JIT],0x0000776405fb112d
982922.0,563554,python,[JIT],0x000078c4e7c0d755
982919.0,563579,python,[JIT],0x000070d0523c0d95
982916.0,563613,python,[JIT],0x0000776405f9faf0
982912.0,563554,python,libc.so.6,__GI___pthread_self
982912.0,563602,python,[JIT],0x00007fe8c1aaa862
982911.0,563602,python,[JIT],0x00007fe8c2c4619f
982910.0,563579,python,[JIT],0x000070d0523bdab9
982903.0,563547,python,[JIT],0x000076033c3c09b5
982902.0,563613,python,python,PyObject_Free
982898.0,563602,python,[JIT],0x00007fe8c1a66764
982894.0,563554,python,[JIT],0x000078c4e7c4d4c8
982885.0,563568,python,[JIT],0x000073d05eef7976
982878.0,563554,python,[JIT],0x000078c4e7c4a0ae
982865.0,563579,python,[JIT],0x000070d05238ca96
982865.0,563547,python,[JIT],0x000076033c3fa1de
982860.0,563568,python,[JIT],0x000073d05ebc6b7b
982859.0,563590,python,python,PyObject_GC_Del
982856.0,563579,python,[JIT],0x000070d0523bff01
982851.0,563554,python,[JIT],0x000078c4e7c3745a
982845.0,563602,python,[JIT],0x00007fe8c1a8374b
982844.0,563579,python,[JIT],0x000070d05263900a
982844.0,563579,python,[JIT],0x000070d053565139
982840.0,563590,python,[JIT],0x0000780ceb89b65b
982839.0,563579,python,[JIT],0x000070d05237613e
982834.0,563579,python,[JIT],0x000070d05274dac5
982818.0,563547,python,[JIT],0x000076033d0ec4bb
982816.0,563602,python,[JIT],0x00007fe8c1a741a1
982814.0,563554,python,[JIT],0x000078c4e7ecd6e3
982813.0,563613,python,[JIT],0x0000776405fa4f9f
982812.0,563579,python,[JIT],0x000070d052375a8f
982808.0,563602,python,python,_PyObject_RealIsSubclass
982808.0,563547,python,[JIT],0x000076033c3e7317
982808.0,563554,python,[JIT],0x000078c4e7c4dcf7
982790.0,563579,python,[JIT],0x000070d0523a4730
982781.0,563579,python,[JIT],0x000070d0523bc327
982778.0,563602,python,[JIT],0x00007fe8c1e2ff13
982776.0,563613,python,[JIT],0x0000776405f97680
982760.0,563602,python,[JIT],0x00007fe8c274c9af
982751.0,563590,python,[JIT],0x0000780ceb8905a3
982743.0,563547,python,[JIT],0x000076033c3e8bd0
982729.0,563613,python,[JIT],0x0000776405f98363
982704.0,563579,python,[JIT],0x000070d0523bc77e
982702.0,563579,python,[JIT],0x000070d05236f605
982702.0,563602,python,[JIT],0x00007fe8c1aa00a1
982671.0,563554,python,[JIT],0x000078c4e7c3fb16
982667.0,563590,python,python,_Py_IsMainThread
982651.0,563579,python,[JIT],0x000070d0523d5bb4
982637.0,563613,python,[JIT],0x0000776405f947f0
982635.0,563613,python,[JIT],0x0000776405f9f04c
982632.0,563568,python,[JIT],0x000073d05e836a82
982608.0,563579,python,[JIT],0x000070d05238bf84
982607.0,563602,python,[JIT],0x00007fe8c1a842b0
982589.0,563547,python,[JIT],0x000076033c42c13a
982587.0,563547,python,[JIT],0x000076033c3f84d0
982586.0,563547,python,[JIT],0x000076033c41f85a
982561.0,563568,python,python,insertdict
982560.0,563579,python,[JIT],0x000070d0523c09a8
982551.0,563568,python,[JIT],0x000073d05e841e2f
982545.0,563602,python,[JIT],0x00007fe8c1aa1cdd
982542.0,563602,python,[JIT],0x00007fe8c1a8a0dd
982530.0,563579,python,[JIT],0x000070d05238313b
982514.0,563590,python,[JIT],0x0000780ceb885b5f
982499.0,563602,python,[JIT],0x00007fe8c1a8490d
982474.0,563579,python,[JIT],0x000070d0523a3c8c
982451.0,563602,python,[JIT],0x00007fe8c1a851f0
982445.0,563602,python,[JIT],0x00007fe8c1a839e2
982442.0,563579,python,[JIT],0x000070d0523bde66
982440.0,563547,python,[JIT],0x000076033c3d8bed
982404.0,563547,python,[JIT],0x000076033c412f18
982398.0,563602,python,python,PyNumber_Negative
982353.0,563568,python,python,binary_op1
982353.0,563602,python,[JIT],0x00007fe8c2725408
982352.0,563579,python,[JIT],0x000070d0523549e4
982347.0,563602,python,[JIT],0x00007fe8c1a8c629
982324.0,563579,python,python,_PyMember_GetOffset
982308.0,563547,python,[JIT],0x000076033d4130af
982306.0,563579,python,[JIT],0x000070d0523bc729
982306.0,563547,python,[JIT],0x000076033c691838
982302.0,563602,python,[JIT],0x00007fe8c1a895c0
982299.0,563554,python,[JIT],0x000078c4e7c0cfb9
982297.0,563613,python,[JIT],0x0000776405fb96ff
982276.0,563613,python,python,_PyUnicode_Repeat
982261.0,563579,python,[JIT],0x000070d0523afa43
982261.0,563602,python,[JIT],0x00007fe8c1a74b0d
982254.0,563568,python,[JIT],0x000073d05e84116c
982228.0,563579,python,[JIT],0x000070d0523b0db1
982209.0,563602,python,[JIT],0x00007fe8c1a6e542
982194.0,563554,python,[JIT],0x000078c4e7c0eb43
982180.0,563613,python,[JIT],0x0000776405fad861
982161.0,563590,python,[JIT],0x0000780ceb872505
982144.0,563590,python,[JIT],0x0000780ceb8a6e88
982123.0,563579,python,[JIT],0x000070d05236991c
982119.0,563613,python,[JIT],0x0000776405f4257f
982114.0,563613,python,[JIT],0x0000776405f628f9
982077.0,563579,python,[JIT],0x000070d0523bf302
982069.0,563590,python,[JIT],0x0000780ceb89adf3
982064.0,563613,python,[JIT],0x000077640666a280
982056.0,563547,python,[JIT],0x000076033c3a6cd5
982043.0,563602,python,[JIT],0x00007fe8c1a75b3e
982042.0,563613,python,[JIT],0x0000776405faccbb
982035.0,563554,python,[JIT],0x000078c4e7c310ce
982022.0,563613,python,[JIT],0x0000776405f526d8
982012.0,563602,python,[JIT],0x00007fe8c1d1c321
982004.0,563602,python,[JIT],0x00007fe8c1a567a0
982002.0,563613,python,[JIT],0x0000776405fb01f1
981984.0,563554,python,[JIT],0x000078c4e7c30cd5
981980.0,563554,python,[JIT],0x000078c4e7c15aaf
981979.0,563613,python,[JIT],0x0000776405fad4af
981978.0,563547,python,[JIT],0x000076033c3acddf
981978.0,563613,python,[JIT],0x00007764070135a4
981970.0,563590,python,[JIT],0x0000780ceb86a470
981965.0,563613,python,[JIT],0x0000776405f936e3
981962.0,563554,python,[JIT],0x000078c4e7c49684
981959.0,563547,python,[JIT],0x000076033c3f8fae
981958.0,563602,python,[JIT],0x00007fe8c1a54cb5
981949.0,563554,python,[JIT],0x000078c4e7bff586
981940.0,563547,python,[JIT],0x000076033c3daadd
981939.0,563554,python,[JIT],0x000078c4e7c4c9f0
981935.0,563554,python,[JIT],0x000078c4e7bff62d
981933.0,563554,python,[JIT],0x000078c4e7c0b77c
981928.0,563590,python,[JIT],0x0000780ceb8b3087
981923.0,563568,python,[JIT],0x000073d05e82c1ad
981921.0,563554,python,python,_PyArg_UnpackKeywords
981904.0,563554,python,[JIT],0x000078c4e7c4bbd7
981902.0,563613,python,[JIT],0x0000776405f728ea
981899.0,563579,python,python,list_contains
981899.0,563613,python,[JIT],0x0000776405f9a582
981896.0,563613,python,[JIT],0x000077640688726d
981887.0,563590,python,[JIT],0x0000780ceb8525b4
981885.0,563613,python,[JIT],0x0000776405f823a2
981883.0,563554,python,[JIT],0x000078c4e82da160
981879.0,563554,python,[JIT],0x000078c4e7c59d82
981874.0,563579,python,[JIT],0x000070d052365b0e
981873.0,563613,python,[JIT],0x0000776405f94a0b
981868.0,563547,python,[JIT],0x000076033c3da9ea
981866.0,563590,python,[JIT],0x0000780ceb88e25c
981864.0,563590,python,[JIT],0x0000780ceb88206b
981858.0,563554,python,[JIT],0x000078c4e7bffff6
981842.0,563613,python,[JIT],0x0000776405f6334c
981834.0,563590,python,[JIT],0x0000780ceb87209c
981833.0,563590,python,[JIT],0x0000780ceb82d088
981831.0,563602,python,[JIT],0x00007fe8c1a8c4af
981819.0,563579,python,[JIT],0x000070d0523b0cea
981819.0,563547,python,[JIT],0x000076033c7a3059
981818.0,563613,python,[JIT],0x0000776405f4565b
981815.0,563579,python,[JIT],0x000070d05236d1a9
981809.0,563579,python,[JIT],0x000070d0523bc9a0
981807.0,563554,python,[JIT],0x000078c4e8ded167
981789.0,563547,python,[JIT],0x000076033c3a6afa
981784.0,563613,python,[JIT],0x00007764071530e9
981781.0,563554,python,[JIT],0x000078c4e7c300bd
981778.0,563590,python,[JIT],0x0000780ceb89b615
981768.0,563579,python,[JIT],0x000070d052384203
981761.0,563554,python,[JIT],0x000078c4e7c3d003
981750.0,563613,python,[JIT],0x0000776405fb996d
981736.0,563613,python,[JIT],0x0000776406228882
981726.0,563554,python,[JIT],0x000078c4e7c4b99b
981718.0,563602,python,[JIT],0x00007fe8c1aaabd2
981711.0,563579,python,[JIT],0x000070d0523af0ef
981711.0,563579,python,python,list_dealloc
981709.0,563554,python,[JIT],0x000078c4e82da809
981700.0,563554,python,[JIT],0x000078c4e7c3d33c
981690.0,563547,python,[JIT],0x000076033c411fc8
981688.0,563590,python,python,object_new
981685.0,563613,python,[JIT],0x000077640633a01c
981665.0,563554,python,[JIT],0x000078c4e7c3db07
981661.0,563613,python,[JIT],0x0000776405f97dd8
981646.0,563579,python,[JIT],0x000070d052368b5a
981634.0,563579,python,[JIT],0x000070d0523c932f
981621.0,563613,python,[JIT],0x0000776405f9f7b7
981597.0,563579,python,[JIT],0x000070d0523c03b3
981595.0,563590,python,[JIT],0x0000780cec548273
981555.0,563554,python,[JIT],0x000078c4e7c3d1c5
981552.0,563602,python,[JIT],0x00007fe8c274c19a
981541.0,563579,python,[JIT],0x000070d05236dcd7
981541.0,563579,python,[JIT],0x000070d0523b0d17
981536.0,563579,python,[JIT],0x000070d0523bc991
981535.0,563579,python,[JIT],0x000070d0523481b1
981530.0,563590,python,[JIT],0x0000780ceb89a191
981517.0,563602,python,[JIT],0x00007fe8c1aaac90
981509.0,563554,python,[JIT],0x000078c4e7bd9cd5
981492.0,563602,python,python,unicode_length
981482.0,563554,python,[JIT],0x000078c4e7bfc2fb
981481.0,563554,python,python,PyObject_GC_UnTrack
981480.0,563602,python,[JIT],0x00007fe8c1ab9667
981477.0,563590,python,[JIT],0x0000780ceb85794d
981467.0,563613,python,[JIT],0x0000776405fbae26
981462.0,563613,python,[JIT],0x0000776405fba7a1
981450.0,563579,python,python,PyUnicode_AsUTF8AndSize
981449.0,563579,python,[JIT],0x000070d0523c0a78
981443.0,563554,python,[JIT],0x000078c4e7c4ae83
981420.0,563590,python,[JIT],0x0000780ceb886685
981418.0,563579,python,[JIT],0x000070d0523be224
981415.0,563554,python,[JIT],0x000078c4e7ecb266
981388.0,563579,python,[JIT],0x000070d052c872bb
981369.0,563554,python,[JIT],0x000078c4e7c1a8c5
981368.0,563602,python,[JIT],0x00007fe8c1aa933e
981355.0,563613,python,[JIT],0x0000776405fb884b
981350.0,563602,python,[JIT],0x00007fe8c1a6b4af
981349.0,563590,python,[JIT],0x0000780ceb89d230
981346.0,563579,python,[JIT],0x000070d0523650ac
981337.0,563554,python,[JIT],0x000078c4e7c3f648
981334.0,563613,python,python,_contextvars_ContextVar_get
981327.0,563602,python,[JIT],0x00007fe8c1a3e083
981317.0,563579,python,[JIT],0x000070d05234823c
981313.0,563590,python,[JIT],0x0000780ceb8bb56d
981312.0,563590,python,[JIT],0x0000780ceb8820bf
981300.0,563602,python,[JIT],0x00007fe8c1aa20bc
981296.0,563590,python,[JIT],0x0000780ceb86fb13
981295.0,563590,python,[JIT],0x0000780cec548174
981280.0,563602,python,[JIT],0x00007fe8c1aa01ee
981279.0,563547,python,[JIT],0x000076033c3f9335
981278.0,563602,python,[JIT],0x00007fe8c1a413ac
981273.0,563547,python,[JIT],0x000076033c41f27c
981273.0,563547,python,[JIT],0x000076033c6917be
981271.0,563602,python,[JIT],0x00007fe8c1a8819d
981268.0,563554,python,[JIT],0x000078c4e8ded00a
981245.0,563547,python,[JIT],0x000076033d0ec3d9
981238.0,563568,python,python,_PyLong_ExactDealloc
981237.0,563613,python,[JIT],0x0000776405fac59c
981223.0,563602,python,[JIT],0x00007fe8c1a71c0d
981221.0,563554,python,[JIT],0x000078c4e7c3223a
981202.0,563590,python,[JIT],0x0000780cebb1c683
981177.0,563579,python,[JIT],0x000070d052382e63
981174.0,563547,python,[kernel.kallsyms],sd_done
981169.0,563590,python,[JIT],0x0000780ceb8b9a5c
981158.0,563579,python,[JIT],0x000070d0523da63d
981145.0,563590,python,[JIT],0x0000780ceb8b3b99
981138.0,563602,python,[JIT],0x00007fe8c1a97982
981130.0,563554,python,[JIT],0x000078c4e7c688c7
981124.0,563579,python,[JIT],0x000070d05263ca3d
981115.0,563590,python,[JIT],0x0000780ceb871b66
981104.0,563568,python,[JIT],0x000073d05e83621c
981097.0,563554,python,[JIT],0x000078c4e7c4b90f
981069.0,563590,python,[JIT],0x0000780cec5470f0
981052.0,563547,python,[JIT],0x000076033c42b7bf
981027.0,563602,python,[JIT],0x00007fe8c1a44c26
981021.0,563547,python,[JIT],0x000076033c412f49
981016.0,563547,python,[JIT],0x000076033c691806
981012.0,563579,python,[JIT],0x000070d05263b651
981010.0,563554,python,[JIT],0x000078c4e7c33130
981005.0,563547,python,[JIT],0x000076033c3cf00a
980985.0,563554,python,[JIT],0x000078c4e82db141
980984.0,563547,python,[JIT],0x000076033c3e5db6
980951.0,563554,python,python,_PyStolenTuple_Free
980921.0,563554,python,[JIT],0x000078c4e7c57cd2
980910.0,563590,python,[JIT],0x0000780cec548d4f
980901.0,563590,python,[JIT],0x0000780ceb8691bd
980898.0,563613,python,[JIT],0x0000776405f718ff
980898.0,563568,python,[JIT],0x000073d05f9dc0b4
980887.0,563547,python,[JIT],0x000076033d0ecb38
980879.0,563554,python,[JIT],0x000078c4e7c14def
980869.0,563590,python,[JIT],0x0000780ceb89a9bf
980862.0,563554,python,[JIT],0x000078c4e7ecd220
980860.0,563554,python,[JIT],0x000078c4e7c1cd39
980837.0,563547,python,[JIT],0x000076033c41106b
980818.0,563602,python,[JIT],0x00007fe8c1aba932
980816.0,563547,python,[JIT],0x000076033c413306
980797.0,563613,python,[JIT],0x0000776405fa001c
980776.0,563613,python,[JIT],0x0000776405fa0519
980766.0,563568,python,[JIT],0x000073d05eab82f2
980759.0,563547,python,[JIT],0x000076033c412b4e
980756.0,563602,python,[JIT],0x00007fe8c1a57f7f
980751.0,563579,python,[JIT],0x000070d052399f40
980742.0,563568,python,python,PyBuffer_FillInfo
980739.0,563554,python,[JIT],0x000078c4e7c0b71c
980726.0,563554,python,[JIT],0x000078c4e7c2d36f
980696.0,563613,python,[JIT],0x0000776405f713a0
980684.0,563579,python,[JIT],0x000070d0523b0cad
980675.0,563613,python,[JIT],0x0000776405fae437
980665.0,563579,python,[JIT],0x000070d0523bec63
980664.0,563590,python,[JIT],0x0000780ceb870333
980661.0,563613,python,[JIT],0x000077640688733c
980660.0,563602,python,[JIT],0x00007fe8c2a131d6
980635.0,563590,python,python,_Py_VectorCall_StackRefSteal
980629.0,563602,python,[JIT],0x00007fe8c1a86213
980629.0,563613,python,[JIT],0x0000776405fadcb9
980621.0,563568,python,[JIT],0x000073d05eef772e
980616.0,563554,python,[JIT],0x000078c4e7c2f339
980615.0,563554,python,[JIT],0x000078c4e7c0de71
980608.0,563579,python,[kernel.kallsyms],timekeeping_update
980603.0,563568,python,libc.so.6,unlink_chunk.isra.0
980596.0,563613,python,[JIT],0x0000776405fac58a
980591.0,563590,python,[JIT],0x0000780cec5483e9
980590.0,563554,python,[JIT],0x000078c4e7bfc954
980575.0,563568,python,[JIT],0x000073d05e836421
980570.0,563590,python,[JIT],0x0000780ceb839164
980567.0,563590,python,[JIT],0x0000780cec547321
980565.0,563613,python,[JIT],0x0000776405f80f5a
980565.0,563590,python,[JIT],0x0000780ceca410cc
980561.0,563579,python,python,_PyUnicodeWriter_PrepareInternal
980560.0,563579,python,[JIT],0x000070d05238351b
980551.0,563613,python,[JIT],0x0000776405facdb5
980545.0,563579,python,[JIT],0x000070d05237562f
980541.0,563613,python,[JIT],0x0000776405f84351
980534.0,563547,python,[JIT],0x000076033c3f8185
980527.0,563613,python,[JIT],0x0000776405f72048
980526.0,563590,python,[JIT],0x0000780ceb869a96
980523.0,563554,python,[JIT],0x000078c4e7ecc3aa
980521.0,563547,python,[JIT],0x000076033c3ee3c1
980513.0,563579,python,python,_PyObject_VectorcallPrepend
980507.0,563602,python,[JIT],0x00007fe8c1aaa0ba
980506.0,563613,python,[JIT],0x0000776405fad3df
980502.0,563554,python,[JIT],0x000078c4e7c0f32a
980497.0,563554,python,[JIT],0x000078c4e7c2f880
980494.0,563590,python,[JIT],0x0000780ceb8715be
980489.0,563590,python,[JIT],0x0000780ceb8a64cf
980488.0,563554,python,[JIT],0x000078c4e7bec4a5
980486.0,563590,python,[JIT],0x0000780cec521360
980481.0,563547,python,[JIT],0x000076033c3e5d2c
980478.0,563602,python,[kernel.kallsyms],update_vdso_data.constprop.0
980474.0,563554,python,[JIT],0x000078c4e82da144
980470.0,563590,python,[JIT],0x0000780ceb863498
980464.0,563547,python,[JIT],0x000076033c3da1fa
980461.0,563590,python,[JIT],0x0000780ceb89d326
980459.0,563602,python,[JIT],0x00007fe8c1a9d4fe
980456.0,563590,python,[JIT],0x0000780ceb88d912
980451.0,563579,python,[JIT],0x000070d05238d198
980426.0,563554,python,[JIT],0x000078c4e7ecc109
980423.0,563554,python,[JIT],0x000078c4e7c4d3b3
980414.0,563554,python,[JIT],0x000078c4e7c3d10f
980403.0,563547,python,[JIT],0x000076033c3dab49
980402.0,563602,python,[JIT],0x00007fe8c1aab8e1
980397.0,563590,python,[JIT],0x0000780ceb8869df
980393.0,563579,python,[JIT],0x000070d05263b7ae
980388.0,563554,python,[JIT],0x000078c4e7c4ba09
980361.0,563554,python,[JIT],0x000078c4e7c40716
980352.0,563590,python,[JIT],0x0000780ceb863be1
980343.0,563554,python,[JIT],0x000078c4e7c4a49a
980340.0,563613,python,[JIT],0x0000776407013965
980337.0,563579,python,[JIT],0x000070d0523ce4f8
980329.0,563590,python,[JIT],0x0000780ceb8a6286
980326.0,563602,python,[JIT],0x00007fe8c1a9f11b
980319.0,563554,python,[JIT],0x000078c4e7be79f9
980312.0,563579,python,[JIT],0x000070d0523c0a41
980309.0,563554,python,[JIT],0x000078c4e7c3c3c1
980307.0,563613,python,[JIT],0x0000776406669964
980303.0,563554,python,[JIT],0x000078c4e7c63c86
980299.0,563613,python,[JIT],0x0000776405fb0e04
980293.0,563590,python,[JIT],0x0000780ceb8659ba
980291.0,563613,python,[JIT],0x0000776406339de6
980287.0,563579,python,python,cfunction_vectorcall_FASTCALL_KEYWORDS_METHOD
980284.0,563590,python,[JIT],0x0000780ceb8b623f
980255.0,563554,python,python,_PyTuple_FromArraySteal
980252.0,563590,python,[JIT],0x0000780ceb876749
980251.0,563602,python,[JIT],0x00007fe8c1aaade2
980251.0,563547,python,[JIT],0x000076033c3ee285
980246.0,563613,python,[JIT],0x0000776405f7ba0e
980245.0,563547,python,[JIT],0x000076033c40b4d8
980239.0,563579,python,[JIT],0x000070d0523822be
980239.0,563613,python,[JIT],0x0000776405fae109
980235.0,563590,python,[JIT],0x0000780ceb862365
980228.0,563579,python,[JIT],0x000070d052376398
980226.0,563613,python,[kernel.kallsyms],account_user_time
980215.0,563547,python,[JIT],0x000076033c3e8327
980212.0,563590,python,[JIT],0x0000780ceb895d70
980200.0,563602,python,[JIT],0x00007fe8c1aa1f00
980193.0,563613,python,[JIT],0x0000776405fb9fff
980185.0,563554,python,[JIT],0x000078c4e7c33112
980179.0,563590,python,[JIT],0x0000780ceb89cbcb
980178.0,563613,python,[JIT],0x0000776405faf230
980171.0,563590,python,[JIT],0x0000780ceb870154
980165.0,563613,python,[JIT],0x0000776405f9f3c1
980152.0,563579,python,[JIT],0x000070d0523b49d2
980152.0,563613,python,[JIT],0x0000776405f42425
980151.0,563554,python,[JIT],0x000078c4e7c1b2f8
980148.0,563613,python,[JIT],0x0000776405fad3e3
980143.0,563590,python,[JIT],0x0000780ceb89ea10
980141.0,563579,python,[JIT],0x000070d0523a2f08
980140.0,563602,python,[JIT],0x00007fe8c1aa1b5c
980136.0,563590,python,python,long_vectorcall
980136.0,563590,python,[JIT],0x0000780ceb886cc9
980132.0,563547,python,[JIT],0x000076033c3fa282
980132.0,563590,python,[JIT],0x0000780ceb871f2d
980129.0,563613,python,[JIT],0x0000776405f94b88
980128.0,563547,python,[JIT],0x000076033c4157a3
980113.0,563568,python,[JIT],0x000073d05ebc718b
980099.0,563547,python,[JIT],0x000076033c3d962c
980090.0,563590,python,[JIT],0x0000780ceb89ce3c
980088.0,563602,python,[JIT],0x00007fe8c1a95cf8
980085.0,563554,python,[JIT],0x000078c4e7c1bd88
980077.0,563547,python,[JIT],0x000076033c41f5e9
980076.0,563554,python,[JIT],0x000078c4e7c1e380
980076.0,563554,python,[JIT],0x000078c4e7ecb246
980071.0,563590,python,[JIT],0x0000780ceb880d3a
980069.0,563613,python,[JIT],0x0000776405f99959
980065.0,563590,python,python,PyObject_RichCompare
980065.0,563568,python,libc.so.6,__strlen_avx2
980056.0,563579,python,[JIT],0x000070d0523c0520
980054.0,563547,python,[JIT],0x000076033c3abcc4
980050.0,563579,python,[JIT],0x000070d05235fdb7
980046.0,563590,python,[JIT],0x0000780ceb890685
980036.0,563579,python,python,unicode_dealloc
980017.0,563547,python,[JIT],0x000076033c412ede
980006.0,563613,python,[JIT],0x0000776405fac22a
980003.0,563579,python,[JIT],0x000070d052c88976
979998.0,563602,python,[JIT],0x00007fe8c1a843b2
979994.0,563579,python,[JIT],0x000070d052c872b7
979982.0,563602,python,[JIT],0x00007fe8c1a729fd
979982.0,563554,python,[JIT],0x000078c4e7c1e19c
979981.0,563579,python,[JIT],0x000070d052c8870d
979981.0,563590,python,[JIT],0x0000780ceb8532d7
979979.0,563613,python,[JIT],0x0000776405f90ad4
979977.0,563554,python,[JIT],0x000078c4e7c559d0
979975.0,563554,python,[JIT],0x000078c4e7c3c30f
979969.0,563590,python,[JIT],0x0000780cec5471b4
979954.0,563590,python,[JIT],0x0000780ceb88de57
979952.0,563590,python,[JIT],0x0000780ceb8a81bf
979950.0,563613,python,[JIT],0x0000776407013579
979937.0,563602,python,[JIT],0x00007fe8c1aabe95
979935.0,563554,python,[JIT],0x000078c4e7c4d9c5
979933.0,563590,python,[JIT],0x0000780ceb862f1e
979931.0,563554,python,[JIT],0x000078c4e7c1ba47
979931.0,563554,python,python,_PyObject_GetAttrStackRef
979931.0,563602,python,[JIT],0x00007fe8c1aa9338
979930.0,563579,python,[JIT],0x000070d052c88970
979902.0,563590,python,[JIT],0x0000780cebb1c89e
979901.0,563554,python,[JIT],0x000078c4e7c2fa8f
979891.0,563613,python,[JIT],0x0000776405faf9d3
979888.0,563613,python,[JIT],0x0000776405f97a0d
979880.0,563579,python,[JIT],0x000070d0523c0841
979873.0,563579,python,[JIT],0x000070d0523c110e
979872.0,563579,python,[JIT],0x000070d05274d15d
979861.0,563579,python,[JIT],0x000070d05263c03e
979860.0,563602,python,[JIT],0x00007fe8c1aaa7a9
979854.0,563602,python,[JIT],0x00007fe8c1a5058b
979851.0,563579,python,[JIT],0x000070d05235a04c
979847.0,563613,python,[JIT],0x0000776405f46303
979845.0,563613,python,[kernel.kallsyms],perf_adjust_freq_unthr_context
979840.0,563547,python,[JIT],0x000076033c69102d
979818.0,563602,python,[JIT],0x00007fe8c1a9d12a
979801.0,563613,python,[JIT],0x0000776405fb896e
979790.0,563590,python,[JIT],0x0000780ceb86e07e
979779.0,563547,python,[JIT],0x000076033c3e7453
979771.0,563590,python,[JIT],0x0000780cebb1b1a6
979763.0,563579,python,[JIT],0x000070d0523a2a97
979754.0,563554,python,[JIT],0x000078c4e7ed02dd
979732.0,563613,python,[JIT],0x0000776405fb87cb
979727.0,563602,python,[JIT],0x00007fe8c1a85ed0
979726.0,563579,python,[JIT],0x000070d05234e000
979718.0,563554,python,[JIT],0x000078c4e7bfcaf7
979717.0,563579,python,[JIT],0x000070d052c885c3
979717.0,563547,python,[JIT],0x000076033c691233
979716.0,563613,python,[JIT],0x0000776407013db2
979713.0,563547,python,[JIT],0x000076033c400c7b
979709.0,563579,python,[JIT],0x000070d0523a26c6
979705.0,563613,python,[JIT],0x000077640622a48c
979703.0,563554,python,[JIT],0x000078c4e7c498ef
979701.0,563547,python,[JIT],0x000076033c3ef98f
979698.0,563554,python,[JIT],0x000078c4e7c34659
979697.0,563568,python,[JIT],0x000073d05eab400a
979688.0,563554,python,[JIT],0x000078c4e7bf55a6
979687.0,563579,python,[JIT],0x000070d0523c918f
979684.0,563547,python,[JIT],0x000076033c3edea0
979677.0,563554,python,[JIT],0x000078c4e8ded13b
979668.0,563602,python,python,_PyEval_UnpackIndices
979664.0,563547,python,[JIT],0x000076033c412076
979664.0,563613,python,[JIT],0x0000776405f9f379
979663.0,563554,python,[JIT],0x000078c4e7c0c7f6
979651.0,563579,python,[JIT],0x000070d052376491
979648.0,563547,python,[JIT],0x000076033c3f700a
979644.0,563602,python,[JIT],0x00007fe8c2a1319f
979641.0,563579,python,[JIT],0x000070d0523c8b63
979632.0,563547,python,[JIT],0x000076033c42a000
979629.0,563613,python,[JIT],0x0000776407013312
979628.0,563579,python,[JIT],0x000070d0523a4352
979626.0,563590,python,[JIT],0x0000780ceb86e315
979622.0,563579,python,[JIT],0x000070d05235b40e
979616.0,563590,python,[JIT],0x0000780ceb8821b5
979610.0,563590,python,[JIT],0x0000780cec548110
979606.0,563547,python,[JIT],0x000076033c4043c6
979606.0,563590,python,[JIT],0x0000780ceb8329e6
979602.0,563590,python,libc.so.6,_int_malloc
979601.0,563579,python,[JIT],0x000070d0523742b3
979595.0,563613,python,[JIT],0x0000776405f93396
979595.0,563590,python,[JIT],0x0000780ceb85f00a
979594.0,563547,python,[JIT],0x000076033c415bdc
979586.0,563590,python,[JIT],0x0000780ceb886466
979584.0,563579,python,[JIT],0x000070d0523538cb
979575.0,563554,python,[JIT],0x000078c4e7c35516
979572.0,563579,python,[JIT],0x000070d052c870b6
979572.0,563613,python,[JIT],0x0000776405f9b304
979568.0,563590,python,[JIT],0x0000780ceb853f70
979567.0,563590,python,[JIT],0x0000780ceb8a6c20
979544.0,563590,python,[JIT],0x0000780ceb880f70
979541.0,563602,python,[JIT],0x00007fe8c26ec436
979536.0,563602,python,[JIT],0x00007fe8c274c445
979535.0,563547,python,[JIT],0x000076033c412508
979534.0,563613,python,[JIT],0x0000776405f65562
979532.0,563613,python,[JIT],0x0000776405fc1d76
979528.0,563602,python,[JIT],0x00007fe8c1a8b826
979519.0,563613,python,[JIT],0x0000776405fb9a12
979512.0,563602,python,[JIT],0x00007fe8c1a6c706
979511.0,563554,python,[JIT],0x000078c4e7c44268
979510.0,563613,python,[JIT],0x0000776407013866
979504.0,563547,python,[kernel.kallsyms],__irqentry_text_end
979503.0,563590,python,[JIT],0x0000780ceb861670
979501.0,563602,python,[JIT],0x00007fe8c1a852fa
979496.0,563602,python,[JIT],0x00007fe8c1a547f6
979494.0,563547,python,[JIT],0x000076033c4120ae
979483.0,563554,python,[JIT],0x000078c4e7c4b4a1
979478.0,563579,python,[JIT],0x000070d0523a3b9b
979470.0,563554,python,[JIT],0x000078c4e7c554e0
979467.0,563613,python,[JIT],0x0000776405f80806
979454.0,563547,python,[JIT],0x000076033c3f9f8f
979453.0,563590,python,[JIT],0x0000780ceb88e7f6
979450.0,563554,python,[JIT],0x000078c4e7bfdc88
979434.0,563579,python,[JIT],0x000070d0523bf230
979424.0,563579,python,[JIT],0x000070d052377950
979417.0,563554,python,[JIT],0x000078c4e7c6a931
979412.0,563613,python,[JIT],0x0000776405f82744
979409.0,563554,python,[JIT],0x000078c4e7c0c040
979406.0,563547,python,python,cfunction_vectorcall_FASTCALL_KEYWORDS
979401.0,563579,python,[JIT],0x000070d052349128
979395.0,563554,python,[JIT],0x000078c4e7bf4f14
979391.0,563579,python,[JIT],0x000070d0523a500b
979383.0,563568,python,python,method_get
979367.0,563579,python,[JIT],0x000070d0523a4408
979367.0,563590,python,[kernel.kallsyms],irq_enter_rcu
979365.0,563579,python,[JIT],0x000070d05238c000
979339.0,563590,python,[JIT],0x0000780ceb8783b1
979338.0,563579,python,[JIT],0x000070d05239b073
979332.0,563579,python,[JIT],0x000070d05239a50f
979320.0,563554,python,[JIT],0x000078c4e7c56132
979311.0,563602,python,[JIT],0x00007fe8c1aa1f92
979309.0,563554,python,_struct.cpython-316-x86_64-linux-gnu.so,cache_struct_converter.constprop.0
979306.0,563590,python,python,_PyStaticMethod_GetFunc
979288.0,563590,python,[JIT],0x0000780ceb885608
979280.0,563602,python,[JIT],0x00007fe8c2a1318b
979276.0,563590,python,[JIT],0x0000780ceb893cc4
979272.0,563590,python,[JIT],0x0000780ceb8711b5
979256.0,563602,python,[JIT],0x00007fe8c2c460b8
979244.0,563590,python,[JIT],0x0000780ceb88e39d
979243.0,563602,python,[JIT],0x00007fe8c1aa08d6
979242.0,563590,python,[JIT],0x0000780ceb861569
979237.0,563568,python,python,object_isinstance
979236.0,563613,python,[JIT],0x0000776405fafbb2
979234.0,563547,python,[JIT],0x000076033d5b9167
979230.0,563602,python,[JIT],0x00007fe8c1a836f1
979230.0,563547,python,[JIT],0x000076033c41234e
979230.0,563590,python,[JIT],0x0000780ceb840a5b
979222.0,563568,python,python,memcmp@plt
979219.0,563613,python,[JIT],0x00007764068870be
979208.0,563554,python,[JIT],0x000078c4e7c4a3a2
979198.0,563579,python,[JIT],0x000070d0523bd6f5
979186.0,563590,python,[JIT],0x0000780ceb831092
979180.0,563613,python,[JIT],0x0000776405fadef3
979178.0,563579,python,python,optimize_uops.isra.0
979165.0,563602,python,[JIT],0x00007fe8c274c18b
979141.0,563579,python,[JIT],0x000070d0523856dc
979137.0,563602,python,[JIT],0x00007fe8c1a7cc67
979134.0,563547,python,python,_Py_uop_analyze_and_optimize
979131.0,563602,python,python,slot_nb_multiply
979123.0,563547,python,[JIT],0x000076033c42d6a2
979114.0,563590,python,python,PyTuple_FromArray.part.0
979104.0,563554,python,[JIT],0x000078c4e7c3c576
979092.0,563547,python,[JIT],0x000076033c412665
979088.0,563579,python,[JIT],0x000070d0523a38cb
979081.0,563602,python,[JIT],0x00007fe8c1a64b5a
979077.0,563590,python,[JIT],0x0000780ceb89b099
979073.0,563602,python,python,_PyDict_SetItem_Take2
979071.0,563590,python,[JIT],0x0000780ceca4104c
979070.0,563602,python,[JIT],0x00007fe8c1aa1347
979069.0,563602,python,[JIT],0x00007fe8c1e3045d
979065.0,563579,python,[JIT],0x000070d05238b013
979064.0,563579,python,[JIT],0x000070d0523a47ec
979060.0,563547,python,[JIT],0x000076033c408918
979048.0,563547,python,[JIT],0x000076033c3c88fc
979043.0,563613,python,[JIT],0x0000776405fad6a9
979042.0,563602,python,python,meth_dealloc
979037.0,563590,python,[JIT],0x0000780ceb89a54b
979036.0,563613,python,python,dict_get
979034.0,563613,python,[JIT],0x0000776405f84505
979033.0,563602,python,[JIT],0x00007fe8c1a84757
979028.0,563554,python,[JIT],0x000078c4e7ece159
978999.0,563602,python,python,_PyUnicode_TransformDecimalAndSpaceToASCII
978993.0,563590,python,[JIT],0x0000780ceb887d02
978990.0,563579,python,[JIT],0x000070d0523c07a3
978982.0,563554,python,[JIT],0x000078c4e7c6577b
978979.0,563590,python,[JIT],0x0000780ceb8869a3
978968.0,563590,python,[JIT],0x0000780ceb89bea1
978967.0,563554,python,[JIT],0x000078c4e7ece1f8
978963.0,563613,python,[JIT],0x0000776405faf02c
978963.0,563613,python,[JIT],0x0000776405fb8190
978962.0,563554,python,[JIT],0x000078c4e7c58364
978958.0,563579,python,[JIT],0x000070d0523c8c15
978953.0,563554,python,[JIT],0x000078c4e7c4c712
978950.0,563547,python,[JIT],0x000076033d4131c1
978949.0,563554,python,[JIT],0x000078c4e7c1bb01
978946.0,563613,python,[JIT],0x0000776405f65840
978945.0,563547,python,[JIT],0x000076033c408057
978942.0,563590,python,[JIT],0x0000780ceb89a32f
978942.0,563590,python,[JIT],0x0000780ceb89e951
978941.0,563590,python,[JIT],0x0000780ceb853ceb
978938.0,563613,python,[kernel.kallsyms],__irqentry_text_end
978934.0,563579,python,[JIT],0x000070d0523be109
978918.0,563547,python,[JIT],0x000076033c3caa8d
978918.0,563590,python,[JIT],0x0000780cec54876b
978904.0,563602,python,[JIT],0x00007fe8c1a863e2
978894.0,563547,python,[JIT],0x000076033c411b0c
978887.0,563554,python,[JIT],0x000078c4e7c1cabb
978882.0,563613,python,[JIT],0x0000776405fb117e
978878.0,563554,python,[JIT],0x000078c4e7c44bd8
978875.0,563547,python,[JIT],0x000076033c415e18
978871.0,563590,python,[JIT],0x0000780ceb8762a3
978866.0,563602,python,[JIT],0x00007fe8c1a83f41
978857.0,563613,python,[JIT],0x0000776407013969
978856.0,563547,python,[JIT],0x000076033c3b826b
978853.0,563547,python,[JIT],0x000076033c3f7c25
978841.0,563602,python,[JIT],0x00007fe8c1a73c04
978833.0,563613,python,[JIT],0x0000776405fa0506
978822.0,563602,python,[JIT],0x00007fe8c1a5f647
978790.0,563590,python,python,PyUnicode_FromString
978789.0,563579,python,[JIT],0x000070d05235b169
978773.0,563554,python,[JIT],0x000078c4e7c55e02
978772.0,563554,python,[JIT],0x000078c4e7c62000
978771.0,563613,python,[JIT],0x0000776405fc127e
978763.0,563579,python,[JIT],0x000070d052c88c7e
978763.0,563590,python,[JIT],0x0000780ceb850f80
978760.0,563613,python,[JIT],0x0000776407153003
978756.0,563568,python,[JIT],0x000073d05f9dc06f
978750.0,563613,python,[JIT],0x0000776405f50e34
978744.0,563579,python,[JIT],0x000070d05263ba6f
978740.0,563554,python,[JIT],0x000078c4e7c3c015
978739.0,563602,python,[JIT],0x00007fe8c1a658c0
978733.0,563568,python,[JIT],0x000073d05e835dde
978729.0,563579,python,libc.so.6,__strlen_avx2
978729.0,563579,python,[kernel.kallsyms],rcu_pending
978724.0,563547,python,[JIT],0x000076033c405e32
978724.0,563554,python,[JIT],0x000078c4e7c0cf99
978723.0,563579,python,[JIT],0x000070d0523bca82
978719.0,563547,python,[JIT],0x000076033c414027
978718.0,563602,python,[JIT],0x00007fe8c1d1dc2d
978717.0,563613,python,[JIT],0x0000776405fac98e
978715.0,563613,python,[JIT],0x0000776405f9a000
978701.0,563613,python,[JIT],0x0000776405f69cd4
978699.0,563554,python,[JIT],0x000078c4e7c57b2f
978689.0,563613,python,[JIT],0x0000776405fadee9
978686.0,563613,python,[JIT],0x0000776407153015
978683.0,563613,python,[JIT],0x0000776405f9f479
978674.0,563613,python,[JIT],0x00007764068871cf
978671.0,563602,python,[JIT],0x00007fe8c1a84fc3
978659.0,563554,python,[JIT],0x000078c4e7ecc1e1
978656.0,563554,python,[JIT],0x000078c4e7c1bbee
978654.0,563602,python,[JIT],0x00007fe8c1a982ea
978652.0,563547,python,[JIT],0x000076033d0ec862
978648.0,563602,python,[JIT],0x00007fe8c1a9eb4e
978646.0,563613,python,[JIT],0x0000776405f9f30f
978644.0,563579,python,[JIT],0x000070d0523a213f
978640.0,563602,python,[JIT],0x00007fe8c1a58419
978633.0,563613,python,[JIT],0x0000776405fa896b
978632.0,563613,python,[JIT],0x000077640664327f
978624.0,563579,python,[kernel.kallsyms],__irqentry_text_end
978615.0,563547,python,[kernel.kallsyms],__cgroup_account_cputime
978609.0,563613,python,[JIT],0x0000776405fbd23e
978608.0,563590,python,[JIT],0x0000780ceb848f2d
978598.0,563547,python,[JIT],0x000076033c3a7ade
978595.0,563613,python,[JIT],0x0000776405f664a3
978589.0,563554,python,[JIT],0x000078c4e82db1e4
978553.0,563547,python,[JIT],0x000076033c3f76f1
978549.0,563554,python,[JIT],0x000078c4e7c190b9
978543.0,563613,python,[JIT],0x0000776405f3f813
978538.0,563613,python,[JIT],0x0000776405f628e0
978529.0,563579,python,[JIT],0x000070d052c8887d
978525.0,563590,python,[JIT],0x0000780ceb89ef00
978522.0,563590,python,[JIT],0x0000780ceb89bd7b
978509.0,563613,python,[JIT],0x0000776405f7544e
978507.0,563547,python,[JIT],0x000076033c3da1b7
978505.0,563590,python,[JIT],0x0000780cec52100a
978505.0,563547,python,[JIT],0x000076033c3e830f
978502.0,563579,python,python,PyTuple_New
978502.0,563554,python,[JIT],0x000078c4e8ded119
978493.0,563613,python,[JIT],0x0000776405f69874
978493.0,563602,python,[JIT],0x00007fe8c1ab627e
978490.0,563613,python,[JIT],0x0000776405f41abb
978490.0,563613,python,[JIT],0x0000776405f73fcf
978485.0,563590,python,[JIT],0x0000780ceb86e8e3
978473.0,563590,python,[JIT],0x0000780ceb89a831
978471.0,563547,python,[JIT],0x000076033c3da4fc
978457.0,563547,python,[JIT],0x000076033c3a8ba1
978452.0,563590,python,[JIT],0x0000780ceb833f8b
978444.0,563590,python,[JIT],0x0000780ceb872953
978443.0,563547,python,[JIT],0x000076033c414670
978441.0,563579,python,[JIT],0x000070d052367d6b
978441.0,563602,python,[JIT],0x00007fe8c1a9dc08
978439.0,563590,python,[JIT],0x0000780ceb88065b
978437.0,563579,python,[JIT],0x000070d05263bb63
978437.0,563602,python,[JIT],0x00007fe8c1a9f06f
978431.0,563554,python,[JIT],0x000078c4e7c1e898
978426.0,563554,python,[JIT],0x000078c4e7bfc000
978425.0,563590,python,[JIT],0x0000780ceb89a6d4
978423.0,563613,python,[JIT],0x0000776405f84b3e
978422.0,563554,python,[JIT],0x000078c4e7c322b5
978417.0,563554,python,[JIT],0x000078c4e7c1bf71
978415.0,563613,python,[JIT],0x0000776405fb89c2
978415.0,563590,python,[JIT],0x0000780cebb1d6f9
978413.0,563590,python,[JIT],0x0000780ceb8543ef
978406.0,563590,python,[JIT],0x0000780ceb886581
978402.0,563613,python,[JIT],0x0000776405fb80a7
978389.0,563579,python,[JIT],0x000070d0523b02c3
978387.0,563547,python,[JIT],0x000076033c3f8357
978382.0,563590,python,[JIT],0x0000780ceb86ee0e
978381.0,563590,python,[JIT],0x0000780ceb89cc55
978380.0,563590,python,[JIT],0x0000780ceb89d066
978379.0,563590,python,[JIT],0x0000780ceb8a62ab
978376.0,563613,python,[JIT],0x0000776405f75319
978374.0,563547,python,[JIT],0x000076033c3d82ef
978374.0,563547,python,[JIT],0x000076033c40ad3c
978374.0,563547,python,[JIT],0x000076033c413487
978370.0,563613,python,[kernel.kallsyms],trigger_load_balance
978356.0,563613,python,[JIT],0x0000776405fb8efb
978346.0,563579,python,[JIT],0x000070d0523b3bce
978344.0,563590,python,[JIT],0x0000780ceb8876c9
978343.0,563554,python,[JIT],0x000078c4e7c2f88b
978342.0,563554,python,[JIT],0x000078c4e8ded127
978339.0,563568,python,[JIT],0x000073d05e8426b1
978339.0,563554,python,[JIT],0x000078c4e7c4cb3d
978337.0,563590,python,[JIT],0x0000780ceb88d104
978334.0,563613,python,[JIT],0x0000776405fb04f2
978333.0,563613,python,[JIT],0x0000776405fac23c
978324.0,563590,python,[JIT],0x0000780ceb861008
978316.0,563579,python,[JIT],0x000070d0523c04ec
978314.0,563554,python,[JIT],0x000078c4e7c4ac09
978310.0,563554,python,[JIT],0x000078c4e7c4b4cb
978303.0,563613,python,[kernel.kallsyms],lapic_next_deadline
978302.0,563613,python,[JIT],0x0000776405faf21f
978300.0,563613,python,[JIT],0x0000776405fae598
978289.0,563579,python,[JIT],0x000070d052c870d3
978284.0,563590,python,[JIT],0x0000780ceb881300
978269.0,563554,python,[JIT],0x000078c4e82da87d
978264.0,563602,python,python,PyNumber_Multiply
978247.0,563602,python,[JIT],0x00007fe8c1a9d345
978247.0,563590,python,[JIT],0x0000780ceb89b56e
978239.0,563590,python,[JIT],0x0000780ceb89c834
978238.0,563602,python,[JIT],0x00007fe8c1a901da
978231.0,563579,python,[JIT],0x000070d0523bec55
978230.0,563613,python,[JIT],0x000077640688846a
978225.0,563602,python,[JIT],0x00007fe8c2c4611d
978222.0,563547,python,[JIT],0x000076033c41171e
978219.0,563590,python,[JIT],0x0000780ceb89c29f
978212.0,563613,python,[JIT],0x0000776405f7c102
978207.0,563590,python,[JIT],0x0000780ceb83412b
978203.0,563590,python,[JIT],0x0000780ceb8af7a9
978196.0,563590,python,[JIT],0x0000780cec548b8e
978195.0,563613,python,[JIT],0x0000776405fad5b3
978187.0,563602,python,[JIT],0x00007fe8c1e2e1e1
978186.0,563579,python,[JIT],0x000070d0523a31b8
978186.0,563590,python,[JIT],0x0000780ceb890343
978186.0,563554,python,[JIT],0x000078c4e82da333
978170.0,563579,python,[JIT],0x000070d05263c6eb
978170.0,563554,python,[JIT],0x000078c4e82da40d
978156.0,563590,python,[JIT],0x0000780ceb863b4f
978155.0,563602,python,[JIT],0x00007fe8c1aa17b3
978143.0,563590,python,[JIT],0x0000780ceb89beb8
978135.0,563554,python,[JIT],0x000078c4e7c4d01f
978129.0,563579,python,python,_PyCompactLong_Multiply
978126.0,563602,python,[JIT],0x00007fe8c1ab2451
978115.0,563590,python,[JIT],0x0000780ceb8a626f
978109.0,563579,python,[JIT],0x000070d0523a342a
978093.0,563613,python,python,PyTuple_FromArray.part.0
978093.0,563602,python,python,_PyObject_Calloc
978079.0,563602,python,[JIT],0x00007fe8c1a63e29
978075.0,563579,python,[JIT],0x000070d05238c99c
978075.0,563547,python,[JIT],0x000076033c413751
978074.0,563554,python,[JIT],0x000078c4e7c572a4
978071.0,563554,python,[JIT],0x000078c4e7c4dbb7
978062.0,563579,python,[JIT],0x000070d05236f074
978060.0,563602,python,[JIT],0x00007fe8c1a7bffb
978054.0,563547,python,[JIT],0x000076033c3c8861
978050.0,563602,python,python,object_isinstance
978047.0,563590,python,[JIT],0x0000780ceb86e91e
978043.0,563613,python,[JIT],0x0000776405f72f84
978042.0,563613,python,[JIT],0x0000776405f9f88d
978028.0,563602,python,[JIT],0x00007fe8c1a830ce
978024.0,563613,python,[JIT],0x0000776405f6569e
978019.0,563547,python,[JIT],0x000076033c404eee
978015.0,563554,python,[JIT],0x000078c4e7c2f8da
978014.0,563554,python,[JIT],0x000078c4e7c57b33
978012.0,563554,python,[JIT],0x000078c4e7c30806
978011.0,563579,python,[JIT],0x000070d052c872e2
978009.0,563602,python,python,long_abs_method
977997.0,563554,python,[JIT],0x000078c4e7c3c1c9
977997.0,563554,python,[JIT],0x000078c4e7c62179
977993.0,563602,python,[JIT],0x00007fe8c1d1b00a
977983.0,563602,python,[JIT],0x00007fe8c1a8503e
977968.0,563579,python,python,_PyObject_RealIsSubclass
977967.0,563554,python,[JIT],0x000078c4e7c56c40
977961.0,563579,python,[JIT],0x000070d0523bd3a9
977960.0,563602,python,[JIT],0x00007fe8c1aabaaf
977956.0,563602,python,[JIT],0x00007fe8c1a65bb2
977951.0,563579,python,[JIT],0x000070d0523bd81f
977948.0,563613,python,[JIT],0x0000776405f81344
977942.0,563602,python,[JIT],0x00007fe8c1aa1b28
977924.0,563602,python,[JIT],0x00007fe8c1aa1b18
977923.0,563602,python,[JIT],0x00007fe8c1a83ded
977921.0,563579,python,[JIT],0x000070d052368063
977920.0,563602,python,[JIT],0x00007fe8c1a9d0e1
977918.0,563554,python,[JIT],0x000078c4e7c4db1a
977907.0,563579,python,[JIT],0x000070d0523bf19d
977899.0,563547,python,[JIT],0x000076033c3da53a
977877.0,563554,python,[JIT],0x000078c4e82da3d9
977870.0,563613,python,[JIT],0x0000776405f81a9e
977859.0,563579,python,[JIT],0x000070d0523861ac
977858.0,563613,python,[JIT],0x0000776405f9a4dd
977855.0,563579,python,[JIT],0x000070d0523c972a
977855.0,563590,python,[JIT],0x0000780ceb886295
977838.0,563579,python,[JIT],0x000070d052383033
977838.0,563579,python,[JIT],0x000070d052398c57
977838.0,563613,python,[JIT],0x0000776405fae919
977837.0,563613,python,[JIT],0x0000776405fba198
977832.0,563602,python,[JIT],0x00007fe8c1a75d0d
977831.0,563579,python,[JIT],0x000070d0523bf074
977831.0,563602,python,[JIT],0x00007fe8c274c13f
977828.0,563602,python,[JIT],0x00007fe8c1a73f48
977823.0,563590,python,[JIT],0x0000780cebb1cee7
977809.0,563554,python,[JIT],0x000078c4e7c34c47
977786.0,563579,python,[JIT],0x000070d0523b03bb
977784.0,563579,python,[JIT],0x000070d05356506f
977780.0,563579,python,[JIT],0x000070d05236dab3
977780.0,563579,python,[JIT],0x000070d05236f855
977779.0,563613,python,[JIT],0x0000776405f92728
977765.0,563579,python,[JIT],0x000070d0523a3795
977756.0,563554,python,[JIT],0x000078c4e7c3ca16
977736.0,563602,python,[JIT],0x00007fe8c2c46133
977734.0,563547,python,[JIT],0x000076033c3c22c5
977733.0,563602,python,[JIT],0x00007fe8c1aa0696
977731.0,563547,python,[JIT],0x000076033c3f0d62
977730.0,563590,python,[JIT],0x0000780ceb879a0f
977717.0,563554,python,python,BaseException_dealloc
977711.0,563579,python,[JIT],0x000070d0523bd95f
977703.0,563602,python,[JIT],0x00007fe8c1a502ac
977697.0,563547,python,[JIT],0x000076033c40438a
977697.0,563590,python,[JIT],0x0000780ceb880a6f
977696.0,563547,python,[JIT],0x000076033c3ef1dc
977676.0,563547,python,[kernel.kallsyms],__note_gp_changes
977672.0,563602,python,[JIT],0x00007fe8c1a88139
977665.0,563613,python,[JIT],0x0000776405f94af0
977662.0,563547,python,[JIT],0x000076033ccc8223
977653.0,563590,python,[JIT],0x0000780ceb86e220
977651.0,563579,python,[JIT],0x000070d052c886a7
977643.0,563568,python,python,long_to_decimal_string
977630.0,563547,python,[JIT],0x000076033c3f76c6
977617.0,563613,python,[JIT],0x0000776407155023
977610.0,563602,python,[JIT],0x00007fe8c1ab804b
977608.0,563590,python,[JIT],0x0000780ceb8834ed
977603.0,563579,python,[JIT],0x000070d0523bd65b
977598.0,563579,python,[JIT],0x000070d052354933
977598.0,563579,python,[JIT],0x000070d0523bca34
977598.0,563554,python,[JIT],0x000078c4e7c33cac
977598.0,563590,python,[JIT],0x0000780ceb885659
977576.0,563602,python,[JIT],0x00007fe8c1aa0160
977571.0,563602,python,[JIT],0x00007fe8c1aa18fb
977571.0,563613,python,[JIT],0x0000776405f9867a
977567.0,563579,python,[JIT],0x000070d05236f4bb
977563.0,563568,python,[JIT],0x000073d05eef7754
977559.0,563554,python,[JIT],0x000078c4e7c1d08a
977558.0,563547,python,[JIT],0x000076033c413101
977556.0,563602,python,[JIT],0x00007fe8c1aa091e
977548.0,563554,python,[JIT],0x000078c4e7c14873
977543.0,563602,python,[JIT],0x00007fe8c1a9d77e
977527.0,563590,python,[JIT],0x0000780ceb8863a8
977522.0,563602,python,[JIT],0x00007fe8c1a91768
977517.0,563547,python,[JIT],0x000076033c3dbba8
977516.0,563579,python,[JIT],0x000070d0523a6130
977514.0,563579,python,[JIT],0x000070d0523a3fd5
977513.0,563579,python,[JIT],0x000070d05235cdd3
977508.0,563547,python,[JIT],0x000076033c42bb5e
977502.0,563579,python,[JIT],0x000070d0523a7afe
977484.0,563602,python,python,slot_tp_str
977482.0,563602,python,[JIT],0x00007fe8c1a711c2
977480.0,563613,python,[JIT],0x0000776405f45990
977478.0,563579,python,[JIT],0x000070d05274d2a9
977474.0,563613,python,[JIT],0x0000776406669fb1
977470.0,563590,python,[JIT],0x0000780ceb8873fd
977454.0,563590,python,[JIT],0x0000780ceb8909ac
977452.0,563547,python,[JIT],0x000076033c3c019f
977440.0,563554,python,[JIT],0x000078c4e7c5fe08
977434.0,563547,python,[JIT],0x000076033c412c30
977422.0,563579,python,[JIT],0x000070d052a58698
977417.0,563613,python,[JIT],0x0000776405fa4667
977412.0,563602,python,[JIT],0x00007fe8c1a9fb46
977392.0,563579,python,[JIT],0x000070d052385ffe
977390.0,563590,python,[JIT],0x0000780ceb86e87b
977387.0,563579,python,[JIT],0x000070d0523bdd1b
977380.0,563547,python,[JIT],0x000076033c3fc33d
977366.0,563613,python,[JIT],0x00007764070141d0
977359.0,563579,python,[JIT],0x000070d0523b099d
977344.0,563554,python,[JIT],0x000078c4e7c3d103
977335.0,563554,python,[JIT],0x000078c4e7c4b359
977328.0,563554,python,[JIT],0x000078c4e7c1db03
977324.0,563547,python,[JIT],0x000076033c41d589
977318.0,563554,python,[JIT],0x000078c4e7c35388
977316.0,563568,python,python,PyObject_GC_Del
977314.0,563579,python,[JIT],0x000070d05237f926
977306.0,563602,python,[JIT],0x00007fe8c1a64cf3
977294.0,563613,python,[JIT],0x0000776405f71dff
977294.0,563590,python,[JIT],0x0000780ceb89b95f
977291.0,563554,python,[JIT],0x000078c4e7c0bf4b
977287.0,563590,python,[JIT],0x0000780cec548993
977273.0,563554,python,[JIT],0x000078c4e8ded133
977262.0,563602,python,[JIT],0x00007fe8c1a79ea0
977254.0,563568,python,[JIT],0x000073d05eed0408
977235.0,563547,python,[JIT],0x000076033c41592f
977210.0,563568,python,[JIT],0x000073d05e852198
977205.0,563590,python,python,object_dealloc
977199.0,563579,python,[JIT],0x000070d0523c10fb
977192.0,563602,python,[JIT],0x00007fe8c1a9e729
977174.0,563547,python,[JIT],0x000076033c42dd31
977157.0,563613,python,[JIT],0x0000776405faf154
977152.0,563602,python,[JIT],0x00007fe8c1a7253c
977134.0,563590,python,[JIT],0x0000780ceb88e383
977132.0,563613,python,[JIT],0x0000776405faea74
977122.0,563554,python,[JIT],0x000078c4e7c1c79b
977114.0,563579,python,[JIT],0x000070d0523b2dbc
977109.0,563602,python,[JIT],0x00007fe8c1a8bd0e
977106.0,563554,python,[JIT],0x000078c4e7c347fc
977102.0,563547,python,[JIT],0x000076033c7a36ac
977099.0,563602,python,[JIT],0x00007fe8c1aaa85f
977092.0,563547,python,[JIT],0x000076033c7a37a9
977083.0,563602,python,[JIT],0x00007fe8c1a903c1
977067.0,563602,python,[JIT],0x00007fe8c1a90d98
977062.0,563554,python,[JIT],0x000078c4e7c4d602
977044.0,563590,python,[JIT],0x0000780ceb89bd2c
977041.0,563547,python,[JIT],0x000076033c3c8a0c
977038.0,563554,python,[JIT],0x000078c4e7c4c6c4
977015.0,563590,python,[JIT],0x0000780cec5485a4
976990.0,563590,python,[JIT],0x0000780ceb880198
976979.0,563554,python,[JIT],0x000078c4e7c49bb2
976976.0,563554,python,[JIT],0x000078c4e82da2b5
976918.0,563602,python,[JIT],0x00007fe8c1a54bc6
976908.0,563579,python,[JIT],0x000070d052c88000
976850.0,563613,python,[JIT],0x0000776407013547
976836.0,563613,python,[JIT],0x0000776407155000
976834.0,563602,python,[JIT],0x00007fe8c1ab9393
976822.0,563554,python,[kernel.kallsyms],scheduler_tick
976818.0,563579,python,[JIT],0x000070d0523b2974
976784.0,563602,python,[JIT],0x00007fe8c1aaaa6d
976782.0,563602,python,[JIT],0x00007fe8c1a90da6
976782.0,563590,python,[JIT],0x0000780ceb891e75
976767.0,563590,python,[JIT],0x0000780ceb89edb6
976744.0,563579,python,[JIT],0x000070d0523a222d
976722.0,563613,python,[JIT],0x0000776405f62360
976701.0,563554,python,[JIT],0x000078c4e7bea306
976686.0,563613,python,[JIT],0x0000776405fb82c4
976678.0,563613,python,[JIT],0x0000776405f8a863
976678.0,563554,python,[JIT],0x000078c4e7c4b4fd
976673.0,563554,python,[JIT],0x000078c4e7c2f213
976667.0,563613,python,[JIT],0x0000776405f9f085
976662.0,563547,python,[JIT],0x000076033d0ec273
976661.0,563590,python,[JIT],0x0000780ceb8807fd
976629.0,563602,python,[JIT],0x00007fe8c1a561e5
976629.0,563547,python,[JIT],0x000076033c3f8513
976619.0,563590,python,[JIT],0x0000780ceb861fc7
976592.0,563590,python,[JIT],0x0000780ceb861b0b
976580.0,563568,python,[JIT],0x000073d05e839f41
976574.0,563579,python,[JIT],0x000070d05234485a
976573.0,563602,python,[JIT],0x00007fe8c1abb25d
976533.0,563613,python,python,_PyCompactLong_Multiply
976480.0,563547,python,[JIT],0x000076033c3e0885
976474.0,563547,python,[JIT],0x000076033c3cb0f3
976464.0,563602,python,python,_PyTuple_FromArraySteal
976463.0,563579,python,[JIT],0x000070d0523a3513
976461.0,563554,python,[JIT],0x000078c4e7c4e146
976453.0,563579,python,[JIT],0x000070d05238538c
976418.0,563590,python,[JIT],0x0000780ceb886a8c
976378.0,563602,python,[JIT],0x00007fe8c1a4e236
976371.0,563554,python,[JIT],0x000078c4e7c1a44a
976369.0,563547,python,[JIT],0x000076033c3dab41
976364.0,563579,python,[JIT],0x000070d0523a25b3
976341.0,563547,python,[JIT],0x000076033c3e69fd
976332.0,563579,python,[JIT],0x000070d0523bc33d
976315.0,563547,python,[JIT],0x000076033c413c63
976294.0,563613,python,[JIT],0x00007764071530cc
976272.0,563602,python,[JIT],0x00007fe8c1a902c2
976266.0,563579,python,[JIT],0x000070d0523c817b
976224.0,563602,python,[JIT],0x00007fe8c1a8b294
976165.0,563579,python,[JIT],0x000070d0523afecb
976122.0,563602,python,[JIT],0x00007fe8c1a9fcb9
976095.0,563613,python,[JIT],0x0000776407013881
976065.0,563602,python,[JIT],0x00007fe8c1e2f040
976027.0,563590,python,[JIT],0x0000780ceb89ed0e
975947.0,563547,python,[JIT],0x000076033c3c1423
975938.0,563590,python,[JIT],0x0000780cec548083
975912.0,563547,python,[JIT],0x000076033c40c7f8
975883.0,563613,python,[JIT],0x0000776405fad856
975792.0,563547,python,[JIT],0x000076033c3ef47b
975779.0,563554,python,python,PyObject_GetOptionalAttr
975778.0,563590,python,[JIT],0x0000780ceb89a9bf
975752.0,563547,python,[JIT],0x000076033c415789
975747.0,563568,python,libc.so.6,_int_free_maybe_consolidate
975702.0,563602,python,[JIT],0x00007fe8c1a551b7
975698.0,563554,python,[JIT],0x000078c4e7bfd27e
975693.0,563568,python,[JIT],0x000073d05e835cbb
975691.0,563547,python,[JIT],0x000076033c3f0a26
975657.0,563613,python,python,object_get_class
975633.0,563554,python,[JIT],0x000078c4e7c37d8c
975616.0,563579,python,python,PyObject_Malloc
975616.0,563602,python,python,PyMem_Calloc
975614.0,563602,python,[JIT],0x00007fe8c274c566
975598.0,563554,python,[JIT],0x000078c4e7ecb187
975575.0,563602,python,[JIT],0x00007fe8c1a841f1
975562.0,563590,python,[JIT],0x0000780ceb88702a
975551.0,563579,python,[JIT],0x000070d0523d88d1
975542.0,563547,python,python,builtin_max
975535.0,563554,python,[JIT],0x000078c4e7c49e2e
975463.0,563579,python,[JIT],0x000070d05236fbeb
975449.0,563602,python,[JIT],0x00007fe8c1a634ae
975444.0,563554,python,[JIT],0x000078c4e7c0da93
975436.0,563590,python,[JIT],0x0000780ceb890b20
975414.0,563613,python,[JIT],0x0000776405fb84e0
975413.0,563547,python,[JIT],0x000076033c40567d
975348.0,563554,python,[JIT],0x000078c4e7c4b099
975344.0,563579,python,[JIT],0x000070d0523b2933
975334.0,563554,python,[JIT],0x000078c4e7c65368
975286.0,563613,python,[JIT],0x0000776405f4e15c
975275.0,563602,python,[JIT],0x00007fe8c1a568fd
975261.0,563579,python,[JIT],0x000070d0523c91e1
975224.0,563613,python,[JIT],0x0000776405f7353f
975207.0,563602,python,[JIT],0x00007fe8c1aa2072
975150.0,563579,python,python,tuple_dealloc
975125.0,563602,python,[JIT],0x00007fe8c1a55cf1
975089.0,563554,python,[JIT],0x000078c4e7c4c8f3
975053.0,563613,python,[JIT],0x0000776405f69d36
975049.0,563590,python,[JIT],0x0000780ceb8895e1
975024.0,563602,python,[JIT],0x00007fe8c1e2ef5f
974989.0,563602,python,[JIT],0x00007fe8c1a58281
974988.0,563602,python,[JIT],0x00007fe8c1a50252
974968.0,563590,python,[JIT],0x0000780ceb88ea21
974965.0,563602,python,[JIT],0x00007fe8c1a50792
974962.0,563602,python,[JIT],0x00007fe8c1a34d0b
974955.0,563554,python,[JIT],0x000078c4e7c1cb0a
974935.0,563547,python,[JIT],0x000076033c405e6c
974894.0,563602,python,[JIT],0x00007fe8c1a743d3
974881.0,563547,python,[JIT],0x000076033c41dabd
974841.0,563602,python,[JIT],0x00007fe8c2c46113
974830.0,563590,python,[JIT],0x0000780ceb85347e
974729.0,563613,python,[JIT],0x0000776405f94d9d
974697.0,563554,python,python,PyNumber_Negative
974694.0,563613,python,[JIT],0x0000776407013716
974646.0,563547,python,[JIT],0x000076033c3e919c
974644.0,563579,python,[JIT],0x000070d052368755
974631.0,563547,python,[JIT],0x000076033c3cb6e8
974566.0,563579,python,[JIT],0x000070d05237432f
974565.0,563602,python,python,method_vectorcall
974560.0,563547,python,[JIT],0x000076033c40b4ae
974555.0,563568,python,[JIT],0x000073d05eab4c0a
974492.0,563579,python,[JIT],0x000070d0523c0845
974492.0,563579,python,[JIT],0x000070d0523a8c99
974492.0,563602,python,[JIT],0x00007fe8c1a39284
974489.0,563590,python,python,builtin_min
974435.0,563590,python,python,_Py_type_getattro_stackref
974425.0,563568,python,[JIT],0x000073d05f9dc0c8
974403.0,563590,python,[JIT],0x0000780cebb20a79
974325.0,563554,python,[JIT],0x000078c4e7c4b61e
974317.0,563602,python,[JIT],0x00007fe8c1a54000
974304.0,563554,python,[JIT],0x000078c4e7c34079
974225.0,563554,python,[JIT],0x000078c4e7c3d23f
974206.0,563547,python,[JIT],0x000076033c405022
974198.0,563554,python,[JIT],0x000078c4e7c55230
974184.0,563554,python,[kernel.kallsyms],arch_exit_to_user_mode_prepare.isra.0
974184.0,563554,python,[JIT],0x000078c4e7c3cc71
974156.0,563602,python,[JIT],0x00007fe8c1a9eb29
974146.0,563590,python,libc.so.6,__printf_buffer_flush_snprintf
974144.0,563547,python,[JIT],0x000076033c4051aa
974137.0,563590,python,[JIT],0x0000780ceb89a840
974093.0,563554,python,python,_PyUnicode_Equal
974057.0,563590,python,[JIT],0x0000780cec54804c
973994.0,563613,python,[JIT],0x0000776405fa0354
973954.0,563547,python,[JIT],0x000076033c3d8664
973947.0,563547,python,[JIT],0x000076033c3f7438
973939.0,563554,python,[JIT],0x000078c4e7c49804
973925.0,563590,python,[JIT],0x0000780ceb879012
973871.0,563554,python,[JIT],0x000078c4e7c3c564
973840.0,563547,python,[JIT],0x000076033c3cf7ec
973809.0,563590,python,[JIT],0x0000780cec54819a
973784.0,563602,python,[JIT],0x00007fe8c1d1f000
973757.0,563547,python,[JIT],0x000076033c3d891a
973722.0,563590,python,[JIT],0x0000780ceb870040
973691.0,563579,python,[JIT],0x000070d0523be420
973630.0,563613,python,[JIT],0x0000776405fafe0e
973629.0,563579,python,[JIT],0x000070d052353468
973616.0,563590,python,[JIT],0x0000780ceb895524
973591.0,563590,python,[JIT],0x0000780ceb85085e
973550.0,563613,python,[JIT],0x0000776405f697ff
973440.0,563613,python,[JIT],0x0000776405fc6556
973414.0,563613,python,[JIT],0x0000776405f9f417
973394.0,563579,python,[JIT],0x000070d052a7d05e
973387.0,563579,python,[JIT],0x000070d0523bc391
973384.0,563554,python,[kernel.kallsyms],sched_clock_tick
973330.0,563602,python,[JIT],0x00007fe8c1a9108c
973307.0,563554,python,[JIT],0x000078c4e7c56a6d
973279.0,563590,python,[JIT],0x0000780ceb89d6f1
973237.0,563602,python,python,_PyUnicodeWriter_WriteStr
973228.0,563613,python,[JIT],0x0000776405f9ba11
973160.0,563554,python,[JIT],0x000078c4e7c30bc8
973154.0,563613,python,[JIT],0x0000776405f9719d
973094.0,563547,python,[JIT],0x000076033c3c3089
973004.0,563590,python,[JIT],0x0000780ceb89df2c
972961.0,563579,python,python,_PyUnicode_FromASCII
972803.0,563554,python,[JIT],0x000078c4e7c3d0ae
972779.0,563568,python,python,PyUnicode_AsUTF8AndSize
972710.0,563547,python,[JIT],0x000076033c4071a9
972563.0,563579,python,python,_Py_convert_optional_to_ssize_t
972555.0,563579,python,[JIT],0x000070d05236d577
972542.0,563602,python,[JIT],0x00007fe8c1a64f0d
972396.0,563579,python,[JIT],0x000070d0523af9ba
972386.0,563590,python,python,PyBuffer_Release
972354.0,563579,python,[JIT],0x000070d05236f2a3
972285.0,563613,python,python,_PyObject_Call_Prepend
972284.0,563554,python,[JIT],0x000078c4e7c4e14f
972279.0,563547,python,[JIT],0x000076033c3a6600
972245.0,563579,python,[JIT],0x000070d052378a6b
972187.0,563579,python,[JIT],0x000070d0523b098c
972120.0,563547,python,[JIT],0x000076033d0ec27b
971972.0,563602,python,[JIT],0x00007fe8c1a33a61
971868.0,563579,python,python,_PyTuple_FromArraySteal
971840.0,563602,python,[JIT],0x00007fe8c1a831e5
971835.0,563554,python,[JIT],0x000078c4e7c4ca1d
971797.0,563554,python,[JIT],0x000078c4e8def01c
971789.0,563547,python,[JIT],0x000076033c4115ff
971720.0,563579,python,[JIT],0x000070d05235da15
971689.0,563568,python,[JIT],0x000073d05f9de000
971665.0,563547,python,[JIT],0x000076033c3fe167
971578.0,563547,python,[JIT],0x000076033c3fa011
971455.0,563613,python,[JIT],0x0000776405fc216d
971379.0,563554,python,[JIT],0x000078c4e7bfeee2
971290.0,563554,python,[JIT],0x000078c4e82da19a
971019.0,563568,python,python,_PyEval_UnpackIndices
970984.0,563554,python,python,tuple_alloc
970838.0,563602,python,[JIT],0x00007fe8c1a9e786
970761.0,563554,python,[JIT],0x000078c4e7c3de51
970707.0,563579,python,python,str_int_multiply
970660.0,563554,python,[JIT],0x000078c4e7c1d301
970516.0,563613,python,python,bytes_buffer_getbuffer
970499.0,563590,python,[JIT],0x0000780cec54717e
970428.0,563547,python,[JIT],0x000076033c3e1a96
970385.0,563547,python,[JIT],0x000076033c3e50ac
970359.0,563554,python,[JIT],0x000078c4e7ecc3b5
970356.0,563554,python,[JIT],0x000078c4e7eccf7f
970152.0,563547,python,[JIT],0x000076033c3f774e
970137.0,563590,python,[JIT],0x0000780ceb8857f2
970122.0,563554,python,[JIT],0x000078c4e7c0c3db
970121.0,563547,python,[JIT],0x000076033c3f7eaf
970068.0,563547,python,[JIT],0x000076033c41d84b
970032.0,563554,python,[JIT],0x000078c4e7c0e399
970010.0,563602,python,[JIT],0x00007fe8c274c3e9
969979.0,563602,python,[JIT],0x00007fe8c1aab85a
969965.0,563547,python,[JIT],0x000076033c41615b
969956.0,563579,python,[JIT],0x000070d0523781ec
969940.0,563613,python,[JIT],0x0000776407013429
969914.0,563547,python,[JIT],0x000076033c413865
969819.0,563579,python,[JIT],0x000070d0523bc335
969772.0,563547,python,[JIT],0x000076033c41f044
969734.0,563579,python,python,_PyObject_GC_Link
969713.0,563554,python,[JIT],0x000078c4e7c0d6a6
969698.0,563579,python,[JIT],0x000070d0523afc71
969686.0,563554,python,[JIT],0x000078c4e7c383d3
969591.0,563590,python,[JIT],0x0000780ceb881a83
969555.0,563554,python,[JIT],0x000078c4e7c0eff4
969548.0,563579,python,[JIT],0x000070d052c87271
969491.0,563579,python,[JIT],0x000070d0523698cc
969386.0,563602,python,[JIT],0x00007fe8c1a9d187
969316.0,563554,python,[JIT],0x000078c4e7c1a851
969311.0,563613,python,[JIT],0x0000776405f98fe2
969302.0,563602,python,[JIT],0x00007fe8c1a91e51
969133.0,563547,python,[JIT],0x000076033c41f874
969109.0,563613,python,[JIT],0x0000776405f75808
969071.0,563547,python,[JIT],0x000076033d5b9127
969041.0,563579,python,[JIT],0x000070d0523ca82d
969032.0,563554,python,[JIT],0x000078c4e7bdc277
968977.0,563554,python,[JIT],0x000078c4e7c49fda
968899.0,563590,python,[JIT],0x0000780ceb89aa74
968875.0,563590,python,[JIT],0x0000780ceb82f8a5
968797.0,563547,python,[JIT],0x000076033d413314
968620.0,563613,python,[JIT],0x0000776405f97180
968555.0,563590,python,[JIT],0x0000780ceb887a66
968449.0,563590,python,[JIT],0x0000780ceb84b792
968436.0,563554,python,[JIT],0x000078c4e7c4b428
968409.0,563602,python,[JIT],0x00007fe8c1a7492e
968347.0,563613,python,[JIT],0x0000776405f9532e
968274.0,563590,python,python,_Py_uop_sym_set_recorded_type
968260.0,563613,python,[JIT],0x0000776405f74195
968196.0,563547,python,[kernel.kallsyms],perf_adjust_freq_unthr_context
968188.0,563554,python,[JIT],0x000078c4e7c4d845
968171.0,563613,python,[JIT],0x0000776405f9523a
968170.0,563554,python,[JIT],0x000078c4e7c037ec
968151.0,563602,python,[JIT],0x00007fe8c1a9fe16
968149.0,563590,python,[JIT],0x0000780ceb847141
968147.0,563579,python,[JIT],0x000070d05235b170
967982.0,563554,python,[JIT],0x000078c4e7c4a6ab
967953.0,563590,python,[JIT],0x0000780ceb8a7f5c
967935.0,563547,python,[JIT],0x000076033c412a93
967909.0,563590,python,[JIT],0x0000780ceb84805e
967803.0,563613,python,[JIT],0x00007764063391e1
967778.0,563602,python,python,PyType_GetModule
967768.0,563590,python,[kernel.kallsyms],mas_next_slot
967697.0,563590,python,[JIT],0x0000780ceb86fd1b
967689.0,563579,python,[JIT],0x000070d0523a77fc
967655.0,563579,python,[JIT],0x000070d0523854eb
967428.0,563554,python,[JIT],0x000078c4e7bf2ef9
967414.0,563554,python,[JIT],0x000078c4e7c4d070
967271.0,563613,python,[JIT],0x0000776405fa0863
967071.0,563579,python,libc.so.6,malloc
967064.0,563613,python,[JIT],0x0000776405f663e4
966987.0,563547,python,[JIT],0x000076033c3f9790
966979.0,563547,python,[JIT],0x000076033c3a6000
966700.0,563579,python,[JIT],0x000070d0523aa6cb
966597.0,563602,python,[kernel.kallsyms],__update_load_avg_se
966579.0,563554,python,[JIT],0x000078c4e7bdd320
966578.0,563613,python,[JIT],0x000077640633ac6b
966527.0,563568,python,python,_PyUnicode_FromASCII
966470.0,563547,python,[JIT],0x000076033c4042b5
966402.0,563613,python,[JIT],0x0000776406669d2c
966356.0,563547,python,[JIT],0x000076033c404deb
966354.0,563579,python,[JIT],0x000070d0523c84a5
966300.0,563554,python,[JIT],0x000078c4e7bfda5d
966288.0,563613,python,[JIT],0x0000776405f82ab6
966261.0,563547,python,[JIT],0x000076033d0eccc5
966258.0,563547,python,[JIT],0x000076033c4234ed
966258.0,563547,python,[JIT],0x000076033d0ec8ec
966230.0,563590,python,[JIT],0x0000780ceb8a9d3f
966216.0,563568,python,[JIT],0x000073d05eab5b73
966127.0,563568,python,libc.so.6,_int_free_merge_chunk
966122.0,563568,python,[JIT],0x000073d05e8467f0
966120.0,563579,python,[JIT],0x000070d052365d7f
966072.0,563602,python,[JIT],0x00007fe8c1a655bd
966063.0,563568,python,python,long_neg_method
966033.0,563579,python,[JIT],0x000070d0523c0576
966023.0,563568,python,[JIT],0x000073d05e82dd57
966020.0,563568,python,python,unicode_compare
966020.0,563554,python,[JIT],0x000078c4e7c2fc62
965991.0,563554,python,[JIT],0x000078c4e7c499db
965963.0,563568,python,python,pattern_new_match
965962.0,563568,python,[JIT],0x000073d05e836206
965962.0,563568,python,[JIT],0x000073d05e843d0c
965959.0,563554,python,[JIT],0x000078c4e7c4da88
965930.0,563568,python,[JIT],0x000073d05e8297e4
965896.0,563590,python,[JIT],0x0000780ceb89b00f
965854.0,563554,python,[JIT],0x000078c4e7c63287
965835.0,563568,python,python,_PyObject_GenericGetAttrWithDict
965812.0,563554,python,python,object_get_class
965805.0,563602,python,[JIT],0x00007fe8c1a6cf26
965805.0,563590,python,[JIT],0x0000780ceb872385
965788.0,563568,python,[JIT],0x000073d05e81e23e
965700.0,563554,python,[JIT],0x000078c4e7c26e0c
965658.0,563554,python,[JIT],0x000078c4e7c31bd6
965655.0,563554,python,[JIT],0x000078c4e7c0f972
965650.0,563554,python,[JIT],0x000078c4e7c5609f
965637.0,563579,python,[JIT],0x000070d052399f59
965623.0,563554,python,[JIT],0x000078c4e7c492a4
965621.0,563554,python,[JIT],0x000078c4e7c3cb32
965612.0,563554,python,[JIT],0x000078c4e7c499a0
965587.0,563554,python,[JIT],0x000078c4e7c2fd68
965564.0,563554,python,[JIT],0x000078c4e7c38625
965541.0,563590,python,[JIT],0x0000780ceb88142a
965539.0,563554,python,[JIT],0x000078c4e7bdf65f
965539.0,563554,python,[JIT],0x000078c4e7c0f437
965530.0,563554,python,[JIT],0x000078c4e7c57cae
965523.0,563554,python,[JIT],0x000078c4e7c0c74e
965512.0,563554,python,[JIT],0x000078c4e82da125
965507.0,563554,python,[JIT],0x000078c4e7c349aa
965505.0,563554,python,[JIT],0x000078c4e7c3c5b8
965492.0,563554,python,[JIT],0x000078c4e7c557ed
965488.0,563602,python,[JIT],0x00007fe8c1a67779
965485.0,563554,python,[JIT],0x000078c4e7c4ae14
965456.0,563579,python,[JIT],0x000070d05238ad9e
965447.0,563554,python,[JIT],0x000078c4e7c1b38b
965446.0,563590,python,[JIT],0x0000780ceb872b32
965436.0,563554,python,[JIT],0x000078c4e7ecb2ef
965435.0,563554,python,[JIT],0x000078c4e7c49e9d
965427.0,563554,python,[JIT],0x000078c4e7bdbe28
965406.0,563547,python,[JIT],0x000076033c3e578d
965401.0,563579,python,[JIT],0x000070d05236602b
965393.0,563554,python,[JIT],0x000078c4e82da5b3
965391.0,563579,python,[JIT],0x000070d0523bd561
965379.0,563554,python,[JIT],0x000078c4e7bfc04c
965372.0,563547,python,[JIT],0x000076033d0ec5ee
965372.0,563554,python,[JIT],0x000078c4e7c1bb95
965360.0,563554,python,[JIT],0x000078c4e7c4de88
965355.0,563554,python,[JIT],0x000078c4e82da13a
965354.0,563554,python,[JIT],0x000078c4e7bdb2ba
965352.0,563554,python,[JIT],0x000078c4e7c0f04a
965344.0,563554,python,[JIT],0x000078c4e82dab3c
965329.0,563579,python,[JIT],0x000070d0523b21ac
965320.0,563554,python,[JIT],0x000078c4e7bfffee
965320.0,563554,python,[JIT],0x000078c4e7c3d6ea
965319.0,563602,python,[JIT],0x00007fe8c1a65104
965310.0,563579,python,[JIT],0x000070d05239c2ec
965289.0,563579,python,[JIT],0x000070d052374fd9
965279.0,563554,python,[JIT],0x000078c4e7c0db31
965277.0,563554,python,[JIT],0x000078c4e7c49ca4
965264.0,563579,python,[JIT],0x000070d05263c3b8
965263.0,563554,python,[JIT],0x000078c4e7c551ec
965262.0,563554,python,[JIT],0x000078c4e7c3012e
965230.0,563579,python,[JIT],0x000070d0523bc000
965221.0,563554,python,[JIT],0x000078c4e7c1c25b
965220.0,563590,python,[JIT],0x0000780ceb885000
965217.0,563554,python,[JIT],0x000078c4e7bfc417
965208.0,563602,python,[JIT],0x00007fe8c1a9e036
965207.0,563579,python,[JIT],0x000070d0523525b0
965199.0,563579,python,[JIT],0x000070d05236d8f9
965189.0,563602,python,python,method_get
965181.0,563554,python,[JIT],0x000078c4e8ded147
965179.0,563579,python,[JIT],0x000070d052369c8d
965170.0,563579,python,[JIT],0x000070d052384ae7
965168.0,563602,python,[JIT],0x00007fe8c1a321d3
965165.0,563554,python,[JIT],0x000078c4e7c382db
965153.0,563579,python,[JIT],0x000070d0526390c2
965148.0,563613,python,[JIT],0x000077640688726d
965138.0,563554,python,[JIT],0x000078c4e7c36550
965132.0,563579,python,[JIT],0x000070d052344e30
965128.0,563579,python,[JIT],0x000070d052c8806b
965115.0,563554,python,[JIT],0x000078c4e7bdb426
965113.0,563579,python,[JIT],0x000070d05237679d
965088.0,563602,python,[JIT],0x00007fe8c1a4c383
965079.0,563602,python,[JIT],0x00007fe8c1a71a9a
965038.0,563554,python,[JIT],0x000078c4e7c13cd9
965037.0,563554,python,[JIT],0x000078c4e7c0bf13
965010.0,563554,python,[JIT],0x000078c4e7c2d4c5
964991.0,563554,python,[JIT],0x000078c4e7c0c8f5
964989.0,563579,python,[JIT],0x000070d0523bed59
964977.0,563579,python,[JIT],0x000070d053567023
964942.0,563579,python,[JIT],0x000070d052377b71
964934.0,563554,python,[JIT],0x000078c4e82da5bc
964912.0,563579,python,[JIT],0x000070d05236db5e
964880.0,563554,python,[JIT],0x000078c4e82da2f8
964877.0,563590,python,[JIT],0x0000780ceb858051
964783.0,563554,python,[JIT],0x000078c4e7c0d0dd
964781.0,563590,python,[JIT],0x0000780ceb880e79
964770.0,563579,python,[JIT],0x000070d0523c8563
964767.0,563547,python,[JIT],0x000076033c4161b6
964740.0,563554,python,[JIT],0x000078c4e7c1a8ba
964613.0,563602,python,[JIT],0x00007fe8c1a9f039
964570.0,563554,python,[JIT],0x000078c4e82da7a8
964278.0,563590,python,python,PyList_New
964253.0,563613,python,[JIT],0x0000776405f92aaa
964121.0,563590,python,[JIT],0x0000780ceb8b4cf1
964094.0,563590,python,[JIT],0x0000780ceb8a7bc4
964004.0,563613,python,python,_Py_convert_optional_to_ssize_t
963747.0,563602,python,[JIT],0x00007fe8c1a8712d
963710.0,563554,python,[JIT],0x000078c4e7c1d06e
963705.0,563579,python,[JIT],0x000070d0523bc2b7
963703.0,563613,python,[JIT],0x0000776405f79c7f
963675.0,563579,python,[JIT],0x000070d0523bc662
963673.0,563590,python,[JIT],0x0000780ceb86f6aa
963470.0,563613,python,[JIT],0x0000776405f94602
963450.0,563547,python,[JIT],0x000076033c6915d9
963367.0,563602,python,[JIT],0x00007fe8c1a8822a
963352.0,563554,python,[JIT],0x000078c4e7ecd90f
963211.0,563613,python,[JIT],0x0000776405f6cbf3
963187.0,563579,python,[kernel.kallsyms],kick_ilb
963168.0,563579,python,[JIT],0x000070d05238bca3
963108.0,563590,python,python,method_dealloc
963010.0,563602,python,[JIT],0x00007fe8c1a8c1df
962933.0,563554,python,[JIT],0x000078c4e7be8c6c
962899.0,563547,python,[JIT],0x000076033c415b60
962594.0,563547,python,[JIT],0x000076033c3a6b62
962562.0,563554,python,[JIT],0x000078c4e82da22a
962543.0,563547,python,[JIT],0x000076033c4120a0
962464.0,563547,python,[JIT],0x000076033c3c9a6b
962426.0,563579,python,[JIT],0x000070d0523c1131
962418.0,563554,python,[JIT],0x000078c4e7c13736
962405.0,563590,python,[JIT],0x0000780ceb89abe0
962383.0,563590,python,[JIT],0x0000780cec52189e
962315.0,563602,python,[JIT],0x00007fe8c1aa14ec
962227.0,563602,python,[JIT],0x00007fe8c1a8af44
962193.0,563547,python,[JIT],0x000076033c3fc3f2
962177.0,563547,python,[JIT],0x000076033c3fd7cc
962093.0,563547,python,[JIT],0x000076033c3cf0d2
961995.0,563554,python,[JIT],0x000078c4e7c4aca7
961908.0,563590,python,[JIT],0x0000780ceb89c359
961840.0,563554,python,[JIT],0x000078c4e7c57380
961732.0,563554,python,[JIT],0x000078c4e7bfe413
961665.0,563602,python,[JIT],0x00007fe8c1aa179f
961615.0,563590,python,[JIT],0x0000780ceb8a6151
961167.0,563590,python,[JIT],0x0000780ceb89b65b
961122.0,563602,python,[JIT],0x00007fe8c1a90dd7
960719.0,563602,python,[kernel.kallsyms],syscall_return_via_sysret
960679.0,563579,python,[JIT],0x000070d05238453b
960608.0,563579,python,[JIT],0x000070d05356519f
960590.0,563547,python,[JIT],0x000076033c3e5241
960026.0,563554,python,[JIT],0x000078c4e7c13bf1
959796.0,563547,python,[JIT],0x000076033c411170
959693.0,563547,python,[JIT],0x000076033c3e9d57
959464.0,563547,python,[JIT],0x000076033c3cf4a9
959224.0,563554,python,[JIT],0x000078c4e7c4b59b
959031.0,563547,python,[JIT],0x000076033c3e78f2
958951.0,563613,python,[JIT],0x0000776405f97627
958834.0,563554,python,[JIT],0x000078c4e7c1b35a
958777.0,563547,python,[JIT],0x000076033c3e806e
958500.0,563590,python,python,long_neg_method
958448.0,563579,python,python,long_vectorcall
958438.0,563579,python,[JIT],0x000070d052378256
958402.0,563602,python,[kernel.kallsyms],timekeeping_adjust.constprop.0
958364.0,563554,python,[JIT],0x000078c4e7c38048
958341.0,563613,python,[JIT],0x0000776406669db6
958325.0,563547,python,[JIT],0x000076033c3c1f2d
958292.0,563590,python,[JIT],0x0000780ceb89c9ec
958214.0,563554,python,[JIT],0x000078c4e7c4da53
958127.0,563579,python,[JIT],0x000070d0523bee58
957970.0,563554,python,[JIT],0x000078c4e7c4d0dc
957872.0,563554,python,[JIT],0x000078c4e7c4ad30
957701.0,563547,python,[JIT],0x000076033c3a890a
957701.0,563590,python,[JIT],0x0000780ceb83216a
957485.0,563547,python,[JIT],0x000076033c412c96
957126.0,563613,python,[JIT],0x0000776405f7185a
956793.0,563602,python,[JIT],0x00007fe8c1a7b342
956681.0,563602,python,[JIT],0x00007fe8c1a75bee
956574.0,563590,python,[JIT],0x0000780ceb88da07
956267.0,563590,python,[JIT],0x0000780ceb8805a9
956129.0,563602,python,[JIT],0x00007fe8c1a84cfa
955967.0,563590,python,[JIT],0x0000780ceb881b8f
955600.0,563579,python,python,_list_extend
955452.0,563613,python,[JIT],0x0000776405fa5cc4
955268.0,563613,python,[JIT],0x0000776405f88aa1
954937.0,563554,python,[JIT],0x000078c4e7c4a236
954913.0,563613,python,[JIT],0x0000776405f9f922
954537.0,563554,python,[JIT],0x000078c4e7bfcffe
954466.0,563590,python,[JIT],0x0000780ceb88d8a1
954448.0,563590,python,[JIT],0x0000780ceb891853
953589.0,563547,python,[kernel.kallsyms],native_irq_return_iret
953262.0,563613,python,[JIT],0x0000776405f9f40d
952989.0,563602,python,[JIT],0x00007fe8c1a84fbf
952945.0,563613,python,[JIT],0x00007764066699d5
952654.0,563554,python,[JIT],0x000078c4e7bfd2a2
952336.0,563602,python,[JIT],0x00007fe8c1a64ada
952063.0,563579,python,[JIT],0x000070d0523bdfdc
951940.0,563547,python,[JIT],0x000076033c3c9adf
951867.0,563602,python,[JIT],0x00007fe8c1a4a000
951277.0,563547,python,[JIT],0x000076033c3f9540
951180.0,563554,python,[JIT],0x000078c4e7bf6297
951110.0,563602,python,[JIT],0x00007fe8c1a91b07
951105.0,563602,python,[JIT],0x00007fe8c274c4f9
951019.0,563547,python,[JIT],0x000076033c416163
950496.0,563579,python,[JIT],0x000070d0523c0b83
949880.0,563547,python,[JIT],0x000076033c3f781f
949114.0,563579,python,python,_PyDict_SetItem_Take2
949078.0,563554,python,[JIT],0x000078c4e7beb933
948674.0,563554,python,[JIT],0x000078c4e7c2fee9
948630.0,563554,python,[JIT],0x000078c4e7c1e3b1
948403.0,563613,python,[JIT],0x0000776405f73a37
948039.0,563579,python,[JIT],0x000070d0523ca380
947818.0,563554,python,[JIT],0x000078c4e7c4946e
946615.0,563554,python,[JIT],0x000078c4e7c3dc5f
946319.0,563590,python,[JIT],0x0000780ceb890b3e
945950.0,563602,python,python,long_pow
944982.0,563554,python,[JIT],0x000078c4e7c1bf2f
944964.0,563613,python,[JIT],0x0000776405f9a831
944762.0,563590,python,[JIT],0x0000780cec5470d3
944676.0,563554,python,[JIT],0x000078c4e7c3243d
944660.0,563602,python,[JIT],0x00007fe8c1a84592
944386.0,563547,python,[JIT],0x000076033c404f6f
943296.0,563602,python,[JIT],0x00007fe8c1a71b8d
942614.0,563554,python,[JIT],0x000078c4e7c2fe10
942167.0,563590,python,[JIT],0x0000780ceb88dc13
941896.0,563579,python,[JIT],0x000070d0523820fa
940800.0,563554,python,[JIT],0x000078c4e7bdc3f6
940673.0,563590,python,[JIT],0x0000780ceb8808c7
940398.0,563579,python,[JIT],0x000070d0526398d8
939516.0,563602,python,[JIT],0x00007fe8c1a64289
938838.0,563554,python,[JIT],0x000078c4e7c38ad2
938621.0,563613,python,[JIT],0x0000776405fb0edc
938589.0,563547,python,[JIT],0x000076033d0ec4d9
937109.0,563554,python,[JIT],0x000078c4e7c42a70
932106.0,563613,python,[JIT],0x0000776405fb997b
931967.0,563547,python,python,_PyMem_RawMalloc
928619.0,563602,python,[JIT],0x00007fe8c1a72457
926374.0,563547,python,[JIT],0x000076033c40528c
926281.0,563590,python,[JIT],0x0000780ceb86d073
925599.0,563602,python,python,method_dealloc
923156.0,563579,python,[JIT],0x000070d052366e58
920324.0,563602,python,[JIT],0x00007fe8c1a7d135
918676.0,563554,python,[JIT],0x000078c4e7c2e000
918355.0,563613,python,[JIT],0x0000776405fb0a88
917607.0,563554,python,[JIT],0x000078c4e7c56aef
914673.0,563613,python,[JIT],0x0000776405faf7af
913006.0,563554,python,[JIT],0x000078c4e82da110
911844.0,563554,python,[JIT],0x000078c4e7c320e1
910845.0,563613,python,[JIT],0x0000776405f4f764
908683.0,563613,python,[JIT],0x0000776405f973ec
907808.0,563579,python,[JIT],0x000070d0523bc905
904130.0,563547,python,[JIT],0x000076033c3fc867
904079.0,563613,python,[JIT],0x0000776405fb1075
903229.0,563613,python,[JIT],0x0000776405f82dda
902592.0,563602,python,[JIT],0x00007fe8c1a7d614
901855.0,563579,python,[JIT],0x000070d0523bec58
901149.0,563547,python,[JIT],0x000076033c6905bf
900216.0,563547,python,[JIT],0x000076033c3f94e0
899573.0,563590,python,[JIT],0x0000780ceb885ef1
897369.0,563554,python,[JIT],0x000078c4e7c35e3c
896869.0,563613,python,[JIT],0x0000776405fb8f30
896242.0,563590,python,[JIT],0x0000780ceb868c0a
896239.0,563554,python,[JIT],0x000078c4e7be866e
893643.0,563602,python,python,slot_nb_add
892009.0,563568,python,python,PyMem_Realloc
888377.0,563547,python,[JIT],0x000076033c41d000
887914.0,563547,python,[JIT],0x000076033c3e70d6
885369.0,563547,python,[JIT],0x000076033c3e0396
882104.0,563590,python,python,_PyStaticType_GetState
880855.0,563602,python,[JIT],0x00007fe8c1a7ddb5
879734.0,563590,python,[JIT],0x0000780ceb88ee89
879664.0,563547,python,[JIT],0x000076033d41318b
879253.0,563554,python,[JIT],0x000078c4e7c1d8ac
875243.0,563547,python,[JIT],0x000076033c3f925c
871958.0,563554,python,[kernel.kallsyms],irqentry_exit_to_user_mode
870750.0,563602,python,[JIT],0x00007fe8c1a75a68
870155.0,563547,python,[JIT],0x000076033c3cf0cb
865816.0,563554,python,[JIT],0x000078c4e7c3c60e
864961.0,563579,python,[JIT],0x000070d05239bf2b
860708.0,563579,python,[JIT],0x000070d0523bc941
852140.0,563602,python,[JIT],0x00007fe8c1a4b508
849523.0,563554,python,[JIT],0x000078c4e7c3fafd
848974.0,563602,python,[JIT],0x00007fe8c1a3e000
847047.0,563613,python,[JIT],0x0000776405f97e74
846952.0,563590,python,[JIT],0x0000780ceb8717ab
846214.0,563613,python,[JIT],0x0000776405f7bb04
846119.0,563579,python,[JIT],0x000070d0523b07be
844056.0,563602,python,[JIT],0x00007fe8c1d1c633
843832.0,563613,python,[JIT],0x0000776405f64b64
842837.0,563613,python,[JIT],0x0000776405f80376
842783.0,563579,python,[JIT],0x000070d0523c8fcf
841767.0,563602,python,python,cfunction_vectorcall_FASTCALL_KEYWORDS_METHOD
841570.0,563547,python,[JIT],0x000076033c404973
839247.0,563579,python,[JIT],0x000070d05274d696
838487.0,563554,python,[JIT],0x000078c4e7c0d377
836411.0,563547,python,[JIT],0x000076033c3f8a70
836257.0,563554,python,[JIT],0x000078c4e7bff69e
835330.0,563554,python,[JIT],0x000078c4e7c553c1
833559.0,563613,python,[JIT],0x0000776405f82e24
830633.0,563602,python,[JIT],0x00007fe8c1a66d11
829340.0,563554,python,[JIT],0x000078c4e7c0e957
826867.0,563547,python,[JIT],0x000076033c4123db
813244.0,563590,python,[JIT],0x0000780ceb8ac4f8
804303.0,563613,python,python,_PyObject_VectorcallPrepend
797916.0,563602,python,[JIT],0x00007fe8c1d1d756
787073.0,563613,python,[JIT],0x0000776406887266
782235.0,563547,python,[JIT],0x000076033c3e99bb
778667.0,563547,python,[JIT],0x000076033c3e906e
770050.0,563613,python,python,_PyUnicodeWriter_WriteStr
758881.0,563547,python,[JIT],0x000076033c40bd97
748974.0,563554,python,python,sre_ucs1_count
748561.0,563613,python,[JIT],0x0000776405f88f88
731357.0,563613,python,python,_PyList_FromStackRefStealOnSuccess
710869.0,563602,python,[JIT],0x00007fe8c1a9dc46
596653.0,563547,python,python,PyMember_GetOne
593813.0,563554,python,python,PyObject_GetItem
593412.0,563602,python,python,tupleiter_next
503057.0,563579,python,[JIT],0x000070d05239ae8d
426805.0,563547,python,[kernel.kallsyms],syscall_return_via_sysret
424331.0,563554,python,[kernel.kallsyms],__irqentry_text_end
423841.0,563554,python,[kernel.kallsyms],rep_movs_alternative
423505.0,563602,python,[kernel.kallsyms],handle_mm_fault
422227.0,563590,python,[kernel.kallsyms],rep_movs_alternative
422027.0,563590,python,python,_io__Buffered_closed_get
418270.0,563568,python,[kernel.kallsyms],vma_alloc_folio
389055.0,563579,python,[kernel.kallsyms],rep_movs_alternative
124999.0,563579,python,python,deque_append
124999.0,563613,python,python,_PyObject_TryGetInstanceAttribute
124999.0,563568,python,python,_Py_Specialize_LoadAttr
124999.0,563554,python,python,dictiter_iternextvalue
124999.0,563554,python,python,_Py_Specialize_Call
124999.0,563554,python,libc.so.6,__memmove_avx_unaligned_erms
114385.0,563602,python,python,replace
111320.0,563579,python,python,Py_GetConstant
